hotspot_id,incident_count,center_latitude,center_longitude,first_incident,latest_incident,active_years,most_common_weekday,most_common_hour,most_common_time_period,most_common_description,incident_count_rank
0,1239,51.04900895472467,-114.01926523218441,2016-12-06 14:36:00-07:00,2026-09-25 22:22:08-06:00,11,Friday,17,Evening Rush,Two vehicle incident.,1
13,871,50.993938773448825,-114.03968623872078,2016-12-07 11:40:00-07:00,2026-09-26 16:07:22-06:00,11,Friday,17,Evening Rush,Two vehicle incident.,2
6,784,51.06725525121173,-114.0277029112245,2016-12-06 22:48:00-07:00,2026-09-13 22:58:00-06:00,11,Friday,16,Evening Rush,Two vehicle incident.,3
33,676,50.99589523157991,-114.10059303712545,2016-12-08 19:14:00-07:00,2026-09-24 14:51:34-06:00,11,Friday,15,Midday,Traffic incident.,4
8,427,51.11087992585667,-114.04799526797363,2016-12-07 08:25:00-07:00,2026-09-27 12:20:41-06:00,11,Wednesday,17,Evening Rush,Two vehicle incident.,5
126,390,50.99965764561087,-114.11523644160323,2016-12-17 14:05:00-07:00,2026-09-26 15:23:25-06:00,11,Friday,16,Evening Rush,Traffic incident.,6
133,382,50.9987637843844,-114.03309293367401,2016-12-19 15:14:00-07:00,2026-09-27 15:13:06-06:00,11,Thursday,14,Midday,Traffic incident. Blocking the right lane,7
94,319,51.00855335479624,-114.0193926090909,2016-12-14 10:18:00-07:00,2026-09-02 08:56:00-06:00,11,Friday,9,Midday,Traffic incident. Blocking the right lane,8
34,309,50.99429559734628,-114.07066302038835,2016-12-08 22:05:00-07:00,2026-09-15 17:46:00-06:00,11,Friday,17,Evening Rush,Two vehicle incident. Blocking the right lane,9
66,273,51.050466328388275,-114.04993308864469,2016-12-10 18:35:00-07:00,2026-09-16 12:56:00-06:00,11,Monday,7,Evening Rush,Traffic incident. Blocking the right lane,10
72,265,50.99392652525271,-114.05754185692948,2016-12-11 02:57:00-07:00,2026-09-18 18:37:59-06:00,11,Friday,16,Evening Rush,Traffic incident. Blocking the right lane,11
185,260,51.1022890194615,-114.0451259626393,2016-12-14 07:42:00-07:00,2026-09-25 06:56:10-06:00,11,Thursday,17,Evening Rush,Multi-vehicle incident. Blocking the right lane,12
104,247,51.08662284465587,-114.03806209473683,2016-12-15 13:03:00-07:00,2026-09-08 07:09:00-06:00,11,Thursday,16,Evening Rush,Two vehicle incident.,13
85,243,51.066988452333746,-114.01377501476931,2016-12-12 12:03:00-07:00,2026-09-24 07:02:28-06:00,11,Thursday,16,Evening Rush,Traffic incident. Blocking the right lane,14
105,238,51.05303294466387,-114.16486463487395,2016-12-15 13:07:00-07:00,2026-09-10 12:37:00-06:00,11,Tuesday,17,Evening Rush,Two vehicle incident.,15
55,224,51.03703606966496,-114.00926913153407,2016-12-10 09:00:00-07:00,2026-09-25 16:55:27-06:00,11,Friday,17,Evening Rush,Traffic incident. Blocking the right lane,16
351,214,51.04106531037084,-114.00743136110397,2017-04-19 18:08:00-06:00,2026-09-21 18:06:45-06:00,10,Friday,7,Morning Rush,Traffic incident. Blocking the left lane,17
238,201,51.09613960323382,-114.04781212338308,2017-03-06 17:17:00-07:00,2026-09-18 08:03:00-06:00,10,Thursday,17,Evening Rush,Two vehicle incident.,18
17,194,50.95249702154639,-114.02049814742269,2016-12-07 17:51:00-07:00,2026-09-13 13:12:00-06:00,11,Thursday,17,Evening Rush,Traffic incident.,19
257,193,51.015105014093265,-114.00292214611399,2017-03-10 09:22:00-07:00,2026-09-15 10:09:00-06:00,10,Tuesday,7,Morning Rush,Two vehicle incident.,20
541,189,51.081541306772486,-114.03366737354497,2017-10-03 12:35:00-06:00,2026-08-28 14:52:00-06:00,10,Friday,14,Midday,Traffic incident.,21
10,177,51.001016945367226,-114.12106994576271,2016-12-07 09:21:00-07:00,2026-02-20 06:37:00-07:00,11,Friday,16,Evening Rush,Two vehicle incident.,22
216,174,51.03681949397287,-114.00416427651079,2017-02-27 14:43:00-07:00,2026-09-25 11:29:35-06:00,10,Friday,16,Evening Rush,Traffic incident. Blocking the right lane,23
70,169,50.970588049053255,-114.0363353781065,2016-12-10 20:47:00-07:00,2026-07-23 12:34:00-06:00,11,Friday,17,Evening Rush,Two vehicle incident.,24
68,168,51.07451663815476,-114.11893160595238,2016-12-10 18:50:00-07:00,2026-09-06 09:58:00-06:00,11,Friday,16,Evening Rush,Two vehicle incident. Blocking the right lane,25
97,167,51.05200196052712,-114.11807202402773,2016-12-14 14:42:00-07:00,2026-09-21 21:06:05-06:00,11,Wednesday,13,Midday,Two vehicle incident.,26
69,158,51.037907505886075,-114.11280453734177,2016-12-10 19:03:00-07:00,2026-06-20 04:16:00-06:00,11,Wednesday,7,Morning Rush,Traffic incident.,27
474,156,51.00363531397436,-114.11807443076923,2017-07-02 03:13:00-06:00,2026-07-12 19:15:00-06:00,10,Tuesday,15,Evening Rush,Two vehicle incident.,28
29,156,50.99451421980769,-114.0836282301282,2016-12-08 16:38:00-07:00,2026-08-29 14:03:00-06:00,11,Tuesday,16,Midday,Two vehicle incident.,28
165,145,50.994546040413795,-114.07681745931035,2017-02-13 14:26:00-07:00,2026-09-06 22:48:00-06:00,10,Tuesday,19,Midday,Two vehicle incident.,29
25,139,51.122171035251796,-114.04611201366906,2016-12-08 08:58:00-07:00,2026-08-02 17:11:00-06:00,11,Thursday,7,Morning Rush,Traffic incident.,30
326,138,51.057275170507246,-114.1182211289855,2017-04-07 16:08:00-06:00,2026-09-10 16:22:00-06:00,10,Friday,15,Evening Rush,Traffic incident.,31
585,135,51.06051347444444,-114.02465279777778,2017-12-22 16:09:00-07:00,2026-09-11 16:47:00-06:00,10,Wednesday,17,Evening Rush,Traffic incident. Blocking the right lane,32
407,131,51.08153270956695,-113.95869836457419,2017-05-20 02:31:00-06:00,2026-09-27 19:55:25-06:00,10,Wednesday,15,Evening Rush,Two vehicle incident.,33
21,131,51.01497046984733,-114.00526314809161,2016-12-08 06:04:00-07:00,2025-10-10 09:30:00-06:00,10,Friday,17,Evening Rush,Single vehicle incident.,33
355,127,51.09596332519685,-114.05391527244095,2017-04-21 15:20:00-06:00,2026-09-16 08:54:00-06:00,10,Wednesday,16,Evening Rush,Traffic incident.,34
604,125,51.13263775656,-113.97051087919999,2018-02-12 07:23:00-07:00,2026-08-31 21:49:00-06:00,9,Tuesday,17,Evening Rush,Traffic incident.,35
24,124,51.1761233226613,-114.01540553306452,2016-12-08 08:24:00-07:00,2026-08-15 00:07:00-06:00,11,Saturday,17,Morning Rush,Single vehicle incident.,36
173,122,51.011077548114756,-114.00912821967214,2017-02-14 16:50:00-07:00,2026-09-03 09:57:00-06:00,10,Thursday,16,Evening Rush,Traffic incident. Blocking the right lane,37
89,121,51.01807414834711,-114.16656302561984,2016-12-12 17:11:00-07:00,2026-06-21 17:18:00-06:00,11,Monday,14,Midday,Two vehicle incident.,38
106,121,51.06707005429752,-113.98921421818181,2016-12-15 16:41:00-07:00,2026-09-16 15:34:00-06:00,11,Friday,15,Evening Rush,Two vehicle incident.,38
278,119,50.979621931517556,-114.07200280316135,2017-03-15 18:45:00-06:00,2026-09-26 13:14:08-06:00,10,Tuesday,14,Midday,Two vehicle incident.,39
60,119,50.99397287699042,-114.06369766185999,2016-12-10 14:25:00-07:00,2026-09-26 15:37:30-06:00,11,Friday,16,Evening Rush,Traffic incident.,39
205,118,51.11068290254237,-113.94721910254236,2017-02-24 06:19:00-07:00,2026-08-10 17:34:00-06:00,10,Tuesday,17,Evening Rush,Two vehicle incident.,40
362,118,51.09602201576271,-114.0336513398305,2017-04-24 09:21:00-06:00,2026-08-27 07:33:00-06:00,10,Monday,14,Midday,Traffic incident.,40
371,117,51.147185926666666,-113.97031425299146,2017-04-27 21:45:00-06:00,2026-09-13 19:10:00-06:00,10,Monday,16,Evening Rush,Traffic incident.,41
633,117,51.01300260611248,-114.00679897184854,2018-08-20 15:55:00-06:00,2026-09-25 18:36:08-06:00,9,Thursday,16,Evening Rush,Traffic incident.,41
469,114,51.085876927907194,-113.95857007060764,2017-06-29 16:03:00-06:00,2026-09-27 20:15:28-06:00,10,Wednesday,16,Evening Rush,Traffic incident.,42
304,113,51.09580818619469,-113.95842763805311,2017-03-25 13:18:00-06:00,2026-09-13 20:35:00-06:00,10,Wednesday,11,Evening Rush,Two vehicle incident.,43
496,113,51.06768236300885,-113.98175290353983,2017-07-21 17:41:00-06:00,2026-08-27 12:25:00-06:00,10,Saturday,16,Evening Rush,Traffic incident. Blocking the left lane,43
28,112,51.06688985294554,-114.05613797989714,2016-12-08 15:42:00-07:00,2026-09-24 23:21:36-06:00,11,Friday,21,Evening,Two vehicle incident. Blocking the right lane,44
642,111,51.13259317351351,-113.94719598828829,2018-11-23 13:20:00-07:00,2026-09-15 06:35:00-06:00,9,Wednesday,18,Evening,Traffic incident.,45
297,111,51.09587994234234,-114.07154640270271,2017-03-21 23:20:00-06:00,2026-09-16 08:54:00-06:00,10,Friday,18,Evening Rush,Traffic incident.,45
163,111,51.0716503718018,-113.95848181441441,2017-02-12 13:46:00-07:00,2026-09-07 15:14:00-06:00,10,Tuesday,17,Evening,Traffic incident.,45
141,108,50.939458724907404,-114.06945225185184,2017-02-08 10:21:00-07:00,2026-08-29 11:07:00-06:00,10,Saturday,14,Midday,Two vehicle incident. Blocking the right lane,46
143,108,51.052100105370364,-113.98215810092591,2017-02-08 22:19:00-07:00,2026-08-05 21:15:00-06:00,10,Saturday,17,Evening Rush,Two vehicle incident.,46
529,108,51.022689622685185,-114.0013160712963,2017-09-10 19:48:00-06:00,2026-08-27 15:30:00-06:00,10,Tuesday,15,Evening Rush,Traffic incident. Blocking the right lane,46
309,106,51.03789038613208,-113.92949787924529,2017-03-28 23:36:00-06:00,2026-09-01 08:51:00-06:00,10,Wednesday,16,Evening Rush,Traffic incident.,47
131,105,51.09988716066667,-113.95843206857143,2016-12-19 14:06:00-07:00,2026-08-07 21:21:00-06:00,11,Thursday,14,Evening,Traffic incident. Blocking the right lane,48
523,105,51.066721507428575,-114.0625350847619,2017-09-01 14:13:00-06:00,2026-09-10 08:59:00-06:00,10,Tuesday,16,Evening Rush,Two vehicle incident. Blocking the right lane,48
242,103,51.078199302718446,-114.03043164174757,2017-03-07 17:58:00-07:00,2025-11-26 07:42:00-07:00,9,Wednesday,17,Evening Rush,Traffic incident. Blocking the right lane,49
431,102,51.08157843401519,-114.0299133330645,2017-06-06 18:08:00-06:00,2026-09-18 19:56:13-06:00,10,Wednesday,15,Midday,Two vehicle incident.,50
111,101,51.06698554762376,-114.09583497623763,2016-12-15 21:31:00-07:00,2026-08-18 15:24:00-06:00,11,Friday,15,Evening Rush,Two vehicle incident.,51
75,100,51.0533169739,-113.95595121000001,2016-12-11 17:20:00-07:00,2026-09-14 18:58:00-06:00,11,Saturday,18,Evening Rush,Two vehicle incident.,52
237,98,50.999033325000006,-113.95871047346938,2017-03-06 10:26:00-07:00,2026-08-27 14:15:00-06:00,10,Monday,7,Morning Rush,Traffic incident.,53
195,95,51.15414472221053,-113.97087726631578,2017-02-21 17:15:00-07:00,2026-07-12 17:52:00-06:00,10,Monday,18,Evening Rush,Two vehicle incident.,54
14,95,51.15179053378947,-114.17034090947368,2016-12-07 13:26:00-07:00,2026-09-16 09:06:00-06:00,11,Friday,17,Midday,Traffic incident.,54
113,93,50.94833208655914,-114.03392370430107,2016-12-15 23:21:00-07:00,2026-08-29 16:45:00-06:00,11,Saturday,7,Evening Rush,Single vehicle incident.,55
322,93,51.081486976774194,-113.98199346559139,2017-04-04 11:45:00-06:00,2026-08-12 17:50:00-06:00,10,Sunday,13,Midday,Two vehicle incident.,55
336,92,51.142416011766954,-114.06940082358783,2017-04-11 22:39:00-06:00,2026-09-23 15:03:34-06:00,10,Monday,17,Evening Rush,Traffic incident.,56
124,91,51.12765671444099,-114.05351389526496,2016-12-17 09:13:00-07:00,2026-09-26 00:45:02-06:00,11,Saturday,13,Midday,Traffic incident.,57
568,90,51.09648419244444,-114.04138239111111,2016-12-07 19:36:00-07:00,2026-05-01 15:20:00-06:00,11,Thursday,17,Evening Rush,Two vehicle incident. Blocking the right lane,58
203,90,51.05244740311111,-113.93543516666666,2017-02-23 19:25:00-07:00,2026-05-11 15:10:00-06:00,10,Friday,17,Evening,Traffic incident.,58
150,90,50.96491406911111,-114.07170940333334,2017-02-10 01:35:00-07:00,2026-08-15 16:14:00-06:00,10,Wednesday,8,Midday,Two vehicle incident. Blocking the right lane,58
83,88,50.93143721738636,-114.06914339090909,2016-12-12 11:22:00-07:00,2026-08-28 18:00:00-06:00,11,Thursday,8,Morning Rush,Single vehicle incident.,59
199,88,51.037793164318174,-113.9816854625,2017-02-22 18:51:00-07:00,2026-08-25 19:16:00-06:00,10,Monday,15,Evening Rush,Traffic incident.,59
16,88,50.950558839772725,-113.95846557499999,2016-12-07 17:26:00-07:00,2026-07-21 22:36:00-06:00,11,Wednesday,8,Morning Rush,Two vehicle incident.,59
222,86,51.03050116395348,-114.0596281372093,2017-03-01 09:54:00-07:00,2026-09-09 16:32:00-06:00,10,Monday,16,Evening Rush,Two vehicle incident.,60
345,85,51.048932259058816,-113.99161898588234,2017-04-14 03:48:00-06:00,2026-08-24 10:01:00-06:00,10,Friday,16,Evening Rush,Traffic incident.,61
112,85,51.048242822,-114.03219439529413,2016-12-15 23:15:00-07:00,2026-08-17 19:18:00-06:00,11,Friday,19,Evening Rush,Two vehicle incident.,61
207,84,51.03807649428572,-114.09468810714286,2017-02-24 09:37:00-07:00,2026-09-01 17:20:00-06:00,10,Wednesday,13,Midday,Traffic incident.,62
425,84,51.04860253575298,-114.05544741862774,2017-06-03 20:59:00-06:00,2026-09-22 12:46:55-06:00,10,Thursday,16,Evening Rush,Two vehicle incident. Blocking the right lane,62
183,83,51.00874769301205,-114.00183805421686,2017-02-17 14:18:00-07:00,2026-08-03 20:08:00-06:00,10,Wednesday,16,Evening Rush,Traffic incident. Blocking the right lane,63
15,82,51.04608478148402,-114.11445167539489,2016-12-07 15:44:00-07:00,2026-09-22 09:08:57-06:00,11,Wednesday,16,Midday,Traffic incident.,64
32,81,51.067083645925926,-113.96332454197533,2016-12-08 17:31:00-07:00,2026-09-15 20:34:00-06:00,11,Thursday,8,Evening Rush,Two vehicle incident.,65
31,81,50.94829335851186,-114.04414006191652,2016-12-08 16:53:00-07:00,2026-09-23 13:27:47-06:00,11,Friday,17,Evening Rush,Traffic incident.,65
196,80,50.997723562774254,-114.07164566791425,2017-02-21 21:22:00-07:00,2026-09-24 00:13:34-06:00,10,Saturday,13,Evening Rush,Two vehicle incident.,66
232,80,51.09143198975,-113.9586302375,2017-03-04 23:00:00-07:00,2026-08-28 19:30:00-06:00,10,Wednesday,16,Evening Rush,Traffic incident.,66
480,80,51.08894444075,-114.03884615625,2017-03-19 07:40:00-06:00,2026-08-19 20:07:00-06:00,10,Tuesday,14,Evening Rush,Traffic incident. Blocking the right lane,66
56,79,51.100202730632915,-114.15277065949367,2016-12-10 10:05:00-07:00,2026-09-01 15:55:00-06:00,11,Wednesday,13,Midday,Two vehicle incident.,67
74,78,51.03791560884949,-113.95850128070794,2016-12-11 17:06:00-07:00,2026-09-20 00:03:30-06:00,11,Saturday,15,Evening Rush,Two vehicle incident. Blocking the right lane,68
226,78,51.06692727782052,-114.10633949358973,2017-03-02 13:59:00-07:00,2026-05-14 15:21:00-06:00,10,Thursday,13,Evening Rush,Traffic incident.,68
475,78,51.15316352435897,-114.06686523076922,2017-07-03 15:36:00-06:00,2026-09-03 18:21:00-06:00,10,Thursday,12,Evening Rush,Traffic incident.,68
364,78,51.11062652538461,-114.06264531410258,2017-04-24 19:13:00-06:00,2026-09-16 06:24:00-06:00,10,Tuesday,15,Evening Rush,Traffic incident.,68
180,78,50.96101380910257,-114.07203488461538,2017-02-16 16:30:00-07:00,2026-05-08 09:33:00-06:00,10,Saturday,17,Evening Rush,Traffic incident.,68
48,77,50.95051526272727,-113.98173363636363,2016-12-09 18:04:00-07:00,2026-08-30 13:57:00-06:00,11,Tuesday,16,Evening Rush,Two vehicle incident.,69
220,77,51.153616584025976,-114.10599744285715,2017-02-28 19:12:00-07:00,2026-07-02 19:42:00-06:00,10,Wednesday,19,Evening Rush,Traffic incident.,69
176,77,51.01535418324676,-113.99932484285715,2017-02-15 07:46:00-07:00,2026-08-25 22:28:00-06:00,10,Wednesday,17,Evening Rush,Two vehicle incident.,69
404,76,51.07341902644737,-114.00187150000001,2017-05-19 18:22:00-06:00,2026-08-06 14:03:00-06:00,10,Friday,16,Midday,Traffic incident.,70
348,76,51.15113574539473,-114.02316527894737,2017-04-17 01:14:00-06:00,2026-08-25 18:16:00-06:00,10,Wednesday,7,Morning Rush,Single vehicle incident.,70
65,75,50.9319654096,-113.97892370133333,2016-12-10 18:18:00-07:00,2026-08-19 10:45:00-06:00,10,Wednesday,9,Evening Rush,Single vehicle incident.,71
132,75,51.06218435346667,-113.958542464,2016-12-19 14:22:00-07:00,2026-09-08 20:17:00-06:00,11,Saturday,19,Evening,Two vehicle incident.,71
46,75,51.11990425253334,-114.20289298266667,2016-12-09 17:38:00-07:00,2026-07-17 11:28:00-06:00,11,Wednesday,19,Midday,Two vehicle incident.,71
26,75,51.141599770266666,-114.03838887999999,2016-12-08 09:00:00-07:00,2026-09-15 21:04:00-06:00,11,Monday,20,Evening,Traffic incident.,71
291,74,51.07146276756757,-113.98177352567568,2017-03-19 11:00:00-06:00,2026-08-27 15:33:00-06:00,10,Friday,13,Midday,Two vehicle incident.,72
573,74,50.95795554081081,-114.02979967837837,2017-11-30 13:53:00-07:00,2026-09-08 07:43:00-06:00,10,Friday,7,Morning Rush,Traffic incident.,72
416,73,51.03784373706082,-113.91205696283396,2017-05-25 08:52:00-06:00,2026-09-18 19:46:05-06:00,10,Monday,17,Midday,Traffic incident.,73
482,73,50.97918428232877,-113.98169468219177,2017-07-07 16:52:00-06:00,2026-02-06 16:45:00-07:00,10,Friday,17,Evening Rush,Traffic incident.,73
37,72,51.00554697111111,-114.02839890138888,2016-12-08 22:55:00-07:00,2026-08-24 18:09:00-06:00,11,Thursday,13,Evening Rush,Traffic incident. Blocking the right lane,74
441,72,50.90530131458333,-114.09924664166667,2017-06-10 16:09:00-06:00,2026-09-15 12:10:00-06:00,10,Tuesday,21,Evening Rush,Traffic incident.,74
255,72,51.15439316472222,-114.02829115972223,2017-03-10 08:07:00-07:00,2026-07-13 04:51:00-06:00,10,Monday,8,Midday,Traffic incident. Blocking the right lane,74
306,72,51.04420914375,-114.09461120416667,2017-03-25 20:44:00-06:00,2026-05-16 09:02:00-06:00,10,Thursday,10,Evening,Traffic incident.,74
41,71,51.03756297760563,-114.01796092535211,2016-12-09 10:35:00-07:00,2026-08-24 06:12:00-06:00,11,Friday,10,Midday,Two vehicle incident.,75
114,71,50.89832135915493,-113.98662072676056,2016-12-16 06:13:00-07:00,2026-08-13 17:10:00-06:00,11,Tuesday,9,Morning Rush,Single vehicle incident.,75
436,71,51.09637215042254,-113.92643063943662,2017-06-08 08:48:00-06:00,2026-08-29 21:13:00-06:00,10,Thursday,16,Evening Rush,Single vehicle incident.,75
626,70,51.06701614142857,-113.93528113857143,2018-07-17 16:27:00-06:00,2026-08-11 12:18:00-06:00,9,Tuesday,16,Evening Rush,Traffic incident.,76
339,70,51.001384494285716,-114.07169380428572,2017-04-12 15:25:00-06:00,2026-07-22 01:16:00-06:00,10,Thursday,18,Evening Rush,Two vehicle incident.,76
380,70,51.04173177614285,-114.05838205714285,2017-05-02 10:00:00-06:00,2026-08-23 22:45:00-06:00,10,Friday,12,Midday,Two vehicle incident.,76
96,70,50.93734528857143,-114.06882737285714,2016-12-14 12:39:00-07:00,2026-07-03 03:26:00-06:00,10,Tuesday,12,Midday,Two vehicle incident. Blocking the right lane,76
334,70,50.979653699714284,-114.09527749857143,2017-04-11 19:39:00-06:00,2026-05-28 13:49:00-06:00,10,Thursday,16,Evening Rush,Traffic signals are flashing red.,76
88,70,51.07793609942857,-113.98203828999999,2016-12-12 14:37:00-07:00,2026-07-06 09:20:00-06:00,11,Friday,20,Evening Rush,Two vehicle incident.,76
84,70,50.980669912428574,-114.05044248714286,2016-12-12 11:47:00-07:00,2026-06-02 06:43:00-06:00,11,Tuesday,16,Midday,Two vehicle incident.,76
352,69,51.092572063913046,-114.01193882173912,2017-04-19 21:19:00-06:00,2026-09-06 14:07:00-06:00,10,Wednesday,10,Midday,Two vehicle incident.,77
215,69,51.167990548695656,-114.16087374057972,2017-02-27 13:10:00-07:00,2026-09-18 09:45:00-06:00,10,Friday,17,Evening Rush,Traffic incident.,77
149,69,51.110604933333335,-113.96548591884059,2017-02-09 18:48:00-07:00,2026-08-04 13:35:00-06:00,10,Tuesday,18,Evening Rush,Traffic incident.,77
3,69,51.07631204028986,-113.95844854347826,2016-12-06 18:03:00-07:00,2026-09-09 09:16:00-06:00,11,Wednesday,18,Evening Rush,Traffic incident.,77
170,68,51.008718025294115,-114.1202866382353,2017-02-13 18:18:00-07:00,2026-04-15 15:55:00-06:00,10,Wednesday,15,Evening Rush,Traffic incident.,78
162,68,50.93148082191176,-113.95848514411765,2017-02-12 12:40:00-07:00,2026-08-26 12:12:00-06:00,10,Wednesday,19,Evening,Two vehicle incident.,78
54,68,51.05193640323529,-114.08582862647057,2016-12-09 21:31:00-07:00,2026-06-22 19:26:00-06:00,11,Friday,16,Evening Rush,Traffic incident. Blocking the right lane,78
268,68,51.05948426544118,-113.98177993529411,2017-03-12 11:38:00-06:00,2026-09-11 12:01:00-06:00,10,Thursday,12,Evening Rush,Traffic incident. Blocking the right lane,78
174,67,51.096087260723884,-114.06243086136732,2017-02-14 17:34:00-07:00,2026-09-27 10:00:23-06:00,10,Wednesday,17,Evening Rush,Traffic incident.,79
44,67,51.09730891492538,-114.08332788955225,2016-12-09 16:46:00-07:00,2026-08-25 12:06:00-06:00,11,Monday,15,Evening Rush,Traffic incident.,79
514,66,51.04546679741667,-114.01344652829667,2017-08-16 19:29:00-06:00,2026-09-22 09:44:07-06:00,10,Thursday,16,Evening Rush,Traffic incident. Blocking the right lane,80
424,66,51.03786959772727,-113.93545631363637,2017-06-03 08:46:00-06:00,2026-07-29 17:22:00-06:00,10,Thursday,17,Evening Rush,Traffic incident.,80
71,66,51.04234539666667,-114.1150289621212,2016-12-10 23:51:00-07:00,2026-09-16 17:45:00-06:00,11,Tuesday,7,Morning Rush,Traffic incident.,80
142,65,51.09339283292307,-114.15496797692307,2017-02-08 13:11:00-07:00,2026-04-18 22:17:00-06:00,10,Thursday,15,Midday,Traffic incident.,81
270,65,51.08153957184616,-113.93538765384615,2017-03-14 08:55:00-06:00,2026-07-24 16:01:00-06:00,10,Thursday,17,Evening Rush,Traffic incident.,81
57,65,51.14293205846154,-114.25730494153845,2016-12-10 11:53:00-07:00,2026-09-07 14:16:00-06:00,11,Monday,15,Evening Rush,Traffic incident.,81
493,65,50.96724513753846,-114.03400299538461,2017-07-17 08:43:00-06:00,2026-06-10 15:46:00-06:00,10,Thursday,16,Evening Rush,Traffic incident.,81
489,64,51.062675601875,-113.98190425,2017-07-12 08:20:00-06:00,2026-08-29 14:35:00-06:00,10,Saturday,17,Evening Rush,Traffic incident. Blocking the right lane,82
223,64,50.97961747375,-113.9292504671875,2017-03-01 10:25:00-07:00,2026-01-22 14:39:00-07:00,9,Friday,17,Evening Rush,Single vehicle incident.,82
330,64,51.07099008703125,-114.11797103125,2017-04-10 17:47:00-06:00,2026-08-14 06:28:00-06:00,10,Tuesday,15,Evening Rush,Two vehicle incident.,82
247,64,51.081525752187495,-114.0119981859375,2017-03-08 13:55:00-07:00,2026-09-11 16:13:00-06:00,10,Thursday,12,Midday,Traffic incident.,82
296,64,51.06692176265625,-114.0852680546875,2017-03-20 18:19:00-06:00,2026-09-10 07:43:00-06:00,10,Thursday,13,Midday,Two vehicle incident.,82
156,63,51.114185633968255,-113.94694440793651,2017-02-10 19:18:00-07:00,2026-05-15 23:02:00-06:00,10,Tuesday,20,Evening,Traffic incident.,83
285,63,51.042184456984124,-114.07412874920635,2017-03-17 18:01:00-06:00,2026-08-05 23:31:00-06:00,10,Sunday,16,Midday,Traffic incident.,83
22,62,51.06702899,-113.92973660483871,2016-12-08 06:41:00-07:00,2022-09-01 15:38:00-06:00,7,Thursday,8,Morning Rush,Single vehicle incident.,84
95,62,50.98402442387097,-114.04229951774194,2016-12-14 10:21:00-07:00,2026-08-04 17:58:00-06:00,11,Friday,7,Evening Rush,Traffic incident.,84
447,62,51.037838935,-113.88865825806451,2017-06-15 23:15:00-06:00,2026-08-06 17:17:00-06:00,10,Sunday,17,Evening Rush,Traffic incident.,84
507,62,51.154408652741935,-114.00675295806452,2017-08-09 23:57:00-06:00,2026-08-29 05:45:00-06:00,10,Wednesday,18,Evening Rush,Traffic incident.,84
287,61,50.914087027213114,-114.06506639344262,2017-03-17 23:49:00-06:00,2026-03-16 07:08:00-06:00,10,Friday,16,Evening Rush,Traffic incident.,85
448,61,51.00795078327869,-114.0255835704918,2017-02-24 10:19:00-07:00,2026-05-01 17:52:00-06:00,10,Tuesday,7,Morning Rush,Traffic incident. Blocking the right lane,85
601,61,51.0967749804918,-114.11689208196722,2018-02-08 07:58:00-07:00,2026-09-14 16:24:00-06:00,9,Wednesday,7,Evening Rush,Traffic incident.,85
118,61,51.066980072131145,-114.0077988737705,2016-12-16 10:06:00-07:00,2026-09-09 09:22:00-06:00,11,Wednesday,15,Evening Rush,Two vehicle incident.,85
159,61,50.97590792737705,-114.07165875245902,2017-02-11 12:08:00-07:00,2026-08-22 08:56:00-06:00,10,Wednesday,11,Midday,Traffic incident.,85
535,61,51.05529056885246,-113.98207394590163,2017-09-22 10:43:00-06:00,2026-09-06 09:32:00-06:00,10,Sunday,15,Midday,Two vehicle incident. Blocking the right lane,85
187,61,51.15435737114754,-113.9289125967213,2017-02-20 08:51:00-07:00,2026-09-05 22:55:00-06:00,10,Friday,19,Evening,Two vehicle incident.,85
417,61,50.99876968032787,-113.98495729836065,2017-05-25 18:02:00-06:00,2026-05-14 18:17:00-06:00,9,Wednesday,14,Midday,Traffic incident.,85
338,61,51.10853135,-113.96669051967213,2017-04-12 09:44:00-06:00,2026-07-04 17:17:00-06:00,10,Tuesday,17,Evening Rush,Traffic incident.,85
608,60,51.092561008,-114.10641560333333,2017-03-14 08:39:00-06:00,2026-09-14 14:43:00-06:00,10,Tuesday,18,Evening Rush,Traffic incident.,86
313,60,51.0451632175,-113.95858535833334,2017-03-31 18:22:00-06:00,2026-07-10 02:50:00-06:00,10,Friday,13,Evening Rush,Traffic incident.,86
378,60,51.11065490233333,-114.0572703,2017-05-01 10:38:00-06:00,2026-01-13 07:43:00-07:00,10,Wednesday,17,Evening Rush,Traffic incident.,86
452,59,50.96499778525423,-114.06812085084746,2017-06-17 15:44:00-06:00,2026-09-05 16:17:00-06:00,10,Friday,16,Evening Rush,Two vehicle incident.,87
403,59,50.986861106385426,-114.02936697253305,2017-05-19 16:41:00-06:00,2026-09-26 09:15:31-06:00,10,Friday,15,Evening Rush,Traffic incident.,87
1,59,51.04450202762712,-114.05816636101694,2016-12-06 16:25:00-07:00,2026-09-09 04:43:00-06:00,11,Wednesday,19,Midday,Traffic incident.,87
184,59,51.14105790783848,-114.18216480897507,2017-02-17 14:50:00-07:00,2026-09-23 15:57:49-06:00,10,Friday,15,Evening Rush,Traffic incident.,87
116,59,51.09286951491525,-114.00394266949152,2016-12-16 08:38:00-07:00,2026-05-30 23:45:00-06:00,11,Saturday,8,Evening Rush,Two vehicle incident.,87
522,58,51.049292905,-114.04147035,2017-08-31 11:44:00-06:00,2026-07-16 16:11:00-06:00,10,Thursday,16,Evening Rush,Traffic incident.,88
129,58,51.08830685931034,-114.15412694827586,2016-12-18 15:49:00-07:00,2026-07-13 12:07:00-06:00,11,Wednesday,15,Evening Rush,Traffic incident.,88
5,58,51.04831823931035,-114.06037717931034,2016-12-06 22:14:00-07:00,2026-08-03 22:04:00-06:00,11,Saturday,14,Evening Rush,Traffic incident.,88
47,57,50.968654447894735,-114.07165695263159,2016-12-09 17:49:00-07:00,2026-09-08 21:55:00-06:00,11,Thursday,17,Evening Rush,Traffic incident. Blocking the right lane,89
167,57,51.09615607736842,-113.93726482807017,2017-02-13 17:11:00-07:00,2026-07-17 18:15:00-06:00,10,Monday,16,Evening Rush,Traffic incident.,89
209,57,51.08154778245614,-114.15258127543859,2017-02-24 21:04:00-07:00,2026-06-29 09:55:00-06:00,10,Tuesday,16,Evening Rush,Traffic incident.,89
236,57,51.12529458894737,-113.9714629263158,2017-03-06 09:42:00-07:00,2026-08-23 02:44:00-06:00,10,Friday,17,Evening Rush,Traffic incident.,89
462,57,51.15431978947369,-114.04248778947368,2017-06-24 19:23:00-06:00,2026-06-07 15:17:00-06:00,10,Tuesday,17,Evening Rush,Traffic incident.,89
497,57,51.04817023508772,-113.9818080859649,2017-07-21 22:28:00-06:00,2026-03-27 09:59:00-06:00,10,Wednesday,17,Evening Rush,Traffic incident.,89
323,56,51.01121883535715,-114.04879172678571,2017-04-04 17:46:00-06:00,2026-08-05 07:02:00-06:00,10,Wednesday,17,Midday,Traffic incident.,90
157,56,51.037810375,-114.15281949999999,2017-02-11 10:12:00-07:00,2026-05-11 19:16:00-06:00,10,Saturday,18,Evening Rush,Traffic incident.,90
42,56,51.12503159535714,-114.07144958214285,2016-12-09 13:30:00-07:00,2026-08-09 00:16:00-06:00,11,Monday,17,Evening Rush,Traffic incident.,90
451,55,51.05251443145455,-114.09469998545454,2017-06-17 01:04:00-06:00,2026-06-01 08:21:00-06:00,10,Friday,4,Midday,Two vehicle incident.,91
444,55,50.918294229636366,-113.95846033272727,2017-06-14 21:45:00-06:00,2026-06-29 17:13:00-06:00,10,Wednesday,17,Evening Rush,Traffic incident.,91
234,55,51.06830407727273,-114.12930286727273,2017-03-05 15:12:00-07:00,2026-08-13 09:36:00-06:00,10,Monday,15,Evening Rush,Traffic incident.,91
385,55,51.08155151770582,-114.00232552104636,2017-05-05 23:50:00-06:00,2026-09-22 08:58:51-06:00,10,Friday,16,Midday,Traffic incident.,91
145,55,51.05236383363636,-114.00170249636365,2017-02-09 07:20:00-07:00,2026-09-11 16:15:00-06:00,10,Friday,7,Midday,Traffic incident.,91
614,55,50.95186637890909,-114.01561751999999,2018-05-10 18:35:00-06:00,2026-09-09 22:12:00-06:00,9,Thursday,17,Evening Rush,Traffic incident.,91
43,55,50.87768780963636,-114.02484154363637,2016-12-09 15:30:00-07:00,2026-07-06 07:27:00-06:00,11,Friday,16,Evening Rush,Traffic incident.,91
194,55,50.98354834418182,-114.02090402545454,2017-02-21 16:35:00-07:00,2026-04-16 21:31:00-06:00,10,Wednesday,10,Evening Rush,Two vehicle incident.,91
137,55,50.912957325818184,-114.0698648781818,2016-12-20 07:16:00-07:00,2026-08-11 22:05:00-06:00,11,Tuesday,14,Evening,Traffic incident.,91
23,54,51.14702012592593,-114.20954841481482,2016-12-08 07:20:00-07:00,2026-09-09 15:58:00-06:00,11,Saturday,17,Evening Rush,Two vehicle incident.,92
76,54,50.87698538616927,-114.03680186474888,2016-12-11 18:57:00-07:00,2026-09-25 08:15:25-06:00,11,Tuesday,15,Evening Rush,Traffic incident.,92
276,54,50.94897654574074,-114.00442572407408,2017-03-14 19:03:00-06:00,2026-04-07 10:25:00-06:00,10,Tuesday,17,Evening Rush,Traffic incident.,92
429,54,51.09908537053499,-113.93521618009592,2017-06-05 16:36:00-06:00,2026-09-24 21:25:26-06:00,10,Friday,16,Evening Rush,Traffic incident.,92
376,54,51.06692449333333,-114.0483227888889,2017-04-30 09:37:00-06:00,2026-02-28 10:48:00-07:00,10,Wednesday,15,Evening Rush,Traffic incident.,92
512,54,51.11043044166667,-114.0715274111111,2017-08-14 18:18:00-06:00,2026-09-09 07:56:00-06:00,10,Wednesday,7,Evening Rush,Traffic incident.,92
212,54,51.037831027962966,-114.07144059444445,2017-02-27 06:36:00-07:00,2026-09-01 09:11:00-06:00,10,Thursday,23,Evening,Traffic incident.,92
446,53,50.93115765603773,-114.03277689622642,2017-06-15 10:41:00-06:00,2026-06-12 13:09:00-06:00,10,Thursday,17,Evening Rush,Traffic incident.,93
486,53,50.98598612113207,-114.0717699981132,2017-07-11 14:04:00-06:00,2026-03-28 10:17:00-06:00,10,Saturday,13,Midday,Two vehicle incident.,93
459,53,51.04154420981132,-114.12364082641508,2017-06-24 03:31:00-06:00,2026-09-10 19:53:00-06:00,10,Friday,17,Evening Rush,Traffic incident.,93
295,53,51.01595551018868,-114.06444653018868,2017-03-20 13:32:00-06:00,2025-12-02 23:13:00-07:00,9,Thursday,17,Midday,Two vehicle incident.,93
12,53,51.081303681320755,-113.98867176792453,2016-12-07 10:48:00-07:00,2026-06-21 18:45:00-06:00,11,Thursday,18,Midday,Two vehicle incident.,93
401,52,50.90335636968616,-114.06967520695788,2017-05-17 13:59:00-06:00,2026-09-27 20:26:52-06:00,10,Tuesday,9,Evening Rush,Two vehicle incident.,94
160,52,51.12748610302346,-114.19478434286884,2017-02-11 13:00:00-07:00,2026-09-21 08:45:50-06:00,10,Tuesday,16,Evening Rush,Traffic incident.,94
246,52,51.066931862884616,-114.04248589615385,2017-03-08 13:45:00-07:00,2026-09-14 06:57:00-06:00,10,Wednesday,9,Evening Rush,Traffic incident.,94
655,52,51.139586969807695,-113.94678099038461,2019-12-11 16:38:00-07:00,2026-09-08 16:50:00-06:00,7,Tuesday,19,Evening Rush,Traffic incident.,94
271,52,51.015074006153846,-113.93005934615385,2017-03-14 09:40:00-06:00,2026-09-05 18:25:00-06:00,9,Tuesday,8,Morning Rush,Two vehicle incident.,94
52,52,50.95055876596154,-114.08599790000001,2016-12-09 19:33:00-07:00,2026-07-14 11:43:00-06:00,11,Tuesday,17,Evening Rush,Two vehicle incident.,94
414,52,51.03007056980769,-114.03187993461538,2017-05-24 23:22:00-06:00,2026-09-09 08:42:00-06:00,10,Wednesday,15,Evening Rush,Traffic incident.,94
605,52,51.01724784096154,-114.00405374423077,2018-02-18 11:05:00-07:00,2026-08-25 13:49:00-06:00,9,Wednesday,15,Evening Rush,Traffic incident. Blocking the left lane,94
146,52,50.95758169269231,-114.07181908653845,2017-02-09 09:34:00-07:00,2026-08-28 12:28:00-06:00,10,Thursday,16,Evening Rush,Traffic incident. Blocking the right lane,94
363,51,51.048250009019604,-114.05790177647059,2017-04-24 17:54:00-06:00,2026-08-27 16:56:00-06:00,10,Friday,11,Midday,Two vehicle incident.,95
600,51,51.06692301235294,-114.02002225294117,2018-02-07 06:37:00-07:00,2026-06-30 19:04:00-06:00,9,Tuesday,17,Evening Rush,Two vehicle incident.,95
204,51,51.04563930509804,-114.00255880196079,2017-02-23 20:49:00-07:00,2026-07-12 20:31:00-06:00,10,Friday,6,Evening Rush,Traffic incident.,95
127,51,51.08149575196078,-114.18918454705882,2016-12-17 16:46:00-07:00,2026-06-08 09:44:00-06:00,11,Saturday,10,Evening Rush,Traffic incident.,95
227,51,51.0668559927451,-114.07159942156864,2017-03-03 08:15:00-07:00,2026-09-11 21:54:00-06:00,10,Monday,13,Evening Rush,Traffic incident.,95
317,51,50.925453593872554,-113.9583541534647,2017-04-01 23:52:00-06:00,2026-09-19 22:21:34-06:00,10,Saturday,16,Evening Rush,Traffic incident.,95
253,51,51.1336528172549,-114.08916076862745,2017-03-09 10:10:00-07:00,2026-07-09 09:25:00-06:00,10,Monday,7,Morning Rush,Traffic incident.,95
554,50,51.16542034084701,-113.9620953113746,2017-10-17 09:09:00-06:00,2026-09-24 20:09:45-06:00,10,Saturday,15,Evening,Traffic incident.,96
290,50,51.0377742814,-114.14122078,2017-03-18 23:59:00-06:00,2025-10-23 04:56:00-06:00,9,Thursday,12,Evening,Traffic incident.,96
347,50,51.126314858200004,-114.05552769399999,2017-04-14 21:32:00-06:00,2026-09-11 21:08:00-06:00,10,Friday,16,Evening Rush,Traffic incident.,96
243,50,51.1092237934,-114.140030972,2017-03-08 07:27:00-07:00,2026-07-01 21:39:00-06:00,10,Thursday,8,Midday,Two vehicle incident. Blocking the left lane,96
241,50,51.039344845200006,-114.16639825800002,2017-03-07 12:50:00-07:00,2026-07-17 23:44:00-06:00,10,Friday,17,Evening Rush,Two vehicle incident.,96
148,50,51.0087180584,-114.067850786,2017-02-09 17:22:00-07:00,2026-03-08 13:49:00-06:00,10,Thursday,17,Evening Rush,Traffic incident.,96
545,50,51.0726184648,-113.935402904,2017-10-07 15:23:00-06:00,2026-02-03 18:15:00-07:00,10,Wednesday,21,Midday,Traffic incident.,96
576,49,51.08672116632653,-114.0018880122449,2017-12-02 18:29:00-07:00,2026-09-01 16:58:00-06:00,10,Thursday,16,Evening Rush,Two vehicle incident.,97
138,49,50.95077658673469,-114.01098844081632,2016-12-20 08:18:00-07:00,2026-07-31 15:59:00-06:00,10,Tuesday,17,Evening Rush,Two vehicle incident.,97
344,49,50.979497471224484,-113.9585699367347,2017-04-13 08:42:00-06:00,2026-08-31 16:12:00-06:00,10,Wednesday,7,Evening Rush,Two vehicle incident.,97
498,49,51.10302148306122,-113.95634312857142,2017-07-24 23:08:00-06:00,2026-09-16 08:28:00-06:00,10,Wednesday,15,Evening Rush,Traffic incident.,97
229,49,50.894119590816324,-114.0095070877551,2017-03-03 15:35:00-07:00,2026-09-02 17:17:00-06:00,10,Friday,15,Evening Rush,Two vehicle incident.,97
353,49,50.96399435,-114.0586756877551,2017-04-19 23:48:00-06:00,2026-07-31 17:21:00-06:00,10,Friday,17,Evening Rush,Traffic incident.,97
525,49,51.052228481488775,-114.18217645414572,2016-12-08 07:46:00-07:00,2026-09-22 18:45:36-06:00,11,Thursday,19,Midday,Traffic incident.,97
201,49,51.06707499571428,-114.11915442857142,2017-02-23 08:30:00-07:00,2026-07-28 12:43:00-06:00,10,Monday,12,Evening Rush,Traffic incident.,97
101,49,51.04767297183673,-114.07118559795919,2016-12-14 21:19:00-07:00,2026-08-09 13:46:00-06:00,11,Saturday,16,Evening Rush,Traffic incident.,97
310,48,51.14999290916666,-114.21343135000001,2017-03-29 14:24:00-06:00,2026-07-24 10:16:00-06:00,10,Thursday,13,Midday,Traffic incident. Blocking the right lane,98
7,48,50.94674601229167,-114.0053041625,2016-12-07 07:17:00-07:00,2026-08-19 08:09:00-06:00,10,Thursday,7,Morning Rush,Two vehicle incident.,98
654,48,51.13726752082354,-114.24185958303813,2019-11-30 03:54:00-07:00,2026-09-27 06:59:47-06:00,8,Saturday,13,Midday,Traffic incident.,98
77,48,51.01795815,-114.16009438958334,2016-12-12 07:41:00-07:00,2026-09-02 08:51:00-06:00,11,Monday,8,Morning Rush,Traffic incident.,98
488,48,51.01863553229166,-114.06275624166666,2017-07-12 08:13:00-06:00,2026-07-17 16:16:00-06:00,9,Thursday,16,Evening Rush,Traffic incident.,98
62,48,50.97232582479166,-114.09577647708333,2016-12-10 15:53:00-07:00,2026-09-09 08:35:00-06:00,11,Monday,13,Evening Rush,Traffic incident.,98
495,48,51.096009376875,-113.93511058749999,2017-07-20 08:31:00-06:00,2025-09-11 15:18:00-06:00,9,Wednesday,18,Evening Rush,Traffic incident.,98
239,48,51.05964412708334,-113.93528901458335,2017-03-07 07:51:00-07:00,2026-02-11 14:08:00-07:00,10,Wednesday,18,Evening Rush,Traffic incident.,98
103,48,51.00135186270833,-114.04904464375,2016-12-15 12:16:00-07:00,2026-07-15 16:51:00-06:00,11,Thursday,15,Evening Rush,Traffic incident. Blocking the right lane,98
602,48,51.092766885,-114.0014272625,2018-02-09 16:04:00-07:00,2026-08-26 19:55:00-06:00,9,Wednesday,14,Evening Rush,Two vehicle incident.,98
558,48,51.03051243875,-113.98170457083334,2017-10-26 09:52:00-06:00,2026-06-08 22:40:00-06:00,10,Saturday,17,Evening Rush,Traffic incident.,98
130,48,50.96562758520833,-114.03920529166668,2016-12-19 12:38:00-07:00,2026-04-24 16:07:00-06:00,11,Thursday,17,Evening Rush,Two vehicle incident. Blocking the right lane,98
151,48,50.948759225,-114.03063658958332,2017-02-10 06:07:00-07:00,2026-02-05 16:12:00-07:00,9,Friday,18,Evening,Traffic incident.,98
346,48,50.91289124541667,-113.95215095833333,2017-04-14 13:58:00-06:00,2026-08-26 17:13:00-06:00,10,Sunday,17,Evening Rush,Traffic incident.,98
370,48,51.04528596,-114.07396007916667,2017-04-27 05:04:00-06:00,2026-09-12 10:15:00-06:00,10,Thursday,9,Midday,Two vehicle incident.,98
393,48,51.138723125625,-114.15708152500001,2017-05-10 22:33:00-06:00,2026-07-09 10:48:00-06:00,10,Thursday,15,Evening Rush,Traffic incident.,98
356,47,50.904037165319146,-114.06648964680852,2017-04-22 12:09:00-06:00,2026-08-26 20:51:00-06:00,10,Sunday,13,Midday,Traffic incident.,99
341,47,50.9795338806383,-113.98431259574468,2017-04-12 18:37:00-06:00,2026-09-15 16:02:00-06:00,10,Friday,9,Midday,Two vehicle incident.,99
433,47,51.04356696191489,-114.07140090638298,2017-06-07 11:37:00-06:00,2026-08-13 17:24:00-06:00,9,Monday,23,Evening,Traffic incident.,99
284,47,51.044687694042544,-114.06556440638298,2017-03-17 17:56:00-06:00,2026-08-19 07:00:00-06:00,10,Friday,13,Midday,Traffic incident.,99
235,47,50.957872919361705,-113.95881148297872,2017-03-06 08:22:00-07:00,2026-09-04 12:34:00-06:00,10,Thursday,15,Midday,Two vehicle incident.,99
379,47,51.15429480893617,-114.05275446170212,2017-05-01 13:47:00-06:00,2026-07-14 05:23:00-06:00,10,Tuesday,8,Evening Rush,Traffic incident.,99
340,47,51.04451172404255,-114.06068322553192,2017-04-12 18:24:00-06:00,2026-09-18 08:44:00-06:00,9,Wednesday,18,Evening Rush,Traffic incident. Blocking the right lane,99
511,47,51.02551546170213,-114.12955689148936,2017-08-13 15:35:00-06:00,2026-09-16 08:47:00-06:00,10,Tuesday,13,Evening Rush,Traffic incident.,99
191,47,51.08501509510638,-113.98186359574468,2017-02-20 20:33:00-07:00,2026-01-28 01:29:00-07:00,10,Wednesday,13,Midday,Two vehicle incident.,99
179,47,51.104615135957445,-114.2172476893617,2017-02-16 08:12:00-07:00,2026-05-23 14:39:00-06:00,10,Wednesday,6,Evening Rush,Two vehicle incident.,99
648,47,51.067050957197026,-113.94047918798915,2019-10-11 19:37:00-06:00,2026-09-24 13:35:33-06:00,8,Friday,16,Evening Rush,Traffic incident.,99
684,47,51.00129854702128,-114.1228970787234,2017-10-06 10:51:00-06:00,2026-09-14 14:49:00-06:00,6,Monday,15,Midday,Traffic incident.,99
158,47,51.04516323544085,-114.14114710028362,2017-02-11 10:46:00-07:00,2026-09-19 21:11:24-06:00,10,Friday,15,Evening Rush,Traffic incident. Blocking the right lane,99
117,47,51.088740750212764,-114.06243439361702,2016-12-16 09:06:00-07:00,2026-07-05 09:33:00-06:00,11,Friday,18,Evening Rush,Traffic incident.,99
213,46,51.12421461391305,-114.19836546521739,2017-02-27 10:29:00-07:00,2026-08-07 08:01:00-06:00,10,Friday,18,Evening Rush,Two vehicle incident.,100
468,46,51.15422088697956,-114.12313346467131,2017-06-29 13:45:00-06:00,2026-09-24 18:07:33-06:00,10,Friday,16,Evening Rush,Traffic incident.,100
555,46,50.90405430586957,-113.95342688913044,2017-10-22 03:47:00-06:00,2026-07-04 13:07:00-06:00,9,Friday,17,Evening Rush,Two vehicle incident.,100
79,46,51.121649142173915,-114.1677970673913,2016-12-12 09:44:00-07:00,2026-08-22 12:28:00-06:00,11,Monday,19,Evening Rush,Two vehicle incident.,100
252,45,50.88895136333334,-114.0256483688889,2017-03-09 09:16:00-07:00,2026-09-10 13:47:00-06:00,9,Friday,17,Evening Rush,Two vehicle incident.,101
465,45,51.053638928666665,-114.08142264222222,2017-06-25 18:15:00-06:00,2025-08-26 08:11:00-06:00,8,Thursday,11,Midday,Traffic incident.,101
108,45,51.12698865177778,-114.1337419288889,2016-12-15 17:12:00-07:00,2026-05-14 21:45:00-06:00,11,Friday,7,Evening Rush,Traffic incident.,101
611,45,51.11183857488889,-113.97410869555556,2018-04-23 18:43:00-06:00,2026-03-12 10:13:00-06:00,9,Thursday,10,Evening Rush,Traffic incident.,101
616,45,51.12518419555556,-113.97007447555556,2016-12-07 21:15:00-07:00,2026-06-02 18:20:00-06:00,10,Thursday,17,Evening Rush,Traffic incident.,101
186,45,51.17579801511111,-113.97544064444445,2017-02-19 19:15:00-07:00,2026-09-12 04:08:00-06:00,10,Sunday,16,Evening Rush,Two vehicle incident.,101
36,45,51.148463905777774,-114.07402546888889,2016-12-08 22:46:00-07:00,2026-09-14 21:18:00-06:00,11,Wednesday,18,Evening Rush,Traffic incident.,101
483,45,51.037881781555555,-114.08179075333334,2017-07-08 04:58:00-06:00,2026-08-04 19:00:00-06:00,9,Tuesday,19,Evening,Traffic incident.,101
420,44,50.89951896750001,-113.94470668181818,2017-05-29 18:38:00-06:00,2026-08-28 21:08:00-06:00,10,Saturday,17,Evening Rush,Two vehicle incident.,102
177,44,51.08329672409091,-114.20946863409091,2017-02-15 10:17:00-07:00,2026-08-26 18:28:00-06:00,10,Monday,17,Evening Rush,Traffic incident.,102
647,43,51.10311135279069,-114.22754904883722,2018-10-01 23:36:00-06:00,2026-09-13 17:02:00-06:00,9,Friday,8,Morning Rush,Traffic incident.,103
135,43,51.08958430186047,-114.13366653720931,2016-12-19 16:03:00-07:00,2026-09-02 17:03:00-06:00,11,Wednesday,16,Evening Rush,Traffic incident.,103
53,43,51.091684920929765,-113.93543775942652,2016-12-09 20:34:00-07:00,2026-09-18 18:07:43-06:00,11,Wednesday,17,Evening Rush,Traffic incident.,103
248,43,51.1543772555814,-113.9816962744186,2017-03-08 17:28:00-07:00,2025-09-22 07:49:00-06:00,9,Monday,21,Evening,Two vehicle incident.,103
254,43,51.109116554651166,-114.08356551395349,2017-03-09 18:41:00-07:00,2026-06-11 15:25:00-06:00,10,Tuesday,16,Evening Rush,Two vehicle incident.,103
308,43,51.04921697046512,-114.05787252790698,2017-03-28 15:59:00-06:00,2026-03-14 03:47:00-06:00,10,Wednesday,17,Evening Rush,Traffic incident. Blocking the left lane,103
533,43,51.16435945534884,-114.07055565116279,2017-09-19 18:19:00-06:00,2026-08-30 11:18:00-06:00,10,Tuesday,17,Evening Rush,Traffic incident.,103
221,43,51.06604729302325,-114.1484926744186,2017-03-01 07:19:00-07:00,2026-03-08 16:09:00-06:00,10,Friday,8,Morning Rush,Traffic incident.,103
603,43,51.07789509604652,-113.98864881860464,2018-02-11 15:10:00-07:00,2026-06-20 14:41:00-06:00,9,Thursday,15,Evening Rush,Traffic incident.,103
210,43,50.93204625093023,-113.96879629302325,2017-02-26 14:20:00-07:00,2026-08-28 12:58:00-06:00,8,Friday,17,Midday,Two vehicle incident.,103
115,43,50.96343902335372,-114.08486213566977,2016-12-16 08:10:00-07:00,2026-09-22 13:28:27-06:00,11,Friday,14,Evening Rush,Traffic incident.,103
623,42,51.15436622452381,-114.00228871666667,2017-05-10 08:37:00-06:00,2026-05-30 07:40:00-06:00,10,Saturday,10,Midday,Traffic incident.,104
153,42,51.06701826857143,-113.93776105238095,2017-02-10 09:05:00-07:00,2026-01-13 15:24:00-07:00,10,Monday,17,Evening Rush,Two vehicle incident.,104
4,42,51.05265783452381,-113.97704048809526,2016-12-06 19:36:00-07:00,2026-07-25 23:36:00-06:00,10,Friday,16,Evening Rush,Traffic incident.,104
349,42,50.96132892700666,-114.11832477539548,2017-04-17 09:56:00-06:00,2026-09-23 09:15:58-06:00,10,Thursday,14,Evening Rush,Traffic incident.,104
369,42,51.057037291666674,-113.98208276904762,2017-04-26 14:54:00-06:00,2026-07-30 12:14:00-06:00,10,Thursday,12,Midday,Two vehicle incident.,104
373,42,51.12523599190476,-113.9816955,2017-04-28 19:49:00-06:00,2026-09-11 21:10:00-06:00,10,Tuesday,17,Evening Rush,Traffic incident.,104
93,42,50.94970200071428,-114.06197377142855,2016-12-14 08:30:00-07:00,2026-09-15 16:28:00-06:00,11,Saturday,10,Evening Rush,Traffic incident.,104
515,42,51.047963186428575,-114.08111902380952,2017-08-17 23:15:00-06:00,2026-08-18 20:16:00-06:00,10,Saturday,1,Evening,Two vehicle incident.,104
531,42,51.13683843142857,-114.03990193333333,2017-09-15 18:36:00-06:00,2026-06-28 17:29:00-06:00,10,Thursday,8,Midday,Traffic incident.,104
208,42,51.137610964761905,-114.16475682619048,2017-02-24 10:24:00-07:00,2025-02-02 17:52:00-07:00,9,Monday,14,Midday,Traffic incident.,104
586,42,51.120424298571436,-114.04593577380952,2017-03-05 05:19:00-07:00,2026-09-06 03:15:00-06:00,10,Saturday,8,Evening Rush,Two vehicle incident.,104
231,42,50.90267883642857,-114.07640783571428,2017-03-03 23:31:00-07:00,2025-09-23 06:16:00-06:00,9,Thursday,16,Evening Rush,Traffic incident.,104
328,42,51.04935170095238,-114.06273490952381,2017-04-08 09:59:00-06:00,2026-08-28 10:26:00-06:00,10,Monday,7,Morning Rush,Traffic incident.,104
426,42,51.04095670428571,-113.95840454761904,2017-06-04 00:15:00-06:00,2026-07-17 19:59:00-06:00,10,Tuesday,16,Evening Rush,Traffic incident.,104
481,42,51.09888224428571,-114.14940062857143,2017-07-05 19:10:00-06:00,2026-09-13 08:38:00-06:00,10,Monday,14,Evening Rush,Two vehicle incident.,104
249,42,51.04993195261905,-114.08336744285714,2017-03-08 18:09:00-07:00,2026-06-19 22:56:00-06:00,10,Thursday,8,Evening,Traffic incident.,104
471,42,51.07053097523809,-114.09473455238094,2017-06-30 11:53:00-06:00,2026-05-30 13:20:00-06:00,10,Friday,13,Midday,Traffic incident.,104
332,41,51.04287260634146,-114.08146519268294,2017-04-10 22:20:00-06:00,2026-09-16 01:20:00-06:00,9,Saturday,22,Evening,Traffic incident.,105
335,41,51.11063245360122,-114.04171617655,2017-04-11 19:49:00-06:00,2026-09-24 17:15:45-06:00,10,Monday,10,Evening Rush,Traffic incident. Blocking the right lane,105
372,41,51.11007440219512,-114.14223537804877,2017-04-28 10:13:00-06:00,2026-08-04 08:37:00-06:00,9,Tuesday,10,Morning Rush,Two vehicle incident.,105
391,41,51.106774782439025,-113.9499163390244,2017-05-10 00:21:00-06:00,2026-09-14 16:42:00-06:00,10,Tuesday,16,Evening Rush,Traffic incident.,105
192,41,51.03795735560976,-114.1878725609756,2017-02-21 11:43:00-07:00,2026-07-14 10:32:00-06:00,10,Tuesday,17,Evening Rush,Two vehicle incident.,105
519,41,51.07298510219512,-114.16472660731708,2017-08-26 14:40:00-06:00,2026-07-09 16:16:00-06:00,10,Monday,19,Evening,Two vehicle incident.,105
90,41,51.029329238780484,-114.03310287560976,2016-12-14 00:12:00-07:00,2026-02-06 16:16:00-07:00,11,Monday,15,Evening Rush,Traffic incident.,105
298,41,51.074278597073175,-114.09476788780489,2017-03-22 18:50:00-06:00,2026-06-03 16:31:00-06:00,9,Sunday,7,Evening Rush,Traffic incident.,105
387,41,50.896569397804875,-113.94333032439025,2017-05-06 19:22:00-06:00,2026-05-08 20:59:00-06:00,10,Saturday,18,Evening Rush,Traffic incident.,105
259,41,51.045624338780485,-113.93523201219512,2017-03-10 13:14:00-07:00,2025-10-24 14:19:00-06:00,9,Wednesday,17,Evening Rush,Traffic incident.,105
395,41,51.06696874804878,-114.10208853170732,2017-05-12 17:00:00-06:00,2026-07-12 15:44:00-06:00,10,Sunday,8,Midday,Traffic incident. Blocking the right lane,105
273,41,50.97224731975609,-114.0716231390244,2017-03-14 15:44:00-06:00,2026-01-10 18:15:00-07:00,10,Monday,17,Evening Rush,Traffic incident. Blocking the right lane,105
168,40,50.98693141175,-114.03983538499999,2017-02-13 17:53:00-07:00,2026-03-09 15:49:00-06:00,9,Monday,11,Midday,Traffic incident.,106
99,40,50.979629172749995,-113.9619745925,2016-12-14 15:48:00-07:00,2026-08-18 10:36:00-06:00,11,Tuesday,8,Evening Rush,Two vehicle incident.,106
45,40,51.0883883555,-113.98191272249998,2016-12-09 17:01:00-07:00,2026-07-24 17:23:00-06:00,11,Friday,11,Evening Rush,Traffic incident. Blocking the right lane,106
499,40,51.043401076749994,-114.0657398925,2017-07-26 10:08:00-06:00,2025-12-17 05:19:00-07:00,9,Saturday,15,Evening Rush,Traffic incident.,106
574,40,51.008673408250004,-114.1180943875,2017-02-15 08:48:00-07:00,2026-06-23 17:52:00-06:00,10,Wednesday,16,Evening Rush,Traffic incident.,106
503,40,51.081406319,-114.00508347500002,2017-08-03 10:24:00-06:00,2026-07-30 17:23:00-06:00,10,Thursday,19,Evening Rush,Traffic incident.,106
418,40,51.0413581425,-114.060857865,2017-05-26 20:16:00-06:00,2026-07-12 00:00:00-06:00,10,Friday,16,Midday,There is an incident involving a pedestrian.,106
409,40,51.05378466825,-114.06251643,2017-05-21 12:41:00-06:00,2026-09-09 08:40:00-06:00,9,Saturday,10,Midday,Traffic incident.,106
455,40,51.05289862375,-113.97000203,2017-06-21 16:53:00-06:00,2026-05-15 20:30:00-06:00,10,Friday,10,Evening Rush,Traffic incident.,106
261,39,50.954162782051284,-114.11810171025641,2017-03-10 15:45:00-07:00,2026-09-05 17:17:00-06:00,9,Tuesday,17,Evening Rush,Two vehicle incident.,107
491,39,51.043244397692305,-114.09449373076922,2017-07-16 05:06:00-06:00,2026-07-08 15:41:00-06:00,10,Wednesday,18,Evening Rush,Two vehicle incident.,107
267,39,51.12516061205128,-113.95841605384615,2017-03-11 09:51:00-07:00,2026-06-25 15:10:00-06:00,10,Friday,19,Evening,Traffic incident.,107
430,39,51.16115340846154,-114.12573515641026,2017-06-05 21:54:00-06:00,2026-06-05 15:42:00-06:00,10,Tuesday,9,Morning Rush,Traffic incident.,107
571,39,50.972350758205124,-113.95889512564102,2017-11-24 13:21:00-07:00,2026-09-16 16:24:00-06:00,10,Tuesday,9,Morning Rush,Traffic incident. Blocking multiple lanes,107
190,39,51.03798533179487,-114.05866329487178,2017-02-20 19:47:00-07:00,2026-04-22 20:15:00-06:00,9,Monday,9,Evening,Traffic incident.,107
557,39,50.93194642820513,-113.96243378205129,2017-10-24 17:28:00-06:00,2026-08-14 08:16:00-06:00,9,Friday,16,Evening Rush,Traffic incident.,107
38,39,50.985085090512825,-113.95875060769231,2016-12-09 06:35:00-07:00,2026-08-08 23:01:00-06:00,10,Friday,6,Morning Rush,Two vehicle incident.,107
155,39,51.0495758276923,-114.05296341538462,2017-02-10 16:42:00-07:00,2026-08-24 17:20:00-06:00,10,Thursday,8,Evening Rush,Two vehicle incident.,107
617,39,50.96409305897436,-114.03180694102564,2018-05-16 16:45:00-06:00,2026-08-28 17:24:00-06:00,9,Tuesday,14,Midday,Two vehicle incident. Blocking the right lane,107
139,39,51.12523753846154,-113.95010846923077,2017-02-08 09:11:00-07:00,2026-06-07 12:30:00-06:00,10,Friday,17,Evening Rush,Traffic incident.,107
198,39,50.9795688851282,-114.08316364102564,2017-02-22 15:50:00-07:00,2026-08-07 16:05:00-06:00,10,Thursday,17,Evening Rush,Traffic incident.,107
302,39,50.95550613128205,-114.07171257948717,2017-03-24 13:49:00-06:00,2026-08-27 16:46:00-06:00,10,Friday,10,Midday,Two vehicle incident.,107
467,39,51.04318405923077,-114.05830517692308,2017-06-28 09:08:00-06:00,2026-08-19 12:56:00-06:00,10,Saturday,10,Midday,Traffic incident.,107
536,38,50.93020818236842,-114.03861512105263,2017-09-26 19:29:00-06:00,2025-11-15 13:03:00-07:00,9,Wednesday,16,Evening Rush,Traffic incident.,108
219,38,51.04516464117316,-113.96999833019342,2017-02-28 17:17:00-07:00,2026-09-27 07:33:56-06:00,9,Saturday,13,Midday,Traffic incident.,108
120,38,51.052455654736846,-113.9418333026316,2016-12-16 15:38:00-07:00,2025-10-09 11:24:00-06:00,10,Friday,15,Evening Rush,Traffic incident.,108
539,38,51.15318528026316,-114.16472010789475,2017-10-01 14:48:00-06:00,2026-04-06 16:18:00-06:00,10,Sunday,15,Evening Rush,Traffic incident.,108
628,38,51.13248651690316,-113.95242018636684,2018-07-24 16:49:00-06:00,2026-09-18 21:07:59-06:00,9,Saturday,21,Evening Rush,Traffic incident.,108
528,38,51.14269079894736,-114.12354238947368,2017-09-09 02:58:00-06:00,2026-07-02 10:57:00-06:00,9,Wednesday,10,Midday,Traffic incident.,108
100,38,50.913992747631575,-114.1002283868421,2016-12-14 17:43:00-07:00,2026-06-26 10:15:00-06:00,11,Tuesday,7,Evening Rush,Traffic incident.,108
281,38,50.99415086394737,-113.95881189736842,2017-03-17 08:59:00-06:00,2026-06-11 11:12:00-06:00,10,Friday,8,Midday,Two vehicle incident.,108
230,38,51.062284197105264,-114.11795266052631,2017-03-03 18:13:00-07:00,2026-04-06 06:38:00-06:00,9,Tuesday,16,Evening Rush,Traffic incident.,108
244,38,50.949403366842105,-113.92948145263158,2017-03-08 07:33:00-07:00,2026-08-02 15:20:00-06:00,10,Monday,13,Morning Rush,Traffic incident.,108
289,38,51.04532459947368,-114.08876819210526,2017-03-18 19:17:00-06:00,2026-07-11 19:27:00-06:00,9,Friday,17,Evening Rush,Traffic incident.,108
419,38,51.05857140236842,-114.00172262368422,2017-05-27 20:14:00-06:00,2026-09-11 07:57:00-06:00,10,Friday,13,Midday,Traffic incident.,108
382,38,51.10265909482816,-114.14275606981683,2017-05-03 18:51:00-06:00,2026-09-23 11:33:24-06:00,9,Tuesday,14,Midday,Two vehicle incident.,108
350,38,51.1475589,-114.07743916842104,2017-04-19 13:56:00-06:00,2026-03-24 05:33:00-06:00,10,Thursday,16,Evening Rush,Traffic incident.,108
18,37,51.04563330432432,-114.09492334864865,2016-12-07 18:33:00-07:00,2026-07-11 23:51:00-06:00,10,Thursday,19,Evening,Traffic incident.,109
661,37,51.098060232972976,-114.14841918648649,2018-12-19 07:27:00-07:00,2026-09-04 16:19:00-06:00,9,Friday,15,Evening Rush,Two vehicle incident. Blocking multiple lanes,109
256,37,51.15999471054054,-114.16282404054053,2017-03-10 08:39:00-07:00,2026-08-09 13:49:00-06:00,10,Friday,8,Midday,Traffic incident.,109
508,37,51.03783574324324,-114.07436402432432,2017-08-10 10:17:00-06:00,2026-07-16 22:11:00-06:00,10,Thursday,14,Evening,Traffic incident.,109
91,37,51.087400731476485,-114.07218344516676,2016-12-14 01:15:00-07:00,2026-09-24 20:41:43-06:00,11,Monday,8,Evening Rush,Traffic incident.,109
260,37,50.979642293513514,-113.93492227297297,2017-03-10 14:52:00-07:00,2026-06-23 06:22:00-06:00,9,Friday,16,Morning Rush,Two vehicle incident.,109
39,37,51.10465899097811,-114.16583096038217,2016-12-09 07:17:00-07:00,2026-09-25 16:01:29-06:00,11,Tuesday,8,Morning Rush,Traffic incident.,109
669,36,51.154403611111114,-113.93818997777778,2020-12-20 23:05:00-07:00,2026-09-03 21:22:00-06:00,6,Saturday,16,Evening,Traffic incident.,110
597,36,51.05754127611111,-114.095008725,2017-06-01 18:50:00-06:00,2026-08-02 13:51:00-06:00,10,Wednesday,7,Midday,Traffic incident.,110
472,36,50.988226096111106,-114.09488611666666,2017-07-01 00:28:00-06:00,2026-06-20 18:20:00-06:00,10,Wednesday,11,Midday,Traffic incident. Blocking the right lane,110
86,36,51.02420796194444,-114.11948705833333,2016-12-12 12:10:00-07:00,2026-08-26 14:48:00-06:00,11,Friday,16,Evening Rush,Traffic signals are flashing red. Crews have been dispatched.,110
311,36,51.13983494055556,-113.98327577499998,2017-03-30 16:28:00-06:00,2026-09-09 07:51:00-06:00,10,Thursday,7,Midday,Traffic incident.,110
618,36,51.121395398333334,-113.94683287777778,2018-06-01 14:28:00-06:00,2026-08-02 23:29:00-06:00,9,Friday,17,Evening Rush,Traffic incident.,110
342,36,50.987216481666664,-114.04422954166665,2017-04-12 19:28:00-06:00,2026-03-12 10:41:00-06:00,10,Saturday,12,Midday,Traffic incident.,110
258,36,50.989559013055555,-113.95885304999999,2017-03-10 11:23:00-07:00,2026-02-20 08:03:00-07:00,10,Friday,15,Evening Rush,Two vehicle incident.,110
517,36,51.06685589916666,-114.11796128888889,2017-08-23 19:15:00-06:00,2026-05-22 11:07:00-06:00,10,Friday,17,Midday,Traffic incident.,110
526,36,51.01601505527778,-114.1178594861111,2017-05-26 13:19:00-06:00,2026-09-02 16:48:00-06:00,10,Thursday,17,Evening Rush,Two vehicle incident.,110
269,36,51.04163932980833,-114.07148604671167,2017-03-13 02:35:00-06:00,2026-09-18 20:57:29-06:00,10,Friday,22,Evening,Traffic incident.,110
399,36,51.07395864944445,-113.95841362222222,2017-05-16 16:19:00-06:00,2026-08-25 06:55:00-06:00,10,Tuesday,15,Evening Rush,Two vehicle incident. Blocking the right lane,110
275,36,51.02222314333333,-114.14118244999999,2017-03-14 17:49:00-06:00,2026-08-31 06:58:00-06:00,9,Tuesday,9,Evening Rush,Traffic incident.,110
134,35,50.94791015571429,-114.07049058,2016-12-19 15:27:00-07:00,2026-04-20 16:14:00-06:00,10,Tuesday,16,Evening Rush,Two vehicle incident. Blocking the right lane,111
543,35,51.11516162,-114.15442740571429,2017-10-04 09:18:00-06:00,2026-08-27 19:16:00-06:00,9,Thursday,16,Evening Rush,Traffic incident.,111
454,35,51.04838647542857,-114.06279828285713,2017-06-21 02:09:00-06:00,2026-08-12 17:55:00-06:00,10,Friday,9,Evening Rush,Traffic incident.,111
560,35,51.168125470285716,-114.15246703714286,2017-10-29 07:11:00-06:00,2026-05-31 23:55:00-06:00,10,Tuesday,7,Morning Rush,Traffic incident.,111
35,35,50.950629780285716,-114.09479695142856,2016-12-08 22:15:00-07:00,2026-01-12 16:22:00-07:00,9,Thursday,12,Midday,Multi-vehicle incident. Blocking multiple lanes,111
102,35,51.11774231142857,-114.20525825714284,2016-12-15 08:24:00-07:00,2026-02-04 19:36:00-07:00,10,Tuesday,14,Midday,Two vehicle incident.,111
40,35,51.08830901542857,-114.1356138,2016-12-09 08:46:00-07:00,2026-05-11 03:17:00-06:00,11,Monday,8,Morning Rush,Traffic incident.,111
283,35,51.110642924,-113.93509992,2017-03-17 17:51:00-06:00,2026-08-14 12:09:00-06:00,9,Saturday,18,Evening Rush,Traffic incident.,111
110,35,51.04915878257143,-114.10595038285715,2016-12-15 18:31:00-07:00,2026-07-07 17:06:00-06:00,11,Wednesday,16,Evening Rush,Traffic incident.,111
518,35,51.043823790285714,-114.08141232285715,2017-08-26 05:45:00-06:00,2026-07-28 18:34:00-06:00,10,Saturday,11,Midday,Traffic incident.,111
73,34,51.06682004441176,-114.21098742352942,2016-12-11 13:12:00-07:00,2026-05-05 15:32:00-06:00,11,Friday,19,Evening,Two vehicle incident.,112
140,34,50.90656348705882,-114.04745844117647,2017-02-08 09:14:00-07:00,2026-02-11 08:47:00-07:00,10,Friday,16,Evening Rush,Traffic incident.,112
175,34,51.114718493235294,-114.15506067647058,2017-02-14 18:40:00-07:00,2026-06-15 09:40:00-06:00,10,Thursday,19,Evening Rush,Traffic incident.,112
494,34,51.06266397558824,-114.18516481176471,2017-07-17 18:38:00-06:00,2026-06-24 15:43:00-06:00,10,Tuesday,17,Evening Rush,Traffic incident.,112
502,34,51.03781116588235,-114.1179064735294,2017-08-02 16:03:00-06:00,2026-02-17 07:10:00-07:00,9,Wednesday,8,Evening Rush,Traffic incident.,112
367,34,51.05244745617647,-114.2110376617647,2017-04-26 12:47:00-06:00,2026-05-17 18:12:00-06:00,9,Wednesday,18,Evening Rush,Two vehicle incident.,112
264,34,50.97229642357059,-113.98205234936441,2017-03-10 17:18:00-07:00,2026-09-23 23:09:55-06:00,10,Thursday,7,Morning Rush,Traffic incident.,112
421,34,51.04093448794118,-113.98162186764705,2017-05-29 20:43:00-06:00,2026-08-13 11:09:00-06:00,10,Wednesday,16,Evening Rush,Traffic incident.,112
59,34,50.88245842970588,-113.95760212058823,2016-12-10 14:13:00-07:00,2026-08-01 18:30:00-06:00,10,Sunday,18,Evening Rush,Traffic incident.,112
390,34,51.063580513235294,-114.1494261117647,2017-05-09 14:45:00-06:00,2026-06-27 09:33:00-06:00,10,Tuesday,7,Morning Rush,Traffic incident.,112
398,34,51.0911818332353,-113.98181503235294,2017-05-16 10:55:00-06:00,2026-07-16 09:57:00-06:00,10,Saturday,14,Midday,Traffic incident.,112
646,33,50.948244992727275,-114.04203706666667,2019-03-26 09:19:00-06:00,2026-02-26 13:57:00-07:00,8,Monday,15,Evening Rush,Traffic incident.,113
644,33,51.15425225939394,-113.93372775151515,2019-03-11 22:00:00-06:00,2026-07-18 17:31:00-06:00,8,Thursday,17,Evening Rush,Traffic incident.,113
300,33,50.91297141215909,-114.07424459553181,2017-03-23 00:46:00-06:00,2026-09-22 11:21:53-06:00,9,Friday,21,Evening,Traffic incident.,113
427,33,51.049399314907575,-114.06521689963878,2017-06-04 15:35:00-06:00,2026-09-26 00:41:58-06:00,9,Saturday,8,Evening Rush,Traffic incident.,113
80,33,50.87828816727273,-114.04552613636363,2016-12-12 09:55:00-07:00,2026-05-11 16:44:00-06:00,11,Tuesday,17,Evening Rush,Two vehicle incident.,113
240,33,51.090780153333334,-114.09897019090909,2017-03-07 07:52:00-07:00,2026-04-30 06:01:00-06:00,10,Monday,6,Morning Rush,Two vehicle incident.,113
500,33,51.04736622090909,-114.06045507272728,2017-07-28 00:09:00-06:00,2026-07-12 13:58:00-06:00,9,Saturday,10,Midday,Traffic incident.,113
368,33,51.04248728666666,-113.98165257272727,2017-04-26 13:02:00-06:00,2026-07-10 15:10:00-06:00,10,Friday,15,Evening Rush,Traffic incident.,113
318,33,50.930566410909094,-114.06630840909091,2017-04-02 19:12:00-06:00,2026-07-05 17:15:00-06:00,10,Sunday,11,Evening Rush,Traffic incident.,113
443,33,51.03782090515152,-113.99797063636363,2017-06-14 15:25:00-06:00,2026-06-15 22:46:00-06:00,10,Friday,19,Evening Rush,Traffic incident.,113
280,33,51.01243088393939,-114.14114823939394,2017-03-16 16:02:00-06:00,2026-06-16 16:54:00-06:00,10,Thursday,16,Evening Rush,Traffic incident.,113
331,33,51.08299320181818,-114.09480344242425,2017-04-10 18:10:00-06:00,2025-12-03 07:36:00-07:00,9,Friday,16,Evening Rush,Traffic incident.,113
329,33,51.06568399848484,-113.98157078484849,2017-04-08 13:08:00-06:00,2026-06-05 20:17:00-06:00,10,Saturday,15,Evening Rush,Traffic signals are flashing red. Crews have been dispatched,113
537,33,51.008806506666666,-113.9587259030303,2017-09-28 09:38:00-06:00,2026-06-10 16:03:00-06:00,10,Monday,16,Evening Rush,Stalled vehicle. Blocking the right lane,113
375,33,51.04963461787879,-114.07356462121213,2017-04-29 14:48:00-06:00,2026-03-02 09:00:00-07:00,8,Monday,10,Evening Rush,Two vehicle incident.,113
570,32,51.0815392665625,-113.9918150875,2017-11-17 19:05:00-07:00,2026-03-27 19:15:00-06:00,10,Tuesday,13,Midday,Two vehicle incident.,114
279,32,50.957944514375,-113.98148166875,2017-03-16 12:58:00-06:00,2026-09-09 07:26:00-06:00,9,Thursday,9,Morning Rush,Two vehicle incident.,114
457,32,50.8940932425,-114.0938239125,2017-06-23 12:01:00-06:00,2025-12-11 07:38:00-07:00,8,Friday,7,Morning Rush,Two vehicle incident.,114
552,32,50.916503225,-113.97556529375,2017-05-10 17:11:00-06:00,2026-07-06 06:25:00-06:00,9,Wednesday,13,Evening Rush,Two vehicle incident.,114
217,32,50.9164686621875,-113.96471563125,2017-02-28 08:22:00-07:00,2026-09-08 16:12:00-06:00,10,Monday,16,Evening Rush,Traffic incident.,114
354,32,51.0037989853125,-113.958802109375,2017-04-21 13:23:00-06:00,2026-08-05 02:11:00-06:00,9,Wednesday,8,Morning Rush,Two vehicle incident.,114
631,32,51.067041219375,-114.010347240625,2018-08-04 13:47:00-06:00,2026-07-29 16:27:00-06:00,9,Thursday,16,Evening Rush,Two vehicle incident. Blocking the right lane,114
636,32,51.0092113228125,-114.1425218375,2018-09-26 16:59:00-06:00,2026-02-11 17:03:00-07:00,8,Friday,16,Evening Rush,Traffic incident.,114
171,32,50.9795030009375,-114.059942234375,2017-02-14 09:20:00-07:00,2026-08-21 13:49:00-06:00,10,Friday,17,Evening Rush,Traffic incident.,114
591,32,50.893891628750005,-113.94272036875,2018-01-10 18:01:00-07:00,2026-09-11 21:37:00-06:00,8,Monday,20,Evening Rush,Traffic incident.,114
599,32,51.0769363915625,-114.001794996875,2018-02-06 17:29:00-07:00,2026-07-29 09:27:00-06:00,8,Tuesday,15,Evening Rush,Traffic incident. Blocking the right lane,114
316,32,51.047107011875,-114.053050025,2017-04-01 14:05:00-06:00,2026-08-10 09:19:00-06:00,10,Friday,16,Evening Rush,Traffic signals are flashing red. Crews have been dispatched,114
577,32,51.101477831875,-113.9354554125,2017-12-04 02:56:00-07:00,2026-09-06 18:34:00-06:00,10,Thursday,16,Evening Rush,Traffic incident.,114
9,31,50.906499157096775,-114.11714558064516,2016-12-07 08:48:00-07:00,2026-09-12 11:49:00-06:00,9,Thursday,8,Morning Rush,Traffic incident.,115
388,31,51.04428124870968,-114.05321608064517,2017-05-08 15:00:00-06:00,2026-09-13 10:24:00-06:00,9,Monday,17,Evening Rush,Two vehicle incident.,115
250,31,51.14110820967742,-114.03522020645161,2017-03-09 07:06:00-07:00,2026-03-08 13:25:00-06:00,10,Wednesday,9,Morning Rush,Traffic incident.,115
550,31,51.08340319967742,-114.12523102580646,2017-10-14 20:06:00-06:00,2026-09-16 13:41:00-06:00,9,Wednesday,9,Evening,Traffic incident.,115
428,31,51.04925663387097,-114.06029708064517,2017-06-04 16:49:00-06:00,2026-08-31 15:51:00-06:00,10,Thursday,18,Midday,Two vehicle incident.,115
301,31,51.04127042419354,-114.03433567096774,2017-03-24 00:09:00-06:00,2026-02-15 15:47:00-07:00,10,Monday,15,Evening Rush,Traffic incident.,115
164,31,50.95054604354839,-114.07520658387097,2017-02-13 07:35:00-07:00,2026-08-29 15:44:00-06:00,10,Monday,1,Evening Rush,Single vehicle incident.,115
415,31,51.15205605553871,-114.20939179079289,2017-05-25 08:38:00-06:00,2026-09-25 08:08:50-06:00,10,Thursday,8,Morning Rush,Traffic incident.,115
161,31,51.03782297580645,-114.06112957741935,2017-02-12 05:00:00-07:00,2026-09-06 01:03:00-06:00,10,Sunday,8,Evening Rush,Traffic incident.,115
11,31,51.10691697709677,-114.22627686451612,2016-12-07 10:12:00-07:00,2026-02-27 06:38:00-07:00,10,Friday,10,Midday,Two vehicle incident.,115
397,31,51.08219031903226,-114.12714922903226,2017-05-16 10:27:00-06:00,2026-08-28 10:06:00-06:00,8,Friday,10,Midday,Traffic incident.,115
412,31,51.04514382225807,-113.98161142903227,2017-05-21 16:29:00-06:00,2026-09-10 17:35:00-06:00,10,Friday,16,Evening Rush,Traffic incident.,115
324,31,51.09616334234258,-114.03886851452322,2017-04-06 12:58:00-06:00,2026-09-24 14:01:15-06:00,9,Thursday,15,Evening Rush,Two vehicle incident. Blocking the right lane,115
2,31,51.10265145548387,-114.06244031612903,2016-12-06 17:08:00-07:00,2026-05-07 18:15:00-06:00,11,Saturday,17,Evening Rush,Traffic incident.,115
136,31,51.037920760967744,-113.96575811290322,2016-12-19 19:48:00-07:00,2026-07-05 14:26:00-06:00,10,Tuesday,16,Evening Rush,Traffic incident.,115
293,31,51.113242536129036,-113.98173991290324,2017-03-20 09:20:00-06:00,2026-07-14 14:06:00-06:00,10,Monday,16,Evening Rush,Traffic incident.,115
594,30,50.99414205166667,-114.05226096,2018-01-25 07:37:00-07:00,2026-07-13 16:23:00-06:00,9,Friday,16,Evening Rush,Traffic incident.,116
592,30,51.037761286666665,-113.96998458333333,2018-01-12 10:46:00-07:00,2026-07-31 10:32:00-06:00,7,Tuesday,11,Midday,Traffic incident.,116
615,30,51.01498734966666,-113.97715503333333,2018-05-11 17:13:00-06:00,2026-06-23 11:52:00-06:00,9,Monday,17,Evening Rush,Traffic incident.,116
442,30,51.160363993000004,-114.06806865333333,2017-06-12 18:55:00-06:00,2026-08-07 16:16:00-06:00,10,Tuesday,18,Evening Rush,Traffic incident.,116
200,30,51.06334894466667,-114.06252069666667,2017-02-23 05:07:00-07:00,2026-08-21 07:34:00-06:00,9,Saturday,16,Evening Rush,Traffic incident.,116
128,30,51.041578895,-114.13544748999999,2016-12-17 18:22:00-07:00,2026-08-25 09:07:00-06:00,11,Tuesday,18,Evening Rush,Two vehicle incident.,116
649,30,51.03051915733333,-114.18759707000001,2019-10-18 15:05:00-06:00,2026-03-25 09:57:00-06:00,7,Monday,16,Evening Rush,Traffic incident.,116
477,30,51.06685642433333,-114.06000246666667,2017-07-04 16:48:00-06:00,2026-06-20 05:16:00-06:00,10,Saturday,16,Evening Rush,Two vehicle incident. Blocking the left lane,116
638,30,51.110684342666666,-113.94077252000001,2018-10-29 16:09:00-06:00,2026-05-31 08:21:00-06:00,9,Monday,15,Evening,Traffic incident.,116
487,30,50.97225007566667,-114.06872172,2017-07-11 15:11:00-06:00,2026-01-28 15:44:00-07:00,10,Monday,15,Midday,Traffic incident.,116
449,30,51.118539805999994,-114.23307483666667,2017-06-16 18:47:00-06:00,2026-08-09 14:03:00-06:00,8,Friday,19,Midday,Traffic incident.,116
438,30,51.04746054266666,-114.06286943,2017-06-09 09:51:00-06:00,2026-07-08 12:54:00-06:00,9,Friday,16,Evening,Traffic incident.,116
553,30,50.90452723600001,-114.06459163333334,2017-10-16 12:47:00-06:00,2026-09-09 17:06:00-06:00,9,Saturday,4,Evening,Single vehicle incident.,116
282,30,51.096016168666665,-114.00173204333333,2017-03-17 09:37:00-06:00,2026-02-14 00:13:00-07:00,9,Monday,16,Evening Rush,Two vehicle incident.,116
360,30,51.049593499333334,-114.07147292333333,2017-04-23 02:37:00-06:00,2026-09-10 10:36:00-06:00,9,Friday,1,Midday,Traffic incident.,116
374,30,51.042302981,-114.06081338333334,2017-04-29 13:06:00-06:00,2026-07-16 11:22:00-06:00,8,Saturday,14,Midday,Traffic incident.,116
343,29,51.0463341324138,-114.05806164137931,2017-04-12 19:52:00-06:00,2026-05-13 15:30:00-06:00,9,Sunday,11,Evening,Two vehicle incident.,117
678,29,50.89166396307897,-114.09400882102138,2021-01-23 15:14:00-07:00,2026-09-23 16:49:36-06:00,6,Thursday,16,Evening Rush,Traffic incident.,117
620,29,51.13931830137931,-113.98186462413793,2017-06-03 16:32:00-06:00,2026-07-02 13:59:00-06:00,9,Wednesday,8,Evening Rush,Two vehicle incident. Blocking the right lane,117
653,29,51.04775342724138,-114.03592135172414,2019-11-29 17:59:00-07:00,2026-06-15 21:07:00-06:00,8,Thursday,17,Evening,Traffic incident. Blocking the right lane,117
405,29,51.037891160725174,-113.99315209570103,2017-05-19 18:59:00-06:00,2026-09-26 08:15:20-06:00,10,Monday,17,Evening Rush,Traffic signals are flashing red.,117
228,29,51.1181790924138,-114.06977167586207,2017-03-03 08:51:00-07:00,2026-05-31 18:22:00-06:00,10,Sunday,16,Evening Rush,Traffic incident.,117
265,29,50.9505203537931,-114.07159566206897,2017-03-10 22:46:00-07:00,2024-03-06 07:47:00-07:00,8,Monday,12,Midday,Two vehicle incident.,117
461,29,50.90384517724138,-114.0896704586207,2017-06-24 15:28:00-06:00,2026-07-03 10:01:00-06:00,10,Wednesday,19,Evening,Traffic incident.,117
437,29,50.98964838137931,-114.07174158965518,2017-06-09 09:46:00-06:00,2026-07-09 13:38:00-06:00,10,Wednesday,5,Midday,There is an incident involving a pedestrian- EMS on site.,117
450,29,51.02145702344827,-114.0606649275862,2017-06-16 20:48:00-06:00,2026-08-19 06:56:00-06:00,10,Friday,0,Midday,Traffic incident.,117
218,29,51.020312913103446,-114.04838441034482,2017-02-28 16:35:00-07:00,2026-04-17 20:09:00-06:00,10,Friday,13,Midday,Two vehicle incident.,117
538,29,51.181532970344826,-114.0949855,2017-09-29 01:02:00-06:00,2026-08-06 08:51:00-06:00,10,Wednesday,7,Evening Rush,Traffic incident.,117
564,29,50.87685111655172,-113.95769108965517,2017-11-05 22:56:00-07:00,2026-08-09 12:16:00-06:00,10,Friday,17,Evening Rush,Traffic incident.,117
408,29,51.043261485862075,-114.06073248965517,2017-05-20 04:44:00-06:00,2026-09-07 21:12:00-06:00,9,Sunday,1,Midday,Traffic incident.,117
197,29,51.03780840965517,-114.12365024137931,2017-02-22 14:25:00-07:00,2026-08-04 14:53:00-06:00,9,Friday,16,Evening Rush,Traffic incident.,117
292,29,51.13751394655173,-114.18495935517241,2017-03-19 11:08:00-06:00,2026-04-30 18:59:00-06:00,9,Thursday,18,Evening Rush,Traffic incident.,117
67,28,50.89425660964286,-113.97377034285715,2016-12-10 18:39:00-07:00,2026-01-05 20:20:00-07:00,10,Saturday,4,Evening,Traffic incident.,118
668,28,51.17092418678571,-114.10114248928572,2020-04-28 07:44:00-06:00,2026-09-08 12:31:00-06:00,7,Tuesday,16,Evening Rush,Traffic incident.,118
627,28,51.15420281142857,-113.95847230000001,2016-12-15 18:17:00-07:00,2026-08-04 16:39:00-06:00,11,Sunday,16,Evening Rush,Traffic incident.,118
27,28,51.03781755107143,-114.08986078214286,2016-12-08 09:11:00-07:00,2026-03-22 14:58:00-06:00,11,Sunday,15,Evening Rush,Traffic incident.,118
659,28,51.10948023928571,-113.97682582857144,2020-02-03 18:35:00-07:00,2026-06-12 18:07:00-06:00,7,Tuesday,16,Evening Rush,Traffic incident.,118
687,28,50.931780226428565,-114.02715814642856,2017-04-29 09:54:00-06:00,2026-07-05 11:22:00-06:00,10,Wednesday,9,Midday,Traffic incident.,118
225,28,51.030571731071426,-114.03713952857143,2017-03-02 09:28:00-07:00,2026-05-10 04:34:00-06:00,9,Thursday,9,Morning Rush,Traffic incident.,118
58,28,51.112005891071426,-114.18018711428572,2016-12-10 12:54:00-07:00,2026-09-09 16:28:00-06:00,8,Wednesday,8,Midday,2 vehicle incident.,118
123,28,50.91651498214286,-113.97855538928572,2016-12-16 23:08:00-07:00,2026-03-08 13:51:00-06:00,11,Saturday,18,Evening Rush,Traffic incident.,118
107,28,51.04193848035714,-114.08152878214287,2016-12-15 17:02:00-07:00,2026-05-23 17:45:00-06:00,11,Saturday,17,Evening Rush,Two vehicle incident.,118
277,28,51.03626229607143,-113.98161414285714,2017-03-15 16:41:00-06:00,2026-03-03 19:50:00-07:00,10,Tuesday,16,Evening,Two vehicle incident.,118
305,28,51.01288630214286,-114.06590257857144,2017-03-25 14:50:00-06:00,2025-08-27 15:23:00-06:00,9,Thursday,0,Midday,Traffic incident. Blocking the right lane,118
575,28,50.921544791071426,-114.07232725357143,2017-12-01 16:16:00-07:00,2026-09-15 21:11:00-06:00,9,Friday,1,Evening Rush,Single vehicle incident.,118
333,28,50.89293102535714,-114.03649151071428,2017-04-11 11:45:00-06:00,2026-01-24 17:14:00-07:00,10,Friday,17,Evening Rush,Two vehicle incident.,118
189,28,50.885157947857145,-113.94218809642857,2017-02-20 15:02:00-07:00,2026-08-22 21:29:00-06:00,10,Friday,9,Evening Rush,Traffic incident.,118
312,27,51.11072289111111,-113.95588562222221,2017-03-31 09:43:00-06:00,2025-08-10 21:43:00-06:00,9,Tuesday,16,Evening Rush,Traffic incident.,119
606,27,51.03760136111111,-114.17010711481481,2018-03-06 08:15:00-07:00,2025-12-18 12:49:00-07:00,8,Monday,6,Midday,Traffic incident.,119
624,27,51.16540894148148,-113.96998604814814,2018-07-12 18:35:00-06:00,2026-07-14 22:11:00-06:00,8,Sunday,18,Midday,Traffic incident.,119
607,27,51.065334075185184,-114.11798202222222,2018-03-07 09:24:00-07:00,2026-08-11 14:57:00-06:00,8,Wednesday,9,Midday,Traffic incident.,119
299,27,51.06685644962963,-114.08979102222223,2017-03-22 23:39:00-06:00,2025-02-04 15:18:00-07:00,9,Tuesday,16,Evening Rush,Traffic incident. Blocking the left lane,119
569,27,50.95053565888889,-114.0845255,2017-11-16 19:55:00-07:00,2026-02-05 14:15:00-07:00,10,Saturday,14,Evening Rush,Traffic incident.,119
579,27,51.168585835925924,-114.13225842962963,2017-12-11 17:09:00-07:00,2026-01-16 18:07:00-07:00,9,Thursday,17,Evening Rush,Traffic incident.,119
583,27,51.121370427407406,-114.20139632962963,2017-12-19 20:04:00-07:00,2026-07-28 17:10:00-06:00,10,Saturday,20,Midday,Traffic incident. Blocking the left lane,119
547,27,51.06280592444445,-113.93531408888887,2017-10-09 16:46:00-06:00,2026-09-02 18:23:00-06:00,9,Wednesday,17,Evening Rush,Traffic incident.,119
202,27,51.165256704074075,-114.13123115185184,2017-02-23 17:39:00-07:00,2026-03-27 12:01:00-06:00,9,Saturday,15,Evening Rush,Traffic incident.,119
386,27,51.11055921888889,-114.03685255555555,2017-05-06 18:32:00-06:00,2026-08-28 22:30:00-06:00,9,Friday,18,Evening Rush,Two vehicle incident.,119
381,27,51.11617148,-114.20684029629629,2017-05-02 23:53:00-06:00,2026-05-09 21:31:00-06:00,9,Friday,8,Evening Rush,Two vehicle incident.,119
325,27,51.05961421555556,-114.09472925555555,2017-04-06 19:28:00-06:00,2026-09-02 08:18:00-06:00,10,Thursday,13,Midday,Traffic incident.,119
327,27,51.08146806962963,-113.95300977407408,2017-04-07 17:11:00-06:00,2026-08-19 14:25:00-06:00,10,Wednesday,10,Midday,Traffic incident.,119
527,27,50.97229406444445,-114.10050342962963,2017-09-07 16:53:00-06:00,2026-08-25 11:51:00-06:00,9,Wednesday,17,Evening Rush,Traffic incident.,119
389,27,51.07136831222221,-113.98555652222223,2017-05-08 16:31:00-06:00,2025-11-23 17:23:00-07:00,9,Wednesday,15,Evening Rush,Traffic incident.,119
286,27,51.03773654518518,-113.98667043333333,2017-03-17 18:45:00-06:00,2026-01-13 07:25:00-07:00,9,Tuesday,8,Evening,Traffic incident.,119
214,27,51.04890503111111,-114.08102993333333,2017-02-27 12:17:00-07:00,2026-06-23 15:08:00-06:00,9,Tuesday,15,Evening Rush,Traffic incident. Blocking the right lane,119
478,27,51.042311704444444,-114.0946997074074,2017-07-05 00:55:00-06:00,2025-09-04 16:16:00-06:00,8,Friday,22,Midday,Two vehicle incident.,119
224,27,51.125150389629624,-113.93711732962963,2017-03-02 08:12:00-07:00,2026-07-02 21:21:00-06:00,8,Monday,16,Evening Rush,Traffic incident.,119
266,26,50.89931023,-114.0583629,2017-03-11 06:59:00-07:00,2020-04-21 17:15:00-06:00,4,Tuesday,10,Midday,Two vehicle incident.,120
686,26,51.06707916115385,-113.93107533846154,2023-05-08 08:21:00-06:00,2026-08-15 21:10:00-06:00,4,Saturday,13,Evening,Traffic incident.,120
637,26,50.95059453576923,-114.11822554615385,2018-10-26 07:45:00-06:00,2026-07-29 18:24:00-06:00,8,Friday,12,Midday,Two vehicle incident.,120
456,26,51.04362890346154,-114.07400095,2017-06-22 22:19:00-06:00,2025-07-06 14:29:00-06:00,9,Thursday,15,Midday,Two vehicle incident.,120
484,26,51.020063743461535,-114.03006624230768,2017-07-10 23:56:00-06:00,2026-09-06 06:39:00-06:00,10,Wednesday,7,Evening Rush,Traffic incident.,120
562,26,51.01763157029,-113.97962989548347,2017-10-31 01:00:00-06:00,2026-09-26 17:01:42-06:00,9,Wednesday,17,Evening,Traffic incident.,120
559,26,50.88396363038461,-113.94928305,2017-10-28 14:21:00-06:00,2026-03-10 11:32:00-06:00,9,Monday,8,Evening Rush,Traffic incident.,120
182,26,51.030053615,-114.14113639230769,2017-02-17 10:19:00-07:00,2026-08-14 08:54:00-06:00,9,Friday,15,Evening Rush,Traffic incident.,120
119,26,51.03400565692308,-114.02544456153848,2016-12-16 15:02:00-07:00,2026-04-10 18:43:00-06:00,11,Wednesday,8,Evening Rush,Traffic incident.,120
64,26,51.06707603269231,-114.11268721538461,2016-12-10 18:01:00-07:00,2026-01-21 12:45:00-07:00,11,Saturday,18,Evening Rush,Traffic incident.,120
61,26,51.03800393557616,-114.21130047936384,2016-12-10 14:54:00-07:00,2026-09-22 15:57:18-06:00,11,Monday,15,Evening Rush,Traffic incident.,120
193,26,51.03784998769231,-114.0842530923077,2017-02-21 12:30:00-07:00,2026-09-02 15:30:00-06:00,10,Wednesday,13,Midday,Traffic incident.,120
609,26,51.037876286538456,-113.96137021153847,2018-03-25 00:41:00-06:00,2026-05-11 06:19:00-06:00,9,Monday,17,Evening Rush,Traffic incident.,120
630,26,51.15267650846154,-114.15072351923078,2018-08-02 14:04:00-06:00,2026-07-14 12:00:00-06:00,8,Tuesday,12,Midday,Traffic incident.,120
645,26,51.049711734615386,-114.07605580769231,2019-03-16 08:08:00-06:00,2026-04-10 08:03:00-06:00,8,Tuesday,8,Midday,Traffic incident.,120
584,26,51.07614196856923,-113.93554894133308,2017-12-20 11:07:00-07:00,2026-09-23 18:47:40-06:00,8,Friday,2,Midday,Traffic incident.,120
588,26,51.037601155384614,-113.99555131153846,2018-01-03 06:39:00-07:00,2026-06-29 18:24:00-06:00,9,Tuesday,15,Evening Rush,Two vehicle incident. Blocking the right lane,120
406,26,51.05123108653846,-114.06266394615385,2017-05-20 00:39:00-06:00,2026-08-07 15:26:00-06:00,9,Friday,17,Evening Rush,Traffic incident.,120
593,26,51.160191219615385,-114.07112366538462,2018-01-12 10:50:00-07:00,2026-08-25 18:11:00-06:00,8,Wednesday,17,Midday,Traffic incident.,120
598,26,51.14460938807693,-114.20351940384616,2018-02-02 16:13:00-07:00,2026-04-06 09:13:00-06:00,9,Monday,14,Evening Rush,Traffic incident.,120
81,26,50.968631248076925,-113.9587311653846,2016-12-12 10:24:00-07:00,2026-03-10 06:28:00-06:00,10,Tuesday,16,Morning Rush,Traffic incident.,120
445,26,51.125560705926155,-114.20707552714808,2017-06-14 22:34:00-06:00,2026-09-27 07:50:02-06:00,9,Friday,14,Midday,Traffic incident.,120
439,26,51.015089675,-113.9793909,2017-06-10 11:37:00-06:00,2026-08-05 17:34:00-06:00,10,Tuesday,7,Evening,Traffic incident.,120
274,26,50.90658691423077,-114.05531265769231,2017-03-14 16:32:00-06:00,2026-01-02 19:08:00-07:00,10,Tuesday,9,Midday,Traffic incident. Blocking multiple lanes,120
510,25,50.953644323199995,-114.001105948,2017-08-12 10:28:00-06:00,2026-05-03 14:34:00-06:00,10,Saturday,8,Evening,Traffic incident.,121
466,25,51.14028053399999,-114.10907142399999,2017-06-26 23:09:00-06:00,2025-12-09 17:36:00-07:00,9,Tuesday,17,Evening Rush,Traffic incident.,121
463,25,51.048982115838,-114.0835154411404,2017-06-24 21:44:00-06:00,2026-09-24 09:35:39-06:00,10,Monday,9,Evening,Traffic incident.,121
245,25,51.0960820444,-113.96081926400001,2017-03-08 11:37:00-07:00,2025-12-28 05:12:00-07:00,9,Wednesday,19,Evening Rush,Two vehicle incident.,121
460,25,51.0488332924,-114.152745428,2017-06-24 14:07:00-06:00,2026-08-28 09:37:00-06:00,8,Tuesday,11,Midday,Two vehicle incident.,121
643,25,51.0411280548,-114.11203898,2017-10-27 19:42:00-06:00,2026-08-20 19:33:00-06:00,9,Wednesday,9,Morning Rush,Traffic incident. Blocking the right lane,121
675,25,51.1834697352,-114.06955958799999,2021-05-17 20:05:00-06:00,2026-09-08 08:32:00-06:00,6,Monday,8,Evening Rush,Traffic incident.,121
392,25,51.0486951776,-114.073644652,2017-05-10 11:17:00-06:00,2026-08-28 02:45:00-06:00,9,Tuesday,14,Midday,Traffic signals are flashing red. Crews have been dispatched.,121
319,25,51.0492648608,-114.09593879599998,2017-04-02 19:29:00-06:00,2025-10-12 09:13:00-06:00,9,Monday,18,Evening Rush,Traffic incident.,121
321,25,51.039393418,-113.970014144,2017-04-03 17:22:00-06:00,2026-09-15 15:47:00-06:00,7,Tuesday,17,Evening Rush,Traffic incident.,121
121,25,51.0814598004,-113.98542321199999,2016-12-16 16:04:00-07:00,2026-02-05 15:52:00-07:00,11,Tuesday,17,Evening Rush,Two vehicle incident.,121
432,25,50.9634935344,-114.012592776,2017-06-06 18:53:00-06:00,2026-05-26 13:51:00-06:00,9,Tuesday,13,Evening Rush,Traffic incident.,121
549,25,50.964706301199996,-114.079195664,2017-10-12 02:08:00-06:00,2026-04-07 16:14:00-06:00,10,Saturday,16,Evening Rush,Two vehicle incident.,121
87,25,50.9650816576,-114.07458074400002,2016-12-12 13:15:00-07:00,2026-08-23 20:23:00-06:00,10,Tuesday,16,Evening Rush,Traffic incident.,121
551,25,51.0475310348,-114.06535099999999,2017-10-15 14:46:00-06:00,2026-07-12 13:58:00-06:00,10,Sunday,10,Midday,Two vehicle incident.,121
610,25,51.0768980332,-114.00507553999999,2018-03-31 03:25:00-06:00,2026-05-02 11:34:00-06:00,9,Tuesday,12,Midday,Traffic incident.,121
625,25,51.0595140716,-113.975080816,2018-07-16 19:21:00-06:00,2026-08-31 19:36:00-06:00,9,Monday,19,Midday,Traffic incident.,121
172,25,51.1208256452,-114.16664474,2017-02-14 12:44:00-07:00,2026-02-19 14:56:00-07:00,10,Thursday,9,Midday,Traffic incident.,121
578,25,51.0159019196,-113.91200706800001,2017-12-11 07:24:00-07:00,2026-07-14 16:32:00-06:00,10,Thursday,7,Morning Rush,Two vehicle incident.,121
49,25,51.058878176,-114.062536484,2016-12-09 18:08:00-07:00,2026-08-25 16:52:00-06:00,10,Wednesday,22,Evening,Traffic incident.,121
251,25,50.9795562048,-113.99927806400001,2017-03-09 08:22:00-07:00,2026-08-16 19:21:00-06:00,10,Monday,16,Morning Rush,Traffic incident.,121
676,25,50.982691942399995,-114.161737152,2021-05-21 12:14:00-06:00,2026-07-08 17:48:00-06:00,6,Thursday,17,Evening Rush,Traffic incident.,121
30,25,51.165381663999995,-114.160468752,2016-12-08 16:48:00-07:00,2026-07-05 14:38:00-06:00,11,Thursday,17,Evening Rush,Traffic incident.,121
470,25,51.055194988,-113.95657050400001,2017-06-29 19:59:00-06:00,2025-12-15 15:06:00-07:00,8,Monday,15,Evening Rush,Traffic incident.,121
473,25,50.917646814,-114.100280852,2017-07-01 04:17:00-06:00,2026-06-30 16:17:00-06:00,10,Friday,16,Evening Rush,Traffic incident.,121
673,25,51.0088388504,-114.141371332,2019-02-16 14:41:00-07:00,2026-01-14 07:20:00-07:00,8,Wednesday,11,Midday,Traffic incident.,121
411,25,51.0377996724,-114.135428648,2017-05-21 15:17:00-06:00,2025-08-27 19:44:00-06:00,8,Sunday,14,Evening Rush,Two vehicle incident.,121
211,24,51.08151021625,-114.06250492083332,2017-02-26 17:16:00-07:00,2026-08-16 21:59:00-06:00,9,Monday,15,Evening Rush,Traffic incident.,122
504,24,51.068480884240834,-114.12659096693291,2017-08-04 13:53:00-06:00,2026-09-24 08:56:50-06:00,10,Wednesday,13,Evening,Traffic incident.,122
639,24,51.03781615212875,-113.97287936523168,2018-11-09 10:15:00-07:00,2026-09-22 12:03:10-06:00,9,Friday,12,Midday,Traffic incident.,122
358,24,51.059774718859586,-114.06253663489751,2017-04-22 16:46:00-06:00,2026-09-23 23:07:19-06:00,9,Tuesday,15,Evening Rush,Traffic incident.,122
532,24,51.152003418750006,-114.16545130833333,2017-07-31 12:08:00-06:00,2026-02-04 07:07:00-07:00,9,Monday,17,Evening Rush,Two vehicle incident. Blocking the right lane,122
565,24,51.17356160208333,-114.10869564583334,2017-11-07 07:01:00-07:00,2026-09-06 15:55:00-06:00,7,Tuesday,7,Evening,Traffic incident.,122
542,24,51.165297842499996,-113.951102575,2017-10-03 19:51:00-06:00,2025-09-20 20:58:00-06:00,7,Wednesday,17,Evening Rush,Traffic incident.,122
612,24,50.97964154416667,-113.93077521666667,2018-04-26 17:29:00-06:00,2026-08-12 17:27:00-06:00,7,Thursday,16,Evening Rush,Traffic incident.,122
152,24,51.01909909875,-113.95873104583332,2017-02-10 06:24:00-07:00,2026-08-13 15:51:00-06:00,9,Friday,16,Evening Rush,Traffic incident.,122
154,24,50.96399251541667,-114.04842569166665,2017-02-10 10:46:00-07:00,2025-12-27 12:16:00-07:00,8,Saturday,17,Evening Rush,Traffic incident.,122
357,24,50.89102592541667,-113.94281795,2017-04-22 14:51:00-06:00,2026-07-28 14:58:00-06:00,10,Wednesday,18,Evening Rush,Traffic incident.,122
384,24,51.01379222333333,-114.19626048333333,2017-05-05 20:11:00-06:00,2024-11-18 09:04:00-07:00,6,Friday,20,Evening,Two vehicle incident.,122
320,24,51.04776649000001,-114.07374923750001,2017-04-02 20:52:00-06:00,2025-02-04 13:15:00-07:00,9,Wednesday,13,Evening Rush,Traffic incident.,122
435,24,51.12258736458333,-114.07152925416666,2017-06-07 18:45:00-06:00,2026-03-30 12:44:00-06:00,10,Friday,18,Evening,Traffic incident.,122
166,24,50.98813665,-114.0962515,2017-02-13 15:07:00-07:00,2025-07-30 11:57:00-06:00,9,Friday,15,Evening Rush,Traffic incident.,122
621,24,51.01479278208333,-113.95831602083332,2017-03-14 19:35:00-06:00,2026-02-18 06:28:00-07:00,10,Friday,19,Evening Rush,Single vehicle incident. Blocking the right lane,122
634,24,51.05522857416667,-114.06241452083333,2018-08-29 14:27:00-06:00,2026-04-21 16:48:00-06:00,8,Tuesday,13,Evening Rush,Stalled vehicle. Blocking the right lane,122
632,24,50.94120398791667,-114.029300875,2018-08-05 06:51:00-06:00,2026-07-12 08:39:00-06:00,9,Sunday,14,Midday,Traffic incident.,122
667,24,50.93612321224041,-114.1387692803125,2020-11-30 08:21:00-07:00,2026-09-21 22:53:45-06:00,7,Monday,16,Evening,Traffic incident.,122
92,24,51.165446951472916,-113.97155169744583,2016-12-14 07:44:00-07:00,2026-09-22 21:32:09-06:00,11,Friday,19,Evening Rush,Traffic incident.,122
530,24,51.07529378125,-114.16440855833332,2017-09-13 22:15:00-06:00,2026-06-27 07:15:00-06:00,9,Monday,7,Evening,Two vehicle incident.,122
492,23,51.12655667391304,-113.94764453043479,2017-07-16 05:29:00-06:00,2026-08-04 15:43:00-06:00,9,Saturday,17,Evening Rush,Traffic incident.,123
464,23,51.04911985260869,-113.95646667826087,2017-06-25 14:46:00-06:00,2026-08-30 20:36:00-06:00,10,Monday,14,Evening Rush,Traffic incident.,123
337,23,51.16877069608695,-113.99337016956521,2017-04-12 03:37:00-06:00,2026-09-10 23:10:00-06:00,9,Saturday,23,Evening,Traffic incident.,123
680,23,50.89520969652174,-114.02497713913044,2020-01-08 20:58:00-07:00,2026-07-26 12:33:00-06:00,6,Wednesday,8,Evening Rush,Two vehicle incident. Blocking the right lane,123
476,23,51.10096097304348,-114.14143603043478,2017-07-04 10:09:00-06:00,2026-07-28 20:35:00-06:00,9,Tuesday,15,Evening Rush,Traffic incident.,123
78,23,51.14415704652174,-114.11210124782609,2016-12-12 08:46:00-07:00,2026-06-24 17:54:00-06:00,10,Saturday,8,Evening Rush,Traffic incident.,123
513,23,51.04309773695652,-114.08887594347826,2017-08-16 15:17:00-06:00,2026-07-16 12:09:00-06:00,9,Thursday,15,Evening Rush,Traffic incident.,123
144,23,51.13412838434783,-114.23435830869565,2017-02-09 07:03:00-07:00,2025-07-24 16:24:00-06:00,4,Thursday,9,Morning Rush,Single vehicle incident.,123
688,23,50.901748752173916,-114.0646401652174,2018-06-15 22:48:00-06:00,2026-05-15 20:31:00-06:00,8,Thursday,15,Evening Rush,Traffic incident.,123
294,23,51.07580877434783,-113.9886983652174,2017-03-20 12:30:00-06:00,2026-08-13 16:15:00-06:00,9,Monday,13,Evening Rush,Traffic incident.,123
567,23,51.01710020913043,-114.07853899999999,2017-06-02 18:12:00-06:00,2026-08-21 12:55:00-06:00,9,Friday,7,Morning Rush,Traffic incident.,123
694,23,51.14338108739131,-114.0138348,2018-07-28 15:04:00-06:00,2026-09-08 21:18:00-06:00,9,Thursday,15,Evening Rush,Traffic incident.,123
664,23,51.063323779130435,-114.02659388260871,2018-06-15 16:03:00-06:00,2026-06-21 18:23:00-06:00,9,Wednesday,11,Evening Rush,Two vehicle incident. Blocking the left lane,123
650,23,50.989614412608695,-114.0282236,2017-10-02 09:12:00-06:00,2026-07-19 13:40:00-06:00,9,Tuesday,17,Morning Rush,Two vehicle incident.,123
651,23,51.09415207826087,-114.04010807391305,2019-09-28 13:16:00-06:00,2026-09-01 17:47:00-06:00,7,Tuesday,14,Evening Rush,Multi-vehicle incident. Blocking the right lane,123
400,23,51.11888370391304,-113.94693649999999,2017-05-16 20:15:00-06:00,2026-07-18 10:06:00-06:00,9,Saturday,22,Evening,Traffic incident.,123
524,23,51.00137221043478,-114.06379765652173,2017-09-01 14:51:00-06:00,2026-04-24 08:15:00-06:00,10,Friday,15,Evening Rush,Traffic incident.,123
581,23,50.97957081608696,-114.06791843478261,2017-12-16 11:21:00-07:00,2026-07-19 11:31:00-06:00,8,Saturday,11,Evening Rush,Traffic incident.,123
82,23,51.008850671304344,-114.1460443826087,2016-12-12 11:17:00-07:00,2025-05-11 16:41:00-06:00,5,Friday,11,Evening Rush,Two vehicle incident.,123
122,23,51.16563145521739,-114.13014915217391,2016-12-16 18:38:00-07:00,2026-08-27 06:32:00-06:00,10,Tuesday,11,Evening Rush,Traffic incident.,123
563,23,50.95405888391304,-113.95862512608696,2017-04-18 19:18:00-06:00,2026-05-06 14:39:00-06:00,8,Wednesday,16,Evening Rush,Traffic incident. Blocking the right lane,123
365,23,51.05477375652175,-114.07948398260869,2017-04-25 09:23:00-06:00,2026-08-24 16:10:00-06:00,9,Monday,17,Evening Rush,Traffic incident.,123
596,22,51.084967953181824,-114.04643536818183,2018-02-01 07:50:00-07:00,2026-08-17 12:13:00-06:00,9,Tuesday,12,Evening Rush,Traffic incident.,124
657,22,50.88051179227273,-113.96563224545456,2018-02-12 09:51:00-07:00,2026-09-07 21:54:00-06:00,8,Friday,9,Morning Rush,Traffic incident.,124
660,22,50.950579929090914,-114.09879027727271,2018-09-20 08:35:00-06:00,2026-04-08 22:08:00-06:00,8,Saturday,17,Evening Rush,Traffic incident.,124
691,22,51.17357583363636,-114.06957323181818,2017-06-07 19:03:00-06:00,2026-08-16 20:58:00-06:00,9,Thursday,17,Evening,Single vehicle incident.,124
410,22,51.05249968818182,-114.10556087727272,2017-05-21 13:11:00-06:00,2026-03-19 11:57:00-06:00,10,Thursday,19,Evening,Traffic incident.,124
635,22,51.04723595272728,-114.05557348181819,2018-09-22 22:55:00-06:00,2026-05-06 18:14:00-06:00,9,Saturday,16,Evening,There is an incident involving a cyclist- EMS on site.,124
672,22,51.13245693909091,-113.96585760909092,2021-02-08 09:52:00-07:00,2026-09-11 15:07:00-06:00,6,Monday,15,Evening Rush,Traffic incident.,124
63,22,50.90282166954545,-114.0985915909091,2016-12-10 17:25:00-07:00,2026-04-11 22:09:00-06:00,9,Saturday,7,Evening Rush,Traffic incident.,124
366,22,51.02326327681818,-114.1876881909091,2017-04-25 18:10:00-06:00,2026-06-04 15:32:00-06:00,8,Wednesday,14,Midday,Traffic incident.,124
51,22,51.08154371409091,-113.94100871818182,2016-12-09 18:40:00-07:00,2025-11-19 11:17:00-07:00,8,Sunday,8,Midday,Traffic incident.,124
546,22,51.06870925818182,-113.98616407272726,2017-10-08 16:31:00-06:00,2026-06-15 17:55:00-06:00,10,Tuesday,12,Evening Rush,Traffic incident.,124
303,22,50.87047652363637,-114.04058086363635,2017-03-24 18:46:00-06:00,2026-07-29 16:57:00-06:00,9,Monday,11,Midday,Two vehicle incident.,124
125,22,51.00940374000001,-114.1637921,2016-12-17 12:44:00-07:00,2019-04-17 21:31:00-06:00,4,Wednesday,19,Evening,Two vehicle incident.,124
422,22,51.07427715045455,-114.1063148818182,2017-06-01 18:47:00-06:00,2026-09-01 15:45:00-06:00,9,Tuesday,14,Evening Rush,Traffic incident.,124
622,22,51.04626217227272,-114.05558522272727,2018-07-09 09:42:00-06:00,2026-08-10 09:15:00-06:00,7,Monday,9,Morning Rush,Traffic signals are flashing red.,124
315,22,51.09614322318182,-113.96865396363637,2017-03-31 20:02:00-06:00,2026-04-30 05:20:00-06:00,9,Tuesday,16,Evening Rush,Traffic incident. Blocking the right lane,124
314,22,50.93023940181818,-114.06294697727272,2017-03-31 18:57:00-06:00,2026-03-08 14:32:00-06:00,8,Friday,15,Evening Rush,Traffic incident.,124
263,22,50.92129082454546,-114.07508432727272,2017-03-10 17:14:00-07:00,2026-03-18 09:09:00-06:00,8,Friday,9,Midday,Traffic incident.,124
262,22,51.06004665909091,-113.95840847272729,2017-03-10 17:04:00-07:00,2025-09-03 19:03:00-06:00,9,Saturday,12,Evening Rush,Traffic incident. Blocking the right lane,124
479,22,51.046746809999995,-114.07147979999999,2017-07-05 01:28:00-06:00,2026-08-02 09:12:00-06:00,9,Monday,13,Night,Traffic incident.,124
98,22,51.015966784545455,-114.04899866363635,2016-12-14 15:13:00-07:00,2026-08-21 18:14:00-06:00,10,Friday,16,Evening Rush,Two vehicle incident.,124
458,22,51.040413938181814,-114.09469553181818,2017-06-23 20:48:00-06:00,2026-03-07 16:12:00-07:00,9,Saturday,7,Evening Rush,Two vehicle incident.,124
359,22,50.910462714999994,-113.94946115454545,2017-04-22 17:24:00-06:00,2026-08-30 03:50:00-06:00,9,Saturday,11,Midday,Traffic incident.,124
490,22,51.05970408318182,-114.21134373636363,2017-07-13 11:24:00-06:00,2025-07-21 16:27:00-06:00,9,Tuesday,18,Evening Rush,Traffic incident.,124
19,22,51.06155739636363,-114.06252262272729,2016-12-07 18:35:00-07:00,2026-02-04 16:30:00-07:00,11,Wednesday,8,Evening,Traffic incident. Blocking the right lane,124
674,22,51.110695128181824,-114.04490586818183,2019-02-13 08:41:00-07:00,2026-08-26 15:48:00-06:00,7,Wednesday,15,Evening Rush,Multi-vehicle incident. Blocking the right lane,124
685,21,51.03193686857143,-113.99764484285714,2017-02-17 14:36:00-07:00,2026-07-06 14:17:00-06:00,7,Friday,6,Midday,Single vehicle incident. Blocking the right lane,125
681,21,51.096134842380955,-113.9656593,2018-08-12 12:19:00-06:00,2026-07-17 09:24:00-06:00,8,Tuesday,22,Evening,Traffic incident. Blocking the right lane,125
20,21,51.0502837752381,-114.06268863809525,2016-12-07 18:53:00-07:00,2026-04-07 07:24:00-06:00,10,Monday,18,Morning Rush,Traffic incident.,125
656,21,51.10721557761905,-114.04671652857144,2019-11-21 06:56:00-07:00,2026-07-07 18:10:00-06:00,7,Thursday,13,Evening Rush,Traffic incident. Blocking the right lane,125
677,21,50.92552117095238,-114.13870042380952,2021-07-13 22:59:00-06:00,2026-09-09 12:14:00-06:00,6,Wednesday,7,Morning Rush,Traffic incident.,125
640,21,51.132570872857144,-113.95846897142857,2018-11-14 16:15:00-07:00,2026-07-11 20:44:00-06:00,8,Wednesday,16,Evening Rush,Traffic incident.,125
641,21,51.16813799385524,-114.14166096997762,2018-11-16 21:01:00-07:00,2026-09-24 21:38:31-06:00,7,Tuesday,14,Midday,Traffic incident.,125
147,21,51.14200263952381,-114.1261884857143,2017-02-09 15:19:00-07:00,2026-04-16 08:40:00-06:00,4,Friday,11,Evening,Two vehicle incident.,125
595,21,50.95031652619047,-113.97830962857142,2018-01-27 15:11:00-07:00,2026-05-05 09:29:00-06:00,9,Tuesday,9,Midday,Traffic incident. Blocking the right lane,125
181,21,51.09217228000001,-114.0947551142857,2017-02-17 00:21:00-07:00,2026-05-15 11:19:00-06:00,8,Friday,1,Midday,Traffic incident. Blocking the right lane,125
548,21,51.070623589523805,-114.05613405238095,2017-10-10 14:21:00-06:00,2025-12-13 15:29:00-07:00,8,Saturday,16,Midday,Traffic incident.,125
540,21,51.047604028571435,-114.06782216666666,2017-10-02 17:02:00-06:00,2026-07-12 09:57:00-06:00,10,Sunday,10,Midday,Traffic incident.,125
377,21,51.06441969952381,-114.06249572380953,2017-05-01 10:08:00-06:00,2026-06-16 17:27:00-06:00,8,Monday,17,Evening Rush,Traffic incident.,125
662,21,50.93420842190477,-113.95849816666666,2017-02-09 23:20:00-07:00,2026-06-11 17:11:00-06:00,9,Tuesday,17,Evening Rush,Traffic incident. Blocking the right lane,125
666,21,51.04494507142857,-114.00194043809523,2018-07-17 16:29:00-06:00,2026-01-07 08:08:00-07:00,8,Thursday,16,Evening Rush,Traffic incident.,125
178,21,51.04803431333333,-114.08375077142857,2017-02-15 17:21:00-07:00,2026-07-10 09:21:00-06:00,9,Monday,17,Evening Rush,Traffic incident.,125
307,21,50.997732639047626,-114.06381464285715,2017-03-28 12:23:00-06:00,2026-03-14 22:54:00-06:00,10,Tuesday,16,Midday,Traffic incident.,125
587,21,50.89588207238095,-113.9912527047619,2017-12-29 12:54:00-07:00,2026-07-12 19:09:00-06:00,9,Friday,8,Midday,Traffic incident.,125
109,21,50.913743029523815,-114.0894569857143,2016-12-15 17:34:00-07:00,2026-08-13 17:16:00-06:00,10,Sunday,8,Morning Rush,Traffic incident.,125
288,21,50.950468987142855,-114.10901836666666,2017-03-18 17:49:00-06:00,2026-08-14 22:31:00-06:00,7,Friday,8,Morning Rush,Multi-vehicle incident.,125
505,21,51.05326791761905,-114.05026612857144,2017-08-07 11:51:00-06:00,2026-04-27 17:33:00-06:00,9,Monday,11,Midday,Traffic incident.,125
453,21,51.04041634190476,-114.06092213809524,2017-06-17 23:27:00-06:00,2026-09-09 16:32:00-06:00,8,Sunday,10,Evening,Traffic incident.,125
501,21,50.96132783095238,-114.10334080952381,2017-07-29 10:48:00-06:00,2026-01-26 21:33:00-07:00,9,Tuesday,14,Evening Rush,Traffic incident.,125
206,21,51.04730872571428,-114.05795884761905,2017-02-24 09:22:00-07:00,2026-09-03 18:23:00-06:00,8,Saturday,11,Midday,Traffic incident. Blocking the right lane,125
50,21,50.93209319904762,-113.96569272857144,2016-12-09 18:36:00-07:00,2026-07-01 20:50:00-06:00,9,Friday,19,Evening,Traffic incident.,125
556,21,51.081624218095236,-113.96358993809524,2017-10-22 20:43:00-06:00,2026-05-09 23:38:00-06:00,9,Friday,20,Evening,Traffic incident.,125
663,21,51.03004285047619,-113.9976765952381,2019-01-08 06:41:00-07:00,2026-04-18 17:38:00-06:00,8,Friday,17,Evening Rush,Traffic incident. Blocking the right lane,125
402,21,51.163194548571425,-114.14415618095238,2017-05-17 18:55:00-06:00,2026-08-16 14:12:00-06:00,9,Monday,18,Evening Rush,Traffic incident.,125
619,21,51.04246120047618,-114.06572819523808,2018-06-07 08:44:00-06:00,2025-04-29 16:06:00-06:00,7,Saturday,18,Evening Rush,Traffic incident.,125
566,21,51.04876353619048,-114.0761076,2017-11-10 13:15:00-07:00,2025-10-29 17:38:00-06:00,9,Wednesday,8,Evening,Traffic incident.,125
506,20,50.906630526,-114.11050282000001,2017-08-09 19:19:00-06:00,2026-05-04 12:48:00-06:00,10,Monday,13,Midday,Traffic incident.,126
683,20,51.0270231895,-113.99909034499998,2017-09-01 18:44:00-06:00,2026-07-28 15:32:00-06:00,8,Tuesday,15,Evening Rush,Multi-vehicle incident. Blocking the left lane,126
682,20,51.0895482545,-114.09477442,2018-03-29 23:23:00-06:00,2026-08-24 20:33:00-06:00,8,Tuesday,15,Evening Rush,Traffic incident.,126
679,20,50.907314414999995,-113.90951975,2022-01-10 12:25:00-07:00,2026-09-11 07:52:00-06:00,5,Sunday,18,Morning Rush,Traffic incident.,126
516,20,51.0498187635,-114.080991055,2017-08-21 10:19:00-06:00,2026-06-29 15:32:00-06:00,9,Wednesday,6,Evening Rush,Traffic incident. Blocking multiple lanes,126
233,20,51.0474850315,-114.00183392000001,2017-03-05 10:50:00-07:00,2026-05-20 17:01:00-06:00,9,Thursday,15,Evening Rush,Traffic incident.,126
485,20,50.9284316865,-113.93525871,2017-07-11 05:42:00-06:00,2025-05-10 16:15:00-06:00,8,Saturday,16,Evening Rush,Traffic incident.,126
272,20,51.0393958725,-113.981651715,2017-03-14 14:20:00-06:00,2025-12-27 17:26:00-07:00,6,Tuesday,17,Evening Rush,Two vehicle incident.,126
509,20,50.9614644215,-114.09848523000001,2017-08-12 00:38:00-06:00,2026-09-10 07:45:00-06:00,10,Monday,8,Evening Rush,Traffic incident. Blocking the right lane,126
690,20,50.897666227500004,-113.99237356,2017-06-05 19:00:00-06:00,2024-08-25 11:52:00-06:00,8,Friday,17,Evening Rush,Single vehicle incident.,126
361,20,51.046478195999995,-114.062925615,2017-04-23 04:41:00-06:00,2026-05-21 17:22:00-06:00,8,Friday,17,Evening Rush,Traffic incident.,126
613,20,51.046866359,-114.186356475,2018-05-09 19:31:00-06:00,2026-02-06 18:10:00-07:00,9,Monday,17,Evening Rush,Traffic incident.,126
582,20,51.0413665635,-114.09471290000002,2017-12-19 09:05:00-07:00,2026-05-10 19:37:00-06:00,7,Sunday,16,Evening Rush,Traffic incident.,126
544,20,51.1080993455,-114.16237173500001,2017-10-04 19:54:00-06:00,2026-03-25 17:01:00-06:00,10,Tuesday,13,Midday,Traffic incident.,126
188,20,50.8858673135,-114.02482762499999,2017-02-20 09:53:00-07:00,2026-07-20 14:04:00-06:00,9,Monday,11,Midday,Traffic incident.,126
580,20,51.0056317695,-114.069883305,2017-12-13 12:14:00-07:00,2026-08-10 10:28:00-06:00,9,Friday,12,Midday,Traffic incident.,126
423,20,51.1403914175,-114.13205293000001,2017-06-02 20:05:00-06:00,2026-03-30 19:32:00-06:00,10,Saturday,18,Evening,Traffic incident.,126
434,20,51.131652961,-114.10646488,2017-06-07 14:45:00-06:00,2026-02-18 14:23:00-07:00,9,Wednesday,10,Midday,Traffic incident.,126
521,20,51.100079602,-114.03643913,2017-08-30 10:39:00-06:00,2026-07-23 17:15:00-06:00,10,Thursday,13,Evening Rush,Traffic incident.,126
440,20,50.972908245999996,-114.01589480499999,2017-06-10 12:22:00-06:00,2026-08-25 11:41:00-06:00,8,Tuesday,11,Midday,Traffic incident.,126
394,20,51.0426249205,-114.0714652,2017-05-12 16:03:00-06:00,2026-08-18 22:02:00-06:00,8,Tuesday,22,Evening,Traffic incident.,126
383,20,51.0485275165,-114.06773469,2017-05-05 10:24:00-06:00,2025-09-26 13:21:00-06:00,9,Wednesday,8,Midday,Traffic incident.,126
520,20,51.0059443175,-114.04886913,2017-08-28 10:25:00-06:00,2026-05-21 15:36:00-06:00,9,Monday,12,Midday,Traffic incident. Blocking the right lane,126
561,20,50.9164678085,-113.981475405,2017-10-30 10:07:00-06:00,2024-09-19 18:34:00-06:00,8,Tuesday,16,Evening Rush,Traffic incident.,126
534,20,51.124033102,-114.17963324500002,2017-09-21 03:35:00-06:00,2026-08-12 20:41:00-06:00,9,Thursday,13,Evening Rush,Traffic incident.,126
693,20,51.102892185500004,-114.12756142,2019-09-29 20:14:00-06:00,2026-06-12 17:29:00-06:00,8,Monday,17,Morning Rush,Traffic incident.,126
589,20,51.01894721000001,-114.15281737999999,2018-01-03 12:38:00-07:00,2024-10-26 06:47:00-06:00,7,Tuesday,6,Evening Rush,Traffic incident.,126
413,20,51.084971680500004,-114.05206330000001,2017-05-24 19:23:00-06:00,2025-11-14 20:47:00-07:00,9,Thursday,16,Evening Rush,Traffic incident.,126
169,20,51.1430865485,-114.09634788999999,2017-02-13 18:02:00-07:00,2023-06-07 18:15:00-06:00,5,Wednesday,7,Morning Rush,Single vehicle incident.,126
590,20,51.07055894450001,-114.071540365,2018-01-05 11:49:00-07:00,2025-12-27 12:06:00-07:00,8,Friday,11,Midday,Traffic incident.,126
670,20,51.0461056665,-114.08120495,2017-11-13 19:34:00-07:00,2025-10-18 15:39:00-06:00,8,Wednesday,15,Evening Rush,There is an incident involving a pedestrian.,126
671,20,51.0954911735,-113.9896591,2016-12-12 10:57:00-07:00,2025-02-22 10:06:00-07:00,8,Sunday,10,Midday,Single vehicle incident.,126
396,20,50.9318075275,-113.98366681,2017-03-01 18:57:00-07:00,2025-10-24 15:49:00-06:00,7,Friday,13,Evening,Two vehicle incident.,126
692,20,51.1756821785,-114.00090576,2017-04-25 07:49:00-06:00,2026-06-17 17:45:00-06:00,9,Tuesday,8,Morning Rush,Traffic incident.,126
629,20,50.923015270499995,-113.932990535,2017-02-23 06:50:00-07:00,2026-07-17 10:23:00-06:00,9,Tuesday,19,Evening,Traffic incident.,126
665,20,51.036719673,-114.17868377500001,2018-06-06 07:49:00-06:00,2026-08-28 16:29:00-06:00,8,Friday,9,Evening Rush,Traffic incident.,126
689,20,51.136522866,-113.921501495,2017-04-24 12:50:00-06:00,2026-08-10 07:23:00-06:00,8,Monday,7,Morning Rush,Traffic incident.,126
658,19,50.95051630736842,-114.07326119473684,2019-01-29 15:48:00-07:00,2026-07-18 04:24:00-06:00,7,Sunday,17,Evening Rush,Traffic signals are flashing red.,127
572,13,51.004106576153845,-114.02966149999999,2017-11-01 16:53:00-06:00,2024-06-03 17:08:00-06:00,8,Friday,15,Evening Rush,Multi-vehicle incident. Blocking the right lane,128
652,11,51.090791099090914,-114.03915743636365,2019-05-16 16:31:00-06:00,2025-04-17 20:00:00-06:00,6,Saturday,2,Evening Rush,Traffic incident. Blocking the right lanes,129
695,9,50.949458488888894,-114.00607564444444,2019-12-12 08:17:00-07:00,2026-09-02 16:36:00-06:00,6,Thursday,8,Morning Rush,Traffic incident.,130
