hotspot_id,weekday,weekday_number,hour,time_period,incident_count,adverse_weather_observed,adverse_weather_incidents,adverse_weather_share
0,Friday,4,0,Night,4,4,0,0.0
0,Friday,4,1,Night,2,2,2,1.0
0,Friday,4,4,Night,1,1,1,1.0
0,Friday,4,6,Morning Rush,11,11,5,0.45454545454545453
0,Friday,4,7,Morning Rush,8,8,6,0.75
0,Friday,4,8,Morning Rush,11,11,7,0.6363636363636364
0,Friday,4,9,Morning Rush,13,13,6,0.46153846153846156
0,Friday,4,10,Midday,9,9,5,0.5555555555555556
0,Friday,4,11,Midday,8,8,2,0.25
0,Friday,4,12,Midday,15,15,10,0.6666666666666666
0,Friday,4,13,Midday,8,8,3,0.375
0,Friday,4,14,Midday,13,13,5,0.38461538461538464
0,Friday,4,15,Evening Rush,15,15,1,0.06666666666666667
0,Friday,4,16,Evening Rush,22,22,6,0.2727272727272727
0,Friday,4,17,Evening Rush,32,32,10,0.3125
0,Friday,4,18,Evening Rush,17,17,3,0.17647058823529413
0,Friday,4,19,Evening,9,9,4,0.4444444444444444
0,Friday,4,20,Evening,5,5,1,0.2
0,Friday,4,21,Evening,4,4,0,0.0
0,Friday,4,22,Evening,9,9,3,0.3333333333333333
0,Friday,4,23,Evening,9,9,5,0.5555555555555556
0,Monday,0,0,Night,1,1,1,1.0
0,Monday,0,1,Night,2,2,2,1.0
0,Monday,0,3,Night,1,1,0,0.0
0,Monday,0,5,Night,2,2,2,1.0
0,Monday,0,6,Morning Rush,4,4,2,0.5
0,Monday,0,7,Morning Rush,12,12,1,0.08333333333333333
0,Monday,0,8,Morning Rush,14,14,6,0.42857142857142855
0,Monday,0,9,Morning Rush,7,7,2,0.2857142857142857
0,Monday,0,10,Midday,6,6,3,0.5
0,Monday,0,11,Midday,9,9,5,0.5555555555555556
0,Monday,0,12,Midday,6,6,1,0.16666666666666666
0,Monday,0,13,Midday,10,10,3,0.3
0,Monday,0,14,Midday,8,8,3,0.375
0,Monday,0,15,Evening Rush,16,16,6,0.375
0,Monday,0,16,Evening Rush,14,14,6,0.42857142857142855
0,Monday,0,17,Evening Rush,10,10,3,0.3
0,Monday,0,18,Evening Rush,9,9,3,0.3333333333333333
0,Monday,0,19,Evening,4,4,3,0.75
0,Monday,0,20,Evening,6,6,2,0.3333333333333333
0,Monday,0,21,Evening,5,5,1,0.2
0,Monday,0,23,Evening,2,2,0,0.0
0,Saturday,5,0,Night,2,2,0,0.0
0,Saturday,5,1,Night,2,2,0,0.0
0,Saturday,5,2,Night,4,4,2,0.5
0,Saturday,5,3,Night,5,5,4,0.8
0,Saturday,5,4,Night,4,4,3,0.75
0,Saturday,5,5,Night,1,1,0,0.0
0,Saturday,5,6,Morning Rush,6,6,2,0.3333333333333333
0,Saturday,5,7,Morning Rush,2,2,1,0.5
0,Saturday,5,8,Morning Rush,7,7,2,0.2857142857142857
0,Saturday,5,9,Morning Rush,6,6,2,0.3333333333333333
0,Saturday,5,10,Midday,8,8,2,0.25
0,Saturday,5,11,Midday,6,6,2,0.3333333333333333
0,Saturday,5,12,Midday,7,7,1,0.14285714285714285
0,Saturday,5,13,Midday,8,8,1,0.125
0,Saturday,5,14,Midday,3,3,2,0.6666666666666666
0,Saturday,5,15,Evening Rush,3,3,0,0.0
0,Saturday,5,16,Evening Rush,12,12,2,0.16666666666666666
0,Saturday,5,17,Evening Rush,13,13,7,0.5384615384615384
0,Saturday,5,18,Evening Rush,14,14,4,0.2857142857142857
0,Saturday,5,19,Evening,9,9,2,0.2222222222222222
0,Saturday,5,20,Evening,6,6,2,0.3333333333333333
0,Saturday,5,21,Evening,8,8,2,0.25
0,Saturday,5,22,Evening,7,7,5,0.7142857142857143
0,Saturday,5,23,Evening,6,6,4,0.6666666666666666
0,Sunday,6,0,Night,2,2,1,0.5
0,Sunday,6,1,Night,8,8,1,0.125
0,Sunday,6,2,Night,2,2,0,0.0
0,Sunday,6,3,Night,2,2,1,0.5
0,Sunday,6,4,Night,2,2,1,0.5
0,Sunday,6,5,Night,2,2,1,0.5
0,Sunday,6,6,Morning Rush,2,2,1,0.5
0,Sunday,6,7,Morning Rush,5,5,5,1.0
0,Sunday,6,8,Morning Rush,8,8,2,0.25
0,Sunday,6,9,Morning Rush,9,9,6,0.6666666666666666
0,Sunday,6,10,Midday,9,9,4,0.4444444444444444
0,Sunday,6,11,Midday,3,3,1,0.3333333333333333
0,Sunday,6,12,Midday,4,4,1,0.25
0,Sunday,6,13,Midday,10,10,1,0.1
0,Sunday,6,14,Midday,16,16,6,0.375
0,Sunday,6,15,Evening Rush,12,12,1,0.08333333333333333
0,Sunday,6,16,Evening Rush,7,7,1,0.14285714285714285
0,Sunday,6,17,Evening Rush,9,9,0,0.0
0,Sunday,6,18,Evening Rush,8,8,2,0.25
0,Sunday,6,19,Evening,10,10,1,0.1
0,Sunday,6,20,Evening,4,4,3,0.75
0,Sunday,6,21,Evening,5,5,0,0.0
0,Sunday,6,22,Evening,3,3,1,0.3333333333333333
0,Sunday,6,23,Evening,3,3,0,0.0
0,Thursday,3,0,Night,1,1,1,1.0
0,Thursday,3,1,Night,3,3,0,0.0
0,Thursday,3,3,Night,1,1,0,0.0
0,Thursday,3,5,Night,3,3,2,0.6666666666666666
0,Thursday,3,6,Morning Rush,6,6,5,0.8333333333333334
0,Thursday,3,7,Morning Rush,11,11,6,0.5454545454545454
0,Thursday,3,8,Morning Rush,6,6,3,0.5
0,Thursday,3,9,Morning Rush,9,9,4,0.4444444444444444
0,Thursday,3,10,Midday,5,5,1,0.2
0,Thursday,3,11,Midday,17,17,7,0.4117647058823529
0,Thursday,3,12,Midday,13,13,5,0.38461538461538464
0,Thursday,3,13,Midday,15,15,6,0.4
0,Thursday,3,14,Midday,11,11,2,0.18181818181818182
0,Thursday,3,15,Evening Rush,18,18,10,0.5555555555555556
0,Thursday,3,16,Evening Rush,11,11,3,0.2727272727272727
0,Thursday,3,17,Evening Rush,29,29,9,0.3103448275862069
0,Thursday,3,18,Evening Rush,10,10,6,0.6
0,Thursday,3,19,Evening,4,4,1,0.25
0,Thursday,3,20,Evening,9,9,6,0.6666666666666666
0,Thursday,3,21,Evening,1,1,0,0.0
0,Thursday,3,22,Evening,3,3,1,0.3333333333333333
0,Thursday,3,23,Evening,6,6,4,0.6666666666666666
0,Tuesday,1,0,Night,3,3,1,0.3333333333333333
0,Tuesday,1,1,Night,3,3,2,0.6666666666666666
0,Tuesday,1,2,Night,2,2,1,0.5
0,Tuesday,1,3,Night,1,1,1,1.0
0,Tuesday,1,4,Night,2,2,2,1.0
0,Tuesday,1,5,Night,3,3,2,0.6666666666666666
0,Tuesday,1,6,Morning Rush,6,6,3,0.5
0,Tuesday,1,7,Morning Rush,14,14,8,0.5714285714285714
0,Tuesday,1,8,Morning Rush,13,13,6,0.46153846153846156
0,Tuesday,1,9,Morning Rush,13,13,9,0.6923076923076923
0,Tuesday,1,10,Midday,11,11,6,0.5454545454545454
0,Tuesday,1,11,Midday,13,13,6,0.46153846153846156
0,Tuesday,1,12,Midday,5,5,1,0.2
0,Tuesday,1,13,Midday,6,6,0,0.0
0,Tuesday,1,14,Midday,9,9,1,0.1111111111111111
0,Tuesday,1,15,Evening Rush,12,12,1,0.08333333333333333
0,Tuesday,1,16,Evening Rush,13,13,4,0.3076923076923077
0,Tuesday,1,17,Evening Rush,14,14,5,0.35714285714285715
0,Tuesday,1,18,Evening Rush,13,13,5,0.38461538461538464
0,Tuesday,1,19,Evening,8,8,1,0.125
0,Tuesday,1,20,Evening,4,4,2,0.5
0,Tuesday,1,21,Evening,5,5,3,0.6
0,Tuesday,1,22,Evening,4,4,1,0.25
0,Tuesday,1,23,Evening,2,2,0,0.0
0,Wednesday,2,0,Night,3,3,1,0.3333333333333333
0,Wednesday,2,2,Night,3,3,1,0.3333333333333333
0,Wednesday,2,3,Night,2,2,1,0.5
0,Wednesday,2,5,Night,1,1,1,1.0
0,Wednesday,2,6,Morning Rush,10,10,8,0.8
0,Wednesday,2,7,Morning Rush,17,17,8,0.47058823529411764
0,Wednesday,2,8,Morning Rush,18,18,11,0.6111111111111112
0,Wednesday,2,9,Morning Rush,11,11,4,0.36363636363636365
0,Wednesday,2,10,Midday,10,10,2,0.2
0,Wednesday,2,11,Midday,9,9,3,0.3333333333333333
0,Wednesday,2,12,Midday,11,11,5,0.45454545454545453
0,Wednesday,2,13,Midday,11,11,3,0.2727272727272727
0,Wednesday,2,14,Midday,13,13,3,0.23076923076923078
0,Wednesday,2,15,Evening Rush,10,10,3,0.3
0,Wednesday,2,16,Evening Rush,28,28,8,0.2857142857142857
0,Wednesday,2,17,Evening Rush,22,22,8,0.36363636363636365
0,Wednesday,2,18,Evening Rush,7,7,1,0.14285714285714285
0,Wednesday,2,19,Evening,5,5,1,0.2
0,Wednesday,2,20,Evening,3,3,1,0.3333333333333333
0,Wednesday,2,21,Evening,5,5,2,0.4
0,Wednesday,2,22,Evening,1,1,0,0.0
0,Wednesday,2,23,Evening,1,1,1,1.0
1,Friday,4,7,Morning Rush,2,2,2,1.0
1,Friday,4,8,Morning Rush,1,1,1,1.0
1,Friday,4,9,Morning Rush,1,1,0,0.0
1,Friday,4,14,Midday,2,2,0,0.0
1,Friday,4,16,Evening Rush,1,1,1,1.0
1,Monday,0,11,Midday,1,1,0,0.0
1,Monday,0,13,Midday,1,1,0,0.0
1,Monday,0,14,Midday,1,1,0,0.0
1,Monday,0,17,Evening Rush,1,1,0,0.0
1,Monday,0,19,Evening,1,1,1,1.0
1,Saturday,5,1,Night,2,2,1,0.5
1,Saturday,5,2,Night,1,1,0,0.0
1,Saturday,5,10,Midday,1,1,1,1.0
1,Saturday,5,12,Midday,1,1,1,1.0
1,Saturday,5,14,Midday,2,2,0,0.0
1,Saturday,5,19,Evening,2,2,1,0.5
1,Saturday,5,20,Evening,1,1,0,0.0
1,Sunday,6,0,Night,1,1,1,1.0
1,Sunday,6,11,Midday,1,1,1,1.0
1,Sunday,6,12,Midday,3,3,0,0.0
1,Sunday,6,15,Evening Rush,1,1,0,0.0
1,Sunday,6,19,Evening,1,1,0,0.0
1,Sunday,6,21,Evening,1,1,0,0.0
1,Sunday,6,22,Evening,2,2,1,0.5
1,Thursday,3,7,Morning Rush,2,2,2,1.0
1,Thursday,3,8,Morning Rush,1,1,1,1.0
1,Thursday,3,9,Morning Rush,1,1,1,1.0
1,Thursday,3,10,Midday,2,2,1,0.5
1,Thursday,3,19,Evening,1,1,0,0.0
1,Thursday,3,20,Evening,1,1,0,0.0
1,Thursday,3,23,Evening,1,1,0,0.0
1,Tuesday,1,6,Morning Rush,2,2,0,0.0
1,Tuesday,1,9,Morning Rush,2,2,2,1.0
1,Tuesday,1,15,Evening Rush,1,1,0,0.0
1,Tuesday,1,16,Evening Rush,1,1,1,1.0
1,Tuesday,1,19,Evening,1,1,0,0.0
1,Wednesday,2,4,Night,1,1,0,0.0
1,Wednesday,2,9,Morning Rush,2,2,1,0.5
1,Wednesday,2,10,Midday,1,1,1,1.0
1,Wednesday,2,11,Midday,2,2,1,0.5
1,Wednesday,2,17,Evening Rush,1,1,0,0.0
1,Wednesday,2,18,Evening Rush,1,1,0,0.0
1,Wednesday,2,19,Evening,1,1,1,1.0
1,Wednesday,2,20,Evening,1,1,0,0.0
1,Wednesday,2,23,Evening,1,1,1,1.0
2,Friday,4,11,Midday,1,1,0,0.0
2,Friday,4,14,Midday,1,1,0,0.0
2,Friday,4,15,Evening Rush,2,2,0,0.0
2,Friday,4,18,Evening Rush,2,2,1,0.5
2,Monday,0,11,Midday,1,1,0,0.0
2,Monday,0,13,Midday,1,1,0,0.0
2,Monday,0,17,Evening Rush,1,1,0,0.0
2,Monday,0,20,Evening,1,1,0,0.0
2,Saturday,5,9,Morning Rush,2,2,2,1.0
2,Saturday,5,15,Evening Rush,1,1,1,1.0
2,Saturday,5,17,Evening Rush,1,1,1,1.0
2,Saturday,5,18,Evening Rush,1,1,0,0.0
2,Saturday,5,20,Evening,1,1,0,0.0
2,Saturday,5,22,Evening,1,1,1,1.0
2,Sunday,6,10,Midday,1,1,1,1.0
2,Sunday,6,21,Evening,1,1,0,0.0
2,Thursday,3,14,Midday,1,1,1,1.0
2,Thursday,3,16,Evening Rush,1,1,1,1.0
2,Thursday,3,17,Evening Rush,1,1,0,0.0
2,Thursday,3,18,Evening Rush,1,1,0,0.0
2,Tuesday,1,14,Midday,1,1,0,0.0
2,Tuesday,1,17,Evening Rush,1,1,1,1.0
2,Wednesday,2,7,Morning Rush,1,1,1,1.0
2,Wednesday,2,8,Morning Rush,1,1,1,1.0
2,Wednesday,2,10,Midday,1,1,0,0.0
2,Wednesday,2,12,Midday,1,1,0,0.0
2,Wednesday,2,16,Evening Rush,1,1,0,0.0
2,Wednesday,2,17,Evening Rush,1,1,0,0.0
3,Friday,4,9,Morning Rush,1,1,0,0.0
3,Friday,4,10,Midday,1,1,0,0.0
3,Friday,4,12,Midday,1,1,0,0.0
3,Friday,4,14,Midday,1,1,0,0.0
3,Friday,4,15,Evening Rush,1,1,1,1.0
3,Friday,4,17,Evening Rush,2,2,0,0.0
3,Friday,4,18,Evening Rush,2,2,1,0.5
3,Friday,4,20,Evening,1,1,0,0.0
3,Friday,4,21,Evening,1,1,0,0.0
3,Friday,4,23,Evening,1,1,0,0.0
3,Monday,0,7,Morning Rush,1,1,0,0.0
3,Monday,0,10,Midday,1,1,0,0.0
3,Monday,0,12,Midday,1,1,0,0.0
3,Monday,0,16,Evening Rush,2,2,2,1.0
3,Monday,0,18,Evening Rush,2,2,1,0.5
3,Saturday,5,1,Night,1,1,0,0.0
3,Saturday,5,2,Night,1,1,0,0.0
3,Saturday,5,10,Midday,1,1,0,0.0
3,Saturday,5,14,Midday,1,1,1,1.0
3,Saturday,5,15,Evening Rush,1,1,0,0.0
3,Saturday,5,16,Evening Rush,1,1,1,1.0
3,Saturday,5,18,Evening Rush,3,3,3,1.0
3,Saturday,5,21,Evening,2,2,1,0.5
3,Sunday,6,3,Night,1,1,0,0.0
3,Sunday,6,6,Morning Rush,1,1,1,1.0
3,Sunday,6,18,Evening Rush,1,1,0,0.0
3,Sunday,6,23,Evening,1,1,1,1.0
3,Thursday,3,0,Night,1,1,0,0.0
3,Thursday,3,9,Morning Rush,1,1,1,1.0
3,Thursday,3,10,Midday,2,2,1,0.5
3,Thursday,3,12,Midday,1,1,1,1.0
3,Thursday,3,13,Midday,2,2,1,0.5
3,Thursday,3,15,Evening Rush,1,1,0,0.0
3,Thursday,3,17,Evening Rush,1,1,0,0.0
3,Thursday,3,22,Evening,1,1,0,0.0
3,Tuesday,1,8,Morning Rush,2,2,2,1.0
3,Tuesday,1,10,Midday,1,1,0,0.0
3,Tuesday,1,14,Midday,2,2,0,0.0
3,Tuesday,1,16,Evening Rush,1,1,1,1.0
3,Tuesday,1,17,Evening Rush,1,1,1,1.0
3,Tuesday,1,18,Evening Rush,2,2,1,0.5
3,Tuesday,1,22,Evening,1,1,0,0.0
3,Tuesday,1,23,Evening,1,1,0,0.0
3,Wednesday,2,9,Morning Rush,1,1,0,0.0
3,Wednesday,2,10,Midday,2,2,0,0.0
3,Wednesday,2,11,Midday,1,1,0,0.0
3,Wednesday,2,12,Midday,2,2,1,0.5
3,Wednesday,2,13,Midday,1,1,1,1.0
3,Wednesday,2,14,Midday,1,1,0,0.0
3,Wednesday,2,15,Evening Rush,1,1,1,1.0
3,Wednesday,2,16,Evening Rush,1,1,0,0.0
3,Wednesday,2,18,Evening Rush,2,2,1,0.5
3,Wednesday,2,22,Evening,1,1,0,0.0
3,Wednesday,2,23,Evening,1,1,0,0.0
4,Friday,4,7,Morning Rush,3,3,0,0.0
4,Friday,4,10,Midday,2,2,1,0.5
4,Friday,4,15,Evening Rush,1,1,0,0.0
4,Friday,4,16,Evening Rush,2,2,0,0.0
4,Friday,4,17,Evening Rush,1,1,0,0.0
4,Friday,4,19,Evening,1,1,0,0.0
4,Friday,4,23,Evening,1,1,0,0.0
4,Monday,0,7,Morning Rush,1,1,0,0.0
4,Monday,0,9,Morning Rush,1,1,1,1.0
4,Monday,0,19,Evening,1,1,0,0.0
4,Saturday,5,1,Night,1,1,1,1.0
4,Saturday,5,15,Evening Rush,1,1,1,1.0
4,Saturday,5,18,Evening Rush,1,1,0,0.0
4,Saturday,5,23,Evening,1,1,0,0.0
4,Sunday,6,0,Night,1,1,0,0.0
4,Sunday,6,1,Night,1,1,0,0.0
4,Sunday,6,12,Midday,1,1,0,0.0
4,Sunday,6,17,Evening Rush,2,2,1,0.5
4,Sunday,6,19,Evening,2,2,0,0.0
4,Thursday,3,9,Morning Rush,1,1,1,1.0
4,Thursday,3,12,Midday,2,2,0,0.0
4,Thursday,3,14,Midday,1,1,0,0.0
4,Thursday,3,15,Evening Rush,1,1,1,1.0
4,Thursday,3,16,Evening Rush,1,1,0,0.0
4,Thursday,3,21,Evening,1,1,0,0.0
4,Thursday,3,23,Evening,1,1,1,1.0
4,Tuesday,1,10,Midday,1,1,0,0.0
4,Tuesday,1,12,Midday,1,1,0,0.0
4,Tuesday,1,14,Midday,1,1,1,1.0
4,Tuesday,1,16,Evening Rush,1,1,1,1.0
4,Tuesday,1,17,Evening Rush,1,1,1,1.0
4,Tuesday,1,19,Evening,1,1,1,1.0
4,Wednesday,2,13,Midday,1,1,0,0.0
4,Wednesday,2,16,Evening Rush,1,1,1,1.0
4,Wednesday,2,20,Evening,1,1,1,1.0
5,Friday,4,0,Night,1,1,1,1.0
5,Friday,4,1,Night,1,1,0,0.0
5,Friday,4,7,Morning Rush,1,1,0,0.0
5,Friday,4,9,Morning Rush,1,1,1,1.0
5,Friday,4,13,Midday,1,1,0,0.0
5,Friday,4,14,Midday,1,1,0,0.0
5,Friday,4,15,Evening Rush,1,1,0,0.0
5,Friday,4,18,Evening Rush,1,1,1,1.0
5,Monday,0,7,Morning Rush,2,2,2,1.0
5,Monday,0,14,Midday,2,2,1,0.5
5,Monday,0,16,Evening Rush,1,1,0,0.0
5,Monday,0,17,Evening Rush,1,1,1,1.0
5,Monday,0,22,Evening,1,1,0,0.0
5,Saturday,5,2,Night,1,1,1,1.0
5,Saturday,5,7,Morning Rush,1,1,0,0.0
5,Saturday,5,9,Morning Rush,1,1,1,1.0
5,Saturday,5,13,Midday,3,3,2,0.6666666666666666
5,Saturday,5,14,Midday,1,1,1,1.0
5,Saturday,5,17,Evening Rush,1,1,1,1.0
5,Saturday,5,18,Evening Rush,2,2,1,0.5
5,Saturday,5,21,Evening,2,2,1,0.5
5,Sunday,6,1,Night,2,2,1,0.5
5,Sunday,6,2,Night,1,1,0,0.0
5,Sunday,6,8,Morning Rush,1,1,1,1.0
5,Sunday,6,12,Midday,1,1,0,0.0
5,Sunday,6,20,Evening,1,1,1,1.0
5,Thursday,3,6,Morning Rush,1,1,1,1.0
5,Thursday,3,8,Morning Rush,1,1,0,0.0
5,Thursday,3,14,Midday,1,1,0,0.0
5,Thursday,3,17,Evening Rush,1,1,1,1.0
5,Tuesday,1,9,Morning Rush,1,1,1,1.0
5,Tuesday,1,12,Midday,1,1,0,0.0
5,Tuesday,1,14,Midday,1,1,1,1.0
5,Tuesday,1,16,Evening Rush,3,3,0,0.0
5,Tuesday,1,17,Evening Rush,2,2,1,0.5
5,Tuesday,1,22,Evening,1,1,1,1.0
5,Wednesday,2,4,Night,1,1,0,0.0
5,Wednesday,2,7,Morning Rush,1,1,0,0.0
5,Wednesday,2,10,Midday,1,1,0,0.0
5,Wednesday,2,12,Midday,1,1,0,0.0
5,Wednesday,2,13,Midday,1,1,0,0.0
5,Wednesday,2,16,Evening Rush,2,2,0,0.0
5,Wednesday,2,17,Evening Rush,1,1,0,0.0
5,Wednesday,2,18,Evening Rush,2,2,1,0.5
5,Wednesday,2,20,Evening,1,1,1,1.0
5,Wednesday,2,21,Evening,1,1,1,1.0
6,Friday,4,0,Night,3,3,0,0.0
6,Friday,4,1,Night,1,1,1,1.0
6,Friday,4,5,Night,5,5,2,0.4
6,Friday,4,6,Morning Rush,5,5,4,0.8
6,Friday,4,7,Morning Rush,3,3,2,0.6666666666666666
6,Friday,4,8,Morning Rush,13,13,9,0.6923076923076923
6,Friday,4,9,Morning Rush,7,7,5,0.7142857142857143
6,Friday,4,10,Midday,5,5,4,0.8
6,Friday,4,11,Midday,7,7,3,0.42857142857142855
6,Friday,4,12,Midday,7,7,5,0.7142857142857143
6,Friday,4,13,Midday,9,9,2,0.2222222222222222
6,Friday,4,14,Midday,7,7,1,0.14285714285714285
6,Friday,4,15,Evening Rush,5,5,0,0.0
6,Friday,4,16,Evening Rush,11,11,3,0.2727272727272727
6,Friday,4,17,Evening Rush,16,16,6,0.375
6,Friday,4,18,Evening Rush,12,12,4,0.3333333333333333
6,Friday,4,19,Evening,7,7,3,0.42857142857142855
6,Friday,4,20,Evening,8,8,4,0.5
6,Friday,4,21,Evening,2,2,0,0.0
6,Friday,4,22,Evening,3,3,2,0.6666666666666666
6,Friday,4,23,Evening,4,4,3,0.75
6,Monday,0,0,Night,5,5,1,0.2
6,Monday,0,1,Night,1,1,1,1.0
6,Monday,0,2,Night,1,1,0,0.0
6,Monday,0,4,Night,1,1,0,0.0
6,Monday,0,6,Morning Rush,5,5,3,0.6
6,Monday,0,7,Morning Rush,12,12,5,0.4166666666666667
6,Monday,0,8,Morning Rush,9,9,3,0.3333333333333333
6,Monday,0,9,Morning Rush,6,6,2,0.3333333333333333
6,Monday,0,10,Midday,6,6,3,0.5
6,Monday,0,11,Midday,4,4,3,0.75
6,Monday,0,12,Midday,3,3,1,0.3333333333333333
6,Monday,0,13,Midday,7,7,0,0.0
6,Monday,0,14,Midday,9,9,1,0.1111111111111111
6,Monday,0,15,Evening Rush,5,5,1,0.2
6,Monday,0,16,Evening Rush,8,8,4,0.5
6,Monday,0,17,Evening Rush,14,14,6,0.42857142857142855
6,Monday,0,18,Evening Rush,12,12,3,0.25
6,Monday,0,19,Evening,4,4,3,0.75
6,Monday,0,20,Evening,2,2,0,0.0
6,Monday,0,21,Evening,1,1,1,1.0
6,Monday,0,22,Evening,1,1,0,0.0
6,Monday,0,23,Evening,5,5,2,0.4
6,Saturday,5,0,Night,4,4,1,0.25
6,Saturday,5,2,Night,1,1,0,0.0
6,Saturday,5,3,Night,1,1,1,1.0
6,Saturday,5,4,Night,1,1,1,1.0
6,Saturday,5,5,Night,2,2,0,0.0
6,Saturday,5,7,Morning Rush,2,2,2,1.0
6,Saturday,5,8,Morning Rush,9,9,5,0.5555555555555556
6,Saturday,5,9,Morning Rush,2,2,2,1.0
6,Saturday,5,10,Midday,11,11,5,0.45454545454545453
6,Saturday,5,11,Midday,5,5,0,0.0
6,Saturday,5,12,Midday,8,8,2,0.25
6,Saturday,5,13,Midday,4,4,0,0.0
6,Saturday,5,14,Midday,4,4,3,0.75
6,Saturday,5,15,Evening Rush,3,3,0,0.0
6,Saturday,5,16,Evening Rush,4,4,3,0.75
6,Saturday,5,17,Evening Rush,3,3,1,0.3333333333333333
6,Saturday,5,18,Evening Rush,6,6,3,0.5
6,Saturday,5,19,Evening,2,2,1,0.5
6,Saturday,5,20,Evening,2,2,0,0.0
6,Saturday,5,22,Evening,2,2,0,0.0
6,Saturday,5,23,Evening,2,2,2,1.0
6,Sunday,6,1,Night,4,4,1,0.25
6,Sunday,6,2,Night,1,1,0,0.0
6,Sunday,6,4,Night,1,1,0,0.0
6,Sunday,6,5,Night,1,1,0,0.0
6,Sunday,6,6,Morning Rush,1,1,1,1.0
6,Sunday,6,7,Morning Rush,3,3,2,0.6666666666666666
6,Sunday,6,8,Morning Rush,4,4,3,0.75
6,Sunday,6,9,Morning Rush,3,3,3,1.0
6,Sunday,6,10,Midday,7,7,5,0.7142857142857143
6,Sunday,6,11,Midday,4,4,3,0.75
6,Sunday,6,12,Midday,11,11,3,0.2727272727272727
6,Sunday,6,13,Midday,4,4,1,0.25
6,Sunday,6,14,Midday,5,5,2,0.4
6,Sunday,6,15,Evening Rush,5,5,4,0.8
6,Sunday,6,16,Evening Rush,9,9,4,0.4444444444444444
6,Sunday,6,17,Evening Rush,5,5,0,0.0
6,Sunday,6,18,Evening Rush,5,5,2,0.4
6,Sunday,6,19,Evening,2,2,1,0.5
6,Sunday,6,20,Evening,4,4,0,0.0
6,Sunday,6,21,Evening,2,2,0,0.0
6,Sunday,6,22,Evening,2,2,0,0.0
6,Sunday,6,23,Evening,2,2,0,0.0
6,Thursday,3,0,Night,5,5,2,0.4
6,Thursday,3,1,Night,2,2,2,1.0
6,Thursday,3,2,Night,1,1,0,0.0
6,Thursday,3,4,Night,1,1,1,1.0
6,Thursday,3,5,Night,1,1,0,0.0
6,Thursday,3,6,Morning Rush,3,3,2,0.6666666666666666
6,Thursday,3,7,Morning Rush,5,5,2,0.4
6,Thursday,3,8,Morning Rush,9,9,4,0.4444444444444444
6,Thursday,3,9,Morning Rush,8,8,2,0.25
6,Thursday,3,10,Midday,7,7,4,0.5714285714285714
6,Thursday,3,11,Midday,4,4,2,0.5
6,Thursday,3,12,Midday,4,4,0,0.0
6,Thursday,3,13,Midday,4,4,1,0.25
6,Thursday,3,14,Midday,4,4,3,0.75
6,Thursday,3,15,Evening Rush,9,9,2,0.2222222222222222
6,Thursday,3,16,Evening Rush,10,10,2,0.2
6,Thursday,3,17,Evening Rush,6,6,3,0.5
6,Thursday,3,18,Evening Rush,11,11,7,0.6363636363636364
6,Thursday,3,19,Evening,5,5,1,0.2
6,Thursday,3,20,Evening,4,4,0,0.0
6,Thursday,3,21,Evening,7,7,5,0.7142857142857143
6,Thursday,3,22,Evening,3,3,2,0.6666666666666666
6,Thursday,3,23,Evening,4,4,1,0.25
6,Tuesday,1,0,Night,5,5,0,0.0
6,Tuesday,1,4,Night,1,1,0,0.0
6,Tuesday,1,5,Night,1,1,1,1.0
6,Tuesday,1,6,Morning Rush,6,6,1,0.16666666666666666
6,Tuesday,1,7,Morning Rush,13,13,8,0.6153846153846154
6,Tuesday,1,8,Morning Rush,7,7,2,0.2857142857142857
6,Tuesday,1,9,Morning Rush,3,3,2,0.6666666666666666
6,Tuesday,1,10,Midday,7,7,3,0.42857142857142855
6,Tuesday,1,11,Midday,3,3,2,0.6666666666666666
6,Tuesday,1,12,Midday,7,7,1,0.14285714285714285
6,Tuesday,1,13,Midday,5,5,1,0.2
6,Tuesday,1,14,Midday,3,3,1,0.3333333333333333
6,Tuesday,1,15,Evening Rush,11,11,0,0.0
6,Tuesday,1,16,Evening Rush,16,16,2,0.125
6,Tuesday,1,17,Evening Rush,10,10,3,0.3
6,Tuesday,1,18,Evening Rush,7,7,1,0.14285714285714285
6,Tuesday,1,19,Evening,5,5,2,0.4
6,Tuesday,1,20,Evening,3,3,1,0.3333333333333333
6,Tuesday,1,21,Evening,4,4,1,0.25
6,Tuesday,1,22,Evening,3,3,3,1.0
6,Tuesday,1,23,Evening,1,1,1,1.0
6,Wednesday,2,0,Night,3,3,2,0.6666666666666666
6,Wednesday,2,1,Night,1,1,1,1.0
6,Wednesday,2,2,Night,3,3,2,0.6666666666666666
6,Wednesday,2,4,Night,2,2,2,1.0
6,Wednesday,2,5,Night,2,2,1,0.5
6,Wednesday,2,6,Morning Rush,5,5,4,0.8
6,Wednesday,2,7,Morning Rush,10,10,1,0.1
6,Wednesday,2,8,Morning Rush,6,6,4,0.6666666666666666
6,Wednesday,2,9,Morning Rush,3,3,1,0.3333333333333333
6,Wednesday,2,10,Midday,5,5,2,0.4
6,Wednesday,2,11,Midday,5,5,1,0.2
6,Wednesday,2,12,Midday,9,9,6,0.6666666666666666
6,Wednesday,2,13,Midday,7,7,4,0.5714285714285714
6,Wednesday,2,14,Midday,9,9,3,0.3333333333333333
6,Wednesday,2,15,Evening Rush,5,5,5,1.0
6,Wednesday,2,16,Evening Rush,12,12,4,0.3333333333333333
6,Wednesday,2,17,Evening Rush,13,13,5,0.38461538461538464
6,Wednesday,2,18,Evening Rush,9,9,2,0.2222222222222222
6,Wednesday,2,19,Evening,7,7,3,0.42857142857142855
6,Wednesday,2,20,Evening,3,3,1,0.3333333333333333
6,Wednesday,2,21,Evening,1,1,0,0.0
6,Wednesday,2,23,Evening,2,2,0,0.0
7,Friday,4,3,Night,1,1,0,0.0
7,Friday,4,7,Morning Rush,1,1,1,1.0
7,Friday,4,9,Morning Rush,2,2,1,0.5
7,Friday,4,10,Midday,1,1,1,1.0
7,Friday,4,17,Evening Rush,1,1,1,1.0
7,Friday,4,19,Evening,2,2,2,1.0
7,Monday,0,7,Morning Rush,1,1,1,1.0
7,Monday,0,8,Morning Rush,1,1,1,1.0
7,Monday,0,10,Midday,2,2,1,0.5
7,Monday,0,15,Evening Rush,1,1,0,0.0
7,Monday,0,18,Evening Rush,1,1,0,0.0
7,Saturday,5,3,Night,1,1,0,0.0
7,Saturday,5,6,Morning Rush,1,1,1,1.0
7,Saturday,5,19,Evening,1,1,0,0.0
7,Saturday,5,20,Evening,1,1,1,1.0
7,Sunday,6,1,Night,1,1,1,1.0
7,Sunday,6,9,Morning Rush,1,1,1,1.0
7,Sunday,6,18,Evening Rush,1,1,0,0.0
7,Thursday,3,7,Morning Rush,2,2,1,0.5
7,Thursday,3,8,Morning Rush,1,1,1,1.0
7,Thursday,3,12,Midday,1,1,0,0.0
7,Thursday,3,14,Midday,1,1,0,0.0
7,Thursday,3,16,Evening Rush,1,1,0,0.0
7,Thursday,3,18,Evening Rush,1,1,0,0.0
7,Thursday,3,21,Evening,1,1,1,1.0
7,Thursday,3,23,Evening,2,2,1,0.5
7,Tuesday,1,5,Night,1,1,1,1.0
7,Tuesday,1,7,Morning Rush,2,2,2,1.0
7,Tuesday,1,9,Morning Rush,1,1,0,0.0
7,Tuesday,1,17,Evening Rush,2,2,0,0.0
7,Tuesday,1,19,Evening,1,1,0,0.0
7,Wednesday,2,2,Night,1,1,1,1.0
7,Wednesday,2,6,Morning Rush,2,2,1,0.5
7,Wednesday,2,7,Morning Rush,3,3,2,0.6666666666666666
7,Wednesday,2,8,Morning Rush,1,1,0,0.0
7,Wednesday,2,12,Midday,1,1,1,1.0
7,Wednesday,2,16,Evening Rush,1,1,0,0.0
7,Wednesday,2,22,Evening,1,1,1,1.0
8,Friday,4,7,Morning Rush,1,1,1,1.0
8,Friday,4,8,Morning Rush,5,5,2,0.4
8,Friday,4,10,Midday,4,4,3,0.75
8,Friday,4,11,Midday,4,4,1,0.25
8,Friday,4,12,Midday,4,4,0,0.0
8,Friday,4,13,Midday,4,4,1,0.25
8,Friday,4,14,Midday,6,6,2,0.3333333333333333
8,Friday,4,15,Evening Rush,3,3,1,0.3333333333333333
8,Friday,4,16,Evening Rush,14,14,2,0.14285714285714285
8,Friday,4,17,Evening Rush,9,9,2,0.2222222222222222
8,Friday,4,18,Evening Rush,7,7,3,0.42857142857142855
8,Friday,4,19,Evening,1,1,0,0.0
8,Friday,4,20,Evening,1,1,0,0.0
8,Friday,4,21,Evening,2,2,0,0.0
8,Friday,4,22,Evening,1,1,1,1.0
8,Friday,4,23,Evening,1,1,0,0.0
8,Monday,0,6,Morning Rush,4,4,3,0.75
8,Monday,0,7,Morning Rush,3,3,3,1.0
8,Monday,0,8,Morning Rush,3,3,3,1.0
8,Monday,0,9,Morning Rush,4,4,4,1.0
8,Monday,0,10,Midday,1,1,0,0.0
8,Monday,0,12,Midday,6,6,1,0.16666666666666666
8,Monday,0,13,Midday,5,5,1,0.2
8,Monday,0,14,Midday,2,2,0,0.0
8,Monday,0,15,Evening Rush,7,7,2,0.2857142857142857
8,Monday,0,16,Evening Rush,6,6,1,0.16666666666666666
8,Monday,0,17,Evening Rush,5,5,0,0.0
8,Monday,0,18,Evening Rush,3,3,0,0.0
8,Monday,0,19,Evening,1,1,1,1.0
8,Monday,0,20,Evening,1,1,1,1.0
8,Monday,0,21,Evening,1,1,1,1.0
8,Saturday,5,0,Night,2,2,1,0.5
8,Saturday,5,4,Night,1,1,0,0.0
8,Saturday,5,5,Night,2,2,2,1.0
8,Saturday,5,7,Morning Rush,1,1,1,1.0
8,Saturday,5,8,Morning Rush,4,4,3,0.75
8,Saturday,5,10,Midday,2,2,0,0.0
8,Saturday,5,11,Midday,3,3,0,0.0
8,Saturday,5,12,Midday,2,2,0,0.0
8,Saturday,5,13,Midday,4,4,1,0.25
8,Saturday,5,14,Midday,1,1,0,0.0
8,Saturday,5,15,Evening Rush,4,4,0,0.0
8,Saturday,5,16,Evening Rush,1,1,0,0.0
8,Saturday,5,17,Evening Rush,9,9,5,0.5555555555555556
8,Saturday,5,18,Evening Rush,3,3,3,1.0
8,Saturday,5,19,Evening,1,1,0,0.0
8,Saturday,5,21,Evening,1,1,0,0.0
8,Saturday,5,22,Evening,2,2,2,1.0
8,Saturday,5,23,Evening,1,1,1,1.0
8,Sunday,6,1,Night,2,2,1,0.5
8,Sunday,6,6,Morning Rush,2,2,1,0.5
8,Sunday,6,9,Morning Rush,3,3,3,1.0
8,Sunday,6,10,Midday,1,1,1,1.0
8,Sunday,6,12,Midday,2,2,0,0.0
8,Sunday,6,13,Midday,5,5,0,0.0
8,Sunday,6,14,Midday,6,6,0,0.0
8,Sunday,6,15,Evening Rush,3,3,0,0.0
8,Sunday,6,16,Evening Rush,6,6,0,0.0
8,Sunday,6,17,Evening Rush,6,6,1,0.16666666666666666
8,Sunday,6,18,Evening Rush,2,2,0,0.0
8,Sunday,6,19,Evening,2,2,1,0.5
8,Sunday,6,20,Evening,1,1,1,1.0
8,Sunday,6,21,Evening,3,3,3,1.0
8,Sunday,6,22,Evening,1,1,1,1.0
8,Thursday,3,1,Night,1,1,0,0.0
8,Thursday,3,2,Night,1,1,0,0.0
8,Thursday,3,4,Night,2,2,0,0.0
8,Thursday,3,6,Morning Rush,4,4,3,0.75
8,Thursday,3,7,Morning Rush,4,4,2,0.5
8,Thursday,3,8,Morning Rush,3,3,1,0.3333333333333333
8,Thursday,3,9,Morning Rush,2,2,1,0.5
8,Thursday,3,10,Midday,1,1,0,0.0
8,Thursday,3,11,Midday,2,2,1,0.5
8,Thursday,3,12,Midday,1,1,1,1.0
8,Thursday,3,13,Midday,2,2,0,0.0
8,Thursday,3,14,Midday,9,9,1,0.1111111111111111
8,Thursday,3,15,Evening Rush,4,4,1,0.25
8,Thursday,3,16,Evening Rush,4,4,0,0.0
8,Thursday,3,17,Evening Rush,8,8,2,0.25
8,Thursday,3,18,Evening Rush,3,3,0,0.0
8,Thursday,3,19,Evening,2,2,0,0.0
8,Thursday,3,20,Evening,6,6,1,0.16666666666666666
8,Thursday,3,21,Evening,2,2,1,0.5
8,Thursday,3,22,Evening,2,2,0,0.0
8,Tuesday,1,1,Night,1,1,1,1.0
8,Tuesday,1,4,Night,1,1,0,0.0
8,Tuesday,1,6,Morning Rush,2,2,1,0.5
8,Tuesday,1,7,Morning Rush,8,8,6,0.75
8,Tuesday,1,8,Morning Rush,3,3,0,0.0
8,Tuesday,1,9,Morning Rush,8,8,3,0.375
8,Tuesday,1,10,Midday,1,1,1,1.0
8,Tuesday,1,11,Midday,1,1,0,0.0
8,Tuesday,1,12,Midday,1,1,0,0.0
8,Tuesday,1,13,Midday,3,3,1,0.3333333333333333
8,Tuesday,1,14,Midday,3,3,1,0.3333333333333333
8,Tuesday,1,15,Evening Rush,5,5,2,0.4
8,Tuesday,1,16,Evening Rush,10,10,4,0.4
8,Tuesday,1,17,Evening Rush,13,13,3,0.23076923076923078
8,Tuesday,1,18,Evening Rush,6,6,3,0.5
8,Tuesday,1,19,Evening,5,5,2,0.4
8,Tuesday,1,20,Evening,2,2,0,0.0
8,Tuesday,1,21,Evening,2,2,1,0.5
8,Tuesday,1,22,Evening,2,2,1,0.5
8,Wednesday,2,0,Night,1,1,1,1.0
8,Wednesday,2,2,Night,1,1,1,1.0
8,Wednesday,2,6,Morning Rush,9,9,5,0.5555555555555556
8,Wednesday,2,7,Morning Rush,8,8,6,0.75
8,Wednesday,2,8,Morning Rush,7,7,3,0.42857142857142855
8,Wednesday,2,9,Morning Rush,1,1,1,1.0
8,Wednesday,2,10,Midday,4,4,2,0.5
8,Wednesday,2,11,Midday,5,5,1,0.2
8,Wednesday,2,12,Midday,3,3,0,0.0
8,Wednesday,2,13,Midday,2,2,1,0.5
8,Wednesday,2,14,Midday,3,3,0,0.0
8,Wednesday,2,15,Evening Rush,4,4,1,0.25
8,Wednesday,2,16,Evening Rush,6,6,1,0.16666666666666666
8,Wednesday,2,17,Evening Rush,10,10,1,0.1
8,Wednesday,2,18,Evening Rush,5,5,2,0.4
8,Wednesday,2,20,Evening,4,4,2,0.5
8,Wednesday,2,21,Evening,1,1,0,0.0
8,Wednesday,2,22,Evening,1,1,0,0.0
8,Wednesday,2,23,Evening,4,4,4,1.0
9,Friday,4,7,Morning Rush,1,1,1,1.0
9,Friday,4,9,Morning Rush,1,1,0,0.0
9,Friday,4,10,Midday,1,1,0,0.0
9,Monday,0,10,Midday,1,1,0,0.0
9,Monday,0,14,Midday,2,2,0,0.0
9,Saturday,5,11,Midday,1,1,0,0.0
9,Saturday,5,16,Evening Rush,1,1,0,0.0
9,Saturday,5,18,Evening Rush,1,1,0,0.0
9,Sunday,6,9,Morning Rush,1,1,1,1.0
9,Sunday,6,10,Midday,1,1,0,0.0
9,Sunday,6,15,Evening Rush,1,1,0,0.0
9,Sunday,6,20,Evening,1,1,1,1.0
9,Sunday,6,21,Evening,1,1,0,0.0
9,Sunday,6,23,Evening,1,1,1,1.0
9,Thursday,3,1,Night,1,1,1,1.0
9,Thursday,3,4,Night,1,1,1,1.0
9,Thursday,3,6,Morning Rush,1,1,0,0.0
9,Thursday,3,7,Morning Rush,1,1,0,0.0
9,Thursday,3,8,Morning Rush,3,3,2,0.6666666666666666
9,Thursday,3,14,Midday,1,1,0,0.0
9,Thursday,3,19,Evening,1,1,1,1.0
9,Tuesday,1,8,Morning Rush,1,1,1,1.0
9,Tuesday,1,21,Evening,1,1,0,0.0
9,Wednesday,2,8,Morning Rush,3,3,2,0.6666666666666666
9,Wednesday,2,10,Midday,1,1,1,1.0
9,Wednesday,2,13,Midday,1,1,0,0.0
10,Friday,4,0,Night,1,1,0,0.0
10,Friday,4,1,Night,1,1,1,1.0
10,Friday,4,6,Morning Rush,1,1,1,1.0
10,Friday,4,7,Morning Rush,2,2,2,1.0
10,Friday,4,8,Morning Rush,4,4,2,0.5
10,Friday,4,9,Morning Rush,1,1,0,0.0
10,Friday,4,10,Midday,1,1,0,0.0
10,Friday,4,11,Midday,2,2,1,0.5
10,Friday,4,12,Midday,1,1,1,1.0
10,Friday,4,13,Midday,4,4,1,0.25
10,Friday,4,14,Midday,1,1,1,1.0
10,Friday,4,15,Evening Rush,3,3,1,0.3333333333333333
10,Friday,4,16,Evening Rush,7,7,1,0.14285714285714285
10,Friday,4,17,Evening Rush,7,7,3,0.42857142857142855
10,Friday,4,18,Evening Rush,1,1,0,0.0
10,Friday,4,19,Evening,4,4,0,0.0
10,Friday,4,20,Evening,1,1,0,0.0
10,Monday,0,2,Night,1,1,1,1.0
10,Monday,0,7,Morning Rush,2,2,2,1.0
10,Monday,0,8,Morning Rush,2,2,1,0.5
10,Monday,0,9,Morning Rush,3,3,2,0.6666666666666666
10,Monday,0,11,Midday,2,2,0,0.0
10,Monday,0,12,Midday,2,2,1,0.5
10,Monday,0,14,Midday,1,1,0,0.0
10,Monday,0,15,Evening Rush,2,2,1,0.5
10,Monday,0,16,Evening Rush,6,6,2,0.3333333333333333
10,Monday,0,17,Evening Rush,2,2,0,0.0
10,Monday,0,21,Evening,1,1,0,0.0
10,Saturday,5,1,Night,1,1,1,1.0
10,Saturday,5,7,Morning Rush,1,1,1,1.0
10,Saturday,5,10,Midday,1,1,1,1.0
10,Saturday,5,11,Midday,2,2,1,0.5
10,Saturday,5,12,Midday,1,1,1,1.0
10,Saturday,5,13,Midday,2,2,1,0.5
10,Saturday,5,15,Evening Rush,2,2,0,0.0
10,Saturday,5,16,Evening Rush,2,2,1,0.5
10,Saturday,5,19,Evening,2,2,0,0.0
10,Saturday,5,20,Evening,1,1,1,1.0
10,Sunday,6,1,Night,1,1,1,1.0
10,Sunday,6,9,Morning Rush,1,1,0,0.0
10,Sunday,6,11,Midday,3,3,2,0.6666666666666666
10,Sunday,6,12,Midday,1,1,0,0.0
10,Sunday,6,13,Midday,2,2,0,0.0
10,Sunday,6,15,Evening Rush,2,2,1,0.5
10,Sunday,6,16,Evening Rush,1,1,1,1.0
10,Sunday,6,18,Evening Rush,1,1,0,0.0
10,Sunday,6,20,Evening,1,1,0,0.0
10,Thursday,3,6,Morning Rush,1,1,1,1.0
10,Thursday,3,7,Morning Rush,3,3,1,0.3333333333333333
10,Thursday,3,8,Morning Rush,2,2,1,0.5
10,Thursday,3,10,Midday,2,2,0,0.0
10,Thursday,3,11,Midday,1,1,0,0.0
10,Thursday,3,13,Midday,2,2,1,0.5
10,Thursday,3,14,Midday,4,4,1,0.25
10,Thursday,3,15,Evening Rush,2,2,2,1.0
10,Thursday,3,16,Evening Rush,1,1,0,0.0
10,Thursday,3,17,Evening Rush,5,5,2,0.4
10,Thursday,3,18,Evening Rush,2,2,0,0.0
10,Thursday,3,19,Evening,2,2,0,0.0
10,Thursday,3,20,Evening,2,2,1,0.5
10,Tuesday,1,7,Morning Rush,2,2,1,0.5
10,Tuesday,1,9,Morning Rush,2,2,0,0.0
10,Tuesday,1,10,Midday,1,1,1,1.0
10,Tuesday,1,11,Midday,3,3,1,0.3333333333333333
10,Tuesday,1,12,Midday,2,2,1,0.5
10,Tuesday,1,14,Midday,2,2,0,0.0
10,Tuesday,1,15,Evening Rush,1,1,0,0.0
10,Tuesday,1,16,Evening Rush,1,1,1,1.0
10,Tuesday,1,17,Evening Rush,6,6,0,0.0
10,Tuesday,1,18,Evening Rush,1,1,1,1.0
10,Tuesday,1,20,Evening,1,1,0,0.0
10,Wednesday,2,0,Night,1,1,0,0.0
10,Wednesday,2,6,Morning Rush,1,1,1,1.0
10,Wednesday,2,7,Morning Rush,2,2,1,0.5
10,Wednesday,2,8,Morning Rush,3,3,1,0.3333333333333333
10,Wednesday,2,9,Morning Rush,2,2,1,0.5
10,Wednesday,2,10,Midday,3,3,2,0.6666666666666666
10,Wednesday,2,12,Midday,2,2,1,0.5
10,Wednesday,2,13,Midday,4,4,2,0.5
10,Wednesday,2,14,Midday,1,1,0,0.0
10,Wednesday,2,15,Evening Rush,4,4,0,0.0
10,Wednesday,2,16,Evening Rush,3,3,2,0.6666666666666666
10,Wednesday,2,18,Evening Rush,3,3,1,0.3333333333333333
10,Wednesday,2,19,Evening,2,2,0,0.0
10,Wednesday,2,20,Evening,1,1,1,1.0
11,Friday,4,2,Night,1,1,1,1.0
11,Friday,4,5,Night,1,1,1,1.0
11,Friday,4,6,Morning Rush,2,2,2,1.0
11,Friday,4,10,Midday,2,2,2,1.0
11,Friday,4,12,Midday,1,1,1,1.0
11,Friday,4,19,Evening,2,2,1,0.5
11,Monday,0,10,Midday,2,2,0,0.0
11,Monday,0,22,Evening,1,1,0,0.0
11,Saturday,5,11,Midday,1,1,0,0.0
11,Saturday,5,12,Midday,2,2,2,1.0
11,Saturday,5,20,Evening,1,1,0,0.0
11,Saturday,5,21,Evening,1,1,1,1.0
11,Sunday,6,5,Night,1,1,0,0.0
11,Sunday,6,8,Morning Rush,1,1,0,0.0
11,Sunday,6,9,Morning Rush,1,1,1,1.0
11,Thursday,3,8,Morning Rush,1,1,0,0.0
11,Tuesday,1,8,Morning Rush,1,1,0,0.0
11,Tuesday,1,13,Midday,2,2,2,1.0
11,Tuesday,1,16,Evening Rush,1,1,1,1.0
11,Tuesday,1,17,Evening Rush,1,1,0,0.0
11,Tuesday,1,22,Evening,1,1,1,1.0
11,Tuesday,1,23,Evening,1,1,1,1.0
11,Wednesday,2,10,Midday,1,1,1,1.0
11,Wednesday,2,16,Evening Rush,1,1,0,0.0
11,Wednesday,2,17,Evening Rush,1,1,1,1.0
12,Friday,4,1,Night,1,1,0,0.0
12,Friday,4,11,Midday,1,1,0,0.0
12,Friday,4,13,Midday,1,1,0,0.0
12,Friday,4,14,Midday,1,1,0,0.0
12,Friday,4,17,Evening Rush,2,2,0,0.0
12,Friday,4,18,Evening Rush,1,1,0,0.0
12,Friday,4,19,Evening,1,1,0,0.0
12,Monday,0,6,Morning Rush,2,2,2,1.0
12,Monday,0,11,Midday,1,1,0,0.0
12,Monday,0,13,Midday,1,1,0,0.0
12,Monday,0,16,Evening Rush,3,3,0,0.0
12,Monday,0,18,Evening Rush,1,1,0,0.0
12,Monday,0,19,Evening,1,1,0,0.0
12,Saturday,5,5,Night,1,1,1,1.0
12,Saturday,5,12,Midday,1,1,0,0.0
12,Saturday,5,19,Evening,2,2,2,1.0
12,Saturday,5,21,Evening,1,1,0,0.0
12,Sunday,6,0,Night,1,1,0,0.0
12,Sunday,6,14,Midday,2,2,0,0.0
12,Sunday,6,16,Evening Rush,1,1,1,1.0
12,Sunday,6,18,Evening Rush,1,1,0,0.0
12,Sunday,6,20,Evening,1,1,1,1.0
12,Thursday,3,0,Night,1,1,0,0.0
12,Thursday,3,6,Morning Rush,1,1,1,1.0
12,Thursday,3,8,Morning Rush,2,2,2,1.0
12,Thursday,3,10,Midday,1,1,0,0.0
12,Thursday,3,11,Midday,2,2,1,0.5
12,Thursday,3,12,Midday,1,1,1,1.0
12,Thursday,3,14,Midday,1,1,0,0.0
12,Thursday,3,19,Evening,1,1,1,1.0
12,Tuesday,1,10,Midday,2,2,0,0.0
12,Tuesday,1,13,Midday,1,1,1,1.0
12,Tuesday,1,15,Evening Rush,2,2,0,0.0
12,Tuesday,1,18,Evening Rush,1,1,0,0.0
12,Tuesday,1,22,Evening,1,1,0,0.0
12,Wednesday,2,1,Night,1,1,0,0.0
12,Wednesday,2,8,Morning Rush,1,1,1,1.0
12,Wednesday,2,10,Midday,2,2,1,0.5
12,Wednesday,2,12,Midday,1,1,0,0.0
12,Wednesday,2,16,Evening Rush,1,1,1,1.0
12,Wednesday,2,18,Evening Rush,2,2,0,0.0
13,Friday,4,0,Night,1,1,1,1.0
13,Friday,4,1,Night,2,2,1,0.5
13,Friday,4,6,Morning Rush,4,4,1,0.25
13,Friday,4,7,Morning Rush,12,12,6,0.5
13,Friday,4,8,Morning Rush,11,11,6,0.5454545454545454
13,Friday,4,9,Morning Rush,9,9,4,0.4444444444444444
13,Friday,4,10,Midday,7,7,5,0.7142857142857143
13,Friday,4,11,Midday,7,7,1,0.14285714285714285
13,Friday,4,12,Midday,9,9,2,0.2222222222222222
13,Friday,4,13,Midday,13,13,3,0.23076923076923078
13,Friday,4,14,Midday,22,22,7,0.3181818181818182
13,Friday,4,15,Evening Rush,17,17,0,0.0
13,Friday,4,16,Evening Rush,12,12,5,0.4166666666666667
13,Friday,4,17,Evening Rush,14,14,3,0.21428571428571427
13,Friday,4,18,Evening Rush,14,14,3,0.21428571428571427
13,Friday,4,19,Evening,3,3,0,0.0
13,Friday,4,20,Evening,9,9,1,0.1111111111111111
13,Friday,4,21,Evening,3,3,1,0.3333333333333333
13,Friday,4,22,Evening,3,3,2,0.6666666666666666
13,Friday,4,23,Evening,3,3,2,0.6666666666666666
13,Monday,0,5,Night,2,2,2,1.0
13,Monday,0,6,Morning Rush,7,7,3,0.42857142857142855
13,Monday,0,7,Morning Rush,13,13,10,0.7692307692307693
13,Monday,0,8,Morning Rush,5,5,2,0.4
13,Monday,0,9,Morning Rush,5,5,1,0.2
13,Monday,0,10,Midday,2,2,2,1.0
13,Monday,0,11,Midday,9,9,3,0.3333333333333333
13,Monday,0,12,Midday,8,8,2,0.25
13,Monday,0,13,Midday,3,3,1,0.3333333333333333
13,Monday,0,14,Midday,10,10,5,0.5
13,Monday,0,15,Evening Rush,9,9,4,0.4444444444444444
13,Monday,0,16,Evening Rush,12,12,3,0.25
13,Monday,0,17,Evening Rush,13,13,4,0.3076923076923077
13,Monday,0,18,Evening Rush,7,7,1,0.14285714285714285
13,Monday,0,21,Evening,2,2,1,0.5
13,Monday,0,22,Evening,3,3,3,1.0
13,Saturday,5,1,Night,1,1,0,0.0
13,Saturday,5,6,Morning Rush,2,2,1,0.5
13,Saturday,5,7,Morning Rush,3,3,1,0.3333333333333333
13,Saturday,5,8,Morning Rush,1,1,1,1.0
13,Saturday,5,9,Morning Rush,2,2,2,1.0
13,Saturday,5,10,Midday,5,5,2,0.4
13,Saturday,5,11,Midday,6,6,5,0.8333333333333334
13,Saturday,5,12,Midday,10,10,4,0.4
13,Saturday,5,13,Midday,11,11,3,0.2727272727272727
13,Saturday,5,14,Midday,13,13,2,0.15384615384615385
13,Saturday,5,15,Evening Rush,10,10,2,0.2
13,Saturday,5,16,Evening Rush,9,9,1,0.1111111111111111
13,Saturday,5,17,Evening Rush,12,12,6,0.5
13,Saturday,5,18,Evening Rush,8,8,2,0.25
13,Saturday,5,19,Evening,1,1,1,1.0
13,Saturday,5,20,Evening,1,1,0,0.0
13,Saturday,5,22,Evening,1,1,1,1.0
13,Saturday,5,23,Evening,3,3,2,0.6666666666666666
13,Sunday,6,1,Night,1,1,0,0.0
13,Sunday,6,5,Night,1,1,1,1.0
13,Sunday,6,6,Morning Rush,1,1,1,1.0
13,Sunday,6,7,Morning Rush,1,1,1,1.0
13,Sunday,6,9,Morning Rush,3,3,1,0.3333333333333333
13,Sunday,6,10,Midday,1,1,1,1.0
13,Sunday,6,12,Midday,4,4,2,0.5
13,Sunday,6,13,Midday,4,4,2,0.5
13,Sunday,6,14,Midday,5,5,1,0.2
13,Sunday,6,15,Evening Rush,6,6,2,0.3333333333333333
13,Sunday,6,16,Evening Rush,6,6,3,0.5
13,Sunday,6,17,Evening Rush,1,1,1,1.0
13,Sunday,6,18,Evening Rush,4,4,2,0.5
13,Sunday,6,19,Evening,2,2,2,1.0
13,Sunday,6,20,Evening,3,3,1,0.3333333333333333
13,Sunday,6,21,Evening,2,2,1,0.5
13,Sunday,6,22,Evening,1,1,1,1.0
13,Sunday,6,23,Evening,2,2,2,1.0
13,Thursday,3,0,Night,1,1,0,0.0
13,Thursday,3,1,Night,1,1,1,1.0
13,Thursday,3,3,Night,1,1,1,1.0
13,Thursday,3,6,Morning Rush,3,3,2,0.6666666666666666
13,Thursday,3,7,Morning Rush,16,16,10,0.625
13,Thursday,3,8,Morning Rush,13,13,7,0.5384615384615384
13,Thursday,3,9,Morning Rush,11,11,6,0.5454545454545454
13,Thursday,3,10,Midday,5,5,3,0.6
13,Thursday,3,11,Midday,7,7,2,0.2857142857142857
13,Thursday,3,12,Midday,5,5,2,0.4
13,Thursday,3,13,Midday,10,10,4,0.4
13,Thursday,3,14,Midday,5,5,1,0.2
13,Thursday,3,15,Evening Rush,23,23,6,0.2608695652173913
13,Thursday,3,16,Evening Rush,17,17,2,0.11764705882352941
13,Thursday,3,17,Evening Rush,14,14,1,0.07142857142857142
13,Thursday,3,18,Evening Rush,7,7,2,0.2857142857142857
13,Thursday,3,19,Evening,5,5,2,0.4
13,Thursday,3,20,Evening,4,4,1,0.25
13,Thursday,3,21,Evening,2,2,0,0.0
13,Thursday,3,22,Evening,1,1,1,1.0
13,Tuesday,1,0,Night,2,2,1,0.5
13,Tuesday,1,1,Night,1,1,0,0.0
13,Tuesday,1,5,Night,2,2,1,0.5
13,Tuesday,1,6,Morning Rush,3,3,1,0.3333333333333333
13,Tuesday,1,7,Morning Rush,13,13,7,0.5384615384615384
13,Tuesday,1,8,Morning Rush,5,5,0,0.0
13,Tuesday,1,9,Morning Rush,11,11,2,0.18181818181818182
13,Tuesday,1,10,Midday,6,6,1,0.16666666666666666
13,Tuesday,1,11,Midday,9,9,6,0.6666666666666666
13,Tuesday,1,12,Midday,4,4,0,0.0
13,Tuesday,1,13,Midday,9,9,2,0.2222222222222222
13,Tuesday,1,14,Midday,6,6,3,0.5
13,Tuesday,1,15,Evening Rush,15,15,4,0.26666666666666666
13,Tuesday,1,16,Evening Rush,12,12,5,0.4166666666666667
13,Tuesday,1,17,Evening Rush,19,19,3,0.15789473684210525
13,Tuesday,1,18,Evening Rush,5,5,0,0.0
13,Tuesday,1,19,Evening,2,2,2,1.0
13,Tuesday,1,22,Evening,3,3,1,0.3333333333333333
13,Tuesday,1,23,Evening,2,2,1,0.5
13,Wednesday,2,6,Morning Rush,7,7,7,1.0
13,Wednesday,2,7,Morning Rush,16,16,6,0.375
13,Wednesday,2,8,Morning Rush,7,7,4,0.5714285714285714
13,Wednesday,2,9,Morning Rush,8,8,2,0.25
13,Wednesday,2,10,Midday,3,3,1,0.3333333333333333
13,Wednesday,2,11,Midday,6,6,4,0.6666666666666666
13,Wednesday,2,12,Midday,11,11,4,0.36363636363636365
13,Wednesday,2,13,Midday,8,8,1,0.125
13,Wednesday,2,14,Midday,12,12,3,0.25
13,Wednesday,2,15,Evening Rush,15,15,5,0.3333333333333333
13,Wednesday,2,16,Evening Rush,18,18,5,0.2777777777777778
13,Wednesday,2,17,Evening Rush,26,26,4,0.15384615384615385
13,Wednesday,2,18,Evening Rush,8,8,1,0.125
13,Wednesday,2,19,Evening,3,3,2,0.6666666666666666
13,Wednesday,2,20,Evening,4,4,3,0.75
13,Wednesday,2,21,Evening,3,3,1,0.3333333333333333
13,Wednesday,2,22,Evening,2,2,0,0.0
13,Wednesday,2,23,Evening,2,2,1,0.5
14,Friday,4,0,Night,1,1,0,0.0
14,Friday,4,1,Night,2,2,0,0.0
14,Friday,4,4,Night,1,1,1,1.0
14,Friday,4,5,Night,1,1,0,0.0
14,Friday,4,7,Morning Rush,2,2,0,0.0
14,Friday,4,8,Morning Rush,2,2,0,0.0
14,Friday,4,10,Midday,4,4,4,1.0
14,Friday,4,13,Midday,1,1,0,0.0
14,Friday,4,14,Midday,1,1,1,1.0
14,Friday,4,15,Evening Rush,3,3,0,0.0
14,Friday,4,16,Evening Rush,1,1,0,0.0
14,Friday,4,17,Evening Rush,2,2,0,0.0
14,Friday,4,18,Evening Rush,1,1,0,0.0
14,Friday,4,20,Evening,2,2,2,1.0
14,Monday,0,8,Morning Rush,1,1,1,1.0
14,Monday,0,11,Midday,1,1,0,0.0
14,Monday,0,16,Evening Rush,1,1,0,0.0
14,Monday,0,17,Evening Rush,4,4,0,0.0
14,Monday,0,19,Evening,2,2,0,0.0
14,Monday,0,21,Evening,1,1,0,0.0
14,Saturday,5,5,Night,1,1,0,0.0
14,Saturday,5,9,Morning Rush,1,1,0,0.0
14,Saturday,5,11,Midday,2,2,1,0.5
14,Saturday,5,12,Midday,1,1,1,1.0
14,Saturday,5,13,Midday,1,1,1,1.0
14,Saturday,5,15,Evening Rush,1,1,0,0.0
14,Saturday,5,16,Evening Rush,1,1,0,0.0
14,Saturday,5,20,Evening,1,1,0,0.0
14,Saturday,5,23,Evening,2,2,2,1.0
14,Sunday,6,4,Night,2,2,0,0.0
14,Sunday,6,11,Midday,3,3,3,1.0
14,Sunday,6,12,Midday,1,1,1,1.0
14,Sunday,6,14,Midday,3,3,1,0.3333333333333333
14,Sunday,6,15,Evening Rush,1,1,0,0.0
14,Sunday,6,16,Evening Rush,1,1,0,0.0
14,Sunday,6,18,Evening Rush,1,1,1,1.0
14,Sunday,6,20,Evening,1,1,1,1.0
14,Thursday,3,5,Night,1,1,0,0.0
14,Thursday,3,8,Morning Rush,2,2,0,0.0
14,Thursday,3,9,Morning Rush,3,3,2,0.6666666666666666
14,Thursday,3,11,Midday,1,1,1,1.0
14,Thursday,3,12,Midday,2,2,0,0.0
14,Thursday,3,14,Midday,2,2,1,0.5
14,Thursday,3,15,Evening Rush,1,1,1,1.0
14,Thursday,3,17,Evening Rush,1,1,0,0.0
14,Thursday,3,21,Evening,1,1,1,1.0
14,Tuesday,1,12,Midday,3,3,0,0.0
14,Tuesday,1,13,Midday,2,2,1,0.5
14,Tuesday,1,15,Evening Rush,1,1,0,0.0
14,Tuesday,1,16,Evening Rush,1,1,0,0.0
14,Tuesday,1,17,Evening Rush,1,1,1,1.0
14,Tuesday,1,18,Evening Rush,1,1,0,0.0
14,Tuesday,1,19,Evening,2,2,1,0.5
14,Wednesday,2,0,Night,1,1,1,1.0
14,Wednesday,2,2,Night,1,1,0,0.0
14,Wednesday,2,7,Morning Rush,1,1,1,1.0
14,Wednesday,2,8,Morning Rush,1,1,0,0.0
14,Wednesday,2,9,Morning Rush,3,3,2,0.6666666666666666
14,Wednesday,2,10,Midday,1,1,0,0.0
14,Wednesday,2,13,Midday,1,1,1,1.0
14,Wednesday,2,21,Evening,3,3,1,0.3333333333333333
15,Friday,4,6,Morning Rush,1,1,1,1.0
15,Friday,4,7,Morning Rush,1,1,1,1.0
15,Friday,4,8,Morning Rush,1,1,1,1.0
15,Friday,4,9,Morning Rush,1,1,1,1.0
15,Friday,4,10,Midday,2,2,1,0.5
15,Friday,4,11,Midday,2,2,0,0.0
15,Friday,4,14,Midday,3,3,0,0.0
15,Friday,4,15,Evening Rush,2,2,2,1.0
15,Friday,4,21,Evening,1,1,1,1.0
15,Friday,4,23,Evening,1,1,1,1.0
15,Monday,0,5,Night,1,1,1,1.0
15,Monday,0,7,Morning Rush,1,1,1,1.0
15,Monday,0,8,Morning Rush,1,1,0,0.0
15,Monday,0,10,Midday,2,2,2,1.0
15,Monday,0,12,Midday,2,2,2,1.0
15,Monday,0,14,Midday,1,1,0,0.0
15,Monday,0,15,Evening Rush,1,1,0,0.0
15,Saturday,5,3,Night,1,1,1,1.0
15,Saturday,5,12,Midday,1,1,1,1.0
15,Saturday,5,13,Midday,3,3,2,0.6666666666666666
15,Saturday,5,14,Midday,1,1,1,1.0
15,Saturday,5,16,Evening Rush,1,1,1,1.0
15,Saturday,5,17,Evening Rush,1,1,0,0.0
15,Saturday,5,18,Evening Rush,1,1,0,0.0
15,Saturday,5,19,Evening,1,1,1,1.0
15,Sunday,6,15,Evening Rush,1,1,1,1.0
15,Sunday,6,19,Evening,3,3,3,1.0
15,Thursday,3,7,Morning Rush,2,2,2,1.0
15,Thursday,3,9,Morning Rush,2,2,1,0.5
15,Thursday,3,10,Midday,1,1,0,0.0
15,Thursday,3,12,Midday,3,3,1,0.3333333333333333
15,Thursday,3,14,Midday,2,2,1,0.5
15,Thursday,3,15,Evening Rush,1,1,0,0.0
15,Thursday,3,16,Evening Rush,1,1,1,1.0
15,Thursday,3,20,Evening,1,1,0,0.0
15,Tuesday,1,7,Morning Rush,1,1,0,0.0
15,Tuesday,1,9,Morning Rush,1,1,0,0.0
15,Tuesday,1,12,Midday,1,1,1,1.0
15,Tuesday,1,13,Midday,1,1,1,1.0
15,Tuesday,1,14,Midday,1,1,1,1.0
15,Tuesday,1,15,Evening Rush,1,1,1,1.0
15,Tuesday,1,16,Evening Rush,3,3,1,0.3333333333333333
15,Tuesday,1,18,Evening Rush,1,1,0,0.0
15,Tuesday,1,22,Evening,1,1,0,0.0
15,Wednesday,2,6,Morning Rush,1,1,0,0.0
15,Wednesday,2,7,Morning Rush,2,2,1,0.5
15,Wednesday,2,8,Morning Rush,1,1,0,0.0
15,Wednesday,2,9,Morning Rush,3,3,3,1.0
15,Wednesday,2,11,Midday,1,1,1,1.0
15,Wednesday,2,14,Midday,1,1,0,0.0
15,Wednesday,2,15,Evening Rush,2,2,1,0.5
15,Wednesday,2,16,Evening Rush,5,5,1,0.2
15,Wednesday,2,17,Evening Rush,1,1,0,0.0
15,Wednesday,2,21,Evening,2,2,1,0.5
15,Wednesday,2,23,Evening,1,1,1,1.0
16,Friday,4,7,Morning Rush,1,1,1,1.0
16,Friday,4,8,Morning Rush,2,2,1,0.5
16,Friday,4,10,Midday,1,1,1,1.0
16,Friday,4,12,Midday,2,2,1,0.5
16,Friday,4,15,Evening Rush,1,1,0,0.0
16,Friday,4,17,Evening Rush,1,1,0,0.0
16,Friday,4,18,Evening Rush,1,1,0,0.0
16,Friday,4,21,Evening,1,1,0,0.0
16,Monday,0,4,Night,1,1,1,1.0
16,Monday,0,6,Morning Rush,1,1,0,0.0
16,Monday,0,7,Morning Rush,1,1,1,1.0
16,Monday,0,8,Morning Rush,1,1,0,0.0
16,Monday,0,9,Morning Rush,1,1,0,0.0
16,Monday,0,12,Midday,2,2,2,1.0
16,Monday,0,14,Midday,1,1,0,0.0
16,Monday,0,15,Evening Rush,1,1,0,0.0
16,Monday,0,17,Evening Rush,2,2,1,0.5
16,Monday,0,22,Evening,1,1,0,0.0
16,Saturday,5,0,Night,1,1,1,1.0
16,Saturday,5,15,Evening Rush,1,1,0,0.0
16,Saturday,5,18,Evening Rush,2,2,2,1.0
16,Saturday,5,20,Evening,2,2,1,0.5
16,Sunday,6,3,Night,1,1,0,0.0
16,Sunday,6,4,Night,1,1,1,1.0
16,Sunday,6,9,Morning Rush,1,1,0,0.0
16,Sunday,6,10,Midday,1,1,1,1.0
16,Sunday,6,11,Midday,1,1,1,1.0
16,Sunday,6,12,Midday,1,1,0,0.0
16,Sunday,6,14,Midday,1,1,0,0.0
16,Sunday,6,15,Evening Rush,3,3,1,0.3333333333333333
16,Thursday,3,5,Night,1,1,0,0.0
16,Thursday,3,7,Morning Rush,2,2,2,1.0
16,Thursday,3,8,Morning Rush,2,2,0,0.0
16,Thursday,3,9,Morning Rush,2,2,1,0.5
16,Thursday,3,11,Midday,1,1,0,0.0
16,Thursday,3,14,Midday,1,1,0,0.0
16,Thursday,3,15,Evening Rush,1,1,0,0.0
16,Thursday,3,16,Evening Rush,1,1,1,1.0
16,Thursday,3,18,Evening Rush,1,1,0,0.0
16,Thursday,3,22,Evening,1,1,1,1.0
16,Tuesday,1,6,Morning Rush,2,2,0,0.0
16,Tuesday,1,7,Morning Rush,2,2,1,0.5
16,Tuesday,1,8,Morning Rush,1,1,1,1.0
16,Tuesday,1,9,Morning Rush,2,2,1,0.5
16,Tuesday,1,11,Midday,2,2,0,0.0
16,Tuesday,1,12,Midday,1,1,1,1.0
16,Tuesday,1,13,Midday,1,1,1,1.0
16,Tuesday,1,14,Midday,1,1,0,0.0
16,Tuesday,1,15,Evening Rush,1,1,0,0.0
16,Tuesday,1,16,Evening Rush,3,3,0,0.0
16,Tuesday,1,19,Evening,1,1,0,0.0
16,Tuesday,1,22,Evening,1,1,0,0.0
16,Wednesday,2,5,Night,2,2,1,0.5
16,Wednesday,2,6,Morning Rush,3,3,2,0.6666666666666666
16,Wednesday,2,8,Morning Rush,3,3,1,0.3333333333333333
16,Wednesday,2,9,Morning Rush,2,2,0,0.0
16,Wednesday,2,14,Midday,1,1,1,1.0
16,Wednesday,2,17,Evening Rush,6,6,2,0.3333333333333333
16,Wednesday,2,20,Evening,1,1,0,0.0
16,Wednesday,2,22,Evening,1,1,0,0.0
17,Friday,4,0,Night,1,1,1,1.0
17,Friday,4,7,Morning Rush,2,2,2,1.0
17,Friday,4,8,Morning Rush,4,4,1,0.25
17,Friday,4,9,Morning Rush,2,2,1,0.5
17,Friday,4,10,Midday,2,2,0,0.0
17,Friday,4,11,Midday,2,2,1,0.5
17,Friday,4,12,Midday,2,2,1,0.5
17,Friday,4,13,Midday,3,3,0,0.0
17,Friday,4,15,Evening Rush,2,2,0,0.0
17,Friday,4,16,Evening Rush,1,1,0,0.0
17,Friday,4,17,Evening Rush,6,6,0,0.0
17,Friday,4,18,Evening Rush,1,1,0,0.0
17,Friday,4,19,Evening,1,1,1,1.0
17,Friday,4,21,Evening,1,1,0,0.0
17,Friday,4,22,Evening,4,4,2,0.5
17,Monday,0,7,Morning Rush,1,1,1,1.0
17,Monday,0,8,Morning Rush,3,3,2,0.6666666666666666
17,Monday,0,9,Morning Rush,4,4,2,0.5
17,Monday,0,11,Midday,2,2,2,1.0
17,Monday,0,15,Evening Rush,2,2,0,0.0
17,Monday,0,16,Evening Rush,5,5,0,0.0
17,Monday,0,17,Evening Rush,7,7,1,0.14285714285714285
17,Monday,0,20,Evening,4,4,4,1.0
17,Saturday,5,1,Night,1,1,0,0.0
17,Saturday,5,10,Midday,5,5,0,0.0
17,Saturday,5,11,Midday,1,1,1,1.0
17,Saturday,5,12,Midday,5,5,1,0.2
17,Saturday,5,13,Midday,3,3,0,0.0
17,Saturday,5,14,Midday,4,4,1,0.25
17,Saturday,5,15,Evening Rush,1,1,0,0.0
17,Saturday,5,17,Evening Rush,1,1,1,1.0
17,Saturday,5,22,Evening,1,1,1,1.0
17,Sunday,6,2,Night,1,1,1,1.0
17,Sunday,6,9,Morning Rush,2,2,1,0.5
17,Sunday,6,13,Midday,1,1,0,0.0
17,Sunday,6,15,Evening Rush,1,1,1,1.0
17,Sunday,6,16,Evening Rush,1,1,0,0.0
17,Sunday,6,17,Evening Rush,2,2,2,1.0
17,Sunday,6,19,Evening,2,2,0,0.0
17,Thursday,3,6,Morning Rush,5,5,4,0.8
17,Thursday,3,7,Morning Rush,4,4,1,0.25
17,Thursday,3,8,Morning Rush,3,3,3,1.0
17,Thursday,3,9,Morning Rush,3,3,2,0.6666666666666666
17,Thursday,3,10,Midday,2,2,2,1.0
17,Thursday,3,11,Midday,1,1,0,0.0
17,Thursday,3,12,Midday,4,4,2,0.5
17,Thursday,3,13,Midday,2,2,0,0.0
17,Thursday,3,14,Midday,1,1,0,0.0
17,Thursday,3,16,Evening Rush,3,3,1,0.3333333333333333
17,Thursday,3,17,Evening Rush,7,7,1,0.14285714285714285
17,Thursday,3,18,Evening Rush,6,6,1,0.16666666666666666
17,Thursday,3,19,Evening,2,2,2,1.0
17,Thursday,3,20,Evening,1,1,0,0.0
17,Thursday,3,21,Evening,1,1,0,0.0
17,Tuesday,1,1,Night,1,1,0,0.0
17,Tuesday,1,6,Morning Rush,1,1,1,1.0
17,Tuesday,1,7,Morning Rush,2,2,0,0.0
17,Tuesday,1,9,Morning Rush,2,2,2,1.0
17,Tuesday,1,11,Midday,1,1,0,0.0
17,Tuesday,1,12,Midday,2,2,0,0.0
17,Tuesday,1,14,Midday,2,2,0,0.0
17,Tuesday,1,15,Evening Rush,3,3,0,0.0
17,Tuesday,1,16,Evening Rush,7,7,2,0.2857142857142857
17,Tuesday,1,17,Evening Rush,5,5,2,0.4
17,Tuesday,1,22,Evening,1,1,0,0.0
17,Wednesday,2,1,Night,2,2,1,0.5
17,Wednesday,2,6,Morning Rush,3,3,0,0.0
17,Wednesday,2,7,Morning Rush,3,3,0,0.0
17,Wednesday,2,8,Morning Rush,3,3,3,1.0
17,Wednesday,2,11,Midday,1,1,0,0.0
17,Wednesday,2,12,Midday,1,1,0,0.0
17,Wednesday,2,16,Evening Rush,10,10,2,0.2
17,Wednesday,2,17,Evening Rush,5,5,3,0.6
18,Friday,4,6,Morning Rush,1,1,1,1.0
18,Friday,4,12,Midday,1,1,0,0.0
18,Friday,4,18,Evening Rush,1,1,0,0.0
18,Monday,0,8,Morning Rush,1,1,1,1.0
18,Monday,0,9,Morning Rush,1,1,1,1.0
18,Monday,0,14,Midday,1,1,0,0.0
18,Monday,0,17,Evening Rush,1,1,1,1.0
18,Saturday,5,14,Midday,2,2,0,0.0
18,Saturday,5,20,Evening,1,1,0,0.0
18,Saturday,5,22,Evening,1,1,0,0.0
18,Saturday,5,23,Evening,3,3,0,0.0
18,Sunday,6,4,Night,1,1,0,0.0
18,Sunday,6,13,Midday,1,1,0,0.0
18,Thursday,3,7,Morning Rush,2,2,2,1.0
18,Thursday,3,9,Morning Rush,1,1,1,1.0
18,Thursday,3,10,Midday,1,1,0,0.0
18,Thursday,3,11,Midday,1,1,1,1.0
18,Thursday,3,15,Evening Rush,1,1,0,0.0
18,Thursday,3,16,Evening Rush,1,1,0,0.0
18,Thursday,3,19,Evening,3,3,2,0.6666666666666666
18,Thursday,3,22,Evening,1,1,0,0.0
18,Thursday,3,23,Evening,1,1,0,0.0
18,Tuesday,1,7,Morning Rush,1,1,0,0.0
18,Tuesday,1,13,Midday,1,1,0,0.0
18,Tuesday,1,19,Evening,1,1,0,0.0
18,Wednesday,2,1,Night,1,1,0,0.0
18,Wednesday,2,8,Morning Rush,2,2,1,0.5
18,Wednesday,2,10,Midday,1,1,1,1.0
18,Wednesday,2,16,Evening Rush,1,1,0,0.0
18,Wednesday,2,18,Evening Rush,1,1,1,1.0
19,Monday,0,17,Evening Rush,1,1,0,0.0
19,Sunday,6,8,Morning Rush,1,1,1,1.0
19,Sunday,6,20,Evening,1,1,0,0.0
19,Sunday,6,21,Evening,1,1,0,0.0
19,Sunday,6,22,Evening,1,1,1,1.0
19,Sunday,6,23,Evening,1,1,0,0.0
19,Thursday,3,7,Morning Rush,1,1,0,0.0
19,Thursday,3,8,Morning Rush,2,2,1,0.5
19,Thursday,3,18,Evening Rush,1,1,0,0.0
19,Thursday,3,19,Evening,1,1,0,0.0
19,Thursday,3,20,Evening,1,1,1,1.0
19,Tuesday,1,8,Morning Rush,1,1,1,1.0
19,Tuesday,1,10,Midday,1,1,1,1.0
19,Tuesday,1,16,Evening Rush,1,1,0,0.0
19,Wednesday,2,7,Morning Rush,1,1,0,0.0
19,Wednesday,2,16,Evening Rush,1,1,0,0.0
19,Wednesday,2,18,Evening Rush,2,2,2,1.0
19,Wednesday,2,20,Evening,1,1,1,1.0
19,Wednesday,2,21,Evening,2,2,0,0.0
20,Friday,4,8,Morning Rush,1,1,0,0.0
20,Friday,4,13,Midday,1,1,0,0.0
20,Friday,4,17,Evening Rush,1,1,1,1.0
20,Monday,0,0,Night,1,1,1,1.0
20,Monday,0,2,Night,1,1,1,1.0
20,Monday,0,6,Morning Rush,1,1,0,0.0
20,Monday,0,8,Morning Rush,1,1,0,0.0
20,Saturday,5,4,Night,1,1,1,1.0
20,Saturday,5,12,Midday,1,1,0,0.0
20,Saturday,5,21,Evening,1,1,0,0.0
20,Sunday,6,3,Night,1,1,0,0.0
20,Sunday,6,10,Midday,1,1,0,0.0
20,Sunday,6,11,Midday,1,1,0,0.0
20,Thursday,3,14,Midday,1,1,1,1.0
20,Tuesday,1,7,Morning Rush,1,1,1,1.0
20,Tuesday,1,9,Morning Rush,2,2,0,0.0
20,Wednesday,2,17,Evening Rush,1,1,0,0.0
20,Wednesday,2,18,Evening Rush,3,3,1,0.3333333333333333
21,Friday,4,5,Night,1,1,1,1.0
21,Friday,4,6,Morning Rush,2,2,2,1.0
21,Friday,4,7,Morning Rush,1,1,0,0.0
21,Friday,4,8,Morning Rush,1,1,0,0.0
21,Friday,4,9,Morning Rush,1,1,0,0.0
21,Friday,4,10,Midday,1,1,1,1.0
21,Friday,4,11,Midday,1,1,1,1.0
21,Friday,4,12,Midday,2,2,2,1.0
21,Friday,4,14,Midday,3,3,0,0.0
21,Friday,4,15,Evening Rush,8,8,1,0.125
21,Friday,4,16,Evening Rush,8,8,1,0.125
21,Friday,4,17,Evening Rush,3,3,0,0.0
21,Friday,4,18,Evening Rush,3,3,1,0.3333333333333333
21,Monday,0,7,Morning Rush,1,1,1,1.0
21,Monday,0,8,Morning Rush,1,1,1,1.0
21,Monday,0,10,Midday,1,1,1,1.0
21,Monday,0,13,Midday,1,1,1,1.0
21,Monday,0,14,Midday,2,2,1,0.5
21,Monday,0,16,Evening Rush,1,1,0,0.0
21,Monday,0,17,Evening Rush,1,1,0,0.0
21,Monday,0,18,Evening Rush,2,2,2,1.0
21,Monday,0,19,Evening,1,1,1,1.0
21,Monday,0,20,Evening,2,2,0,0.0
21,Monday,0,22,Evening,1,1,0,0.0
21,Saturday,5,1,Night,1,1,1,1.0
21,Saturday,5,3,Night,1,1,1,1.0
21,Saturday,5,7,Morning Rush,1,1,1,1.0
21,Saturday,5,8,Morning Rush,1,1,1,1.0
21,Saturday,5,10,Midday,2,2,2,1.0
21,Saturday,5,12,Midday,3,3,1,0.3333333333333333
21,Saturday,5,13,Midday,2,2,1,0.5
21,Saturday,5,14,Midday,3,3,2,0.6666666666666666
21,Saturday,5,15,Evening Rush,1,1,0,0.0
21,Saturday,5,16,Evening Rush,1,1,0,0.0
21,Saturday,5,17,Evening Rush,1,1,1,1.0
21,Saturday,5,18,Evening Rush,1,1,0,0.0
21,Saturday,5,19,Evening,1,1,0,0.0
21,Saturday,5,22,Evening,1,1,0,0.0
21,Sunday,6,3,Night,1,1,0,0.0
21,Sunday,6,14,Midday,1,1,0,0.0
21,Sunday,6,15,Evening Rush,1,1,0,0.0
21,Sunday,6,16,Evening Rush,1,1,1,1.0
21,Sunday,6,20,Evening,1,1,0,0.0
21,Thursday,3,1,Night,1,1,1,1.0
21,Thursday,3,2,Night,1,1,1,1.0
21,Thursday,3,6,Morning Rush,1,1,1,1.0
21,Thursday,3,7,Morning Rush,1,1,0,0.0
21,Thursday,3,8,Morning Rush,1,1,1,1.0
21,Thursday,3,9,Morning Rush,1,1,0,0.0
21,Thursday,3,11,Midday,2,2,2,1.0
21,Thursday,3,12,Midday,1,1,1,1.0
21,Thursday,3,13,Midday,1,1,1,1.0
21,Thursday,3,14,Midday,1,1,0,0.0
21,Thursday,3,15,Evening Rush,2,2,1,0.5
21,Thursday,3,16,Evening Rush,1,1,0,0.0
21,Thursday,3,17,Evening Rush,4,4,2,0.5
21,Thursday,3,18,Evening Rush,3,3,0,0.0
21,Thursday,3,19,Evening,4,4,1,0.25
21,Thursday,3,20,Evening,1,1,1,1.0
21,Thursday,3,22,Evening,2,2,1,0.5
21,Tuesday,1,1,Night,1,1,0,0.0
21,Tuesday,1,7,Morning Rush,1,1,1,1.0
21,Tuesday,1,8,Morning Rush,1,1,0,0.0
21,Tuesday,1,10,Midday,1,1,0,0.0
21,Tuesday,1,11,Midday,2,2,1,0.5
21,Tuesday,1,14,Midday,1,1,1,1.0
21,Tuesday,1,17,Evening Rush,4,4,1,0.25
21,Tuesday,1,20,Evening,1,1,0,0.0
21,Tuesday,1,21,Evening,1,1,0,0.0
21,Wednesday,2,9,Morning Rush,3,3,2,0.6666666666666666
21,Wednesday,2,11,Midday,1,1,0,0.0
21,Wednesday,2,14,Midday,1,1,0,0.0
21,Wednesday,2,15,Evening Rush,2,2,0,0.0
21,Wednesday,2,16,Evening Rush,1,1,0,0.0
21,Wednesday,2,17,Evening Rush,4,4,0,0.0
21,Wednesday,2,18,Evening Rush,1,1,1,1.0
21,Wednesday,2,19,Evening,2,2,0,0.0
21,Wednesday,2,20,Evening,1,1,1,1.0
22,Friday,4,1,Night,1,1,1,1.0
22,Friday,4,6,Morning Rush,1,1,1,1.0
22,Friday,4,8,Morning Rush,3,3,2,0.6666666666666666
22,Friday,4,11,Midday,1,1,1,1.0
22,Friday,4,17,Evening Rush,1,1,1,1.0
22,Friday,4,18,Evening Rush,1,1,0,0.0
22,Monday,0,7,Morning Rush,2,2,0,0.0
22,Monday,0,8,Morning Rush,1,1,1,1.0
22,Monday,0,12,Midday,1,1,0,0.0
22,Monday,0,17,Evening Rush,1,1,0,0.0
22,Monday,0,19,Evening,1,1,0,0.0
22,Monday,0,20,Evening,1,1,0,0.0
22,Monday,0,22,Evening,1,1,0,0.0
22,Monday,0,23,Evening,1,1,0,0.0
22,Saturday,5,2,Night,1,1,0,0.0
22,Saturday,5,6,Morning Rush,1,1,1,1.0
22,Saturday,5,8,Morning Rush,1,1,1,1.0
22,Saturday,5,9,Morning Rush,1,1,1,1.0
22,Saturday,5,11,Midday,1,1,1,1.0
22,Saturday,5,12,Midday,1,1,1,1.0
22,Saturday,5,14,Midday,1,1,1,1.0
22,Saturday,5,15,Evening Rush,1,1,1,1.0
22,Saturday,5,18,Evening Rush,1,1,1,1.0
22,Saturday,5,21,Evening,1,1,1,1.0
22,Sunday,6,1,Night,1,1,0,0.0
22,Sunday,6,5,Night,1,1,1,1.0
22,Sunday,6,8,Morning Rush,1,1,1,1.0
22,Sunday,6,19,Evening,1,1,0,0.0
22,Thursday,3,6,Morning Rush,1,1,1,1.0
22,Thursday,3,8,Morning Rush,1,1,1,1.0
22,Thursday,3,9,Morning Rush,2,2,2,1.0
22,Thursday,3,15,Evening Rush,1,1,0,0.0
22,Thursday,3,17,Evening Rush,3,3,2,0.6666666666666666
22,Thursday,3,18,Evening Rush,2,2,1,0.5
22,Thursday,3,20,Evening,1,1,0,0.0
22,Thursday,3,21,Evening,2,2,1,0.5
22,Thursday,3,22,Evening,1,1,1,1.0
22,Thursday,3,23,Evening,2,2,2,1.0
22,Tuesday,1,0,Night,2,2,1,0.5
22,Tuesday,1,6,Morning Rush,1,1,0,0.0
22,Tuesday,1,12,Midday,1,1,0,0.0
22,Tuesday,1,17,Evening Rush,1,1,0,0.0
22,Tuesday,1,18,Evening Rush,1,1,0,0.0
22,Wednesday,2,7,Morning Rush,2,2,2,1.0
22,Wednesday,2,8,Morning Rush,2,2,1,0.5
22,Wednesday,2,9,Morning Rush,2,2,1,0.5
22,Wednesday,2,11,Midday,1,1,0,0.0
22,Wednesday,2,13,Midday,1,1,0,0.0
22,Wednesday,2,23,Evening,1,1,1,1.0
23,Friday,4,9,Morning Rush,1,1,0,0.0
23,Friday,4,11,Midday,1,1,1,1.0
23,Friday,4,12,Midday,1,1,0,0.0
23,Friday,4,15,Evening Rush,1,1,0,0.0
23,Friday,4,16,Evening Rush,1,1,1,1.0
23,Friday,4,17,Evening Rush,1,1,0,0.0
23,Monday,0,0,Night,1,1,1,1.0
23,Monday,0,6,Morning Rush,1,1,1,1.0
23,Monday,0,7,Morning Rush,1,1,0,0.0
23,Monday,0,15,Evening Rush,1,1,0,0.0
23,Saturday,5,7,Morning Rush,1,1,1,1.0
23,Saturday,5,8,Morning Rush,1,1,1,1.0
23,Saturday,5,9,Morning Rush,1,1,1,1.0
23,Saturday,5,10,Midday,2,2,2,1.0
23,Saturday,5,11,Midday,1,1,0,0.0
23,Saturday,5,13,Midday,1,1,0,0.0
23,Saturday,5,14,Midday,1,1,0,0.0
23,Saturday,5,15,Evening Rush,1,1,0,0.0
23,Saturday,5,16,Evening Rush,1,1,0,0.0
23,Saturday,5,17,Evening Rush,1,1,1,1.0
23,Saturday,5,18,Evening Rush,1,1,1,1.0
23,Saturday,5,19,Evening,1,1,1,1.0
23,Sunday,6,3,Night,1,1,0,0.0
23,Sunday,6,11,Midday,1,1,1,1.0
23,Sunday,6,12,Midday,1,1,1,1.0
23,Sunday,6,15,Evening Rush,2,2,1,0.5
23,Sunday,6,16,Evening Rush,2,2,0,0.0
23,Sunday,6,17,Evening Rush,1,1,1,1.0
23,Sunday,6,18,Evening Rush,2,2,2,1.0
23,Sunday,6,20,Evening,1,1,0,0.0
23,Sunday,6,23,Evening,1,1,0,0.0
23,Thursday,3,1,Night,1,1,0,0.0
23,Thursday,3,7,Morning Rush,1,1,1,1.0
23,Thursday,3,8,Morning Rush,2,2,0,0.0
23,Thursday,3,9,Morning Rush,1,1,1,1.0
23,Thursday,3,12,Midday,1,1,0,0.0
23,Thursday,3,17,Evening Rush,1,1,1,1.0
23,Tuesday,1,11,Midday,1,1,0,0.0
23,Tuesday,1,14,Midday,1,1,0,0.0
23,Tuesday,1,17,Evening Rush,1,1,1,1.0
23,Tuesday,1,18,Evening Rush,1,1,0,0.0
23,Tuesday,1,23,Evening,1,1,0,0.0
23,Wednesday,2,9,Morning Rush,1,1,1,1.0
23,Wednesday,2,14,Midday,1,1,0,0.0
23,Wednesday,2,15,Evening Rush,1,1,0,0.0
23,Wednesday,2,17,Evening Rush,2,2,0,0.0
23,Wednesday,2,20,Evening,1,1,0,0.0
23,Wednesday,2,22,Evening,1,1,0,0.0
24,Friday,4,2,Night,1,1,0,0.0
24,Friday,4,6,Morning Rush,1,1,0,0.0
24,Friday,4,7,Morning Rush,3,3,3,1.0
24,Friday,4,8,Morning Rush,2,2,2,1.0
24,Friday,4,9,Morning Rush,1,1,1,1.0
24,Friday,4,11,Midday,1,1,0,0.0
24,Friday,4,14,Midday,1,1,0,0.0
24,Friday,4,15,Evening Rush,1,1,1,1.0
24,Friday,4,16,Evening Rush,1,1,1,1.0
24,Friday,4,17,Evening Rush,1,1,0,0.0
24,Friday,4,18,Evening Rush,1,1,1,1.0
24,Friday,4,20,Evening,1,1,1,1.0
24,Friday,4,23,Evening,3,3,1,0.3333333333333333
24,Monday,0,3,Night,1,1,1,1.0
24,Monday,0,4,Night,1,1,1,1.0
24,Monday,0,6,Morning Rush,1,1,1,1.0
24,Monday,0,7,Morning Rush,1,1,1,1.0
24,Monday,0,8,Morning Rush,1,1,1,1.0
24,Monday,0,13,Midday,1,1,1,1.0
24,Monday,0,15,Evening Rush,1,1,0,0.0
24,Monday,0,17,Evening Rush,1,1,0,0.0
24,Monday,0,19,Evening,2,2,1,0.5
24,Monday,0,20,Evening,1,1,0,0.0
24,Monday,0,21,Evening,1,1,0,0.0
24,Saturday,5,0,Night,1,1,0,0.0
24,Saturday,5,2,Night,1,1,0,0.0
24,Saturday,5,3,Night,1,1,0,0.0
24,Saturday,5,6,Morning Rush,2,2,1,0.5
24,Saturday,5,7,Morning Rush,1,1,1,1.0
24,Saturday,5,8,Morning Rush,2,2,1,0.5
24,Saturday,5,11,Midday,1,1,1,1.0
24,Saturday,5,15,Evening Rush,4,4,3,0.75
24,Saturday,5,16,Evening Rush,1,1,1,1.0
24,Saturday,5,17,Evening Rush,6,6,4,0.6666666666666666
24,Saturday,5,19,Evening,1,1,1,1.0
24,Saturday,5,20,Evening,2,2,2,1.0
24,Saturday,5,21,Evening,3,3,1,0.3333333333333333
24,Saturday,5,23,Evening,2,2,1,0.5
24,Sunday,6,1,Night,1,1,0,0.0
24,Sunday,6,5,Night,2,2,1,0.5
24,Sunday,6,9,Morning Rush,2,2,2,1.0
24,Sunday,6,10,Midday,1,1,0,0.0
24,Sunday,6,11,Midday,1,1,1,1.0
24,Sunday,6,12,Midday,3,3,3,1.0
24,Sunday,6,13,Midday,1,1,1,1.0
24,Sunday,6,14,Midday,1,1,0,0.0
24,Sunday,6,15,Evening Rush,2,2,0,0.0
24,Sunday,6,16,Evening Rush,1,1,0,0.0
24,Sunday,6,18,Evening Rush,1,1,0,0.0
24,Sunday,6,19,Evening,1,1,0,0.0
24,Sunday,6,20,Evening,1,1,0,0.0
24,Thursday,3,3,Night,1,1,1,1.0
24,Thursday,3,6,Morning Rush,1,1,0,0.0
24,Thursday,3,8,Morning Rush,1,1,1,1.0
24,Thursday,3,9,Morning Rush,3,3,2,0.6666666666666666
24,Thursday,3,10,Midday,3,3,3,1.0
24,Thursday,3,14,Midday,2,2,1,0.5
24,Thursday,3,16,Evening Rush,1,1,1,1.0
24,Thursday,3,18,Evening Rush,1,1,1,1.0
24,Thursday,3,19,Evening,3,3,3,1.0
24,Thursday,3,21,Evening,1,1,0,0.0
24,Tuesday,1,5,Night,1,1,1,1.0
24,Tuesday,1,6,Morning Rush,1,1,0,0.0
24,Tuesday,1,7,Morning Rush,2,2,1,0.5
24,Tuesday,1,8,Morning Rush,2,2,2,1.0
24,Tuesday,1,9,Morning Rush,1,1,1,1.0
24,Tuesday,1,14,Midday,1,1,0,0.0
24,Tuesday,1,16,Evening Rush,2,2,1,0.5
24,Tuesday,1,17,Evening Rush,2,2,1,0.5
24,Tuesday,1,20,Evening,2,2,1,0.5
24,Tuesday,1,23,Evening,1,1,0,0.0
24,Wednesday,2,3,Night,2,2,1,0.5
24,Wednesday,2,7,Morning Rush,1,1,1,1.0
24,Wednesday,2,8,Morning Rush,3,3,3,1.0
24,Wednesday,2,10,Midday,1,1,1,1.0
24,Wednesday,2,11,Midday,1,1,1,1.0
24,Wednesday,2,13,Midday,1,1,0,0.0
24,Wednesday,2,14,Midday,1,1,1,1.0
24,Wednesday,2,16,Evening Rush,1,1,1,1.0
24,Wednesday,2,17,Evening Rush,2,2,1,0.5
24,Wednesday,2,19,Evening,1,1,1,1.0
24,Wednesday,2,21,Evening,1,1,1,1.0
24,Wednesday,2,22,Evening,1,1,1,1.0
25,Friday,4,5,Night,1,1,0,0.0
25,Friday,4,7,Morning Rush,2,2,1,0.5
25,Friday,4,8,Morning Rush,2,2,1,0.5
25,Friday,4,10,Midday,2,2,2,1.0
25,Friday,4,12,Midday,2,2,1,0.5
25,Friday,4,14,Midday,1,1,0,0.0
25,Friday,4,15,Evening Rush,2,2,0,0.0
25,Friday,4,16,Evening Rush,3,3,1,0.3333333333333333
25,Friday,4,17,Evening Rush,2,2,0,0.0
25,Friday,4,18,Evening Rush,1,1,0,0.0
25,Friday,4,19,Evening,1,1,1,1.0
25,Friday,4,20,Evening,2,2,0,0.0
25,Friday,4,22,Evening,1,1,1,1.0
25,Friday,4,23,Evening,1,1,1,1.0
25,Monday,0,5,Night,1,1,0,0.0
25,Monday,0,6,Morning Rush,1,1,1,1.0
25,Monday,0,7,Morning Rush,3,3,3,1.0
25,Monday,0,8,Morning Rush,1,1,0,0.0
25,Monday,0,9,Morning Rush,1,1,1,1.0
25,Monday,0,10,Midday,1,1,0,0.0
25,Monday,0,11,Midday,1,1,1,1.0
25,Monday,0,14,Midday,1,1,0,0.0
25,Monday,0,16,Evening Rush,1,1,0,0.0
25,Monday,0,17,Evening Rush,1,1,0,0.0
25,Monday,0,18,Evening Rush,1,1,0,0.0
25,Saturday,5,0,Night,1,1,0,0.0
25,Saturday,5,4,Night,1,1,1,1.0
25,Saturday,5,6,Morning Rush,1,1,1,1.0
25,Saturday,5,9,Morning Rush,2,2,0,0.0
25,Saturday,5,11,Midday,2,2,1,0.5
25,Saturday,5,12,Midday,1,1,0,0.0
25,Saturday,5,13,Midday,3,3,2,0.6666666666666666
25,Saturday,5,14,Midday,2,2,0,0.0
25,Saturday,5,15,Evening Rush,4,4,0,0.0
25,Saturday,5,16,Evening Rush,2,2,1,0.5
25,Saturday,5,18,Evening Rush,1,1,1,1.0
25,Sunday,6,0,Night,2,2,2,1.0
25,Sunday,6,7,Morning Rush,1,1,0,0.0
25,Sunday,6,8,Morning Rush,2,2,2,1.0
25,Sunday,6,12,Midday,2,2,1,0.5
25,Sunday,6,13,Midday,1,1,0,0.0
25,Sunday,6,17,Evening Rush,2,2,1,0.5
25,Sunday,6,19,Evening,1,1,1,1.0
25,Sunday,6,20,Evening,1,1,0,0.0
25,Sunday,6,21,Evening,1,1,0,0.0
25,Sunday,6,22,Evening,1,1,1,1.0
25,Thursday,3,0,Night,1,1,0,0.0
25,Thursday,3,5,Night,1,1,0,0.0
25,Thursday,3,7,Morning Rush,3,3,3,1.0
25,Thursday,3,8,Morning Rush,3,3,2,0.6666666666666666
25,Thursday,3,9,Morning Rush,2,2,0,0.0
25,Thursday,3,10,Midday,1,1,1,1.0
25,Thursday,3,11,Midday,1,1,0,0.0
25,Thursday,3,12,Midday,4,4,4,1.0
25,Thursday,3,13,Midday,1,1,1,1.0
25,Thursday,3,14,Midday,1,1,1,1.0
25,Thursday,3,15,Evening Rush,2,2,0,0.0
25,Thursday,3,16,Evening Rush,2,2,0,0.0
25,Thursday,3,17,Evening Rush,1,1,0,0.0
25,Thursday,3,19,Evening,2,2,1,0.5
25,Thursday,3,23,Evening,1,1,1,1.0
25,Tuesday,1,1,Night,1,1,1,1.0
25,Tuesday,1,6,Morning Rush,5,5,3,0.6
25,Tuesday,1,7,Morning Rush,2,2,1,0.5
25,Tuesday,1,8,Morning Rush,2,2,1,0.5
25,Tuesday,1,9,Morning Rush,1,1,0,0.0
25,Tuesday,1,10,Midday,1,1,0,0.0
25,Tuesday,1,11,Midday,1,1,1,1.0
25,Tuesday,1,13,Midday,1,1,0,0.0
25,Tuesday,1,15,Evening Rush,1,1,0,0.0
25,Tuesday,1,16,Evening Rush,2,2,2,1.0
25,Tuesday,1,17,Evening Rush,3,3,0,0.0
25,Tuesday,1,19,Evening,2,2,1,0.5
25,Tuesday,1,22,Evening,1,1,1,1.0
25,Wednesday,2,6,Morning Rush,1,1,1,1.0
25,Wednesday,2,7,Morning Rush,5,5,2,0.4
25,Wednesday,2,8,Morning Rush,2,2,1,0.5
25,Wednesday,2,9,Morning Rush,3,3,1,0.3333333333333333
25,Wednesday,2,10,Midday,1,1,0,0.0
25,Wednesday,2,11,Midday,1,1,0,0.0
25,Wednesday,2,15,Evening Rush,3,3,1,0.3333333333333333
25,Wednesday,2,17,Evening Rush,1,1,1,1.0
25,Wednesday,2,18,Evening Rush,1,1,0,0.0
25,Wednesday,2,22,Evening,1,1,1,1.0
25,Wednesday,2,23,Evening,1,1,1,1.0
26,Friday,4,1,Night,1,1,1,1.0
26,Friday,4,8,Morning Rush,2,2,2,1.0
26,Friday,4,9,Morning Rush,2,2,2,1.0
26,Friday,4,10,Midday,1,1,0,0.0
26,Friday,4,14,Midday,1,1,1,1.0
26,Friday,4,17,Evening Rush,1,1,0,0.0
26,Friday,4,18,Evening Rush,3,3,3,1.0
26,Friday,4,20,Evening,1,1,0,0.0
26,Monday,0,5,Night,1,1,1,1.0
26,Monday,0,7,Morning Rush,1,1,1,1.0
26,Monday,0,8,Morning Rush,2,2,1,0.5
26,Monday,0,9,Morning Rush,1,1,1,1.0
26,Monday,0,10,Midday,1,1,0,0.0
26,Monday,0,13,Midday,1,1,1,1.0
26,Monday,0,15,Evening Rush,1,1,1,1.0
26,Monday,0,17,Evening Rush,1,1,0,0.0
26,Monday,0,19,Evening,2,2,1,0.5
26,Monday,0,20,Evening,2,2,0,0.0
26,Monday,0,23,Evening,1,1,1,1.0
26,Saturday,5,0,Night,1,1,1,1.0
26,Saturday,5,3,Night,1,1,0,0.0
26,Saturday,5,9,Morning Rush,1,1,1,1.0
26,Saturday,5,10,Midday,2,2,2,1.0
26,Saturday,5,11,Midday,1,1,0,0.0
26,Saturday,5,12,Midday,1,1,0,0.0
26,Saturday,5,18,Evening Rush,1,1,0,0.0
26,Saturday,5,20,Evening,1,1,0,0.0
26,Saturday,5,21,Evening,1,1,1,1.0
26,Sunday,6,0,Night,1,1,1,1.0
26,Sunday,6,1,Night,1,1,1,1.0
26,Sunday,6,9,Morning Rush,1,1,0,0.0
26,Sunday,6,15,Evening Rush,1,1,0,0.0
26,Sunday,6,17,Evening Rush,1,1,1,1.0
26,Sunday,6,18,Evening Rush,1,1,0,0.0
26,Sunday,6,20,Evening,3,3,1,0.3333333333333333
26,Sunday,6,22,Evening,1,1,0,0.0
26,Thursday,3,7,Morning Rush,2,2,2,1.0
26,Thursday,3,8,Morning Rush,2,2,2,1.0
26,Thursday,3,9,Morning Rush,1,1,1,1.0
26,Thursday,3,10,Midday,1,1,1,1.0
26,Thursday,3,13,Midday,2,2,2,1.0
26,Thursday,3,15,Evening Rush,1,1,0,0.0
26,Thursday,3,18,Evening Rush,2,2,2,1.0
26,Thursday,3,21,Evening,2,2,1,0.5
26,Tuesday,1,7,Morning Rush,1,1,1,1.0
26,Tuesday,1,9,Morning Rush,1,1,0,0.0
26,Tuesday,1,15,Evening Rush,1,1,0,0.0
26,Tuesday,1,16,Evening Rush,1,1,0,0.0
26,Tuesday,1,17,Evening Rush,1,1,0,0.0
26,Tuesday,1,18,Evening Rush,1,1,0,0.0
26,Tuesday,1,19,Evening,2,2,1,0.5
26,Tuesday,1,21,Evening,1,1,0,0.0
26,Tuesday,1,22,Evening,1,1,1,1.0
26,Wednesday,2,8,Morning Rush,1,1,0,0.0
26,Wednesday,2,9,Morning Rush,1,1,1,1.0
26,Wednesday,2,11,Midday,2,2,2,1.0
26,Wednesday,2,20,Evening,2,2,0,0.0
27,Friday,4,2,Night,1,1,1,1.0
27,Friday,4,10,Midday,1,1,0,0.0
27,Friday,4,16,Evening Rush,1,1,0,0.0
27,Monday,0,4,Night,1,1,0,0.0
27,Monday,0,8,Morning Rush,1,1,1,1.0
27,Monday,0,9,Morning Rush,1,1,0,0.0
27,Monday,0,20,Evening,1,1,0,0.0
27,Saturday,5,15,Evening Rush,1,1,1,1.0
27,Saturday,5,17,Evening Rush,2,2,0,0.0
27,Saturday,5,21,Evening,1,1,0,0.0
27,Sunday,6,0,Night,1,1,1,1.0
27,Sunday,6,1,Night,1,1,1,1.0
27,Sunday,6,9,Morning Rush,1,1,0,0.0
27,Sunday,6,14,Midday,1,1,0,0.0
27,Sunday,6,15,Evening Rush,2,2,0,0.0
27,Thursday,3,7,Morning Rush,1,1,1,1.0
27,Thursday,3,9,Morning Rush,1,1,1,1.0
27,Thursday,3,10,Midday,1,1,0,0.0
27,Thursday,3,18,Evening Rush,3,3,3,1.0
27,Tuesday,1,10,Midday,1,1,0,0.0
27,Tuesday,1,13,Midday,1,1,0,0.0
27,Tuesday,1,15,Evening Rush,2,2,0,0.0
27,Tuesday,1,21,Evening,1,1,0,0.0
28,Friday,4,1,Night,2,2,0,0.0
28,Friday,4,4,Night,1,1,1,1.0
28,Friday,4,6,Morning Rush,2,2,1,0.5
28,Friday,4,8,Morning Rush,2,2,0,0.0
28,Friday,4,9,Morning Rush,1,1,0,0.0
28,Friday,4,11,Midday,1,1,1,1.0
28,Friday,4,13,Midday,2,2,0,0.0
28,Friday,4,15,Evening Rush,1,1,0,0.0
28,Friday,4,16,Evening Rush,1,1,0,0.0
28,Friday,4,17,Evening Rush,1,1,0,0.0
28,Friday,4,18,Evening Rush,1,1,1,1.0
28,Friday,4,21,Evening,1,1,1,1.0
28,Friday,4,23,Evening,4,4,0,0.0
28,Monday,0,0,Night,1,1,0,0.0
28,Monday,0,5,Night,1,1,1,1.0
28,Monday,0,7,Morning Rush,4,4,2,0.5
28,Monday,0,10,Midday,1,1,0,0.0
28,Monday,0,11,Midday,2,2,0,0.0
28,Monday,0,12,Midday,1,1,0,0.0
28,Monday,0,14,Midday,2,2,2,1.0
28,Monday,0,16,Evening Rush,3,3,2,0.6666666666666666
28,Monday,0,20,Evening,1,1,1,1.0
28,Monday,0,21,Evening,3,3,0,0.0
28,Monday,0,22,Evening,1,1,0,0.0
28,Saturday,5,0,Night,1,1,1,1.0
28,Saturday,5,1,Night,1,1,0,0.0
28,Saturday,5,2,Night,1,1,1,1.0
28,Saturday,5,6,Morning Rush,1,1,0,0.0
28,Saturday,5,9,Morning Rush,1,1,0,0.0
28,Saturday,5,12,Midday,3,3,0,0.0
28,Saturday,5,13,Midday,3,3,1,0.3333333333333333
28,Saturday,5,14,Midday,1,1,0,0.0
28,Saturday,5,15,Evening Rush,1,1,0,0.0
28,Saturday,5,16,Evening Rush,1,1,0,0.0
28,Saturday,5,17,Evening Rush,1,1,0,0.0
28,Saturday,5,19,Evening,2,2,1,0.5
28,Saturday,5,21,Evening,1,1,0,0.0
28,Saturday,5,23,Evening,2,2,0,0.0
28,Sunday,6,0,Night,1,1,0,0.0
28,Sunday,6,4,Night,1,1,1,1.0
28,Sunday,6,9,Morning Rush,1,1,1,1.0
28,Sunday,6,14,Midday,1,1,1,1.0
28,Sunday,6,21,Evening,2,2,2,1.0
28,Thursday,3,2,Night,2,2,0,0.0
28,Thursday,3,8,Morning Rush,1,1,0,0.0
28,Thursday,3,9,Morning Rush,2,2,1,0.5
28,Thursday,3,11,Midday,1,1,1,1.0
28,Thursday,3,15,Evening Rush,1,1,1,1.0
28,Thursday,3,18,Evening Rush,2,2,0,0.0
28,Thursday,3,19,Evening,3,3,0,0.0
28,Thursday,3,21,Evening,1,1,0,0.0
28,Thursday,3,22,Evening,1,1,0,0.0
28,Thursday,3,23,Evening,1,1,0,0.0
28,Tuesday,1,2,Night,2,2,0,0.0
28,Tuesday,1,5,Night,1,1,1,1.0
28,Tuesday,1,6,Morning Rush,1,1,1,1.0
28,Tuesday,1,8,Morning Rush,1,1,0,0.0
28,Tuesday,1,11,Midday,1,1,1,1.0
28,Tuesday,1,12,Midday,1,1,1,1.0
28,Tuesday,1,16,Evening Rush,2,2,0,0.0
28,Tuesday,1,17,Evening Rush,3,3,2,0.6666666666666666
28,Tuesday,1,19,Evening,2,2,2,1.0
28,Tuesday,1,20,Evening,2,2,0,0.0
28,Wednesday,2,1,Night,1,1,0,0.0
28,Wednesday,2,8,Morning Rush,1,1,1,1.0
28,Wednesday,2,9,Morning Rush,2,2,1,0.5
28,Wednesday,2,10,Midday,1,1,0,0.0
28,Wednesday,2,14,Midday,1,1,0,0.0
28,Wednesday,2,15,Evening Rush,1,1,0,0.0
28,Wednesday,2,16,Evening Rush,1,1,1,1.0
28,Wednesday,2,17,Evening Rush,2,2,0,0.0
28,Wednesday,2,18,Evening Rush,1,1,0,0.0
28,Wednesday,2,20,Evening,1,1,1,1.0
28,Wednesday,2,21,Evening,1,1,0,0.0
28,Wednesday,2,22,Evening,1,1,0,0.0
28,Wednesday,2,23,Evening,1,1,1,1.0
29,Friday,4,6,Morning Rush,1,1,0,0.0
29,Friday,4,10,Midday,2,2,0,0.0
29,Friday,4,11,Midday,2,2,1,0.5
29,Friday,4,12,Midday,4,4,1,0.25
29,Friday,4,13,Midday,1,1,0,0.0
29,Friday,4,14,Midday,5,5,1,0.2
29,Friday,4,15,Evening Rush,2,2,1,0.5
29,Friday,4,16,Evening Rush,3,3,1,0.3333333333333333
29,Friday,4,17,Evening Rush,3,3,1,0.3333333333333333
29,Friday,4,19,Evening,1,1,1,1.0
29,Friday,4,20,Evening,2,2,0,0.0
29,Monday,0,6,Morning Rush,1,1,0,0.0
29,Monday,0,7,Morning Rush,2,2,0,0.0
29,Monday,0,8,Morning Rush,1,1,0,0.0
29,Monday,0,9,Morning Rush,1,1,0,0.0
29,Monday,0,10,Midday,2,2,0,0.0
29,Monday,0,11,Midday,1,1,0,0.0
29,Monday,0,12,Midday,3,3,2,0.6666666666666666
29,Monday,0,16,Evening Rush,2,2,0,0.0
29,Monday,0,19,Evening,1,1,0,0.0
29,Monday,0,20,Evening,1,1,0,0.0
29,Monday,0,21,Evening,2,2,1,0.5
29,Monday,0,22,Evening,1,1,1,1.0
29,Saturday,5,11,Midday,3,3,1,0.3333333333333333
29,Saturday,5,12,Midday,3,3,2,0.6666666666666666
29,Saturday,5,13,Midday,1,1,1,1.0
29,Saturday,5,14,Midday,3,3,1,0.3333333333333333
29,Saturday,5,15,Evening Rush,1,1,0,0.0
29,Saturday,5,16,Evening Rush,3,3,3,1.0
29,Saturday,5,17,Evening Rush,3,3,3,1.0
29,Saturday,5,18,Evening Rush,3,3,1,0.3333333333333333
29,Saturday,5,20,Evening,4,4,2,0.5
29,Saturday,5,21,Evening,1,1,1,1.0
29,Saturday,5,23,Evening,2,2,0,0.0
29,Sunday,6,3,Night,1,1,1,1.0
29,Sunday,6,5,Night,1,1,0,0.0
29,Sunday,6,6,Morning Rush,1,1,0,0.0
29,Sunday,6,10,Midday,3,3,3,1.0
29,Sunday,6,13,Midday,1,1,1,1.0
29,Sunday,6,14,Midday,2,2,1,0.5
29,Sunday,6,15,Evening Rush,1,1,0,0.0
29,Sunday,6,19,Evening,2,2,0,0.0
29,Sunday,6,21,Evening,1,1,1,1.0
29,Sunday,6,22,Evening,1,1,0,0.0
29,Thursday,3,3,Night,1,1,1,1.0
29,Thursday,3,7,Morning Rush,1,1,0,0.0
29,Thursday,3,8,Morning Rush,1,1,1,1.0
29,Thursday,3,9,Morning Rush,1,1,0,0.0
29,Thursday,3,10,Midday,1,1,1,1.0
29,Thursday,3,11,Midday,1,1,1,1.0
29,Thursday,3,14,Midday,1,1,0,0.0
29,Thursday,3,16,Evening Rush,2,2,1,0.5
29,Thursday,3,17,Evening Rush,2,2,1,0.5
29,Thursday,3,18,Evening Rush,1,1,1,1.0
29,Thursday,3,20,Evening,1,1,0,0.0
29,Thursday,3,22,Evening,1,1,1,1.0
29,Tuesday,1,1,Night,2,2,2,1.0
29,Tuesday,1,5,Night,2,2,0,0.0
29,Tuesday,1,6,Morning Rush,2,2,1,0.5
29,Tuesday,1,8,Morning Rush,1,1,1,1.0
29,Tuesday,1,9,Morning Rush,3,3,2,0.6666666666666666
29,Tuesday,1,10,Midday,3,3,0,0.0
29,Tuesday,1,11,Midday,2,2,1,0.5
29,Tuesday,1,12,Midday,2,2,1,0.5
29,Tuesday,1,15,Evening Rush,1,1,0,0.0
29,Tuesday,1,16,Evening Rush,3,3,0,0.0
29,Tuesday,1,17,Evening Rush,3,3,1,0.3333333333333333
29,Tuesday,1,18,Evening Rush,8,8,3,0.375
29,Tuesday,1,19,Evening,3,3,1,0.3333333333333333
29,Tuesday,1,23,Evening,1,1,0,0.0
29,Wednesday,2,7,Morning Rush,2,2,2,1.0
29,Wednesday,2,8,Morning Rush,3,3,0,0.0
29,Wednesday,2,9,Morning Rush,2,2,2,1.0
29,Wednesday,2,10,Midday,1,1,0,0.0
29,Wednesday,2,12,Midday,1,1,0,0.0
29,Wednesday,2,14,Midday,1,1,1,1.0
29,Wednesday,2,15,Evening Rush,1,1,1,1.0
29,Wednesday,2,16,Evening Rush,1,1,0,0.0
29,Wednesday,2,17,Evening Rush,3,3,1,0.3333333333333333
29,Wednesday,2,18,Evening Rush,1,1,0,0.0
29,Wednesday,2,19,Evening,1,1,1,1.0
29,Wednesday,2,20,Evening,1,1,0,0.0
29,Wednesday,2,22,Evening,1,1,0,0.0
29,Wednesday,2,23,Evening,2,2,2,1.0
30,Friday,4,17,Evening Rush,1,1,0,0.0
30,Friday,4,20,Evening,1,1,0,0.0
30,Monday,0,9,Morning Rush,1,1,1,1.0
30,Monday,0,16,Evening Rush,2,2,1,0.5
30,Monday,0,17,Evening Rush,1,1,0,0.0
30,Saturday,5,11,Midday,1,1,1,1.0
30,Saturday,5,14,Midday,1,1,0,0.0
30,Saturday,5,15,Evening Rush,1,1,0,0.0
30,Saturday,5,16,Evening Rush,1,1,0,0.0
30,Saturday,5,17,Evening Rush,1,1,0,0.0
30,Sunday,6,14,Midday,1,1,1,1.0
30,Thursday,3,10,Midday,1,1,0,0.0
30,Thursday,3,16,Evening Rush,3,3,1,0.3333333333333333
30,Thursday,3,17,Evening Rush,4,4,0,0.0
30,Tuesday,1,11,Midday,2,2,1,0.5
30,Tuesday,1,16,Evening Rush,1,1,1,1.0
30,Tuesday,1,17,Evening Rush,1,1,0,0.0
30,Wednesday,2,15,Evening Rush,1,1,1,1.0
31,Friday,4,7,Morning Rush,1,1,0,0.0
31,Friday,4,9,Morning Rush,2,2,2,1.0
31,Friday,4,14,Midday,1,1,0,0.0
31,Friday,4,15,Evening Rush,1,1,0,0.0
31,Friday,4,17,Evening Rush,7,7,4,0.5714285714285714
31,Friday,4,18,Evening Rush,3,3,1,0.3333333333333333
31,Friday,4,21,Evening,1,1,1,1.0
31,Monday,0,7,Morning Rush,2,2,2,1.0
31,Monday,0,8,Morning Rush,1,1,1,1.0
31,Monday,0,12,Midday,1,1,1,1.0
31,Monday,0,13,Midday,1,1,0,0.0
31,Monday,0,14,Midday,1,1,0,0.0
31,Monday,0,15,Evening Rush,1,1,0,0.0
31,Monday,0,17,Evening Rush,2,2,0,0.0
31,Monday,0,18,Evening Rush,2,2,2,1.0
31,Saturday,5,0,Night,1,1,0,0.0
31,Saturday,5,7,Morning Rush,1,1,0,0.0
31,Saturday,5,10,Midday,1,1,1,1.0
31,Saturday,5,11,Midday,1,1,0,0.0
31,Saturday,5,14,Midday,2,2,1,0.5
31,Saturday,5,15,Evening Rush,1,1,0,0.0
31,Saturday,5,16,Evening Rush,3,3,1,0.3333333333333333
31,Saturday,5,18,Evening Rush,1,1,1,1.0
31,Saturday,5,19,Evening,1,1,0,0.0
31,Saturday,5,23,Evening,1,1,1,1.0
31,Sunday,6,9,Morning Rush,1,1,1,1.0
31,Sunday,6,11,Midday,1,1,1,1.0
31,Sunday,6,12,Midday,1,1,1,1.0
31,Sunday,6,15,Evening Rush,1,1,0,0.0
31,Sunday,6,17,Evening Rush,1,1,0,0.0
31,Sunday,6,18,Evening Rush,2,2,1,0.5
31,Thursday,3,15,Evening Rush,1,1,1,1.0
31,Thursday,3,16,Evening Rush,3,3,2,0.6666666666666666
31,Thursday,3,17,Evening Rush,3,3,1,0.3333333333333333
31,Thursday,3,19,Evening,1,1,1,1.0
31,Tuesday,1,10,Midday,1,1,1,1.0
31,Tuesday,1,14,Midday,1,1,1,1.0
31,Tuesday,1,16,Evening Rush,1,1,0,0.0
31,Tuesday,1,17,Evening Rush,2,2,1,0.5
31,Tuesday,1,18,Evening Rush,1,1,0,0.0
31,Tuesday,1,19,Evening,1,1,0,0.0
31,Tuesday,1,20,Evening,1,1,0,0.0
31,Tuesday,1,21,Evening,1,1,1,1.0
31,Tuesday,1,22,Evening,1,1,0,0.0
31,Wednesday,2,6,Morning Rush,1,1,1,1.0
31,Wednesday,2,7,Morning Rush,1,1,0,0.0
31,Wednesday,2,8,Morning Rush,2,2,0,0.0
31,Wednesday,2,13,Midday,2,2,1,0.5
31,Wednesday,2,14,Midday,2,2,0,0.0
31,Wednesday,2,15,Evening Rush,1,1,0,0.0
31,Wednesday,2,16,Evening Rush,1,1,0,0.0
31,Wednesday,2,17,Evening Rush,2,2,0,0.0
31,Wednesday,2,18,Evening Rush,1,1,1,1.0
31,Wednesday,2,19,Evening,1,1,0,0.0
31,Wednesday,2,20,Evening,2,2,0,0.0
32,Friday,4,7,Morning Rush,1,1,1,1.0
32,Friday,4,8,Morning Rush,2,2,2,1.0
32,Friday,4,9,Morning Rush,1,1,1,1.0
32,Friday,4,11,Midday,1,1,0,0.0
32,Friday,4,13,Midday,1,1,1,1.0
32,Friday,4,15,Evening Rush,1,1,0,0.0
32,Friday,4,16,Evening Rush,1,1,1,1.0
32,Friday,4,17,Evening Rush,2,2,0,0.0
32,Friday,4,18,Evening Rush,2,2,0,0.0
32,Friday,4,20,Evening,1,1,0,0.0
32,Monday,0,2,Night,1,1,1,1.0
32,Monday,0,4,Night,1,1,0,0.0
32,Monday,0,7,Morning Rush,2,2,1,0.5
32,Monday,0,8,Morning Rush,1,1,0,0.0
32,Monday,0,11,Midday,1,1,0,0.0
32,Monday,0,14,Midday,3,3,1,0.3333333333333333
32,Monday,0,15,Evening Rush,2,2,1,0.5
32,Monday,0,16,Evening Rush,1,1,0,0.0
32,Monday,0,17,Evening Rush,1,1,1,1.0
32,Saturday,5,7,Morning Rush,1,1,1,1.0
32,Saturday,5,8,Morning Rush,1,1,1,1.0
32,Saturday,5,12,Midday,1,1,0,0.0
32,Saturday,5,13,Midday,1,1,0,0.0
32,Saturday,5,14,Midday,1,1,0,0.0
32,Saturday,5,18,Evening Rush,1,1,0,0.0
32,Saturday,5,20,Evening,1,1,1,1.0
32,Saturday,5,22,Evening,1,1,1,1.0
32,Sunday,6,13,Midday,1,1,1,1.0
32,Sunday,6,15,Evening Rush,1,1,0,0.0
32,Sunday,6,18,Evening Rush,3,3,2,0.6666666666666666
32,Sunday,6,22,Evening,2,2,1,0.5
32,Thursday,3,4,Night,1,1,0,0.0
32,Thursday,3,8,Morning Rush,1,1,1,1.0
32,Thursday,3,9,Morning Rush,2,2,2,1.0
32,Thursday,3,13,Midday,2,2,2,1.0
32,Thursday,3,15,Evening Rush,1,1,1,1.0
32,Thursday,3,16,Evening Rush,1,1,1,1.0
32,Thursday,3,17,Evening Rush,3,3,3,1.0
32,Thursday,3,21,Evening,4,4,1,0.25
32,Thursday,3,23,Evening,1,1,1,1.0
32,Tuesday,1,7,Morning Rush,3,3,2,0.6666666666666666
32,Tuesday,1,8,Morning Rush,2,2,0,0.0
32,Tuesday,1,9,Morning Rush,2,2,2,1.0
32,Tuesday,1,12,Midday,1,1,0,0.0
32,Tuesday,1,15,Evening Rush,1,1,0,0.0
32,Tuesday,1,16,Evening Rush,2,2,1,0.5
32,Tuesday,1,19,Evening,2,2,0,0.0
32,Tuesday,1,20,Evening,1,1,0,0.0
32,Tuesday,1,23,Evening,1,1,1,1.0
32,Wednesday,2,0,Night,1,1,0,0.0
32,Wednesday,2,7,Morning Rush,1,1,1,1.0
32,Wednesday,2,8,Morning Rush,2,2,0,0.0
32,Wednesday,2,9,Morning Rush,1,1,0,0.0
32,Wednesday,2,13,Midday,1,1,1,1.0
32,Wednesday,2,15,Evening Rush,1,1,1,1.0
32,Wednesday,2,16,Evening Rush,1,1,0,0.0
32,Wednesday,2,21,Evening,1,1,1,1.0
33,Friday,4,2,Night,1,1,0,0.0
33,Friday,4,6,Morning Rush,5,5,3,0.6
33,Friday,4,7,Morning Rush,11,11,2,0.18181818181818182
33,Friday,4,8,Morning Rush,8,8,4,0.5
33,Friday,4,9,Morning Rush,3,3,2,0.6666666666666666
33,Friday,4,10,Midday,5,5,2,0.4
33,Friday,4,11,Midday,7,7,4,0.5714285714285714
33,Friday,4,12,Midday,17,17,6,0.35294117647058826
33,Friday,4,13,Midday,13,13,1,0.07692307692307693
33,Friday,4,14,Midday,14,14,2,0.14285714285714285
33,Friday,4,15,Evening Rush,18,18,4,0.2222222222222222
33,Friday,4,16,Evening Rush,12,12,2,0.16666666666666666
33,Friday,4,17,Evening Rush,9,9,1,0.1111111111111111
33,Friday,4,18,Evening Rush,6,6,1,0.16666666666666666
33,Friday,4,19,Evening,5,5,3,0.6
33,Friday,4,20,Evening,5,5,5,1.0
33,Friday,4,21,Evening,1,1,0,0.0
33,Monday,0,2,Night,1,1,0,0.0
33,Monday,0,6,Morning Rush,2,2,2,1.0
33,Monday,0,7,Morning Rush,8,8,2,0.25
33,Monday,0,8,Morning Rush,9,9,3,0.3333333333333333
33,Monday,0,9,Morning Rush,7,7,5,0.7142857142857143
33,Monday,0,10,Midday,6,6,3,0.5
33,Monday,0,11,Midday,2,2,1,0.5
33,Monday,0,12,Midday,5,5,2,0.4
33,Monday,0,13,Midday,2,2,1,0.5
33,Monday,0,14,Midday,4,4,0,0.0
33,Monday,0,15,Evening Rush,7,7,1,0.14285714285714285
33,Monday,0,16,Evening Rush,11,11,4,0.36363636363636365
33,Monday,0,17,Evening Rush,7,7,2,0.2857142857142857
33,Monday,0,18,Evening Rush,2,2,1,0.5
33,Monday,0,20,Evening,2,2,1,0.5
33,Monday,0,21,Evening,2,2,1,0.5
33,Monday,0,22,Evening,2,2,1,0.5
33,Monday,0,23,Evening,1,1,1,1.0
33,Saturday,5,0,Night,1,1,0,0.0
33,Saturday,5,9,Morning Rush,2,2,1,0.5
33,Saturday,5,10,Midday,12,12,2,0.16666666666666666
33,Saturday,5,11,Midday,6,6,1,0.16666666666666666
33,Saturday,5,12,Midday,17,17,2,0.11764705882352941
33,Saturday,5,13,Midday,21,21,7,0.3333333333333333
33,Saturday,5,14,Midday,5,5,0,0.0
33,Saturday,5,15,Evening Rush,16,16,2,0.125
33,Saturday,5,16,Evening Rush,5,5,0,0.0
33,Saturday,5,17,Evening Rush,5,5,2,0.4
33,Saturday,5,18,Evening Rush,2,2,1,0.5
33,Saturday,5,19,Evening,2,2,1,0.5
33,Saturday,5,20,Evening,2,2,1,0.5
33,Saturday,5,22,Evening,2,2,1,0.5
33,Sunday,6,0,Night,2,2,1,0.5
33,Sunday,6,1,Night,1,1,1,1.0
33,Sunday,6,2,Night,2,2,2,1.0
33,Sunday,6,5,Night,1,1,1,1.0
33,Sunday,6,8,Morning Rush,1,1,1,1.0
33,Sunday,6,10,Midday,1,1,0,0.0
33,Sunday,6,11,Midday,3,3,0,0.0
33,Sunday,6,12,Midday,4,4,0,0.0
33,Sunday,6,13,Midday,7,7,0,0.0
33,Sunday,6,14,Midday,2,2,0,0.0
33,Sunday,6,15,Evening Rush,8,8,4,0.5
33,Sunday,6,17,Evening Rush,2,2,0,0.0
33,Sunday,6,18,Evening Rush,1,1,0,0.0
33,Sunday,6,19,Evening,1,1,1,1.0
33,Sunday,6,21,Evening,2,2,0,0.0
33,Thursday,3,0,Night,2,2,0,0.0
33,Thursday,3,2,Night,1,1,0,0.0
33,Thursday,3,6,Morning Rush,3,3,1,0.3333333333333333
33,Thursday,3,7,Morning Rush,5,5,3,0.6
33,Thursday,3,8,Morning Rush,11,11,6,0.5454545454545454
33,Thursday,3,9,Morning Rush,13,13,7,0.5384615384615384
33,Thursday,3,10,Midday,7,7,3,0.42857142857142855
33,Thursday,3,11,Midday,6,6,1,0.16666666666666666
33,Thursday,3,12,Midday,13,13,3,0.23076923076923078
33,Thursday,3,13,Midday,7,7,3,0.42857142857142855
33,Thursday,3,14,Midday,8,8,1,0.125
33,Thursday,3,15,Evening Rush,4,4,1,0.25
33,Thursday,3,16,Evening Rush,11,11,3,0.2727272727272727
33,Thursday,3,17,Evening Rush,8,8,3,0.375
33,Thursday,3,18,Evening Rush,6,6,5,0.8333333333333334
33,Thursday,3,19,Evening,5,5,5,1.0
33,Thursday,3,21,Evening,3,3,3,1.0
33,Thursday,3,22,Evening,2,2,0,0.0
33,Thursday,3,23,Evening,2,2,2,1.0
33,Tuesday,1,0,Night,1,1,0,0.0
33,Tuesday,1,4,Night,1,1,1,1.0
33,Tuesday,1,6,Morning Rush,3,3,2,0.6666666666666666
33,Tuesday,1,7,Morning Rush,11,11,6,0.5454545454545454
33,Tuesday,1,8,Morning Rush,4,4,3,0.75
33,Tuesday,1,9,Morning Rush,12,12,10,0.8333333333333334
33,Tuesday,1,10,Midday,3,3,0,0.0
33,Tuesday,1,11,Midday,8,8,0,0.0
33,Tuesday,1,12,Midday,7,7,5,0.7142857142857143
33,Tuesday,1,13,Midday,9,9,2,0.2222222222222222
33,Tuesday,1,14,Midday,8,8,2,0.25
33,Tuesday,1,15,Evening Rush,13,13,5,0.38461538461538464
33,Tuesday,1,16,Evening Rush,5,5,2,0.4
33,Tuesday,1,17,Evening Rush,5,5,2,0.4
33,Tuesday,1,18,Evening Rush,6,6,3,0.5
33,Tuesday,1,19,Evening,2,2,1,0.5
33,Tuesday,1,20,Evening,2,2,1,0.5
33,Tuesday,1,21,Evening,1,1,0,0.0
33,Tuesday,1,22,Evening,3,3,2,0.6666666666666666
33,Tuesday,1,23,Evening,1,1,0,0.0
33,Wednesday,2,6,Morning Rush,1,1,1,1.0
33,Wednesday,2,7,Morning Rush,8,8,5,0.625
33,Wednesday,2,8,Morning Rush,8,8,5,0.625
33,Wednesday,2,9,Morning Rush,8,8,2,0.25
33,Wednesday,2,10,Midday,7,7,1,0.14285714285714285
33,Wednesday,2,11,Midday,8,8,2,0.25
33,Wednesday,2,12,Midday,5,5,2,0.4
33,Wednesday,2,13,Midday,7,7,0,0.0
33,Wednesday,2,14,Midday,5,5,1,0.2
33,Wednesday,2,15,Evening Rush,9,9,3,0.3333333333333333
33,Wednesday,2,16,Evening Rush,8,8,4,0.5
33,Wednesday,2,17,Evening Rush,12,12,4,0.3333333333333333
33,Wednesday,2,18,Evening Rush,6,6,3,0.5
33,Wednesday,2,19,Evening,5,5,1,0.2
33,Wednesday,2,20,Evening,1,1,1,1.0
34,Friday,4,6,Morning Rush,1,1,1,1.0
34,Friday,4,8,Morning Rush,2,2,2,1.0
34,Friday,4,9,Morning Rush,5,5,2,0.4
34,Friday,4,10,Midday,1,1,1,1.0
34,Friday,4,11,Midday,3,3,1,0.3333333333333333
34,Friday,4,12,Midday,5,5,1,0.2
34,Friday,4,13,Midday,3,3,0,0.0
34,Friday,4,14,Midday,9,9,3,0.3333333333333333
34,Friday,4,15,Evening Rush,4,4,2,0.5
34,Friday,4,16,Evening Rush,8,8,3,0.375
34,Friday,4,17,Evening Rush,7,7,5,0.7142857142857143
34,Friday,4,18,Evening Rush,4,4,1,0.25
34,Friday,4,19,Evening,6,6,1,0.16666666666666666
34,Friday,4,20,Evening,1,1,0,0.0
34,Friday,4,21,Evening,3,3,2,0.6666666666666666
34,Friday,4,22,Evening,1,1,1,1.0
34,Monday,0,0,Night,1,1,0,0.0
34,Monday,0,6,Morning Rush,7,7,3,0.42857142857142855
34,Monday,0,7,Morning Rush,1,1,1,1.0
34,Monday,0,8,Morning Rush,6,6,3,0.5
34,Monday,0,9,Morning Rush,2,2,1,0.5
34,Monday,0,10,Midday,2,2,2,1.0
34,Monday,0,11,Midday,4,4,0,0.0
34,Monday,0,12,Midday,1,1,0,0.0
34,Monday,0,13,Midday,2,2,1,0.5
34,Monday,0,14,Midday,1,1,0,0.0
34,Monday,0,15,Evening Rush,1,1,0,0.0
34,Monday,0,16,Evening Rush,9,9,1,0.1111111111111111
34,Monday,0,17,Evening Rush,3,3,0,0.0
34,Monday,0,18,Evening Rush,3,3,3,1.0
34,Monday,0,19,Evening,3,3,0,0.0
34,Monday,0,21,Evening,2,2,2,1.0
34,Monday,0,22,Evening,2,2,2,1.0
34,Monday,0,23,Evening,1,1,1,1.0
34,Saturday,5,0,Night,1,1,1,1.0
34,Saturday,5,1,Night,1,1,1,1.0
34,Saturday,5,2,Night,2,2,1,0.5
34,Saturday,5,10,Midday,4,4,4,1.0
34,Saturday,5,11,Midday,1,1,0,0.0
34,Saturday,5,12,Midday,4,4,2,0.5
34,Saturday,5,13,Midday,4,4,1,0.25
34,Saturday,5,14,Midday,2,2,0,0.0
34,Saturday,5,15,Evening Rush,1,1,0,0.0
34,Saturday,5,17,Evening Rush,4,4,1,0.25
34,Saturday,5,18,Evening Rush,5,5,2,0.4
34,Saturday,5,19,Evening,1,1,0,0.0
34,Saturday,5,21,Evening,2,2,0,0.0
34,Saturday,5,22,Evening,3,3,1,0.3333333333333333
34,Sunday,6,5,Night,2,2,0,0.0
34,Sunday,6,6,Morning Rush,2,2,1,0.5
34,Sunday,6,7,Morning Rush,1,1,0,0.0
34,Sunday,6,8,Morning Rush,1,1,1,1.0
34,Sunday,6,11,Midday,2,2,0,0.0
34,Sunday,6,13,Midday,1,1,0,0.0
34,Sunday,6,14,Midday,4,4,3,0.75
34,Sunday,6,15,Evening Rush,2,2,0,0.0
34,Sunday,6,16,Evening Rush,2,2,0,0.0
34,Sunday,6,17,Evening Rush,2,2,0,0.0
34,Sunday,6,19,Evening,1,1,0,0.0
34,Sunday,6,22,Evening,1,1,1,1.0
34,Thursday,3,5,Night,1,1,0,0.0
34,Thursday,3,6,Morning Rush,1,1,0,0.0
34,Thursday,3,7,Morning Rush,2,2,0,0.0
34,Thursday,3,8,Morning Rush,3,3,2,0.6666666666666666
34,Thursday,3,9,Morning Rush,1,1,1,1.0
34,Thursday,3,10,Midday,1,1,1,1.0
34,Thursday,3,11,Midday,3,3,3,1.0
34,Thursday,3,12,Midday,1,1,1,1.0
34,Thursday,3,13,Midday,3,3,1,0.3333333333333333
34,Thursday,3,14,Midday,4,4,0,0.0
34,Thursday,3,15,Evening Rush,5,5,1,0.2
34,Thursday,3,16,Evening Rush,4,4,1,0.25
34,Thursday,3,17,Evening Rush,1,1,0,0.0
34,Thursday,3,18,Evening Rush,2,2,0,0.0
34,Thursday,3,19,Evening,3,3,3,1.0
34,Thursday,3,20,Evening,3,3,3,1.0
34,Thursday,3,22,Evening,1,1,1,1.0
34,Thursday,3,23,Evening,2,2,2,1.0
34,Tuesday,1,6,Morning Rush,2,2,0,0.0
34,Tuesday,1,7,Morning Rush,4,4,3,0.75
34,Tuesday,1,8,Morning Rush,2,2,0,0.0
34,Tuesday,1,9,Morning Rush,2,2,0,0.0
34,Tuesday,1,10,Midday,1,1,1,1.0
34,Tuesday,1,11,Midday,2,2,1,0.5
34,Tuesday,1,12,Midday,2,2,0,0.0
34,Tuesday,1,13,Midday,1,1,1,1.0
34,Tuesday,1,14,Midday,3,3,0,0.0
34,Tuesday,1,15,Evening Rush,6,6,2,0.3333333333333333
34,Tuesday,1,16,Evening Rush,5,5,3,0.6
34,Tuesday,1,17,Evening Rush,14,14,4,0.2857142857142857
34,Tuesday,1,18,Evening Rush,1,1,1,1.0
34,Tuesday,1,19,Evening,2,2,0,0.0
34,Tuesday,1,20,Evening,2,2,1,0.5
34,Tuesday,1,21,Evening,2,2,1,0.5
34,Tuesday,1,22,Evening,2,2,1,0.5
34,Tuesday,1,23,Evening,1,1,1,1.0
34,Wednesday,2,5,Night,1,1,1,1.0
34,Wednesday,2,6,Morning Rush,2,2,1,0.5
34,Wednesday,2,7,Morning Rush,3,3,3,1.0
34,Wednesday,2,8,Morning Rush,4,4,2,0.5
34,Wednesday,2,9,Morning Rush,1,1,1,1.0
34,Wednesday,2,11,Midday,1,1,0,0.0
34,Wednesday,2,12,Midday,3,3,2,0.6666666666666666
34,Wednesday,2,13,Midday,1,1,0,0.0
34,Wednesday,2,14,Midday,2,2,0,0.0
34,Wednesday,2,15,Evening Rush,4,4,0,0.0
34,Wednesday,2,16,Evening Rush,4,4,2,0.5
34,Wednesday,2,17,Evening Rush,3,3,0,0.0
34,Wednesday,2,18,Evening Rush,3,3,0,0.0
34,Wednesday,2,19,Evening,4,4,2,0.5
34,Wednesday,2,20,Evening,3,3,1,0.3333333333333333
34,Wednesday,2,21,Evening,2,2,1,0.5
34,Wednesday,2,22,Evening,3,3,3,1.0
35,Friday,4,9,Morning Rush,1,1,1,1.0
35,Friday,4,12,Midday,2,2,1,0.5
35,Friday,4,13,Midday,1,1,1,1.0
35,Friday,4,19,Evening,1,1,0,0.0
35,Friday,4,20,Evening,1,1,0,0.0
35,Monday,0,1,Night,1,1,0,0.0
35,Monday,0,8,Morning Rush,1,1,1,1.0
35,Monday,0,14,Midday,1,1,1,1.0
35,Monday,0,15,Evening Rush,1,1,1,1.0
35,Monday,0,16,Evening Rush,1,1,0,0.0
35,Saturday,5,2,Night,1,1,0,0.0
35,Saturday,5,7,Morning Rush,2,2,0,0.0
35,Saturday,5,13,Midday,1,1,1,1.0
35,Sunday,6,8,Morning Rush,1,1,0,0.0
35,Sunday,6,12,Midday,1,1,1,1.0
35,Thursday,3,8,Morning Rush,1,1,0,0.0
35,Thursday,3,9,Morning Rush,1,1,1,1.0
35,Thursday,3,12,Midday,2,2,0,0.0
35,Thursday,3,14,Midday,1,1,0,0.0
35,Thursday,3,22,Evening,2,2,2,1.0
35,Tuesday,1,8,Morning Rush,1,1,1,1.0
35,Tuesday,1,9,Morning Rush,1,1,1,1.0
35,Tuesday,1,13,Midday,1,1,1,1.0
35,Tuesday,1,16,Evening Rush,1,1,0,0.0
35,Tuesday,1,18,Evening Rush,2,2,2,1.0
35,Wednesday,2,10,Midday,1,1,0,0.0
35,Wednesday,2,11,Midday,1,1,1,1.0
35,Wednesday,2,16,Evening Rush,1,1,1,1.0
35,Wednesday,2,17,Evening Rush,1,1,1,1.0
35,Wednesday,2,19,Evening,1,1,0,0.0
36,Friday,4,0,Night,1,1,1,1.0
36,Friday,4,14,Midday,1,1,0,0.0
36,Friday,4,16,Evening Rush,2,2,1,0.5
36,Friday,4,17,Evening Rush,1,1,1,1.0
36,Friday,4,18,Evening Rush,1,1,0,0.0
36,Friday,4,23,Evening,1,1,1,1.0
36,Monday,0,10,Midday,1,1,0,0.0
36,Monday,0,15,Evening Rush,1,1,0,0.0
36,Monday,0,18,Evening Rush,2,2,0,0.0
36,Monday,0,21,Evening,1,1,0,0.0
36,Saturday,5,10,Midday,1,1,0,0.0
36,Saturday,5,17,Evening Rush,1,1,0,0.0
36,Saturday,5,20,Evening,1,1,0,0.0
36,Saturday,5,23,Evening,1,1,0,0.0
36,Sunday,6,1,Night,1,1,0,0.0
36,Sunday,6,16,Evening Rush,1,1,0,0.0
36,Sunday,6,17,Evening Rush,1,1,0,0.0
36,Sunday,6,19,Evening,1,1,0,0.0
36,Sunday,6,22,Evening,1,1,0,0.0
36,Thursday,3,10,Midday,1,1,0,0.0
36,Thursday,3,11,Midday,1,1,0,0.0
36,Thursday,3,14,Midday,1,1,0,0.0
36,Thursday,3,16,Evening Rush,1,1,0,0.0
36,Thursday,3,19,Evening,1,1,1,1.0
36,Thursday,3,22,Evening,1,1,1,1.0
36,Tuesday,1,10,Midday,1,1,1,1.0
36,Tuesday,1,11,Midday,1,1,1,1.0
36,Tuesday,1,13,Midday,1,1,1,1.0
36,Tuesday,1,15,Evening Rush,2,2,2,1.0
36,Tuesday,1,18,Evening Rush,2,2,1,0.5
36,Tuesday,1,22,Evening,1,1,1,1.0
36,Wednesday,2,7,Morning Rush,2,2,1,0.5
36,Wednesday,2,8,Morning Rush,1,1,1,1.0
36,Wednesday,2,11,Midday,1,1,1,1.0
36,Wednesday,2,12,Midday,1,1,0,0.0
36,Wednesday,2,13,Midday,1,1,0,0.0
36,Wednesday,2,17,Evening Rush,1,1,1,1.0
36,Wednesday,2,18,Evening Rush,2,2,1,0.5
36,Wednesday,2,21,Evening,1,1,1,1.0
37,Friday,4,7,Morning Rush,1,1,0,0.0
37,Friday,4,10,Midday,1,1,1,1.0
37,Friday,4,13,Midday,3,3,1,0.3333333333333333
37,Friday,4,14,Midday,1,1,0,0.0
37,Friday,4,15,Evening Rush,2,2,0,0.0
37,Friday,4,16,Evening Rush,1,1,0,0.0
37,Friday,4,17,Evening Rush,1,1,0,0.0
37,Friday,4,18,Evening Rush,1,1,0,0.0
37,Monday,0,0,Night,1,1,1,1.0
37,Monday,0,7,Morning Rush,2,2,2,1.0
37,Monday,0,8,Morning Rush,1,1,0,0.0
37,Monday,0,14,Midday,1,1,0,0.0
37,Monday,0,16,Evening Rush,1,1,1,1.0
37,Monday,0,17,Evening Rush,4,4,1,0.25
37,Monday,0,18,Evening Rush,3,3,0,0.0
37,Saturday,5,13,Midday,3,3,1,0.3333333333333333
37,Saturday,5,15,Evening Rush,2,2,0,0.0
37,Sunday,6,11,Midday,1,1,0,0.0
37,Sunday,6,12,Midday,1,1,1,1.0
37,Thursday,3,3,Night,1,1,1,1.0
37,Thursday,3,7,Morning Rush,3,3,1,0.3333333333333333
37,Thursday,3,8,Morning Rush,3,3,1,0.3333333333333333
37,Thursday,3,10,Midday,2,2,2,1.0
37,Thursday,3,11,Midday,1,1,0,0.0
37,Thursday,3,13,Midday,1,1,0,0.0
37,Thursday,3,14,Midday,2,2,0,0.0
37,Thursday,3,17,Evening Rush,3,3,0,0.0
37,Thursday,3,22,Evening,1,1,1,1.0
37,Tuesday,1,6,Morning Rush,4,4,0,0.0
37,Tuesday,1,8,Morning Rush,3,3,3,1.0
37,Tuesday,1,9,Morning Rush,1,1,1,1.0
37,Tuesday,1,10,Midday,1,1,0,0.0
37,Tuesday,1,13,Midday,1,1,0,0.0
37,Tuesday,1,15,Evening Rush,1,1,0,0.0
37,Tuesday,1,16,Evening Rush,1,1,0,0.0
37,Tuesday,1,18,Evening Rush,2,2,1,0.5
37,Tuesday,1,21,Evening,1,1,1,1.0
37,Tuesday,1,23,Evening,1,1,0,0.0
37,Wednesday,2,4,Night,1,1,0,0.0
37,Wednesday,2,6,Morning Rush,1,1,0,0.0
37,Wednesday,2,9,Morning Rush,1,1,1,1.0
37,Wednesday,2,12,Midday,2,2,0,0.0
37,Wednesday,2,15,Evening Rush,2,2,1,0.5
37,Wednesday,2,18,Evening Rush,1,1,1,1.0
38,Friday,4,2,Night,2,2,1,0.5
38,Friday,4,5,Night,1,1,1,1.0
38,Friday,4,6,Morning Rush,2,2,2,1.0
38,Friday,4,9,Morning Rush,2,2,2,1.0
38,Friday,4,13,Midday,1,1,1,1.0
38,Friday,4,16,Evening Rush,1,1,0,0.0
38,Friday,4,17,Evening Rush,1,1,1,1.0
38,Friday,4,18,Evening Rush,1,1,1,1.0
38,Monday,0,7,Morning Rush,1,1,0,0.0
38,Monday,0,8,Morning Rush,2,2,0,0.0
38,Saturday,5,7,Morning Rush,1,1,0,0.0
38,Saturday,5,23,Evening,1,1,1,1.0
38,Thursday,3,6,Morning Rush,1,1,1,1.0
38,Thursday,3,7,Morning Rush,2,2,2,1.0
38,Thursday,3,9,Morning Rush,1,1,1,1.0
38,Thursday,3,18,Evening Rush,1,1,1,1.0
38,Thursday,3,19,Evening,2,2,0,0.0
38,Tuesday,1,0,Night,1,1,1,1.0
38,Tuesday,1,7,Morning Rush,2,2,0,0.0
38,Tuesday,1,8,Morning Rush,1,1,1,1.0
38,Tuesday,1,9,Morning Rush,3,3,3,1.0
38,Tuesday,1,13,Midday,1,1,0,0.0
38,Tuesday,1,14,Midday,1,1,0,0.0
38,Tuesday,1,16,Evening Rush,1,1,0,0.0
38,Tuesday,1,17,Evening Rush,1,1,1,1.0
38,Wednesday,2,4,Night,1,1,0,0.0
38,Wednesday,2,6,Morning Rush,3,3,1,0.3333333333333333
38,Wednesday,2,11,Midday,1,1,1,1.0
39,Friday,4,7,Morning Rush,1,1,1,1.0
39,Friday,4,8,Morning Rush,2,2,1,0.5
39,Friday,4,14,Midday,1,1,1,1.0
39,Friday,4,16,Evening Rush,1,1,0,0.0
39,Friday,4,20,Evening,1,1,0,0.0
39,Friday,4,23,Evening,1,1,0,0.0
39,Monday,0,13,Midday,1,1,0,0.0
39,Monday,0,17,Evening Rush,1,1,1,1.0
39,Monday,0,20,Evening,1,1,1,1.0
39,Saturday,5,16,Evening Rush,1,1,1,1.0
39,Saturday,5,20,Evening,1,1,1,1.0
39,Sunday,6,13,Midday,1,1,1,1.0
39,Sunday,6,22,Evening,1,1,0,0.0
39,Thursday,3,2,Night,1,1,1,1.0
39,Thursday,3,7,Morning Rush,3,3,3,1.0
39,Thursday,3,8,Morning Rush,1,1,1,1.0
39,Thursday,3,14,Midday,1,1,1,1.0
39,Tuesday,1,1,Night,1,1,0,0.0
39,Tuesday,1,8,Morning Rush,2,2,0,0.0
39,Tuesday,1,9,Morning Rush,1,1,1,1.0
39,Tuesday,1,17,Evening Rush,1,1,1,1.0
39,Tuesday,1,19,Evening,2,2,0,0.0
39,Tuesday,1,20,Evening,1,1,0,0.0
39,Tuesday,1,23,Evening,1,1,1,1.0
39,Wednesday,2,8,Morning Rush,2,2,2,1.0
39,Wednesday,2,9,Morning Rush,1,1,1,1.0
39,Wednesday,2,10,Midday,1,1,1,1.0
39,Wednesday,2,14,Midday,1,1,0,0.0
39,Wednesday,2,17,Evening Rush,1,1,0,0.0
39,Wednesday,2,20,Evening,1,1,0,0.0
39,Wednesday,2,21,Evening,1,1,1,1.0
40,Friday,4,6,Morning Rush,1,1,1,1.0
40,Friday,4,7,Morning Rush,1,1,1,1.0
40,Friday,4,8,Morning Rush,1,1,1,1.0
40,Friday,4,17,Evening Rush,1,1,0,0.0
40,Friday,4,22,Evening,1,1,0,0.0
40,Monday,0,3,Night,1,1,0,0.0
40,Monday,0,8,Morning Rush,3,3,3,1.0
40,Monday,0,13,Midday,1,1,0,0.0
40,Monday,0,15,Evening Rush,2,2,0,0.0
40,Monday,0,16,Evening Rush,1,1,0,0.0
40,Monday,0,19,Evening,1,1,0,0.0
40,Monday,0,21,Evening,1,1,1,1.0
40,Saturday,5,0,Night,1,1,1,1.0
40,Saturday,5,2,Night,1,1,1,1.0
40,Saturday,5,7,Morning Rush,1,1,0,0.0
40,Saturday,5,10,Midday,1,1,1,1.0
40,Sunday,6,2,Night,1,1,1,1.0
40,Sunday,6,9,Morning Rush,1,1,0,0.0
40,Sunday,6,22,Evening,1,1,0,0.0
40,Thursday,3,11,Midday,1,1,0,0.0
40,Thursday,3,15,Evening Rush,1,1,1,1.0
40,Tuesday,1,3,Night,1,1,1,1.0
40,Tuesday,1,6,Morning Rush,1,1,0,0.0
40,Tuesday,1,7,Morning Rush,1,1,0,0.0
40,Tuesday,1,8,Morning Rush,1,1,0,0.0
40,Tuesday,1,10,Midday,1,1,1,1.0
40,Tuesday,1,19,Evening,1,1,0,0.0
40,Wednesday,2,8,Morning Rush,1,1,1,1.0
40,Wednesday,2,9,Morning Rush,1,1,0,0.0
40,Wednesday,2,15,Evening Rush,3,3,2,0.6666666666666666
41,Friday,4,1,Night,1,1,1,1.0
41,Friday,4,3,Night,1,1,0,0.0
41,Friday,4,6,Morning Rush,1,1,0,0.0
41,Friday,4,7,Morning Rush,1,1,1,1.0
41,Friday,4,9,Morning Rush,2,2,2,1.0
41,Friday,4,10,Midday,1,1,1,1.0
41,Friday,4,11,Midday,2,2,1,0.5
41,Friday,4,12,Midday,1,1,1,1.0
41,Friday,4,13,Midday,2,2,1,0.5
41,Friday,4,14,Midday,2,2,1,0.5
41,Friday,4,15,Evening Rush,1,1,1,1.0
41,Friday,4,16,Evening Rush,4,4,0,0.0
41,Friday,4,17,Evening Rush,1,1,1,1.0
41,Friday,4,18,Evening Rush,2,2,0,0.0
41,Friday,4,19,Evening,2,2,0,0.0
41,Friday,4,20,Evening,1,1,0,0.0
41,Friday,4,23,Evening,1,1,1,1.0
41,Monday,0,6,Morning Rush,2,2,1,0.5
41,Monday,0,9,Morning Rush,1,1,1,1.0
41,Monday,0,10,Midday,1,1,0,0.0
41,Monday,0,14,Midday,1,1,0,0.0
41,Monday,0,15,Evening Rush,1,1,0,0.0
41,Monday,0,16,Evening Rush,1,1,0,0.0
41,Monday,0,20,Evening,1,1,0,0.0
41,Saturday,5,14,Midday,1,1,0,0.0
41,Saturday,5,20,Evening,1,1,0,0.0
41,Sunday,6,10,Midday,1,1,0,0.0
41,Sunday,6,13,Midday,1,1,0,0.0
41,Sunday,6,14,Midday,2,2,2,1.0
41,Thursday,3,3,Night,1,1,0,0.0
41,Thursday,3,6,Morning Rush,2,2,1,0.5
41,Thursday,3,10,Midday,2,2,1,0.5
41,Thursday,3,11,Midday,1,1,0,0.0
41,Thursday,3,15,Evening Rush,1,1,1,1.0
41,Thursday,3,16,Evening Rush,1,1,1,1.0
41,Thursday,3,22,Evening,1,1,0,0.0
41,Tuesday,1,0,Night,1,1,1,1.0
41,Tuesday,1,4,Night,1,1,1,1.0
41,Tuesday,1,7,Morning Rush,1,1,1,1.0
41,Tuesday,1,9,Morning Rush,1,1,1,1.0
41,Tuesday,1,10,Midday,2,2,0,0.0
41,Tuesday,1,12,Midday,1,1,1,1.0
41,Tuesday,1,14,Midday,1,1,0,0.0
41,Tuesday,1,17,Evening Rush,1,1,0,0.0
41,Tuesday,1,18,Evening Rush,1,1,0,0.0
41,Tuesday,1,19,Evening,1,1,0,0.0
41,Tuesday,1,20,Evening,1,1,1,1.0
41,Tuesday,1,22,Evening,1,1,1,1.0
41,Wednesday,2,2,Night,1,1,0,0.0
41,Wednesday,2,6,Morning Rush,1,1,0,0.0
41,Wednesday,2,8,Morning Rush,1,1,0,0.0
41,Wednesday,2,9,Morning Rush,1,1,1,1.0
41,Wednesday,2,10,Midday,1,1,0,0.0
41,Wednesday,2,15,Evening Rush,2,2,0,0.0
41,Wednesday,2,16,Evening Rush,1,1,0,0.0
41,Wednesday,2,17,Evening Rush,1,1,0,0.0
42,Friday,4,8,Morning Rush,1,1,0,0.0
42,Friday,4,10,Midday,1,1,0,0.0
42,Friday,4,13,Midday,2,2,1,0.5
42,Friday,4,18,Evening Rush,1,1,1,1.0
42,Friday,4,19,Evening,1,1,0,0.0
42,Monday,0,9,Morning Rush,1,1,1,1.0
42,Monday,0,11,Midday,1,1,0,0.0
42,Monday,0,13,Midday,1,1,0,0.0
42,Monday,0,15,Evening Rush,1,1,0,0.0
42,Monday,0,16,Evening Rush,1,1,0,0.0
42,Monday,0,17,Evening Rush,2,2,0,0.0
42,Monday,0,18,Evening Rush,1,1,0,0.0
42,Monday,0,19,Evening,3,3,2,0.6666666666666666
42,Saturday,5,5,Night,1,1,0,0.0
42,Saturday,5,12,Midday,1,1,0,0.0
42,Saturday,5,14,Midday,2,2,1,0.5
42,Saturday,5,15,Evening Rush,1,1,1,1.0
42,Sunday,6,0,Night,1,1,0,0.0
42,Sunday,6,3,Night,1,1,0,0.0
42,Sunday,6,9,Morning Rush,1,1,0,0.0
42,Sunday,6,12,Midday,1,1,1,1.0
42,Sunday,6,17,Evening Rush,2,2,1,0.5
42,Sunday,6,18,Evening Rush,1,1,0,0.0
42,Sunday,6,21,Evening,1,1,1,1.0
42,Thursday,3,9,Morning Rush,1,1,1,1.0
42,Thursday,3,15,Evening Rush,1,1,0,0.0
42,Thursday,3,17,Evening Rush,2,2,1,0.5
42,Thursday,3,18,Evening Rush,1,1,1,1.0
42,Thursday,3,19,Evening,2,2,0,0.0
42,Tuesday,1,3,Night,1,1,0,0.0
42,Tuesday,1,6,Morning Rush,1,1,0,0.0
42,Tuesday,1,10,Midday,1,1,0,0.0
42,Tuesday,1,15,Evening Rush,2,2,1,0.5
42,Tuesday,1,16,Evening Rush,1,1,0,0.0
42,Tuesday,1,17,Evening Rush,1,1,1,1.0
42,Tuesday,1,18,Evening Rush,1,1,0,0.0
42,Tuesday,1,20,Evening,1,1,0,0.0
42,Wednesday,2,7,Morning Rush,1,1,1,1.0
42,Wednesday,2,8,Morning Rush,1,1,0,0.0
42,Wednesday,2,9,Morning Rush,1,1,1,1.0
42,Wednesday,2,12,Midday,2,2,0,0.0
42,Wednesday,2,17,Evening Rush,2,2,2,1.0
42,Wednesday,2,18,Evening Rush,1,1,1,1.0
42,Wednesday,2,21,Evening,1,1,0,0.0
42,Wednesday,2,23,Evening,1,1,0,0.0
43,Friday,4,11,Midday,2,2,2,1.0
43,Friday,4,14,Midday,1,1,0,0.0
43,Friday,4,15,Evening Rush,2,2,1,0.5
43,Friday,4,16,Evening Rush,3,3,2,0.6666666666666666
43,Friday,4,17,Evening Rush,2,2,2,1.0
43,Friday,4,19,Evening,1,1,0,0.0
43,Monday,0,6,Morning Rush,1,1,0,0.0
43,Monday,0,7,Morning Rush,2,2,1,0.5
43,Monday,0,13,Midday,1,1,0,0.0
43,Monday,0,15,Evening Rush,2,2,2,1.0
43,Monday,0,17,Evening Rush,1,1,0,0.0
43,Monday,0,18,Evening Rush,3,3,1,0.3333333333333333
43,Saturday,5,7,Morning Rush,1,1,1,1.0
43,Saturday,5,16,Evening Rush,1,1,0,0.0
43,Saturday,5,17,Evening Rush,1,1,1,1.0
43,Saturday,5,20,Evening,1,1,1,1.0
43,Saturday,5,21,Evening,2,2,1,0.5
43,Sunday,6,11,Midday,1,1,0,0.0
43,Sunday,6,12,Midday,1,1,1,1.0
43,Sunday,6,16,Evening Rush,1,1,0,0.0
43,Sunday,6,20,Evening,1,1,0,0.0
43,Thursday,3,2,Night,1,1,1,1.0
43,Thursday,3,8,Morning Rush,1,1,0,0.0
43,Thursday,3,11,Midday,1,1,0,0.0
43,Thursday,3,13,Midday,1,1,0,0.0
43,Thursday,3,16,Evening Rush,2,2,0,0.0
43,Thursday,3,19,Evening,1,1,1,1.0
43,Thursday,3,23,Evening,1,1,0,0.0
43,Tuesday,1,11,Midday,1,1,0,0.0
43,Tuesday,1,14,Midday,1,1,0,0.0
43,Tuesday,1,16,Evening Rush,1,1,0,0.0
43,Tuesday,1,17,Evening Rush,2,2,0,0.0
43,Tuesday,1,19,Evening,1,1,1,1.0
43,Tuesday,1,21,Evening,1,1,1,1.0
43,Wednesday,2,6,Morning Rush,2,2,2,1.0
43,Wednesday,2,7,Morning Rush,1,1,0,0.0
43,Wednesday,2,16,Evening Rush,1,1,0,0.0
43,Wednesday,2,17,Evening Rush,1,1,0,0.0
43,Wednesday,2,18,Evening Rush,2,2,0,0.0
43,Wednesday,2,22,Evening,1,1,1,1.0
43,Wednesday,2,23,Evening,1,1,0,0.0
44,Friday,4,7,Morning Rush,2,2,1,0.5
44,Friday,4,10,Midday,2,2,1,0.5
44,Friday,4,15,Evening Rush,2,2,1,0.5
44,Friday,4,16,Evening Rush,1,1,1,1.0
44,Friday,4,17,Evening Rush,1,1,1,1.0
44,Friday,4,19,Evening,1,1,1,1.0
44,Monday,0,3,Night,2,2,1,0.5
44,Monday,0,5,Night,2,2,1,0.5
44,Monday,0,7,Morning Rush,1,1,0,0.0
44,Monday,0,9,Morning Rush,1,1,1,1.0
44,Monday,0,12,Midday,1,1,1,1.0
44,Monday,0,13,Midday,1,1,1,1.0
44,Monday,0,14,Midday,1,1,0,0.0
44,Monday,0,17,Evening Rush,2,2,1,0.5
44,Monday,0,22,Evening,1,1,1,1.0
44,Monday,0,23,Evening,1,1,1,1.0
44,Saturday,5,0,Night,1,1,0,0.0
44,Saturday,5,3,Night,1,1,0,0.0
44,Saturday,5,4,Night,1,1,0,0.0
44,Saturday,5,9,Morning Rush,1,1,1,1.0
44,Saturday,5,16,Evening Rush,1,1,1,1.0
44,Saturday,5,18,Evening Rush,1,1,1,1.0
44,Saturday,5,20,Evening,1,1,1,1.0
44,Saturday,5,22,Evening,1,1,0,0.0
44,Saturday,5,23,Evening,1,1,1,1.0
44,Sunday,6,1,Night,1,1,0,0.0
44,Sunday,6,4,Night,1,1,0,0.0
44,Sunday,6,6,Morning Rush,1,1,0,0.0
44,Sunday,6,8,Morning Rush,1,1,0,0.0
44,Sunday,6,9,Morning Rush,1,1,1,1.0
44,Sunday,6,12,Midday,1,1,0,0.0
44,Sunday,6,15,Evening Rush,2,2,1,0.5
44,Sunday,6,19,Evening,1,1,1,1.0
44,Thursday,3,2,Night,1,1,1,1.0
44,Thursday,3,5,Night,1,1,0,0.0
44,Thursday,3,7,Morning Rush,1,1,1,1.0
44,Thursday,3,8,Morning Rush,1,1,1,1.0
44,Thursday,3,11,Midday,1,1,0,0.0
44,Thursday,3,13,Midday,1,1,1,1.0
44,Thursday,3,15,Evening Rush,1,1,0,0.0
44,Thursday,3,18,Evening Rush,1,1,1,1.0
44,Thursday,3,20,Evening,1,1,0,0.0
44,Thursday,3,21,Evening,1,1,1,1.0
44,Thursday,3,22,Evening,1,1,0,0.0
44,Thursday,3,23,Evening,1,1,0,0.0
44,Tuesday,1,7,Morning Rush,1,1,1,1.0
44,Tuesday,1,8,Morning Rush,1,1,1,1.0
44,Tuesday,1,12,Midday,1,1,0,0.0
44,Tuesday,1,15,Evening Rush,2,2,1,0.5
44,Tuesday,1,16,Evening Rush,1,1,1,1.0
44,Tuesday,1,18,Evening Rush,1,1,1,1.0
44,Tuesday,1,21,Evening,1,1,0,0.0
44,Wednesday,2,3,Night,1,1,1,1.0
44,Wednesday,2,7,Morning Rush,1,1,1,1.0
44,Wednesday,2,9,Morning Rush,1,1,1,1.0
44,Wednesday,2,16,Evening Rush,1,1,0,0.0
44,Wednesday,2,18,Evening Rush,2,2,2,1.0
44,Wednesday,2,23,Evening,1,1,1,1.0
45,Friday,4,8,Morning Rush,1,1,1,1.0
45,Friday,4,11,Midday,1,1,0,0.0
45,Friday,4,12,Midday,1,1,1,1.0
45,Friday,4,14,Midday,1,1,0,0.0
45,Friday,4,15,Evening Rush,1,1,0,0.0
45,Friday,4,17,Evening Rush,2,2,1,0.5
45,Friday,4,19,Evening,2,2,1,0.5
45,Monday,0,9,Morning Rush,2,2,2,1.0
45,Monday,0,18,Evening Rush,1,1,0,0.0
45,Monday,0,20,Evening,1,1,0,0.0
45,Saturday,5,8,Morning Rush,1,1,0,0.0
45,Saturday,5,16,Evening Rush,2,2,1,0.5
45,Saturday,5,17,Evening Rush,1,1,0,0.0
45,Saturday,5,19,Evening,1,1,0,0.0
45,Saturday,5,20,Evening,1,1,1,1.0
45,Sunday,6,10,Midday,1,1,0,0.0
45,Sunday,6,14,Midday,1,1,0,0.0
45,Sunday,6,15,Evening Rush,2,2,1,0.5
45,Sunday,6,17,Evening Rush,1,1,0,0.0
45,Thursday,3,6,Morning Rush,1,1,0,0.0
45,Thursday,3,9,Morning Rush,1,1,0,0.0
45,Thursday,3,16,Evening Rush,1,1,0,0.0
45,Thursday,3,22,Evening,1,1,0,0.0
45,Tuesday,1,0,Night,1,1,0,0.0
45,Tuesday,1,1,Night,1,1,1,1.0
45,Tuesday,1,11,Midday,2,2,0,0.0
45,Tuesday,1,14,Midday,2,2,0,0.0
45,Tuesday,1,15,Evening Rush,1,1,0,0.0
45,Tuesday,1,16,Evening Rush,1,1,1,1.0
45,Wednesday,2,11,Midday,2,2,2,1.0
45,Wednesday,2,14,Midday,1,1,0,0.0
45,Wednesday,2,20,Evening,1,1,1,1.0
46,Friday,4,8,Morning Rush,1,1,0,0.0
46,Friday,4,10,Midday,1,1,0,0.0
46,Friday,4,11,Midday,1,1,0,0.0
46,Friday,4,12,Midday,1,1,0,0.0
46,Friday,4,14,Midday,1,1,1,1.0
46,Friday,4,17,Evening Rush,2,2,1,0.5
46,Friday,4,20,Evening,1,1,0,0.0
46,Friday,4,21,Evening,1,1,0,0.0
46,Monday,0,8,Morning Rush,1,1,1,1.0
46,Monday,0,10,Midday,1,1,1,1.0
46,Monday,0,12,Midday,1,1,0,0.0
46,Monday,0,13,Midday,1,1,1,1.0
46,Monday,0,14,Midday,2,2,0,0.0
46,Monday,0,15,Evening Rush,1,1,0,0.0
46,Monday,0,16,Evening Rush,1,1,0,0.0
46,Monday,0,21,Evening,2,2,2,1.0
46,Saturday,5,9,Morning Rush,2,2,2,1.0
46,Saturday,5,13,Midday,2,2,1,0.5
46,Saturday,5,15,Evening Rush,4,4,1,0.25
46,Saturday,5,17,Evening Rush,1,1,1,1.0
46,Saturday,5,18,Evening Rush,2,2,0,0.0
46,Saturday,5,22,Evening,1,1,0,0.0
46,Saturday,5,23,Evening,1,1,0,0.0
46,Sunday,6,11,Midday,2,2,1,0.5
46,Sunday,6,13,Midday,1,1,0,0.0
46,Sunday,6,16,Evening Rush,1,1,1,1.0
46,Sunday,6,19,Evening,5,5,0,0.0
46,Sunday,6,21,Evening,1,1,1,1.0
46,Thursday,3,0,Night,1,1,1,1.0
46,Thursday,3,5,Night,1,1,0,0.0
46,Thursday,3,6,Morning Rush,1,1,0,0.0
46,Thursday,3,8,Morning Rush,1,1,1,1.0
46,Thursday,3,9,Morning Rush,1,1,1,1.0
46,Thursday,3,10,Midday,2,2,1,0.5
46,Thursday,3,11,Midday,1,1,1,1.0
46,Thursday,3,15,Evening Rush,1,1,0,0.0
46,Thursday,3,16,Evening Rush,2,2,0,0.0
46,Tuesday,1,4,Night,1,1,0,0.0
46,Tuesday,1,5,Night,1,1,1,1.0
46,Tuesday,1,12,Midday,1,1,1,1.0
46,Tuesday,1,14,Midday,1,1,0,0.0
46,Tuesday,1,17,Evening Rush,2,2,0,0.0
46,Tuesday,1,18,Evening Rush,1,1,0,0.0
46,Tuesday,1,23,Evening,1,1,0,0.0
46,Wednesday,2,9,Morning Rush,1,1,1,1.0
46,Wednesday,2,10,Midday,2,2,1,0.5
46,Wednesday,2,11,Midday,1,1,1,1.0
46,Wednesday,2,12,Midday,3,3,1,0.3333333333333333
46,Wednesday,2,13,Midday,1,1,0,0.0
46,Wednesday,2,14,Midday,1,1,1,1.0
46,Wednesday,2,18,Evening Rush,1,1,0,0.0
46,Wednesday,2,19,Evening,2,2,1,0.5
46,Wednesday,2,20,Evening,1,1,0,0.0
46,Wednesday,2,22,Evening,1,1,0,0.0
47,Friday,4,13,Midday,1,1,0,0.0
47,Friday,4,14,Midday,1,1,0,0.0
47,Friday,4,15,Evening Rush,1,1,0,0.0
47,Friday,4,17,Evening Rush,3,3,2,0.6666666666666666
47,Friday,4,18,Evening Rush,1,1,0,0.0
47,Friday,4,22,Evening,1,1,0,0.0
47,Monday,0,3,Night,1,1,0,0.0
47,Monday,0,4,Night,1,1,1,1.0
47,Monday,0,7,Morning Rush,1,1,0,0.0
47,Monday,0,12,Midday,1,1,0,0.0
47,Monday,0,13,Midday,1,1,0,0.0
47,Monday,0,15,Evening Rush,1,1,0,0.0
47,Monday,0,20,Evening,1,1,1,1.0
47,Saturday,5,1,Night,1,1,0,0.0
47,Saturday,5,17,Evening Rush,1,1,1,1.0
47,Saturday,5,18,Evening Rush,2,2,0,0.0
47,Saturday,5,20,Evening,1,1,0,0.0
47,Saturday,5,23,Evening,1,1,0,0.0
47,Sunday,6,6,Morning Rush,1,1,1,1.0
47,Sunday,6,12,Midday,1,1,1,1.0
47,Sunday,6,14,Midday,1,1,0,0.0
47,Sunday,6,15,Evening Rush,1,1,0,0.0
47,Sunday,6,18,Evening Rush,1,1,1,1.0
47,Sunday,6,19,Evening,1,1,0,0.0
47,Sunday,6,22,Evening,1,1,0,0.0
47,Thursday,3,6,Morning Rush,1,1,0,0.0
47,Thursday,3,7,Morning Rush,1,1,1,1.0
47,Thursday,3,9,Morning Rush,1,1,1,1.0
47,Thursday,3,10,Midday,1,1,0,0.0
47,Thursday,3,11,Midday,1,1,0,0.0
47,Thursday,3,12,Midday,1,1,1,1.0
47,Thursday,3,16,Evening Rush,1,1,0,0.0
47,Thursday,3,17,Evening Rush,2,2,0,0.0
47,Thursday,3,18,Evening Rush,1,1,0,0.0
47,Tuesday,1,11,Midday,2,2,1,0.5
47,Tuesday,1,12,Midday,1,1,1,1.0
47,Tuesday,1,15,Evening Rush,1,1,0,0.0
47,Tuesday,1,17,Evening Rush,1,1,0,0.0
47,Tuesday,1,18,Evening Rush,1,1,0,0.0
47,Tuesday,1,21,Evening,2,2,0,0.0
47,Tuesday,1,23,Evening,1,1,1,1.0
47,Wednesday,2,4,Night,1,1,0,0.0
47,Wednesday,2,7,Morning Rush,1,1,0,0.0
47,Wednesday,2,12,Midday,1,1,0,0.0
47,Wednesday,2,13,Midday,1,1,1,1.0
47,Wednesday,2,14,Midday,1,1,0,0.0
47,Wednesday,2,15,Evening Rush,2,2,1,0.5
47,Wednesday,2,16,Evening Rush,2,2,0,0.0
47,Wednesday,2,19,Evening,1,1,0,0.0
48,Friday,4,3,Night,1,1,0,0.0
48,Friday,4,5,Night,1,1,1,1.0
48,Friday,4,8,Morning Rush,1,1,1,1.0
48,Friday,4,9,Morning Rush,1,1,0,0.0
48,Friday,4,11,Midday,1,1,1,1.0
48,Friday,4,13,Midday,1,1,0,0.0
48,Friday,4,14,Midday,1,1,0,0.0
48,Friday,4,16,Evening Rush,2,2,1,0.5
48,Friday,4,17,Evening Rush,2,2,0,0.0
48,Friday,4,18,Evening Rush,2,2,1,0.5
48,Friday,4,22,Evening,1,1,1,1.0
48,Monday,0,5,Night,1,1,1,1.0
48,Monday,0,6,Morning Rush,1,1,1,1.0
48,Monday,0,9,Morning Rush,1,1,0,0.0
48,Monday,0,10,Midday,1,1,0,0.0
48,Monday,0,12,Midday,2,2,1,0.5
48,Monday,0,16,Evening Rush,1,1,0,0.0
48,Monday,0,19,Evening,1,1,1,1.0
48,Saturday,5,0,Night,1,1,0,0.0
48,Saturday,5,10,Midday,1,1,0,0.0
48,Saturday,5,11,Midday,1,1,0,0.0
48,Saturday,5,20,Evening,1,1,1,1.0
48,Saturday,5,22,Evening,1,1,0,0.0
48,Sunday,6,0,Night,1,1,1,1.0
48,Sunday,6,1,Night,1,1,1,1.0
48,Sunday,6,12,Midday,1,1,0,0.0
48,Sunday,6,13,Midday,1,1,0,0.0
48,Sunday,6,16,Evening Rush,1,1,1,1.0
48,Sunday,6,17,Evening Rush,1,1,1,1.0
48,Sunday,6,19,Evening,2,2,2,1.0
48,Thursday,3,3,Night,2,2,0,0.0
48,Thursday,3,8,Morning Rush,1,1,0,0.0
48,Thursday,3,12,Midday,1,1,1,1.0
48,Thursday,3,13,Midday,2,2,1,0.5
48,Thursday,3,14,Midday,1,1,1,1.0
48,Thursday,3,16,Evening Rush,1,1,0,0.0
48,Thursday,3,17,Evening Rush,1,1,0,0.0
48,Thursday,3,18,Evening Rush,1,1,0,0.0
48,Thursday,3,20,Evening,1,1,0,0.0
48,Thursday,3,23,Evening,1,1,1,1.0
48,Tuesday,1,0,Night,1,1,0,0.0
48,Tuesday,1,4,Night,1,1,1,1.0
48,Tuesday,1,6,Morning Rush,1,1,1,1.0
48,Tuesday,1,7,Morning Rush,1,1,0,0.0
48,Tuesday,1,8,Morning Rush,1,1,1,1.0
48,Tuesday,1,10,Midday,1,1,1,1.0
48,Tuesday,1,12,Midday,1,1,0,0.0
48,Tuesday,1,15,Evening Rush,2,2,1,0.5
48,Tuesday,1,17,Evening Rush,3,3,0,0.0
48,Tuesday,1,18,Evening Rush,2,2,0,0.0
48,Tuesday,1,22,Evening,1,1,0,0.0
48,Tuesday,1,23,Evening,1,1,1,1.0
48,Wednesday,2,4,Night,1,1,0,0.0
48,Wednesday,2,8,Morning Rush,1,1,1,1.0
48,Wednesday,2,9,Morning Rush,1,1,1,1.0
48,Wednesday,2,11,Midday,1,1,1,1.0
48,Wednesday,2,12,Midday,2,2,0,0.0
48,Wednesday,2,14,Midday,2,2,1,0.5
48,Wednesday,2,15,Evening Rush,1,1,0,0.0
48,Wednesday,2,16,Evening Rush,3,3,2,0.6666666666666666
48,Wednesday,2,18,Evening Rush,1,1,0,0.0
48,Wednesday,2,23,Evening,1,1,0,0.0
49,Friday,4,2,Night,1,1,0,0.0
49,Friday,4,18,Evening Rush,1,1,1,1.0
49,Friday,4,21,Evening,1,1,0,0.0
49,Friday,4,22,Evening,1,1,0,0.0
49,Monday,0,16,Evening Rush,1,1,0,0.0
49,Monday,0,17,Evening Rush,1,1,1,1.0
49,Monday,0,22,Evening,2,2,2,1.0
49,Saturday,5,15,Evening Rush,1,1,0,0.0
49,Saturday,5,19,Evening,1,1,0,0.0
49,Saturday,5,20,Evening,1,1,1,1.0
49,Sunday,6,11,Midday,1,1,0,0.0
49,Sunday,6,14,Midday,1,1,0,0.0
49,Thursday,3,18,Evening Rush,1,1,1,1.0
49,Tuesday,1,7,Morning Rush,1,1,1,1.0
49,Tuesday,1,10,Midday,1,1,0,0.0
49,Tuesday,1,16,Evening Rush,1,1,0,0.0
49,Tuesday,1,17,Evening Rush,1,1,0,0.0
49,Wednesday,2,0,Night,1,1,0,0.0
49,Wednesday,2,7,Morning Rush,1,1,0,0.0
49,Wednesday,2,8,Morning Rush,1,1,0,0.0
49,Wednesday,2,11,Midday,1,1,1,1.0
49,Wednesday,2,16,Evening Rush,1,1,0,0.0
49,Wednesday,2,20,Evening,1,1,0,0.0
49,Wednesday,2,22,Evening,1,1,0,0.0
50,Friday,4,16,Evening Rush,1,1,0,0.0
50,Friday,4,18,Evening Rush,2,2,1,0.5
50,Friday,4,19,Evening,2,2,0,0.0
50,Friday,4,20,Evening,1,1,0,0.0
50,Monday,0,22,Evening,1,1,1,1.0
50,Saturday,5,7,Morning Rush,1,1,0,0.0
50,Saturday,5,15,Evening Rush,1,1,0,0.0
50,Saturday,5,18,Evening Rush,1,1,0,0.0
50,Sunday,6,13,Midday,2,2,0,0.0
50,Sunday,6,14,Midday,1,1,0,0.0
50,Sunday,6,15,Evening Rush,1,1,0,0.0
50,Thursday,3,8,Morning Rush,1,1,0,0.0
50,Thursday,3,16,Evening Rush,1,1,0,0.0
50,Thursday,3,19,Evening,1,1,1,1.0
50,Tuesday,1,19,Evening,1,1,1,1.0
50,Wednesday,2,12,Midday,1,1,0,0.0
50,Wednesday,2,20,Evening,1,1,0,0.0
50,Wednesday,2,23,Evening,1,1,1,1.0
51,Friday,4,14,Midday,1,1,1,1.0
51,Friday,4,18,Evening Rush,1,1,1,1.0
51,Monday,0,6,Morning Rush,1,1,0,0.0
51,Monday,0,8,Morning Rush,1,1,0,0.0
51,Monday,0,18,Evening Rush,1,1,0,0.0
51,Monday,0,19,Evening,1,1,0,0.0
51,Saturday,5,3,Night,1,1,0,0.0
51,Saturday,5,15,Evening Rush,1,1,0,0.0
51,Saturday,5,21,Evening,1,1,0,0.0
51,Sunday,6,3,Night,1,1,0,0.0
51,Sunday,6,8,Morning Rush,2,2,1,0.5
51,Sunday,6,11,Midday,1,1,0,0.0
51,Sunday,6,14,Midday,1,1,0,0.0
51,Thursday,3,11,Midday,1,1,0,0.0
51,Thursday,3,17,Evening Rush,1,1,1,1.0
51,Tuesday,1,4,Night,1,1,0,0.0
51,Tuesday,1,7,Morning Rush,1,1,0,0.0
51,Wednesday,2,11,Midday,1,1,0,0.0
51,Wednesday,2,13,Midday,1,1,1,1.0
51,Wednesday,2,18,Evening Rush,1,1,0,0.0
51,Wednesday,2,19,Evening,1,1,0,0.0
52,Friday,4,8,Morning Rush,1,1,1,1.0
52,Friday,4,15,Evening Rush,1,1,0,0.0
52,Friday,4,16,Evening Rush,1,1,0,0.0
52,Friday,4,18,Evening Rush,1,1,0,0.0
52,Friday,4,19,Evening,2,2,1,0.5
52,Friday,4,22,Evening,1,1,1,1.0
52,Monday,0,1,Night,1,1,0,0.0
52,Monday,0,9,Morning Rush,1,1,1,1.0
52,Monday,0,10,Midday,1,1,0,0.0
52,Monday,0,11,Midday,1,1,0,0.0
52,Monday,0,16,Evening Rush,1,1,0,0.0
52,Monday,0,17,Evening Rush,1,1,1,1.0
52,Monday,0,23,Evening,1,1,0,0.0
52,Saturday,5,8,Morning Rush,1,1,1,1.0
52,Saturday,5,14,Midday,1,1,0,0.0
52,Saturday,5,15,Evening Rush,1,1,0,0.0
52,Saturday,5,17,Evening Rush,1,1,0,0.0
52,Saturday,5,20,Evening,2,2,0,0.0
52,Saturday,5,21,Evening,1,1,0,0.0
52,Sunday,6,1,Night,1,1,0,0.0
52,Sunday,6,12,Midday,1,1,0,0.0
52,Sunday,6,15,Evening Rush,1,1,0,0.0
52,Sunday,6,21,Evening,2,2,2,1.0
52,Thursday,3,0,Night,1,1,0,0.0
52,Thursday,3,7,Morning Rush,1,1,0,0.0
52,Thursday,3,8,Morning Rush,2,2,2,1.0
52,Thursday,3,13,Midday,1,1,0,0.0
52,Thursday,3,17,Evening Rush,1,1,0,0.0
52,Thursday,3,19,Evening,1,1,0,0.0
52,Tuesday,1,2,Night,1,1,1,1.0
52,Tuesday,1,9,Morning Rush,1,1,0,0.0
52,Tuesday,1,10,Midday,1,1,0,0.0
52,Tuesday,1,11,Midday,1,1,1,1.0
52,Tuesday,1,13,Midday,1,1,0,0.0
52,Tuesday,1,14,Midday,1,1,0,0.0
52,Tuesday,1,16,Evening Rush,2,2,1,0.5
52,Tuesday,1,18,Evening Rush,1,1,0,0.0
52,Tuesday,1,21,Evening,1,1,1,1.0
52,Tuesday,1,22,Evening,1,1,0,0.0
52,Wednesday,2,10,Midday,1,1,1,1.0
52,Wednesday,2,12,Midday,1,1,0,0.0
52,Wednesday,2,16,Evening Rush,1,1,0,0.0
52,Wednesday,2,17,Evening Rush,3,3,2,0.6666666666666666
52,Wednesday,2,21,Evening,1,1,0,0.0
52,Wednesday,2,22,Evening,1,1,0,0.0
53,Friday,4,10,Midday,1,1,0,0.0
53,Friday,4,15,Evening Rush,1,1,1,1.0
53,Friday,4,17,Evening Rush,3,3,1,0.3333333333333333
53,Friday,4,18,Evening Rush,1,1,0,0.0
53,Friday,4,20,Evening,1,1,1,1.0
53,Monday,0,1,Night,1,1,0,0.0
53,Monday,0,13,Midday,1,1,0,0.0
53,Monday,0,20,Evening,1,1,1,1.0
53,Monday,0,22,Evening,1,1,1,1.0
53,Monday,0,23,Evening,1,1,0,0.0
53,Saturday,5,1,Night,1,1,0,0.0
53,Sunday,6,0,Night,1,1,1,1.0
53,Sunday,6,1,Night,1,1,0,0.0
53,Sunday,6,8,Morning Rush,1,1,0,0.0
53,Sunday,6,14,Midday,1,1,0,0.0
53,Sunday,6,17,Evening Rush,1,1,0,0.0
53,Sunday,6,20,Evening,1,1,0,0.0
53,Thursday,3,9,Morning Rush,2,2,1,0.5
53,Thursday,3,17,Evening Rush,1,1,1,1.0
53,Tuesday,1,5,Night,1,1,0,0.0
53,Tuesday,1,10,Midday,1,1,0,0.0
53,Tuesday,1,14,Midday,1,1,0,0.0
53,Tuesday,1,15,Evening Rush,1,1,0,0.0
53,Tuesday,1,16,Evening Rush,1,1,0,0.0
53,Tuesday,1,17,Evening Rush,2,2,2,1.0
53,Tuesday,1,19,Evening,1,1,0,0.0
53,Tuesday,1,20,Evening,1,1,0,0.0
53,Tuesday,1,22,Evening,1,1,0,0.0
53,Wednesday,2,6,Morning Rush,1,1,0,0.0
53,Wednesday,2,7,Morning Rush,1,1,0,0.0
53,Wednesday,2,16,Evening Rush,4,4,1,0.25
53,Wednesday,2,17,Evening Rush,2,2,0,0.0
53,Wednesday,2,18,Evening Rush,1,1,1,1.0
53,Wednesday,2,22,Evening,1,1,0,0.0
53,Wednesday,2,23,Evening,1,1,0,0.0
54,Friday,4,6,Morning Rush,1,1,1,1.0
54,Friday,4,7,Morning Rush,2,2,1,0.5
54,Friday,4,8,Morning Rush,1,1,0,0.0
54,Friday,4,10,Midday,1,1,0,0.0
54,Friday,4,16,Evening Rush,3,3,2,0.6666666666666666
54,Friday,4,21,Evening,2,2,2,1.0
54,Friday,4,22,Evening,2,2,1,0.5
54,Monday,0,6,Morning Rush,2,2,0,0.0
54,Monday,0,8,Morning Rush,1,1,1,1.0
54,Monday,0,9,Morning Rush,1,1,1,1.0
54,Monday,0,15,Evening Rush,2,2,1,0.5
54,Monday,0,16,Evening Rush,2,2,0,0.0
54,Monday,0,17,Evening Rush,1,1,0,0.0
54,Monday,0,19,Evening,1,1,0,0.0
54,Monday,0,23,Evening,2,2,1,0.5
54,Saturday,5,0,Night,3,3,1,0.3333333333333333
54,Saturday,5,1,Night,1,1,0,0.0
54,Saturday,5,8,Morning Rush,1,1,1,1.0
54,Saturday,5,16,Evening Rush,1,1,0,0.0
54,Saturday,5,17,Evening Rush,1,1,0,0.0
54,Saturday,5,18,Evening Rush,1,1,0,0.0
54,Saturday,5,21,Evening,1,1,1,1.0
54,Sunday,6,2,Night,1,1,1,1.0
54,Sunday,6,16,Evening Rush,1,1,0,0.0
54,Sunday,6,19,Evening,1,1,0,0.0
54,Thursday,3,0,Night,1,1,0,0.0
54,Thursday,3,6,Morning Rush,1,1,1,1.0
54,Thursday,3,7,Morning Rush,2,2,1,0.5
54,Thursday,3,8,Morning Rush,1,1,0,0.0
54,Thursday,3,11,Midday,1,1,0,0.0
54,Thursday,3,15,Evening Rush,2,2,0,0.0
54,Thursday,3,16,Evening Rush,1,1,1,1.0
54,Thursday,3,17,Evening Rush,1,1,0,0.0
54,Thursday,3,18,Evening Rush,1,1,1,1.0
54,Thursday,3,19,Evening,1,1,1,1.0
54,Tuesday,1,8,Morning Rush,1,1,0,0.0
54,Tuesday,1,10,Midday,2,2,2,1.0
54,Tuesday,1,11,Midday,1,1,0,0.0
54,Tuesday,1,13,Midday,1,1,0,0.0
54,Tuesday,1,16,Evening Rush,1,1,0,0.0
54,Tuesday,1,17,Evening Rush,1,1,1,1.0
54,Tuesday,1,18,Evening Rush,1,1,0,0.0
54,Tuesday,1,19,Evening,1,1,1,1.0
54,Tuesday,1,20,Evening,1,1,0,0.0
54,Wednesday,2,6,Morning Rush,2,2,1,0.5
54,Wednesday,2,7,Morning Rush,1,1,0,0.0
54,Wednesday,2,8,Morning Rush,2,2,0,0.0
54,Wednesday,2,9,Morning Rush,1,1,0,0.0
54,Wednesday,2,13,Midday,1,1,1,1.0
54,Wednesday,2,14,Midday,1,1,0,0.0
54,Wednesday,2,16,Evening Rush,1,1,0,0.0
54,Wednesday,2,17,Evening Rush,1,1,0,0.0
55,Friday,4,2,Night,1,1,1,1.0
55,Friday,4,5,Night,1,1,1,1.0
55,Friday,4,7,Morning Rush,1,1,0,0.0
55,Friday,4,8,Morning Rush,1,1,1,1.0
55,Friday,4,9,Morning Rush,1,1,0,0.0
55,Friday,4,10,Midday,2,2,2,1.0
55,Friday,4,11,Midday,1,1,1,1.0
55,Friday,4,12,Midday,1,1,0,0.0
55,Friday,4,13,Midday,4,4,2,0.5
55,Friday,4,14,Midday,2,2,1,0.5
55,Friday,4,15,Evening Rush,7,7,2,0.2857142857142857
55,Friday,4,16,Evening Rush,7,7,1,0.14285714285714285
55,Friday,4,17,Evening Rush,10,10,3,0.3
55,Friday,4,18,Evening Rush,1,1,0,0.0
55,Friday,4,19,Evening,2,2,0,0.0
55,Friday,4,20,Evening,1,1,1,1.0
55,Friday,4,22,Evening,2,2,1,0.5
55,Monday,0,0,Night,1,1,1,1.0
55,Monday,0,1,Night,1,1,1,1.0
55,Monday,0,2,Night,1,1,0,0.0
55,Monday,0,6,Morning Rush,2,2,1,0.5
55,Monday,0,7,Morning Rush,3,3,2,0.6666666666666666
55,Monday,0,9,Morning Rush,3,3,1,0.3333333333333333
55,Monday,0,10,Midday,1,1,1,1.0
55,Monday,0,11,Midday,1,1,0,0.0
55,Monday,0,12,Midday,1,1,1,1.0
55,Monday,0,13,Midday,2,2,1,0.5
55,Monday,0,15,Evening Rush,2,2,0,0.0
55,Monday,0,16,Evening Rush,5,5,0,0.0
55,Monday,0,17,Evening Rush,2,2,1,0.5
55,Monday,0,19,Evening,1,1,1,1.0
55,Saturday,5,0,Night,2,2,0,0.0
55,Saturday,5,1,Night,1,1,1,1.0
55,Saturday,5,8,Morning Rush,3,3,3,1.0
55,Saturday,5,9,Morning Rush,2,2,2,1.0
55,Saturday,5,11,Midday,1,1,0,0.0
55,Saturday,5,13,Midday,1,1,0,0.0
55,Saturday,5,14,Midday,4,4,1,0.25
55,Saturday,5,15,Evening Rush,2,2,1,0.5
55,Saturday,5,16,Evening Rush,3,3,2,0.6666666666666666
55,Saturday,5,17,Evening Rush,3,3,2,0.6666666666666666
55,Saturday,5,18,Evening Rush,3,3,1,0.3333333333333333
55,Saturday,5,19,Evening,1,1,1,1.0
55,Saturday,5,22,Evening,1,1,0,0.0
55,Saturday,5,23,Evening,1,1,0,0.0
55,Sunday,6,0,Night,1,1,1,1.0
55,Sunday,6,1,Night,1,1,1,1.0
55,Sunday,6,3,Night,1,1,0,0.0
55,Sunday,6,8,Morning Rush,1,1,0,0.0
55,Sunday,6,11,Midday,1,1,1,1.0
55,Sunday,6,12,Midday,1,1,1,1.0
55,Sunday,6,13,Midday,2,2,0,0.0
55,Sunday,6,14,Midday,1,1,0,0.0
55,Sunday,6,15,Evening Rush,4,4,1,0.25
55,Sunday,6,17,Evening Rush,1,1,0,0.0
55,Sunday,6,19,Evening,1,1,0,0.0
55,Sunday,6,23,Evening,1,1,1,1.0
55,Thursday,3,0,Night,2,2,2,1.0
55,Thursday,3,3,Night,1,1,1,1.0
55,Thursday,3,5,Night,1,1,1,1.0
55,Thursday,3,6,Morning Rush,4,4,2,0.5
55,Thursday,3,8,Morning Rush,1,1,1,1.0
55,Thursday,3,10,Midday,4,4,2,0.5
55,Thursday,3,12,Midday,3,3,1,0.3333333333333333
55,Thursday,3,13,Midday,2,2,2,1.0
55,Thursday,3,14,Midday,1,1,0,0.0
55,Thursday,3,15,Evening Rush,2,2,2,1.0
55,Thursday,3,16,Evening Rush,4,4,1,0.25
55,Thursday,3,17,Evening Rush,6,6,1,0.16666666666666666
55,Thursday,3,18,Evening Rush,3,3,2,0.6666666666666666
55,Thursday,3,19,Evening,1,1,0,0.0
55,Thursday,3,20,Evening,5,5,1,0.2
55,Thursday,3,21,Evening,2,2,2,1.0
55,Thursday,3,22,Evening,1,1,1,1.0
55,Tuesday,1,3,Night,1,1,0,0.0
55,Tuesday,1,6,Morning Rush,1,1,1,1.0
55,Tuesday,1,7,Morning Rush,4,4,3,0.75
55,Tuesday,1,8,Morning Rush,4,4,1,0.25
55,Tuesday,1,9,Morning Rush,2,2,2,1.0
55,Tuesday,1,10,Midday,1,1,0,0.0
55,Tuesday,1,11,Midday,1,1,1,1.0
55,Tuesday,1,13,Midday,1,1,1,1.0
55,Tuesday,1,14,Midday,3,3,0,0.0
55,Tuesday,1,15,Evening Rush,4,4,1,0.25
55,Tuesday,1,16,Evening Rush,1,1,0,0.0
55,Tuesday,1,17,Evening Rush,6,6,2,0.3333333333333333
55,Tuesday,1,19,Evening,1,1,0,0.0
55,Tuesday,1,20,Evening,1,1,1,1.0
55,Tuesday,1,21,Evening,1,1,1,1.0
55,Tuesday,1,22,Evening,1,1,1,1.0
55,Tuesday,1,23,Evening,1,1,1,1.0
55,Wednesday,2,1,Night,1,1,0,0.0
55,Wednesday,2,6,Morning Rush,1,1,1,1.0
55,Wednesday,2,7,Morning Rush,3,3,1,0.3333333333333333
55,Wednesday,2,8,Morning Rush,4,4,2,0.5
55,Wednesday,2,10,Midday,1,1,1,1.0
55,Wednesday,2,11,Midday,1,1,1,1.0
55,Wednesday,2,12,Midday,1,1,0,0.0
55,Wednesday,2,13,Midday,2,2,0,0.0
55,Wednesday,2,14,Midday,2,2,0,0.0
55,Wednesday,2,15,Evening Rush,4,4,2,0.5
55,Wednesday,2,16,Evening Rush,5,5,2,0.4
55,Wednesday,2,17,Evening Rush,4,4,0,0.0
55,Wednesday,2,18,Evening Rush,2,2,0,0.0
55,Wednesday,2,19,Evening,1,1,1,1.0
56,Friday,4,3,Night,1,1,0,0.0
56,Friday,4,7,Morning Rush,1,1,1,1.0
56,Friday,4,12,Midday,1,1,1,1.0
56,Friday,4,13,Midday,1,1,0,0.0
56,Friday,4,15,Evening Rush,1,1,0,0.0
56,Friday,4,16,Evening Rush,1,1,1,1.0
56,Friday,4,18,Evening Rush,2,2,1,0.5
56,Friday,4,19,Evening,1,1,0,0.0
56,Friday,4,22,Evening,1,1,0,0.0
56,Monday,0,8,Morning Rush,1,1,0,0.0
56,Monday,0,11,Midday,1,1,0,0.0
56,Monday,0,13,Midday,1,1,0,0.0
56,Monday,0,14,Midday,1,1,0,0.0
56,Monday,0,17,Evening Rush,1,1,0,0.0
56,Monday,0,18,Evening Rush,1,1,1,1.0
56,Monday,0,19,Evening,1,1,0,0.0
56,Monday,0,20,Evening,1,1,1,1.0
56,Monday,0,21,Evening,1,1,0,0.0
56,Saturday,5,9,Morning Rush,2,2,0,0.0
56,Saturday,5,10,Midday,1,1,1,1.0
56,Saturday,5,13,Midday,4,4,0,0.0
56,Saturday,5,15,Evening Rush,1,1,1,1.0
56,Saturday,5,16,Evening Rush,1,1,1,1.0
56,Saturday,5,19,Evening,1,1,1,1.0
56,Saturday,5,22,Evening,1,1,0,0.0
56,Sunday,6,10,Midday,1,1,0,0.0
56,Sunday,6,12,Midday,1,1,1,1.0
56,Sunday,6,13,Midday,2,2,1,0.5
56,Sunday,6,14,Midday,2,2,1,0.5
56,Sunday,6,15,Evening Rush,1,1,0,0.0
56,Sunday,6,18,Evening Rush,1,1,0,0.0
56,Sunday,6,22,Evening,1,1,1,1.0
56,Thursday,3,8,Morning Rush,2,2,0,0.0
56,Thursday,3,10,Midday,1,1,1,1.0
56,Thursday,3,11,Midday,1,1,0,0.0
56,Thursday,3,13,Midday,2,2,0,0.0
56,Thursday,3,14,Midday,2,2,2,1.0
56,Thursday,3,15,Evening Rush,1,1,1,1.0
56,Thursday,3,16,Evening Rush,1,1,0,0.0
56,Thursday,3,18,Evening Rush,2,2,0,0.0
56,Tuesday,1,0,Night,1,1,1,1.0
56,Tuesday,1,4,Night,1,1,0,0.0
56,Tuesday,1,7,Morning Rush,1,1,0,0.0
56,Tuesday,1,9,Morning Rush,2,2,2,1.0
56,Tuesday,1,11,Midday,1,1,1,1.0
56,Tuesday,1,15,Evening Rush,1,1,0,0.0
56,Tuesday,1,16,Evening Rush,2,2,0,0.0
56,Tuesday,1,18,Evening Rush,1,1,0,0.0
56,Tuesday,1,19,Evening,1,1,0,0.0
56,Tuesday,1,21,Evening,2,2,1,0.5
56,Wednesday,2,3,Night,1,1,0,0.0
56,Wednesday,2,6,Morning Rush,2,2,2,1.0
56,Wednesday,2,8,Morning Rush,1,1,1,1.0
56,Wednesday,2,9,Morning Rush,1,1,1,1.0
56,Wednesday,2,11,Midday,1,1,0,0.0
56,Wednesday,2,12,Midday,2,2,1,0.5
56,Wednesday,2,13,Midday,2,2,1,0.5
56,Wednesday,2,14,Midday,1,1,1,1.0
56,Wednesday,2,16,Evening Rush,3,3,0,0.0
56,Wednesday,2,17,Evening Rush,1,1,0,0.0
57,Friday,4,4,Night,1,1,1,1.0
57,Friday,4,11,Midday,1,1,1,1.0
57,Friday,4,12,Midday,1,1,0,0.0
57,Friday,4,14,Midday,1,1,1,1.0
57,Friday,4,19,Evening,1,1,0,0.0
57,Friday,4,21,Evening,2,2,0,0.0
57,Friday,4,22,Evening,1,1,1,1.0
57,Monday,0,6,Morning Rush,1,1,0,0.0
57,Monday,0,7,Morning Rush,3,3,0,0.0
57,Monday,0,8,Morning Rush,1,1,1,1.0
57,Monday,0,9,Morning Rush,1,1,0,0.0
57,Monday,0,10,Midday,1,1,0,0.0
57,Monday,0,12,Midday,2,2,0,0.0
57,Monday,0,14,Midday,1,1,0,0.0
57,Monday,0,15,Evening Rush,1,1,0,0.0
57,Monday,0,17,Evening Rush,1,1,0,0.0
57,Monday,0,21,Evening,2,2,1,0.5
57,Saturday,5,0,Night,1,1,0,0.0
57,Saturday,5,4,Night,1,1,0,0.0
57,Saturday,5,9,Morning Rush,1,1,0,0.0
57,Saturday,5,11,Midday,1,1,1,1.0
57,Saturday,5,13,Midday,1,1,1,1.0
57,Saturday,5,15,Evening Rush,1,1,0,0.0
57,Saturday,5,16,Evening Rush,2,2,0,0.0
57,Saturday,5,18,Evening Rush,1,1,0,0.0
57,Saturday,5,19,Evening,1,1,0,0.0
57,Saturday,5,21,Evening,2,2,1,0.5
57,Sunday,6,9,Morning Rush,1,1,0,0.0
57,Sunday,6,11,Midday,1,1,1,1.0
57,Sunday,6,17,Evening Rush,1,1,0,0.0
57,Thursday,3,4,Night,1,1,1,1.0
57,Thursday,3,9,Morning Rush,1,1,0,0.0
57,Thursday,3,10,Midday,1,1,0,0.0
57,Thursday,3,15,Evening Rush,1,1,0,0.0
57,Thursday,3,20,Evening,2,2,1,0.5
57,Tuesday,1,7,Morning Rush,1,1,1,1.0
57,Tuesday,1,11,Midday,1,1,1,1.0
57,Tuesday,1,13,Midday,1,1,1,1.0
57,Tuesday,1,15,Evening Rush,4,4,1,0.25
57,Tuesday,1,18,Evening Rush,3,3,0,0.0
57,Tuesday,1,19,Evening,1,1,1,1.0
57,Tuesday,1,21,Evening,1,1,1,1.0
57,Wednesday,2,2,Night,1,1,1,1.0
57,Wednesday,2,7,Morning Rush,2,2,0,0.0
57,Wednesday,2,8,Morning Rush,1,1,1,1.0
57,Wednesday,2,11,Midday,1,1,0,0.0
57,Wednesday,2,12,Midday,1,1,0,0.0
57,Wednesday,2,17,Evening Rush,2,2,0,0.0
57,Wednesday,2,19,Evening,1,1,1,1.0
57,Wednesday,2,22,Evening,1,1,0,0.0
58,Friday,4,0,Night,1,1,1,1.0
58,Friday,4,6,Morning Rush,1,1,1,1.0
58,Friday,4,8,Morning Rush,1,1,1,1.0
58,Friday,4,10,Midday,1,1,1,1.0
58,Friday,4,14,Midday,1,1,1,1.0
58,Monday,0,9,Morning Rush,1,1,0,0.0
58,Monday,0,22,Evening,1,1,1,1.0
58,Saturday,5,1,Night,1,1,1,1.0
58,Saturday,5,11,Midday,2,2,2,1.0
58,Saturday,5,12,Midday,1,1,1,1.0
58,Saturday,5,13,Midday,1,1,1,1.0
58,Sunday,6,0,Night,1,1,1,1.0
58,Sunday,6,1,Night,1,1,1,1.0
58,Sunday,6,14,Midday,1,1,1,1.0
58,Thursday,3,10,Midday,1,1,0,0.0
58,Thursday,3,12,Midday,1,1,1,1.0
58,Tuesday,1,8,Morning Rush,2,2,0,0.0
58,Tuesday,1,11,Midday,1,1,0,0.0
58,Tuesday,1,23,Evening,1,1,1,1.0
58,Wednesday,2,7,Morning Rush,1,1,0,0.0
58,Wednesday,2,15,Evening Rush,2,2,2,1.0
58,Wednesday,2,16,Evening Rush,1,1,0,0.0
58,Wednesday,2,17,Evening Rush,2,2,1,0.5
58,Wednesday,2,20,Evening,1,1,0,0.0
59,Friday,4,9,Morning Rush,1,1,1,1.0
59,Friday,4,15,Evening Rush,1,1,1,1.0
59,Friday,4,18,Evening Rush,1,1,1,1.0
59,Monday,0,8,Morning Rush,1,1,0,0.0
59,Monday,0,15,Evening Rush,1,1,0,0.0
59,Monday,0,18,Evening Rush,1,1,0,0.0
59,Saturday,5,10,Midday,1,1,1,1.0
59,Saturday,5,13,Midday,1,1,0,0.0
59,Saturday,5,14,Midday,1,1,1,1.0
59,Saturday,5,17,Evening Rush,2,2,1,0.5
59,Saturday,5,18,Evening Rush,1,1,0,0.0
59,Sunday,6,6,Morning Rush,1,1,1,1.0
59,Sunday,6,12,Midday,1,1,1,1.0
59,Sunday,6,13,Midday,1,1,0,0.0
59,Sunday,6,14,Midday,1,1,0,0.0
59,Sunday,6,15,Evening Rush,1,1,0,0.0
59,Sunday,6,18,Evening Rush,1,1,0,0.0
59,Sunday,6,19,Evening,1,1,0,0.0
59,Sunday,6,20,Evening,1,1,0,0.0
59,Sunday,6,21,Evening,2,2,1,0.5
59,Thursday,3,11,Midday,1,1,0,0.0
59,Thursday,3,16,Evening Rush,1,1,1,1.0
59,Thursday,3,18,Evening Rush,2,2,1,0.5
59,Thursday,3,20,Evening,1,1,0,0.0
59,Tuesday,1,15,Evening Rush,1,1,0,0.0
59,Tuesday,1,17,Evening Rush,1,1,0,0.0
59,Wednesday,2,12,Midday,1,1,0,0.0
59,Wednesday,2,15,Evening Rush,1,1,0,0.0
59,Wednesday,2,17,Evening Rush,1,1,0,0.0
59,Wednesday,2,19,Evening,1,1,0,0.0
59,Wednesday,2,20,Evening,1,1,1,1.0
60,Friday,4,6,Morning Rush,1,1,1,1.0
60,Friday,4,7,Morning Rush,1,1,0,0.0
60,Friday,4,10,Midday,1,1,0,0.0
60,Friday,4,13,Midday,1,1,1,1.0
60,Friday,4,14,Midday,4,4,1,0.25
60,Friday,4,15,Evening Rush,2,2,0,0.0
60,Friday,4,16,Evening Rush,4,4,1,0.25
60,Friday,4,17,Evening Rush,3,3,2,0.6666666666666666
60,Friday,4,18,Evening Rush,2,2,1,0.5
60,Friday,4,20,Evening,1,1,1,1.0
60,Friday,4,22,Evening,1,1,1,1.0
60,Monday,0,7,Morning Rush,1,1,0,0.0
60,Monday,0,8,Morning Rush,4,4,3,0.75
60,Monday,0,9,Morning Rush,2,2,1,0.5
60,Monday,0,11,Midday,1,1,0,0.0
60,Monday,0,12,Midday,2,2,1,0.5
60,Monday,0,13,Midday,1,1,0,0.0
60,Monday,0,15,Evening Rush,2,2,1,0.5
60,Monday,0,17,Evening Rush,2,2,1,0.5
60,Monday,0,18,Evening Rush,1,1,0,0.0
60,Monday,0,19,Evening,3,3,3,1.0
60,Saturday,5,0,Night,1,1,0,0.0
60,Saturday,5,10,Midday,2,2,2,1.0
60,Saturday,5,11,Midday,2,2,0,0.0
60,Saturday,5,13,Midday,3,3,0,0.0
60,Saturday,5,14,Midday,2,2,2,1.0
60,Saturday,5,15,Evening Rush,2,2,0,0.0
60,Saturday,5,16,Evening Rush,3,3,2,0.6666666666666666
60,Saturday,5,17,Evening Rush,1,1,0,0.0
60,Saturday,5,18,Evening Rush,1,1,1,1.0
60,Saturday,5,20,Evening,1,1,0,0.0
60,Sunday,6,0,Night,1,1,1,1.0
60,Sunday,6,3,Night,1,1,1,1.0
60,Sunday,6,6,Morning Rush,1,1,0,0.0
60,Sunday,6,9,Morning Rush,2,2,1,0.5
60,Sunday,6,12,Midday,1,1,1,1.0
60,Sunday,6,13,Midday,2,2,1,0.5
60,Sunday,6,14,Midday,1,1,0,0.0
60,Sunday,6,16,Evening Rush,1,1,0,0.0
60,Thursday,3,1,Night,1,1,1,1.0
60,Thursday,3,8,Morning Rush,2,2,1,0.5
60,Thursday,3,9,Morning Rush,1,1,0,0.0
60,Thursday,3,10,Midday,2,2,1,0.5
60,Thursday,3,12,Midday,2,2,1,0.5
60,Thursday,3,14,Midday,1,1,0,0.0
60,Thursday,3,16,Evening Rush,4,4,0,0.0
60,Thursday,3,17,Evening Rush,2,2,0,0.0
60,Thursday,3,18,Evening Rush,3,3,1,0.3333333333333333
60,Tuesday,1,8,Morning Rush,2,2,2,1.0
60,Tuesday,1,10,Midday,2,2,0,0.0
60,Tuesday,1,12,Midday,1,1,1,1.0
60,Tuesday,1,14,Midday,1,1,0,0.0
60,Tuesday,1,15,Evening Rush,2,2,0,0.0
60,Tuesday,1,16,Evening Rush,1,1,0,0.0
60,Tuesday,1,17,Evening Rush,4,4,3,0.75
60,Tuesday,1,18,Evening Rush,1,1,0,0.0
60,Tuesday,1,20,Evening,2,2,1,0.5
60,Wednesday,2,7,Morning Rush,4,4,2,0.5
60,Wednesday,2,8,Morning Rush,1,1,1,1.0
60,Wednesday,2,10,Midday,2,2,0,0.0
60,Wednesday,2,11,Midday,1,1,1,1.0
60,Wednesday,2,13,Midday,1,1,1,1.0
60,Wednesday,2,14,Midday,1,1,1,1.0
60,Wednesday,2,15,Evening Rush,1,1,0,0.0
60,Wednesday,2,16,Evening Rush,3,3,0,0.0
60,Wednesday,2,17,Evening Rush,1,1,0,0.0
60,Wednesday,2,21,Evening,1,1,1,1.0
60,Wednesday,2,22,Evening,1,1,1,1.0
61,Friday,4,9,Morning Rush,1,1,1,1.0
61,Friday,4,13,Midday,1,1,0,0.0
61,Monday,0,3,Night,1,1,0,0.0
61,Monday,0,15,Evening Rush,2,2,1,0.5
61,Monday,0,17,Evening Rush,1,1,0,0.0
61,Monday,0,18,Evening Rush,2,2,0,0.0
61,Saturday,5,4,Night,1,1,0,0.0
61,Saturday,5,12,Midday,1,1,0,0.0
61,Saturday,5,14,Midday,1,1,1,1.0
61,Saturday,5,16,Evening Rush,1,1,0,0.0
61,Saturday,5,19,Evening,1,1,1,1.0
61,Sunday,6,13,Midday,1,1,0,0.0
61,Thursday,3,15,Evening Rush,1,1,0,0.0
61,Tuesday,1,8,Morning Rush,2,2,1,0.5
61,Tuesday,1,9,Morning Rush,2,2,1,0.5
61,Tuesday,1,15,Evening Rush,1,1,0,0.0
61,Tuesday,1,17,Evening Rush,1,1,0,0.0
61,Wednesday,2,8,Morning Rush,1,1,0,0.0
61,Wednesday,2,15,Evening Rush,1,1,0,0.0
61,Wednesday,2,16,Evening Rush,1,1,0,0.0
61,Wednesday,2,17,Evening Rush,1,1,0,0.0
61,Wednesday,2,22,Evening,1,1,0,0.0
62,Friday,4,7,Morning Rush,1,1,0,0.0
62,Friday,4,8,Morning Rush,1,1,0,0.0
62,Friday,4,9,Morning Rush,1,1,0,0.0
62,Friday,4,13,Midday,1,1,0,0.0
62,Friday,4,16,Evening Rush,1,1,0,0.0
62,Friday,4,17,Evening Rush,2,2,0,0.0
62,Friday,4,18,Evening Rush,1,1,1,1.0
62,Friday,4,19,Evening,1,1,0,0.0
62,Monday,0,6,Morning Rush,1,1,1,1.0
62,Monday,0,8,Morning Rush,2,2,0,0.0
62,Monday,0,13,Midday,3,3,0,0.0
62,Monday,0,14,Midday,1,1,0,0.0
62,Monday,0,15,Evening Rush,1,1,1,1.0
62,Monday,0,17,Evening Rush,2,2,1,0.5
62,Monday,0,18,Evening Rush,2,2,2,1.0
62,Monday,0,19,Evening,1,1,0,0.0
62,Saturday,5,10,Midday,1,1,0,0.0
62,Saturday,5,15,Evening Rush,1,1,1,1.0
62,Sunday,6,10,Midday,1,1,1,1.0
62,Sunday,6,13,Midday,1,1,0,0.0
62,Thursday,3,7,Morning Rush,1,1,0,0.0
62,Thursday,3,9,Morning Rush,2,2,2,1.0
62,Thursday,3,12,Midday,1,1,0,0.0
62,Thursday,3,18,Evening Rush,1,1,0,0.0
62,Thursday,3,20,Evening,1,1,0,0.0
62,Tuesday,1,6,Morning Rush,1,1,1,1.0
62,Tuesday,1,8,Morning Rush,1,1,1,1.0
62,Tuesday,1,9,Morning Rush,1,1,1,1.0
62,Tuesday,1,10,Midday,1,1,1,1.0
62,Tuesday,1,12,Midday,3,3,1,0.3333333333333333
62,Tuesday,1,13,Midday,1,1,1,1.0
62,Tuesday,1,17,Evening Rush,1,1,0,0.0
62,Tuesday,1,18,Evening Rush,2,2,0,0.0
62,Tuesday,1,23,Evening,1,1,1,1.0
62,Wednesday,2,7,Morning Rush,1,1,1,1.0
62,Wednesday,2,8,Morning Rush,1,1,0,0.0
62,Wednesday,2,14,Midday,1,1,0,0.0
62,Wednesday,2,15,Evening Rush,1,1,0,0.0
63,Friday,4,5,Night,1,1,0,0.0
63,Friday,4,18,Evening Rush,1,1,1,1.0
63,Monday,0,13,Midday,1,1,1,1.0
63,Monday,0,16,Evening Rush,1,1,0,0.0
63,Monday,0,21,Evening,1,1,0,0.0
63,Saturday,5,17,Evening Rush,2,2,2,1.0
63,Saturday,5,20,Evening,1,1,0,0.0
63,Saturday,5,22,Evening,1,1,0,0.0
63,Saturday,5,23,Evening,1,1,0,0.0
63,Sunday,6,14,Midday,1,1,0,0.0
63,Thursday,3,18,Evening Rush,1,1,0,0.0
63,Tuesday,1,7,Morning Rush,2,2,0,0.0
63,Tuesday,1,15,Evening Rush,2,2,0,0.0
63,Tuesday,1,23,Evening,1,1,0,0.0
63,Wednesday,2,2,Night,1,1,0,0.0
63,Wednesday,2,7,Morning Rush,1,1,1,1.0
63,Wednesday,2,10,Midday,1,1,0,0.0
63,Wednesday,2,15,Evening Rush,1,1,1,1.0
63,Wednesday,2,16,Evening Rush,1,1,0,0.0
64,Friday,4,9,Morning Rush,1,1,1,1.0
64,Friday,4,18,Evening Rush,1,1,1,1.0
64,Friday,4,20,Evening,1,1,0,0.0
64,Friday,4,21,Evening,1,1,0,0.0
64,Monday,0,6,Morning Rush,1,1,1,1.0
64,Saturday,5,8,Morning Rush,1,1,0,0.0
64,Saturday,5,12,Midday,1,1,1,1.0
64,Saturday,5,15,Evening Rush,1,1,0,0.0
64,Saturday,5,17,Evening Rush,1,1,0,0.0
64,Saturday,5,18,Evening Rush,1,1,1,1.0
64,Saturday,5,22,Evening,1,1,0,0.0
64,Sunday,6,1,Night,1,1,0,0.0
64,Sunday,6,15,Evening Rush,2,2,0,0.0
64,Thursday,3,12,Midday,1,1,1,1.0
64,Thursday,3,18,Evening Rush,1,1,1,1.0
64,Thursday,3,19,Evening,1,1,1,1.0
64,Tuesday,1,9,Morning Rush,1,1,1,1.0
64,Tuesday,1,10,Midday,1,1,1,1.0
64,Tuesday,1,11,Midday,1,1,1,1.0
64,Tuesday,1,17,Evening Rush,1,1,0,0.0
64,Wednesday,2,12,Midday,1,1,1,1.0
64,Wednesday,2,14,Midday,2,2,0,0.0
64,Wednesday,2,18,Evening Rush,2,2,1,0.5
65,Friday,4,7,Morning Rush,1,1,1,1.0
65,Friday,4,9,Morning Rush,2,2,2,1.0
65,Friday,4,14,Midday,1,1,0,0.0
65,Friday,4,15,Evening Rush,1,1,1,1.0
65,Friday,4,16,Evening Rush,2,2,2,1.0
65,Friday,4,18,Evening Rush,1,1,1,1.0
65,Friday,4,23,Evening,1,1,0,0.0
65,Monday,0,8,Morning Rush,1,1,1,1.0
65,Monday,0,9,Morning Rush,1,1,1,1.0
65,Monday,0,10,Midday,1,1,0,0.0
65,Monday,0,11,Midday,1,1,0,0.0
65,Monday,0,14,Midday,1,1,0,0.0
65,Monday,0,16,Evening Rush,1,1,1,1.0
65,Monday,0,17,Evening Rush,1,1,1,1.0
65,Monday,0,21,Evening,1,1,0,0.0
65,Saturday,5,1,Night,1,1,1,1.0
65,Saturday,5,5,Night,1,1,0,0.0
65,Saturday,5,9,Morning Rush,1,1,1,1.0
65,Saturday,5,13,Midday,2,2,1,0.5
65,Saturday,5,14,Midday,1,1,1,1.0
65,Saturday,5,15,Evening Rush,1,1,0,0.0
65,Saturday,5,17,Evening Rush,1,1,0,0.0
65,Saturday,5,18,Evening Rush,3,3,1,0.3333333333333333
65,Saturday,5,19,Evening,1,1,0,0.0
65,Sunday,6,2,Night,1,1,1,1.0
65,Sunday,6,3,Night,1,1,0,0.0
65,Sunday,6,8,Morning Rush,1,1,1,1.0
65,Sunday,6,13,Midday,2,2,1,0.5
65,Sunday,6,23,Evening,2,2,1,0.5
65,Thursday,3,0,Night,1,1,1,1.0
65,Thursday,3,6,Morning Rush,1,1,1,1.0
65,Thursday,3,7,Morning Rush,1,1,0,0.0
65,Thursday,3,8,Morning Rush,2,2,1,0.5
65,Thursday,3,13,Midday,1,1,1,1.0
65,Thursday,3,14,Midday,1,1,0,0.0
65,Thursday,3,18,Evening Rush,1,1,1,1.0
65,Tuesday,1,1,Night,1,1,0,0.0
65,Tuesday,1,6,Morning Rush,2,2,0,0.0
65,Tuesday,1,7,Morning Rush,1,1,1,1.0
65,Tuesday,1,9,Morning Rush,4,4,2,0.5
65,Tuesday,1,10,Midday,1,1,1,1.0
65,Tuesday,1,11,Midday,1,1,0,0.0
65,Tuesday,1,14,Midday,1,1,0,0.0
65,Tuesday,1,18,Evening Rush,3,3,1,0.3333333333333333
65,Tuesday,1,20,Evening,1,1,0,0.0
65,Wednesday,2,7,Morning Rush,1,1,1,1.0
65,Wednesday,2,8,Morning Rush,1,1,0,0.0
65,Wednesday,2,9,Morning Rush,1,1,0,0.0
65,Wednesday,2,10,Midday,3,3,1,0.3333333333333333
65,Wednesday,2,13,Midday,1,1,1,1.0
65,Wednesday,2,14,Midday,1,1,1,1.0
65,Wednesday,2,15,Evening Rush,3,3,3,1.0
65,Wednesday,2,17,Evening Rush,3,3,1,0.3333333333333333
65,Wednesday,2,22,Evening,2,2,0,0.0
66,Friday,4,4,Night,2,2,0,0.0
66,Friday,4,5,Night,1,1,1,1.0
66,Friday,4,6,Morning Rush,3,3,2,0.6666666666666666
66,Friday,4,7,Morning Rush,4,4,3,0.75
66,Friday,4,8,Morning Rush,1,1,1,1.0
66,Friday,4,9,Morning Rush,1,1,1,1.0
66,Friday,4,10,Midday,1,1,1,1.0
66,Friday,4,11,Midday,3,3,1,0.3333333333333333
66,Friday,4,12,Midday,4,4,2,0.5
66,Friday,4,13,Midday,1,1,0,0.0
66,Friday,4,14,Midday,1,1,0,0.0
66,Friday,4,15,Evening Rush,4,4,2,0.5
66,Friday,4,16,Evening Rush,2,2,1,0.5
66,Friday,4,17,Evening Rush,1,1,0,0.0
66,Friday,4,18,Evening Rush,2,2,0,0.0
66,Friday,4,21,Evening,2,2,0,0.0
66,Friday,4,23,Evening,3,3,1,0.3333333333333333
66,Monday,0,1,Night,2,2,2,1.0
66,Monday,0,2,Night,1,1,1,1.0
66,Monday,0,5,Night,1,1,1,1.0
66,Monday,0,6,Morning Rush,4,4,3,0.75
66,Monday,0,7,Morning Rush,6,6,4,0.6666666666666666
66,Monday,0,8,Morning Rush,2,2,0,0.0
66,Monday,0,10,Midday,2,2,1,0.5
66,Monday,0,11,Midday,1,1,1,1.0
66,Monday,0,12,Midday,1,1,0,0.0
66,Monday,0,13,Midday,3,3,2,0.6666666666666666
66,Monday,0,14,Midday,3,3,0,0.0
66,Monday,0,15,Evening Rush,6,6,3,0.5
66,Monday,0,16,Evening Rush,6,6,2,0.3333333333333333
66,Monday,0,17,Evening Rush,5,5,3,0.6
66,Monday,0,18,Evening Rush,2,2,2,1.0
66,Monday,0,19,Evening,6,6,4,0.6666666666666666
66,Monday,0,20,Evening,2,2,1,0.5
66,Monday,0,23,Evening,2,2,1,0.5
66,Saturday,5,0,Night,1,1,0,0.0
66,Saturday,5,1,Night,3,3,0,0.0
66,Saturday,5,2,Night,1,1,0,0.0
66,Saturday,5,7,Morning Rush,1,1,1,1.0
66,Saturday,5,8,Morning Rush,1,1,1,1.0
66,Saturday,5,10,Midday,1,1,1,1.0
66,Saturday,5,11,Midday,2,2,1,0.5
66,Saturday,5,13,Midday,3,3,2,0.6666666666666666
66,Saturday,5,14,Midday,3,3,3,1.0
66,Saturday,5,15,Evening Rush,1,1,1,1.0
66,Saturday,5,17,Evening Rush,1,1,1,1.0
66,Saturday,5,18,Evening Rush,1,1,1,1.0
66,Saturday,5,20,Evening,1,1,1,1.0
66,Saturday,5,21,Evening,1,1,0,0.0
66,Saturday,5,22,Evening,2,2,1,0.5
66,Sunday,6,0,Night,4,4,2,0.5
66,Sunday,6,1,Night,2,2,2,1.0
66,Sunday,6,2,Night,3,3,2,0.6666666666666666
66,Sunday,6,3,Night,1,1,0,0.0
66,Sunday,6,9,Morning Rush,1,1,1,1.0
66,Sunday,6,11,Midday,1,1,0,0.0
66,Sunday,6,12,Midday,3,3,1,0.3333333333333333
66,Sunday,6,13,Midday,1,1,0,0.0
66,Sunday,6,14,Midday,2,2,1,0.5
66,Sunday,6,15,Evening Rush,1,1,0,0.0
66,Sunday,6,16,Evening Rush,3,3,0,0.0
66,Sunday,6,17,Evening Rush,1,1,0,0.0
66,Sunday,6,18,Evening Rush,2,2,2,1.0
66,Sunday,6,21,Evening,2,2,1,0.5
66,Sunday,6,22,Evening,1,1,0,0.0
66,Sunday,6,23,Evening,1,1,0,0.0
66,Thursday,3,3,Night,1,1,0,0.0
66,Thursday,3,5,Night,1,1,0,0.0
66,Thursday,3,6,Morning Rush,1,1,0,0.0
66,Thursday,3,7,Morning Rush,2,2,1,0.5
66,Thursday,3,8,Morning Rush,4,4,1,0.25
66,Thursday,3,9,Morning Rush,2,2,2,1.0
66,Thursday,3,10,Midday,3,3,3,1.0
66,Thursday,3,11,Midday,1,1,0,0.0
66,Thursday,3,12,Midday,3,3,0,0.0
66,Thursday,3,14,Midday,2,2,1,0.5
66,Thursday,3,15,Evening Rush,4,4,3,0.75
66,Thursday,3,16,Evening Rush,5,5,1,0.2
66,Thursday,3,17,Evening Rush,5,5,1,0.2
66,Thursday,3,18,Evening Rush,2,2,1,0.5
66,Thursday,3,19,Evening,2,2,0,0.0
66,Thursday,3,20,Evening,1,1,0,0.0
66,Thursday,3,21,Evening,2,2,0,0.0
66,Thursday,3,22,Evening,3,3,3,1.0
66,Thursday,3,23,Evening,2,2,1,0.5
66,Tuesday,1,0,Night,1,1,1,1.0
66,Tuesday,1,1,Night,1,1,1,1.0
66,Tuesday,1,3,Night,1,1,1,1.0
66,Tuesday,1,5,Night,1,1,1,1.0
66,Tuesday,1,7,Morning Rush,8,8,3,0.375
66,Tuesday,1,8,Morning Rush,2,2,2,1.0
66,Tuesday,1,9,Morning Rush,4,4,2,0.5
66,Tuesday,1,10,Midday,4,4,1,0.25
66,Tuesday,1,11,Midday,2,2,2,1.0
66,Tuesday,1,14,Midday,1,1,0,0.0
66,Tuesday,1,15,Evening Rush,1,1,1,1.0
66,Tuesday,1,16,Evening Rush,2,2,1,0.5
66,Tuesday,1,17,Evening Rush,1,1,0,0.0
66,Tuesday,1,18,Evening Rush,4,4,1,0.25
66,Tuesday,1,19,Evening,7,7,2,0.2857142857142857
66,Tuesday,1,22,Evening,3,3,1,0.3333333333333333
66,Tuesday,1,23,Evening,2,2,1,0.5
66,Wednesday,2,1,Night,1,1,0,0.0
66,Wednesday,2,5,Night,1,1,1,1.0
66,Wednesday,2,6,Morning Rush,1,1,1,1.0
66,Wednesday,2,7,Morning Rush,4,4,4,1.0
66,Wednesday,2,8,Morning Rush,4,4,3,0.75
66,Wednesday,2,11,Midday,3,3,1,0.3333333333333333
66,Wednesday,2,12,Midday,4,4,2,0.5
66,Wednesday,2,13,Midday,3,3,0,0.0
66,Wednesday,2,15,Evening Rush,4,4,1,0.25
66,Wednesday,2,16,Evening Rush,3,3,1,0.3333333333333333
66,Wednesday,2,17,Evening Rush,5,5,1,0.2
66,Wednesday,2,18,Evening Rush,4,4,1,0.25
66,Wednesday,2,20,Evening,1,1,0,0.0
66,Wednesday,2,21,Evening,1,1,0,0.0
67,Friday,4,9,Morning Rush,1,1,0,0.0
67,Friday,4,11,Midday,1,1,1,1.0
67,Monday,0,9,Morning Rush,1,1,0,0.0
67,Monday,0,14,Midday,1,1,1,1.0
67,Monday,0,20,Evening,2,2,2,1.0
67,Monday,0,21,Evening,1,1,1,1.0
67,Saturday,5,4,Night,1,1,0,0.0
67,Saturday,5,11,Midday,2,2,0,0.0
67,Saturday,5,12,Midday,1,1,1,1.0
67,Saturday,5,13,Midday,1,1,1,1.0
67,Saturday,5,18,Evening Rush,1,1,1,1.0
67,Saturday,5,20,Evening,1,1,1,1.0
67,Sunday,6,5,Night,1,1,0,0.0
67,Sunday,6,6,Morning Rush,1,1,1,1.0
67,Sunday,6,9,Morning Rush,1,1,0,0.0
67,Thursday,3,1,Night,1,1,1,1.0
67,Thursday,3,8,Morning Rush,1,1,1,1.0
67,Thursday,3,14,Midday,1,1,0,0.0
67,Thursday,3,18,Evening Rush,1,1,1,1.0
67,Thursday,3,19,Evening,1,1,1,1.0
67,Thursday,3,22,Evening,1,1,1,1.0
67,Tuesday,1,2,Night,1,1,1,1.0
67,Tuesday,1,4,Night,1,1,0,0.0
67,Tuesday,1,21,Evening,1,1,0,0.0
67,Wednesday,2,4,Night,1,1,1,1.0
67,Wednesday,2,7,Morning Rush,1,1,0,0.0
68,Friday,4,2,Night,2,2,2,1.0
68,Friday,4,7,Morning Rush,4,4,4,1.0
68,Friday,4,8,Morning Rush,4,4,2,0.5
68,Friday,4,9,Morning Rush,1,1,0,0.0
68,Friday,4,11,Midday,2,2,1,0.5
68,Friday,4,12,Midday,1,1,1,1.0
68,Friday,4,13,Midday,2,2,0,0.0
68,Friday,4,14,Midday,3,3,0,0.0
68,Friday,4,15,Evening Rush,2,2,1,0.5
68,Friday,4,16,Evening Rush,5,5,0,0.0
68,Friday,4,17,Evening Rush,2,2,1,0.5
68,Friday,4,18,Evening Rush,2,2,2,1.0
68,Friday,4,19,Evening,1,1,0,0.0
68,Monday,0,7,Morning Rush,1,1,0,0.0
68,Monday,0,10,Midday,1,1,0,0.0
68,Monday,0,11,Midday,3,3,0,0.0
68,Monday,0,15,Evening Rush,2,2,1,0.5
68,Monday,0,16,Evening Rush,4,4,0,0.0
68,Monday,0,17,Evening Rush,4,4,0,0.0
68,Monday,0,18,Evening Rush,1,1,0,0.0
68,Monday,0,19,Evening,1,1,0,0.0
68,Monday,0,20,Evening,1,1,0,0.0
68,Saturday,5,3,Night,1,1,0,0.0
68,Saturday,5,4,Night,1,1,0,0.0
68,Saturday,5,5,Night,1,1,0,0.0
68,Saturday,5,12,Midday,1,1,1,1.0
68,Saturday,5,13,Midday,1,1,1,1.0
68,Saturday,5,14,Midday,2,2,0,0.0
68,Saturday,5,15,Evening Rush,2,2,2,1.0
68,Saturday,5,16,Evening Rush,2,2,1,0.5
68,Saturday,5,17,Evening Rush,1,1,1,1.0
68,Saturday,5,18,Evening Rush,5,5,3,0.6
68,Saturday,5,21,Evening,1,1,0,0.0
68,Saturday,5,23,Evening,1,1,0,0.0
68,Sunday,6,2,Night,1,1,0,0.0
68,Sunday,6,3,Night,1,1,1,1.0
68,Sunday,6,4,Night,1,1,1,1.0
68,Sunday,6,9,Morning Rush,1,1,0,0.0
68,Sunday,6,10,Midday,2,2,1,0.5
68,Sunday,6,11,Midday,2,2,1,0.5
68,Sunday,6,12,Midday,1,1,1,1.0
68,Sunday,6,16,Evening Rush,1,1,1,1.0
68,Sunday,6,17,Evening Rush,1,1,1,1.0
68,Thursday,3,4,Night,1,1,0,0.0
68,Thursday,3,6,Morning Rush,1,1,0,0.0
68,Thursday,3,7,Morning Rush,4,4,3,0.75
68,Thursday,3,8,Morning Rush,1,1,0,0.0
68,Thursday,3,9,Morning Rush,3,3,1,0.3333333333333333
68,Thursday,3,13,Midday,1,1,0,0.0
68,Thursday,3,14,Midday,4,4,3,0.75
68,Thursday,3,15,Evening Rush,4,4,0,0.0
68,Thursday,3,16,Evening Rush,6,6,2,0.3333333333333333
68,Thursday,3,17,Evening Rush,3,3,3,1.0
68,Thursday,3,19,Evening,2,2,1,0.5
68,Thursday,3,20,Evening,1,1,1,1.0
68,Tuesday,1,5,Night,1,1,0,0.0
68,Tuesday,1,6,Morning Rush,3,3,0,0.0
68,Tuesday,1,7,Morning Rush,2,2,2,1.0
68,Tuesday,1,9,Morning Rush,3,3,0,0.0
68,Tuesday,1,10,Midday,3,3,3,1.0
68,Tuesday,1,11,Midday,1,1,1,1.0
68,Tuesday,1,12,Midday,1,1,0,0.0
68,Tuesday,1,14,Midday,3,3,0,0.0
68,Tuesday,1,15,Evening Rush,4,4,1,0.25
68,Tuesday,1,16,Evening Rush,2,2,1,0.5
68,Tuesday,1,17,Evening Rush,1,1,0,0.0
68,Tuesday,1,18,Evening Rush,2,2,0,0.0
68,Tuesday,1,19,Evening,1,1,1,1.0
68,Tuesday,1,20,Evening,1,1,1,1.0
68,Wednesday,2,0,Night,1,1,1,1.0
68,Wednesday,2,7,Morning Rush,3,3,2,0.6666666666666666
68,Wednesday,2,8,Morning Rush,2,2,2,1.0
68,Wednesday,2,9,Morning Rush,2,2,0,0.0
68,Wednesday,2,11,Midday,1,1,0,0.0
68,Wednesday,2,13,Midday,1,1,0,0.0
68,Wednesday,2,14,Midday,6,6,0,0.0
68,Wednesday,2,15,Evening Rush,5,5,0,0.0
68,Wednesday,2,16,Evening Rush,1,1,1,1.0
68,Wednesday,2,17,Evening Rush,2,2,1,0.5
68,Wednesday,2,18,Evening Rush,1,1,1,1.0
68,Wednesday,2,19,Evening,1,1,0,0.0
68,Wednesday,2,20,Evening,2,2,0,0.0
68,Wednesday,2,21,Evening,2,2,2,1.0
69,Friday,4,2,Night,1,1,1,1.0
69,Friday,4,7,Morning Rush,5,5,3,0.6
69,Friday,4,8,Morning Rush,1,1,1,1.0
69,Friday,4,9,Morning Rush,3,3,1,0.3333333333333333
69,Friday,4,10,Midday,1,1,1,1.0
69,Friday,4,11,Midday,2,2,1,0.5
69,Friday,4,14,Midday,1,1,0,0.0
69,Friday,4,15,Evening Rush,5,5,2,0.4
69,Friday,4,16,Evening Rush,2,2,0,0.0
69,Friday,4,17,Evening Rush,1,1,0,0.0
69,Friday,4,18,Evening Rush,4,4,0,0.0
69,Friday,4,19,Evening,1,1,1,1.0
69,Friday,4,21,Evening,1,1,1,1.0
69,Friday,4,23,Evening,1,1,0,0.0
69,Monday,0,6,Morning Rush,2,2,1,0.5
69,Monday,0,9,Morning Rush,2,2,2,1.0
69,Monday,0,11,Midday,2,2,2,1.0
69,Monday,0,13,Midday,1,1,1,1.0
69,Monday,0,14,Midday,1,1,0,0.0
69,Monday,0,16,Evening Rush,1,1,0,0.0
69,Monday,0,17,Evening Rush,2,2,0,0.0
69,Monday,0,18,Evening Rush,1,1,0,0.0
69,Monday,0,19,Evening,1,1,1,1.0
69,Monday,0,20,Evening,1,1,0,0.0
69,Monday,0,21,Evening,1,1,1,1.0
69,Saturday,5,0,Night,1,1,0,0.0
69,Saturday,5,1,Night,1,1,1,1.0
69,Saturday,5,2,Night,1,1,1,1.0
69,Saturday,5,4,Night,2,2,0,0.0
69,Saturday,5,6,Morning Rush,1,1,1,1.0
69,Saturday,5,7,Morning Rush,1,1,1,1.0
69,Saturday,5,10,Midday,3,3,2,0.6666666666666666
69,Saturday,5,11,Midday,1,1,1,1.0
69,Saturday,5,12,Midday,1,1,1,1.0
69,Saturday,5,13,Midday,1,1,1,1.0
69,Saturday,5,15,Evening Rush,2,2,0,0.0
69,Saturday,5,16,Evening Rush,1,1,0,0.0
69,Saturday,5,19,Evening,2,2,1,0.5
69,Saturday,5,20,Evening,3,3,1,0.3333333333333333
69,Saturday,5,23,Evening,1,1,1,1.0
69,Sunday,6,2,Night,1,1,0,0.0
69,Sunday,6,6,Morning Rush,1,1,1,1.0
69,Sunday,6,7,Morning Rush,1,1,0,0.0
69,Sunday,6,8,Morning Rush,1,1,1,1.0
69,Sunday,6,10,Midday,5,5,5,1.0
69,Sunday,6,13,Midday,1,1,1,1.0
69,Sunday,6,15,Evening Rush,1,1,1,1.0
69,Sunday,6,16,Evening Rush,1,1,0,0.0
69,Thursday,3,1,Night,1,1,1,1.0
69,Thursday,3,6,Morning Rush,1,1,1,1.0
69,Thursday,3,7,Morning Rush,1,1,1,1.0
69,Thursday,3,8,Morning Rush,2,2,0,0.0
69,Thursday,3,9,Morning Rush,2,2,0,0.0
69,Thursday,3,10,Midday,2,2,1,0.5
69,Thursday,3,11,Midday,2,2,1,0.5
69,Thursday,3,12,Midday,3,3,1,0.3333333333333333
69,Thursday,3,14,Midday,2,2,0,0.0
69,Thursday,3,15,Evening Rush,1,1,0,0.0
69,Thursday,3,16,Evening Rush,1,1,0,0.0
69,Thursday,3,17,Evening Rush,2,2,1,0.5
69,Thursday,3,18,Evening Rush,1,1,1,1.0
69,Thursday,3,19,Evening,2,2,0,0.0
69,Thursday,3,21,Evening,4,4,2,0.5
69,Thursday,3,22,Evening,1,1,0,0.0
69,Thursday,3,23,Evening,1,1,1,1.0
69,Tuesday,1,6,Morning Rush,2,2,2,1.0
69,Tuesday,1,7,Morning Rush,3,3,3,1.0
69,Tuesday,1,8,Morning Rush,1,1,1,1.0
69,Tuesday,1,9,Morning Rush,1,1,1,1.0
69,Tuesday,1,10,Midday,2,2,1,0.5
69,Tuesday,1,11,Midday,1,1,0,0.0
69,Tuesday,1,12,Midday,1,1,0,0.0
69,Tuesday,1,14,Midday,1,1,1,1.0
69,Tuesday,1,16,Evening Rush,1,1,1,1.0
69,Tuesday,1,18,Evening Rush,4,4,2,0.5
69,Tuesday,1,19,Evening,1,1,1,1.0
69,Tuesday,1,21,Evening,1,1,1,1.0
69,Tuesday,1,22,Evening,1,1,1,1.0
69,Tuesday,1,23,Evening,1,1,1,1.0
69,Wednesday,2,5,Night,1,1,1,1.0
69,Wednesday,2,6,Morning Rush,3,3,3,1.0
69,Wednesday,2,7,Morning Rush,4,4,4,1.0
69,Wednesday,2,8,Morning Rush,4,4,3,0.75
69,Wednesday,2,9,Morning Rush,2,2,2,1.0
69,Wednesday,2,10,Midday,1,1,0,0.0
69,Wednesday,2,11,Midday,1,1,0,0.0
69,Wednesday,2,12,Midday,1,1,0,0.0
69,Wednesday,2,13,Midday,2,2,2,1.0
69,Wednesday,2,14,Midday,1,1,1,1.0
69,Wednesday,2,15,Evening Rush,1,1,1,1.0
69,Wednesday,2,16,Evening Rush,2,2,1,0.5
69,Wednesday,2,17,Evening Rush,1,1,0,0.0
69,Wednesday,2,18,Evening Rush,2,2,1,0.5
69,Wednesday,2,19,Evening,1,1,1,1.0
69,Wednesday,2,20,Evening,1,1,1,1.0
69,Wednesday,2,22,Evening,1,1,1,1.0
69,Wednesday,2,23,Evening,1,1,1,1.0
70,Friday,4,7,Morning Rush,1,1,1,1.0
70,Friday,4,11,Midday,1,1,0,0.0
70,Friday,4,12,Midday,3,3,2,0.6666666666666666
70,Friday,4,14,Midday,1,1,0,0.0
70,Friday,4,15,Evening Rush,2,2,1,0.5
70,Friday,4,16,Evening Rush,4,4,0,0.0
70,Friday,4,17,Evening Rush,9,9,3,0.3333333333333333
70,Friday,4,18,Evening Rush,4,4,0,0.0
70,Friday,4,19,Evening,3,3,2,0.6666666666666666
70,Friday,4,20,Evening,2,2,0,0.0
70,Friday,4,22,Evening,1,1,1,1.0
70,Monday,0,5,Night,1,1,0,0.0
70,Monday,0,7,Morning Rush,1,1,0,0.0
70,Monday,0,8,Morning Rush,1,1,1,1.0
70,Monday,0,9,Morning Rush,1,1,0,0.0
70,Monday,0,11,Midday,1,1,1,1.0
70,Monday,0,14,Midday,1,1,1,1.0
70,Monday,0,15,Evening Rush,4,4,2,0.5
70,Monday,0,16,Evening Rush,2,2,0,0.0
70,Monday,0,17,Evening Rush,9,9,2,0.2222222222222222
70,Monday,0,18,Evening Rush,2,2,1,0.5
70,Monday,0,19,Evening,2,2,0,0.0
70,Monday,0,20,Evening,2,2,1,0.5
70,Saturday,5,5,Night,1,1,0,0.0
70,Saturday,5,8,Morning Rush,1,1,1,1.0
70,Saturday,5,10,Midday,2,2,1,0.5
70,Saturday,5,11,Midday,4,4,3,0.75
70,Saturday,5,12,Midday,1,1,1,1.0
70,Saturday,5,13,Midday,1,1,0,0.0
70,Saturday,5,14,Midday,3,3,0,0.0
70,Saturday,5,17,Evening Rush,2,2,1,0.5
70,Saturday,5,18,Evening Rush,1,1,1,1.0
70,Saturday,5,19,Evening,1,1,0,0.0
70,Saturday,5,20,Evening,1,1,1,1.0
70,Saturday,5,22,Evening,2,2,0,0.0
70,Saturday,5,23,Evening,1,1,0,0.0
70,Sunday,6,0,Night,1,1,0,0.0
70,Sunday,6,2,Night,2,2,1,0.5
70,Sunday,6,9,Morning Rush,1,1,1,1.0
70,Sunday,6,10,Midday,2,2,1,0.5
70,Sunday,6,11,Midday,1,1,0,0.0
70,Sunday,6,12,Midday,1,1,0,0.0
70,Sunday,6,14,Midday,1,1,0,0.0
70,Sunday,6,15,Evening Rush,1,1,0,0.0
70,Sunday,6,16,Evening Rush,1,1,0,0.0
70,Sunday,6,22,Evening,1,1,1,1.0
70,Thursday,3,6,Morning Rush,1,1,1,1.0
70,Thursday,3,8,Morning Rush,1,1,1,1.0
70,Thursday,3,9,Morning Rush,2,2,0,0.0
70,Thursday,3,10,Midday,1,1,1,1.0
70,Thursday,3,12,Midday,1,1,0,0.0
70,Thursday,3,13,Midday,1,1,0,0.0
70,Thursday,3,15,Evening Rush,1,1,1,1.0
70,Thursday,3,16,Evening Rush,3,3,0,0.0
70,Thursday,3,17,Evening Rush,4,4,1,0.25
70,Thursday,3,18,Evening Rush,1,1,1,1.0
70,Thursday,3,20,Evening,2,2,0,0.0
70,Thursday,3,21,Evening,1,1,0,0.0
70,Thursday,3,23,Evening,2,2,0,0.0
70,Tuesday,1,6,Morning Rush,2,2,0,0.0
70,Tuesday,1,7,Morning Rush,1,1,1,1.0
70,Tuesday,1,10,Midday,1,1,0,0.0
70,Tuesday,1,13,Midday,3,3,1,0.3333333333333333
70,Tuesday,1,14,Midday,1,1,0,0.0
70,Tuesday,1,15,Evening Rush,2,2,0,0.0
70,Tuesday,1,16,Evening Rush,2,2,0,0.0
70,Tuesday,1,17,Evening Rush,8,8,4,0.5
70,Tuesday,1,18,Evening Rush,4,4,2,0.5
70,Tuesday,1,21,Evening,1,1,1,1.0
70,Tuesday,1,22,Evening,3,3,0,0.0
70,Wednesday,2,5,Night,1,1,1,1.0
70,Wednesday,2,6,Morning Rush,1,1,1,1.0
70,Wednesday,2,8,Morning Rush,1,1,1,1.0
70,Wednesday,2,9,Morning Rush,1,1,1,1.0
70,Wednesday,2,11,Midday,1,1,1,1.0
70,Wednesday,2,12,Midday,1,1,1,1.0
70,Wednesday,2,13,Midday,2,2,0,0.0
70,Wednesday,2,14,Midday,1,1,0,0.0
70,Wednesday,2,15,Evening Rush,1,1,0,0.0
70,Wednesday,2,16,Evening Rush,7,7,2,0.2857142857142857
70,Wednesday,2,17,Evening Rush,6,6,3,0.5
70,Wednesday,2,18,Evening Rush,1,1,1,1.0
70,Wednesday,2,19,Evening,3,3,2,0.6666666666666666
70,Wednesday,2,21,Evening,2,2,1,0.5
71,Friday,4,1,Night,1,1,1,1.0
71,Friday,4,8,Morning Rush,3,3,1,0.3333333333333333
71,Friday,4,10,Midday,1,1,0,0.0
71,Friday,4,11,Midday,1,1,0,0.0
71,Friday,4,15,Evening Rush,1,1,0,0.0
71,Friday,4,17,Evening Rush,2,2,1,0.5
71,Friday,4,18,Evening Rush,1,1,0,0.0
71,Friday,4,21,Evening,1,1,0,0.0
71,Monday,0,7,Morning Rush,2,2,2,1.0
71,Monday,0,12,Midday,1,1,0,0.0
71,Monday,0,15,Evening Rush,1,1,1,1.0
71,Monday,0,16,Evening Rush,3,3,1,0.3333333333333333
71,Monday,0,22,Evening,1,1,1,1.0
71,Saturday,5,0,Night,2,2,2,1.0
71,Saturday,5,8,Morning Rush,1,1,1,1.0
71,Saturday,5,9,Morning Rush,1,1,1,1.0
71,Saturday,5,12,Midday,1,1,1,1.0
71,Saturday,5,15,Evening Rush,1,1,0,0.0
71,Saturday,5,19,Evening,1,1,1,1.0
71,Saturday,5,22,Evening,2,2,0,0.0
71,Saturday,5,23,Evening,1,1,1,1.0
71,Sunday,6,14,Midday,1,1,0,0.0
71,Sunday,6,16,Evening Rush,1,1,1,1.0
71,Sunday,6,20,Evening,1,1,0,0.0
71,Sunday,6,23,Evening,1,1,0,0.0
71,Thursday,3,1,Night,1,1,1,1.0
71,Thursday,3,8,Morning Rush,1,1,0,0.0
71,Thursday,3,12,Midday,1,1,0,0.0
71,Thursday,3,15,Evening Rush,1,1,1,1.0
71,Thursday,3,18,Evening Rush,1,1,0,0.0
71,Tuesday,1,6,Morning Rush,1,1,1,1.0
71,Tuesday,1,7,Morning Rush,3,3,2,0.6666666666666666
71,Tuesday,1,9,Morning Rush,2,2,1,0.5
71,Tuesday,1,10,Midday,1,1,0,0.0
71,Tuesday,1,11,Midday,2,2,0,0.0
71,Tuesday,1,12,Midday,1,1,1,1.0
71,Tuesday,1,16,Evening Rush,1,1,1,1.0
71,Tuesday,1,17,Evening Rush,3,3,2,0.6666666666666666
71,Tuesday,1,19,Evening,2,2,0,0.0
71,Wednesday,2,1,Night,1,1,0,0.0
71,Wednesday,2,6,Morning Rush,1,1,1,1.0
71,Wednesday,2,7,Morning Rush,1,1,0,0.0
71,Wednesday,2,9,Morning Rush,2,2,2,1.0
71,Wednesday,2,10,Midday,1,1,0,0.0
71,Wednesday,2,11,Midday,1,1,1,1.0
71,Wednesday,2,12,Midday,1,1,1,1.0
71,Wednesday,2,14,Midday,1,1,1,1.0
71,Wednesday,2,17,Evening Rush,1,1,0,0.0
71,Wednesday,2,19,Evening,2,2,0,0.0
72,Friday,4,6,Morning Rush,4,4,2,0.5
72,Friday,4,7,Morning Rush,2,2,2,1.0
72,Friday,4,8,Morning Rush,4,4,3,0.75
72,Friday,4,9,Morning Rush,3,3,1,0.3333333333333333
72,Friday,4,10,Midday,5,5,2,0.4
72,Friday,4,11,Midday,6,6,3,0.5
72,Friday,4,12,Midday,4,4,0,0.0
72,Friday,4,13,Midday,1,1,0,0.0
72,Friday,4,14,Midday,7,7,0,0.0
72,Friday,4,15,Evening Rush,5,5,2,0.4
72,Friday,4,16,Evening Rush,7,7,3,0.42857142857142855
72,Friday,4,17,Evening Rush,7,7,0,0.0
72,Friday,4,18,Evening Rush,2,2,1,0.5
72,Friday,4,19,Evening,1,1,1,1.0
72,Friday,4,20,Evening,1,1,0,0.0
72,Friday,4,22,Evening,2,2,1,0.5
72,Monday,0,6,Morning Rush,1,1,0,0.0
72,Monday,0,7,Morning Rush,2,2,1,0.5
72,Monday,0,8,Morning Rush,4,4,1,0.25
72,Monday,0,9,Morning Rush,2,2,0,0.0
72,Monday,0,10,Midday,2,2,2,1.0
72,Monday,0,11,Midday,1,1,1,1.0
72,Monday,0,12,Midday,3,3,1,0.3333333333333333
72,Monday,0,13,Midday,3,3,1,0.3333333333333333
72,Monday,0,14,Midday,5,5,1,0.2
72,Monday,0,15,Evening Rush,4,4,0,0.0
72,Monday,0,16,Evening Rush,9,9,2,0.2222222222222222
72,Monday,0,17,Evening Rush,6,6,2,0.3333333333333333
72,Monday,0,18,Evening Rush,5,5,3,0.6
72,Monday,0,19,Evening,1,1,1,1.0
72,Monday,0,20,Evening,2,2,0,0.0
72,Monday,0,21,Evening,3,3,1,0.3333333333333333
72,Saturday,5,4,Night,1,1,1,1.0
72,Saturday,5,9,Morning Rush,1,1,0,0.0
72,Saturday,5,10,Midday,3,3,0,0.0
72,Saturday,5,11,Midday,1,1,0,0.0
72,Saturday,5,12,Midday,2,2,1,0.5
72,Saturday,5,14,Midday,3,3,0,0.0
72,Saturday,5,15,Evening Rush,1,1,0,0.0
72,Saturday,5,16,Evening Rush,2,2,0,0.0
72,Saturday,5,17,Evening Rush,4,4,1,0.25
72,Saturday,5,18,Evening Rush,1,1,1,1.0
72,Saturday,5,20,Evening,1,1,0,0.0
72,Sunday,6,2,Night,1,1,1,1.0
72,Sunday,6,9,Morning Rush,2,2,2,1.0
72,Sunday,6,10,Midday,2,2,1,0.5
72,Sunday,6,11,Midday,2,2,1,0.5
72,Sunday,6,12,Midday,1,1,0,0.0
72,Sunday,6,14,Midday,1,1,0,0.0
72,Sunday,6,15,Evening Rush,1,1,1,1.0
72,Sunday,6,17,Evening Rush,2,2,2,1.0
72,Thursday,3,4,Night,1,1,0,0.0
72,Thursday,3,6,Morning Rush,1,1,0,0.0
72,Thursday,3,7,Morning Rush,2,2,1,0.5
72,Thursday,3,8,Morning Rush,4,4,4,1.0
72,Thursday,3,10,Midday,1,1,1,1.0
72,Thursday,3,11,Midday,1,1,0,0.0
72,Thursday,3,12,Midday,2,2,1,0.5
72,Thursday,3,13,Midday,6,6,2,0.3333333333333333
72,Thursday,3,14,Midday,1,1,1,1.0
72,Thursday,3,15,Evening Rush,5,5,0,0.0
72,Thursday,3,16,Evening Rush,5,5,1,0.2
72,Thursday,3,17,Evening Rush,7,7,2,0.2857142857142857
72,Thursday,3,18,Evening Rush,1,1,0,0.0
72,Thursday,3,19,Evening,1,1,0,0.0
72,Thursday,3,22,Evening,1,1,1,1.0
72,Tuesday,1,7,Morning Rush,5,5,3,0.6
72,Tuesday,1,8,Morning Rush,3,3,1,0.3333333333333333
72,Tuesday,1,9,Morning Rush,2,2,1,0.5
72,Tuesday,1,11,Midday,1,1,0,0.0
72,Tuesday,1,12,Midday,1,1,0,0.0
72,Tuesday,1,13,Midday,1,1,0,0.0
72,Tuesday,1,14,Midday,5,5,1,0.2
72,Tuesday,1,16,Evening Rush,7,7,2,0.2857142857142857
72,Tuesday,1,17,Evening Rush,8,8,1,0.125
72,Tuesday,1,19,Evening,1,1,1,1.0
72,Tuesday,1,20,Evening,2,2,2,1.0
72,Wednesday,2,6,Morning Rush,1,1,1,1.0
72,Wednesday,2,7,Morning Rush,3,3,1,0.3333333333333333
72,Wednesday,2,8,Morning Rush,4,4,1,0.25
72,Wednesday,2,9,Morning Rush,1,1,1,1.0
72,Wednesday,2,10,Midday,1,1,0,0.0
72,Wednesday,2,11,Midday,1,1,0,0.0
72,Wednesday,2,12,Midday,2,2,1,0.5
72,Wednesday,2,13,Midday,5,5,2,0.4
72,Wednesday,2,14,Midday,2,2,0,0.0
72,Wednesday,2,15,Evening Rush,4,4,0,0.0
72,Wednesday,2,16,Evening Rush,8,8,0,0.0
72,Wednesday,2,17,Evening Rush,2,2,0,0.0
72,Wednesday,2,18,Evening Rush,3,3,2,0.6666666666666666
72,Wednesday,2,20,Evening,1,1,0,0.0
72,Wednesday,2,21,Evening,3,3,0,0.0
72,Wednesday,2,23,Evening,3,3,1,0.3333333333333333
73,Friday,4,7,Morning Rush,1,1,1,1.0
73,Friday,4,9,Morning Rush,1,1,1,1.0
73,Friday,4,12,Midday,1,1,1,1.0
73,Friday,4,19,Evening,1,1,1,1.0
73,Friday,4,20,Evening,1,1,1,1.0
73,Friday,4,22,Evening,1,1,0,0.0
73,Monday,0,1,Night,1,1,0,0.0
73,Monday,0,6,Morning Rush,1,1,0,0.0
73,Monday,0,13,Midday,1,1,0,0.0
73,Monday,0,19,Evening,1,1,1,1.0
73,Saturday,5,15,Evening Rush,1,1,0,0.0
73,Saturday,5,17,Evening Rush,1,1,1,1.0
73,Saturday,5,20,Evening,1,1,0,0.0
73,Saturday,5,22,Evening,2,2,0,0.0
73,Saturday,5,23,Evening,1,1,0,0.0
73,Sunday,6,13,Midday,1,1,1,1.0
73,Sunday,6,20,Evening,2,2,0,0.0
73,Sunday,6,21,Evening,1,1,1,1.0
73,Thursday,3,10,Midday,1,1,1,1.0
73,Thursday,3,12,Midday,1,1,0,0.0
73,Thursday,3,14,Midday,1,1,0,0.0
73,Thursday,3,18,Evening Rush,1,1,1,1.0
73,Thursday,3,19,Evening,1,1,1,1.0
73,Tuesday,1,6,Morning Rush,1,1,1,1.0
73,Tuesday,1,15,Evening Rush,1,1,0,0.0
73,Tuesday,1,17,Evening Rush,3,3,1,0.3333333333333333
73,Tuesday,1,19,Evening,1,1,0,0.0
73,Wednesday,2,7,Morning Rush,2,2,2,1.0
73,Wednesday,2,19,Evening,1,1,0,0.0
74,Friday,4,8,Morning Rush,1,1,0,0.0
74,Friday,4,12,Midday,1,1,0,0.0
74,Friday,4,13,Midday,1,1,0,0.0
74,Friday,4,15,Evening Rush,2,2,1,0.5
74,Friday,4,17,Evening Rush,2,2,0,0.0
74,Friday,4,21,Evening,1,1,0,0.0
74,Monday,0,10,Midday,2,2,2,1.0
74,Monday,0,13,Midday,1,1,0,0.0
74,Monday,0,14,Midday,1,1,0,0.0
74,Monday,0,15,Evening Rush,1,1,0,0.0
74,Monday,0,16,Evening Rush,1,1,0,0.0
74,Monday,0,18,Evening Rush,1,1,0,0.0
74,Monday,0,19,Evening,1,1,0,0.0
74,Monday,0,21,Evening,1,1,0,0.0
74,Monday,0,23,Evening,2,2,2,1.0
74,Saturday,5,2,Night,1,1,1,1.0
74,Saturday,5,6,Morning Rush,1,1,0,0.0
74,Saturday,5,11,Midday,1,1,0,0.0
74,Saturday,5,13,Midday,3,3,1,0.3333333333333333
74,Saturday,5,14,Midday,1,1,0,0.0
74,Saturday,5,15,Evening Rush,3,3,2,0.6666666666666666
74,Saturday,5,18,Evening Rush,1,1,1,1.0
74,Saturday,5,20,Evening,1,1,0,0.0
74,Saturday,5,21,Evening,1,1,1,1.0
74,Saturday,5,23,Evening,1,1,1,1.0
74,Sunday,6,0,Night,1,1,0,0.0
74,Sunday,6,2,Night,1,1,0,0.0
74,Sunday,6,8,Morning Rush,1,1,0,0.0
74,Sunday,6,13,Midday,1,1,0,0.0
74,Sunday,6,15,Evening Rush,1,1,0,0.0
74,Sunday,6,17,Evening Rush,1,1,1,1.0
74,Sunday,6,20,Evening,1,1,0,0.0
74,Sunday,6,21,Evening,2,2,1,0.5
74,Thursday,3,3,Night,1,1,1,1.0
74,Thursday,3,8,Morning Rush,1,1,0,0.0
74,Thursday,3,9,Morning Rush,1,1,1,1.0
74,Thursday,3,10,Midday,1,1,0,0.0
74,Thursday,3,12,Midday,1,1,0,0.0
74,Thursday,3,16,Evening Rush,2,2,2,1.0
74,Thursday,3,17,Evening Rush,1,1,1,1.0
74,Thursday,3,20,Evening,1,1,1,1.0
74,Tuesday,1,0,Night,1,1,0,0.0
74,Tuesday,1,6,Morning Rush,1,1,0,0.0
74,Tuesday,1,7,Morning Rush,1,1,1,1.0
74,Tuesday,1,11,Midday,1,1,1,1.0
74,Tuesday,1,14,Midday,2,2,1,0.5
74,Tuesday,1,15,Evening Rush,1,1,1,1.0
74,Tuesday,1,16,Evening Rush,1,1,0,0.0
74,Tuesday,1,18,Evening Rush,2,2,0,0.0
74,Tuesday,1,21,Evening,3,3,0,0.0
74,Tuesday,1,23,Evening,1,1,0,0.0
74,Wednesday,2,4,Night,1,1,1,1.0
74,Wednesday,2,6,Morning Rush,1,1,1,1.0
74,Wednesday,2,8,Morning Rush,2,2,2,1.0
74,Wednesday,2,14,Midday,1,1,0,0.0
74,Wednesday,2,15,Evening Rush,1,1,1,1.0
74,Wednesday,2,16,Evening Rush,1,1,1,1.0
74,Wednesday,2,17,Evening Rush,1,1,0,0.0
74,Wednesday,2,18,Evening Rush,5,5,2,0.4
75,Friday,4,6,Morning Rush,1,1,1,1.0
75,Friday,4,8,Morning Rush,1,1,1,1.0
75,Friday,4,10,Midday,1,1,0,0.0
75,Friday,4,11,Midday,1,1,0,0.0
75,Friday,4,12,Midday,1,1,1,1.0
75,Friday,4,16,Evening Rush,1,1,1,1.0
75,Friday,4,17,Evening Rush,2,2,2,1.0
75,Friday,4,18,Evening Rush,1,1,1,1.0
75,Friday,4,19,Evening,1,1,0,0.0
75,Friday,4,20,Evening,1,1,0,0.0
75,Friday,4,21,Evening,1,1,0,0.0
75,Monday,0,9,Morning Rush,2,2,1,0.5
75,Monday,0,12,Midday,1,1,0,0.0
75,Monday,0,13,Midday,1,1,1,1.0
75,Monday,0,16,Evening Rush,3,3,0,0.0
75,Monday,0,17,Evening Rush,1,1,0,0.0
75,Monday,0,18,Evening Rush,1,1,0,0.0
75,Monday,0,19,Evening,1,1,1,1.0
75,Monday,0,20,Evening,1,1,0,0.0
75,Monday,0,22,Evening,2,2,1,0.5
75,Saturday,5,0,Night,1,1,0,0.0
75,Saturday,5,3,Night,1,1,1,1.0
75,Saturday,5,7,Morning Rush,1,1,0,0.0
75,Saturday,5,12,Midday,1,1,0,0.0
75,Saturday,5,13,Midday,2,2,1,0.5
75,Saturday,5,14,Midday,1,1,0,0.0
75,Saturday,5,15,Evening Rush,1,1,0,0.0
75,Saturday,5,16,Evening Rush,1,1,0,0.0
75,Saturday,5,18,Evening Rush,4,4,2,0.5
75,Saturday,5,19,Evening,2,2,1,0.5
75,Saturday,5,20,Evening,1,1,0,0.0
75,Saturday,5,23,Evening,2,2,2,1.0
75,Sunday,6,0,Night,1,1,1,1.0
75,Sunday,6,5,Night,1,1,1,1.0
75,Sunday,6,13,Midday,2,2,2,1.0
75,Sunday,6,14,Midday,2,2,0,0.0
75,Sunday,6,16,Evening Rush,1,1,0,0.0
75,Sunday,6,17,Evening Rush,1,1,1,1.0
75,Sunday,6,18,Evening Rush,4,4,2,0.5
75,Sunday,6,20,Evening,1,1,1,1.0
75,Thursday,3,7,Morning Rush,2,2,2,1.0
75,Thursday,3,8,Morning Rush,2,2,2,1.0
75,Thursday,3,10,Midday,1,1,1,1.0
75,Thursday,3,11,Midday,1,1,0,0.0
75,Thursday,3,13,Midday,3,3,1,0.3333333333333333
75,Thursday,3,15,Evening Rush,1,1,1,1.0
75,Thursday,3,18,Evening Rush,1,1,1,1.0
75,Thursday,3,19,Evening,2,2,1,0.5
75,Thursday,3,22,Evening,1,1,1,1.0
75,Thursday,3,23,Evening,2,2,1,0.5
75,Tuesday,1,7,Morning Rush,1,1,0,0.0
75,Tuesday,1,8,Morning Rush,1,1,0,0.0
75,Tuesday,1,12,Midday,3,3,0,0.0
75,Tuesday,1,13,Midday,1,1,0,0.0
75,Tuesday,1,14,Midday,1,1,1,1.0
75,Tuesday,1,15,Evening Rush,1,1,0,0.0
75,Tuesday,1,17,Evening Rush,3,3,1,0.3333333333333333
75,Tuesday,1,21,Evening,2,2,0,0.0
75,Tuesday,1,22,Evening,2,2,0,0.0
75,Wednesday,2,6,Morning Rush,1,1,0,0.0
75,Wednesday,2,11,Midday,2,2,1,0.5
75,Wednesday,2,14,Midday,1,1,0,0.0
75,Wednesday,2,15,Evening Rush,2,2,1,0.5
75,Wednesday,2,16,Evening Rush,3,3,0,0.0
75,Wednesday,2,18,Evening Rush,2,2,0,0.0
75,Wednesday,2,19,Evening,1,1,0,0.0
75,Wednesday,2,22,Evening,1,1,1,1.0
76,Friday,4,7,Morning Rush,1,1,0,0.0
76,Friday,4,8,Morning Rush,1,1,0,0.0
76,Friday,4,9,Morning Rush,2,2,0,0.0
76,Friday,4,11,Midday,1,1,1,1.0
76,Friday,4,12,Midday,1,1,1,1.0
76,Friday,4,13,Midday,1,1,0,0.0
76,Friday,4,15,Evening Rush,2,2,0,0.0
76,Friday,4,16,Evening Rush,2,2,2,1.0
76,Friday,4,17,Evening Rush,2,2,1,0.5
76,Monday,0,6,Morning Rush,1,1,1,1.0
76,Monday,0,9,Morning Rush,2,2,2,1.0
76,Monday,0,12,Midday,1,1,0,0.0
76,Monday,0,14,Midday,1,1,0,0.0
76,Monday,0,17,Evening Rush,2,2,0,0.0
76,Monday,0,18,Evening Rush,1,1,1,1.0
76,Saturday,5,3,Night,1,1,0,0.0
76,Saturday,5,8,Morning Rush,1,1,1,1.0
76,Saturday,5,9,Morning Rush,1,1,0,0.0
76,Saturday,5,21,Evening,1,1,1,1.0
76,Sunday,6,18,Evening Rush,1,1,1,1.0
76,Thursday,3,2,Night,1,1,0,0.0
76,Thursday,3,8,Morning Rush,1,1,1,1.0
76,Thursday,3,15,Evening Rush,1,1,0,0.0
76,Thursday,3,20,Evening,1,1,0,0.0
76,Thursday,3,22,Evening,1,1,0,0.0
76,Tuesday,1,0,Night,1,1,1,1.0
76,Tuesday,1,9,Morning Rush,1,1,1,1.0
76,Tuesday,1,10,Midday,1,1,0,0.0
76,Tuesday,1,12,Midday,1,1,0,0.0
76,Tuesday,1,14,Midday,1,1,0,0.0
76,Tuesday,1,15,Evening Rush,3,3,0,0.0
76,Tuesday,1,17,Evening Rush,3,3,2,0.6666666666666666
76,Tuesday,1,18,Evening Rush,1,1,0,0.0
76,Tuesday,1,19,Evening,1,1,1,1.0
76,Tuesday,1,20,Evening,2,2,1,0.5
76,Wednesday,2,6,Morning Rush,1,1,1,1.0
76,Wednesday,2,8,Morning Rush,1,1,0,0.0
76,Wednesday,2,15,Evening Rush,1,1,0,0.0
76,Wednesday,2,16,Evening Rush,1,1,0,0.0
76,Wednesday,2,18,Evening Rush,3,3,2,0.6666666666666666
76,Wednesday,2,19,Evening,1,1,1,1.0
77,Friday,4,6,Morning Rush,1,1,1,1.0
77,Friday,4,7,Morning Rush,1,1,1,1.0
77,Friday,4,8,Morning Rush,1,1,1,1.0
77,Friday,4,14,Midday,1,1,0,0.0
77,Friday,4,18,Evening Rush,1,1,1,1.0
77,Monday,0,7,Morning Rush,1,1,1,1.0
77,Monday,0,8,Morning Rush,2,2,0,0.0
77,Monday,0,10,Midday,1,1,0,0.0
77,Monday,0,12,Midday,2,2,0,0.0
77,Monday,0,16,Evening Rush,1,1,1,1.0
77,Monday,0,17,Evening Rush,1,1,0,0.0
77,Monday,0,19,Evening,2,2,1,0.5
77,Monday,0,22,Evening,1,1,1,1.0
77,Saturday,5,8,Morning Rush,2,2,0,0.0
77,Saturday,5,12,Midday,1,1,0,0.0
77,Saturday,5,19,Evening,1,1,0,0.0
77,Sunday,6,9,Morning Rush,2,2,0,0.0
77,Sunday,6,10,Midday,1,1,0,0.0
77,Sunday,6,13,Midday,1,1,1,1.0
77,Sunday,6,15,Evening Rush,1,1,0,0.0
77,Sunday,6,20,Evening,1,1,0,0.0
77,Thursday,3,6,Morning Rush,1,1,0,0.0
77,Thursday,3,9,Morning Rush,2,2,2,1.0
77,Thursday,3,10,Midday,1,1,0,0.0
77,Thursday,3,14,Midday,1,1,1,1.0
77,Thursday,3,15,Evening Rush,1,1,0,0.0
77,Thursday,3,17,Evening Rush,1,1,0,0.0
77,Thursday,3,18,Evening Rush,1,1,0,0.0
77,Tuesday,1,0,Night,1,1,1,1.0
77,Tuesday,1,7,Morning Rush,1,1,1,1.0
77,Tuesday,1,8,Morning Rush,1,1,1,1.0
77,Tuesday,1,12,Midday,1,1,0,0.0
77,Tuesday,1,15,Evening Rush,1,1,1,1.0
77,Tuesday,1,16,Evening Rush,1,1,0,0.0
77,Tuesday,1,17,Evening Rush,3,3,0,0.0
77,Tuesday,1,20,Evening,1,1,1,1.0
77,Wednesday,2,6,Morning Rush,1,1,1,1.0
77,Wednesday,2,8,Morning Rush,1,1,0,0.0
77,Wednesday,2,9,Morning Rush,1,1,0,0.0
77,Wednesday,2,14,Midday,1,1,0,0.0
78,Friday,4,19,Evening,1,1,1,1.0
78,Monday,0,8,Morning Rush,2,2,1,0.5
78,Monday,0,16,Evening Rush,2,2,0,0.0
78,Monday,0,23,Evening,1,1,0,0.0
78,Saturday,5,8,Morning Rush,1,1,1,1.0
78,Saturday,5,9,Morning Rush,1,1,1,1.0
78,Saturday,5,10,Midday,2,2,1,0.5
78,Saturday,5,21,Evening,1,1,0,0.0
78,Saturday,5,22,Evening,1,1,0,0.0
78,Sunday,6,3,Night,1,1,0,0.0
78,Sunday,6,13,Midday,1,1,1,1.0
78,Sunday,6,17,Evening Rush,1,1,0,0.0
78,Thursday,3,9,Morning Rush,1,1,1,1.0
78,Thursday,3,15,Evening Rush,1,1,1,1.0
78,Tuesday,1,10,Midday,1,1,1,1.0
78,Tuesday,1,18,Evening Rush,1,1,1,1.0
78,Wednesday,2,9,Morning Rush,1,1,1,1.0
78,Wednesday,2,16,Evening Rush,1,1,0,0.0
78,Wednesday,2,17,Evening Rush,1,1,0,0.0
78,Wednesday,2,18,Evening Rush,1,1,0,0.0
79,Friday,4,9,Morning Rush,1,1,0,0.0
79,Friday,4,11,Midday,1,1,1,1.0
79,Friday,4,16,Evening Rush,1,1,1,1.0
79,Friday,4,17,Evening Rush,1,1,0,0.0
79,Friday,4,19,Evening,2,2,0,0.0
79,Friday,4,20,Evening,1,1,1,1.0
79,Monday,0,7,Morning Rush,1,1,0,0.0
79,Monday,0,8,Morning Rush,1,1,0,0.0
79,Monday,0,9,Morning Rush,2,2,2,1.0
79,Monday,0,16,Evening Rush,1,1,1,1.0
79,Monday,0,17,Evening Rush,2,2,1,0.5
79,Monday,0,19,Evening,4,4,1,0.25
79,Saturday,5,4,Night,1,1,0,0.0
79,Saturday,5,8,Morning Rush,1,1,1,1.0
79,Saturday,5,12,Midday,1,1,0,0.0
79,Saturday,5,15,Evening Rush,1,1,0,0.0
79,Saturday,5,19,Evening,1,1,1,1.0
79,Sunday,6,8,Morning Rush,1,1,1,1.0
79,Sunday,6,13,Midday,1,1,1,1.0
79,Sunday,6,14,Midday,1,1,0,0.0
79,Sunday,6,15,Evening Rush,2,2,1,0.5
79,Sunday,6,18,Evening Rush,1,1,0,0.0
79,Thursday,3,7,Morning Rush,1,1,1,1.0
79,Thursday,3,9,Morning Rush,1,1,1,1.0
79,Thursday,3,13,Midday,1,1,0,0.0
79,Thursday,3,14,Midday,2,2,2,1.0
79,Thursday,3,15,Evening Rush,1,1,0,0.0
79,Thursday,3,18,Evening Rush,1,1,1,1.0
79,Thursday,3,21,Evening,1,1,0,0.0
79,Tuesday,1,6,Morning Rush,1,1,1,1.0
79,Tuesday,1,17,Evening Rush,1,1,0,0.0
79,Tuesday,1,21,Evening,1,1,1,1.0
79,Wednesday,2,12,Midday,1,1,0,0.0
79,Wednesday,2,13,Midday,1,1,0,0.0
79,Wednesday,2,14,Midday,2,2,2,1.0
79,Wednesday,2,17,Evening Rush,1,1,1,1.0
79,Wednesday,2,18,Evening Rush,1,1,0,0.0
80,Friday,4,8,Morning Rush,1,1,1,1.0
80,Friday,4,9,Morning Rush,1,1,1,1.0
80,Friday,4,15,Evening Rush,1,1,1,1.0
80,Friday,4,16,Evening Rush,1,1,1,1.0
80,Friday,4,17,Evening Rush,1,1,0,0.0
80,Monday,0,9,Morning Rush,1,1,1,1.0
80,Monday,0,10,Midday,1,1,0,0.0
80,Monday,0,16,Evening Rush,1,1,1,1.0
80,Monday,0,17,Evening Rush,1,1,0,0.0
80,Monday,0,18,Evening Rush,1,1,1,1.0
80,Saturday,5,11,Midday,1,1,1,1.0
80,Sunday,6,0,Night,1,1,1,1.0
80,Sunday,6,14,Midday,1,1,0,0.0
80,Thursday,3,1,Night,2,2,0,0.0
80,Thursday,3,7,Morning Rush,1,1,0,0.0
80,Thursday,3,8,Morning Rush,1,1,1,1.0
80,Thursday,3,13,Midday,1,1,0,0.0
80,Thursday,3,17,Evening Rush,1,1,1,1.0
80,Tuesday,1,4,Night,1,1,0,0.0
80,Tuesday,1,6,Morning Rush,1,1,0,0.0
80,Tuesday,1,7,Morning Rush,2,2,1,0.5
80,Tuesday,1,15,Evening Rush,1,1,0,0.0
80,Tuesday,1,17,Evening Rush,3,3,0,0.0
80,Tuesday,1,18,Evening Rush,1,1,1,1.0
80,Tuesday,1,19,Evening,1,1,1,1.0
80,Wednesday,2,15,Evening Rush,1,1,0,0.0
80,Wednesday,2,17,Evening Rush,2,2,0,0.0
80,Wednesday,2,20,Evening,1,1,1,1.0
81,Friday,4,6,Morning Rush,1,1,1,1.0
81,Friday,4,8,Morning Rush,1,1,1,1.0
81,Friday,4,11,Midday,1,1,1,1.0
81,Monday,0,5,Night,1,1,0,0.0
81,Monday,0,7,Morning Rush,1,1,1,1.0
81,Monday,0,10,Midday,1,1,1,1.0
81,Monday,0,16,Evening Rush,1,1,0,0.0
81,Sunday,6,8,Morning Rush,1,1,1,1.0
81,Sunday,6,16,Evening Rush,1,1,1,1.0
81,Thursday,3,8,Morning Rush,1,1,1,1.0
81,Thursday,3,9,Morning Rush,1,1,1,1.0
81,Thursday,3,13,Midday,1,1,0,0.0
81,Thursday,3,17,Evening Rush,2,2,0,0.0
81,Tuesday,1,2,Night,1,1,1,1.0
81,Tuesday,1,6,Morning Rush,1,1,1,1.0
81,Tuesday,1,9,Morning Rush,1,1,0,0.0
81,Tuesday,1,11,Midday,1,1,1,1.0
81,Tuesday,1,16,Evening Rush,3,3,1,0.3333333333333333
81,Wednesday,2,6,Morning Rush,2,2,0,0.0
81,Wednesday,2,10,Midday,1,1,1,1.0
81,Wednesday,2,12,Midday,1,1,0,0.0
81,Wednesday,2,15,Evening Rush,1,1,1,1.0
82,Friday,4,10,Midday,1,1,1,1.0
82,Friday,4,11,Midday,1,1,0,0.0
82,Friday,4,12,Midday,1,1,0,0.0
82,Friday,4,15,Evening Rush,1,1,0,0.0
82,Friday,4,17,Evening Rush,1,1,0,0.0
82,Friday,4,20,Evening,2,2,1,0.5
82,Monday,0,11,Midday,1,1,1,1.0
82,Saturday,5,10,Midday,1,1,1,1.0
82,Saturday,5,13,Midday,1,1,1,1.0
82,Saturday,5,21,Evening,1,1,0,0.0
82,Saturday,5,23,Evening,1,1,1,1.0
82,Sunday,6,16,Evening Rush,1,1,0,0.0
82,Thursday,3,22,Evening,1,1,0,0.0
82,Tuesday,1,7,Morning Rush,1,1,1,1.0
82,Tuesday,1,11,Midday,1,1,0,0.0
82,Tuesday,1,18,Evening Rush,2,2,1,0.5
82,Wednesday,2,0,Night,1,1,1,1.0
82,Wednesday,2,16,Evening Rush,2,2,0,0.0
82,Wednesday,2,17,Evening Rush,1,1,0,0.0
82,Wednesday,2,21,Evening,1,1,1,1.0
83,Friday,4,5,Night,1,1,1,1.0
83,Friday,4,12,Midday,1,1,0,0.0
83,Friday,4,13,Midday,1,1,0,0.0
83,Friday,4,14,Midday,1,1,1,1.0
83,Friday,4,17,Evening Rush,1,1,0,0.0
83,Friday,4,18,Evening Rush,2,2,0,0.0
83,Friday,4,19,Evening,1,1,0,0.0
83,Friday,4,20,Evening,1,1,1,1.0
83,Monday,0,7,Morning Rush,1,1,1,1.0
83,Monday,0,9,Morning Rush,1,1,0,0.0
83,Monday,0,11,Midday,2,2,2,1.0
83,Monday,0,12,Midday,1,1,1,1.0
83,Monday,0,13,Midday,1,1,1,1.0
83,Monday,0,14,Midday,1,1,1,1.0
83,Monday,0,15,Evening Rush,4,4,1,0.25
83,Monday,0,19,Evening,1,1,0,0.0
83,Saturday,5,7,Morning Rush,1,1,0,0.0
83,Saturday,5,13,Midday,3,3,1,0.3333333333333333
83,Saturday,5,18,Evening Rush,1,1,1,1.0
83,Sunday,6,1,Night,1,1,1,1.0
83,Sunday,6,7,Morning Rush,1,1,0,0.0
83,Sunday,6,8,Morning Rush,1,1,1,1.0
83,Sunday,6,9,Morning Rush,2,2,1,0.5
83,Sunday,6,11,Midday,2,2,0,0.0
83,Sunday,6,12,Midday,1,1,1,1.0
83,Sunday,6,23,Evening,1,1,0,0.0
83,Thursday,3,6,Morning Rush,1,1,1,1.0
83,Thursday,3,7,Morning Rush,3,3,2,0.6666666666666666
83,Thursday,3,8,Morning Rush,6,6,2,0.3333333333333333
83,Thursday,3,9,Morning Rush,1,1,0,0.0
83,Thursday,3,14,Midday,3,3,3,1.0
83,Thursday,3,17,Evening Rush,1,1,0,0.0
83,Thursday,3,18,Evening Rush,3,3,2,0.6666666666666666
83,Thursday,3,19,Evening,1,1,1,1.0
83,Thursday,3,21,Evening,1,1,0,0.0
83,Thursday,3,23,Evening,2,2,2,1.0
83,Tuesday,1,7,Morning Rush,2,2,1,0.5
83,Tuesday,1,8,Morning Rush,1,1,0,0.0
83,Tuesday,1,9,Morning Rush,1,1,0,0.0
83,Tuesday,1,10,Midday,1,1,1,1.0
83,Tuesday,1,12,Midday,1,1,1,1.0
83,Tuesday,1,13,Midday,1,1,0,0.0
83,Tuesday,1,14,Midday,2,2,1,0.5
83,Tuesday,1,15,Evening Rush,2,2,1,0.5
83,Tuesday,1,20,Evening,1,1,0,0.0
83,Tuesday,1,22,Evening,1,1,1,1.0
83,Wednesday,2,6,Morning Rush,1,1,0,0.0
83,Wednesday,2,7,Morning Rush,1,1,1,1.0
83,Wednesday,2,8,Morning Rush,3,3,2,0.6666666666666666
83,Wednesday,2,10,Midday,1,1,0,0.0
83,Wednesday,2,11,Midday,2,2,1,0.5
83,Wednesday,2,15,Evening Rush,3,3,0,0.0
83,Wednesday,2,16,Evening Rush,1,1,1,1.0
83,Wednesday,2,17,Evening Rush,1,1,0,0.0
83,Wednesday,2,18,Evening Rush,1,1,0,0.0
83,Wednesday,2,21,Evening,1,1,0,0.0
83,Wednesday,2,22,Evening,1,1,1,1.0
83,Wednesday,2,23,Evening,2,2,1,0.5
84,Friday,4,6,Morning Rush,1,1,0,0.0
84,Friday,4,9,Morning Rush,2,2,2,1.0
84,Friday,4,10,Midday,1,1,1,1.0
84,Friday,4,14,Midday,1,1,0,0.0
84,Friday,4,15,Evening Rush,1,1,0,0.0
84,Friday,4,16,Evening Rush,2,2,0,0.0
84,Friday,4,22,Evening,1,1,1,1.0
84,Friday,4,23,Evening,1,1,0,0.0
84,Monday,0,1,Night,1,1,0,0.0
84,Monday,0,6,Morning Rush,1,1,1,1.0
84,Monday,0,11,Midday,2,2,2,1.0
84,Monday,0,12,Midday,1,1,1,1.0
84,Monday,0,13,Midday,1,1,0,0.0
84,Monday,0,14,Midday,1,1,0,0.0
84,Monday,0,16,Evening Rush,1,1,1,1.0
84,Monday,0,17,Evening Rush,2,2,1,0.5
84,Monday,0,20,Evening,1,1,0,0.0
84,Saturday,5,2,Night,1,1,0,0.0
84,Saturday,5,8,Morning Rush,1,1,0,0.0
84,Saturday,5,11,Midday,1,1,1,1.0
84,Saturday,5,12,Midday,3,3,0,0.0
84,Saturday,5,13,Midday,1,1,0,0.0
84,Saturday,5,14,Midday,2,2,0,0.0
84,Saturday,5,15,Evening Rush,1,1,1,1.0
84,Sunday,6,1,Night,1,1,0,0.0
84,Sunday,6,6,Morning Rush,1,1,1,1.0
84,Sunday,6,8,Morning Rush,1,1,1,1.0
84,Sunday,6,12,Midday,1,1,0,0.0
84,Sunday,6,13,Midday,3,3,3,1.0
84,Sunday,6,15,Evening Rush,1,1,1,1.0
84,Sunday,6,22,Evening,1,1,1,1.0
84,Sunday,6,23,Evening,1,1,0,0.0
84,Thursday,3,4,Night,1,1,1,1.0
84,Thursday,3,5,Night,1,1,1,1.0
84,Thursday,3,6,Morning Rush,1,1,1,1.0
84,Thursday,3,8,Morning Rush,1,1,1,1.0
84,Thursday,3,11,Midday,1,1,0,0.0
84,Thursday,3,14,Midday,2,2,0,0.0
84,Thursday,3,16,Evening Rush,1,1,0,0.0
84,Thursday,3,19,Evening,2,2,1,0.5
84,Tuesday,1,5,Night,1,1,1,1.0
84,Tuesday,1,6,Morning Rush,1,1,1,1.0
84,Tuesday,1,11,Midday,1,1,1,1.0
84,Tuesday,1,16,Evening Rush,2,2,0,0.0
84,Tuesday,1,17,Evening Rush,5,5,2,0.4
84,Tuesday,1,18,Evening Rush,1,1,0,0.0
84,Tuesday,1,19,Evening,1,1,0,0.0
84,Tuesday,1,22,Evening,1,1,0,0.0
84,Tuesday,1,23,Evening,1,1,0,0.0
84,Wednesday,2,2,Night,1,1,1,1.0
84,Wednesday,2,16,Evening Rush,2,2,0,0.0
84,Wednesday,2,18,Evening Rush,1,1,0,0.0
84,Wednesday,2,19,Evening,1,1,0,0.0
85,Friday,4,1,Night,1,1,0,0.0
85,Friday,4,8,Morning Rush,2,2,1,0.5
85,Friday,4,9,Morning Rush,4,4,2,0.5
85,Friday,4,10,Midday,3,3,2,0.6666666666666666
85,Friday,4,11,Midday,2,2,0,0.0
85,Friday,4,13,Midday,3,3,1,0.3333333333333333
85,Friday,4,14,Midday,4,4,1,0.25
85,Friday,4,15,Evening Rush,3,3,0,0.0
85,Friday,4,16,Evening Rush,4,4,1,0.25
85,Friday,4,17,Evening Rush,3,3,0,0.0
85,Friday,4,18,Evening Rush,2,2,0,0.0
85,Friday,4,19,Evening,1,1,0,0.0
85,Friday,4,20,Evening,3,3,3,1.0
85,Friday,4,21,Evening,2,2,1,0.5
85,Friday,4,23,Evening,2,2,0,0.0
85,Monday,0,7,Morning Rush,3,3,3,1.0
85,Monday,0,8,Morning Rush,1,1,1,1.0
85,Monday,0,9,Morning Rush,2,2,0,0.0
85,Monday,0,10,Midday,4,4,4,1.0
85,Monday,0,12,Midday,3,3,1,0.3333333333333333
85,Monday,0,13,Midday,1,1,0,0.0
85,Monday,0,14,Midday,5,5,2,0.4
85,Monday,0,15,Evening Rush,1,1,0,0.0
85,Monday,0,16,Evening Rush,3,3,0,0.0
85,Monday,0,17,Evening Rush,12,12,4,0.3333333333333333
85,Monday,0,18,Evening Rush,1,1,0,0.0
85,Monday,0,20,Evening,1,1,0,0.0
85,Monday,0,21,Evening,1,1,1,1.0
85,Saturday,5,8,Morning Rush,2,2,2,1.0
85,Saturday,5,9,Morning Rush,1,1,0,0.0
85,Saturday,5,12,Midday,2,2,0,0.0
85,Saturday,5,13,Midday,1,1,0,0.0
85,Saturday,5,14,Midday,1,1,0,0.0
85,Saturday,5,15,Evening Rush,1,1,0,0.0
85,Saturday,5,16,Evening Rush,1,1,0,0.0
85,Saturday,5,18,Evening Rush,2,2,0,0.0
85,Saturday,5,19,Evening,3,3,2,0.6666666666666666
85,Saturday,5,20,Evening,3,3,0,0.0
85,Saturday,5,21,Evening,3,3,1,0.3333333333333333
85,Saturday,5,22,Evening,2,2,0,0.0
85,Saturday,5,23,Evening,1,1,1,1.0
85,Sunday,6,4,Night,1,1,1,1.0
85,Sunday,6,8,Morning Rush,1,1,0,0.0
85,Sunday,6,10,Midday,1,1,1,1.0
85,Sunday,6,11,Midday,2,2,0,0.0
85,Sunday,6,12,Midday,1,1,0,0.0
85,Sunday,6,13,Midday,3,3,0,0.0
85,Sunday,6,14,Midday,1,1,0,0.0
85,Sunday,6,15,Evening Rush,3,3,2,0.6666666666666666
85,Sunday,6,16,Evening Rush,2,2,1,0.5
85,Sunday,6,19,Evening,3,3,2,0.6666666666666666
85,Sunday,6,20,Evening,2,2,0,0.0
85,Sunday,6,22,Evening,2,2,2,1.0
85,Sunday,6,23,Evening,1,1,0,0.0
85,Thursday,3,7,Morning Rush,6,6,4,0.6666666666666666
85,Thursday,3,8,Morning Rush,2,2,0,0.0
85,Thursday,3,9,Morning Rush,2,2,0,0.0
85,Thursday,3,10,Midday,4,4,2,0.5
85,Thursday,3,12,Midday,1,1,1,1.0
85,Thursday,3,13,Midday,2,2,2,1.0
85,Thursday,3,14,Midday,5,5,3,0.6
85,Thursday,3,15,Evening Rush,5,5,3,0.6
85,Thursday,3,16,Evening Rush,2,2,1,0.5
85,Thursday,3,17,Evening Rush,5,5,0,0.0
85,Thursday,3,18,Evening Rush,6,6,5,0.8333333333333334
85,Thursday,3,19,Evening,2,2,0,0.0
85,Thursday,3,20,Evening,2,2,0,0.0
85,Thursday,3,22,Evening,1,1,0,0.0
85,Tuesday,1,1,Night,1,1,0,0.0
85,Tuesday,1,6,Morning Rush,1,1,0,0.0
85,Tuesday,1,7,Morning Rush,1,1,1,1.0
85,Tuesday,1,8,Morning Rush,2,2,1,0.5
85,Tuesday,1,9,Morning Rush,3,3,2,0.6666666666666666
85,Tuesday,1,10,Midday,3,3,0,0.0
85,Tuesday,1,12,Midday,1,1,1,1.0
85,Tuesday,1,13,Midday,2,2,0,0.0
85,Tuesday,1,14,Midday,4,4,3,0.75
85,Tuesday,1,15,Evening Rush,4,4,2,0.5
85,Tuesday,1,16,Evening Rush,6,6,3,0.5
85,Tuesday,1,17,Evening Rush,2,2,0,0.0
85,Tuesday,1,18,Evening Rush,1,1,0,0.0
85,Tuesday,1,20,Evening,1,1,1,1.0
85,Tuesday,1,21,Evening,2,2,0,0.0
85,Tuesday,1,22,Evening,1,1,0,0.0
85,Tuesday,1,23,Evening,2,2,0,0.0
85,Wednesday,2,1,Night,1,1,0,0.0
85,Wednesday,2,7,Morning Rush,3,3,1,0.3333333333333333
85,Wednesday,2,8,Morning Rush,3,3,2,0.6666666666666666
85,Wednesday,2,9,Morning Rush,3,3,1,0.3333333333333333
85,Wednesday,2,10,Midday,1,1,0,0.0
85,Wednesday,2,11,Midday,6,6,5,0.8333333333333334
85,Wednesday,2,12,Midday,2,2,2,1.0
85,Wednesday,2,13,Midday,4,4,0,0.0
85,Wednesday,2,14,Midday,3,3,0,0.0
85,Wednesday,2,15,Evening Rush,1,1,0,0.0
85,Wednesday,2,16,Evening Rush,6,6,3,0.5
85,Wednesday,2,17,Evening Rush,2,2,1,0.5
85,Wednesday,2,18,Evening Rush,1,1,0,0.0
85,Wednesday,2,20,Evening,1,1,1,1.0
85,Wednesday,2,21,Evening,1,1,0,0.0
86,Friday,4,1,Night,1,1,1,1.0
86,Friday,4,8,Morning Rush,1,1,0,0.0
86,Friday,4,10,Midday,1,1,1,1.0
86,Friday,4,13,Midday,1,1,0,0.0
86,Friday,4,14,Midday,2,2,1,0.5
86,Friday,4,15,Evening Rush,1,1,0,0.0
86,Friday,4,16,Evening Rush,2,2,1,0.5
86,Monday,0,1,Night,1,1,0,0.0
86,Monday,0,6,Morning Rush,1,1,1,1.0
86,Monday,0,12,Midday,1,1,1,1.0
86,Monday,0,18,Evening Rush,1,1,0,0.0
86,Saturday,5,0,Night,1,1,0,0.0
86,Saturday,5,17,Evening Rush,1,1,1,1.0
86,Saturday,5,19,Evening,1,1,1,1.0
86,Saturday,5,21,Evening,1,1,0,0.0
86,Saturday,5,22,Evening,1,1,0,0.0
86,Sunday,6,7,Morning Rush,1,1,1,1.0
86,Sunday,6,9,Morning Rush,1,1,0,0.0
86,Sunday,6,10,Midday,1,1,1,1.0
86,Sunday,6,13,Midday,1,1,0,0.0
86,Thursday,3,7,Morning Rush,2,2,1,0.5
86,Thursday,3,8,Morning Rush,1,1,0,0.0
86,Thursday,3,11,Midday,1,1,1,1.0
86,Thursday,3,13,Midday,1,1,0,0.0
86,Thursday,3,16,Evening Rush,2,2,1,0.5
86,Thursday,3,17,Evening Rush,1,1,0,0.0
86,Thursday,3,18,Evening Rush,1,1,0,0.0
86,Wednesday,2,8,Morning Rush,1,1,1,1.0
86,Wednesday,2,13,Midday,1,1,0,0.0
86,Wednesday,2,14,Midday,1,1,0,0.0
86,Wednesday,2,16,Evening Rush,1,1,1,1.0
86,Wednesday,2,18,Evening Rush,1,1,1,1.0
87,Friday,4,12,Midday,1,1,0,0.0
87,Friday,4,16,Evening Rush,1,1,0,0.0
87,Monday,0,9,Morning Rush,1,1,1,1.0
87,Monday,0,13,Midday,2,2,2,1.0
87,Monday,0,17,Evening Rush,1,1,0,0.0
87,Saturday,5,7,Morning Rush,1,1,0,0.0
87,Saturday,5,14,Midday,1,1,1,1.0
87,Sunday,6,13,Midday,1,1,1,1.0
87,Sunday,6,20,Evening,1,1,0,0.0
87,Thursday,3,9,Morning Rush,1,1,0,0.0
87,Thursday,3,15,Evening Rush,1,1,0,0.0
87,Thursday,3,16,Evening Rush,1,1,0,0.0
87,Tuesday,1,7,Morning Rush,1,1,1,1.0
87,Tuesday,1,10,Midday,1,1,0,0.0
87,Tuesday,1,14,Midday,1,1,0,0.0
87,Tuesday,1,15,Evening Rush,2,2,0,0.0
87,Tuesday,1,16,Evening Rush,1,1,0,0.0
87,Tuesday,1,18,Evening Rush,1,1,0,0.0
87,Wednesday,2,11,Midday,1,1,0,0.0
87,Wednesday,2,13,Midday,1,1,1,1.0
87,Wednesday,2,16,Evening Rush,2,2,0,0.0
87,Wednesday,2,18,Evening Rush,1,1,0,0.0
88,Friday,4,7,Morning Rush,1,1,1,1.0
88,Friday,4,11,Midday,2,2,1,0.5
88,Friday,4,13,Midday,2,2,0,0.0
88,Friday,4,15,Evening Rush,3,3,1,0.3333333333333333
88,Friday,4,16,Evening Rush,3,3,1,0.3333333333333333
88,Friday,4,17,Evening Rush,3,3,1,0.3333333333333333
88,Friday,4,18,Evening Rush,1,1,1,1.0
88,Friday,4,20,Evening,2,2,0,0.0
88,Friday,4,21,Evening,1,1,1,1.0
88,Monday,0,9,Morning Rush,1,1,0,0.0
88,Monday,0,11,Midday,2,2,1,0.5
88,Monday,0,12,Midday,1,1,0,0.0
88,Monday,0,13,Midday,1,1,0,0.0
88,Monday,0,14,Midday,3,3,1,0.3333333333333333
88,Saturday,5,3,Night,2,2,0,0.0
88,Saturday,5,7,Morning Rush,1,1,1,1.0
88,Saturday,5,14,Midday,1,1,1,1.0
88,Saturday,5,16,Evening Rush,2,2,1,0.5
88,Saturday,5,20,Evening,2,2,2,1.0
88,Saturday,5,22,Evening,1,1,0,0.0
88,Sunday,6,16,Evening Rush,2,2,1,0.5
88,Sunday,6,17,Evening Rush,3,3,1,0.3333333333333333
88,Sunday,6,20,Evening,2,2,1,0.5
88,Thursday,3,6,Morning Rush,1,1,0,0.0
88,Thursday,3,8,Morning Rush,3,3,3,1.0
88,Thursday,3,9,Morning Rush,2,2,0,0.0
88,Thursday,3,15,Evening Rush,1,1,0,0.0
88,Thursday,3,17,Evening Rush,1,1,1,1.0
88,Thursday,3,20,Evening,2,2,0,0.0
88,Tuesday,1,9,Morning Rush,2,2,1,0.5
88,Tuesday,1,11,Midday,1,1,0,0.0
88,Tuesday,1,13,Midday,2,2,2,1.0
88,Tuesday,1,14,Midday,2,2,0,0.0
88,Tuesday,1,15,Evening Rush,2,2,0,0.0
88,Tuesday,1,20,Evening,1,1,1,1.0
88,Wednesday,2,6,Morning Rush,1,1,0,0.0
88,Wednesday,2,7,Morning Rush,1,1,1,1.0
88,Wednesday,2,12,Midday,2,2,1,0.5
88,Wednesday,2,13,Midday,1,1,1,1.0
88,Wednesday,2,15,Evening Rush,1,1,1,1.0
88,Wednesday,2,19,Evening,1,1,0,0.0
88,Wednesday,2,21,Evening,1,1,1,1.0
89,Friday,4,0,Night,1,1,0,0.0
89,Friday,4,9,Morning Rush,1,1,0,0.0
89,Friday,4,11,Midday,1,1,0,0.0
89,Friday,4,14,Midday,3,3,1,0.3333333333333333
89,Friday,4,15,Evening Rush,1,1,0,0.0
89,Friday,4,16,Evening Rush,2,2,0,0.0
89,Friday,4,17,Evening Rush,3,3,2,0.6666666666666666
89,Friday,4,18,Evening Rush,1,1,0,0.0
89,Friday,4,20,Evening,2,2,1,0.5
89,Friday,4,22,Evening,1,1,1,1.0
89,Monday,0,7,Morning Rush,1,1,0,0.0
89,Monday,0,8,Morning Rush,1,1,0,0.0
89,Monday,0,9,Morning Rush,2,2,1,0.5
89,Monday,0,10,Midday,4,4,1,0.25
89,Monday,0,11,Midday,1,1,1,1.0
89,Monday,0,12,Midday,2,2,0,0.0
89,Monday,0,13,Midday,1,1,0,0.0
89,Monday,0,14,Midday,1,1,0,0.0
89,Monday,0,15,Evening Rush,1,1,0,0.0
89,Monday,0,17,Evening Rush,2,2,1,0.5
89,Monday,0,19,Evening,1,1,0,0.0
89,Monday,0,20,Evening,3,3,0,0.0
89,Monday,0,21,Evening,2,2,1,0.5
89,Monday,0,22,Evening,1,1,1,1.0
89,Monday,0,23,Evening,1,1,0,0.0
89,Saturday,5,1,Night,2,2,1,0.5
89,Saturday,5,8,Morning Rush,1,1,0,0.0
89,Saturday,5,9,Morning Rush,1,1,0,0.0
89,Saturday,5,10,Midday,1,1,1,1.0
89,Saturday,5,12,Midday,2,2,1,0.5
89,Saturday,5,13,Midday,1,1,0,0.0
89,Saturday,5,14,Midday,2,2,0,0.0
89,Saturday,5,15,Evening Rush,1,1,0,0.0
89,Saturday,5,16,Evening Rush,1,1,0,0.0
89,Saturday,5,19,Evening,1,1,1,1.0
89,Saturday,5,21,Evening,2,2,0,0.0
89,Saturday,5,22,Evening,2,2,0,0.0
89,Sunday,6,1,Night,1,1,0,0.0
89,Sunday,6,2,Night,2,2,1,0.5
89,Sunday,6,6,Morning Rush,1,1,0,0.0
89,Sunday,6,7,Morning Rush,1,1,1,1.0
89,Sunday,6,10,Midday,1,1,0,0.0
89,Sunday,6,17,Evening Rush,1,1,0,0.0
89,Sunday,6,18,Evening Rush,1,1,1,1.0
89,Sunday,6,21,Evening,1,1,0,0.0
89,Sunday,6,23,Evening,1,1,0,0.0
89,Thursday,3,7,Morning Rush,3,3,2,0.6666666666666666
89,Thursday,3,13,Midday,1,1,1,1.0
89,Thursday,3,14,Midday,1,1,0,0.0
89,Thursday,3,15,Evening Rush,4,4,3,0.75
89,Thursday,3,16,Evening Rush,2,2,0,0.0
89,Thursday,3,17,Evening Rush,1,1,0,0.0
89,Thursday,3,18,Evening Rush,1,1,1,1.0
89,Thursday,3,20,Evening,2,2,0,0.0
89,Thursday,3,22,Evening,2,2,0,0.0
89,Tuesday,1,1,Night,1,1,0,0.0
89,Tuesday,1,5,Night,1,1,1,1.0
89,Tuesday,1,7,Morning Rush,2,2,1,0.5
89,Tuesday,1,8,Morning Rush,2,2,1,0.5
89,Tuesday,1,9,Morning Rush,2,2,2,1.0
89,Tuesday,1,12,Midday,1,1,0,0.0
89,Tuesday,1,14,Midday,2,2,0,0.0
89,Tuesday,1,15,Evening Rush,1,1,1,1.0
89,Tuesday,1,16,Evening Rush,1,1,0,0.0
89,Tuesday,1,18,Evening Rush,1,1,1,1.0
89,Tuesday,1,19,Evening,1,1,0,0.0
89,Tuesday,1,21,Evening,2,2,1,0.5
89,Tuesday,1,22,Evening,1,1,1,1.0
89,Wednesday,2,2,Night,1,1,1,1.0
89,Wednesday,2,6,Morning Rush,3,3,3,1.0
89,Wednesday,2,7,Morning Rush,1,1,1,1.0
89,Wednesday,2,10,Midday,1,1,1,1.0
89,Wednesday,2,11,Midday,1,1,0,0.0
89,Wednesday,2,12,Midday,1,1,1,1.0
89,Wednesday,2,13,Midday,2,2,0,0.0
89,Wednesday,2,14,Midday,2,2,0,0.0
89,Wednesday,2,17,Evening Rush,4,4,0,0.0
89,Wednesday,2,20,Evening,1,1,1,1.0
89,Wednesday,2,21,Evening,1,1,0,0.0
89,Wednesday,2,23,Evening,1,1,0,0.0
90,Friday,4,6,Morning Rush,1,1,1,1.0
90,Friday,4,8,Morning Rush,1,1,1,1.0
90,Friday,4,10,Midday,1,1,1,1.0
90,Friday,4,12,Midday,2,2,2,1.0
90,Friday,4,16,Evening Rush,2,2,0,0.0
90,Monday,0,7,Morning Rush,1,1,0,0.0
90,Monday,0,8,Morning Rush,2,2,2,1.0
90,Monday,0,9,Morning Rush,1,1,1,1.0
90,Monday,0,12,Midday,1,1,0,0.0
90,Monday,0,16,Evening Rush,1,1,1,1.0
90,Monday,0,22,Evening,1,1,1,1.0
90,Monday,0,23,Evening,1,1,1,1.0
90,Saturday,5,12,Midday,1,1,1,1.0
90,Saturday,5,15,Evening Rush,2,2,1,0.5
90,Saturday,5,20,Evening,1,1,1,1.0
90,Sunday,6,13,Midday,1,1,0,0.0
90,Sunday,6,21,Evening,1,1,1,1.0
90,Thursday,3,11,Midday,1,1,1,1.0
90,Thursday,3,13,Midday,1,1,1,1.0
90,Thursday,3,15,Evening Rush,1,1,0,0.0
90,Thursday,3,18,Evening Rush,2,2,2,1.0
90,Thursday,3,19,Evening,1,1,1,1.0
90,Tuesday,1,8,Morning Rush,1,1,1,1.0
90,Tuesday,1,11,Midday,2,2,1,0.5
90,Tuesday,1,15,Evening Rush,1,1,0,0.0
90,Tuesday,1,16,Evening Rush,1,1,0,0.0
90,Tuesday,1,17,Evening Rush,2,2,0,0.0
90,Wednesday,2,0,Night,1,1,1,1.0
90,Wednesday,2,7,Morning Rush,1,1,1,1.0
90,Wednesday,2,8,Morning Rush,1,1,0,0.0
90,Wednesday,2,9,Morning Rush,1,1,0,0.0
90,Wednesday,2,15,Evening Rush,2,2,0,0.0
90,Wednesday,2,21,Evening,1,1,0,0.0
91,Friday,4,8,Morning Rush,1,1,1,1.0
91,Friday,4,9,Morning Rush,1,1,1,1.0
91,Friday,4,16,Evening Rush,1,1,1,1.0
91,Friday,4,17,Evening Rush,1,1,0,0.0
91,Friday,4,19,Evening,1,1,1,1.0
91,Monday,0,8,Morning Rush,1,1,0,0.0
91,Monday,0,10,Midday,1,1,0,0.0
91,Monday,0,15,Evening Rush,1,1,0,0.0
91,Monday,0,16,Evening Rush,2,2,0,0.0
91,Monday,0,17,Evening Rush,2,2,2,1.0
91,Monday,0,20,Evening,1,1,1,1.0
91,Sunday,6,8,Morning Rush,1,1,0,0.0
91,Sunday,6,16,Evening Rush,1,1,1,1.0
91,Sunday,6,17,Evening Rush,1,1,0,0.0
91,Thursday,3,7,Morning Rush,2,2,2,1.0
91,Thursday,3,17,Evening Rush,1,1,0,0.0
91,Thursday,3,18,Evening Rush,1,1,1,1.0
91,Thursday,3,19,Evening,1,1,0,0.0
91,Thursday,3,20,Evening,1,1,0,0.0
91,Thursday,3,23,Evening,1,1,1,1.0
91,Tuesday,1,8,Morning Rush,3,3,2,0.6666666666666666
91,Tuesday,1,14,Midday,1,1,0,0.0
91,Tuesday,1,19,Evening,2,2,1,0.5
91,Wednesday,2,1,Night,1,1,1,1.0
91,Wednesday,2,8,Morning Rush,1,1,0,0.0
91,Wednesday,2,11,Midday,1,1,1,1.0
91,Wednesday,2,15,Evening Rush,1,1,1,1.0
91,Wednesday,2,17,Evening Rush,2,2,2,1.0
91,Wednesday,2,18,Evening Rush,1,1,0,0.0
91,Wednesday,2,19,Evening,1,1,0,0.0
92,Friday,4,4,Night,1,1,1,1.0
92,Friday,4,6,Morning Rush,1,1,1,1.0
92,Friday,4,13,Midday,1,1,0,0.0
92,Friday,4,15,Evening Rush,1,1,1,1.0
92,Friday,4,17,Evening Rush,1,1,0,0.0
92,Friday,4,19,Evening,1,1,1,1.0
92,Monday,0,4,Night,1,1,1,1.0
92,Monday,0,11,Midday,1,1,1,1.0
92,Monday,0,17,Evening Rush,1,1,0,0.0
92,Saturday,5,0,Night,1,1,1,1.0
92,Saturday,5,11,Midday,1,1,0,0.0
92,Sunday,6,8,Morning Rush,1,1,0,0.0
92,Sunday,6,13,Midday,1,1,0,0.0
92,Sunday,6,17,Evening Rush,1,1,1,1.0
92,Sunday,6,19,Evening,1,1,1,1.0
92,Thursday,3,13,Midday,1,1,1,1.0
92,Thursday,3,19,Evening,1,1,0,0.0
92,Tuesday,1,21,Evening,1,1,0,0.0
92,Wednesday,2,1,Night,1,1,0,0.0
92,Wednesday,2,7,Morning Rush,1,1,1,1.0
92,Wednesday,2,9,Morning Rush,1,1,0,0.0
92,Wednesday,2,15,Evening Rush,1,1,1,1.0
92,Wednesday,2,16,Evening Rush,1,1,1,1.0
92,Wednesday,2,19,Evening,1,1,1,1.0
93,Friday,4,3,Night,1,1,0,0.0
93,Friday,4,15,Evening Rush,2,2,0,0.0
93,Friday,4,17,Evening Rush,2,2,1,0.5
93,Monday,0,8,Morning Rush,2,2,2,1.0
93,Monday,0,10,Midday,1,1,0,0.0
93,Monday,0,12,Midday,1,1,0,0.0
93,Monday,0,14,Midday,1,1,0,0.0
93,Monday,0,15,Evening Rush,1,1,1,1.0
93,Saturday,5,7,Morning Rush,1,1,1,1.0
93,Saturday,5,9,Morning Rush,2,2,1,0.5
93,Saturday,5,10,Midday,1,1,0,0.0
93,Saturday,5,14,Midday,1,1,1,1.0
93,Saturday,5,16,Evening Rush,2,2,0,0.0
93,Saturday,5,17,Evening Rush,1,1,0,0.0
93,Sunday,6,10,Midday,2,2,1,0.5
93,Sunday,6,17,Evening Rush,1,1,1,1.0
93,Sunday,6,19,Evening,1,1,1,1.0
93,Thursday,3,3,Night,1,1,0,0.0
93,Thursday,3,7,Morning Rush,1,1,1,1.0
93,Thursday,3,9,Morning Rush,2,2,1,0.5
93,Thursday,3,15,Evening Rush,1,1,0,0.0
93,Thursday,3,16,Evening Rush,1,1,0,0.0
93,Thursday,3,18,Evening Rush,2,2,2,1.0
93,Tuesday,1,10,Midday,1,1,0,0.0
93,Tuesday,1,11,Midday,1,1,1,1.0
93,Tuesday,1,15,Evening Rush,1,1,1,1.0
93,Tuesday,1,16,Evening Rush,1,1,1,1.0
93,Wednesday,2,7,Morning Rush,1,1,0,0.0
93,Wednesday,2,8,Morning Rush,1,1,1,1.0
93,Wednesday,2,12,Midday,2,2,2,1.0
93,Wednesday,2,13,Midday,1,1,0,0.0
93,Wednesday,2,18,Evening Rush,1,1,1,1.0
93,Wednesday,2,19,Evening,1,1,0,0.0
94,Friday,4,1,Night,1,1,1,1.0
94,Friday,4,2,Night,1,1,1,1.0
94,Friday,4,4,Night,1,1,0,0.0
94,Friday,4,6,Morning Rush,4,4,2,0.5
94,Friday,4,7,Morning Rush,2,2,1,0.5
94,Friday,4,8,Morning Rush,3,3,2,0.6666666666666666
94,Friday,4,9,Morning Rush,2,2,2,1.0
94,Friday,4,10,Midday,2,2,2,1.0
94,Friday,4,11,Midday,5,5,4,0.8
94,Friday,4,12,Midday,5,5,2,0.4
94,Friday,4,13,Midday,4,4,0,0.0
94,Friday,4,14,Midday,5,5,2,0.4
94,Friday,4,15,Evening Rush,5,5,0,0.0
94,Friday,4,16,Evening Rush,8,8,1,0.125
94,Friday,4,17,Evening Rush,2,2,0,0.0
94,Friday,4,18,Evening Rush,6,6,3,0.5
94,Friday,4,19,Evening,1,1,1,1.0
94,Friday,4,20,Evening,4,4,4,1.0
94,Friday,4,21,Evening,4,4,4,1.0
94,Monday,0,5,Night,1,1,1,1.0
94,Monday,0,7,Morning Rush,4,4,3,0.75
94,Monday,0,8,Morning Rush,4,4,2,0.5
94,Monday,0,9,Morning Rush,3,3,2,0.6666666666666666
94,Monday,0,10,Midday,3,3,2,0.6666666666666666
94,Monday,0,11,Midday,2,2,0,0.0
94,Monday,0,12,Midday,2,2,2,1.0
94,Monday,0,14,Midday,1,1,1,1.0
94,Monday,0,15,Evening Rush,3,3,1,0.3333333333333333
94,Monday,0,16,Evening Rush,3,3,1,0.3333333333333333
94,Monday,0,17,Evening Rush,4,4,3,0.75
94,Monday,0,18,Evening Rush,1,1,1,1.0
94,Monday,0,19,Evening,2,2,1,0.5
94,Monday,0,20,Evening,3,3,2,0.6666666666666666
94,Monday,0,21,Evening,1,1,0,0.0
94,Monday,0,23,Evening,1,1,1,1.0
94,Saturday,5,2,Night,1,1,1,1.0
94,Saturday,5,8,Morning Rush,3,3,3,1.0
94,Saturday,5,9,Morning Rush,5,5,3,0.6
94,Saturday,5,10,Midday,1,1,1,1.0
94,Saturday,5,11,Midday,1,1,1,1.0
94,Saturday,5,12,Midday,1,1,0,0.0
94,Saturday,5,13,Midday,4,4,2,0.5
94,Saturday,5,14,Midday,5,5,3,0.6
94,Saturday,5,15,Evening Rush,3,3,3,1.0
94,Saturday,5,16,Evening Rush,2,2,2,1.0
94,Saturday,5,17,Evening Rush,1,1,1,1.0
94,Saturday,5,18,Evening Rush,3,3,2,0.6666666666666666
94,Saturday,5,21,Evening,2,2,2,1.0
94,Saturday,5,22,Evening,1,1,0,0.0
94,Sunday,6,0,Night,2,2,2,1.0
94,Sunday,6,6,Morning Rush,1,1,0,0.0
94,Sunday,6,9,Morning Rush,4,4,4,1.0
94,Sunday,6,10,Midday,3,3,3,1.0
94,Sunday,6,11,Midday,1,1,0,0.0
94,Sunday,6,12,Midday,1,1,1,1.0
94,Sunday,6,13,Midday,3,3,2,0.6666666666666666
94,Sunday,6,14,Midday,3,3,1,0.3333333333333333
94,Sunday,6,16,Evening Rush,1,1,1,1.0
94,Sunday,6,18,Evening Rush,1,1,1,1.0
94,Sunday,6,20,Evening,3,3,2,0.6666666666666666
94,Sunday,6,21,Evening,3,3,2,0.6666666666666666
94,Sunday,6,22,Evening,3,3,0,0.0
94,Thursday,3,1,Night,3,3,1,0.3333333333333333
94,Thursday,3,4,Night,1,1,1,1.0
94,Thursday,3,5,Night,1,1,1,1.0
94,Thursday,3,6,Morning Rush,2,2,1,0.5
94,Thursday,3,7,Morning Rush,1,1,0,0.0
94,Thursday,3,8,Morning Rush,7,7,4,0.5714285714285714
94,Thursday,3,9,Morning Rush,9,9,3,0.3333333333333333
94,Thursday,3,10,Midday,2,2,2,1.0
94,Thursday,3,11,Midday,3,3,1,0.3333333333333333
94,Thursday,3,12,Midday,2,2,0,0.0
94,Thursday,3,13,Midday,2,2,1,0.5
94,Thursday,3,14,Midday,3,3,1,0.3333333333333333
94,Thursday,3,15,Evening Rush,7,7,3,0.42857142857142855
94,Thursday,3,16,Evening Rush,6,6,2,0.3333333333333333
94,Thursday,3,17,Evening Rush,1,1,0,0.0
94,Thursday,3,18,Evening Rush,1,1,0,0.0
94,Thursday,3,19,Evening,2,2,0,0.0
94,Thursday,3,21,Evening,3,3,1,0.3333333333333333
94,Thursday,3,22,Evening,2,2,2,1.0
94,Thursday,3,23,Evening,1,1,1,1.0
94,Tuesday,1,4,Night,3,3,2,0.6666666666666666
94,Tuesday,1,6,Morning Rush,2,2,2,1.0
94,Tuesday,1,7,Morning Rush,4,4,2,0.5
94,Tuesday,1,8,Morning Rush,4,4,2,0.5
94,Tuesday,1,9,Morning Rush,3,3,1,0.3333333333333333
94,Tuesday,1,10,Midday,5,5,2,0.4
94,Tuesday,1,11,Midday,3,3,0,0.0
94,Tuesday,1,12,Midday,1,1,0,0.0
94,Tuesday,1,13,Midday,3,3,1,0.3333333333333333
94,Tuesday,1,14,Midday,2,2,1,0.5
94,Tuesday,1,15,Evening Rush,3,3,2,0.6666666666666666
94,Tuesday,1,17,Evening Rush,1,1,0,0.0
94,Tuesday,1,18,Evening Rush,2,2,1,0.5
94,Tuesday,1,19,Evening,2,2,1,0.5
94,Tuesday,1,20,Evening,3,3,2,0.6666666666666666
94,Tuesday,1,21,Evening,1,1,1,1.0
94,Tuesday,1,22,Evening,2,2,2,1.0
94,Tuesday,1,23,Evening,2,2,2,1.0
94,Wednesday,2,0,Night,1,1,1,1.0
94,Wednesday,2,3,Night,1,1,0,0.0
94,Wednesday,2,5,Night,2,2,1,0.5
94,Wednesday,2,6,Morning Rush,2,2,2,1.0
94,Wednesday,2,7,Morning Rush,5,5,2,0.4
94,Wednesday,2,8,Morning Rush,6,6,3,0.5
94,Wednesday,2,9,Morning Rush,6,6,4,0.6666666666666666
94,Wednesday,2,10,Midday,4,4,1,0.25
94,Wednesday,2,11,Midday,4,4,1,0.25
94,Wednesday,2,13,Midday,2,2,1,0.5
94,Wednesday,2,14,Midday,1,1,0,0.0
94,Wednesday,2,15,Evening Rush,2,2,0,0.0
94,Wednesday,2,16,Evening Rush,5,5,1,0.2
94,Wednesday,2,19,Evening,1,1,1,1.0
94,Wednesday,2,20,Evening,2,2,2,1.0
94,Wednesday,2,21,Evening,2,2,2,1.0
94,Wednesday,2,22,Evening,2,2,1,0.5
94,Wednesday,2,23,Evening,1,1,1,1.0
95,Friday,4,7,Morning Rush,2,2,1,0.5
95,Friday,4,9,Morning Rush,1,1,1,1.0
95,Friday,4,11,Midday,4,4,3,0.75
95,Friday,4,12,Midday,3,3,2,0.6666666666666666
95,Friday,4,14,Midday,1,1,1,1.0
95,Friday,4,15,Evening Rush,2,2,0,0.0
95,Friday,4,16,Evening Rush,2,2,0,0.0
95,Friday,4,17,Evening Rush,1,1,0,0.0
95,Friday,4,18,Evening Rush,1,1,0,0.0
95,Monday,0,4,Night,2,2,0,0.0
95,Monday,0,7,Morning Rush,1,1,0,0.0
95,Monday,0,9,Morning Rush,1,1,1,1.0
95,Monday,0,13,Midday,1,1,1,1.0
95,Monday,0,14,Midday,1,1,0,0.0
95,Monday,0,15,Evening Rush,1,1,1,1.0
95,Monday,0,18,Evening Rush,2,2,1,0.5
95,Monday,0,19,Evening,1,1,0,0.0
95,Saturday,5,1,Night,1,1,0,0.0
95,Saturday,5,9,Morning Rush,2,2,1,0.5
95,Saturday,5,10,Midday,1,1,1,1.0
95,Saturday,5,16,Evening Rush,1,1,0,0.0
95,Saturday,5,17,Evening Rush,1,1,1,1.0
95,Saturday,5,19,Evening,1,1,1,1.0
95,Sunday,6,9,Morning Rush,1,1,0,0.0
95,Sunday,6,12,Midday,1,1,0,0.0
95,Sunday,6,15,Evening Rush,2,2,1,0.5
95,Sunday,6,17,Evening Rush,1,1,0,0.0
95,Sunday,6,18,Evening Rush,1,1,1,1.0
95,Sunday,6,19,Evening,1,1,0,0.0
95,Thursday,3,7,Morning Rush,1,1,1,1.0
95,Thursday,3,13,Midday,1,1,1,1.0
95,Thursday,3,16,Evening Rush,2,2,0,0.0
95,Thursday,3,17,Evening Rush,1,1,0,0.0
95,Thursday,3,19,Evening,1,1,1,1.0
95,Thursday,3,20,Evening,1,1,0,0.0
95,Tuesday,1,14,Midday,1,1,0,0.0
95,Tuesday,1,15,Evening Rush,1,1,0,0.0
95,Tuesday,1,17,Evening Rush,1,1,0,0.0
95,Tuesday,1,18,Evening Rush,1,1,0,0.0
95,Tuesday,1,23,Evening,1,1,1,1.0
95,Wednesday,2,7,Morning Rush,3,3,2,0.6666666666666666
95,Wednesday,2,9,Morning Rush,1,1,0,0.0
95,Wednesday,2,10,Midday,1,1,1,1.0
95,Wednesday,2,16,Evening Rush,1,1,0,0.0
95,Wednesday,2,19,Evening,1,1,0,0.0
95,Wednesday,2,20,Evening,2,2,0,0.0
96,Friday,4,3,Night,1,1,0,0.0
96,Friday,4,12,Midday,3,3,1,0.3333333333333333
96,Friday,4,13,Midday,3,3,0,0.0
96,Friday,4,14,Midday,2,2,0,0.0
96,Friday,4,15,Evening Rush,1,1,1,1.0
96,Friday,4,16,Evening Rush,1,1,0,0.0
96,Friday,4,18,Evening Rush,1,1,0,0.0
96,Friday,4,19,Evening,1,1,0,0.0
96,Monday,0,0,Night,1,1,0,0.0
96,Monday,0,10,Midday,2,2,1,0.5
96,Monday,0,11,Midday,2,2,0,0.0
96,Monday,0,16,Evening Rush,1,1,0,0.0
96,Monday,0,17,Evening Rush,1,1,0,0.0
96,Monday,0,18,Evening Rush,3,3,0,0.0
96,Saturday,5,11,Midday,1,1,0,0.0
96,Saturday,5,12,Midday,1,1,0,0.0
96,Saturday,5,14,Midday,5,5,0,0.0
96,Saturday,5,15,Evening Rush,1,1,0,0.0
96,Saturday,5,17,Evening Rush,3,3,1,0.3333333333333333
96,Sunday,6,11,Midday,1,1,1,1.0
96,Sunday,6,12,Midday,2,2,1,0.5
96,Sunday,6,17,Evening Rush,1,1,0,0.0
96,Thursday,3,8,Morning Rush,1,1,0,0.0
96,Thursday,3,9,Morning Rush,1,1,0,0.0
96,Thursday,3,11,Midday,1,1,0,0.0
96,Thursday,3,12,Midday,1,1,1,1.0
96,Thursday,3,13,Midday,1,1,0,0.0
96,Thursday,3,15,Evening Rush,1,1,0,0.0
96,Thursday,3,16,Evening Rush,2,2,0,0.0
96,Thursday,3,18,Evening Rush,1,1,0,0.0
96,Tuesday,1,9,Morning Rush,1,1,0,0.0
96,Tuesday,1,10,Midday,1,1,0,0.0
96,Tuesday,1,11,Midday,2,2,1,0.5
96,Tuesday,1,12,Midday,3,3,0,0.0
96,Tuesday,1,13,Midday,1,1,0,0.0
96,Tuesday,1,14,Midday,1,1,0,0.0
96,Tuesday,1,16,Evening Rush,3,3,3,1.0
96,Tuesday,1,17,Evening Rush,1,1,0,0.0
96,Tuesday,1,18,Evening Rush,2,2,2,1.0
96,Wednesday,2,8,Morning Rush,1,1,1,1.0
96,Wednesday,2,12,Midday,2,2,2,1.0
96,Wednesday,2,14,Midday,2,2,0,0.0
96,Wednesday,2,15,Evening Rush,1,1,0,0.0
96,Wednesday,2,17,Evening Rush,2,2,1,0.5
97,Friday,4,0,Night,3,3,2,0.6666666666666666
97,Friday,4,6,Morning Rush,1,1,1,1.0
97,Friday,4,7,Morning Rush,1,1,1,1.0
97,Friday,4,9,Morning Rush,2,2,0,0.0
97,Friday,4,10,Midday,1,1,1,1.0
97,Friday,4,11,Midday,1,1,0,0.0
97,Friday,4,12,Midday,3,3,1,0.3333333333333333
97,Friday,4,13,Midday,4,4,1,0.25
97,Friday,4,14,Midday,2,2,0,0.0
97,Friday,4,15,Evening Rush,3,3,0,0.0
97,Friday,4,16,Evening Rush,1,1,0,0.0
97,Friday,4,17,Evening Rush,1,1,0,0.0
97,Friday,4,20,Evening,2,2,0,0.0
97,Friday,4,22,Evening,4,4,2,0.5
97,Friday,4,23,Evening,1,1,0,0.0
97,Monday,0,0,Night,1,1,0,0.0
97,Monday,0,2,Night,1,1,0,0.0
97,Monday,0,4,Night,1,1,1,1.0
97,Monday,0,7,Morning Rush,1,1,1,1.0
97,Monday,0,8,Morning Rush,2,2,2,1.0
97,Monday,0,9,Morning Rush,2,2,0,0.0
97,Monday,0,12,Midday,1,1,0,0.0
97,Monday,0,15,Evening Rush,1,1,1,1.0
97,Monday,0,16,Evening Rush,2,2,2,1.0
97,Monday,0,17,Evening Rush,2,2,2,1.0
97,Monday,0,18,Evening Rush,3,3,2,0.6666666666666666
97,Monday,0,19,Evening,1,1,0,0.0
97,Monday,0,21,Evening,2,2,0,0.0
97,Saturday,5,2,Night,1,1,1,1.0
97,Saturday,5,6,Morning Rush,1,1,0,0.0
97,Saturday,5,7,Morning Rush,1,1,0,0.0
97,Saturday,5,8,Morning Rush,2,2,2,1.0
97,Saturday,5,9,Morning Rush,1,1,0,0.0
97,Saturday,5,11,Midday,3,3,0,0.0
97,Saturday,5,12,Midday,1,1,1,1.0
97,Saturday,5,13,Midday,3,3,1,0.3333333333333333
97,Saturday,5,14,Midday,2,2,1,0.5
97,Saturday,5,15,Evening Rush,1,1,0,0.0
97,Saturday,5,16,Evening Rush,2,2,0,0.0
97,Saturday,5,18,Evening Rush,2,2,0,0.0
97,Saturday,5,19,Evening,3,3,3,1.0
97,Saturday,5,20,Evening,1,1,1,1.0
97,Saturday,5,21,Evening,3,3,1,0.3333333333333333
97,Sunday,6,3,Night,1,1,1,1.0
97,Sunday,6,6,Morning Rush,1,1,0,0.0
97,Sunday,6,9,Morning Rush,1,1,0,0.0
97,Sunday,6,10,Midday,2,2,2,1.0
97,Sunday,6,11,Midday,2,2,0,0.0
97,Sunday,6,13,Midday,1,1,0,0.0
97,Sunday,6,14,Midday,1,1,1,1.0
97,Sunday,6,16,Evening Rush,1,1,0,0.0
97,Sunday,6,18,Evening Rush,1,1,0,0.0
97,Sunday,6,23,Evening,1,1,1,1.0
97,Thursday,3,5,Night,1,1,1,1.0
97,Thursday,3,6,Morning Rush,1,1,1,1.0
97,Thursday,3,7,Morning Rush,1,1,1,1.0
97,Thursday,3,9,Morning Rush,1,1,1,1.0
97,Thursday,3,10,Midday,1,1,0,0.0
97,Thursday,3,12,Midday,2,2,0,0.0
97,Thursday,3,13,Midday,2,2,0,0.0
97,Thursday,3,14,Midday,1,1,0,0.0
97,Thursday,3,15,Evening Rush,2,2,0,0.0
97,Thursday,3,16,Evening Rush,4,4,2,0.5
97,Thursday,3,17,Evening Rush,2,2,0,0.0
97,Thursday,3,19,Evening,5,5,1,0.2
97,Thursday,3,20,Evening,1,1,0,0.0
97,Thursday,3,21,Evening,1,1,1,1.0
97,Tuesday,1,7,Morning Rush,1,1,1,1.0
97,Tuesday,1,8,Morning Rush,1,1,0,0.0
97,Tuesday,1,9,Morning Rush,2,2,0,0.0
97,Tuesday,1,10,Midday,1,1,1,1.0
97,Tuesday,1,12,Midday,3,3,0,0.0
97,Tuesday,1,13,Midday,3,3,1,0.3333333333333333
97,Tuesday,1,14,Midday,3,3,0,0.0
97,Tuesday,1,16,Evening Rush,1,1,0,0.0
97,Tuesday,1,17,Evening Rush,2,2,1,0.5
97,Tuesday,1,18,Evening Rush,2,2,0,0.0
97,Tuesday,1,23,Evening,1,1,0,0.0
97,Wednesday,2,8,Morning Rush,2,2,2,1.0
97,Wednesday,2,9,Morning Rush,4,4,2,0.5
97,Wednesday,2,10,Midday,2,2,0,0.0
97,Wednesday,2,11,Midday,2,2,1,0.5
97,Wednesday,2,12,Midday,3,3,0,0.0
97,Wednesday,2,13,Midday,4,4,2,0.5
97,Wednesday,2,14,Midday,1,1,1,1.0
97,Wednesday,2,15,Evening Rush,2,2,0,0.0
97,Wednesday,2,16,Evening Rush,3,3,1,0.3333333333333333
97,Wednesday,2,17,Evening Rush,4,4,0,0.0
97,Wednesday,2,18,Evening Rush,2,2,2,1.0
97,Wednesday,2,19,Evening,1,1,1,1.0
97,Wednesday,2,21,Evening,2,2,1,0.5
97,Wednesday,2,23,Evening,1,1,0,0.0
98,Friday,4,8,Morning Rush,2,2,0,0.0
98,Friday,4,12,Midday,1,1,0,0.0
98,Friday,4,18,Evening Rush,2,2,1,0.5
98,Friday,4,23,Evening,1,1,0,0.0
98,Monday,0,15,Evening Rush,1,1,1,1.0
98,Monday,0,16,Evening Rush,1,1,0,0.0
98,Saturday,5,17,Evening Rush,1,1,0,0.0
98,Sunday,6,5,Night,1,1,1,1.0
98,Thursday,3,9,Morning Rush,1,1,0,0.0
98,Thursday,3,16,Evening Rush,2,2,0,0.0
98,Thursday,3,18,Evening Rush,1,1,1,1.0
98,Tuesday,1,11,Midday,1,1,0,0.0
98,Tuesday,1,14,Midday,1,1,0,0.0
98,Tuesday,1,16,Evening Rush,1,1,0,0.0
98,Wednesday,2,6,Morning Rush,1,1,1,1.0
98,Wednesday,2,9,Morning Rush,1,1,0,0.0
98,Wednesday,2,10,Midday,1,1,0,0.0
98,Wednesday,2,15,Evening Rush,1,1,1,1.0
98,Wednesday,2,20,Evening,1,1,0,0.0
99,Friday,4,11,Midday,1,1,0,0.0
99,Friday,4,14,Midday,1,1,1,1.0
99,Friday,4,18,Evening Rush,3,3,0,0.0
99,Monday,0,10,Midday,1,1,0,0.0
99,Monday,0,15,Evening Rush,1,1,1,1.0
99,Monday,0,20,Evening,1,1,0,0.0
99,Saturday,5,9,Morning Rush,1,1,0,0.0
99,Saturday,5,12,Midday,1,1,1,1.0
99,Saturday,5,16,Evening Rush,1,1,1,1.0
99,Saturday,5,18,Evening Rush,1,1,1,1.0
99,Thursday,3,7,Morning Rush,2,2,1,0.5
99,Thursday,3,8,Morning Rush,1,1,0,0.0
99,Thursday,3,10,Midday,1,1,0,0.0
99,Thursday,3,15,Evening Rush,1,1,0,0.0
99,Thursday,3,17,Evening Rush,1,1,0,0.0
99,Thursday,3,18,Evening Rush,1,1,0,0.0
99,Thursday,3,21,Evening,1,1,1,1.0
99,Tuesday,1,8,Morning Rush,4,4,1,0.25
99,Tuesday,1,10,Midday,1,1,0,0.0
99,Tuesday,1,11,Midday,1,1,0,0.0
99,Tuesday,1,12,Midday,1,1,0,0.0
99,Tuesday,1,13,Midday,2,2,1,0.5
99,Tuesday,1,16,Evening Rush,1,1,0,0.0
99,Tuesday,1,20,Evening,1,1,1,1.0
99,Tuesday,1,23,Evening,1,1,0,0.0
99,Wednesday,2,7,Morning Rush,1,1,0,0.0
99,Wednesday,2,8,Morning Rush,1,1,1,1.0
99,Wednesday,2,9,Morning Rush,2,2,1,0.5
99,Wednesday,2,15,Evening Rush,1,1,1,1.0
99,Wednesday,2,17,Evening Rush,3,3,0,0.0
100,Friday,4,6,Morning Rush,1,1,0,0.0
100,Friday,4,7,Morning Rush,1,1,0,0.0
100,Friday,4,8,Morning Rush,2,2,1,0.5
100,Friday,4,10,Midday,1,1,0,0.0
100,Friday,4,15,Evening Rush,1,1,1,1.0
100,Friday,4,16,Evening Rush,1,1,1,1.0
100,Friday,4,17,Evening Rush,1,1,1,1.0
100,Monday,0,7,Morning Rush,1,1,1,1.0
100,Monday,0,17,Evening Rush,2,2,1,0.5
100,Monday,0,19,Evening,1,1,1,1.0
100,Monday,0,21,Evening,1,1,0,0.0
100,Saturday,5,18,Evening Rush,1,1,0,0.0
100,Saturday,5,20,Evening,1,1,0,0.0
100,Sunday,6,13,Midday,1,1,0,0.0
100,Sunday,6,16,Evening Rush,1,1,0,0.0
100,Sunday,6,19,Evening,1,1,1,1.0
100,Thursday,3,7,Morning Rush,2,2,1,0.5
100,Thursday,3,15,Evening Rush,1,1,0,0.0
100,Thursday,3,18,Evening Rush,1,1,1,1.0
100,Tuesday,1,7,Morning Rush,3,3,3,1.0
100,Tuesday,1,8,Morning Rush,1,1,0,0.0
100,Tuesday,1,12,Midday,1,1,0,0.0
100,Tuesday,1,15,Evening Rush,2,2,0,0.0
100,Tuesday,1,16,Evening Rush,1,1,0,0.0
100,Tuesday,1,18,Evening Rush,1,1,0,0.0
100,Wednesday,2,7,Morning Rush,1,1,0,0.0
100,Wednesday,2,12,Midday,1,1,0,0.0
100,Wednesday,2,14,Midday,1,1,0,0.0
100,Wednesday,2,15,Evening Rush,1,1,1,1.0
100,Wednesday,2,17,Evening Rush,1,1,1,1.0
100,Wednesday,2,18,Evening Rush,1,1,1,1.0
100,Wednesday,2,19,Evening,1,1,0,0.0
101,Friday,4,0,Night,1,1,1,1.0
101,Friday,4,8,Morning Rush,1,1,0,0.0
101,Friday,4,15,Evening Rush,1,1,1,1.0
101,Friday,4,16,Evening Rush,1,1,1,1.0
101,Friday,4,19,Evening,1,1,0,0.0
101,Monday,0,17,Evening Rush,2,2,0,0.0
101,Monday,0,18,Evening Rush,1,1,0,0.0
101,Monday,0,21,Evening,1,1,0,0.0
101,Monday,0,23,Evening,1,1,1,1.0
101,Saturday,5,1,Night,1,1,0,0.0
101,Saturday,5,2,Night,2,2,1,0.5
101,Saturday,5,3,Night,1,1,1,1.0
101,Saturday,5,10,Midday,1,1,0,0.0
101,Saturday,5,14,Midday,1,1,1,1.0
101,Saturday,5,16,Evening Rush,1,1,0,0.0
101,Saturday,5,18,Evening Rush,1,1,1,1.0
101,Saturday,5,19,Evening,2,2,1,0.5
101,Saturday,5,22,Evening,1,1,0,0.0
101,Saturday,5,23,Evening,2,2,0,0.0
101,Sunday,6,1,Night,1,1,1,1.0
101,Sunday,6,8,Morning Rush,1,1,0,0.0
101,Sunday,6,9,Morning Rush,1,1,1,1.0
101,Sunday,6,12,Midday,1,1,0,0.0
101,Sunday,6,13,Midday,1,1,0,0.0
101,Sunday,6,14,Midday,1,1,0,0.0
101,Sunday,6,18,Evening Rush,1,1,0,0.0
101,Sunday,6,19,Evening,1,1,0,0.0
101,Sunday,6,20,Evening,1,1,1,1.0
101,Thursday,3,0,Night,1,1,0,0.0
101,Thursday,3,6,Morning Rush,1,1,1,1.0
101,Thursday,3,8,Morning Rush,1,1,1,1.0
101,Thursday,3,9,Morning Rush,1,1,1,1.0
101,Thursday,3,14,Midday,1,1,0,0.0
101,Thursday,3,16,Evening Rush,1,1,0,0.0
101,Tuesday,1,13,Midday,1,1,0,0.0
101,Tuesday,1,16,Evening Rush,2,2,1,0.5
101,Tuesday,1,18,Evening Rush,1,1,0,0.0
101,Wednesday,2,4,Night,1,1,0,0.0
101,Wednesday,2,12,Midday,1,1,1,1.0
101,Wednesday,2,13,Midday,2,2,0,0.0
101,Wednesday,2,18,Evening Rush,1,1,0,0.0
101,Wednesday,2,20,Evening,1,1,0,0.0
101,Wednesday,2,21,Evening,1,1,1,1.0
102,Friday,4,7,Morning Rush,1,1,0,0.0
102,Friday,4,10,Midday,1,1,0,0.0
102,Friday,4,14,Midday,2,2,0,0.0
102,Friday,4,18,Evening Rush,1,1,1,1.0
102,Friday,4,21,Evening,1,1,0,0.0
102,Monday,0,8,Morning Rush,1,1,1,1.0
102,Monday,0,9,Morning Rush,2,2,0,0.0
102,Monday,0,12,Midday,1,1,0,0.0
102,Monday,0,15,Evening Rush,1,1,0,0.0
102,Monday,0,23,Evening,1,1,0,0.0
102,Saturday,5,14,Midday,1,1,1,1.0
102,Saturday,5,16,Evening Rush,1,1,1,1.0
102,Sunday,6,11,Midday,1,1,0,0.0
102,Sunday,6,13,Midday,1,1,0,0.0
102,Sunday,6,19,Evening,1,1,0,0.0
102,Sunday,6,20,Evening,1,1,1,1.0
102,Thursday,3,8,Morning Rush,1,1,1,1.0
102,Thursday,3,12,Midday,1,1,1,1.0
102,Thursday,3,17,Evening Rush,1,1,1,1.0
102,Tuesday,1,6,Morning Rush,1,1,0,0.0
102,Tuesday,1,7,Morning Rush,1,1,1,1.0
102,Tuesday,1,11,Midday,1,1,1,1.0
102,Tuesday,1,12,Midday,1,1,0,0.0
102,Tuesday,1,15,Evening Rush,3,3,0,0.0
102,Wednesday,2,0,Night,1,1,1,1.0
102,Wednesday,2,9,Morning Rush,1,1,0,0.0
102,Wednesday,2,14,Midday,1,1,0,0.0
102,Wednesday,2,16,Evening Rush,1,1,1,1.0
102,Wednesday,2,17,Evening Rush,1,1,1,1.0
102,Wednesday,2,18,Evening Rush,1,1,1,1.0
102,Wednesday,2,19,Evening,1,1,0,0.0
103,Friday,4,5,Night,1,1,1,1.0
103,Friday,4,6,Morning Rush,1,1,1,1.0
103,Friday,4,9,Morning Rush,1,1,1,1.0
103,Friday,4,12,Midday,1,1,0,0.0
103,Friday,4,13,Midday,1,1,0,0.0
103,Friday,4,14,Midday,1,1,0,0.0
103,Friday,4,15,Evening Rush,1,1,0,0.0
103,Monday,0,6,Morning Rush,1,1,0,0.0
103,Monday,0,8,Morning Rush,2,2,0,0.0
103,Monday,0,15,Evening Rush,3,3,0,0.0
103,Monday,0,16,Evening Rush,1,1,1,1.0
103,Saturday,5,15,Evening Rush,1,1,0,0.0
103,Sunday,6,6,Morning Rush,1,1,0,0.0
103,Sunday,6,14,Midday,1,1,1,1.0
103,Sunday,6,17,Evening Rush,1,1,1,1.0
103,Thursday,3,4,Night,1,1,1,1.0
103,Thursday,3,9,Morning Rush,1,1,0,0.0
103,Thursday,3,10,Midday,1,1,1,1.0
103,Thursday,3,11,Midday,2,2,2,1.0
103,Thursday,3,12,Midday,3,3,1,0.3333333333333333
103,Thursday,3,15,Evening Rush,2,2,0,0.0
103,Thursday,3,20,Evening,1,1,0,0.0
103,Tuesday,1,7,Morning Rush,2,2,1,0.5
103,Tuesday,1,9,Morning Rush,2,2,2,1.0
103,Tuesday,1,10,Midday,2,2,1,0.5
103,Tuesday,1,13,Midday,1,1,1,1.0
103,Tuesday,1,15,Evening Rush,2,2,1,0.5
103,Tuesday,1,18,Evening Rush,1,1,0,0.0
103,Wednesday,2,9,Morning Rush,1,1,0,0.0
103,Wednesday,2,13,Midday,1,1,1,1.0
103,Wednesday,2,16,Evening Rush,5,5,4,0.8
103,Wednesday,2,17,Evening Rush,1,1,1,1.0
103,Wednesday,2,23,Evening,1,1,0,0.0
104,Friday,4,1,Night,1,1,1,1.0
104,Friday,4,4,Night,2,2,2,1.0
104,Friday,4,6,Morning Rush,1,1,1,1.0
104,Friday,4,7,Morning Rush,2,2,0,0.0
104,Friday,4,9,Morning Rush,2,2,1,0.5
104,Friday,4,10,Midday,2,2,1,0.5
104,Friday,4,11,Midday,1,1,1,1.0
104,Friday,4,12,Midday,4,4,1,0.25
104,Friday,4,13,Midday,2,2,0,0.0
104,Friday,4,14,Midday,3,3,0,0.0
104,Friday,4,15,Evening Rush,4,4,0,0.0
104,Friday,4,16,Evening Rush,9,9,3,0.3333333333333333
104,Friday,4,17,Evening Rush,3,3,1,0.3333333333333333
104,Friday,4,18,Evening Rush,4,4,2,0.5
104,Friday,4,19,Evening,1,1,1,1.0
104,Friday,4,20,Evening,1,1,1,1.0
104,Friday,4,21,Evening,2,2,0,0.0
104,Friday,4,22,Evening,1,1,1,1.0
104,Monday,0,1,Night,1,1,0,0.0
104,Monday,0,3,Night,1,1,1,1.0
104,Monday,0,4,Night,1,1,0,0.0
104,Monday,0,8,Morning Rush,1,1,1,1.0
104,Monday,0,9,Morning Rush,2,2,1,0.5
104,Monday,0,12,Midday,2,2,0,0.0
104,Monday,0,13,Midday,3,3,1,0.3333333333333333
104,Monday,0,14,Midday,2,2,0,0.0
104,Monday,0,15,Evening Rush,3,3,0,0.0
104,Monday,0,16,Evening Rush,1,1,0,0.0
104,Monday,0,17,Evening Rush,3,3,3,1.0
104,Monday,0,18,Evening Rush,3,3,0,0.0
104,Monday,0,19,Evening,2,2,0,0.0
104,Monday,0,21,Evening,3,3,2,0.6666666666666666
104,Monday,0,23,Evening,1,1,1,1.0
104,Saturday,5,6,Morning Rush,1,1,1,1.0
104,Saturday,5,7,Morning Rush,1,1,1,1.0
104,Saturday,5,8,Morning Rush,1,1,1,1.0
104,Saturday,5,9,Morning Rush,2,2,2,1.0
104,Saturday,5,10,Midday,4,4,2,0.5
104,Saturday,5,11,Midday,2,2,2,1.0
104,Saturday,5,12,Midday,2,2,1,0.5
104,Saturday,5,13,Midday,1,1,1,1.0
104,Saturday,5,14,Midday,3,3,2,0.6666666666666666
104,Saturday,5,15,Evening Rush,1,1,1,1.0
104,Saturday,5,16,Evening Rush,2,2,1,0.5
104,Saturday,5,17,Evening Rush,1,1,0,0.0
104,Saturday,5,18,Evening Rush,2,2,1,0.5
104,Saturday,5,19,Evening,2,2,1,0.5
104,Saturday,5,20,Evening,1,1,1,1.0
104,Saturday,5,22,Evening,1,1,1,1.0
104,Saturday,5,23,Evening,1,1,0,0.0
104,Sunday,6,0,Night,2,2,1,0.5
104,Sunday,6,1,Night,1,1,1,1.0
104,Sunday,6,5,Night,1,1,1,1.0
104,Sunday,6,9,Morning Rush,1,1,1,1.0
104,Sunday,6,10,Midday,1,1,1,1.0
104,Sunday,6,12,Midday,3,3,3,1.0
104,Sunday,6,14,Midday,1,1,0,0.0
104,Sunday,6,15,Evening Rush,1,1,0,0.0
104,Sunday,6,16,Evening Rush,2,2,2,1.0
104,Sunday,6,18,Evening Rush,1,1,1,1.0
104,Sunday,6,19,Evening,1,1,0,0.0
104,Sunday,6,20,Evening,3,3,2,0.6666666666666666
104,Sunday,6,22,Evening,1,1,1,1.0
104,Thursday,3,1,Night,1,1,1,1.0
104,Thursday,3,6,Morning Rush,3,3,1,0.3333333333333333
104,Thursday,3,7,Morning Rush,2,2,1,0.5
104,Thursday,3,8,Morning Rush,1,1,1,1.0
104,Thursday,3,10,Midday,5,5,3,0.6
104,Thursday,3,11,Midday,1,1,0,0.0
104,Thursday,3,13,Midday,4,4,4,1.0
104,Thursday,3,14,Midday,3,3,2,0.6666666666666666
104,Thursday,3,15,Evening Rush,7,7,3,0.42857142857142855
104,Thursday,3,16,Evening Rush,6,6,0,0.0
104,Thursday,3,17,Evening Rush,7,7,2,0.2857142857142857
104,Thursday,3,18,Evening Rush,9,9,1,0.1111111111111111
104,Thursday,3,19,Evening,2,2,1,0.5
104,Thursday,3,20,Evening,3,3,2,0.6666666666666666
104,Thursday,3,22,Evening,1,1,1,1.0
104,Tuesday,1,0,Night,1,1,0,0.0
104,Tuesday,1,1,Night,1,1,0,0.0
104,Tuesday,1,6,Morning Rush,1,1,1,1.0
104,Tuesday,1,7,Morning Rush,4,4,1,0.25
104,Tuesday,1,8,Morning Rush,1,1,0,0.0
104,Tuesday,1,9,Morning Rush,2,2,0,0.0
104,Tuesday,1,10,Midday,1,1,0,0.0
104,Tuesday,1,12,Midday,2,2,0,0.0
104,Tuesday,1,13,Midday,3,3,0,0.0
104,Tuesday,1,14,Midday,2,2,1,0.5
104,Tuesday,1,15,Evening Rush,3,3,1,0.3333333333333333
104,Tuesday,1,16,Evening Rush,7,7,3,0.42857142857142855
104,Tuesday,1,17,Evening Rush,6,6,2,0.3333333333333333
104,Tuesday,1,18,Evening Rush,3,3,1,0.3333333333333333
104,Tuesday,1,19,Evening,1,1,1,1.0
104,Tuesday,1,20,Evening,1,1,1,1.0
104,Tuesday,1,21,Evening,1,1,1,1.0
104,Wednesday,2,0,Night,1,1,0,0.0
104,Wednesday,2,6,Morning Rush,2,2,2,1.0
104,Wednesday,2,7,Morning Rush,1,1,0,0.0
104,Wednesday,2,8,Morning Rush,3,3,1,0.3333333333333333
104,Wednesday,2,9,Morning Rush,2,2,1,0.5
104,Wednesday,2,10,Midday,3,3,2,0.6666666666666666
104,Wednesday,2,12,Midday,1,1,1,1.0
104,Wednesday,2,14,Midday,1,1,1,1.0
104,Wednesday,2,15,Evening Rush,3,3,2,0.6666666666666666
104,Wednesday,2,16,Evening Rush,3,3,2,0.6666666666666666
104,Wednesday,2,17,Evening Rush,3,3,1,0.3333333333333333
104,Wednesday,2,18,Evening Rush,4,4,2,0.5
104,Wednesday,2,19,Evening,1,1,1,1.0
104,Wednesday,2,20,Evening,2,2,1,0.5
104,Wednesday,2,22,Evening,1,1,0,0.0
105,Friday,4,7,Morning Rush,2,2,0,0.0
105,Friday,4,8,Morning Rush,1,1,1,1.0
105,Friday,4,9,Morning Rush,2,2,1,0.5
105,Friday,4,10,Midday,2,2,0,0.0
105,Friday,4,11,Midday,1,1,0,0.0
105,Friday,4,13,Midday,1,1,0,0.0
105,Friday,4,14,Midday,2,2,2,1.0
105,Friday,4,15,Evening Rush,2,2,2,1.0
105,Friday,4,16,Evening Rush,3,3,0,0.0
105,Friday,4,17,Evening Rush,3,3,1,0.3333333333333333
105,Friday,4,18,Evening Rush,1,1,0,0.0
105,Friday,4,19,Evening,1,1,0,0.0
105,Friday,4,20,Evening,3,3,2,0.6666666666666666
105,Friday,4,21,Evening,3,3,3,1.0
105,Friday,4,22,Evening,1,1,0,0.0
105,Friday,4,23,Evening,1,1,1,1.0
105,Monday,0,0,Night,1,1,1,1.0
105,Monday,0,3,Night,1,1,0,0.0
105,Monday,0,6,Morning Rush,1,1,0,0.0
105,Monday,0,8,Morning Rush,4,4,2,0.5
105,Monday,0,10,Midday,4,4,3,0.75
105,Monday,0,12,Midday,2,2,1,0.5
105,Monday,0,14,Midday,2,2,0,0.0
105,Monday,0,15,Evening Rush,1,1,1,1.0
105,Monday,0,16,Evening Rush,2,2,1,0.5
105,Monday,0,17,Evening Rush,2,2,1,0.5
105,Monday,0,18,Evening Rush,4,4,4,1.0
105,Monday,0,20,Evening,2,2,1,0.5
105,Saturday,5,0,Night,1,1,0,0.0
105,Saturday,5,1,Night,1,1,1,1.0
105,Saturday,5,2,Night,1,1,0,0.0
105,Saturday,5,8,Morning Rush,1,1,1,1.0
105,Saturday,5,9,Morning Rush,2,2,1,0.5
105,Saturday,5,10,Midday,3,3,1,0.3333333333333333
105,Saturday,5,12,Midday,3,3,1,0.3333333333333333
105,Saturday,5,14,Midday,4,4,0,0.0
105,Saturday,5,17,Evening Rush,2,2,1,0.5
105,Saturday,5,18,Evening Rush,1,1,0,0.0
105,Saturday,5,19,Evening,3,3,2,0.6666666666666666
105,Saturday,5,20,Evening,2,2,1,0.5
105,Saturday,5,21,Evening,1,1,0,0.0
105,Saturday,5,23,Evening,1,1,1,1.0
105,Sunday,6,0,Night,1,1,1,1.0
105,Sunday,6,1,Night,1,1,1,1.0
105,Sunday,6,3,Night,1,1,1,1.0
105,Sunday,6,6,Morning Rush,1,1,1,1.0
105,Sunday,6,7,Morning Rush,3,3,1,0.3333333333333333
105,Sunday,6,10,Midday,2,2,0,0.0
105,Sunday,6,11,Midday,2,2,1,0.5
105,Sunday,6,12,Midday,2,2,1,0.5
105,Sunday,6,13,Midday,1,1,0,0.0
105,Sunday,6,14,Midday,2,2,1,0.5
105,Sunday,6,15,Evening Rush,2,2,1,0.5
105,Sunday,6,16,Evening Rush,2,2,1,0.5
105,Sunday,6,17,Evening Rush,2,2,0,0.0
105,Sunday,6,18,Evening Rush,3,3,1,0.3333333333333333
105,Sunday,6,22,Evening,2,2,1,0.5
105,Thursday,3,6,Morning Rush,2,2,1,0.5
105,Thursday,3,7,Morning Rush,2,2,2,1.0
105,Thursday,3,8,Morning Rush,3,3,2,0.6666666666666666
105,Thursday,3,9,Morning Rush,4,4,4,1.0
105,Thursday,3,10,Midday,1,1,0,0.0
105,Thursday,3,11,Midday,1,1,1,1.0
105,Thursday,3,12,Midday,2,2,1,0.5
105,Thursday,3,13,Midday,3,3,2,0.6666666666666666
105,Thursday,3,14,Midday,1,1,1,1.0
105,Thursday,3,15,Evening Rush,5,5,1,0.2
105,Thursday,3,16,Evening Rush,5,5,0,0.0
105,Thursday,3,17,Evening Rush,1,1,1,1.0
105,Thursday,3,18,Evening Rush,3,3,1,0.3333333333333333
105,Thursday,3,20,Evening,1,1,0,0.0
105,Thursday,3,23,Evening,1,1,1,1.0
105,Tuesday,1,0,Night,1,1,0,0.0
105,Tuesday,1,3,Night,2,2,2,1.0
105,Tuesday,1,5,Night,1,1,0,0.0
105,Tuesday,1,7,Morning Rush,5,5,2,0.4
105,Tuesday,1,8,Morning Rush,5,5,1,0.2
105,Tuesday,1,9,Morning Rush,5,5,1,0.2
105,Tuesday,1,10,Midday,1,1,0,0.0
105,Tuesday,1,12,Midday,5,5,3,0.6
105,Tuesday,1,13,Midday,1,1,0,0.0
105,Tuesday,1,14,Midday,1,1,0,0.0
105,Tuesday,1,15,Evening Rush,1,1,0,0.0
105,Tuesday,1,16,Evening Rush,5,5,1,0.2
105,Tuesday,1,17,Evening Rush,11,11,3,0.2727272727272727
105,Tuesday,1,18,Evening Rush,2,2,1,0.5
105,Tuesday,1,19,Evening,1,1,1,1.0
105,Tuesday,1,20,Evening,2,2,1,0.5
105,Tuesday,1,21,Evening,2,2,0,0.0
105,Tuesday,1,23,Evening,1,1,0,0.0
105,Wednesday,2,5,Night,1,1,0,0.0
105,Wednesday,2,6,Morning Rush,2,2,2,1.0
105,Wednesday,2,7,Morning Rush,4,4,4,1.0
105,Wednesday,2,8,Morning Rush,2,2,1,0.5
105,Wednesday,2,10,Midday,4,4,2,0.5
105,Wednesday,2,11,Midday,1,1,1,1.0
105,Wednesday,2,14,Midday,1,1,1,1.0
105,Wednesday,2,15,Evening Rush,6,6,2,0.3333333333333333
105,Wednesday,2,16,Evening Rush,5,5,2,0.4
105,Wednesday,2,17,Evening Rush,2,2,0,0.0
105,Wednesday,2,18,Evening Rush,6,6,3,0.5
105,Wednesday,2,19,Evening,2,2,1,0.5
105,Wednesday,2,20,Evening,3,3,1,0.3333333333333333
105,Wednesday,2,21,Evening,3,3,2,0.6666666666666666
105,Wednesday,2,22,Evening,1,1,0,0.0
106,Friday,4,0,Night,1,1,0,0.0
106,Friday,4,6,Morning Rush,2,2,1,0.5
106,Friday,4,7,Morning Rush,2,2,1,0.5
106,Friday,4,8,Morning Rush,1,1,0,0.0
106,Friday,4,9,Morning Rush,2,2,1,0.5
106,Friday,4,10,Midday,1,1,1,1.0
106,Friday,4,11,Midday,2,2,0,0.0
106,Friday,4,12,Midday,1,1,0,0.0
106,Friday,4,13,Midday,1,1,1,1.0
106,Friday,4,14,Midday,1,1,0,0.0
106,Friday,4,15,Evening Rush,1,1,1,1.0
106,Friday,4,16,Evening Rush,2,2,2,1.0
106,Friday,4,17,Evening Rush,2,2,0,0.0
106,Friday,4,18,Evening Rush,1,1,0,0.0
106,Friday,4,20,Evening,1,1,0,0.0
106,Friday,4,23,Evening,2,2,0,0.0
106,Monday,0,7,Morning Rush,1,1,1,1.0
106,Monday,0,8,Morning Rush,3,3,0,0.0
106,Monday,0,9,Morning Rush,2,2,2,1.0
106,Monday,0,10,Midday,2,2,0,0.0
106,Monday,0,11,Midday,1,1,1,1.0
106,Monday,0,12,Midday,2,2,1,0.5
106,Monday,0,15,Evening Rush,2,2,1,0.5
106,Monday,0,16,Evening Rush,2,2,0,0.0
106,Monday,0,17,Evening Rush,2,2,1,0.5
106,Monday,0,18,Evening Rush,1,1,0,0.0
106,Monday,0,19,Evening,2,2,0,0.0
106,Monday,0,21,Evening,1,1,0,0.0
106,Saturday,5,2,Night,1,1,1,1.0
106,Saturday,5,8,Morning Rush,2,2,1,0.5
106,Saturday,5,10,Midday,1,1,0,0.0
106,Saturday,5,13,Midday,2,2,0,0.0
106,Saturday,5,14,Midday,1,1,0,0.0
106,Saturday,5,20,Evening,1,1,0,0.0
106,Saturday,5,21,Evening,3,3,1,0.3333333333333333
106,Saturday,5,22,Evening,1,1,0,0.0
106,Saturday,5,23,Evening,1,1,0,0.0
106,Sunday,6,1,Night,1,1,1,1.0
106,Sunday,6,12,Midday,1,1,0,0.0
106,Sunday,6,14,Midday,4,4,1,0.25
106,Sunday,6,15,Evening Rush,2,2,1,0.5
106,Sunday,6,16,Evening Rush,1,1,0,0.0
106,Sunday,6,17,Evening Rush,1,1,0,0.0
106,Sunday,6,18,Evening Rush,2,2,1,0.5
106,Sunday,6,20,Evening,1,1,1,1.0
106,Thursday,3,6,Morning Rush,1,1,0,0.0
106,Thursday,3,9,Morning Rush,1,1,0,0.0
106,Thursday,3,10,Midday,1,1,1,1.0
106,Thursday,3,11,Midday,1,1,0,0.0
106,Thursday,3,14,Midday,1,1,0,0.0
106,Thursday,3,15,Evening Rush,2,2,1,0.5
106,Thursday,3,16,Evening Rush,3,3,2,0.6666666666666666
106,Thursday,3,17,Evening Rush,1,1,0,0.0
106,Thursday,3,19,Evening,1,1,1,1.0
106,Thursday,3,20,Evening,2,2,1,0.5
106,Thursday,3,22,Evening,1,1,1,1.0
106,Tuesday,1,8,Morning Rush,1,1,0,0.0
106,Tuesday,1,10,Midday,1,1,0,0.0
106,Tuesday,1,13,Midday,1,1,0,0.0
106,Tuesday,1,15,Evening Rush,2,2,0,0.0
106,Tuesday,1,17,Evening Rush,2,2,1,0.5
106,Tuesday,1,18,Evening Rush,1,1,1,1.0
106,Tuesday,1,19,Evening,2,2,0,0.0
106,Tuesday,1,20,Evening,2,2,1,0.5
106,Tuesday,1,21,Evening,3,3,1,0.3333333333333333
106,Tuesday,1,23,Evening,1,1,0,0.0
106,Wednesday,2,7,Morning Rush,1,1,0,0.0
106,Wednesday,2,8,Morning Rush,1,1,0,0.0
106,Wednesday,2,10,Midday,2,2,2,1.0
106,Wednesday,2,13,Midday,3,3,1,0.3333333333333333
106,Wednesday,2,14,Midday,2,2,0,0.0
106,Wednesday,2,15,Evening Rush,5,5,1,0.2
106,Wednesday,2,16,Evening Rush,5,5,1,0.2
106,Wednesday,2,17,Evening Rush,1,1,0,0.0
107,Friday,4,8,Morning Rush,1,1,1,1.0
107,Friday,4,12,Midday,1,1,0,0.0
107,Monday,0,15,Evening Rush,1,1,0,0.0
107,Monday,0,19,Evening,1,1,0,0.0
107,Saturday,5,2,Night,1,1,1,1.0
107,Saturday,5,7,Morning Rush,1,1,0,0.0
107,Saturday,5,8,Morning Rush,1,1,0,0.0
107,Saturday,5,13,Midday,1,1,1,1.0
107,Saturday,5,17,Evening Rush,3,3,0,0.0
107,Saturday,5,21,Evening,1,1,0,0.0
107,Saturday,5,23,Evening,1,1,1,1.0
107,Sunday,6,2,Night,2,2,0,0.0
107,Sunday,6,14,Midday,1,1,0,0.0
107,Sunday,6,21,Evening,1,1,0,0.0
107,Thursday,3,17,Evening Rush,1,1,1,1.0
107,Tuesday,1,7,Morning Rush,1,1,1,1.0
107,Tuesday,1,14,Midday,1,1,1,1.0
107,Tuesday,1,16,Evening Rush,1,1,0,0.0
107,Tuesday,1,17,Evening Rush,1,1,1,1.0
107,Tuesday,1,18,Evening Rush,1,1,0,0.0
107,Tuesday,1,19,Evening,1,1,0,0.0
107,Wednesday,2,7,Morning Rush,1,1,0,0.0
107,Wednesday,2,17,Evening Rush,2,2,0,0.0
107,Wednesday,2,21,Evening,1,1,0,0.0
108,Friday,4,8,Morning Rush,1,1,0,0.0
108,Friday,4,9,Morning Rush,1,1,1,1.0
108,Friday,4,11,Midday,1,1,1,1.0
108,Friday,4,13,Midday,2,2,1,0.5
108,Friday,4,14,Midday,3,3,0,0.0
108,Friday,4,15,Evening Rush,1,1,1,1.0
108,Friday,4,20,Evening,1,1,0,0.0
108,Friday,4,21,Evening,1,1,1,1.0
108,Monday,0,7,Morning Rush,3,3,0,0.0
108,Monday,0,14,Midday,1,1,1,1.0
108,Monday,0,15,Evening Rush,1,1,0,0.0
108,Monday,0,16,Evening Rush,3,3,0,0.0
108,Monday,0,17,Evening Rush,1,1,1,1.0
108,Saturday,5,4,Night,1,1,1,1.0
108,Saturday,5,12,Midday,1,1,0,0.0
108,Saturday,5,13,Midday,1,1,1,1.0
108,Saturday,5,21,Evening,1,1,1,1.0
108,Sunday,6,15,Evening Rush,1,1,0,0.0
108,Thursday,3,8,Morning Rush,1,1,0,0.0
108,Thursday,3,13,Midday,2,2,0,0.0
108,Thursday,3,15,Evening Rush,1,1,0,0.0
108,Thursday,3,16,Evening Rush,1,1,0,0.0
108,Thursday,3,17,Evening Rush,2,2,1,0.5
108,Thursday,3,18,Evening Rush,1,1,0,0.0
108,Thursday,3,19,Evening,1,1,0,0.0
108,Thursday,3,21,Evening,1,1,0,0.0
108,Tuesday,1,7,Morning Rush,2,2,2,1.0
108,Tuesday,1,8,Morning Rush,1,1,1,1.0
108,Tuesday,1,12,Midday,1,1,1,1.0
108,Tuesday,1,15,Evening Rush,1,1,0,0.0
108,Tuesday,1,18,Evening Rush,1,1,0,0.0
108,Wednesday,2,5,Night,1,1,1,1.0
108,Wednesday,2,8,Morning Rush,1,1,0,0.0
108,Wednesday,2,14,Midday,1,1,0,0.0
108,Wednesday,2,19,Evening,1,1,0,0.0
109,Friday,4,7,Morning Rush,1,1,1,1.0
109,Friday,4,13,Midday,1,1,1,1.0
109,Monday,0,8,Morning Rush,1,1,1,1.0
109,Monday,0,17,Evening Rush,1,1,0,0.0
109,Saturday,5,11,Midday,1,1,0,0.0
109,Sunday,6,6,Morning Rush,1,1,0,0.0
109,Sunday,6,12,Midday,1,1,1,1.0
109,Sunday,6,14,Midday,1,1,0,0.0
109,Sunday,6,16,Evening Rush,1,1,1,1.0
109,Sunday,6,18,Evening Rush,1,1,1,1.0
109,Thursday,3,7,Morning Rush,1,1,1,1.0
109,Thursday,3,17,Evening Rush,2,2,2,1.0
109,Tuesday,1,8,Morning Rush,1,1,0,0.0
109,Tuesday,1,13,Midday,2,2,0,0.0
109,Tuesday,1,16,Evening Rush,1,1,1,1.0
109,Wednesday,2,0,Night,1,1,0,0.0
109,Wednesday,2,8,Morning Rush,1,1,1,1.0
109,Wednesday,2,9,Morning Rush,2,2,1,0.5
110,Friday,4,9,Morning Rush,1,1,1,1.0
110,Friday,4,23,Evening,1,1,0,0.0
110,Monday,0,7,Morning Rush,1,1,1,1.0
110,Monday,0,8,Morning Rush,1,1,0,0.0
110,Monday,0,13,Midday,1,1,0,0.0
110,Monday,0,17,Evening Rush,2,2,0,0.0
110,Monday,0,19,Evening,1,1,1,1.0
110,Monday,0,20,Evening,1,1,0,0.0
110,Saturday,5,13,Midday,1,1,0,0.0
110,Saturday,5,17,Evening Rush,1,1,0,0.0
110,Saturday,5,18,Evening Rush,2,2,2,1.0
110,Saturday,5,19,Evening,1,1,0,0.0
110,Thursday,3,16,Evening Rush,4,4,0,0.0
110,Thursday,3,17,Evening Rush,1,1,0,0.0
110,Thursday,3,18,Evening Rush,1,1,1,1.0
110,Thursday,3,20,Evening,1,1,1,1.0
110,Tuesday,1,7,Morning Rush,1,1,0,0.0
110,Tuesday,1,9,Morning Rush,1,1,1,1.0
110,Tuesday,1,16,Evening Rush,1,1,1,1.0
110,Tuesday,1,17,Evening Rush,2,2,0,0.0
110,Wednesday,2,6,Morning Rush,1,1,1,1.0
110,Wednesday,2,7,Morning Rush,1,1,1,1.0
110,Wednesday,2,12,Midday,2,2,1,0.5
110,Wednesday,2,15,Evening Rush,2,2,1,0.5
110,Wednesday,2,16,Evening Rush,1,1,0,0.0
110,Wednesday,2,22,Evening,2,2,0,0.0
111,Friday,4,2,Night,1,1,1,1.0
111,Friday,4,6,Morning Rush,1,1,1,1.0
111,Friday,4,7,Morning Rush,1,1,1,1.0
111,Friday,4,9,Morning Rush,1,1,1,1.0
111,Friday,4,13,Midday,2,2,0,0.0
111,Friday,4,14,Midday,2,2,1,0.5
111,Friday,4,15,Evening Rush,4,4,0,0.0
111,Friday,4,16,Evening Rush,3,3,1,0.3333333333333333
111,Friday,4,17,Evening Rush,2,2,1,0.5
111,Friday,4,18,Evening Rush,1,1,1,1.0
111,Friday,4,20,Evening,2,2,1,0.5
111,Monday,0,7,Morning Rush,1,1,1,1.0
111,Monday,0,9,Morning Rush,1,1,0,0.0
111,Monday,0,10,Midday,1,1,0,0.0
111,Monday,0,14,Midday,2,2,1,0.5
111,Monday,0,15,Evening Rush,1,1,0,0.0
111,Monday,0,17,Evening Rush,1,1,1,1.0
111,Monday,0,18,Evening Rush,1,1,0,0.0
111,Monday,0,19,Evening,3,3,0,0.0
111,Monday,0,20,Evening,2,2,0,0.0
111,Saturday,5,2,Night,1,1,0,0.0
111,Saturday,5,7,Morning Rush,1,1,0,0.0
111,Saturday,5,12,Midday,1,1,0,0.0
111,Saturday,5,13,Midday,1,1,0,0.0
111,Saturday,5,15,Evening Rush,1,1,1,1.0
111,Saturday,5,16,Evening Rush,1,1,0,0.0
111,Saturday,5,17,Evening Rush,3,3,3,1.0
111,Saturday,5,18,Evening Rush,2,2,0,0.0
111,Saturday,5,19,Evening,2,2,1,0.5
111,Saturday,5,20,Evening,3,3,1,0.3333333333333333
111,Sunday,6,7,Morning Rush,1,1,1,1.0
111,Sunday,6,11,Midday,1,1,0,0.0
111,Sunday,6,14,Midday,1,1,1,1.0
111,Sunday,6,20,Evening,1,1,0,0.0
111,Thursday,3,1,Night,1,1,0,0.0
111,Thursday,3,7,Morning Rush,1,1,1,1.0
111,Thursday,3,10,Midday,2,2,0,0.0
111,Thursday,3,11,Midday,1,1,0,0.0
111,Thursday,3,14,Midday,1,1,1,1.0
111,Thursday,3,15,Evening Rush,1,1,0,0.0
111,Thursday,3,16,Evening Rush,2,2,1,0.5
111,Thursday,3,17,Evening Rush,2,2,1,0.5
111,Thursday,3,18,Evening Rush,3,3,1,0.3333333333333333
111,Thursday,3,21,Evening,4,4,3,0.75
111,Thursday,3,22,Evening,1,1,1,1.0
111,Tuesday,1,5,Night,1,1,0,0.0
111,Tuesday,1,12,Midday,3,3,1,0.3333333333333333
111,Tuesday,1,14,Midday,1,1,0,0.0
111,Tuesday,1,15,Evening Rush,1,1,0,0.0
111,Tuesday,1,16,Evening Rush,1,1,1,1.0
111,Tuesday,1,17,Evening Rush,1,1,0,0.0
111,Tuesday,1,18,Evening Rush,2,2,1,0.5
111,Tuesday,1,20,Evening,1,1,0,0.0
111,Wednesday,2,1,Night,1,1,0,0.0
111,Wednesday,2,6,Morning Rush,2,2,1,0.5
111,Wednesday,2,8,Morning Rush,1,1,1,1.0
111,Wednesday,2,9,Morning Rush,1,1,0,0.0
111,Wednesday,2,10,Midday,1,1,0,0.0
111,Wednesday,2,11,Midday,3,3,1,0.3333333333333333
111,Wednesday,2,12,Midday,1,1,1,1.0
111,Wednesday,2,15,Evening Rush,1,1,1,1.0
111,Wednesday,2,16,Evening Rush,2,2,1,0.5
111,Wednesday,2,19,Evening,2,2,1,0.5
111,Wednesday,2,21,Evening,2,2,1,0.5
111,Wednesday,2,22,Evening,1,1,1,1.0
112,Friday,4,0,Night,2,2,1,0.5
112,Friday,4,3,Night,1,1,1,1.0
112,Friday,4,6,Morning Rush,1,1,1,1.0
112,Friday,4,7,Morning Rush,1,1,1,1.0
112,Friday,4,8,Morning Rush,1,1,1,1.0
112,Friday,4,9,Morning Rush,1,1,1,1.0
112,Friday,4,13,Midday,2,2,1,0.5
112,Friday,4,15,Evening Rush,1,1,0,0.0
112,Friday,4,16,Evening Rush,1,1,0,0.0
112,Friday,4,18,Evening Rush,2,2,2,1.0
112,Friday,4,19,Evening,2,2,0,0.0
112,Friday,4,23,Evening,1,1,1,1.0
112,Monday,0,4,Night,1,1,0,0.0
112,Monday,0,6,Morning Rush,2,2,2,1.0
112,Monday,0,7,Morning Rush,1,1,1,1.0
112,Monday,0,10,Midday,1,1,1,1.0
112,Monday,0,12,Midday,1,1,0,0.0
112,Monday,0,13,Midday,1,1,0,0.0
112,Monday,0,14,Midday,1,1,0,0.0
112,Monday,0,15,Evening Rush,1,1,1,1.0
112,Monday,0,16,Evening Rush,1,1,0,0.0
112,Monday,0,18,Evening Rush,1,1,0,0.0
112,Monday,0,19,Evening,3,3,0,0.0
112,Saturday,5,0,Night,2,2,1,0.5
112,Saturday,5,3,Night,1,1,1,1.0
112,Saturday,5,4,Night,1,1,1,1.0
112,Saturday,5,6,Morning Rush,1,1,0,0.0
112,Saturday,5,15,Evening Rush,1,1,0,0.0
112,Saturday,5,16,Evening Rush,2,2,1,0.5
112,Saturday,5,17,Evening Rush,2,2,1,0.5
112,Saturday,5,18,Evening Rush,1,1,1,1.0
112,Saturday,5,21,Evening,1,1,1,1.0
112,Sunday,6,0,Night,1,1,1,1.0
112,Sunday,6,2,Night,1,1,1,1.0
112,Sunday,6,6,Morning Rush,1,1,1,1.0
112,Sunday,6,18,Evening Rush,1,1,0,0.0
112,Sunday,6,19,Evening,1,1,1,1.0
112,Thursday,3,7,Morning Rush,3,3,1,0.3333333333333333
112,Thursday,3,8,Morning Rush,2,2,1,0.5
112,Thursday,3,14,Midday,2,2,1,0.5
112,Thursday,3,16,Evening Rush,2,2,0,0.0
112,Thursday,3,17,Evening Rush,1,1,1,1.0
112,Thursday,3,19,Evening,1,1,0,0.0
112,Thursday,3,21,Evening,1,1,0,0.0
112,Thursday,3,22,Evening,1,1,0,0.0
112,Thursday,3,23,Evening,1,1,1,1.0
112,Tuesday,1,8,Morning Rush,2,2,1,0.5
112,Tuesday,1,10,Midday,1,1,0,0.0
112,Tuesday,1,12,Midday,1,1,0,0.0
112,Tuesday,1,16,Evening Rush,1,1,0,0.0
112,Tuesday,1,17,Evening Rush,1,1,0,0.0
112,Tuesday,1,18,Evening Rush,2,2,1,0.5
112,Tuesday,1,19,Evening,1,1,0,0.0
112,Wednesday,2,2,Night,1,1,1,1.0
112,Wednesday,2,5,Night,1,1,1,1.0
112,Wednesday,2,8,Morning Rush,3,3,2,0.6666666666666666
112,Wednesday,2,12,Midday,1,1,1,1.0
112,Wednesday,2,13,Midday,1,1,0,0.0
112,Wednesday,2,16,Evening Rush,1,1,0,0.0
112,Wednesday,2,17,Evening Rush,4,4,2,0.5
112,Wednesday,2,19,Evening,2,2,1,0.5
112,Wednesday,2,22,Evening,1,1,1,1.0
113,Friday,4,1,Night,1,1,1,1.0
113,Friday,4,6,Morning Rush,1,1,1,1.0
113,Friday,4,7,Morning Rush,1,1,1,1.0
113,Friday,4,8,Morning Rush,1,1,1,1.0
113,Friday,4,9,Morning Rush,3,3,1,0.3333333333333333
113,Friday,4,11,Midday,1,1,0,0.0
113,Friday,4,12,Midday,2,2,2,1.0
113,Friday,4,13,Midday,1,1,0,0.0
113,Friday,4,17,Evening Rush,2,2,1,0.5
113,Friday,4,18,Evening Rush,2,2,0,0.0
113,Friday,4,19,Evening,1,1,0,0.0
113,Friday,4,20,Evening,1,1,0,0.0
113,Monday,0,0,Night,1,1,1,1.0
113,Monday,0,13,Midday,1,1,1,1.0
113,Monday,0,14,Midday,1,1,0,0.0
113,Monday,0,15,Evening Rush,1,1,0,0.0
113,Monday,0,16,Evening Rush,1,1,1,1.0
113,Monday,0,17,Evening Rush,2,2,1,0.5
113,Monday,0,19,Evening,1,1,1,1.0
113,Monday,0,22,Evening,1,1,0,0.0
113,Saturday,5,3,Night,1,1,1,1.0
113,Saturday,5,7,Morning Rush,2,2,1,0.5
113,Saturday,5,9,Morning Rush,1,1,1,1.0
113,Saturday,5,10,Midday,2,2,0,0.0
113,Saturday,5,11,Midday,2,2,1,0.5
113,Saturday,5,12,Midday,3,3,1,0.3333333333333333
113,Saturday,5,13,Midday,3,3,2,0.6666666666666666
113,Saturday,5,16,Evening Rush,2,2,1,0.5
113,Saturday,5,17,Evening Rush,1,1,1,1.0
113,Saturday,5,18,Evening Rush,2,2,0,0.0
113,Saturday,5,20,Evening,1,1,0,0.0
113,Saturday,5,23,Evening,1,1,1,1.0
113,Sunday,6,5,Night,1,1,1,1.0
113,Sunday,6,8,Morning Rush,1,1,1,1.0
113,Sunday,6,14,Midday,1,1,0,0.0
113,Sunday,6,17,Evening Rush,1,1,1,1.0
113,Sunday,6,18,Evening Rush,1,1,0,0.0
113,Sunday,6,20,Evening,1,1,0,0.0
113,Sunday,6,22,Evening,2,2,2,1.0
113,Thursday,3,7,Morning Rush,4,4,2,0.5
113,Thursday,3,9,Morning Rush,1,1,0,0.0
113,Thursday,3,10,Midday,1,1,0,0.0
113,Thursday,3,12,Midday,1,1,1,1.0
113,Thursday,3,15,Evening Rush,1,1,0,0.0
113,Thursday,3,17,Evening Rush,2,2,0,0.0
113,Thursday,3,18,Evening Rush,2,2,2,1.0
113,Thursday,3,19,Evening,1,1,1,1.0
113,Thursday,3,22,Evening,2,2,1,0.5
113,Thursday,3,23,Evening,2,2,2,1.0
113,Tuesday,1,7,Morning Rush,1,1,0,0.0
113,Tuesday,1,11,Midday,3,3,0,0.0
113,Tuesday,1,16,Evening Rush,1,1,0,0.0
113,Tuesday,1,17,Evening Rush,1,1,1,1.0
113,Tuesday,1,18,Evening Rush,2,2,0,0.0
113,Tuesday,1,22,Evening,1,1,1,1.0
113,Wednesday,2,3,Night,1,1,1,1.0
113,Wednesday,2,7,Morning Rush,3,3,3,1.0
113,Wednesday,2,8,Morning Rush,1,1,1,1.0
113,Wednesday,2,15,Evening Rush,4,4,1,0.25
113,Wednesday,2,17,Evening Rush,2,2,1,0.5
113,Wednesday,2,20,Evening,1,1,0,0.0
114,Friday,4,6,Morning Rush,1,1,1,1.0
114,Friday,4,7,Morning Rush,1,1,1,1.0
114,Friday,4,9,Morning Rush,3,3,3,1.0
114,Friday,4,10,Midday,1,1,1,1.0
114,Friday,4,13,Midday,1,1,1,1.0
114,Friday,4,15,Evening Rush,1,1,0,0.0
114,Monday,0,2,Night,1,1,0,0.0
114,Monday,0,5,Night,1,1,0,0.0
114,Monday,0,7,Morning Rush,2,2,2,1.0
114,Monday,0,8,Morning Rush,1,1,1,1.0
114,Monday,0,9,Morning Rush,2,2,1,0.5
114,Monday,0,11,Midday,1,1,1,1.0
114,Monday,0,12,Midday,1,1,1,1.0
114,Monday,0,18,Evening Rush,1,1,0,0.0
114,Monday,0,23,Evening,1,1,1,1.0
114,Saturday,5,5,Night,1,1,0,0.0
114,Saturday,5,8,Morning Rush,1,1,1,1.0
114,Saturday,5,10,Midday,1,1,0,0.0
114,Saturday,5,19,Evening,1,1,0,0.0
114,Saturday,5,20,Evening,1,1,0,0.0
114,Saturday,5,22,Evening,1,1,1,1.0
114,Sunday,6,6,Morning Rush,1,1,1,1.0
114,Sunday,6,7,Morning Rush,2,2,1,0.5
114,Sunday,6,9,Morning Rush,1,1,1,1.0
114,Sunday,6,10,Midday,1,1,1,1.0
114,Sunday,6,12,Midday,1,1,0,0.0
114,Sunday,6,15,Evening Rush,1,1,1,1.0
114,Sunday,6,16,Evening Rush,1,1,0,0.0
114,Sunday,6,17,Evening Rush,1,1,0,0.0
114,Sunday,6,19,Evening,1,1,0,0.0
114,Sunday,6,22,Evening,1,1,1,1.0
114,Sunday,6,23,Evening,1,1,1,1.0
114,Thursday,3,6,Morning Rush,1,1,1,1.0
114,Thursday,3,8,Morning Rush,1,1,1,1.0
114,Thursday,3,9,Morning Rush,2,2,2,1.0
114,Thursday,3,10,Midday,1,1,1,1.0
114,Thursday,3,11,Midday,1,1,1,1.0
114,Thursday,3,12,Midday,1,1,1,1.0
114,Thursday,3,15,Evening Rush,1,1,0,0.0
114,Thursday,3,17,Evening Rush,1,1,1,1.0
114,Tuesday,1,6,Morning Rush,1,1,1,1.0
114,Tuesday,1,7,Morning Rush,1,1,1,1.0
114,Tuesday,1,8,Morning Rush,1,1,1,1.0
114,Tuesday,1,10,Midday,2,2,1,0.5
114,Tuesday,1,12,Midday,1,1,0,0.0
114,Tuesday,1,14,Midday,1,1,0,0.0
114,Tuesday,1,15,Evening Rush,1,1,0,0.0
114,Tuesday,1,16,Evening Rush,1,1,0,0.0
114,Tuesday,1,17,Evening Rush,3,3,2,0.6666666666666666
114,Tuesday,1,18,Evening Rush,1,1,1,1.0
114,Tuesday,1,19,Evening,1,1,0,0.0
114,Tuesday,1,20,Evening,1,1,1,1.0
114,Tuesday,1,22,Evening,2,2,2,1.0
114,Wednesday,2,5,Night,2,2,1,0.5
114,Wednesday,2,6,Morning Rush,1,1,0,0.0
114,Wednesday,2,7,Morning Rush,1,1,1,1.0
114,Wednesday,2,11,Midday,1,1,1,1.0
114,Wednesday,2,13,Midday,1,1,0,0.0
114,Wednesday,2,19,Evening,1,1,1,1.0
114,Wednesday,2,22,Evening,1,1,0,0.0
115,Friday,4,1,Night,1,1,0,0.0
115,Friday,4,4,Night,1,1,1,1.0
115,Friday,4,7,Morning Rush,1,1,1,1.0
115,Friday,4,8,Morning Rush,1,1,1,1.0
115,Friday,4,13,Midday,1,1,0,0.0
115,Friday,4,14,Midday,1,1,0,0.0
115,Friday,4,16,Evening Rush,1,1,0,0.0
115,Friday,4,17,Evening Rush,2,2,1,0.5
115,Friday,4,18,Evening Rush,1,1,1,1.0
115,Monday,0,5,Night,1,1,0,0.0
115,Monday,0,11,Midday,1,1,0,0.0
115,Monday,0,15,Evening Rush,1,1,1,1.0
115,Monday,0,18,Evening Rush,1,1,0,0.0
115,Monday,0,19,Evening,1,1,1,1.0
115,Saturday,5,0,Night,1,1,0,0.0
115,Saturday,5,10,Midday,1,1,0,0.0
115,Saturday,5,12,Midday,1,1,0,0.0
115,Saturday,5,13,Midday,2,2,0,0.0
115,Sunday,6,9,Morning Rush,1,1,0,0.0
115,Sunday,6,14,Midday,1,1,0,0.0
115,Sunday,6,15,Evening Rush,1,1,0,0.0
115,Sunday,6,17,Evening Rush,1,1,0,0.0
115,Thursday,3,9,Morning Rush,1,1,0,0.0
115,Thursday,3,14,Midday,1,1,0,0.0
115,Thursday,3,16,Evening Rush,1,1,1,1.0
115,Thursday,3,17,Evening Rush,1,1,0,0.0
115,Thursday,3,18,Evening Rush,2,2,1,0.5
115,Thursday,3,22,Evening,1,1,1,1.0
115,Tuesday,1,8,Morning Rush,1,1,0,0.0
115,Tuesday,1,11,Midday,1,1,1,1.0
115,Tuesday,1,13,Midday,1,1,0,0.0
115,Tuesday,1,14,Midday,1,1,0,0.0
115,Tuesday,1,16,Evening Rush,1,1,0,0.0
115,Tuesday,1,18,Evening Rush,1,1,0,0.0
115,Tuesday,1,19,Evening,1,1,0,0.0
115,Wednesday,2,6,Morning Rush,1,1,1,1.0
115,Wednesday,2,8,Morning Rush,1,1,0,0.0
115,Wednesday,2,9,Morning Rush,1,1,1,1.0
115,Wednesday,2,14,Midday,1,1,0,0.0
115,Wednesday,2,17,Evening Rush,1,1,1,1.0
116,Friday,4,7,Morning Rush,1,1,0,0.0
116,Friday,4,8,Morning Rush,2,2,2,1.0
116,Friday,4,9,Morning Rush,1,1,0,0.0
116,Friday,4,12,Midday,1,1,0,0.0
116,Friday,4,14,Midday,1,1,1,1.0
116,Friday,4,16,Evening Rush,2,2,0,0.0
116,Friday,4,18,Evening Rush,1,1,1,1.0
116,Monday,0,0,Night,1,1,1,1.0
116,Monday,0,8,Morning Rush,1,1,0,0.0
116,Monday,0,9,Morning Rush,1,1,0,0.0
116,Monday,0,15,Evening Rush,1,1,1,1.0
116,Monday,0,17,Evening Rush,2,2,1,0.5
116,Monday,0,19,Evening,1,1,0,0.0
116,Monday,0,20,Evening,1,1,0,0.0
116,Saturday,5,0,Night,1,1,0,0.0
116,Saturday,5,1,Night,1,1,0,0.0
116,Saturday,5,11,Midday,1,1,1,1.0
116,Saturday,5,14,Midday,1,1,1,1.0
116,Saturday,5,18,Evening Rush,2,2,0,0.0
116,Saturday,5,19,Evening,1,1,1,1.0
116,Saturday,5,20,Evening,1,1,0,0.0
116,Saturday,5,21,Evening,1,1,0,0.0
116,Saturday,5,22,Evening,1,1,1,1.0
116,Saturday,5,23,Evening,1,1,1,1.0
116,Sunday,6,10,Midday,1,1,0,0.0
116,Sunday,6,14,Midday,1,1,1,1.0
116,Sunday,6,15,Evening Rush,1,1,0,0.0
116,Sunday,6,16,Evening Rush,1,1,0,0.0
116,Sunday,6,22,Evening,2,2,0,0.0
116,Thursday,3,7,Morning Rush,1,1,0,0.0
116,Thursday,3,8,Morning Rush,2,2,1,0.5
116,Thursday,3,9,Morning Rush,1,1,0,0.0
116,Thursday,3,10,Midday,2,2,2,1.0
116,Thursday,3,11,Midday,1,1,0,0.0
116,Thursday,3,15,Evening Rush,1,1,0,0.0
116,Thursday,3,19,Evening,1,1,0,0.0
116,Thursday,3,20,Evening,1,1,0,0.0
116,Tuesday,1,6,Morning Rush,2,2,1,0.5
116,Tuesday,1,11,Midday,1,1,1,1.0
116,Tuesday,1,13,Midday,2,2,1,0.5
116,Tuesday,1,15,Evening Rush,1,1,1,1.0
116,Tuesday,1,16,Evening Rush,2,2,0,0.0
116,Tuesday,1,18,Evening Rush,1,1,0,0.0
116,Wednesday,2,2,Night,1,1,0,0.0
116,Wednesday,2,7,Morning Rush,1,1,1,1.0
116,Wednesday,2,10,Midday,1,1,1,1.0
116,Wednesday,2,11,Midday,1,1,1,1.0
116,Wednesday,2,15,Evening Rush,1,1,1,1.0
116,Wednesday,2,17,Evening Rush,1,1,0,0.0
117,Friday,4,9,Morning Rush,2,2,1,0.5
117,Friday,4,11,Midday,1,1,0,0.0
117,Friday,4,13,Midday,1,1,0,0.0
117,Friday,4,14,Midday,2,2,0,0.0
117,Friday,4,16,Evening Rush,1,1,1,1.0
117,Friday,4,17,Evening Rush,1,1,0,0.0
117,Friday,4,18,Evening Rush,3,3,0,0.0
117,Monday,0,16,Evening Rush,1,1,1,1.0
117,Monday,0,19,Evening,1,1,0,0.0
117,Saturday,5,0,Night,1,1,0,0.0
117,Saturday,5,1,Night,1,1,0,0.0
117,Saturday,5,13,Midday,1,1,1,1.0
117,Saturday,5,19,Evening,1,1,0,0.0
117,Saturday,5,22,Evening,1,1,0,0.0
117,Sunday,6,9,Morning Rush,1,1,0,0.0
117,Sunday,6,13,Midday,1,1,0,0.0
117,Sunday,6,17,Evening Rush,1,1,0,0.0
117,Thursday,3,2,Night,1,1,0,0.0
117,Thursday,3,8,Morning Rush,2,2,0,0.0
117,Thursday,3,12,Midday,1,1,0,0.0
117,Thursday,3,13,Midday,1,1,0,0.0
117,Thursday,3,15,Evening Rush,1,1,1,1.0
117,Thursday,3,16,Evening Rush,2,2,1,0.5
117,Thursday,3,17,Evening Rush,1,1,1,1.0
117,Thursday,3,18,Evening Rush,1,1,0,0.0
117,Thursday,3,21,Evening,1,1,0,0.0
117,Tuesday,1,6,Morning Rush,1,1,1,1.0
117,Tuesday,1,8,Morning Rush,2,2,0,0.0
117,Tuesday,1,11,Midday,2,2,1,0.5
117,Tuesday,1,14,Midday,1,1,0,0.0
117,Tuesday,1,17,Evening Rush,1,1,0,0.0
117,Tuesday,1,18,Evening Rush,1,1,1,1.0
117,Wednesday,2,6,Morning Rush,1,1,1,1.0
117,Wednesday,2,8,Morning Rush,1,1,0,0.0
117,Wednesday,2,15,Evening Rush,1,1,1,1.0
117,Wednesday,2,16,Evening Rush,1,1,0,0.0
117,Wednesday,2,18,Evening Rush,1,1,0,0.0
117,Wednesday,2,21,Evening,1,1,0,0.0
117,Wednesday,2,23,Evening,1,1,0,0.0
118,Friday,4,8,Morning Rush,2,2,2,1.0
118,Friday,4,10,Midday,1,1,1,1.0
118,Friday,4,14,Midday,1,1,0,0.0
118,Friday,4,15,Evening Rush,1,1,1,1.0
118,Friday,4,17,Evening Rush,2,2,0,0.0
118,Friday,4,18,Evening Rush,1,1,0,0.0
118,Friday,4,19,Evening,1,1,0,0.0
118,Friday,4,21,Evening,1,1,0,0.0
118,Friday,4,23,Evening,1,1,0,0.0
118,Monday,0,5,Night,1,1,1,1.0
118,Monday,0,6,Morning Rush,1,1,0,0.0
118,Monday,0,11,Midday,3,3,0,0.0
118,Monday,0,14,Midday,1,1,0,0.0
118,Monday,0,15,Evening Rush,2,2,1,0.5
118,Monday,0,17,Evening Rush,1,1,0,0.0
118,Saturday,5,12,Midday,1,1,0,0.0
118,Saturday,5,13,Midday,2,2,0,0.0
118,Saturday,5,15,Evening Rush,1,1,0,0.0
118,Saturday,5,20,Evening,1,1,0,0.0
118,Sunday,6,5,Night,1,1,0,0.0
118,Sunday,6,12,Midday,1,1,1,1.0
118,Sunday,6,14,Midday,1,1,1,1.0
118,Sunday,6,19,Evening,1,1,0,0.0
118,Sunday,6,22,Evening,1,1,0,0.0
118,Thursday,3,16,Evening Rush,1,1,1,1.0
118,Thursday,3,17,Evening Rush,3,3,0,0.0
118,Thursday,3,18,Evening Rush,1,1,0,0.0
118,Thursday,3,20,Evening,2,2,1,0.5
118,Tuesday,1,7,Morning Rush,1,1,0,0.0
118,Tuesday,1,8,Morning Rush,1,1,0,0.0
118,Tuesday,1,10,Midday,1,1,0,0.0
118,Tuesday,1,12,Midday,1,1,0,0.0
118,Tuesday,1,15,Evening Rush,2,2,0,0.0
118,Tuesday,1,16,Evening Rush,1,1,0,0.0
118,Tuesday,1,21,Evening,1,1,1,1.0
118,Tuesday,1,22,Evening,1,1,0,0.0
118,Tuesday,1,23,Evening,1,1,0,0.0
118,Wednesday,2,0,Night,1,1,1,1.0
118,Wednesday,2,7,Morning Rush,1,1,0,0.0
118,Wednesday,2,8,Morning Rush,1,1,0,0.0
118,Wednesday,2,9,Morning Rush,2,2,1,0.5
118,Wednesday,2,10,Midday,1,1,0,0.0
118,Wednesday,2,13,Midday,1,1,0,0.0
118,Wednesday,2,15,Evening Rush,1,1,1,1.0
118,Wednesday,2,16,Evening Rush,2,2,2,1.0
118,Wednesday,2,18,Evening Rush,1,1,0,0.0
118,Wednesday,2,19,Evening,1,1,0,0.0
118,Wednesday,2,20,Evening,1,1,0,0.0
118,Wednesday,2,21,Evening,1,1,0,0.0
119,Friday,4,10,Midday,1,1,0,0.0
119,Friday,4,11,Midday,1,1,1,1.0
119,Friday,4,15,Evening Rush,1,1,1,1.0
119,Friday,4,16,Evening Rush,2,2,0,0.0
119,Friday,4,18,Evening Rush,1,1,0,0.0
119,Monday,0,6,Morning Rush,1,1,1,1.0
119,Monday,0,13,Midday,1,1,0,0.0
119,Saturday,5,22,Evening,1,1,0,0.0
119,Sunday,6,5,Night,1,1,0,0.0
119,Thursday,3,6,Morning Rush,1,1,0,0.0
119,Thursday,3,8,Morning Rush,1,1,1,1.0
119,Thursday,3,9,Morning Rush,1,1,1,1.0
119,Thursday,3,14,Midday,1,1,0,0.0
119,Tuesday,1,8,Morning Rush,1,1,1,1.0
119,Tuesday,1,10,Midday,1,1,0,0.0
119,Tuesday,1,11,Midday,1,1,0,0.0
119,Tuesday,1,15,Evening Rush,1,1,0,0.0
119,Tuesday,1,18,Evening Rush,1,1,0,0.0
119,Wednesday,2,8,Morning Rush,1,1,1,1.0
119,Wednesday,2,9,Morning Rush,1,1,1,1.0
119,Wednesday,2,10,Midday,1,1,1,1.0
119,Wednesday,2,13,Midday,1,1,1,1.0
119,Wednesday,2,16,Evening Rush,1,1,0,0.0
119,Wednesday,2,17,Evening Rush,1,1,0,0.0
119,Wednesday,2,18,Evening Rush,1,1,0,0.0
120,Friday,4,11,Midday,1,1,0,0.0
120,Friday,4,12,Midday,1,1,1,1.0
120,Friday,4,15,Evening Rush,5,5,2,0.4
120,Friday,4,18,Evening Rush,1,1,1,1.0
120,Friday,4,22,Evening,1,1,0,0.0
120,Monday,0,4,Night,1,1,0,0.0
120,Monday,0,9,Morning Rush,1,1,0,0.0
120,Monday,0,11,Midday,1,1,0,0.0
120,Monday,0,15,Evening Rush,1,1,0,0.0
120,Monday,0,17,Evening Rush,1,1,1,1.0
120,Saturday,5,15,Evening Rush,1,1,1,1.0
120,Saturday,5,20,Evening,1,1,0,0.0
120,Saturday,5,22,Evening,1,1,0,0.0
120,Sunday,6,2,Night,1,1,1,1.0
120,Sunday,6,7,Morning Rush,1,1,0,0.0
120,Sunday,6,12,Midday,1,1,0,0.0
120,Sunday,6,14,Midday,1,1,0,0.0
120,Sunday,6,17,Evening Rush,1,1,1,1.0
120,Sunday,6,18,Evening Rush,1,1,0,0.0
120,Thursday,3,9,Morning Rush,1,1,1,1.0
120,Thursday,3,11,Midday,1,1,0,0.0
120,Thursday,3,15,Evening Rush,1,1,0,0.0
120,Thursday,3,16,Evening Rush,1,1,0,0.0
120,Tuesday,1,8,Morning Rush,1,1,1,1.0
120,Tuesday,1,12,Midday,1,1,0,0.0
120,Tuesday,1,17,Evening Rush,1,1,0,0.0
120,Tuesday,1,19,Evening,1,1,1,1.0
120,Tuesday,1,20,Evening,1,1,1,1.0
120,Tuesday,1,22,Evening,1,1,0,0.0
120,Wednesday,2,15,Evening Rush,1,1,0,0.0
120,Wednesday,2,16,Evening Rush,2,2,0,0.0
120,Wednesday,2,18,Evening Rush,1,1,1,1.0
120,Wednesday,2,22,Evening,1,1,1,1.0
121,Friday,4,10,Midday,1,1,0,0.0
121,Friday,4,15,Evening Rush,1,1,0,0.0
121,Friday,4,16,Evening Rush,1,1,1,1.0
121,Friday,4,17,Evening Rush,1,1,1,1.0
121,Monday,0,9,Morning Rush,1,1,0,0.0
121,Monday,0,10,Midday,1,1,1,1.0
121,Monday,0,13,Midday,1,1,1,1.0
121,Saturday,5,12,Midday,1,1,0,0.0
121,Saturday,5,14,Midday,1,1,0,0.0
121,Saturday,5,18,Evening Rush,1,1,1,1.0
121,Saturday,5,19,Evening,1,1,1,1.0
121,Sunday,6,17,Evening Rush,1,1,0,0.0
121,Thursday,3,7,Morning Rush,1,1,1,1.0
121,Thursday,3,15,Evening Rush,1,1,0,0.0
121,Thursday,3,17,Evening Rush,1,1,0,0.0
121,Tuesday,1,10,Midday,1,1,0,0.0
121,Tuesday,1,14,Midday,1,1,0,0.0
121,Tuesday,1,16,Evening Rush,1,1,0,0.0
121,Tuesday,1,19,Evening,1,1,1,1.0
121,Tuesday,1,20,Evening,2,2,1,0.5
121,Wednesday,2,7,Morning Rush,1,1,1,1.0
121,Wednesday,2,17,Evening Rush,1,1,0,0.0
121,Wednesday,2,20,Evening,2,2,1,0.5
122,Friday,4,14,Midday,1,1,0,0.0
122,Friday,4,18,Evening Rush,1,1,1,1.0
122,Monday,0,8,Morning Rush,1,1,1,1.0
122,Monday,0,10,Midday,1,1,0,0.0
122,Monday,0,19,Evening,1,1,0,0.0
122,Saturday,5,11,Midday,1,1,1,1.0
122,Saturday,5,13,Midday,1,1,1,1.0
122,Saturday,5,17,Evening Rush,1,1,1,1.0
122,Sunday,6,17,Evening Rush,1,1,0,0.0
122,Thursday,3,6,Morning Rush,1,1,0,0.0
122,Thursday,3,9,Morning Rush,1,1,1,1.0
122,Thursday,3,11,Midday,1,1,1,1.0
122,Thursday,3,17,Evening Rush,1,1,1,1.0
122,Thursday,3,23,Evening,1,1,0,0.0
122,Tuesday,1,9,Morning Rush,1,1,1,1.0
122,Tuesday,1,11,Midday,1,1,1,1.0
122,Tuesday,1,13,Midday,1,1,1,1.0
122,Tuesday,1,15,Evening Rush,3,3,1,0.3333333333333333
122,Tuesday,1,20,Evening,1,1,1,1.0
122,Wednesday,2,8,Morning Rush,1,1,1,1.0
122,Wednesday,2,18,Evening Rush,1,1,0,0.0
123,Friday,4,12,Midday,1,1,0,0.0
123,Friday,4,18,Evening Rush,1,1,0,0.0
123,Friday,4,23,Evening,2,2,2,1.0
123,Monday,0,7,Morning Rush,1,1,0,0.0
123,Monday,0,18,Evening Rush,1,1,0,0.0
123,Saturday,5,4,Night,1,1,0,0.0
123,Saturday,5,8,Morning Rush,1,1,0,0.0
123,Saturday,5,9,Morning Rush,1,1,0,0.0
123,Saturday,5,10,Midday,1,1,0,0.0
123,Saturday,5,13,Midday,1,1,0,0.0
123,Saturday,5,21,Evening,1,1,1,1.0
123,Sunday,6,0,Night,1,1,1,1.0
123,Sunday,6,13,Midday,1,1,1,1.0
123,Sunday,6,18,Evening Rush,1,1,0,0.0
123,Sunday,6,23,Evening,2,2,1,0.5
123,Thursday,3,15,Evening Rush,1,1,1,1.0
123,Thursday,3,16,Evening Rush,1,1,1,1.0
123,Thursday,3,18,Evening Rush,1,1,0,0.0
123,Thursday,3,19,Evening,1,1,1,1.0
123,Tuesday,1,9,Morning Rush,1,1,1,1.0
123,Tuesday,1,12,Midday,1,1,1,1.0
123,Tuesday,1,16,Evening Rush,1,1,0,0.0
123,Tuesday,1,17,Evening Rush,2,2,1,0.5
123,Wednesday,2,11,Midday,1,1,1,1.0
123,Wednesday,2,16,Evening Rush,1,1,0,0.0
124,Friday,4,0,Night,1,1,0,0.0
124,Friday,4,8,Morning Rush,2,2,2,1.0
124,Friday,4,9,Morning Rush,1,1,0,0.0
124,Friday,4,11,Midday,1,1,0,0.0
124,Friday,4,12,Midday,1,1,0,0.0
124,Friday,4,13,Midday,2,2,0,0.0
124,Friday,4,14,Midday,1,1,0,0.0
124,Friday,4,17,Evening Rush,1,1,1,1.0
124,Friday,4,18,Evening Rush,1,1,0,0.0
124,Friday,4,22,Evening,2,2,1,0.5
124,Friday,4,23,Evening,3,3,1,0.3333333333333333
124,Monday,0,6,Morning Rush,2,2,0,0.0
124,Monday,0,7,Morning Rush,2,2,1,0.5
124,Monday,0,10,Midday,1,1,0,0.0
124,Monday,0,12,Midday,1,1,1,1.0
124,Monday,0,16,Evening Rush,2,2,0,0.0
124,Monday,0,17,Evening Rush,1,1,1,1.0
124,Monday,0,18,Evening Rush,1,1,0,0.0
124,Monday,0,19,Evening,1,1,1,1.0
124,Monday,0,23,Evening,1,1,0,0.0
124,Saturday,5,0,Night,1,1,0,0.0
124,Saturday,5,4,Night,1,1,0,0.0
124,Saturday,5,6,Morning Rush,1,1,0,0.0
124,Saturday,5,9,Morning Rush,2,2,2,1.0
124,Saturday,5,10,Midday,1,1,1,1.0
124,Saturday,5,11,Midday,1,1,0,0.0
124,Saturday,5,12,Midday,2,2,1,0.5
124,Saturday,5,13,Midday,2,2,0,0.0
124,Saturday,5,14,Midday,1,1,0,0.0
124,Saturday,5,16,Evening Rush,1,1,0,0.0
124,Saturday,5,18,Evening Rush,2,2,1,0.5
124,Saturday,5,19,Evening,1,1,0,0.0
124,Saturday,5,23,Evening,1,1,0,0.0
124,Sunday,6,10,Midday,1,1,0,0.0
124,Sunday,6,11,Midday,1,1,1,1.0
124,Sunday,6,12,Midday,1,1,0,0.0
124,Sunday,6,13,Midday,2,2,0,0.0
124,Sunday,6,15,Evening Rush,1,1,1,1.0
124,Sunday,6,17,Evening Rush,1,1,1,1.0
124,Sunday,6,18,Evening Rush,1,1,0,0.0
124,Sunday,6,19,Evening,1,1,0,0.0
124,Thursday,3,2,Night,1,1,0,0.0
124,Thursday,3,6,Morning Rush,1,1,1,1.0
124,Thursday,3,8,Morning Rush,1,1,1,1.0
124,Thursday,3,9,Morning Rush,1,1,0,0.0
124,Thursday,3,13,Midday,1,1,0,0.0
124,Thursday,3,15,Evening Rush,1,1,0,0.0
124,Thursday,3,16,Evening Rush,3,3,2,0.6666666666666666
124,Thursday,3,19,Evening,1,1,1,1.0
124,Thursday,3,20,Evening,1,1,1,1.0
124,Thursday,3,22,Evening,1,1,0,0.0
124,Tuesday,1,7,Morning Rush,2,2,2,1.0
124,Tuesday,1,8,Morning Rush,2,2,2,1.0
124,Tuesday,1,9,Morning Rush,1,1,0,0.0
124,Tuesday,1,13,Midday,1,1,1,1.0
124,Tuesday,1,16,Evening Rush,1,1,1,1.0
124,Tuesday,1,17,Evening Rush,1,1,1,1.0
124,Tuesday,1,18,Evening Rush,1,1,1,1.0
124,Wednesday,2,2,Night,1,1,0,0.0
124,Wednesday,2,6,Morning Rush,2,2,2,1.0
124,Wednesday,2,7,Morning Rush,2,2,0,0.0
124,Wednesday,2,9,Morning Rush,2,2,0,0.0
124,Wednesday,2,10,Midday,1,1,1,1.0
124,Wednesday,2,11,Midday,1,1,0,0.0
124,Wednesday,2,12,Midday,1,1,1,1.0
124,Wednesday,2,13,Midday,2,2,0,0.0
124,Wednesday,2,16,Evening Rush,2,2,2,1.0
124,Wednesday,2,18,Evening Rush,1,1,1,1.0
124,Wednesday,2,21,Evening,1,1,1,1.0
125,Friday,4,17,Evening Rush,1,1,1,1.0
125,Friday,4,18,Evening Rush,1,1,1,1.0
125,Friday,4,19,Evening,1,1,0,0.0
125,Monday,0,11,Midday,1,1,0,0.0
125,Saturday,5,7,Morning Rush,1,1,1,1.0
125,Saturday,5,12,Midday,1,1,1,1.0
125,Saturday,5,13,Midday,1,1,1,1.0
125,Saturday,5,17,Evening Rush,1,1,0,0.0
125,Sunday,6,19,Evening,1,1,1,1.0
125,Sunday,6,21,Evening,1,1,0,0.0
125,Thursday,3,18,Evening Rush,1,1,0,0.0
125,Thursday,3,19,Evening,2,2,1,0.5
125,Tuesday,1,1,Night,1,1,0,0.0
125,Tuesday,1,15,Evening Rush,1,1,0,0.0
125,Tuesday,1,19,Evening,1,1,0,0.0
125,Wednesday,2,6,Morning Rush,1,1,0,0.0
125,Wednesday,2,11,Midday,1,1,1,1.0
125,Wednesday,2,18,Evening Rush,2,2,0,0.0
125,Wednesday,2,21,Evening,2,2,1,0.5
126,Friday,4,0,Night,1,1,1,1.0
126,Friday,4,6,Morning Rush,1,1,1,1.0
126,Friday,4,7,Morning Rush,10,10,8,0.8
126,Friday,4,8,Morning Rush,3,3,1,0.3333333333333333
126,Friday,4,9,Morning Rush,1,1,1,1.0
126,Friday,4,11,Midday,8,8,2,0.25
126,Friday,4,12,Midday,5,5,1,0.2
126,Friday,4,13,Midday,14,14,6,0.42857142857142855
126,Friday,4,14,Midday,5,5,1,0.2
126,Friday,4,15,Evening Rush,6,6,1,0.16666666666666666
126,Friday,4,16,Evening Rush,9,9,3,0.3333333333333333
126,Friday,4,17,Evening Rush,6,6,2,0.3333333333333333
126,Friday,4,18,Evening Rush,3,3,2,0.6666666666666666
126,Friday,4,19,Evening,1,1,0,0.0
126,Friday,4,20,Evening,2,2,0,0.0
126,Friday,4,21,Evening,1,1,1,1.0
126,Friday,4,22,Evening,1,1,1,1.0
126,Monday,0,2,Night,2,2,1,0.5
126,Monday,0,6,Morning Rush,2,2,1,0.5
126,Monday,0,7,Morning Rush,5,5,3,0.6
126,Monday,0,8,Morning Rush,7,7,2,0.2857142857142857
126,Monday,0,9,Morning Rush,2,2,0,0.0
126,Monday,0,11,Midday,1,1,1,1.0
126,Monday,0,12,Midday,2,2,1,0.5
126,Monday,0,13,Midday,2,2,0,0.0
126,Monday,0,15,Evening Rush,4,4,0,0.0
126,Monday,0,16,Evening Rush,6,6,2,0.3333333333333333
126,Monday,0,17,Evening Rush,5,5,2,0.4
126,Monday,0,19,Evening,2,2,2,1.0
126,Monday,0,21,Evening,2,2,0,0.0
126,Monday,0,22,Evening,1,1,1,1.0
126,Saturday,5,0,Night,1,1,1,1.0
126,Saturday,5,3,Night,1,1,1,1.0
126,Saturday,5,4,Night,1,1,1,1.0
126,Saturday,5,6,Morning Rush,1,1,0,0.0
126,Saturday,5,7,Morning Rush,3,3,2,0.6666666666666666
126,Saturday,5,8,Morning Rush,1,1,1,1.0
126,Saturday,5,9,Morning Rush,1,1,1,1.0
126,Saturday,5,12,Midday,2,2,0,0.0
126,Saturday,5,13,Midday,9,9,4,0.4444444444444444
126,Saturday,5,14,Midday,8,8,5,0.625
126,Saturday,5,15,Evening Rush,2,2,0,0.0
126,Saturday,5,16,Evening Rush,6,6,2,0.3333333333333333
126,Saturday,5,17,Evening Rush,3,3,1,0.3333333333333333
126,Saturday,5,19,Evening,1,1,0,0.0
126,Saturday,5,20,Evening,1,1,0,0.0
126,Saturday,5,22,Evening,2,2,1,0.5
126,Sunday,6,0,Night,1,1,0,0.0
126,Sunday,6,5,Night,1,1,1,1.0
126,Sunday,6,6,Morning Rush,2,2,2,1.0
126,Sunday,6,7,Morning Rush,1,1,1,1.0
126,Sunday,6,9,Morning Rush,2,2,2,1.0
126,Sunday,6,11,Midday,2,2,2,1.0
126,Sunday,6,12,Midday,3,3,0,0.0
126,Sunday,6,14,Midday,2,2,0,0.0
126,Sunday,6,15,Evening Rush,1,1,1,1.0
126,Sunday,6,18,Evening Rush,2,2,1,0.5
126,Thursday,3,1,Night,1,1,1,1.0
126,Thursday,3,3,Night,1,1,1,1.0
126,Thursday,3,7,Morning Rush,6,6,4,0.6666666666666666
126,Thursday,3,8,Morning Rush,2,2,2,1.0
126,Thursday,3,9,Morning Rush,8,8,4,0.5
126,Thursday,3,10,Midday,4,4,2,0.5
126,Thursday,3,11,Midday,4,4,1,0.25
126,Thursday,3,12,Midday,8,8,4,0.5
126,Thursday,3,13,Midday,4,4,2,0.5
126,Thursday,3,14,Midday,4,4,2,0.5
126,Thursday,3,15,Evening Rush,7,7,0,0.0
126,Thursday,3,16,Evening Rush,6,6,1,0.16666666666666666
126,Thursday,3,17,Evening Rush,7,7,2,0.2857142857142857
126,Thursday,3,18,Evening Rush,4,4,1,0.25
126,Thursday,3,19,Evening,1,1,1,1.0
126,Thursday,3,20,Evening,1,1,1,1.0
126,Thursday,3,21,Evening,2,2,1,0.5
126,Thursday,3,22,Evening,1,1,1,1.0
126,Thursday,3,23,Evening,2,2,0,0.0
126,Tuesday,1,5,Night,1,1,0,0.0
126,Tuesday,1,6,Morning Rush,3,3,3,1.0
126,Tuesday,1,7,Morning Rush,9,9,6,0.6666666666666666
126,Tuesday,1,8,Morning Rush,7,7,3,0.42857142857142855
126,Tuesday,1,9,Morning Rush,8,8,3,0.375
126,Tuesday,1,10,Midday,5,5,2,0.4
126,Tuesday,1,11,Midday,2,2,2,1.0
126,Tuesday,1,12,Midday,4,4,2,0.5
126,Tuesday,1,13,Midday,1,1,0,0.0
126,Tuesday,1,14,Midday,3,3,2,0.6666666666666666
126,Tuesday,1,15,Evening Rush,3,3,0,0.0
126,Tuesday,1,16,Evening Rush,11,11,2,0.18181818181818182
126,Tuesday,1,17,Evening Rush,9,9,4,0.4444444444444444
126,Tuesday,1,18,Evening Rush,2,2,2,1.0
126,Tuesday,1,19,Evening,5,5,3,0.6
126,Tuesday,1,20,Evening,1,1,0,0.0
126,Tuesday,1,22,Evening,1,1,0,0.0
126,Wednesday,2,2,Night,1,1,0,0.0
126,Wednesday,2,6,Morning Rush,2,2,1,0.5
126,Wednesday,2,7,Morning Rush,4,4,1,0.25
126,Wednesday,2,8,Morning Rush,4,4,1,0.25
126,Wednesday,2,9,Morning Rush,3,3,1,0.3333333333333333
126,Wednesday,2,10,Midday,5,5,3,0.6
126,Wednesday,2,11,Midday,3,3,1,0.3333333333333333
126,Wednesday,2,12,Midday,5,5,0,0.0
126,Wednesday,2,14,Midday,7,7,1,0.14285714285714285
126,Wednesday,2,15,Evening Rush,4,4,1,0.25
126,Wednesday,2,16,Evening Rush,6,6,0,0.0
126,Wednesday,2,17,Evening Rush,6,6,2,0.3333333333333333
126,Wednesday,2,18,Evening Rush,7,7,2,0.2857142857142857
126,Wednesday,2,19,Evening,1,1,1,1.0
126,Wednesday,2,20,Evening,2,2,1,0.5
126,Wednesday,2,21,Evening,1,1,1,1.0
126,Wednesday,2,22,Evening,1,1,1,1.0
127,Friday,4,10,Midday,1,1,1,1.0
127,Friday,4,15,Evening Rush,2,2,2,1.0
127,Friday,4,17,Evening Rush,1,1,1,1.0
127,Friday,4,18,Evening Rush,1,1,0,0.0
127,Friday,4,23,Evening,1,1,0,0.0
127,Monday,0,6,Morning Rush,1,1,0,0.0
127,Monday,0,9,Morning Rush,1,1,0,0.0
127,Monday,0,12,Midday,2,2,0,0.0
127,Monday,0,14,Midday,1,1,1,1.0
127,Monday,0,17,Evening Rush,1,1,0,0.0
127,Monday,0,22,Evening,1,1,0,0.0
127,Saturday,5,1,Night,1,1,0,0.0
127,Saturday,5,6,Morning Rush,1,1,1,1.0
127,Saturday,5,10,Midday,1,1,1,1.0
127,Saturday,5,12,Midday,1,1,0,0.0
127,Saturday,5,15,Evening Rush,2,2,0,0.0
127,Saturday,5,16,Evening Rush,1,1,1,1.0
127,Saturday,5,18,Evening Rush,1,1,1,1.0
127,Saturday,5,19,Evening,2,2,2,1.0
127,Saturday,5,22,Evening,1,1,1,1.0
127,Sunday,6,5,Night,1,1,1,1.0
127,Sunday,6,8,Morning Rush,1,1,0,0.0
127,Sunday,6,9,Morning Rush,1,1,1,1.0
127,Sunday,6,18,Evening Rush,1,1,1,1.0
127,Sunday,6,19,Evening,1,1,1,1.0
127,Sunday,6,21,Evening,1,1,0,0.0
127,Sunday,6,23,Evening,1,1,1,1.0
127,Thursday,3,8,Morning Rush,1,1,0,0.0
127,Thursday,3,9,Morning Rush,1,1,1,1.0
127,Thursday,3,12,Midday,1,1,0,0.0
127,Thursday,3,17,Evening Rush,1,1,1,1.0
127,Thursday,3,18,Evening Rush,1,1,0,0.0
127,Thursday,3,20,Evening,1,1,1,1.0
127,Tuesday,1,0,Night,1,1,0,0.0
127,Tuesday,1,7,Morning Rush,1,1,1,1.0
127,Tuesday,1,9,Morning Rush,1,1,0,0.0
127,Tuesday,1,10,Midday,3,3,3,1.0
127,Tuesday,1,11,Midday,1,1,0,0.0
127,Tuesday,1,17,Evening Rush,1,1,1,1.0
127,Tuesday,1,20,Evening,2,2,1,0.5
127,Wednesday,2,8,Morning Rush,1,1,0,0.0
127,Wednesday,2,13,Midday,1,1,0,0.0
127,Wednesday,2,16,Evening Rush,2,2,2,1.0
128,Friday,4,15,Evening Rush,1,1,0,0.0
128,Friday,4,18,Evening Rush,2,2,0,0.0
128,Friday,4,21,Evening,1,1,0,0.0
128,Monday,0,11,Midday,1,1,0,0.0
128,Monday,0,16,Evening Rush,1,1,1,1.0
128,Saturday,5,4,Night,1,1,0,0.0
128,Saturday,5,7,Morning Rush,1,1,0,0.0
128,Saturday,5,9,Morning Rush,1,1,0,0.0
128,Saturday,5,14,Midday,1,1,0,0.0
128,Saturday,5,18,Evening Rush,1,1,1,1.0
128,Saturday,5,22,Evening,1,1,0,0.0
128,Sunday,6,10,Midday,1,1,0,0.0
128,Sunday,6,18,Evening Rush,1,1,0,0.0
128,Thursday,3,7,Morning Rush,1,1,1,1.0
128,Thursday,3,17,Evening Rush,1,1,0,0.0
128,Thursday,3,19,Evening,1,1,1,1.0
128,Tuesday,1,9,Morning Rush,2,2,0,0.0
128,Tuesday,1,10,Midday,2,2,2,1.0
128,Tuesday,1,15,Evening Rush,1,1,0,0.0
128,Tuesday,1,18,Evening Rush,1,1,0,0.0
128,Tuesday,1,20,Evening,1,1,0,0.0
128,Wednesday,2,7,Morning Rush,1,1,1,1.0
128,Wednesday,2,9,Morning Rush,1,1,0,0.0
128,Wednesday,2,10,Midday,1,1,1,1.0
128,Wednesday,2,12,Midday,2,2,2,1.0
128,Wednesday,2,14,Midday,1,1,1,1.0
129,Friday,4,12,Midday,1,1,0,0.0
129,Friday,4,14,Midday,1,1,1,1.0
129,Friday,4,15,Evening Rush,2,2,0,0.0
129,Friday,4,16,Evening Rush,3,3,1,0.3333333333333333
129,Friday,4,17,Evening Rush,1,1,1,1.0
129,Friday,4,20,Evening,1,1,0,0.0
129,Monday,0,12,Midday,1,1,0,0.0
129,Monday,0,13,Midday,1,1,1,1.0
129,Monday,0,14,Midday,1,1,0,0.0
129,Monday,0,15,Evening Rush,1,1,1,1.0
129,Monday,0,17,Evening Rush,2,2,1,0.5
129,Monday,0,19,Evening,1,1,0,0.0
129,Monday,0,20,Evening,1,1,0,0.0
129,Monday,0,21,Evening,1,1,1,1.0
129,Saturday,5,13,Midday,1,1,1,1.0
129,Saturday,5,15,Evening Rush,1,1,1,1.0
129,Saturday,5,22,Evening,1,1,0,0.0
129,Sunday,6,15,Evening Rush,1,1,1,1.0
129,Sunday,6,16,Evening Rush,1,1,1,1.0
129,Sunday,6,17,Evening Rush,1,1,0,0.0
129,Thursday,3,11,Midday,1,1,0,0.0
129,Thursday,3,14,Midday,1,1,0,0.0
129,Thursday,3,15,Evening Rush,2,2,0,0.0
129,Thursday,3,16,Evening Rush,2,2,0,0.0
129,Thursday,3,17,Evening Rush,2,2,0,0.0
129,Thursday,3,18,Evening Rush,1,1,0,0.0
129,Thursday,3,19,Evening,1,1,1,1.0
129,Thursday,3,23,Evening,1,1,0,0.0
129,Tuesday,1,6,Morning Rush,1,1,0,0.0
129,Tuesday,1,8,Morning Rush,1,1,1,1.0
129,Tuesday,1,10,Midday,1,1,0,0.0
129,Tuesday,1,12,Midday,1,1,0,0.0
129,Tuesday,1,13,Midday,1,1,1,1.0
129,Tuesday,1,16,Evening Rush,2,2,0,0.0
129,Tuesday,1,17,Evening Rush,2,2,2,1.0
129,Tuesday,1,19,Evening,1,1,0,0.0
129,Wednesday,2,4,Night,1,1,0,0.0
129,Wednesday,2,10,Midday,1,1,0,0.0
129,Wednesday,2,11,Midday,1,1,0,0.0
129,Wednesday,2,14,Midday,3,3,0,0.0
129,Wednesday,2,15,Evening Rush,3,3,1,0.3333333333333333
129,Wednesday,2,16,Evening Rush,2,2,0,0.0
129,Wednesday,2,17,Evening Rush,1,1,0,0.0
129,Wednesday,2,18,Evening Rush,1,1,0,0.0
130,Friday,4,0,Night,1,1,1,1.0
130,Friday,4,2,Night,1,1,1,1.0
130,Friday,4,9,Morning Rush,1,1,1,1.0
130,Friday,4,16,Evening Rush,1,1,1,1.0
130,Friday,4,21,Evening,1,1,1,1.0
130,Monday,0,7,Morning Rush,2,2,0,0.0
130,Monday,0,9,Morning Rush,1,1,1,1.0
130,Monday,0,11,Midday,1,1,0,0.0
130,Monday,0,12,Midday,1,1,0,0.0
130,Monday,0,16,Evening Rush,1,1,0,0.0
130,Monday,0,17,Evening Rush,3,3,0,0.0
130,Saturday,5,6,Morning Rush,1,1,1,1.0
130,Saturday,5,10,Midday,1,1,1,1.0
130,Saturday,5,17,Evening Rush,1,1,0,0.0
130,Saturday,5,19,Evening,1,1,1,1.0
130,Sunday,6,0,Night,1,1,1,1.0
130,Sunday,6,12,Midday,1,1,0,0.0
130,Sunday,6,19,Evening,1,1,1,1.0
130,Thursday,3,6,Morning Rush,1,1,0,0.0
130,Thursday,3,7,Morning Rush,3,3,0,0.0
130,Thursday,3,8,Morning Rush,1,1,1,1.0
130,Thursday,3,10,Midday,2,2,0,0.0
130,Thursday,3,12,Midday,1,1,1,1.0
130,Thursday,3,16,Evening Rush,1,1,1,1.0
130,Thursday,3,17,Evening Rush,4,4,1,0.25
130,Thursday,3,18,Evening Rush,1,1,0,0.0
130,Thursday,3,21,Evening,1,1,1,1.0
130,Tuesday,1,15,Evening Rush,1,1,0,0.0
130,Tuesday,1,16,Evening Rush,2,2,2,1.0
130,Tuesday,1,17,Evening Rush,1,1,0,0.0
130,Tuesday,1,20,Evening,1,1,0,0.0
130,Wednesday,2,14,Midday,1,1,1,1.0
130,Wednesday,2,16,Evening Rush,2,2,0,0.0
130,Wednesday,2,17,Evening Rush,2,2,0,0.0
130,Wednesday,2,18,Evening Rush,1,1,1,1.0
130,Wednesday,2,21,Evening,1,1,0,0.0
131,Friday,4,8,Morning Rush,1,1,1,1.0
131,Friday,4,14,Midday,2,2,1,0.5
131,Friday,4,15,Evening Rush,1,1,0,0.0
131,Friday,4,16,Evening Rush,1,1,1,1.0
131,Friday,4,17,Evening Rush,1,1,1,1.0
131,Friday,4,19,Evening,2,2,1,0.5
131,Friday,4,21,Evening,1,1,0,0.0
131,Friday,4,23,Evening,1,1,0,0.0
131,Monday,0,8,Morning Rush,2,2,2,1.0
131,Monday,0,11,Midday,1,1,0,0.0
131,Monday,0,13,Midday,4,4,1,0.25
131,Monday,0,14,Midday,2,2,0,0.0
131,Monday,0,15,Evening Rush,4,4,0,0.0
131,Monday,0,16,Evening Rush,1,1,0,0.0
131,Monday,0,21,Evening,1,1,1,1.0
131,Monday,0,22,Evening,2,2,2,1.0
131,Saturday,5,0,Night,1,1,0,0.0
131,Saturday,5,1,Night,1,1,0,0.0
131,Saturday,5,5,Night,1,1,1,1.0
131,Saturday,5,7,Morning Rush,1,1,0,0.0
131,Saturday,5,8,Morning Rush,1,1,0,0.0
131,Saturday,5,10,Midday,1,1,0,0.0
131,Saturday,5,12,Midday,1,1,0,0.0
131,Saturday,5,15,Evening Rush,1,1,0,0.0
131,Saturday,5,18,Evening Rush,1,1,1,1.0
131,Saturday,5,19,Evening,1,1,1,1.0
131,Saturday,5,20,Evening,2,2,0,0.0
131,Saturday,5,22,Evening,2,2,0,0.0
131,Saturday,5,23,Evening,2,2,0,0.0
131,Sunday,6,0,Night,3,3,2,0.6666666666666666
131,Sunday,6,3,Night,1,1,0,0.0
131,Sunday,6,6,Morning Rush,1,1,0,0.0
131,Sunday,6,12,Midday,2,2,2,1.0
131,Sunday,6,14,Midday,3,3,2,0.6666666666666666
131,Sunday,6,20,Evening,2,2,2,1.0
131,Sunday,6,21,Evening,2,2,1,0.5
131,Thursday,3,6,Morning Rush,3,3,1,0.3333333333333333
131,Thursday,3,7,Morning Rush,1,1,1,1.0
131,Thursday,3,9,Morning Rush,1,1,1,1.0
131,Thursday,3,10,Midday,1,1,0,0.0
131,Thursday,3,11,Midday,1,1,1,1.0
131,Thursday,3,12,Midday,1,1,0,0.0
131,Thursday,3,13,Midday,1,1,0,0.0
131,Thursday,3,15,Evening Rush,1,1,0,0.0
131,Thursday,3,17,Evening Rush,2,2,1,0.5
131,Thursday,3,18,Evening Rush,2,2,1,0.5
131,Thursday,3,21,Evening,1,1,0,0.0
131,Thursday,3,22,Evening,2,2,1,0.5
131,Thursday,3,23,Evening,1,1,1,1.0
131,Tuesday,1,4,Night,1,1,0,0.0
131,Tuesday,1,6,Morning Rush,1,1,1,1.0
131,Tuesday,1,11,Midday,1,1,1,1.0
131,Tuesday,1,14,Midday,2,2,1,0.5
131,Tuesday,1,15,Evening Rush,1,1,0,0.0
131,Tuesday,1,17,Evening Rush,1,1,0,0.0
131,Tuesday,1,18,Evening Rush,3,3,2,0.6666666666666666
131,Tuesday,1,20,Evening,2,2,1,0.5
131,Tuesday,1,22,Evening,1,1,1,1.0
131,Wednesday,2,1,Night,1,1,0,0.0
131,Wednesday,2,9,Morning Rush,2,2,2,1.0
131,Wednesday,2,10,Midday,1,1,0,0.0
131,Wednesday,2,11,Midday,1,1,1,1.0
131,Wednesday,2,14,Midday,1,1,0,0.0
131,Wednesday,2,15,Evening Rush,2,2,1,0.5
131,Wednesday,2,16,Evening Rush,3,3,1,0.3333333333333333
131,Wednesday,2,17,Evening Rush,1,1,1,1.0
131,Wednesday,2,19,Evening,3,3,1,0.3333333333333333
131,Wednesday,2,20,Evening,1,1,1,1.0
131,Wednesday,2,21,Evening,1,1,0,0.0
132,Friday,4,6,Morning Rush,1,1,0,0.0
132,Friday,4,12,Midday,1,1,0,0.0
132,Friday,4,13,Midday,1,1,1,1.0
132,Friday,4,14,Midday,1,1,0,0.0
132,Friday,4,17,Evening Rush,2,2,0,0.0
132,Friday,4,18,Evening Rush,1,1,0,0.0
132,Friday,4,19,Evening,2,2,1,0.5
132,Friday,4,20,Evening,1,1,1,1.0
132,Friday,4,21,Evening,2,2,0,0.0
132,Friday,4,23,Evening,1,1,0,0.0
132,Monday,0,9,Morning Rush,1,1,0,0.0
132,Monday,0,12,Midday,1,1,0,0.0
132,Monday,0,13,Midday,1,1,0,0.0
132,Monday,0,14,Midday,3,3,0,0.0
132,Monday,0,20,Evening,1,1,1,1.0
132,Monday,0,21,Evening,1,1,1,1.0
132,Saturday,5,11,Midday,1,1,1,1.0
132,Saturday,5,13,Midday,2,2,0,0.0
132,Saturday,5,15,Evening Rush,3,3,0,0.0
132,Saturday,5,16,Evening Rush,2,2,1,0.5
132,Saturday,5,17,Evening Rush,1,1,1,1.0
132,Saturday,5,19,Evening,2,2,0,0.0
132,Saturday,5,20,Evening,3,3,2,0.6666666666666666
132,Saturday,5,22,Evening,1,1,0,0.0
132,Sunday,6,0,Night,1,1,1,1.0
132,Sunday,6,5,Night,1,1,1,1.0
132,Sunday,6,11,Midday,1,1,1,1.0
132,Sunday,6,13,Midday,1,1,0,0.0
132,Sunday,6,14,Midday,1,1,0,0.0
132,Sunday,6,15,Evening Rush,1,1,1,1.0
132,Sunday,6,17,Evening Rush,2,2,0,0.0
132,Sunday,6,18,Evening Rush,1,1,0,0.0
132,Sunday,6,19,Evening,1,1,1,1.0
132,Sunday,6,23,Evening,1,1,1,1.0
132,Thursday,3,13,Midday,1,1,0,0.0
132,Thursday,3,15,Evening Rush,1,1,1,1.0
132,Thursday,3,16,Evening Rush,1,1,0,0.0
132,Thursday,3,18,Evening Rush,1,1,0,0.0
132,Thursday,3,19,Evening,2,2,0,0.0
132,Thursday,3,21,Evening,1,1,1,1.0
132,Tuesday,1,11,Midday,2,2,1,0.5
132,Tuesday,1,14,Midday,1,1,0,0.0
132,Tuesday,1,15,Evening Rush,1,1,1,1.0
132,Tuesday,1,18,Evening Rush,2,2,1,0.5
132,Tuesday,1,19,Evening,2,2,0,0.0
132,Tuesday,1,20,Evening,2,2,0,0.0
132,Wednesday,2,8,Morning Rush,1,1,1,1.0
132,Wednesday,2,9,Morning Rush,1,1,0,0.0
132,Wednesday,2,10,Midday,1,1,1,1.0
132,Wednesday,2,12,Midday,1,1,0,0.0
132,Wednesday,2,15,Evening Rush,1,1,0,0.0
132,Wednesday,2,16,Evening Rush,2,2,1,0.5
132,Wednesday,2,18,Evening Rush,1,1,0,0.0
132,Wednesday,2,20,Evening,1,1,1,1.0
132,Wednesday,2,22,Evening,1,1,0,0.0
132,Wednesday,2,23,Evening,1,1,0,0.0
133,Friday,4,7,Morning Rush,3,3,2,0.6666666666666666
133,Friday,4,8,Morning Rush,5,5,0,0.0
133,Friday,4,9,Morning Rush,9,9,4,0.4444444444444444
133,Friday,4,10,Midday,1,1,0,0.0
133,Friday,4,11,Midday,4,4,0,0.0
133,Friday,4,12,Midday,2,2,1,0.5
133,Friday,4,13,Midday,8,8,0,0.0
133,Friday,4,14,Midday,10,10,1,0.1
133,Friday,4,15,Evening Rush,2,2,0,0.0
133,Friday,4,16,Evening Rush,8,8,2,0.25
133,Friday,4,17,Evening Rush,4,4,3,0.75
133,Friday,4,18,Evening Rush,1,1,1,1.0
133,Friday,4,19,Evening,1,1,1,1.0
133,Friday,4,21,Evening,3,3,2,0.6666666666666666
133,Friday,4,22,Evening,1,1,1,1.0
133,Friday,4,23,Evening,4,4,4,1.0
133,Monday,0,3,Night,1,1,1,1.0
133,Monday,0,6,Morning Rush,2,2,0,0.0
133,Monday,0,7,Morning Rush,5,5,1,0.2
133,Monday,0,8,Morning Rush,5,5,3,0.6
133,Monday,0,9,Morning Rush,3,3,1,0.3333333333333333
133,Monday,0,10,Midday,3,3,1,0.3333333333333333
133,Monday,0,11,Midday,4,4,2,0.5
133,Monday,0,12,Midday,1,1,0,0.0
133,Monday,0,13,Midday,9,9,2,0.2222222222222222
133,Monday,0,14,Midday,5,5,1,0.2
133,Monday,0,15,Evening Rush,6,6,2,0.3333333333333333
133,Monday,0,16,Evening Rush,1,1,0,0.0
133,Monday,0,17,Evening Rush,7,7,0,0.0
133,Monday,0,18,Evening Rush,2,2,0,0.0
133,Monday,0,19,Evening,2,2,2,1.0
133,Monday,0,21,Evening,2,2,0,0.0
133,Saturday,5,1,Night,2,2,0,0.0
133,Saturday,5,5,Night,1,1,0,0.0
133,Saturday,5,7,Morning Rush,1,1,0,0.0
133,Saturday,5,8,Morning Rush,2,2,1,0.5
133,Saturday,5,10,Midday,1,1,0,0.0
133,Saturday,5,11,Midday,1,1,0,0.0
133,Saturday,5,12,Midday,5,5,1,0.2
133,Saturday,5,13,Midday,3,3,1,0.3333333333333333
133,Saturday,5,14,Midday,8,8,4,0.5
133,Saturday,5,15,Evening Rush,7,7,2,0.2857142857142857
133,Saturday,5,16,Evening Rush,1,1,0,0.0
133,Saturday,5,17,Evening Rush,1,1,0,0.0
133,Sunday,6,1,Night,1,1,0,0.0
133,Sunday,6,12,Midday,1,1,1,1.0
133,Sunday,6,13,Midday,1,1,0,0.0
133,Sunday,6,14,Midday,3,3,0,0.0
133,Sunday,6,15,Evening Rush,4,4,0,0.0
133,Sunday,6,18,Evening Rush,1,1,0,0.0
133,Sunday,6,21,Evening,1,1,1,1.0
133,Sunday,6,22,Evening,2,2,0,0.0
133,Sunday,6,23,Evening,1,1,1,1.0
133,Thursday,3,3,Night,1,1,0,0.0
133,Thursday,3,6,Morning Rush,2,2,0,0.0
133,Thursday,3,7,Morning Rush,7,7,5,0.7142857142857143
133,Thursday,3,8,Morning Rush,5,5,2,0.4
133,Thursday,3,9,Morning Rush,1,1,1,1.0
133,Thursday,3,10,Midday,4,4,0,0.0
133,Thursday,3,11,Midday,2,2,0,0.0
133,Thursday,3,12,Midday,7,7,1,0.14285714285714285
133,Thursday,3,13,Midday,9,9,3,0.3333333333333333
133,Thursday,3,14,Midday,5,5,0,0.0
133,Thursday,3,15,Evening Rush,11,11,1,0.09090909090909091
133,Thursday,3,16,Evening Rush,5,5,1,0.2
133,Thursday,3,17,Evening Rush,4,4,1,0.25
133,Thursday,3,18,Evening Rush,3,3,1,0.3333333333333333
133,Thursday,3,19,Evening,1,1,0,0.0
133,Thursday,3,21,Evening,2,2,0,0.0
133,Thursday,3,22,Evening,1,1,1,1.0
133,Thursday,3,23,Evening,2,2,2,1.0
133,Tuesday,1,2,Night,2,2,2,1.0
133,Tuesday,1,4,Night,1,1,0,0.0
133,Tuesday,1,6,Morning Rush,3,3,2,0.6666666666666666
133,Tuesday,1,7,Morning Rush,4,4,3,0.75
133,Tuesday,1,8,Morning Rush,10,10,2,0.2
133,Tuesday,1,9,Morning Rush,4,4,1,0.25
133,Tuesday,1,10,Midday,2,2,1,0.5
133,Tuesday,1,11,Midday,2,2,2,1.0
133,Tuesday,1,12,Midday,4,4,2,0.5
133,Tuesday,1,13,Midday,9,9,4,0.4444444444444444
133,Tuesday,1,14,Midday,5,5,0,0.0
133,Tuesday,1,15,Evening Rush,3,3,0,0.0
133,Tuesday,1,16,Evening Rush,3,3,0,0.0
133,Tuesday,1,17,Evening Rush,7,7,0,0.0
133,Tuesday,1,18,Evening Rush,3,3,3,1.0
133,Tuesday,1,20,Evening,2,2,0,0.0
133,Tuesday,1,21,Evening,1,1,1,1.0
133,Tuesday,1,22,Evening,2,2,2,1.0
133,Wednesday,2,5,Night,1,1,1,1.0
133,Wednesday,2,6,Morning Rush,4,4,2,0.5
133,Wednesday,2,7,Morning Rush,7,7,6,0.8571428571428571
133,Wednesday,2,8,Morning Rush,4,4,1,0.25
133,Wednesday,2,9,Morning Rush,3,3,2,0.6666666666666666
133,Wednesday,2,10,Midday,3,3,1,0.3333333333333333
133,Wednesday,2,11,Midday,3,3,1,0.3333333333333333
133,Wednesday,2,12,Midday,4,4,1,0.25
133,Wednesday,2,13,Midday,4,4,1,0.25
133,Wednesday,2,14,Midday,12,12,4,0.3333333333333333
133,Wednesday,2,15,Evening Rush,2,2,0,0.0
133,Wednesday,2,16,Evening Rush,9,9,0,0.0
133,Wednesday,2,17,Evening Rush,7,7,3,0.42857142857142855
133,Wednesday,2,18,Evening Rush,4,4,1,0.25
133,Wednesday,2,19,Evening,2,2,0,0.0
133,Wednesday,2,20,Evening,1,1,1,1.0
133,Wednesday,2,22,Evening,1,1,1,1.0
134,Friday,4,12,Midday,1,1,0,0.0
134,Friday,4,15,Evening Rush,2,2,0,0.0
134,Friday,4,16,Evening Rush,1,1,0,0.0
134,Friday,4,19,Evening,1,1,0,0.0
134,Monday,0,14,Midday,1,1,0,0.0
134,Monday,0,15,Evening Rush,2,2,0,0.0
134,Monday,0,16,Evening Rush,3,3,1,0.3333333333333333
134,Monday,0,18,Evening Rush,1,1,0,0.0
134,Saturday,5,9,Morning Rush,1,1,1,1.0
134,Saturday,5,12,Midday,1,1,0,0.0
134,Saturday,5,14,Midday,2,2,1,0.5
134,Thursday,3,7,Morning Rush,2,2,1,0.5
134,Thursday,3,9,Morning Rush,1,1,1,1.0
134,Thursday,3,14,Midday,1,1,0,0.0
134,Thursday,3,15,Evening Rush,1,1,0,0.0
134,Thursday,3,16,Evening Rush,1,1,0,0.0
134,Tuesday,1,2,Night,1,1,0,0.0
134,Tuesday,1,4,Night,1,1,1,1.0
134,Tuesday,1,9,Morning Rush,1,1,0,0.0
134,Tuesday,1,12,Midday,2,2,1,0.5
134,Tuesday,1,16,Evening Rush,1,1,1,1.0
134,Tuesday,1,17,Evening Rush,1,1,0,0.0
134,Tuesday,1,23,Evening,1,1,1,1.0
134,Wednesday,2,7,Morning Rush,2,2,0,0.0
134,Wednesday,2,8,Morning Rush,2,2,1,0.5
134,Wednesday,2,10,Midday,1,1,0,0.0
135,Friday,4,6,Morning Rush,1,1,1,1.0
135,Friday,4,9,Morning Rush,1,1,0,0.0
135,Friday,4,10,Midday,1,1,1,1.0
135,Friday,4,13,Midday,1,1,0,0.0
135,Friday,4,14,Midday,1,1,0,0.0
135,Friday,4,18,Evening Rush,2,2,0,0.0
135,Monday,0,9,Morning Rush,1,1,0,0.0
135,Monday,0,13,Midday,1,1,0,0.0
135,Monday,0,16,Evening Rush,1,1,1,1.0
135,Monday,0,17,Evening Rush,1,1,0,0.0
135,Monday,0,19,Evening,2,2,1,0.5
135,Saturday,5,13,Midday,1,1,0,0.0
135,Saturday,5,17,Evening Rush,1,1,1,1.0
135,Saturday,5,19,Evening,1,1,0,0.0
135,Saturday,5,23,Evening,1,1,0,0.0
135,Sunday,6,11,Midday,1,1,1,1.0
135,Sunday,6,17,Evening Rush,1,1,0,0.0
135,Sunday,6,19,Evening,1,1,0,0.0
135,Thursday,3,8,Morning Rush,1,1,1,1.0
135,Thursday,3,9,Morning Rush,1,1,0,0.0
135,Thursday,3,18,Evening Rush,1,1,1,1.0
135,Thursday,3,23,Evening,1,1,1,1.0
135,Tuesday,1,7,Morning Rush,2,2,0,0.0
135,Tuesday,1,9,Morning Rush,1,1,1,1.0
135,Tuesday,1,11,Midday,1,1,1,1.0
135,Tuesday,1,12,Midday,2,2,0,0.0
135,Tuesday,1,14,Midday,1,1,0,0.0
135,Tuesday,1,18,Evening Rush,1,1,0,0.0
135,Tuesday,1,20,Evening,1,1,1,1.0
135,Wednesday,2,10,Midday,1,1,1,1.0
135,Wednesday,2,11,Midday,1,1,1,1.0
135,Wednesday,2,14,Midday,1,1,0,0.0
135,Wednesday,2,16,Evening Rush,4,4,0,0.0
135,Wednesday,2,17,Evening Rush,1,1,0,0.0
135,Wednesday,2,19,Evening,1,1,1,1.0
135,Wednesday,2,20,Evening,1,1,0,0.0
136,Friday,4,9,Morning Rush,1,1,1,1.0
136,Friday,4,12,Midday,1,1,0,0.0
136,Friday,4,16,Evening Rush,1,1,0,0.0
136,Friday,4,18,Evening Rush,1,1,0,0.0
136,Friday,4,19,Evening,1,1,0,0.0
136,Monday,0,1,Night,1,1,1,1.0
136,Monday,0,15,Evening Rush,1,1,0,0.0
136,Monday,0,19,Evening,3,3,3,1.0
136,Monday,0,21,Evening,1,1,1,1.0
136,Saturday,5,8,Morning Rush,1,1,0,0.0
136,Saturday,5,13,Midday,1,1,0,0.0
136,Saturday,5,16,Evening Rush,1,1,1,1.0
136,Saturday,5,18,Evening Rush,1,1,0,0.0
136,Saturday,5,19,Evening,1,1,0,0.0
136,Sunday,6,13,Midday,1,1,0,0.0
136,Sunday,6,14,Midday,2,2,1,0.5
136,Thursday,3,6,Morning Rush,1,1,0,0.0
136,Thursday,3,18,Evening Rush,1,1,0,0.0
136,Tuesday,1,7,Morning Rush,1,1,1,1.0
136,Tuesday,1,9,Morning Rush,1,1,0,0.0
136,Tuesday,1,12,Midday,1,1,0,0.0
136,Tuesday,1,16,Evening Rush,2,2,1,0.5
136,Tuesday,1,17,Evening Rush,1,1,0,0.0
136,Tuesday,1,21,Evening,1,1,0,0.0
136,Wednesday,2,10,Midday,1,1,0,0.0
136,Wednesday,2,16,Evening Rush,1,1,0,0.0
136,Wednesday,2,22,Evening,1,1,1,1.0
137,Friday,4,7,Morning Rush,1,1,1,1.0
137,Friday,4,8,Morning Rush,1,1,0,0.0
137,Friday,4,11,Midday,1,1,1,1.0
137,Friday,4,14,Midday,1,1,1,1.0
137,Friday,4,15,Evening Rush,1,1,0,0.0
137,Friday,4,17,Evening Rush,1,1,0,0.0
137,Monday,0,3,Night,1,1,0,0.0
137,Monday,0,6,Morning Rush,1,1,1,1.0
137,Monday,0,9,Morning Rush,2,2,0,0.0
137,Monday,0,12,Midday,1,1,0,0.0
137,Monday,0,18,Evening Rush,1,1,0,0.0
137,Monday,0,21,Evening,1,1,1,1.0
137,Monday,0,23,Evening,2,2,1,0.5
137,Saturday,5,13,Midday,2,2,1,0.5
137,Saturday,5,14,Midday,1,1,1,1.0
137,Saturday,5,15,Evening Rush,1,1,1,1.0
137,Saturday,5,16,Evening Rush,1,1,0,0.0
137,Saturday,5,17,Evening Rush,1,1,0,0.0
137,Saturday,5,20,Evening,1,1,0,0.0
137,Saturday,5,22,Evening,1,1,0,0.0
137,Saturday,5,23,Evening,1,1,0,0.0
137,Sunday,6,11,Midday,1,1,1,1.0
137,Sunday,6,12,Midday,1,1,0,0.0
137,Sunday,6,15,Evening Rush,1,1,0,0.0
137,Sunday,6,16,Evening Rush,2,2,0,0.0
137,Sunday,6,17,Evening Rush,1,1,0,0.0
137,Sunday,6,18,Evening Rush,1,1,1,1.0
137,Sunday,6,20,Evening,2,2,0,0.0
137,Sunday,6,21,Evening,1,1,0,0.0
137,Sunday,6,23,Evening,1,1,1,1.0
137,Thursday,3,7,Morning Rush,1,1,0,0.0
137,Thursday,3,16,Evening Rush,1,1,0,0.0
137,Thursday,3,19,Evening,1,1,0,0.0
137,Thursday,3,20,Evening,1,1,1,1.0
137,Tuesday,1,6,Morning Rush,2,2,1,0.5
137,Tuesday,1,7,Morning Rush,2,2,1,0.5
137,Tuesday,1,8,Morning Rush,1,1,1,1.0
137,Tuesday,1,11,Midday,1,1,1,1.0
137,Tuesday,1,12,Midday,1,1,0,0.0
137,Tuesday,1,14,Midday,3,3,0,0.0
137,Tuesday,1,20,Evening,1,1,1,1.0
137,Tuesday,1,21,Evening,1,1,0,0.0
137,Tuesday,1,22,Evening,1,1,1,1.0
137,Wednesday,2,8,Morning Rush,1,1,1,1.0
137,Wednesday,2,14,Midday,1,1,1,1.0
137,Wednesday,2,20,Evening,1,1,1,1.0
138,Friday,4,7,Morning Rush,1,1,0,0.0
138,Friday,4,10,Midday,1,1,1,1.0
138,Friday,4,13,Midday,2,2,1,0.5
138,Friday,4,14,Midday,1,1,0,0.0
138,Friday,4,15,Evening Rush,1,1,0,0.0
138,Friday,4,16,Evening Rush,1,1,1,1.0
138,Friday,4,19,Evening,1,1,1,1.0
138,Friday,4,20,Evening,2,2,1,0.5
138,Monday,0,6,Morning Rush,1,1,1,1.0
138,Monday,0,7,Morning Rush,1,1,1,1.0
138,Monday,0,16,Evening Rush,1,1,1,1.0
138,Monday,0,17,Evening Rush,2,2,1,0.5
138,Monday,0,23,Evening,1,1,0,0.0
138,Saturday,5,10,Midday,1,1,0,0.0
138,Saturday,5,11,Midday,2,2,0,0.0
138,Saturday,5,22,Evening,1,1,0,0.0
138,Thursday,3,6,Morning Rush,1,1,1,1.0
138,Thursday,3,12,Midday,1,1,0,0.0
138,Thursday,3,17,Evening Rush,3,3,0,0.0
138,Thursday,3,18,Evening Rush,2,2,0,0.0
138,Thursday,3,19,Evening,1,1,0,0.0
138,Tuesday,1,7,Morning Rush,1,1,1,1.0
138,Tuesday,1,8,Morning Rush,2,2,1,0.5
138,Tuesday,1,11,Midday,1,1,0,0.0
138,Tuesday,1,14,Midday,1,1,0,0.0
138,Tuesday,1,16,Evening Rush,1,1,1,1.0
138,Tuesday,1,17,Evening Rush,4,4,1,0.25
138,Tuesday,1,18,Evening Rush,1,1,0,0.0
138,Tuesday,1,19,Evening,1,1,0,0.0
138,Tuesday,1,21,Evening,1,1,1,1.0
138,Wednesday,2,0,Night,1,1,0,0.0
138,Wednesday,2,6,Morning Rush,1,1,1,1.0
138,Wednesday,2,7,Morning Rush,1,1,0,0.0
138,Wednesday,2,8,Morning Rush,1,1,1,1.0
138,Wednesday,2,9,Morning Rush,1,1,0,0.0
138,Wednesday,2,10,Midday,1,1,1,1.0
138,Wednesday,2,11,Midday,1,1,1,1.0
138,Wednesday,2,18,Evening Rush,1,1,0,0.0
139,Friday,4,7,Morning Rush,1,1,1,1.0
139,Friday,4,12,Midday,1,1,1,1.0
139,Friday,4,14,Midday,1,1,1,1.0
139,Friday,4,17,Evening Rush,3,3,0,0.0
139,Friday,4,19,Evening,1,1,0,0.0
139,Friday,4,20,Evening,1,1,0,0.0
139,Friday,4,21,Evening,1,1,0,0.0
139,Monday,0,10,Midday,1,1,1,1.0
139,Monday,0,11,Midday,1,1,0,0.0
139,Monday,0,18,Evening Rush,1,1,0,0.0
139,Monday,0,23,Evening,1,1,1,1.0
139,Saturday,5,0,Night,1,1,0,0.0
139,Saturday,5,14,Midday,1,1,1,1.0
139,Saturday,5,19,Evening,1,1,1,1.0
139,Sunday,6,0,Night,1,1,0,0.0
139,Sunday,6,4,Night,1,1,1,1.0
139,Sunday,6,12,Midday,1,1,1,1.0
139,Sunday,6,13,Midday,2,2,2,1.0
139,Sunday,6,17,Evening Rush,1,1,0,0.0
139,Sunday,6,18,Evening Rush,1,1,1,1.0
139,Sunday,6,22,Evening,1,1,0,0.0
139,Thursday,3,12,Midday,1,1,0,0.0
139,Thursday,3,20,Evening,1,1,0,0.0
139,Tuesday,1,8,Morning Rush,1,1,1,1.0
139,Tuesday,1,9,Morning Rush,1,1,1,1.0
139,Tuesday,1,16,Evening Rush,1,1,0,0.0
139,Tuesday,1,18,Evening Rush,2,2,1,0.5
139,Tuesday,1,23,Evening,2,2,1,0.5
139,Wednesday,2,7,Morning Rush,1,1,0,0.0
139,Wednesday,2,9,Morning Rush,1,1,1,1.0
139,Wednesday,2,14,Midday,1,1,1,1.0
139,Wednesday,2,15,Evening Rush,2,2,1,0.5
139,Wednesday,2,17,Evening Rush,1,1,1,1.0
140,Friday,4,7,Morning Rush,1,1,1,1.0
140,Friday,4,8,Morning Rush,2,2,2,1.0
140,Friday,4,15,Evening Rush,2,2,1,0.5
140,Friday,4,19,Evening,1,1,0,0.0
140,Friday,4,21,Evening,2,2,1,0.5
140,Monday,0,9,Morning Rush,1,1,1,1.0
140,Monday,0,10,Midday,1,1,1,1.0
140,Monday,0,11,Midday,2,2,1,0.5
140,Monday,0,15,Evening Rush,1,1,0,0.0
140,Saturday,5,4,Night,1,1,0,0.0
140,Saturday,5,16,Evening Rush,1,1,0,0.0
140,Saturday,5,23,Evening,1,1,0,0.0
140,Sunday,6,16,Evening Rush,1,1,0,0.0
140,Sunday,6,20,Evening,1,1,0,0.0
140,Thursday,3,13,Midday,1,1,0,0.0
140,Thursday,3,14,Midday,1,1,0,0.0
140,Thursday,3,16,Evening Rush,1,1,0,0.0
140,Thursday,3,19,Evening,1,1,0,0.0
140,Tuesday,1,8,Morning Rush,1,1,1,1.0
140,Tuesday,1,11,Midday,1,1,1,1.0
140,Tuesday,1,13,Midday,2,2,0,0.0
140,Tuesday,1,17,Evening Rush,1,1,1,1.0
140,Wednesday,2,7,Morning Rush,1,1,1,1.0
140,Wednesday,2,8,Morning Rush,1,1,1,1.0
140,Wednesday,2,9,Morning Rush,2,2,2,1.0
140,Wednesday,2,16,Evening Rush,2,2,0,0.0
140,Wednesday,2,20,Evening,1,1,0,0.0
141,Friday,4,7,Morning Rush,1,1,1,1.0
141,Friday,4,8,Morning Rush,1,1,0,0.0
141,Friday,4,13,Midday,1,1,1,1.0
141,Friday,4,14,Midday,2,2,0,0.0
141,Friday,4,15,Evening Rush,4,4,0,0.0
141,Friday,4,16,Evening Rush,3,3,1,0.3333333333333333
141,Friday,4,17,Evening Rush,2,2,2,1.0
141,Friday,4,18,Evening Rush,2,2,0,0.0
141,Friday,4,19,Evening,1,1,0,0.0
141,Monday,0,8,Morning Rush,1,1,0,0.0
141,Monday,0,9,Morning Rush,1,1,0,0.0
141,Monday,0,10,Midday,1,1,0,0.0
141,Monday,0,11,Midday,3,3,0,0.0
141,Monday,0,14,Midday,3,3,0,0.0
141,Monday,0,15,Evening Rush,3,3,1,0.3333333333333333
141,Monday,0,18,Evening Rush,1,1,0,0.0
141,Saturday,5,0,Night,2,2,0,0.0
141,Saturday,5,1,Night,1,1,0,0.0
141,Saturday,5,3,Night,3,3,0,0.0
141,Saturday,5,5,Night,1,1,0,0.0
141,Saturday,5,7,Morning Rush,2,2,1,0.5
141,Saturday,5,8,Morning Rush,1,1,0,0.0
141,Saturday,5,11,Midday,1,1,0,0.0
141,Saturday,5,12,Midday,3,3,0,0.0
141,Saturday,5,13,Midday,1,1,0,0.0
141,Saturday,5,14,Midday,4,4,1,0.25
141,Saturday,5,16,Evening Rush,4,4,1,0.25
141,Saturday,5,18,Evening Rush,1,1,0,0.0
141,Saturday,5,19,Evening,1,1,0,0.0
141,Sunday,6,8,Morning Rush,1,1,1,1.0
141,Sunday,6,14,Midday,3,3,0,0.0
141,Sunday,6,18,Evening Rush,1,1,0,0.0
141,Thursday,3,8,Morning Rush,1,1,1,1.0
141,Thursday,3,9,Morning Rush,2,2,2,1.0
141,Thursday,3,10,Midday,1,1,1,1.0
141,Thursday,3,11,Midday,1,1,1,1.0
141,Thursday,3,12,Midday,2,2,1,0.5
141,Thursday,3,16,Evening Rush,2,2,0,0.0
141,Thursday,3,17,Evening Rush,2,2,1,0.5
141,Thursday,3,18,Evening Rush,3,3,0,0.0
141,Tuesday,1,3,Night,1,1,1,1.0
141,Tuesday,1,7,Morning Rush,1,1,0,0.0
141,Tuesday,1,8,Morning Rush,3,3,2,0.6666666666666666
141,Tuesday,1,9,Morning Rush,2,2,0,0.0
141,Tuesday,1,12,Midday,3,3,1,0.3333333333333333
141,Tuesday,1,13,Midday,1,1,0,0.0
141,Tuesday,1,14,Midday,3,3,1,0.3333333333333333
141,Tuesday,1,15,Evening Rush,1,1,0,0.0
141,Tuesday,1,17,Evening Rush,1,1,1,1.0
141,Wednesday,2,6,Morning Rush,1,1,1,1.0
141,Wednesday,2,9,Morning Rush,1,1,1,1.0
141,Wednesday,2,10,Midday,3,3,2,0.6666666666666666
141,Wednesday,2,11,Midday,1,1,0,0.0
141,Wednesday,2,12,Midday,2,2,2,1.0
141,Wednesday,2,13,Midday,2,2,0,0.0
141,Wednesday,2,14,Midday,1,1,0,0.0
141,Wednesday,2,16,Evening Rush,2,2,1,0.5
141,Wednesday,2,17,Evening Rush,4,4,4,1.0
141,Wednesday,2,18,Evening Rush,1,1,0,0.0
142,Friday,4,8,Morning Rush,1,1,0,0.0
142,Friday,4,10,Midday,3,3,0,0.0
142,Friday,4,11,Midday,1,1,0,0.0
142,Friday,4,13,Midday,1,1,0,0.0
142,Friday,4,14,Midday,1,1,0,0.0
142,Friday,4,15,Evening Rush,1,1,0,0.0
142,Friday,4,16,Evening Rush,1,1,0,0.0
142,Friday,4,17,Evening Rush,2,2,0,0.0
142,Friday,4,20,Evening,2,2,1,0.5
142,Friday,4,22,Evening,1,1,0,0.0
142,Monday,0,8,Morning Rush,1,1,0,0.0
142,Monday,0,11,Midday,1,1,0,0.0
142,Monday,0,14,Midday,2,2,0,0.0
142,Monday,0,15,Evening Rush,2,2,0,0.0
142,Monday,0,16,Evening Rush,2,2,1,0.5
142,Monday,0,19,Evening,1,1,1,1.0
142,Monday,0,20,Evening,1,1,1,1.0
142,Saturday,5,11,Midday,1,1,1,1.0
142,Saturday,5,12,Midday,1,1,0,0.0
142,Saturday,5,20,Evening,1,1,0,0.0
142,Saturday,5,22,Evening,1,1,0,0.0
142,Sunday,6,9,Morning Rush,1,1,0,0.0
142,Sunday,6,12,Midday,1,1,1,1.0
142,Sunday,6,15,Evening Rush,1,1,0,0.0
142,Sunday,6,17,Evening Rush,1,1,0,0.0
142,Sunday,6,19,Evening,1,1,0,0.0
142,Sunday,6,21,Evening,1,1,0,0.0
142,Sunday,6,23,Evening,1,1,1,1.0
142,Thursday,3,7,Morning Rush,1,1,1,1.0
142,Thursday,3,8,Morning Rush,1,1,1,1.0
142,Thursday,3,9,Morning Rush,1,1,1,1.0
142,Thursday,3,10,Midday,2,2,1,0.5
142,Thursday,3,11,Midday,1,1,0,0.0
142,Thursday,3,12,Midday,2,2,1,0.5
142,Thursday,3,14,Midday,1,1,0,0.0
142,Thursday,3,15,Evening Rush,3,3,2,0.6666666666666666
142,Thursday,3,18,Evening Rush,2,2,0,0.0
142,Thursday,3,22,Evening,1,1,0,0.0
142,Tuesday,1,6,Morning Rush,1,1,0,0.0
142,Tuesday,1,7,Morning Rush,1,1,0,0.0
142,Tuesday,1,8,Morning Rush,1,1,1,1.0
142,Tuesday,1,9,Morning Rush,1,1,1,1.0
142,Tuesday,1,15,Evening Rush,1,1,0,0.0
142,Wednesday,2,11,Midday,1,1,0,0.0
142,Wednesday,2,12,Midday,1,1,0,0.0
142,Wednesday,2,13,Midday,1,1,1,1.0
142,Wednesday,2,14,Midday,2,2,1,0.5
142,Wednesday,2,17,Evening Rush,2,2,1,0.5
142,Wednesday,2,18,Evening Rush,1,1,0,0.0
142,Wednesday,2,19,Evening,2,2,0,0.0
143,Friday,4,2,Night,1,1,0,0.0
143,Friday,4,7,Morning Rush,1,1,0,0.0
143,Friday,4,8,Morning Rush,1,1,1,1.0
143,Friday,4,12,Midday,2,2,0,0.0
143,Friday,4,14,Midday,1,1,0,0.0
143,Friday,4,15,Evening Rush,2,2,0,0.0
143,Friday,4,16,Evening Rush,2,2,1,0.5
143,Friday,4,17,Evening Rush,3,3,1,0.3333333333333333
143,Friday,4,18,Evening Rush,2,2,2,1.0
143,Friday,4,19,Evening,1,1,0,0.0
143,Friday,4,20,Evening,3,3,1,0.3333333333333333
143,Monday,0,8,Morning Rush,3,3,1,0.3333333333333333
143,Monday,0,9,Morning Rush,1,1,0,0.0
143,Monday,0,11,Midday,1,1,0,0.0
143,Monday,0,12,Midday,1,1,0,0.0
143,Monday,0,17,Evening Rush,2,2,1,0.5
143,Monday,0,18,Evening Rush,1,1,0,0.0
143,Monday,0,19,Evening,2,2,0,0.0
143,Monday,0,20,Evening,1,1,0,0.0
143,Monday,0,21,Evening,1,1,1,1.0
143,Monday,0,22,Evening,1,1,1,1.0
143,Saturday,5,0,Night,2,2,1,0.5
143,Saturday,5,5,Night,1,1,0,0.0
143,Saturday,5,7,Morning Rush,1,1,1,1.0
143,Saturday,5,11,Midday,2,2,0,0.0
143,Saturday,5,15,Evening Rush,2,2,1,0.5
143,Saturday,5,16,Evening Rush,2,2,1,0.5
143,Saturday,5,17,Evening Rush,2,2,0,0.0
143,Saturday,5,18,Evening Rush,6,6,1,0.16666666666666666
143,Saturday,5,20,Evening,1,1,1,1.0
143,Saturday,5,22,Evening,1,1,1,1.0
143,Saturday,5,23,Evening,1,1,0,0.0
143,Sunday,6,0,Night,1,1,0,0.0
143,Sunday,6,6,Morning Rush,1,1,1,1.0
143,Sunday,6,10,Midday,1,1,0,0.0
143,Sunday,6,11,Midday,1,1,0,0.0
143,Sunday,6,12,Midday,1,1,1,1.0
143,Sunday,6,13,Midday,1,1,0,0.0
143,Sunday,6,14,Midday,3,3,3,1.0
143,Sunday,6,16,Evening Rush,1,1,0,0.0
143,Sunday,6,17,Evening Rush,1,1,0,0.0
143,Sunday,6,20,Evening,1,1,1,1.0
143,Thursday,3,2,Night,1,1,1,1.0
143,Thursday,3,8,Morning Rush,1,1,0,0.0
143,Thursday,3,10,Midday,3,3,0,0.0
143,Thursday,3,12,Midday,1,1,0,0.0
143,Thursday,3,16,Evening Rush,1,1,0,0.0
143,Thursday,3,17,Evening Rush,3,3,0,0.0
143,Thursday,3,18,Evening Rush,1,1,0,0.0
143,Thursday,3,19,Evening,1,1,0,0.0
143,Thursday,3,20,Evening,1,1,1,1.0
143,Tuesday,1,5,Night,2,2,2,1.0
143,Tuesday,1,10,Midday,1,1,0,0.0
143,Tuesday,1,12,Midday,2,2,1,0.5
143,Tuesday,1,13,Midday,4,4,1,0.25
143,Tuesday,1,14,Midday,1,1,1,1.0
143,Tuesday,1,16,Evening Rush,1,1,0,0.0
143,Tuesday,1,17,Evening Rush,1,1,1,1.0
143,Tuesday,1,18,Evening Rush,2,2,1,0.5
143,Tuesday,1,19,Evening,2,2,1,0.5
143,Tuesday,1,20,Evening,1,1,0,0.0
143,Tuesday,1,21,Evening,2,2,2,1.0
143,Wednesday,2,8,Morning Rush,1,1,1,1.0
143,Wednesday,2,9,Morning Rush,1,1,0,0.0
143,Wednesday,2,15,Evening Rush,1,1,1,1.0
143,Wednesday,2,16,Evening Rush,1,1,1,1.0
143,Wednesday,2,17,Evening Rush,1,1,0,0.0
143,Wednesday,2,19,Evening,1,1,1,1.0
143,Wednesday,2,20,Evening,1,1,1,1.0
143,Wednesday,2,21,Evening,1,1,0,0.0
143,Wednesday,2,22,Evening,2,2,2,1.0
144,Friday,4,7,Morning Rush,1,1,1,1.0
144,Friday,4,19,Evening,1,1,0,0.0
144,Friday,4,21,Evening,1,1,0,0.0
144,Monday,0,10,Midday,1,1,1,1.0
144,Saturday,5,2,Night,1,1,1,1.0
144,Saturday,5,14,Midday,1,1,0,0.0
144,Saturday,5,18,Evening Rush,1,1,1,1.0
144,Sunday,6,0,Night,1,1,1,1.0
144,Sunday,6,10,Midday,2,2,2,1.0
144,Sunday,6,15,Evening Rush,1,1,0,0.0
144,Thursday,3,7,Morning Rush,1,1,1,1.0
144,Thursday,3,9,Morning Rush,1,1,1,1.0
144,Thursday,3,16,Evening Rush,1,1,0,0.0
144,Thursday,3,18,Evening Rush,1,1,1,1.0
144,Thursday,3,20,Evening,2,2,1,0.5
144,Tuesday,1,9,Morning Rush,3,3,3,1.0
144,Wednesday,2,2,Night,1,1,1,1.0
144,Wednesday,2,12,Midday,1,1,0,0.0
144,Wednesday,2,22,Evening,1,1,0,0.0
145,Friday,4,10,Midday,2,2,0,0.0
145,Friday,4,11,Midday,1,1,1,1.0
145,Friday,4,14,Midday,3,3,0,0.0
145,Friday,4,15,Evening Rush,1,1,0,0.0
145,Friday,4,16,Evening Rush,2,2,1,0.5
145,Friday,4,19,Evening,1,1,0,0.0
145,Friday,4,21,Evening,1,1,0,0.0
145,Monday,0,7,Morning Rush,1,1,0,0.0
145,Monday,0,8,Morning Rush,1,1,0,0.0
145,Monday,0,11,Midday,1,1,0,0.0
145,Monday,0,12,Midday,2,2,0,0.0
145,Monday,0,14,Midday,1,1,1,1.0
145,Monday,0,17,Evening Rush,2,2,0,0.0
145,Saturday,5,9,Morning Rush,2,2,2,1.0
145,Saturday,5,11,Midday,1,1,0,0.0
145,Saturday,5,13,Midday,1,1,0,0.0
145,Saturday,5,15,Evening Rush,1,1,0,0.0
145,Saturday,5,19,Evening,1,1,0,0.0
145,Sunday,6,3,Night,1,1,0,0.0
145,Thursday,3,7,Morning Rush,1,1,1,1.0
145,Thursday,3,9,Morning Rush,1,1,0,0.0
145,Thursday,3,13,Midday,1,1,0,0.0
145,Thursday,3,14,Midday,1,1,1,1.0
145,Thursday,3,15,Evening Rush,3,3,1,0.3333333333333333
145,Thursday,3,17,Evening Rush,1,1,0,0.0
145,Thursday,3,18,Evening Rush,2,2,0,0.0
145,Thursday,3,20,Evening,1,1,1,1.0
145,Tuesday,1,5,Night,1,1,0,0.0
145,Tuesday,1,7,Morning Rush,2,2,1,0.5
145,Tuesday,1,8,Morning Rush,1,1,0,0.0
145,Tuesday,1,10,Midday,1,1,1,1.0
145,Tuesday,1,11,Midday,2,2,0,0.0
145,Tuesday,1,12,Midday,2,2,0,0.0
145,Tuesday,1,15,Evening Rush,1,1,1,1.0
145,Tuesday,1,17,Evening Rush,1,1,0,0.0
145,Wednesday,2,6,Morning Rush,1,1,1,1.0
145,Wednesday,2,7,Morning Rush,3,3,2,0.6666666666666666
145,Wednesday,2,12,Midday,1,1,1,1.0
145,Wednesday,2,16,Evening Rush,1,1,0,0.0
145,Wednesday,2,21,Evening,1,1,0,0.0
146,Friday,4,4,Night,2,2,1,0.5
146,Friday,4,10,Midday,1,1,1,1.0
146,Friday,4,11,Midday,1,1,0,0.0
146,Friday,4,12,Midday,1,1,0,0.0
146,Friday,4,15,Evening Rush,3,3,0,0.0
146,Friday,4,19,Evening,1,1,0,0.0
146,Monday,0,9,Morning Rush,1,1,0,0.0
146,Monday,0,12,Midday,1,1,0,0.0
146,Monday,0,13,Midday,2,2,1,0.5
146,Monday,0,16,Evening Rush,1,1,0,0.0
146,Monday,0,17,Evening Rush,1,1,1,1.0
146,Monday,0,18,Evening Rush,1,1,1,1.0
146,Saturday,5,4,Night,1,1,0,0.0
146,Saturday,5,6,Morning Rush,1,1,0,0.0
146,Saturday,5,7,Morning Rush,1,1,0,0.0
146,Saturday,5,10,Midday,1,1,1,1.0
146,Saturday,5,11,Midday,1,1,0,0.0
146,Saturday,5,12,Midday,1,1,1,1.0
146,Saturday,5,15,Evening Rush,1,1,1,1.0
146,Saturday,5,22,Evening,1,1,1,1.0
146,Sunday,6,7,Morning Rush,1,1,0,0.0
146,Sunday,6,11,Midday,1,1,0,0.0
146,Sunday,6,13,Midday,1,1,1,1.0
146,Thursday,3,0,Night,1,1,0,0.0
146,Thursday,3,7,Morning Rush,1,1,1,1.0
146,Thursday,3,9,Morning Rush,1,1,1,1.0
146,Thursday,3,14,Midday,3,3,0,0.0
146,Thursday,3,16,Evening Rush,4,4,1,0.25
146,Thursday,3,18,Evening Rush,1,1,0,0.0
146,Thursday,3,22,Evening,1,1,1,1.0
146,Tuesday,1,8,Morning Rush,3,3,3,1.0
146,Tuesday,1,9,Morning Rush,2,2,1,0.5
146,Tuesday,1,16,Evening Rush,1,1,0,0.0
146,Tuesday,1,18,Evening Rush,2,2,2,1.0
146,Tuesday,1,23,Evening,1,1,0,0.0
146,Wednesday,2,4,Night,1,1,0,0.0
146,Wednesday,2,12,Midday,1,1,0,0.0
146,Wednesday,2,15,Evening Rush,1,1,1,1.0
146,Wednesday,2,17,Evening Rush,1,1,1,1.0
147,Friday,4,11,Midday,2,2,2,1.0
147,Friday,4,13,Midday,1,1,1,1.0
147,Friday,4,18,Evening Rush,1,1,1,1.0
147,Friday,4,19,Evening,1,1,1,1.0
147,Friday,4,23,Evening,2,2,1,0.5
147,Monday,0,17,Evening Rush,1,1,0,0.0
147,Monday,0,20,Evening,1,1,1,1.0
147,Saturday,5,14,Midday,1,1,0,0.0
147,Sunday,6,20,Evening,1,1,1,1.0
147,Thursday,3,8,Morning Rush,1,1,1,1.0
147,Thursday,3,12,Midday,1,1,0,0.0
147,Thursday,3,15,Evening Rush,1,1,1,1.0
147,Thursday,3,17,Evening Rush,1,1,0,0.0
147,Thursday,3,22,Evening,1,1,1,1.0
147,Tuesday,1,9,Morning Rush,1,1,1,1.0
147,Wednesday,2,0,Night,1,1,0,0.0
147,Wednesday,2,2,Night,1,1,0,0.0
147,Wednesday,2,12,Midday,1,1,0,0.0
147,Wednesday,2,16,Evening Rush,1,1,0,0.0
148,Friday,4,5,Night,1,1,0,0.0
148,Friday,4,11,Midday,1,1,0,0.0
148,Friday,4,12,Midday,1,1,0,0.0
148,Friday,4,13,Midday,1,1,0,0.0
148,Friday,4,16,Evening Rush,1,1,0,0.0
148,Friday,4,17,Evening Rush,1,1,0,0.0
148,Friday,4,18,Evening Rush,1,1,0,0.0
148,Monday,0,7,Morning Rush,2,2,2,1.0
148,Monday,0,11,Midday,1,1,0,0.0
148,Monday,0,15,Evening Rush,1,1,1,1.0
148,Monday,0,16,Evening Rush,2,2,0,0.0
148,Monday,0,17,Evening Rush,1,1,0,0.0
148,Monday,0,18,Evening Rush,1,1,1,1.0
148,Saturday,5,6,Morning Rush,1,1,1,1.0
148,Saturday,5,12,Midday,1,1,1,1.0
148,Saturday,5,13,Midday,1,1,1,1.0
148,Saturday,5,15,Evening Rush,1,1,0,0.0
148,Saturday,5,23,Evening,1,1,1,1.0
148,Sunday,6,6,Morning Rush,1,1,0,0.0
148,Sunday,6,13,Midday,1,1,1,1.0
148,Sunday,6,15,Evening Rush,1,1,1,1.0
148,Thursday,3,6,Morning Rush,1,1,0,0.0
148,Thursday,3,7,Morning Rush,2,2,1,0.5
148,Thursday,3,8,Morning Rush,1,1,1,1.0
148,Thursday,3,9,Morning Rush,1,1,0,0.0
148,Thursday,3,10,Midday,1,1,0,0.0
148,Thursday,3,13,Midday,1,1,1,1.0
148,Thursday,3,15,Evening Rush,1,1,1,1.0
148,Thursday,3,16,Evening Rush,1,1,0,0.0
148,Thursday,3,17,Evening Rush,3,3,1,0.3333333333333333
148,Thursday,3,18,Evening Rush,2,2,2,1.0
148,Thursday,3,23,Evening,1,1,1,1.0
148,Tuesday,1,10,Midday,1,1,1,1.0
148,Tuesday,1,11,Midday,2,2,0,0.0
148,Tuesday,1,12,Midday,1,1,1,1.0
148,Tuesday,1,14,Midday,1,1,0,0.0
148,Tuesday,1,23,Evening,1,1,1,1.0
148,Wednesday,2,11,Midday,1,1,0,0.0
148,Wednesday,2,15,Evening Rush,1,1,0,0.0
148,Wednesday,2,17,Evening Rush,1,1,0,0.0
148,Wednesday,2,18,Evening Rush,1,1,1,1.0
148,Wednesday,2,20,Evening,1,1,0,0.0
148,Wednesday,2,21,Evening,1,1,0,0.0
149,Friday,4,0,Night,1,1,1,1.0
149,Friday,4,5,Night,1,1,0,0.0
149,Friday,4,8,Morning Rush,2,2,1,0.5
149,Friday,4,15,Evening Rush,2,2,0,0.0
149,Friday,4,18,Evening Rush,3,3,3,1.0
149,Friday,4,20,Evening,1,1,0,0.0
149,Friday,4,21,Evening,1,1,0,0.0
149,Monday,0,9,Morning Rush,2,2,1,0.5
149,Monday,0,10,Midday,1,1,0,0.0
149,Monday,0,11,Midday,1,1,0,0.0
149,Monday,0,12,Midday,1,1,0,0.0
149,Monday,0,13,Midday,1,1,0,0.0
149,Monday,0,17,Evening Rush,2,2,1,0.5
149,Monday,0,18,Evening Rush,2,2,1,0.5
149,Monday,0,19,Evening,1,1,1,1.0
149,Monday,0,22,Evening,1,1,0,0.0
149,Saturday,5,2,Night,1,1,0,0.0
149,Saturday,5,5,Night,1,1,0,0.0
149,Saturday,5,12,Midday,1,1,0,0.0
149,Saturday,5,14,Midday,1,1,1,1.0
149,Saturday,5,18,Evening Rush,1,1,1,1.0
149,Saturday,5,19,Evening,1,1,1,1.0
149,Sunday,6,6,Morning Rush,1,1,0,0.0
149,Sunday,6,7,Morning Rush,1,1,1,1.0
149,Sunday,6,12,Midday,1,1,0,0.0
149,Sunday,6,14,Midday,1,1,0,0.0
149,Sunday,6,17,Evening Rush,1,1,1,1.0
149,Sunday,6,19,Evening,3,3,2,0.6666666666666666
149,Sunday,6,21,Evening,1,1,0,0.0
149,Thursday,3,8,Morning Rush,1,1,1,1.0
149,Thursday,3,9,Morning Rush,1,1,1,1.0
149,Thursday,3,10,Midday,1,1,1,1.0
149,Thursday,3,16,Evening Rush,2,2,0,0.0
149,Thursday,3,18,Evening Rush,1,1,1,1.0
149,Thursday,3,19,Evening,1,1,1,1.0
149,Tuesday,1,0,Night,1,1,0,0.0
149,Tuesday,1,5,Night,1,1,0,0.0
149,Tuesday,1,6,Morning Rush,2,2,1,0.5
149,Tuesday,1,7,Morning Rush,1,1,1,1.0
149,Tuesday,1,8,Morning Rush,1,1,0,0.0
149,Tuesday,1,12,Midday,2,2,0,0.0
149,Tuesday,1,13,Midday,2,2,0,0.0
149,Tuesday,1,18,Evening Rush,2,2,1,0.5
149,Tuesday,1,20,Evening,1,1,0,0.0
149,Tuesday,1,23,Evening,1,1,1,1.0
149,Wednesday,2,6,Morning Rush,1,1,1,1.0
149,Wednesday,2,8,Morning Rush,1,1,0,0.0
149,Wednesday,2,15,Evening Rush,4,4,0,0.0
149,Wednesday,2,17,Evening Rush,1,1,0,0.0
149,Wednesday,2,18,Evening Rush,1,1,0,0.0
149,Wednesday,2,20,Evening,2,2,1,0.5
150,Friday,4,1,Night,1,1,1,1.0
150,Friday,4,8,Morning Rush,1,1,1,1.0
150,Friday,4,11,Midday,1,1,0,0.0
150,Friday,4,13,Midday,2,2,1,0.5
150,Friday,4,14,Midday,1,1,0,0.0
150,Friday,4,16,Evening Rush,2,2,0,0.0
150,Friday,4,17,Evening Rush,2,2,1,0.5
150,Friday,4,19,Evening,1,1,0,0.0
150,Friday,4,20,Evening,2,2,0,0.0
150,Monday,0,10,Midday,2,2,0,0.0
150,Monday,0,11,Midday,3,3,0,0.0
150,Monday,0,14,Midday,4,4,0,0.0
150,Monday,0,15,Evening Rush,3,3,0,0.0
150,Monday,0,18,Evening Rush,1,1,1,1.0
150,Monday,0,20,Evening,1,1,0,0.0
150,Monday,0,21,Evening,1,1,0,0.0
150,Saturday,5,12,Midday,1,1,0,0.0
150,Saturday,5,16,Evening Rush,1,1,0,0.0
150,Saturday,5,17,Evening Rush,2,2,0,0.0
150,Saturday,5,20,Evening,1,1,1,1.0
150,Saturday,5,21,Evening,3,3,0,0.0
150,Saturday,5,23,Evening,1,1,0,0.0
150,Sunday,6,3,Night,1,1,0,0.0
150,Sunday,6,7,Morning Rush,1,1,0,0.0
150,Sunday,6,11,Midday,1,1,0,0.0
150,Sunday,6,14,Midday,1,1,0,0.0
150,Sunday,6,16,Evening Rush,1,1,1,1.0
150,Sunday,6,21,Evening,1,1,0,0.0
150,Sunday,6,22,Evening,2,2,0,0.0
150,Sunday,6,23,Evening,2,2,1,0.5
150,Thursday,3,4,Night,1,1,0,0.0
150,Thursday,3,8,Morning Rush,2,2,0,0.0
150,Thursday,3,10,Midday,3,3,3,1.0
150,Thursday,3,11,Midday,1,1,0,0.0
150,Thursday,3,12,Midday,2,2,0,0.0
150,Thursday,3,13,Midday,1,1,0,0.0
150,Thursday,3,21,Evening,2,2,1,0.5
150,Thursday,3,23,Evening,1,1,0,0.0
150,Tuesday,1,8,Morning Rush,2,2,1,0.5
150,Tuesday,1,10,Midday,1,1,0,0.0
150,Tuesday,1,11,Midday,1,1,0,0.0
150,Tuesday,1,17,Evening Rush,1,1,0,0.0
150,Tuesday,1,18,Evening Rush,1,1,0,0.0
150,Tuesday,1,19,Evening,1,1,0,0.0
150,Tuesday,1,22,Evening,1,1,1,1.0
150,Wednesday,2,5,Night,3,3,2,0.6666666666666666
150,Wednesday,2,8,Morning Rush,3,3,1,0.3333333333333333
150,Wednesday,2,10,Midday,1,1,0,0.0
150,Wednesday,2,12,Midday,2,2,0,0.0
150,Wednesday,2,13,Midday,2,2,0,0.0
150,Wednesday,2,15,Evening Rush,3,3,0,0.0
150,Wednesday,2,16,Evening Rush,1,1,0,0.0
150,Wednesday,2,18,Evening Rush,2,2,0,0.0
150,Wednesday,2,20,Evening,1,1,1,1.0
150,Wednesday,2,21,Evening,1,1,0,0.0
150,Wednesday,2,22,Evening,3,3,0,0.0
151,Friday,4,0,Night,1,1,1,1.0
151,Friday,4,6,Morning Rush,2,2,2,1.0
151,Friday,4,8,Morning Rush,1,1,0,0.0
151,Friday,4,9,Morning Rush,2,2,2,1.0
151,Friday,4,14,Midday,1,1,0,0.0
151,Friday,4,15,Evening Rush,1,1,1,1.0
151,Friday,4,17,Evening Rush,1,1,0,0.0
151,Friday,4,18,Evening Rush,1,1,1,1.0
151,Friday,4,21,Evening,1,1,1,1.0
151,Monday,0,4,Night,1,1,0,0.0
151,Monday,0,8,Morning Rush,1,1,1,1.0
151,Monday,0,14,Midday,1,1,0,0.0
151,Monday,0,18,Evening Rush,1,1,0,0.0
151,Monday,0,21,Evening,2,2,1,0.5
151,Saturday,5,2,Night,1,1,0,0.0
151,Saturday,5,8,Morning Rush,1,1,0,0.0
151,Saturday,5,14,Midday,1,1,1,1.0
151,Saturday,5,17,Evening Rush,1,1,0,0.0
151,Saturday,5,18,Evening Rush,1,1,0,0.0
151,Saturday,5,23,Evening,1,1,0,0.0
151,Sunday,6,2,Night,1,1,1,1.0
151,Sunday,6,4,Night,1,1,0,0.0
151,Sunday,6,10,Midday,1,1,1,1.0
151,Sunday,6,18,Evening Rush,1,1,1,1.0
151,Thursday,3,1,Night,1,1,0,0.0
151,Thursday,3,5,Night,1,1,0,0.0
151,Thursday,3,16,Evening Rush,1,1,0,0.0
151,Thursday,3,18,Evening Rush,1,1,0,0.0
151,Thursday,3,21,Evening,1,1,1,1.0
151,Thursday,3,23,Evening,1,1,0,0.0
151,Tuesday,1,0,Night,1,1,1,1.0
151,Tuesday,1,8,Morning Rush,1,1,1,1.0
151,Tuesday,1,10,Midday,1,1,1,1.0
151,Tuesday,1,12,Midday,1,1,0,0.0
151,Tuesday,1,13,Midday,1,1,0,0.0
151,Tuesday,1,17,Evening Rush,1,1,0,0.0
151,Tuesday,1,18,Evening Rush,1,1,1,1.0
151,Tuesday,1,19,Evening,1,1,0,0.0
151,Tuesday,1,20,Evening,1,1,1,1.0
151,Tuesday,1,21,Evening,1,1,1,1.0
151,Wednesday,2,7,Morning Rush,1,1,1,1.0
151,Wednesday,2,19,Evening,2,2,2,1.0
151,Wednesday,2,22,Evening,1,1,1,1.0
151,Wednesday,2,23,Evening,1,1,0,0.0
152,Friday,4,2,Night,1,1,0,0.0
152,Friday,4,6,Morning Rush,1,1,1,1.0
152,Friday,4,7,Morning Rush,1,1,1,1.0
152,Friday,4,10,Midday,1,1,1,1.0
152,Friday,4,15,Evening Rush,1,1,0,0.0
152,Friday,4,17,Evening Rush,1,1,0,0.0
152,Friday,4,20,Evening,1,1,0,0.0
152,Friday,4,22,Evening,2,2,0,0.0
152,Monday,0,16,Evening Rush,1,1,0,0.0
152,Saturday,5,1,Night,1,1,1,1.0
152,Sunday,6,20,Evening,1,1,1,1.0
152,Thursday,3,15,Evening Rush,1,1,1,1.0
152,Tuesday,1,0,Night,1,1,1,1.0
152,Tuesday,1,1,Night,1,1,0,0.0
152,Tuesday,1,13,Midday,2,2,0,0.0
152,Tuesday,1,14,Midday,1,1,0,0.0
152,Tuesday,1,16,Evening Rush,2,2,0,0.0
152,Tuesday,1,17,Evening Rush,2,2,1,0.5
152,Wednesday,2,14,Midday,1,1,0,0.0
152,Wednesday,2,20,Evening,1,1,0,0.0
153,Friday,4,0,Night,1,1,1,1.0
153,Friday,4,9,Morning Rush,1,1,1,1.0
153,Friday,4,14,Midday,2,2,1,0.5
153,Friday,4,16,Evening Rush,1,1,0,0.0
153,Friday,4,18,Evening Rush,1,1,0,0.0
153,Monday,0,3,Night,1,1,1,1.0
153,Monday,0,8,Morning Rush,1,1,1,1.0
153,Monday,0,10,Midday,1,1,0,0.0
153,Monday,0,16,Evening Rush,1,1,0,0.0
153,Monday,0,17,Evening Rush,1,1,0,0.0
153,Monday,0,18,Evening Rush,2,2,1,0.5
153,Monday,0,19,Evening,1,1,0,0.0
153,Monday,0,21,Evening,1,1,0,0.0
153,Saturday,5,1,Night,1,1,0,0.0
153,Saturday,5,12,Midday,2,2,2,1.0
153,Saturday,5,14,Midday,1,1,0,0.0
153,Saturday,5,18,Evening Rush,1,1,1,1.0
153,Saturday,5,21,Evening,1,1,0,0.0
153,Sunday,6,17,Evening Rush,2,2,2,1.0
153,Sunday,6,19,Evening,1,1,0,0.0
153,Sunday,6,21,Evening,1,1,0,0.0
153,Thursday,3,8,Morning Rush,1,1,1,1.0
153,Thursday,3,9,Morning Rush,1,1,1,1.0
153,Thursday,3,14,Midday,1,1,0,0.0
153,Thursday,3,17,Evening Rush,3,3,3,1.0
153,Tuesday,1,4,Night,1,1,0,0.0
153,Tuesday,1,5,Night,1,1,0,0.0
153,Tuesday,1,15,Evening Rush,1,1,0,0.0
153,Tuesday,1,17,Evening Rush,2,2,1,0.5
153,Wednesday,2,2,Night,1,1,0,0.0
153,Wednesday,2,7,Morning Rush,1,1,0,0.0
153,Wednesday,2,8,Morning Rush,1,1,1,1.0
153,Wednesday,2,13,Midday,1,1,1,1.0
153,Wednesday,2,18,Evening Rush,1,1,0,0.0
153,Wednesday,2,19,Evening,1,1,0,0.0
154,Friday,4,8,Morning Rush,1,1,0,0.0
154,Friday,4,10,Midday,1,1,1,1.0
154,Friday,4,15,Evening Rush,1,1,0,0.0
154,Friday,4,17,Evening Rush,1,1,1,1.0
154,Monday,0,1,Night,1,1,1,1.0
154,Monday,0,7,Morning Rush,1,1,1,1.0
154,Monday,0,9,Morning Rush,1,1,1,1.0
154,Monday,0,17,Evening Rush,1,1,1,1.0
154,Saturday,5,8,Morning Rush,1,1,1,1.0
154,Saturday,5,12,Midday,2,2,1,0.5
154,Saturday,5,14,Midday,1,1,1,1.0
154,Saturday,5,19,Evening,1,1,0,0.0
154,Saturday,5,20,Evening,1,1,0,0.0
154,Sunday,6,12,Midday,1,1,0,0.0
154,Thursday,3,17,Evening Rush,2,2,1,0.5
154,Thursday,3,18,Evening Rush,1,1,0,0.0
154,Tuesday,1,13,Midday,1,1,0,0.0
154,Tuesday,1,16,Evening Rush,1,1,0,0.0
154,Tuesday,1,19,Evening,2,2,1,0.5
154,Wednesday,2,14,Midday,1,1,1,1.0
154,Wednesday,2,15,Evening Rush,1,1,1,1.0
155,Friday,4,8,Morning Rush,1,1,1,1.0
155,Friday,4,11,Midday,1,1,1,1.0
155,Friday,4,14,Midday,2,2,0,0.0
155,Friday,4,16,Evening Rush,1,1,0,0.0
155,Friday,4,18,Evening Rush,1,1,0,0.0
155,Monday,0,6,Morning Rush,1,1,1,1.0
155,Monday,0,7,Morning Rush,1,1,1,1.0
155,Monday,0,8,Morning Rush,1,1,1,1.0
155,Monday,0,11,Midday,1,1,1,1.0
155,Monday,0,15,Evening Rush,1,1,1,1.0
155,Monday,0,17,Evening Rush,1,1,0,0.0
155,Saturday,5,8,Morning Rush,1,1,1,1.0
155,Saturday,5,10,Midday,1,1,1,1.0
155,Saturday,5,19,Evening,1,1,0,0.0
155,Sunday,6,4,Night,1,1,0,0.0
155,Sunday,6,13,Midday,1,1,0,0.0
155,Sunday,6,14,Midday,1,1,0,0.0
155,Sunday,6,20,Evening,2,2,1,0.5
155,Thursday,3,7,Morning Rush,1,1,1,1.0
155,Thursday,3,12,Midday,1,1,0,0.0
155,Thursday,3,15,Evening Rush,2,2,2,1.0
155,Thursday,3,16,Evening Rush,2,2,1,0.5
155,Thursday,3,22,Evening,2,2,0,0.0
155,Tuesday,1,6,Morning Rush,1,1,0,0.0
155,Tuesday,1,7,Morning Rush,1,1,0,0.0
155,Tuesday,1,9,Morning Rush,1,1,0,0.0
155,Tuesday,1,10,Midday,3,3,1,0.3333333333333333
155,Tuesday,1,15,Evening Rush,1,1,1,1.0
155,Tuesday,1,17,Evening Rush,1,1,0,0.0
155,Wednesday,2,8,Morning Rush,1,1,0,0.0
155,Wednesday,2,16,Evening Rush,1,1,0,0.0
155,Wednesday,2,22,Evening,1,1,0,0.0
156,Friday,4,0,Night,1,1,0,0.0
156,Friday,4,8,Morning Rush,1,1,0,0.0
156,Friday,4,9,Morning Rush,1,1,1,1.0
156,Friday,4,13,Midday,1,1,1,1.0
156,Friday,4,16,Evening Rush,1,1,0,0.0
156,Friday,4,19,Evening,2,2,2,1.0
156,Friday,4,20,Evening,1,1,1,1.0
156,Friday,4,21,Evening,1,1,0,0.0
156,Friday,4,22,Evening,1,1,1,1.0
156,Friday,4,23,Evening,2,2,0,0.0
156,Monday,0,5,Night,1,1,1,1.0
156,Monday,0,8,Morning Rush,1,1,1,1.0
156,Monday,0,9,Morning Rush,1,1,1,1.0
156,Monday,0,13,Midday,1,1,0,0.0
156,Monday,0,16,Evening Rush,1,1,0,0.0
156,Monday,0,17,Evening Rush,2,2,2,1.0
156,Monday,0,19,Evening,1,1,1,1.0
156,Monday,0,20,Evening,2,2,0,0.0
156,Saturday,5,0,Night,1,1,0,0.0
156,Saturday,5,9,Morning Rush,1,1,1,1.0
156,Saturday,5,10,Midday,1,1,0,0.0
156,Saturday,5,11,Midday,1,1,0,0.0
156,Saturday,5,14,Midday,1,1,0,0.0
156,Saturday,5,17,Evening Rush,2,2,1,0.5
156,Saturday,5,20,Evening,1,1,1,1.0
156,Sunday,6,9,Morning Rush,1,1,0,0.0
156,Sunday,6,13,Midday,1,1,1,1.0
156,Sunday,6,15,Evening Rush,2,2,0,0.0
156,Sunday,6,17,Evening Rush,1,1,1,1.0
156,Sunday,6,18,Evening Rush,1,1,0,0.0
156,Sunday,6,20,Evening,1,1,0,0.0
156,Sunday,6,21,Evening,1,1,0,0.0
156,Thursday,3,6,Morning Rush,1,1,0,0.0
156,Thursday,3,12,Midday,1,1,0,0.0
156,Thursday,3,20,Evening,1,1,0,0.0
156,Thursday,3,21,Evening,1,1,0,0.0
156,Tuesday,1,0,Night,1,1,0,0.0
156,Tuesday,1,4,Night,1,1,1,1.0
156,Tuesday,1,7,Morning Rush,1,1,0,0.0
156,Tuesday,1,8,Morning Rush,1,1,1,1.0
156,Tuesday,1,9,Morning Rush,1,1,1,1.0
156,Tuesday,1,12,Midday,1,1,1,1.0
156,Tuesday,1,14,Midday,1,1,0,0.0
156,Tuesday,1,16,Evening Rush,1,1,0,0.0
156,Tuesday,1,18,Evening Rush,2,2,1,0.5
156,Tuesday,1,19,Evening,2,2,1,0.5
156,Tuesday,1,20,Evening,1,1,0,0.0
156,Wednesday,2,0,Night,1,1,0,0.0
156,Wednesday,2,10,Midday,1,1,1,1.0
156,Wednesday,2,12,Midday,1,1,0,0.0
156,Wednesday,2,13,Midday,1,1,0,0.0
156,Wednesday,2,14,Midday,1,1,1,1.0
156,Wednesday,2,15,Evening Rush,1,1,0,0.0
156,Wednesday,2,18,Evening Rush,1,1,1,1.0
156,Wednesday,2,22,Evening,1,1,0,0.0
157,Friday,4,9,Morning Rush,1,1,1,1.0
157,Friday,4,16,Evening Rush,2,2,0,0.0
157,Friday,4,17,Evening Rush,1,1,1,1.0
157,Friday,4,18,Evening Rush,1,1,0,0.0
157,Friday,4,19,Evening,1,1,0,0.0
157,Friday,4,20,Evening,1,1,0,0.0
157,Monday,0,10,Midday,1,1,1,1.0
157,Monday,0,12,Midday,1,1,0,0.0
157,Monday,0,16,Evening Rush,1,1,0,0.0
157,Monday,0,17,Evening Rush,1,1,1,1.0
157,Monday,0,19,Evening,1,1,0,0.0
157,Monday,0,20,Evening,1,1,0,0.0
157,Saturday,5,10,Midday,1,1,1,1.0
157,Saturday,5,11,Midday,3,3,1,0.3333333333333333
157,Saturday,5,12,Midday,1,1,1,1.0
157,Saturday,5,13,Midday,2,2,0,0.0
157,Saturday,5,14,Midday,1,1,0,0.0
157,Saturday,5,16,Evening Rush,1,1,0,0.0
157,Saturday,5,17,Evening Rush,1,1,1,1.0
157,Saturday,5,18,Evening Rush,1,1,0,0.0
157,Saturday,5,19,Evening,2,2,1,0.5
157,Sunday,6,13,Midday,1,1,0,0.0
157,Sunday,6,14,Midday,2,2,0,0.0
157,Sunday,6,15,Evening Rush,1,1,0,0.0
157,Sunday,6,16,Evening Rush,1,1,0,0.0
157,Sunday,6,19,Evening,1,1,0,0.0
157,Thursday,3,8,Morning Rush,1,1,0,0.0
157,Thursday,3,11,Midday,1,1,0,0.0
157,Thursday,3,15,Evening Rush,1,1,0,0.0
157,Thursday,3,17,Evening Rush,1,1,0,0.0
157,Thursday,3,18,Evening Rush,1,1,0,0.0
157,Tuesday,1,7,Morning Rush,1,1,0,0.0
157,Tuesday,1,10,Midday,1,1,1,1.0
157,Tuesday,1,14,Midday,1,1,1,1.0
157,Tuesday,1,15,Evening Rush,1,1,1,1.0
157,Tuesday,1,16,Evening Rush,1,1,1,1.0
157,Tuesday,1,17,Evening Rush,1,1,0,0.0
157,Tuesday,1,18,Evening Rush,1,1,0,0.0
157,Wednesday,2,10,Midday,1,1,1,1.0
157,Wednesday,2,12,Midday,1,1,1,1.0
157,Wednesday,2,14,Midday,2,2,0,0.0
157,Wednesday,2,15,Evening Rush,2,2,0,0.0
157,Wednesday,2,17,Evening Rush,1,1,0,0.0
157,Wednesday,2,18,Evening Rush,3,3,1,0.3333333333333333
157,Wednesday,2,20,Evening,2,2,2,1.0
158,Friday,4,9,Morning Rush,1,1,1,1.0
158,Friday,4,12,Midday,1,1,1,1.0
158,Friday,4,13,Midday,1,1,1,1.0
158,Friday,4,15,Evening Rush,2,2,0,0.0
158,Friday,4,16,Evening Rush,1,1,0,0.0
158,Friday,4,20,Evening,1,1,0,0.0
158,Friday,4,21,Evening,2,2,1,0.5
158,Monday,0,11,Midday,1,1,1,1.0
158,Monday,0,12,Midday,1,1,0,0.0
158,Monday,0,17,Evening Rush,2,2,2,1.0
158,Saturday,5,9,Morning Rush,2,2,2,1.0
158,Saturday,5,10,Midday,2,2,1,0.5
158,Saturday,5,15,Evening Rush,1,1,0,0.0
158,Saturday,5,16,Evening Rush,1,1,1,1.0
158,Saturday,5,20,Evening,1,1,0,0.0
158,Saturday,5,21,Evening,1,1,0,0.0
158,Sunday,6,1,Night,2,2,1,0.5
158,Sunday,6,18,Evening Rush,1,1,0,0.0
158,Sunday,6,19,Evening,1,1,0,0.0
158,Thursday,3,1,Night,1,1,0,0.0
158,Thursday,3,6,Morning Rush,1,1,0,0.0
158,Thursday,3,10,Midday,1,1,1,1.0
158,Thursday,3,11,Midday,1,1,0,0.0
158,Thursday,3,15,Evening Rush,1,1,0,0.0
158,Thursday,3,17,Evening Rush,1,1,0,0.0
158,Thursday,3,18,Evening Rush,2,2,0,0.0
158,Thursday,3,22,Evening,1,1,1,1.0
158,Tuesday,1,8,Morning Rush,2,2,1,0.5
158,Tuesday,1,16,Evening Rush,2,2,0,0.0
158,Tuesday,1,17,Evening Rush,1,1,1,1.0
158,Tuesday,1,19,Evening,1,1,0,0.0
158,Wednesday,2,7,Morning Rush,1,1,1,1.0
158,Wednesday,2,14,Midday,1,1,0,0.0
158,Wednesday,2,15,Evening Rush,2,2,1,0.5
158,Wednesday,2,16,Evening Rush,2,2,0,0.0
158,Wednesday,2,18,Evening Rush,1,1,0,0.0
159,Friday,4,8,Morning Rush,1,1,1,1.0
159,Friday,4,9,Morning Rush,1,1,0,0.0
159,Friday,4,10,Midday,1,1,1,1.0
159,Friday,4,14,Midday,2,2,2,1.0
159,Friday,4,15,Evening Rush,1,1,0,0.0
159,Friday,4,16,Evening Rush,1,1,0,0.0
159,Friday,4,17,Evening Rush,1,1,0,0.0
159,Friday,4,19,Evening,1,1,0,0.0
159,Friday,4,21,Evening,1,1,1,1.0
159,Monday,0,9,Morning Rush,1,1,0,0.0
159,Monday,0,12,Midday,2,2,1,0.5
159,Monday,0,13,Midday,1,1,0,0.0
159,Monday,0,14,Midday,1,1,0,0.0
159,Monday,0,16,Evening Rush,2,2,1,0.5
159,Monday,0,21,Evening,1,1,1,1.0
159,Saturday,5,0,Night,1,1,0,0.0
159,Saturday,5,7,Morning Rush,1,1,1,1.0
159,Saturday,5,8,Morning Rush,1,1,0,0.0
159,Saturday,5,11,Midday,1,1,0,0.0
159,Saturday,5,12,Midday,1,1,0,0.0
159,Saturday,5,15,Evening Rush,1,1,0,0.0
159,Saturday,5,16,Evening Rush,1,1,0,0.0
159,Saturday,5,20,Evening,1,1,1,1.0
159,Sunday,6,9,Morning Rush,1,1,0,0.0
159,Sunday,6,11,Midday,2,2,1,0.5
159,Sunday,6,14,Midday,1,1,1,1.0
159,Sunday,6,15,Evening Rush,1,1,1,1.0
159,Sunday,6,23,Evening,1,1,1,1.0
159,Thursday,3,1,Night,1,1,0,0.0
159,Thursday,3,6,Morning Rush,1,1,0,0.0
159,Thursday,3,12,Midday,2,2,0,0.0
159,Thursday,3,13,Midday,1,1,1,1.0
159,Thursday,3,18,Evening Rush,2,2,2,1.0
159,Thursday,3,23,Evening,1,1,0,0.0
159,Tuesday,1,9,Morning Rush,1,1,1,1.0
159,Tuesday,1,11,Midday,2,2,0,0.0
159,Tuesday,1,13,Midday,1,1,1,1.0
159,Tuesday,1,18,Evening Rush,1,1,0,0.0
159,Tuesday,1,20,Evening,1,1,0,0.0
159,Tuesday,1,21,Evening,2,2,0,0.0
159,Wednesday,2,6,Morning Rush,1,1,0,0.0
159,Wednesday,2,10,Midday,1,1,1,1.0
159,Wednesday,2,11,Midday,2,2,0,0.0
159,Wednesday,2,13,Midday,2,2,0,0.0
159,Wednesday,2,14,Midday,2,2,1,0.5
159,Wednesday,2,16,Evening Rush,1,1,0,0.0
159,Wednesday,2,17,Evening Rush,1,1,0,0.0
159,Wednesday,2,18,Evening Rush,1,1,1,1.0
159,Wednesday,2,20,Evening,2,2,2,1.0
160,Friday,4,13,Midday,1,1,1,1.0
160,Friday,4,14,Midday,1,1,0,0.0
160,Friday,4,15,Evening Rush,2,2,0,0.0
160,Friday,4,16,Evening Rush,1,1,0,0.0
160,Friday,4,19,Evening,1,1,1,1.0
160,Friday,4,21,Evening,1,1,0,0.0
160,Friday,4,22,Evening,1,1,0,0.0
160,Friday,4,23,Evening,1,1,0,0.0
160,Monday,0,8,Morning Rush,2,2,0,0.0
160,Monday,0,18,Evening Rush,2,2,2,1.0
160,Monday,0,20,Evening,1,1,0,0.0
160,Monday,0,21,Evening,1,1,1,1.0
160,Saturday,5,12,Midday,1,1,0,0.0
160,Saturday,5,13,Midday,2,2,0,0.0
160,Saturday,5,18,Evening Rush,2,2,1,0.5
160,Sunday,6,3,Night,1,1,0,0.0
160,Sunday,6,9,Morning Rush,1,1,1,1.0
160,Sunday,6,12,Midday,1,1,1,1.0
160,Sunday,6,16,Evening Rush,1,1,1,1.0
160,Thursday,3,6,Morning Rush,1,1,1,1.0
160,Thursday,3,7,Morning Rush,1,1,1,1.0
160,Thursday,3,16,Evening Rush,1,1,0,0.0
160,Thursday,3,17,Evening Rush,1,1,0,0.0
160,Thursday,3,18,Evening Rush,1,1,0,0.0
160,Thursday,3,19,Evening,1,1,0,0.0
160,Thursday,3,20,Evening,1,1,0,0.0
160,Thursday,3,21,Evening,1,1,1,1.0
160,Tuesday,1,6,Morning Rush,3,3,0,0.0
160,Tuesday,1,7,Morning Rush,1,1,0,0.0
160,Tuesday,1,10,Midday,1,1,0,0.0
160,Tuesday,1,11,Midday,1,1,0,0.0
160,Tuesday,1,15,Evening Rush,1,1,0,0.0
160,Tuesday,1,16,Evening Rush,2,2,1,0.5
160,Tuesday,1,17,Evening Rush,1,1,0,0.0
160,Wednesday,2,0,Night,1,1,0,0.0
160,Wednesday,2,7,Morning Rush,1,1,1,1.0
160,Wednesday,2,8,Morning Rush,1,1,1,1.0
160,Wednesday,2,12,Midday,1,1,1,1.0
160,Wednesday,2,16,Evening Rush,1,1,0,0.0
160,Wednesday,2,18,Evening Rush,1,1,0,0.0
160,Wednesday,2,19,Evening,1,1,0,0.0
160,Wednesday,2,21,Evening,3,3,3,1.0
161,Friday,4,5,Night,1,1,0,0.0
161,Friday,4,21,Evening,1,1,1,1.0
161,Friday,4,22,Evening,1,1,0,0.0
161,Friday,4,23,Evening,1,1,1,1.0
161,Monday,0,8,Morning Rush,2,2,1,0.5
161,Monday,0,12,Midday,3,3,2,0.6666666666666666
161,Saturday,5,16,Evening Rush,1,1,0,0.0
161,Saturday,5,18,Evening Rush,1,1,1,1.0
161,Saturday,5,19,Evening,1,1,0,0.0
161,Sunday,6,0,Night,2,2,1,0.5
161,Sunday,6,1,Night,1,1,1,1.0
161,Sunday,6,5,Night,1,1,0,0.0
161,Sunday,6,8,Morning Rush,1,1,0,0.0
161,Sunday,6,9,Morning Rush,1,1,0,0.0
161,Sunday,6,17,Evening Rush,1,1,0,0.0
161,Sunday,6,18,Evening Rush,1,1,1,1.0
161,Sunday,6,19,Evening,1,1,1,1.0
161,Sunday,6,23,Evening,1,1,0,0.0
161,Thursday,3,16,Evening Rush,1,1,1,1.0
161,Thursday,3,18,Evening Rush,1,1,1,1.0
161,Tuesday,1,10,Midday,1,1,1,1.0
161,Tuesday,1,16,Evening Rush,1,1,0,0.0
161,Tuesday,1,18,Evening Rush,1,1,0,0.0
161,Tuesday,1,23,Evening,1,1,0,0.0
161,Wednesday,2,8,Morning Rush,1,1,0,0.0
161,Wednesday,2,15,Evening Rush,1,1,0,0.0
161,Wednesday,2,22,Evening,1,1,0,0.0
162,Friday,4,6,Morning Rush,2,2,1,0.5
162,Friday,4,8,Morning Rush,3,3,2,0.6666666666666666
162,Friday,4,10,Midday,1,1,0,0.0
162,Friday,4,13,Midday,1,1,1,1.0
162,Friday,4,15,Evening Rush,1,1,0,0.0
162,Friday,4,17,Evening Rush,4,4,0,0.0
162,Friday,4,19,Evening,3,3,0,0.0
162,Friday,4,20,Evening,1,1,0,0.0
162,Monday,0,11,Midday,1,1,1,1.0
162,Monday,0,18,Evening Rush,1,1,0,0.0
162,Monday,0,19,Evening,1,1,0,0.0
162,Saturday,5,8,Morning Rush,1,1,1,1.0
162,Saturday,5,11,Midday,1,1,1,1.0
162,Saturday,5,15,Evening Rush,1,1,1,1.0
162,Saturday,5,16,Evening Rush,1,1,0,0.0
162,Saturday,5,18,Evening Rush,1,1,0,0.0
162,Saturday,5,20,Evening,1,1,0,0.0
162,Sunday,6,0,Night,1,1,1,1.0
162,Sunday,6,12,Midday,3,3,1,0.3333333333333333
162,Sunday,6,15,Evening Rush,1,1,0,0.0
162,Sunday,6,16,Evening Rush,1,1,0,0.0
162,Sunday,6,19,Evening,1,1,1,1.0
162,Thursday,3,6,Morning Rush,1,1,1,1.0
162,Thursday,3,7,Morning Rush,2,2,0,0.0
162,Thursday,3,8,Morning Rush,1,1,0,0.0
162,Thursday,3,15,Evening Rush,2,2,0,0.0
162,Thursday,3,16,Evening Rush,2,2,0,0.0
162,Thursday,3,20,Evening,1,1,0,0.0
162,Tuesday,1,3,Night,1,1,1,1.0
162,Tuesday,1,5,Night,1,1,1,1.0
162,Tuesday,1,6,Morning Rush,1,1,1,1.0
162,Tuesday,1,7,Morning Rush,2,2,1,0.5
162,Tuesday,1,17,Evening Rush,1,1,1,1.0
162,Tuesday,1,18,Evening Rush,1,1,0,0.0
162,Tuesday,1,21,Evening,2,2,0,0.0
162,Tuesday,1,22,Evening,1,1,1,1.0
162,Wednesday,2,1,Night,2,2,1,0.5
162,Wednesday,2,6,Morning Rush,1,1,1,1.0
162,Wednesday,2,12,Midday,2,2,1,0.5
162,Wednesday,2,13,Midday,1,1,0,0.0
162,Wednesday,2,17,Evening Rush,1,1,0,0.0
162,Wednesday,2,18,Evening Rush,1,1,1,1.0
162,Wednesday,2,19,Evening,4,4,1,0.25
162,Wednesday,2,20,Evening,2,2,1,0.5
162,Wednesday,2,21,Evening,1,1,1,1.0
162,Wednesday,2,22,Evening,1,1,1,1.0
162,Wednesday,2,23,Evening,1,1,1,1.0
163,Friday,4,6,Morning Rush,1,1,1,1.0
163,Friday,4,7,Morning Rush,1,1,1,1.0
163,Friday,4,8,Morning Rush,1,1,1,1.0
163,Friday,4,9,Morning Rush,1,1,0,0.0
163,Friday,4,10,Midday,1,1,0,0.0
163,Friday,4,11,Midday,1,1,0,0.0
163,Friday,4,12,Midday,1,1,1,1.0
163,Friday,4,15,Evening Rush,1,1,0,0.0
163,Friday,4,17,Evening Rush,1,1,0,0.0
163,Friday,4,19,Evening,1,1,1,1.0
163,Friday,4,21,Evening,2,2,1,0.5
163,Friday,4,23,Evening,1,1,1,1.0
163,Monday,0,5,Night,2,2,0,0.0
163,Monday,0,7,Morning Rush,1,1,0,0.0
163,Monday,0,8,Morning Rush,2,2,1,0.5
163,Monday,0,9,Morning Rush,1,1,0,0.0
163,Monday,0,13,Midday,1,1,0,0.0
163,Monday,0,15,Evening Rush,1,1,0,0.0
163,Monday,0,17,Evening Rush,3,3,1,0.3333333333333333
163,Monday,0,19,Evening,3,3,0,0.0
163,Monday,0,21,Evening,1,1,1,1.0
163,Monday,0,22,Evening,1,1,0,0.0
163,Monday,0,23,Evening,2,2,2,1.0
163,Saturday,5,3,Night,1,1,0,0.0
163,Saturday,5,11,Midday,1,1,0,0.0
163,Saturday,5,12,Midday,1,1,0,0.0
163,Saturday,5,13,Midday,1,1,0,0.0
163,Saturday,5,17,Evening Rush,2,2,0,0.0
163,Saturday,5,18,Evening Rush,1,1,1,1.0
163,Saturday,5,19,Evening,2,2,1,0.5
163,Saturday,5,20,Evening,2,2,0,0.0
163,Saturday,5,21,Evening,1,1,0,0.0
163,Sunday,6,1,Night,1,1,1,1.0
163,Sunday,6,4,Night,1,1,0,0.0
163,Sunday,6,13,Midday,1,1,1,1.0
163,Sunday,6,15,Evening Rush,1,1,0,0.0
163,Sunday,6,17,Evening Rush,2,2,1,0.5
163,Sunday,6,19,Evening,1,1,1,1.0
163,Sunday,6,20,Evening,1,1,1,1.0
163,Sunday,6,21,Evening,1,1,0,0.0
163,Sunday,6,23,Evening,2,2,1,0.5
163,Thursday,3,7,Morning Rush,1,1,1,1.0
163,Thursday,3,8,Morning Rush,2,2,1,0.5
163,Thursday,3,9,Morning Rush,1,1,0,0.0
163,Thursday,3,11,Midday,1,1,0,0.0
163,Thursday,3,12,Midday,1,1,0,0.0
163,Thursday,3,13,Midday,1,1,1,1.0
163,Thursday,3,15,Evening Rush,3,3,0,0.0
163,Thursday,3,16,Evening Rush,1,1,0,0.0
163,Thursday,3,20,Evening,1,1,0,0.0
163,Thursday,3,21,Evening,4,4,1,0.25
163,Thursday,3,22,Evening,1,1,1,1.0
163,Tuesday,1,1,Night,1,1,1,1.0
163,Tuesday,1,3,Night,1,1,0,0.0
163,Tuesday,1,7,Morning Rush,2,2,1,0.5
163,Tuesday,1,9,Morning Rush,3,3,1,0.3333333333333333
163,Tuesday,1,13,Midday,1,1,1,1.0
163,Tuesday,1,14,Midday,2,2,0,0.0
163,Tuesday,1,16,Evening Rush,2,2,1,0.5
163,Tuesday,1,17,Evening Rush,1,1,0,0.0
163,Tuesday,1,18,Evening Rush,4,4,1,0.25
163,Tuesday,1,19,Evening,1,1,1,1.0
163,Tuesday,1,20,Evening,1,1,0,0.0
163,Tuesday,1,22,Evening,1,1,0,0.0
163,Wednesday,2,1,Night,1,1,0,0.0
163,Wednesday,2,6,Morning Rush,2,2,0,0.0
163,Wednesday,2,7,Morning Rush,1,1,1,1.0
163,Wednesday,2,9,Morning Rush,3,3,1,0.3333333333333333
163,Wednesday,2,10,Midday,2,2,1,0.5
163,Wednesday,2,11,Midday,1,1,0,0.0
163,Wednesday,2,12,Midday,1,1,0,0.0
163,Wednesday,2,13,Midday,1,1,0,0.0
163,Wednesday,2,14,Midday,1,1,1,1.0
163,Wednesday,2,15,Evening Rush,2,2,0,0.0
163,Wednesday,2,17,Evening Rush,2,2,1,0.5
163,Wednesday,2,18,Evening Rush,1,1,1,1.0
163,Wednesday,2,19,Evening,1,1,1,1.0
163,Wednesday,2,22,Evening,1,1,0,0.0
164,Friday,4,12,Midday,1,1,1,1.0
164,Friday,4,14,Midday,1,1,0,0.0
164,Friday,4,15,Evening Rush,1,1,0,0.0
164,Friday,4,20,Evening,1,1,0,0.0
164,Monday,0,7,Morning Rush,2,2,0,0.0
164,Monday,0,8,Morning Rush,2,2,1,0.5
164,Monday,0,9,Morning Rush,1,1,1,1.0
164,Monday,0,16,Evening Rush,1,1,0,0.0
164,Monday,0,22,Evening,1,1,0,0.0
164,Saturday,5,1,Night,1,1,0,0.0
164,Saturday,5,15,Evening Rush,2,2,0,0.0
164,Saturday,5,19,Evening,1,1,0,0.0
164,Sunday,6,1,Night,1,1,1,1.0
164,Sunday,6,5,Night,1,1,0,0.0
164,Sunday,6,20,Evening,1,1,1,1.0
164,Thursday,3,1,Night,1,1,0,0.0
164,Thursday,3,4,Night,1,1,1,1.0
164,Thursday,3,17,Evening Rush,1,1,0,0.0
164,Thursday,3,22,Evening,1,1,1,1.0
164,Tuesday,1,1,Night,1,1,0,0.0
164,Tuesday,1,7,Morning Rush,1,1,1,1.0
164,Tuesday,1,18,Evening Rush,1,1,1,1.0
164,Tuesday,1,19,Evening,1,1,0,0.0
164,Wednesday,2,5,Night,1,1,0,0.0
164,Wednesday,2,10,Midday,1,1,0,0.0
164,Wednesday,2,12,Midday,1,1,0,0.0
164,Wednesday,2,17,Evening Rush,1,1,0,0.0
164,Wednesday,2,18,Evening Rush,1,1,1,1.0
165,Friday,4,1,Night,1,1,0,0.0
165,Friday,4,3,Night,2,2,0,0.0
165,Friday,4,8,Morning Rush,1,1,0,0.0
165,Friday,4,11,Midday,1,1,0,0.0
165,Friday,4,12,Midday,1,1,0,0.0
165,Friday,4,14,Midday,1,1,0,0.0
165,Friday,4,15,Evening Rush,1,1,0,0.0
165,Friday,4,16,Evening Rush,6,6,0,0.0
165,Friday,4,17,Evening Rush,3,3,3,1.0
165,Friday,4,19,Evening,2,2,0,0.0
165,Friday,4,20,Evening,3,3,1,0.3333333333333333
165,Friday,4,21,Evening,1,1,0,0.0
165,Friday,4,22,Evening,1,1,1,1.0
165,Monday,0,6,Morning Rush,1,1,0,0.0
165,Monday,0,7,Morning Rush,2,2,0,0.0
165,Monday,0,9,Morning Rush,4,4,2,0.5
165,Monday,0,10,Midday,2,2,0,0.0
165,Monday,0,11,Midday,2,2,2,1.0
165,Monday,0,13,Midday,2,2,1,0.5
165,Monday,0,14,Midday,2,2,0,0.0
165,Monday,0,15,Evening Rush,2,2,0,0.0
165,Monday,0,16,Evening Rush,1,1,0,0.0
165,Monday,0,17,Evening Rush,1,1,1,1.0
165,Monday,0,19,Evening,2,2,1,0.5
165,Monday,0,20,Evening,1,1,0,0.0
165,Saturday,5,9,Morning Rush,1,1,1,1.0
165,Saturday,5,10,Midday,2,2,0,0.0
165,Saturday,5,12,Midday,1,1,0,0.0
165,Saturday,5,16,Evening Rush,3,3,0,0.0
165,Saturday,5,17,Evening Rush,1,1,0,0.0
165,Saturday,5,18,Evening Rush,1,1,1,1.0
165,Saturday,5,19,Evening,8,8,3,0.375
165,Saturday,5,20,Evening,2,2,1,0.5
165,Saturday,5,21,Evening,2,2,0,0.0
165,Saturday,5,22,Evening,2,2,0,0.0
165,Saturday,5,23,Evening,1,1,0,0.0
165,Sunday,6,0,Night,1,1,1,1.0
165,Sunday,6,9,Morning Rush,1,1,0,0.0
165,Sunday,6,13,Midday,1,1,0,0.0
165,Sunday,6,17,Evening Rush,1,1,0,0.0
165,Sunday,6,19,Evening,1,1,1,1.0
165,Sunday,6,22,Evening,1,1,0,0.0
165,Thursday,3,3,Night,1,1,0,0.0
165,Thursday,3,7,Morning Rush,1,1,1,1.0
165,Thursday,3,8,Morning Rush,1,1,1,1.0
165,Thursday,3,9,Morning Rush,1,1,0,0.0
165,Thursday,3,10,Midday,4,4,3,0.75
165,Thursday,3,11,Midday,1,1,0,0.0
165,Thursday,3,12,Midday,2,2,1,0.5
165,Thursday,3,13,Midday,4,4,0,0.0
165,Thursday,3,17,Evening Rush,2,2,0,0.0
165,Thursday,3,19,Evening,4,4,1,0.25
165,Thursday,3,20,Evening,1,1,0,0.0
165,Tuesday,1,7,Morning Rush,1,1,1,1.0
165,Tuesday,1,8,Morning Rush,1,1,0,0.0
165,Tuesday,1,9,Morning Rush,2,2,1,0.5
165,Tuesday,1,10,Midday,1,1,1,1.0
165,Tuesday,1,11,Midday,4,4,0,0.0
165,Tuesday,1,12,Midday,1,1,0,0.0
165,Tuesday,1,13,Midday,3,3,1,0.3333333333333333
165,Tuesday,1,14,Midday,1,1,0,0.0
165,Tuesday,1,15,Evening Rush,2,2,0,0.0
165,Tuesday,1,16,Evening Rush,3,3,0,0.0
165,Tuesday,1,17,Evening Rush,3,3,2,0.6666666666666666
165,Tuesday,1,18,Evening Rush,2,2,1,0.5
165,Tuesday,1,19,Evening,1,1,0,0.0
165,Tuesday,1,23,Evening,1,1,0,0.0
165,Wednesday,2,6,Morning Rush,1,1,1,1.0
165,Wednesday,2,8,Morning Rush,4,4,1,0.25
165,Wednesday,2,9,Morning Rush,2,2,1,0.5
165,Wednesday,2,12,Midday,4,4,2,0.5
165,Wednesday,2,13,Midday,2,2,2,1.0
165,Wednesday,2,15,Evening Rush,1,1,0,0.0
165,Wednesday,2,16,Evening Rush,1,1,1,1.0
165,Wednesday,2,17,Evening Rush,2,2,0,0.0
165,Wednesday,2,19,Evening,2,2,0,0.0
165,Wednesday,2,20,Evening,1,1,0,0.0
165,Wednesday,2,21,Evening,1,1,0,0.0
166,Friday,4,2,Night,1,1,0,0.0
166,Friday,4,7,Morning Rush,1,1,0,0.0
166,Friday,4,9,Morning Rush,1,1,0,0.0
166,Friday,4,11,Midday,2,2,1,0.5
166,Friday,4,15,Evening Rush,1,1,0,0.0
166,Monday,0,9,Morning Rush,1,1,0,0.0
166,Monday,0,14,Midday,1,1,0,0.0
166,Monday,0,15,Evening Rush,2,2,0,0.0
166,Monday,0,19,Evening,1,1,0,0.0
166,Monday,0,23,Evening,1,1,0,0.0
166,Thursday,3,8,Morning Rush,1,1,0,0.0
166,Thursday,3,15,Evening Rush,1,1,0,0.0
166,Thursday,3,16,Evening Rush,1,1,1,1.0
166,Thursday,3,21,Evening,1,1,1,1.0
166,Thursday,3,23,Evening,1,1,1,1.0
166,Tuesday,1,9,Morning Rush,1,1,0,0.0
166,Tuesday,1,10,Midday,1,1,0,0.0
166,Tuesday,1,17,Evening Rush,1,1,1,1.0
166,Wednesday,2,11,Midday,1,1,0,0.0
166,Wednesday,2,15,Evening Rush,1,1,0,0.0
166,Wednesday,2,16,Evening Rush,1,1,0,0.0
166,Wednesday,2,21,Evening,1,1,0,0.0
167,Friday,4,6,Morning Rush,1,1,1,1.0
167,Friday,4,8,Morning Rush,1,1,0,0.0
167,Friday,4,10,Midday,1,1,0,0.0
167,Friday,4,17,Evening Rush,1,1,1,1.0
167,Friday,4,18,Evening Rush,1,1,0,0.0
167,Friday,4,20,Evening,1,1,0,0.0
167,Monday,0,1,Night,1,1,1,1.0
167,Monday,0,6,Morning Rush,2,2,0,0.0
167,Monday,0,8,Morning Rush,1,1,1,1.0
167,Monday,0,12,Midday,1,1,1,1.0
167,Monday,0,16,Evening Rush,1,1,0,0.0
167,Monday,0,17,Evening Rush,2,2,0,0.0
167,Monday,0,18,Evening Rush,1,1,0,0.0
167,Monday,0,19,Evening,1,1,0,0.0
167,Saturday,5,11,Midday,1,1,0,0.0
167,Saturday,5,14,Midday,1,1,0,0.0
167,Saturday,5,15,Evening Rush,1,1,0,0.0
167,Saturday,5,16,Evening Rush,1,1,0,0.0
167,Saturday,5,17,Evening Rush,1,1,0,0.0
167,Saturday,5,19,Evening,1,1,0,0.0
167,Saturday,5,22,Evening,1,1,0,0.0
167,Saturday,5,23,Evening,1,1,0,0.0
167,Sunday,6,8,Morning Rush,1,1,0,0.0
167,Sunday,6,9,Morning Rush,1,1,1,1.0
167,Sunday,6,16,Evening Rush,1,1,0,0.0
167,Sunday,6,17,Evening Rush,1,1,1,1.0
167,Sunday,6,18,Evening Rush,1,1,0,0.0
167,Sunday,6,21,Evening,2,2,1,0.5
167,Thursday,3,6,Morning Rush,1,1,0,0.0
167,Thursday,3,8,Morning Rush,1,1,1,1.0
167,Thursday,3,15,Evening Rush,2,2,0,0.0
167,Thursday,3,18,Evening Rush,1,1,0,0.0
167,Thursday,3,19,Evening,2,2,0,0.0
167,Thursday,3,22,Evening,1,1,0,0.0
167,Tuesday,1,3,Night,1,1,1,1.0
167,Tuesday,1,4,Night,1,1,1,1.0
167,Tuesday,1,6,Morning Rush,1,1,1,1.0
167,Tuesday,1,7,Morning Rush,1,1,1,1.0
167,Tuesday,1,13,Midday,1,1,1,1.0
167,Tuesday,1,16,Evening Rush,1,1,0,0.0
167,Tuesday,1,18,Evening Rush,1,1,0,0.0
167,Tuesday,1,23,Evening,1,1,0,0.0
167,Wednesday,2,1,Night,1,1,1,1.0
167,Wednesday,2,6,Morning Rush,1,1,1,1.0
167,Wednesday,2,9,Morning Rush,1,1,1,1.0
167,Wednesday,2,13,Midday,1,1,0,0.0
167,Wednesday,2,16,Evening Rush,3,3,2,0.6666666666666666
167,Wednesday,2,17,Evening Rush,1,1,0,0.0
167,Wednesday,2,20,Evening,1,1,0,0.0
167,Wednesday,2,21,Evening,1,1,0,0.0
168,Friday,4,6,Morning Rush,1,1,1,1.0
168,Friday,4,7,Morning Rush,1,1,1,1.0
168,Friday,4,11,Midday,2,2,2,1.0
168,Friday,4,14,Midday,2,2,0,0.0
168,Friday,4,15,Evening Rush,2,2,0,0.0
168,Monday,0,5,Night,1,1,0,0.0
168,Monday,0,8,Morning Rush,1,1,0,0.0
168,Monday,0,10,Midday,2,2,1,0.5
168,Monday,0,14,Midday,1,1,0,0.0
168,Monday,0,15,Evening Rush,1,1,1,1.0
168,Monday,0,16,Evening Rush,1,1,0,0.0
168,Monday,0,17,Evening Rush,2,2,0,0.0
168,Saturday,5,14,Midday,1,1,0,0.0
168,Saturday,5,22,Evening,1,1,0,0.0
168,Sunday,6,9,Morning Rush,1,1,0,0.0
168,Sunday,6,13,Midday,1,1,0,0.0
168,Sunday,6,18,Evening Rush,1,1,0,0.0
168,Sunday,6,19,Evening,1,1,0,0.0
168,Thursday,3,7,Morning Rush,1,1,1,1.0
168,Thursday,3,11,Midday,2,2,0,0.0
168,Thursday,3,12,Midday,1,1,1,1.0
168,Thursday,3,13,Midday,1,1,0,0.0
168,Thursday,3,16,Evening Rush,2,2,2,1.0
168,Thursday,3,17,Evening Rush,1,1,1,1.0
168,Tuesday,1,11,Midday,1,1,1,1.0
168,Tuesday,1,12,Midday,1,1,0,0.0
168,Tuesday,1,14,Midday,2,2,0,0.0
168,Tuesday,1,16,Evening Rush,1,1,0,0.0
168,Wednesday,2,8,Morning Rush,1,1,1,1.0
168,Wednesday,2,11,Midday,1,1,1,1.0
168,Wednesday,2,16,Evening Rush,1,1,0,0.0
168,Wednesday,2,21,Evening,1,1,0,0.0
169,Friday,4,9,Morning Rush,1,1,1,1.0
169,Friday,4,10,Midday,1,1,1,1.0
169,Friday,4,23,Evening,1,1,0,0.0
169,Monday,0,7,Morning Rush,1,1,1,1.0
169,Monday,0,18,Evening Rush,1,1,0,0.0
169,Saturday,5,2,Night,1,1,0,0.0
169,Saturday,5,6,Morning Rush,1,1,0,0.0
169,Saturday,5,10,Midday,1,1,0,0.0
169,Saturday,5,12,Midday,1,1,0,0.0
169,Saturday,5,21,Evening,1,1,0,0.0
169,Sunday,6,7,Morning Rush,1,1,1,1.0
169,Thursday,3,7,Morning Rush,1,1,1,1.0
169,Thursday,3,9,Morning Rush,1,1,0,0.0
169,Wednesday,2,6,Morning Rush,1,1,1,1.0
169,Wednesday,2,7,Morning Rush,1,1,1,1.0
169,Wednesday,2,9,Morning Rush,1,1,0,0.0
169,Wednesday,2,10,Midday,1,1,0,0.0
169,Wednesday,2,13,Midday,1,1,1,1.0
169,Wednesday,2,17,Evening Rush,1,1,0,0.0
169,Wednesday,2,18,Evening Rush,1,1,0,0.0
170,Friday,4,9,Morning Rush,1,1,1,1.0
170,Friday,4,11,Midday,1,1,0,0.0
170,Friday,4,12,Midday,1,1,0,0.0
170,Friday,4,13,Midday,2,2,1,0.5
170,Friday,4,14,Midday,2,2,2,1.0
170,Friday,4,15,Evening Rush,1,1,0,0.0
170,Friday,4,16,Evening Rush,2,2,0,0.0
170,Friday,4,22,Evening,1,1,0,0.0
170,Monday,0,3,Night,1,1,1,1.0
170,Monday,0,9,Morning Rush,1,1,1,1.0
170,Monday,0,12,Midday,1,1,0,0.0
170,Monday,0,15,Evening Rush,4,4,0,0.0
170,Monday,0,17,Evening Rush,2,2,1,0.5
170,Monday,0,18,Evening Rush,1,1,0,0.0
170,Monday,0,19,Evening,1,1,1,1.0
170,Monday,0,20,Evening,1,1,0,0.0
170,Monday,0,21,Evening,1,1,0,0.0
170,Saturday,5,4,Night,1,1,1,1.0
170,Saturday,5,6,Morning Rush,1,1,1,1.0
170,Saturday,5,10,Midday,1,1,1,1.0
170,Saturday,5,12,Midday,2,2,0,0.0
170,Saturday,5,13,Midday,1,1,1,1.0
170,Saturday,5,15,Evening Rush,1,1,0,0.0
170,Sunday,6,6,Morning Rush,1,1,0,0.0
170,Sunday,6,15,Evening Rush,1,1,0,0.0
170,Thursday,3,7,Morning Rush,2,2,1,0.5
170,Thursday,3,8,Morning Rush,1,1,1,1.0
170,Thursday,3,12,Midday,1,1,0,0.0
170,Thursday,3,14,Midday,1,1,0,0.0
170,Thursday,3,15,Evening Rush,3,3,0,0.0
170,Thursday,3,18,Evening Rush,1,1,1,1.0
170,Thursday,3,21,Evening,1,1,1,1.0
170,Tuesday,1,7,Morning Rush,2,2,1,0.5
170,Tuesday,1,9,Morning Rush,2,2,1,0.5
170,Tuesday,1,15,Evening Rush,1,1,0,0.0
170,Tuesday,1,16,Evening Rush,4,4,1,0.25
170,Tuesday,1,17,Evening Rush,1,1,0,0.0
170,Tuesday,1,19,Evening,1,1,0,0.0
170,Wednesday,2,6,Morning Rush,1,1,0,0.0
170,Wednesday,2,9,Morning Rush,1,1,0,0.0
170,Wednesday,2,10,Midday,1,1,1,1.0
170,Wednesday,2,13,Midday,1,1,0,0.0
170,Wednesday,2,15,Evening Rush,4,4,2,0.5
170,Wednesday,2,17,Evening Rush,3,3,2,0.6666666666666666
170,Wednesday,2,18,Evening Rush,1,1,0,0.0
170,Wednesday,2,19,Evening,1,1,1,1.0
170,Wednesday,2,23,Evening,1,1,0,0.0
171,Friday,4,11,Midday,1,1,0,0.0
171,Friday,4,12,Midday,1,1,0,0.0
171,Friday,4,13,Midday,1,1,0,0.0
171,Friday,4,14,Midday,2,2,1,0.5
171,Friday,4,16,Evening Rush,1,1,0,0.0
171,Friday,4,17,Evening Rush,1,1,0,0.0
171,Monday,0,9,Morning Rush,1,1,1,1.0
171,Monday,0,17,Evening Rush,1,1,1,1.0
171,Monday,0,22,Evening,1,1,1,1.0
171,Saturday,5,19,Evening,1,1,0,0.0
171,Sunday,6,14,Midday,1,1,0,0.0
171,Sunday,6,17,Evening Rush,2,2,1,0.5
171,Sunday,6,18,Evening Rush,1,1,1,1.0
171,Thursday,3,8,Morning Rush,1,1,1,1.0
171,Thursday,3,13,Midday,1,1,0,0.0
171,Thursday,3,14,Midday,1,1,0,0.0
171,Thursday,3,15,Evening Rush,1,1,0,0.0
171,Thursday,3,16,Evening Rush,1,1,0,0.0
171,Thursday,3,19,Evening,1,1,0,0.0
171,Thursday,3,20,Evening,1,1,0,0.0
171,Tuesday,1,6,Morning Rush,1,1,0,0.0
171,Tuesday,1,9,Morning Rush,1,1,1,1.0
171,Tuesday,1,12,Midday,1,1,1,1.0
171,Tuesday,1,13,Midday,1,1,1,1.0
171,Tuesday,1,17,Evening Rush,1,1,1,1.0
171,Wednesday,2,8,Morning Rush,1,1,1,1.0
171,Wednesday,2,13,Midday,1,1,0,0.0
171,Wednesday,2,15,Evening Rush,1,1,0,0.0
171,Wednesday,2,16,Evening Rush,1,1,1,1.0
171,Wednesday,2,18,Evening Rush,1,1,0,0.0
172,Friday,4,17,Evening Rush,1,1,1,1.0
172,Friday,4,20,Evening,1,1,1,1.0
172,Monday,0,6,Morning Rush,1,1,1,1.0
172,Monday,0,11,Midday,1,1,1,1.0
172,Monday,0,23,Evening,1,1,1,1.0
172,Saturday,5,12,Midday,1,1,0,0.0
172,Saturday,5,17,Evening Rush,1,1,1,1.0
172,Saturday,5,18,Evening Rush,1,1,1,1.0
172,Sunday,6,13,Midday,1,1,0,0.0
172,Sunday,6,20,Evening,1,1,0,0.0
172,Sunday,6,21,Evening,1,1,1,1.0
172,Thursday,3,9,Morning Rush,2,2,2,1.0
172,Thursday,3,13,Midday,1,1,1,1.0
172,Thursday,3,14,Midday,2,2,2,1.0
172,Thursday,3,15,Evening Rush,1,1,1,1.0
172,Thursday,3,19,Evening,1,1,0,0.0
172,Tuesday,1,7,Morning Rush,1,1,0,0.0
172,Tuesday,1,8,Morning Rush,1,1,1,1.0
172,Tuesday,1,12,Midday,1,1,0,0.0
172,Tuesday,1,19,Evening,1,1,1,1.0
172,Wednesday,2,7,Morning Rush,1,1,0,0.0
172,Wednesday,2,9,Morning Rush,1,1,1,1.0
172,Wednesday,2,10,Midday,1,1,1,1.0
173,Friday,4,6,Morning Rush,1,1,0,0.0
173,Friday,4,7,Morning Rush,1,1,0,0.0
173,Friday,4,9,Morning Rush,3,3,2,0.6666666666666666
173,Friday,4,10,Midday,1,1,1,1.0
173,Friday,4,11,Midday,2,2,0,0.0
173,Friday,4,14,Midday,2,2,0,0.0
173,Friday,4,15,Evening Rush,2,2,0,0.0
173,Friday,4,16,Evening Rush,1,1,0,0.0
173,Friday,4,17,Evening Rush,2,2,1,0.5
173,Friday,4,18,Evening Rush,3,3,0,0.0
173,Friday,4,19,Evening,2,2,2,1.0
173,Friday,4,20,Evening,2,2,1,0.5
173,Monday,0,0,Night,1,1,1,1.0
173,Monday,0,6,Morning Rush,1,1,0,0.0
173,Monday,0,8,Morning Rush,4,4,3,0.75
173,Monday,0,9,Morning Rush,3,3,1,0.3333333333333333
173,Monday,0,11,Midday,1,1,1,1.0
173,Monday,0,12,Midday,1,1,0,0.0
173,Monday,0,15,Evening Rush,1,1,0,0.0
173,Monday,0,16,Evening Rush,1,1,0,0.0
173,Monday,0,17,Evening Rush,1,1,1,1.0
173,Monday,0,19,Evening,4,4,3,0.75
173,Monday,0,20,Evening,1,1,1,1.0
173,Saturday,5,3,Night,1,1,1,1.0
173,Saturday,5,8,Morning Rush,2,2,2,1.0
173,Saturday,5,10,Midday,2,2,1,0.5
173,Saturday,5,13,Midday,1,1,0,0.0
173,Saturday,5,15,Evening Rush,2,2,1,0.5
173,Saturday,5,16,Evening Rush,2,2,0,0.0
173,Saturday,5,21,Evening,1,1,0,0.0
173,Sunday,6,12,Midday,1,1,1,1.0
173,Sunday,6,14,Midday,1,1,1,1.0
173,Sunday,6,15,Evening Rush,1,1,1,1.0
173,Sunday,6,16,Evening Rush,2,2,2,1.0
173,Sunday,6,17,Evening Rush,1,1,1,1.0
173,Sunday,6,19,Evening,2,2,2,1.0
173,Thursday,3,9,Morning Rush,4,4,2,0.5
173,Thursday,3,10,Midday,1,1,0,0.0
173,Thursday,3,11,Midday,1,1,0,0.0
173,Thursday,3,12,Midday,2,2,2,1.0
173,Thursday,3,14,Midday,3,3,0,0.0
173,Thursday,3,15,Evening Rush,5,5,1,0.2
173,Thursday,3,16,Evening Rush,4,4,3,0.75
173,Thursday,3,17,Evening Rush,1,1,0,0.0
173,Thursday,3,19,Evening,1,1,1,1.0
173,Thursday,3,21,Evening,1,1,0,0.0
173,Tuesday,1,6,Morning Rush,2,2,0,0.0
173,Tuesday,1,7,Morning Rush,2,2,0,0.0
173,Tuesday,1,8,Morning Rush,1,1,0,0.0
173,Tuesday,1,9,Morning Rush,3,3,2,0.6666666666666666
173,Tuesday,1,10,Midday,2,2,0,0.0
173,Tuesday,1,11,Midday,1,1,0,0.0
173,Tuesday,1,13,Midday,2,2,2,1.0
173,Tuesday,1,16,Evening Rush,3,3,0,0.0
173,Tuesday,1,17,Evening Rush,2,2,0,0.0
173,Tuesday,1,19,Evening,1,1,1,1.0
173,Tuesday,1,20,Evening,1,1,1,1.0
173,Tuesday,1,22,Evening,1,1,0,0.0
173,Wednesday,2,7,Morning Rush,4,4,2,0.5
173,Wednesday,2,8,Morning Rush,4,4,4,1.0
173,Wednesday,2,11,Midday,1,1,0,0.0
173,Wednesday,2,12,Midday,1,1,1,1.0
173,Wednesday,2,14,Midday,2,2,0,0.0
173,Wednesday,2,15,Evening Rush,1,1,0,0.0
173,Wednesday,2,16,Evening Rush,3,3,1,0.3333333333333333
173,Wednesday,2,17,Evening Rush,1,1,0,0.0
173,Wednesday,2,18,Evening Rush,1,1,0,0.0
174,Friday,4,6,Morning Rush,1,1,1,1.0
174,Friday,4,7,Morning Rush,1,1,0,0.0
174,Friday,4,14,Midday,1,1,0,0.0
174,Friday,4,16,Evening Rush,2,2,0,0.0
174,Friday,4,17,Evening Rush,4,4,2,0.5
174,Friday,4,22,Evening,1,1,0,0.0
174,Monday,0,7,Morning Rush,1,1,1,1.0
174,Monday,0,9,Morning Rush,2,2,0,0.0
174,Monday,0,15,Evening Rush,1,1,1,1.0
174,Monday,0,17,Evening Rush,3,3,0,0.0
174,Monday,0,18,Evening Rush,1,1,0,0.0
174,Monday,0,23,Evening,1,1,0,0.0
174,Saturday,5,7,Morning Rush,1,1,0,0.0
174,Saturday,5,14,Midday,1,1,0,0.0
174,Saturday,5,15,Evening Rush,1,1,0,0.0
174,Saturday,5,18,Evening Rush,2,2,0,0.0
174,Saturday,5,20,Evening,1,1,1,1.0
174,Saturday,5,22,Evening,1,1,0,0.0
174,Saturday,5,23,Evening,1,1,1,1.0
174,Sunday,6,0,Night,1,1,0,0.0
174,Sunday,6,10,Midday,2,2,0,0.0
174,Sunday,6,15,Evening Rush,1,1,0,0.0
174,Sunday,6,17,Evening Rush,1,1,1,1.0
174,Sunday,6,21,Evening,1,1,0,0.0
174,Thursday,3,9,Morning Rush,1,1,0,0.0
174,Thursday,3,12,Midday,2,2,1,0.5
174,Thursday,3,14,Midday,1,1,0,0.0
174,Thursday,3,15,Evening Rush,2,2,0,0.0
174,Thursday,3,17,Evening Rush,1,1,1,1.0
174,Thursday,3,18,Evening Rush,2,2,1,0.5
174,Thursday,3,23,Evening,1,1,0,0.0
174,Tuesday,1,0,Night,2,2,2,1.0
174,Tuesday,1,7,Morning Rush,2,2,1,0.5
174,Tuesday,1,8,Morning Rush,1,1,1,1.0
174,Tuesday,1,17,Evening Rush,2,2,1,0.5
174,Tuesday,1,18,Evening Rush,1,1,0,0.0
174,Tuesday,1,23,Evening,1,1,1,1.0
174,Wednesday,2,5,Night,1,1,1,1.0
174,Wednesday,2,8,Morning Rush,4,4,2,0.5
174,Wednesday,2,9,Morning Rush,1,1,1,1.0
174,Wednesday,2,10,Midday,2,2,1,0.5
174,Wednesday,2,12,Midday,1,1,1,1.0
174,Wednesday,2,15,Evening Rush,2,2,1,0.5
174,Wednesday,2,17,Evening Rush,1,1,1,1.0
174,Wednesday,2,18,Evening Rush,1,1,1,1.0
174,Wednesday,2,22,Evening,1,1,0,0.0
174,Wednesday,2,23,Evening,1,1,0,0.0
175,Friday,4,12,Midday,1,1,0,0.0
175,Friday,4,15,Evening Rush,1,1,0,0.0
175,Friday,4,16,Evening Rush,1,1,0,0.0
175,Friday,4,18,Evening Rush,1,1,1,1.0
175,Friday,4,23,Evening,1,1,1,1.0
175,Monday,0,9,Morning Rush,1,1,0,0.0
175,Monday,0,15,Evening Rush,1,1,0,0.0
175,Saturday,5,3,Night,1,1,0,0.0
175,Saturday,5,16,Evening Rush,1,1,0,0.0
175,Saturday,5,20,Evening,1,1,0,0.0
175,Saturday,5,22,Evening,1,1,1,1.0
175,Sunday,6,9,Morning Rush,1,1,0,0.0
175,Sunday,6,11,Midday,1,1,1,1.0
175,Sunday,6,13,Midday,2,2,0,0.0
175,Sunday,6,16,Evening Rush,1,1,0,0.0
175,Thursday,3,7,Morning Rush,1,1,0,0.0
175,Thursday,3,11,Midday,1,1,0,0.0
175,Thursday,3,13,Midday,1,1,0,0.0
175,Thursday,3,14,Midday,1,1,1,1.0
175,Thursday,3,19,Evening,4,4,3,0.75
175,Tuesday,1,7,Morning Rush,1,1,0,0.0
175,Tuesday,1,16,Evening Rush,1,1,0,0.0
175,Tuesday,1,18,Evening Rush,3,3,0,0.0
175,Wednesday,2,8,Morning Rush,1,1,0,0.0
175,Wednesday,2,13,Midday,1,1,0,0.0
175,Wednesday,2,15,Evening Rush,1,1,0,0.0
175,Wednesday,2,17,Evening Rush,1,1,0,0.0
175,Wednesday,2,19,Evening,1,1,0,0.0
176,Friday,4,4,Night,1,1,0,0.0
176,Friday,4,6,Morning Rush,1,1,1,1.0
176,Friday,4,9,Morning Rush,1,1,0,0.0
176,Friday,4,10,Midday,1,1,0,0.0
176,Friday,4,12,Midday,1,1,0,0.0
176,Friday,4,13,Midday,1,1,0,0.0
176,Friday,4,18,Evening Rush,1,1,0,0.0
176,Friday,4,19,Evening,1,1,0,0.0
176,Friday,4,20,Evening,1,1,0,0.0
176,Friday,4,21,Evening,1,1,1,1.0
176,Friday,4,22,Evening,2,2,0,0.0
176,Monday,0,7,Morning Rush,1,1,1,1.0
176,Monday,0,10,Midday,1,1,0,0.0
176,Monday,0,15,Evening Rush,4,4,0,0.0
176,Monday,0,16,Evening Rush,1,1,1,1.0
176,Monday,0,17,Evening Rush,4,4,1,0.25
176,Monday,0,18,Evening Rush,1,1,1,1.0
176,Monday,0,21,Evening,1,1,0,0.0
176,Saturday,5,6,Morning Rush,1,1,1,1.0
176,Saturday,5,7,Morning Rush,1,1,0,0.0
176,Saturday,5,10,Midday,1,1,0,0.0
176,Saturday,5,12,Midday,1,1,0,0.0
176,Saturday,5,14,Midday,1,1,0,0.0
176,Saturday,5,15,Evening Rush,1,1,0,0.0
176,Saturday,5,16,Evening Rush,1,1,0,0.0
176,Saturday,5,17,Evening Rush,2,2,2,1.0
176,Saturday,5,19,Evening,1,1,1,1.0
176,Saturday,5,21,Evening,1,1,1,1.0
176,Saturday,5,23,Evening,1,1,0,0.0
176,Sunday,6,0,Night,1,1,0,0.0
176,Sunday,6,9,Morning Rush,1,1,0,0.0
176,Sunday,6,15,Evening Rush,1,1,0,0.0
176,Sunday,6,18,Evening Rush,1,1,0,0.0
176,Sunday,6,22,Evening,1,1,1,1.0
176,Thursday,3,5,Night,2,2,2,1.0
176,Thursday,3,6,Morning Rush,1,1,1,1.0
176,Thursday,3,7,Morning Rush,1,1,0,0.0
176,Thursday,3,8,Morning Rush,3,3,1,0.3333333333333333
176,Thursday,3,9,Morning Rush,1,1,1,1.0
176,Thursday,3,12,Midday,2,2,2,1.0
176,Thursday,3,16,Evening Rush,2,2,1,0.5
176,Tuesday,1,7,Morning Rush,1,1,0,0.0
176,Tuesday,1,8,Morning Rush,1,1,1,1.0
176,Tuesday,1,9,Morning Rush,1,1,0,0.0
176,Tuesday,1,11,Midday,1,1,1,1.0
176,Tuesday,1,16,Evening Rush,1,1,0,0.0
176,Tuesday,1,17,Evening Rush,2,2,2,1.0
176,Tuesday,1,22,Evening,2,2,0,0.0
176,Wednesday,2,0,Night,1,1,0,0.0
176,Wednesday,2,5,Night,1,1,0,0.0
176,Wednesday,2,7,Morning Rush,2,2,1,0.5
176,Wednesday,2,9,Morning Rush,1,1,1,1.0
176,Wednesday,2,12,Midday,3,3,1,0.3333333333333333
176,Wednesday,2,13,Midday,1,1,0,0.0
176,Wednesday,2,16,Evening Rush,1,1,0,0.0
176,Wednesday,2,17,Evening Rush,1,1,1,1.0
176,Wednesday,2,18,Evening Rush,1,1,0,0.0
176,Wednesday,2,19,Evening,2,2,0,0.0
177,Friday,4,6,Morning Rush,1,1,0,0.0
177,Friday,4,12,Midday,1,1,0,0.0
177,Friday,4,13,Midday,1,1,1,1.0
177,Friday,4,16,Evening Rush,1,1,1,1.0
177,Friday,4,17,Evening Rush,1,1,0,0.0
177,Friday,4,20,Evening,1,1,0,0.0
177,Friday,4,22,Evening,1,1,0,0.0
177,Monday,0,8,Morning Rush,1,1,1,1.0
177,Monday,0,14,Midday,2,2,1,0.5
177,Monday,0,15,Evening Rush,2,2,0,0.0
177,Monday,0,17,Evening Rush,3,3,0,0.0
177,Saturday,5,13,Midday,1,1,1,1.0
177,Saturday,5,15,Evening Rush,1,1,1,1.0
177,Saturday,5,17,Evening Rush,1,1,0,0.0
177,Saturday,5,18,Evening Rush,1,1,0,0.0
177,Saturday,5,22,Evening,1,1,0,0.0
177,Sunday,6,11,Midday,1,1,1,1.0
177,Sunday,6,13,Midday,1,1,0,0.0
177,Sunday,6,20,Evening,2,2,0,0.0
177,Thursday,3,12,Midday,1,1,1,1.0
177,Thursday,3,13,Midday,1,1,1,1.0
177,Thursday,3,15,Evening Rush,2,2,1,0.5
177,Thursday,3,16,Evening Rush,1,1,0,0.0
177,Thursday,3,17,Evening Rush,1,1,0,0.0
177,Thursday,3,18,Evening Rush,1,1,0,0.0
177,Thursday,3,19,Evening,1,1,1,1.0
177,Tuesday,1,7,Morning Rush,1,1,1,1.0
177,Tuesday,1,9,Morning Rush,1,1,0,0.0
177,Tuesday,1,16,Evening Rush,3,3,3,1.0
177,Tuesday,1,21,Evening,1,1,0,0.0
177,Wednesday,2,6,Morning Rush,3,3,0,0.0
177,Wednesday,2,10,Midday,1,1,0,0.0
177,Wednesday,2,12,Midday,1,1,1,1.0
177,Wednesday,2,18,Evening Rush,1,1,0,0.0
178,Friday,4,5,Night,1,1,0,0.0
178,Friday,4,9,Morning Rush,1,1,0,0.0
178,Friday,4,15,Evening Rush,1,1,0,0.0
178,Monday,0,11,Midday,1,1,0,0.0
178,Monday,0,16,Evening Rush,1,1,0,0.0
178,Monday,0,17,Evening Rush,1,1,0,0.0
178,Monday,0,18,Evening Rush,1,1,1,1.0
178,Monday,0,23,Evening,1,1,0,0.0
178,Saturday,5,5,Night,1,1,0,0.0
178,Saturday,5,14,Midday,2,2,1,0.5
178,Saturday,5,15,Evening Rush,1,1,0,0.0
178,Sunday,6,1,Night,1,1,0,0.0
178,Sunday,6,3,Night,1,1,1,1.0
178,Sunday,6,8,Morning Rush,1,1,0,0.0
178,Sunday,6,22,Evening,1,1,0,0.0
178,Thursday,3,9,Morning Rush,1,1,1,1.0
178,Thursday,3,17,Evening Rush,1,1,1,1.0
178,Thursday,3,22,Evening,1,1,0,0.0
178,Tuesday,1,18,Evening Rush,1,1,0,0.0
178,Wednesday,2,17,Evening Rush,1,1,0,0.0
179,Friday,4,6,Morning Rush,1,1,1,1.0
179,Friday,4,13,Midday,1,1,0,0.0
179,Friday,4,17,Evening Rush,1,1,0,0.0
179,Friday,4,19,Evening,1,1,1,1.0
179,Friday,4,20,Evening,1,1,0,0.0
179,Monday,0,6,Morning Rush,2,2,1,0.5
179,Monday,0,14,Midday,1,1,0,0.0
179,Monday,0,17,Evening Rush,1,1,0,0.0
179,Saturday,5,6,Morning Rush,1,1,0,0.0
179,Saturday,5,13,Midday,2,2,0,0.0
179,Saturday,5,14,Midday,1,1,0,0.0
179,Saturday,5,16,Evening Rush,1,1,0,0.0
179,Saturday,5,18,Evening Rush,1,1,0,0.0
179,Saturday,5,20,Evening,1,1,0,0.0
179,Sunday,6,13,Midday,2,2,0,0.0
179,Sunday,6,15,Evening Rush,2,2,0,0.0
179,Sunday,6,16,Evening Rush,1,1,1,1.0
179,Sunday,6,22,Evening,1,1,0,0.0
179,Thursday,3,8,Morning Rush,2,2,1,0.5
179,Thursday,3,11,Midday,1,1,1,1.0
179,Thursday,3,13,Midday,1,1,0,0.0
179,Thursday,3,17,Evening Rush,1,1,1,1.0
179,Thursday,3,18,Evening Rush,1,1,1,1.0
179,Thursday,3,19,Evening,1,1,0,0.0
179,Thursday,3,20,Evening,2,2,1,0.5
179,Tuesday,1,8,Morning Rush,1,1,1,1.0
179,Tuesday,1,10,Midday,1,1,1,1.0
179,Tuesday,1,15,Evening Rush,2,2,2,1.0
179,Tuesday,1,18,Evening Rush,1,1,1,1.0
179,Tuesday,1,22,Evening,1,1,1,1.0
179,Wednesday,2,6,Morning Rush,2,2,1,0.5
179,Wednesday,2,8,Morning Rush,1,1,1,1.0
179,Wednesday,2,10,Midday,2,2,2,1.0
179,Wednesday,2,16,Evening Rush,2,2,0,0.0
179,Wednesday,2,17,Evening Rush,1,1,0,0.0
179,Wednesday,2,20,Evening,1,1,1,1.0
179,Wednesday,2,21,Evening,1,1,0,0.0
180,Friday,4,6,Morning Rush,1,1,1,1.0
180,Friday,4,8,Morning Rush,1,1,1,1.0
180,Friday,4,9,Morning Rush,1,1,0,0.0
180,Friday,4,13,Midday,1,1,1,1.0
180,Friday,4,15,Evening Rush,1,1,1,1.0
180,Friday,4,16,Evening Rush,1,1,0,0.0
180,Friday,4,17,Evening Rush,1,1,0,0.0
180,Friday,4,18,Evening Rush,1,1,0,0.0
180,Friday,4,19,Evening,1,1,1,1.0
180,Friday,4,21,Evening,2,2,1,0.5
180,Friday,4,23,Evening,1,1,1,1.0
180,Monday,0,2,Night,1,1,1,1.0
180,Monday,0,10,Midday,1,1,1,1.0
180,Monday,0,13,Midday,2,2,1,0.5
180,Monday,0,14,Midday,2,2,0,0.0
180,Monday,0,16,Evening Rush,1,1,0,0.0
180,Monday,0,17,Evening Rush,3,3,0,0.0
180,Monday,0,18,Evening Rush,2,2,0,0.0
180,Saturday,5,0,Night,1,1,0,0.0
180,Saturday,5,8,Morning Rush,2,2,2,1.0
180,Saturday,5,9,Morning Rush,1,1,1,1.0
180,Saturday,5,10,Midday,1,1,0,0.0
180,Saturday,5,12,Midday,1,1,0,0.0
180,Saturday,5,13,Midday,1,1,0,0.0
180,Saturday,5,15,Evening Rush,1,1,0,0.0
180,Saturday,5,17,Evening Rush,2,2,2,1.0
180,Saturday,5,18,Evening Rush,1,1,0,0.0
180,Saturday,5,20,Evening,2,2,2,1.0
180,Saturday,5,23,Evening,3,3,0,0.0
180,Sunday,6,12,Midday,1,1,0,0.0
180,Sunday,6,13,Midday,1,1,1,1.0
180,Sunday,6,14,Midday,1,1,1,1.0
180,Sunday,6,16,Evening Rush,1,1,1,1.0
180,Sunday,6,19,Evening,1,1,0,0.0
180,Thursday,3,2,Night,1,1,0,0.0
180,Thursday,3,10,Midday,1,1,0,0.0
180,Thursday,3,12,Midday,1,1,1,1.0
180,Thursday,3,13,Midday,1,1,1,1.0
180,Thursday,3,14,Midday,1,1,0,0.0
180,Thursday,3,16,Evening Rush,1,1,0,0.0
180,Thursday,3,17,Evening Rush,2,2,1,0.5
180,Thursday,3,21,Evening,1,1,0,0.0
180,Tuesday,1,6,Morning Rush,1,1,1,1.0
180,Tuesday,1,7,Morning Rush,1,1,0,0.0
180,Tuesday,1,9,Morning Rush,1,1,1,1.0
180,Tuesday,1,11,Midday,1,1,0,0.0
180,Tuesday,1,15,Evening Rush,1,1,0,0.0
180,Tuesday,1,16,Evening Rush,1,1,1,1.0
180,Tuesday,1,18,Evening Rush,1,1,1,1.0
180,Tuesday,1,19,Evening,1,1,1,1.0
180,Wednesday,2,0,Night,1,1,1,1.0
180,Wednesday,2,7,Morning Rush,1,1,0,0.0
180,Wednesday,2,8,Morning Rush,2,2,2,1.0
180,Wednesday,2,9,Morning Rush,2,2,0,0.0
180,Wednesday,2,11,Midday,1,1,0,0.0
180,Wednesday,2,12,Midday,1,1,0,0.0
180,Wednesday,2,13,Midday,2,2,0,0.0
180,Wednesday,2,15,Evening Rush,2,2,0,0.0
180,Wednesday,2,16,Evening Rush,1,1,0,0.0
180,Wednesday,2,17,Evening Rush,2,2,1,0.5
180,Wednesday,2,19,Evening,1,1,0,0.0
181,Friday,4,0,Night,1,1,0,0.0
181,Friday,4,1,Night,1,1,0,0.0
181,Friday,4,10,Midday,1,1,0,0.0
181,Friday,4,11,Midday,1,1,0,0.0
181,Friday,4,13,Midday,1,1,0,0.0
181,Friday,4,16,Evening Rush,1,1,1,1.0
181,Monday,0,14,Midday,1,1,0,0.0
181,Monday,0,18,Evening Rush,1,1,0,0.0
181,Monday,0,21,Evening,1,1,0,0.0
181,Saturday,5,1,Night,1,1,0,0.0
181,Saturday,5,15,Evening Rush,1,1,1,1.0
181,Sunday,6,3,Night,1,1,0,0.0
181,Sunday,6,12,Midday,1,1,0,0.0
181,Thursday,3,7,Morning Rush,1,1,1,1.0
181,Thursday,3,9,Morning Rush,1,1,0,0.0
181,Thursday,3,11,Midday,1,1,0,0.0
181,Thursday,3,13,Midday,1,1,0,0.0
181,Thursday,3,16,Evening Rush,1,1,1,1.0
181,Tuesday,1,6,Morning Rush,1,1,0,0.0
181,Wednesday,2,19,Evening,2,2,1,0.5
182,Friday,4,8,Morning Rush,1,1,1,1.0
182,Friday,4,10,Midday,1,1,0,0.0
182,Friday,4,12,Midday,1,1,0,0.0
182,Friday,4,14,Midday,1,1,0,0.0
182,Friday,4,15,Evening Rush,2,2,0,0.0
182,Friday,4,16,Evening Rush,1,1,1,1.0
182,Friday,4,18,Evening Rush,1,1,0,0.0
182,Friday,4,19,Evening,1,1,1,1.0
182,Monday,0,9,Morning Rush,1,1,1,1.0
182,Monday,0,11,Midday,1,1,0,0.0
182,Monday,0,14,Midday,1,1,0,0.0
182,Monday,0,15,Evening Rush,1,1,0,0.0
182,Monday,0,16,Evening Rush,1,1,1,1.0
182,Monday,0,19,Evening,1,1,1,1.0
182,Saturday,5,8,Morning Rush,1,1,0,0.0
182,Saturday,5,17,Evening Rush,1,1,0,0.0
182,Thursday,3,15,Evening Rush,1,1,1,1.0
182,Thursday,3,16,Evening Rush,2,2,0,0.0
182,Thursday,3,17,Evening Rush,1,1,1,1.0
182,Thursday,3,20,Evening,1,1,0,0.0
182,Tuesday,1,6,Morning Rush,1,1,0,0.0
182,Tuesday,1,19,Evening,1,1,1,1.0
182,Tuesday,1,22,Evening,1,1,0,0.0
182,Wednesday,2,12,Midday,1,1,0,0.0
183,Friday,4,7,Morning Rush,1,1,1,1.0
183,Friday,4,8,Morning Rush,2,2,2,1.0
183,Friday,4,9,Morning Rush,1,1,1,1.0
183,Friday,4,10,Midday,1,1,0,0.0
183,Friday,4,12,Midday,1,1,0,0.0
183,Friday,4,14,Midday,4,4,1,0.25
183,Friday,4,16,Evening Rush,3,3,1,0.3333333333333333
183,Friday,4,20,Evening,1,1,0,0.0
183,Monday,0,5,Night,1,1,0,0.0
183,Monday,0,7,Morning Rush,1,1,0,0.0
183,Monday,0,10,Midday,1,1,0,0.0
183,Monday,0,12,Midday,2,2,0,0.0
183,Monday,0,13,Midday,2,2,1,0.5
183,Monday,0,14,Midday,1,1,0,0.0
183,Monday,0,16,Evening Rush,5,5,0,0.0
183,Monday,0,17,Evening Rush,1,1,1,1.0
183,Monday,0,20,Evening,1,1,0,0.0
183,Saturday,5,8,Morning Rush,2,2,1,0.5
183,Saturday,5,18,Evening Rush,2,2,2,1.0
183,Saturday,5,22,Evening,1,1,0,0.0
183,Sunday,6,14,Midday,3,3,2,0.6666666666666666
183,Sunday,6,15,Evening Rush,1,1,1,1.0
183,Sunday,6,17,Evening Rush,1,1,0,0.0
183,Thursday,3,5,Night,2,2,1,0.5
183,Thursday,3,7,Morning Rush,2,2,1,0.5
183,Thursday,3,8,Morning Rush,1,1,0,0.0
183,Thursday,3,9,Morning Rush,2,2,1,0.5
183,Thursday,3,13,Midday,1,1,0,0.0
183,Thursday,3,16,Evening Rush,2,2,1,0.5
183,Thursday,3,17,Evening Rush,1,1,1,1.0
183,Thursday,3,18,Evening Rush,1,1,0,0.0
183,Thursday,3,21,Evening,1,1,0,0.0
183,Thursday,3,23,Evening,1,1,0,0.0
183,Tuesday,1,6,Morning Rush,1,1,0,0.0
183,Tuesday,1,7,Morning Rush,1,1,1,1.0
183,Tuesday,1,9,Morning Rush,1,1,1,1.0
183,Tuesday,1,10,Midday,1,1,0,0.0
183,Tuesday,1,11,Midday,1,1,0,0.0
183,Tuesday,1,15,Evening Rush,2,2,0,0.0
183,Tuesday,1,17,Evening Rush,1,1,1,1.0
183,Wednesday,2,7,Morning Rush,2,2,2,1.0
183,Wednesday,2,8,Morning Rush,2,2,1,0.5
183,Wednesday,2,9,Morning Rush,1,1,1,1.0
183,Wednesday,2,10,Midday,1,1,1,1.0
183,Wednesday,2,11,Midday,3,3,1,0.3333333333333333
183,Wednesday,2,12,Midday,2,2,1,0.5
183,Wednesday,2,14,Midday,1,1,1,1.0
183,Wednesday,2,15,Evening Rush,2,2,2,1.0
183,Wednesday,2,16,Evening Rush,2,2,1,0.5
183,Wednesday,2,17,Evening Rush,1,1,0,0.0
183,Wednesday,2,18,Evening Rush,2,2,1,0.5
183,Wednesday,2,19,Evening,1,1,0,0.0
183,Wednesday,2,20,Evening,1,1,0,0.0
183,Wednesday,2,21,Evening,1,1,1,1.0
184,Friday,4,8,Morning Rush,1,1,0,0.0
184,Friday,4,9,Morning Rush,1,1,1,1.0
184,Friday,4,10,Midday,1,1,0,0.0
184,Friday,4,11,Midday,1,1,1,1.0
184,Friday,4,12,Midday,1,1,1,1.0
184,Friday,4,14,Midday,1,1,0,0.0
184,Friday,4,16,Evening Rush,1,1,0,0.0
184,Friday,4,17,Evening Rush,1,1,1,1.0
184,Friday,4,18,Evening Rush,1,1,0,0.0
184,Friday,4,19,Evening,1,1,1,1.0
184,Friday,4,23,Evening,1,1,0,0.0
184,Monday,0,2,Night,1,1,0,0.0
184,Monday,0,9,Morning Rush,1,1,1,1.0
184,Monday,0,13,Midday,1,1,1,1.0
184,Monday,0,17,Evening Rush,1,1,0,0.0
184,Monday,0,18,Evening Rush,1,1,0,0.0
184,Monday,0,19,Evening,1,1,0,0.0
184,Monday,0,20,Evening,1,1,0,0.0
184,Monday,0,21,Evening,1,1,1,1.0
184,Saturday,5,11,Midday,1,1,1,1.0
184,Saturday,5,12,Midday,1,1,0,0.0
184,Saturday,5,13,Midday,1,1,0,0.0
184,Saturday,5,15,Evening Rush,1,1,0,0.0
184,Saturday,5,16,Evening Rush,1,1,1,1.0
184,Saturday,5,19,Evening,2,2,1,0.5
184,Saturday,5,20,Evening,1,1,1,1.0
184,Sunday,6,1,Night,1,1,1,1.0
184,Sunday,6,3,Night,1,1,1,1.0
184,Sunday,6,14,Midday,1,1,0,0.0
184,Sunday,6,15,Evening Rush,2,2,0,0.0
184,Sunday,6,17,Evening Rush,1,1,1,1.0
184,Sunday,6,18,Evening Rush,1,1,1,1.0
184,Thursday,3,7,Morning Rush,1,1,1,1.0
184,Thursday,3,8,Morning Rush,1,1,1,1.0
184,Thursday,3,10,Midday,2,2,2,1.0
184,Thursday,3,13,Midday,1,1,0,0.0
184,Thursday,3,18,Evening Rush,1,1,0,0.0
184,Thursday,3,19,Evening,2,2,0,0.0
184,Thursday,3,20,Evening,1,1,1,1.0
184,Tuesday,1,8,Morning Rush,1,1,0,0.0
184,Tuesday,1,9,Morning Rush,1,1,1,1.0
184,Tuesday,1,10,Midday,2,2,1,0.5
184,Tuesday,1,12,Midday,1,1,0,0.0
184,Tuesday,1,13,Midday,1,1,0,0.0
184,Tuesday,1,15,Evening Rush,1,1,1,1.0
184,Tuesday,1,16,Evening Rush,1,1,0,0.0
184,Tuesday,1,17,Evening Rush,2,2,0,0.0
184,Tuesday,1,20,Evening,1,1,0,0.0
184,Wednesday,2,7,Morning Rush,1,1,1,1.0
184,Wednesday,2,9,Morning Rush,2,2,1,0.5
184,Wednesday,2,15,Evening Rush,2,2,0,0.0
185,Friday,4,0,Night,1,1,1,1.0
185,Friday,4,6,Morning Rush,1,1,0,0.0
185,Friday,4,7,Morning Rush,1,1,0,0.0
185,Friday,4,9,Morning Rush,3,3,2,0.6666666666666666
185,Friday,4,11,Midday,3,3,1,0.3333333333333333
185,Friday,4,12,Midday,3,3,0,0.0
185,Friday,4,13,Midday,1,1,0,0.0
185,Friday,4,14,Midday,2,2,1,0.5
185,Friday,4,15,Evening Rush,1,1,0,0.0
185,Friday,4,16,Evening Rush,4,4,2,0.5
185,Friday,4,17,Evening Rush,2,2,0,0.0
185,Friday,4,18,Evening Rush,2,2,1,0.5
185,Friday,4,19,Evening,4,4,2,0.5
185,Friday,4,20,Evening,1,1,0,0.0
185,Friday,4,21,Evening,4,4,0,0.0
185,Friday,4,22,Evening,1,1,1,1.0
185,Friday,4,23,Evening,1,1,1,1.0
185,Monday,0,2,Night,1,1,0,0.0
185,Monday,0,3,Night,1,1,0,0.0
185,Monday,0,6,Morning Rush,2,2,2,1.0
185,Monday,0,7,Morning Rush,4,4,3,0.75
185,Monday,0,8,Morning Rush,1,1,0,0.0
185,Monday,0,10,Midday,1,1,0,0.0
185,Monday,0,13,Midday,1,1,0,0.0
185,Monday,0,14,Midday,1,1,0,0.0
185,Monday,0,15,Evening Rush,4,4,0,0.0
185,Monday,0,16,Evening Rush,4,4,2,0.5
185,Monday,0,17,Evening Rush,9,9,2,0.2222222222222222
185,Monday,0,18,Evening Rush,6,6,4,0.6666666666666666
185,Monday,0,23,Evening,1,1,1,1.0
185,Saturday,5,2,Night,1,1,1,1.0
185,Saturday,5,8,Morning Rush,1,1,1,1.0
185,Saturday,5,9,Morning Rush,1,1,1,1.0
185,Saturday,5,11,Midday,1,1,1,1.0
185,Saturday,5,13,Midday,5,5,3,0.6
185,Saturday,5,14,Midday,8,8,3,0.375
185,Saturday,5,15,Evening Rush,5,5,1,0.2
185,Saturday,5,16,Evening Rush,2,2,0,0.0
185,Saturday,5,17,Evening Rush,9,9,2,0.2222222222222222
185,Saturday,5,18,Evening Rush,6,6,2,0.3333333333333333
185,Saturday,5,20,Evening,3,3,1,0.3333333333333333
185,Saturday,5,23,Evening,1,1,0,0.0
185,Sunday,6,10,Midday,1,1,1,1.0
185,Sunday,6,11,Midday,1,1,0,0.0
185,Sunday,6,12,Midday,2,2,0,0.0
185,Sunday,6,13,Midday,3,3,0,0.0
185,Sunday,6,14,Midday,2,2,1,0.5
185,Sunday,6,15,Evening Rush,2,2,0,0.0
185,Sunday,6,16,Evening Rush,1,1,0,0.0
185,Sunday,6,17,Evening Rush,1,1,1,1.0
185,Sunday,6,18,Evening Rush,1,1,1,1.0
185,Sunday,6,19,Evening,1,1,0,0.0
185,Sunday,6,22,Evening,1,1,0,0.0
185,Thursday,3,0,Night,1,1,1,1.0
185,Thursday,3,7,Morning Rush,7,7,1,0.14285714285714285
185,Thursday,3,8,Morning Rush,2,2,1,0.5
185,Thursday,3,9,Morning Rush,4,4,0,0.0
185,Thursday,3,10,Midday,1,1,1,1.0
185,Thursday,3,11,Midday,2,2,0,0.0
185,Thursday,3,12,Midday,2,2,0,0.0
185,Thursday,3,14,Midday,7,7,4,0.5714285714285714
185,Thursday,3,15,Evening Rush,7,7,3,0.42857142857142855
185,Thursday,3,16,Evening Rush,4,4,0,0.0
185,Thursday,3,17,Evening Rush,5,5,1,0.2
185,Thursday,3,18,Evening Rush,1,1,0,0.0
185,Thursday,3,19,Evening,3,3,1,0.3333333333333333
185,Thursday,3,20,Evening,1,1,0,0.0
185,Thursday,3,21,Evening,2,2,0,0.0
185,Thursday,3,22,Evening,1,1,0,0.0
185,Tuesday,1,2,Night,1,1,1,1.0
185,Tuesday,1,3,Night,1,1,1,1.0
185,Tuesday,1,5,Night,1,1,0,0.0
185,Tuesday,1,6,Morning Rush,4,4,0,0.0
185,Tuesday,1,7,Morning Rush,13,13,6,0.46153846153846156
185,Tuesday,1,8,Morning Rush,5,5,5,1.0
185,Tuesday,1,9,Morning Rush,1,1,0,0.0
185,Tuesday,1,10,Midday,2,2,0,0.0
185,Tuesday,1,11,Midday,1,1,1,1.0
185,Tuesday,1,14,Midday,1,1,0,0.0
185,Tuesday,1,15,Evening Rush,6,6,1,0.16666666666666666
185,Tuesday,1,16,Evening Rush,2,2,1,0.5
185,Tuesday,1,18,Evening Rush,2,2,1,0.5
185,Tuesday,1,19,Evening,1,1,0,0.0
185,Tuesday,1,20,Evening,2,2,0,0.0
185,Tuesday,1,21,Evening,1,1,0,0.0
185,Tuesday,1,22,Evening,1,1,1,1.0
185,Wednesday,2,6,Morning Rush,4,4,1,0.25
185,Wednesday,2,7,Morning Rush,3,3,2,0.6666666666666666
185,Wednesday,2,8,Morning Rush,2,2,1,0.5
185,Wednesday,2,9,Morning Rush,1,1,1,1.0
185,Wednesday,2,10,Midday,1,1,1,1.0
185,Wednesday,2,11,Midday,1,1,0,0.0
185,Wednesday,2,13,Midday,1,1,1,1.0
185,Wednesday,2,14,Midday,1,1,1,1.0
185,Wednesday,2,15,Evening Rush,5,5,1,0.2
185,Wednesday,2,16,Evening Rush,4,4,0,0.0
185,Wednesday,2,17,Evening Rush,6,6,2,0.3333333333333333
185,Wednesday,2,18,Evening Rush,5,5,1,0.2
185,Wednesday,2,23,Evening,1,1,0,0.0
186,Friday,4,7,Morning Rush,1,1,0,0.0
186,Friday,4,16,Evening Rush,1,1,0,0.0
186,Friday,4,17,Evening Rush,1,1,0,0.0
186,Friday,4,19,Evening,2,2,1,0.5
186,Friday,4,22,Evening,1,1,0,0.0
186,Monday,0,8,Morning Rush,1,1,1,1.0
186,Monday,0,14,Midday,1,1,1,1.0
186,Monday,0,16,Evening Rush,3,3,1,0.3333333333333333
186,Monday,0,18,Evening Rush,1,1,0,0.0
186,Monday,0,20,Evening,1,1,0,0.0
186,Saturday,5,0,Night,1,1,1,1.0
186,Saturday,5,4,Night,3,3,0,0.0
186,Saturday,5,11,Midday,1,1,0,0.0
186,Saturday,5,16,Evening Rush,1,1,0,0.0
186,Sunday,6,5,Night,1,1,0,0.0
186,Sunday,6,8,Morning Rush,1,1,1,1.0
186,Sunday,6,9,Morning Rush,1,1,1,1.0
186,Sunday,6,10,Midday,1,1,1,1.0
186,Sunday,6,13,Midday,1,1,1,1.0
186,Sunday,6,14,Midday,1,1,0,0.0
186,Sunday,6,19,Evening,1,1,1,1.0
186,Sunday,6,20,Evening,1,1,1,1.0
186,Sunday,6,21,Evening,1,1,0,0.0
186,Thursday,3,7,Morning Rush,1,1,1,1.0
186,Thursday,3,8,Morning Rush,1,1,1,1.0
186,Thursday,3,10,Midday,1,1,0,0.0
186,Thursday,3,18,Evening Rush,1,1,0,0.0
186,Thursday,3,21,Evening,1,1,0,0.0
186,Tuesday,1,4,Night,1,1,1,1.0
186,Tuesday,1,7,Morning Rush,1,1,0,0.0
186,Tuesday,1,8,Morning Rush,1,1,1,1.0
186,Tuesday,1,12,Midday,1,1,1,1.0
186,Tuesday,1,22,Evening,1,1,1,1.0
186,Wednesday,2,8,Morning Rush,1,1,1,1.0
186,Wednesday,2,9,Morning Rush,1,1,1,1.0
186,Wednesday,2,11,Midday,1,1,1,1.0
186,Wednesday,2,14,Midday,1,1,0,0.0
186,Wednesday,2,16,Evening Rush,1,1,1,1.0
186,Wednesday,2,18,Evening Rush,2,2,1,0.5
187,Friday,4,4,Night,1,1,0,0.0
187,Friday,4,8,Morning Rush,2,2,1,0.5
187,Friday,4,9,Morning Rush,1,1,0,0.0
187,Friday,4,14,Midday,1,1,1,1.0
187,Friday,4,16,Evening Rush,2,2,1,0.5
187,Friday,4,19,Evening,4,4,1,0.25
187,Friday,4,20,Evening,1,1,1,1.0
187,Friday,4,21,Evening,1,1,1,1.0
187,Monday,0,7,Morning Rush,1,1,1,1.0
187,Monday,0,8,Morning Rush,1,1,1,1.0
187,Monday,0,10,Midday,1,1,1,1.0
187,Monday,0,12,Midday,1,1,0,0.0
187,Monday,0,15,Evening Rush,3,3,2,0.6666666666666666
187,Monday,0,17,Evening Rush,1,1,0,0.0
187,Monday,0,18,Evening Rush,2,2,0,0.0
187,Saturday,5,1,Night,1,1,0,0.0
187,Saturday,5,5,Night,1,1,1,1.0
187,Saturday,5,9,Morning Rush,1,1,1,1.0
187,Saturday,5,10,Midday,1,1,0,0.0
187,Saturday,5,15,Evening Rush,1,1,1,1.0
187,Saturday,5,16,Evening Rush,1,1,1,1.0
187,Saturday,5,22,Evening,2,2,1,0.5
187,Sunday,6,1,Night,1,1,0,0.0
187,Sunday,6,6,Morning Rush,1,1,1,1.0
187,Sunday,6,12,Midday,2,2,1,0.5
187,Sunday,6,13,Midday,1,1,1,1.0
187,Sunday,6,14,Midday,1,1,0,0.0
187,Sunday,6,16,Evening Rush,1,1,0,0.0
187,Sunday,6,19,Evening,3,3,1,0.3333333333333333
187,Thursday,3,3,Night,1,1,0,0.0
187,Thursday,3,7,Morning Rush,1,1,1,1.0
187,Thursday,3,8,Morning Rush,1,1,0,0.0
187,Thursday,3,12,Midday,1,1,0,0.0
187,Tuesday,1,5,Night,1,1,1,1.0
187,Tuesday,1,7,Morning Rush,1,1,0,0.0
187,Tuesday,1,8,Morning Rush,1,1,0,0.0
187,Tuesday,1,9,Morning Rush,2,2,1,0.5
187,Tuesday,1,12,Midday,1,1,0,0.0
187,Tuesday,1,14,Midday,1,1,0,0.0
187,Tuesday,1,17,Evening Rush,1,1,0,0.0
187,Tuesday,1,18,Evening Rush,1,1,1,1.0
187,Tuesday,1,21,Evening,2,2,2,1.0
187,Wednesday,2,4,Night,1,1,0,0.0
187,Wednesday,2,9,Morning Rush,1,1,1,1.0
187,Wednesday,2,11,Midday,1,1,1,1.0
187,Wednesday,2,19,Evening,1,1,1,1.0
187,Wednesday,2,20,Evening,1,1,1,1.0
188,Friday,4,11,Midday,1,1,1,1.0
188,Friday,4,12,Midday,1,1,1,1.0
188,Friday,4,14,Midday,1,1,0,0.0
188,Monday,0,7,Morning Rush,1,1,0,0.0
188,Monday,0,9,Morning Rush,1,1,1,1.0
188,Monday,0,14,Midday,1,1,0,0.0
188,Monday,0,15,Evening Rush,1,1,1,1.0
188,Monday,0,19,Evening,1,1,1,1.0
188,Saturday,5,20,Evening,1,1,1,1.0
188,Sunday,6,4,Night,1,1,0,0.0
188,Sunday,6,8,Morning Rush,1,1,1,1.0
188,Sunday,6,19,Evening,1,1,0,0.0
188,Thursday,3,10,Midday,1,1,1,1.0
188,Thursday,3,11,Midday,1,1,0,0.0
188,Thursday,3,13,Midday,1,1,0,0.0
188,Thursday,3,16,Evening Rush,1,1,0,0.0
188,Tuesday,1,15,Evening Rush,1,1,0,0.0
188,Tuesday,1,16,Evening Rush,1,1,0,0.0
188,Wednesday,2,12,Midday,1,1,0,0.0
188,Wednesday,2,18,Evening Rush,1,1,0,0.0
189,Friday,4,9,Morning Rush,1,1,0,0.0
189,Friday,4,11,Midday,1,1,0,0.0
189,Friday,4,16,Evening Rush,1,1,0,0.0
189,Friday,4,17,Evening Rush,1,1,0,0.0
189,Friday,4,18,Evening Rush,1,1,0,0.0
189,Monday,0,6,Morning Rush,1,1,1,1.0
189,Monday,0,15,Evening Rush,1,1,1,1.0
189,Monday,0,17,Evening Rush,2,2,2,1.0
189,Saturday,5,5,Night,1,1,1,1.0
189,Saturday,5,9,Morning Rush,2,2,0,0.0
189,Saturday,5,18,Evening Rush,1,1,0,0.0
189,Saturday,5,21,Evening,1,1,0,0.0
189,Sunday,6,18,Evening Rush,1,1,0,0.0
189,Sunday,6,19,Evening,1,1,0,0.0
189,Sunday,6,20,Evening,1,1,1,1.0
189,Thursday,3,9,Morning Rush,1,1,0,0.0
189,Thursday,3,12,Midday,1,1,0,0.0
189,Thursday,3,16,Evening Rush,1,1,0,0.0
189,Thursday,3,18,Evening Rush,1,1,0,0.0
189,Tuesday,1,8,Morning Rush,1,1,1,1.0
189,Tuesday,1,9,Morning Rush,1,1,1,1.0
189,Wednesday,2,10,Midday,1,1,1,1.0
189,Wednesday,2,11,Midday,1,1,1,1.0
189,Wednesday,2,12,Midday,1,1,0,0.0
189,Wednesday,2,18,Evening Rush,1,1,1,1.0
189,Wednesday,2,21,Evening,1,1,0,0.0
190,Friday,4,1,Night,1,1,0,0.0
190,Friday,4,8,Morning Rush,2,2,0,0.0
190,Friday,4,12,Midday,1,1,0,0.0
190,Friday,4,16,Evening Rush,1,1,0,0.0
190,Friday,4,23,Evening,1,1,1,1.0
190,Monday,0,7,Morning Rush,1,1,0,0.0
190,Monday,0,9,Morning Rush,2,2,0,0.0
190,Monday,0,11,Midday,1,1,0,0.0
190,Monday,0,12,Midday,1,1,0,0.0
190,Monday,0,14,Midday,1,1,0,0.0
190,Monday,0,16,Evening Rush,1,1,1,1.0
190,Monday,0,19,Evening,1,1,1,1.0
190,Monday,0,21,Evening,1,1,0,0.0
190,Saturday,5,3,Night,1,1,0,0.0
190,Saturday,5,14,Midday,1,1,0,0.0
190,Saturday,5,19,Evening,1,1,1,1.0
190,Sunday,6,0,Night,1,1,1,1.0
190,Sunday,6,7,Morning Rush,1,1,0,0.0
190,Sunday,6,11,Midday,1,1,0,0.0
190,Sunday,6,19,Evening,1,1,1,1.0
190,Sunday,6,23,Evening,1,1,0,0.0
190,Thursday,3,0,Night,1,1,0,0.0
190,Thursday,3,1,Night,1,1,1,1.0
190,Thursday,3,2,Night,1,1,0,0.0
190,Thursday,3,11,Midday,1,1,1,1.0
190,Thursday,3,13,Midday,1,1,1,1.0
190,Thursday,3,15,Evening Rush,1,1,1,1.0
190,Thursday,3,21,Evening,1,1,0,0.0
190,Tuesday,1,10,Midday,1,1,1,1.0
190,Tuesday,1,14,Midday,1,1,1,1.0
190,Tuesday,1,22,Evening,2,2,2,1.0
190,Wednesday,2,9,Morning Rush,1,1,0,0.0
190,Wednesday,2,17,Evening Rush,1,1,1,1.0
190,Wednesday,2,20,Evening,1,1,0,0.0
190,Wednesday,2,22,Evening,1,1,0,0.0
190,Wednesday,2,23,Evening,1,1,0,0.0
191,Friday,4,6,Morning Rush,1,1,1,1.0
191,Friday,4,13,Midday,1,1,1,1.0
191,Friday,4,14,Midday,1,1,1,1.0
191,Friday,4,16,Evening Rush,1,1,0,0.0
191,Friday,4,17,Evening Rush,1,1,0,0.0
191,Monday,0,9,Morning Rush,1,1,1,1.0
191,Monday,0,10,Midday,1,1,1,1.0
191,Monday,0,13,Midday,3,3,0,0.0
191,Monday,0,17,Evening Rush,1,1,1,1.0
191,Monday,0,20,Evening,2,2,1,0.5
191,Saturday,5,7,Morning Rush,1,1,0,0.0
191,Saturday,5,13,Midday,2,2,0,0.0
191,Saturday,5,16,Evening Rush,1,1,0,0.0
191,Saturday,5,17,Evening Rush,2,2,0,0.0
191,Saturday,5,20,Evening,1,1,0,0.0
191,Sunday,6,5,Night,3,3,0,0.0
191,Sunday,6,15,Evening Rush,1,1,0,0.0
191,Thursday,3,9,Morning Rush,1,1,0,0.0
191,Thursday,3,11,Midday,1,1,0,0.0
191,Thursday,3,20,Evening,1,1,0,0.0
191,Thursday,3,23,Evening,1,1,1,1.0
191,Tuesday,1,0,Night,1,1,0,0.0
191,Tuesday,1,10,Midday,2,2,0,0.0
191,Tuesday,1,11,Midday,2,2,2,1.0
191,Tuesday,1,12,Midday,1,1,0,0.0
191,Tuesday,1,16,Evening Rush,1,1,1,1.0
191,Tuesday,1,19,Evening,1,1,0,0.0
191,Tuesday,1,20,Evening,1,1,0,0.0
191,Wednesday,2,1,Night,1,1,1,1.0
191,Wednesday,2,6,Morning Rush,1,1,1,1.0
191,Wednesday,2,11,Midday,2,2,1,0.5
191,Wednesday,2,13,Midday,3,3,0,0.0
191,Wednesday,2,14,Midday,2,2,0,0.0
191,Wednesday,2,16,Evening Rush,1,1,0,0.0
192,Friday,4,6,Morning Rush,1,1,1,1.0
192,Friday,4,13,Midday,1,1,0,0.0
192,Friday,4,14,Midday,2,2,1,0.5
192,Friday,4,17,Evening Rush,1,1,0,0.0
192,Friday,4,18,Evening Rush,1,1,0,0.0
192,Friday,4,19,Evening,1,1,0,0.0
192,Friday,4,23,Evening,2,2,2,1.0
192,Monday,0,8,Morning Rush,1,1,0,0.0
192,Monday,0,9,Morning Rush,2,2,1,0.5
192,Monday,0,16,Evening Rush,1,1,1,1.0
192,Saturday,5,17,Evening Rush,1,1,1,1.0
192,Saturday,5,18,Evening Rush,1,1,1,1.0
192,Sunday,6,10,Midday,1,1,1,1.0
192,Sunday,6,15,Evening Rush,1,1,0,0.0
192,Thursday,3,9,Morning Rush,1,1,1,1.0
192,Thursday,3,15,Evening Rush,1,1,1,1.0
192,Thursday,3,17,Evening Rush,1,1,0,0.0
192,Thursday,3,18,Evening Rush,1,1,1,1.0
192,Thursday,3,19,Evening,2,2,0,0.0
192,Thursday,3,20,Evening,1,1,0,0.0
192,Thursday,3,21,Evening,1,1,0,0.0
192,Tuesday,1,7,Morning Rush,1,1,0,0.0
192,Tuesday,1,8,Morning Rush,1,1,1,1.0
192,Tuesday,1,10,Midday,2,2,0,0.0
192,Tuesday,1,11,Midday,1,1,1,1.0
192,Tuesday,1,12,Midday,1,1,1,1.0
192,Tuesday,1,15,Evening Rush,1,1,0,0.0
192,Tuesday,1,17,Evening Rush,2,2,2,1.0
192,Tuesday,1,18,Evening Rush,1,1,0,0.0
192,Wednesday,2,7,Morning Rush,1,1,1,1.0
192,Wednesday,2,8,Morning Rush,1,1,0,0.0
192,Wednesday,2,11,Midday,1,1,0,0.0
192,Wednesday,2,12,Midday,1,1,1,1.0
192,Wednesday,2,14,Midday,1,1,1,1.0
192,Wednesday,2,20,Evening,1,1,0,0.0
193,Friday,4,2,Night,1,1,0,0.0
193,Friday,4,7,Morning Rush,1,1,0,0.0
193,Friday,4,13,Midday,1,1,0,0.0
193,Friday,4,17,Evening Rush,1,1,1,1.0
193,Friday,4,18,Evening Rush,1,1,0,0.0
193,Monday,0,13,Midday,1,1,0,0.0
193,Saturday,5,0,Night,1,1,1,1.0
193,Saturday,5,1,Night,1,1,0,0.0
193,Saturday,5,2,Night,1,1,1,1.0
193,Saturday,5,10,Midday,1,1,0,0.0
193,Saturday,5,14,Midday,1,1,0,0.0
193,Sunday,6,0,Night,1,1,1,1.0
193,Sunday,6,1,Night,1,1,0,0.0
193,Sunday,6,13,Midday,1,1,0,0.0
193,Thursday,3,13,Midday,1,1,1,1.0
193,Thursday,3,19,Evening,2,2,1,0.5
193,Tuesday,1,8,Morning Rush,1,1,0,0.0
193,Tuesday,1,9,Morning Rush,1,1,0,0.0
193,Tuesday,1,12,Midday,1,1,1,1.0
193,Wednesday,2,6,Morning Rush,1,1,0,0.0
193,Wednesday,2,15,Evening Rush,2,2,1,0.5
193,Wednesday,2,16,Evening Rush,1,1,0,0.0
193,Wednesday,2,22,Evening,1,1,0,0.0
193,Wednesday,2,23,Evening,1,1,0,0.0
194,Friday,4,12,Midday,1,1,1,1.0
194,Friday,4,15,Evening Rush,1,1,1,1.0
194,Friday,4,16,Evening Rush,1,1,1,1.0
194,Friday,4,18,Evening Rush,1,1,1,1.0
194,Friday,4,22,Evening,1,1,0,0.0
194,Friday,4,23,Evening,2,2,2,1.0
194,Monday,0,5,Night,2,2,0,0.0
194,Monday,0,7,Morning Rush,1,1,1,1.0
194,Monday,0,8,Morning Rush,1,1,0,0.0
194,Monday,0,13,Midday,1,1,0,0.0
194,Monday,0,21,Evening,1,1,0,0.0
194,Saturday,5,1,Night,1,1,0,0.0
194,Saturday,5,12,Midday,1,1,1,1.0
194,Saturday,5,14,Midday,1,1,0,0.0
194,Saturday,5,18,Evening Rush,1,1,1,1.0
194,Saturday,5,20,Evening,2,2,2,1.0
194,Sunday,6,10,Midday,1,1,0,0.0
194,Sunday,6,12,Midday,1,1,1,1.0
194,Sunday,6,15,Evening Rush,2,2,0,0.0
194,Thursday,3,7,Morning Rush,1,1,0,0.0
194,Thursday,3,9,Morning Rush,1,1,0,0.0
194,Thursday,3,11,Midday,1,1,1,1.0
194,Thursday,3,15,Evening Rush,2,2,1,0.5
194,Thursday,3,16,Evening Rush,1,1,0,0.0
194,Thursday,3,21,Evening,1,1,1,1.0
194,Tuesday,1,6,Morning Rush,1,1,1,1.0
194,Tuesday,1,7,Morning Rush,1,1,1,1.0
194,Tuesday,1,10,Midday,3,3,3,1.0
194,Tuesday,1,11,Midday,1,1,1,1.0
194,Tuesday,1,15,Evening Rush,1,1,1,1.0
194,Tuesday,1,16,Evening Rush,2,2,1,0.5
194,Wednesday,2,4,Night,1,1,1,1.0
194,Wednesday,2,7,Morning Rush,2,2,1,0.5
194,Wednesday,2,8,Morning Rush,1,1,1,1.0
194,Wednesday,2,9,Morning Rush,4,4,3,0.75
194,Wednesday,2,10,Midday,2,2,2,1.0
194,Wednesday,2,11,Midday,1,1,1,1.0
194,Wednesday,2,12,Midday,1,1,1,1.0
194,Wednesday,2,16,Evening Rush,1,1,0,0.0
194,Wednesday,2,17,Evening Rush,2,2,1,0.5
194,Wednesday,2,22,Evening,1,1,1,1.0
195,Friday,4,0,Night,2,2,2,1.0
195,Friday,4,15,Evening Rush,2,2,1,0.5
195,Friday,4,16,Evening Rush,1,1,0,0.0
195,Friday,4,19,Evening,1,1,0,0.0
195,Friday,4,21,Evening,1,1,0,0.0
195,Monday,0,3,Night,1,1,1,1.0
195,Monday,0,6,Morning Rush,1,1,0,0.0
195,Monday,0,7,Morning Rush,2,2,1,0.5
195,Monday,0,11,Midday,4,4,0,0.0
195,Monday,0,12,Midday,1,1,0,0.0
195,Monday,0,13,Midday,1,1,0,0.0
195,Monday,0,14,Midday,2,2,1,0.5
195,Monday,0,15,Evening Rush,1,1,0,0.0
195,Monday,0,16,Evening Rush,1,1,1,1.0
195,Monday,0,17,Evening Rush,1,1,0,0.0
195,Monday,0,18,Evening Rush,3,3,1,0.3333333333333333
195,Monday,0,20,Evening,1,1,0,0.0
195,Monday,0,21,Evening,2,2,1,0.5
195,Saturday,5,0,Night,2,2,1,0.5
195,Saturday,5,2,Night,1,1,0,0.0
195,Saturday,5,4,Night,1,1,0,0.0
195,Saturday,5,10,Midday,1,1,0,0.0
195,Saturday,5,12,Midday,1,1,0,0.0
195,Saturday,5,13,Midday,1,1,0,0.0
195,Saturday,5,17,Evening Rush,1,1,0,0.0
195,Saturday,5,18,Evening Rush,3,3,1,0.3333333333333333
195,Saturday,5,19,Evening,1,1,1,1.0
195,Sunday,6,3,Night,1,1,0,0.0
195,Sunday,6,4,Night,1,1,0,0.0
195,Sunday,6,7,Morning Rush,1,1,0,0.0
195,Sunday,6,8,Morning Rush,1,1,0,0.0
195,Sunday,6,11,Midday,1,1,0,0.0
195,Sunday,6,12,Midday,2,2,0,0.0
195,Sunday,6,14,Midday,2,2,1,0.5
195,Sunday,6,16,Evening Rush,1,1,0,0.0
195,Sunday,6,17,Evening Rush,1,1,0,0.0
195,Sunday,6,18,Evening Rush,5,5,1,0.2
195,Thursday,3,3,Night,2,2,0,0.0
195,Thursday,3,5,Night,2,2,2,1.0
195,Thursday,3,7,Morning Rush,1,1,1,1.0
195,Thursday,3,8,Morning Rush,2,2,1,0.5
195,Thursday,3,9,Morning Rush,1,1,0,0.0
195,Thursday,3,14,Midday,1,1,0,0.0
195,Thursday,3,15,Evening Rush,1,1,0,0.0
195,Thursday,3,16,Evening Rush,2,2,2,1.0
195,Thursday,3,17,Evening Rush,1,1,0,0.0
195,Thursday,3,18,Evening Rush,1,1,1,1.0
195,Thursday,3,19,Evening,1,1,0,0.0
195,Tuesday,1,7,Morning Rush,1,1,1,1.0
195,Tuesday,1,8,Morning Rush,3,3,2,0.6666666666666666
195,Tuesday,1,14,Midday,2,2,0,0.0
195,Tuesday,1,16,Evening Rush,2,2,1,0.5
195,Tuesday,1,17,Evening Rush,4,4,2,0.5
195,Tuesday,1,18,Evening Rush,2,2,2,1.0
195,Tuesday,1,21,Evening,2,2,2,1.0
195,Tuesday,1,22,Evening,1,1,0,0.0
195,Wednesday,2,2,Night,1,1,0,0.0
195,Wednesday,2,7,Morning Rush,1,1,0,0.0
195,Wednesday,2,9,Morning Rush,1,1,0,0.0
195,Wednesday,2,10,Midday,1,1,0,0.0
195,Wednesday,2,13,Midday,1,1,0,0.0
195,Wednesday,2,20,Evening,1,1,0,0.0
195,Wednesday,2,21,Evening,1,1,0,0.0
196,Friday,4,0,Night,1,1,0,0.0
196,Friday,4,7,Morning Rush,1,1,0,0.0
196,Friday,4,9,Morning Rush,1,1,0,0.0
196,Friday,4,11,Midday,2,2,1,0.5
196,Friday,4,13,Midday,1,1,0,0.0
196,Friday,4,14,Midday,1,1,0,0.0
196,Friday,4,15,Evening Rush,1,1,0,0.0
196,Friday,4,17,Evening Rush,1,1,0,0.0
196,Friday,4,20,Evening,1,1,1,1.0
196,Friday,4,21,Evening,2,2,0,0.0
196,Monday,0,9,Morning Rush,1,1,0,0.0
196,Monday,0,11,Midday,1,1,0,0.0
196,Monday,0,13,Midday,1,1,0,0.0
196,Monday,0,15,Evening Rush,1,1,1,1.0
196,Monday,0,20,Evening,2,2,2,1.0
196,Saturday,5,2,Night,2,2,0,0.0
196,Saturday,5,3,Night,1,1,0,0.0
196,Saturday,5,4,Night,1,1,1,1.0
196,Saturday,5,11,Midday,1,1,0,0.0
196,Saturday,5,13,Midday,3,3,1,0.3333333333333333
196,Saturday,5,14,Midday,1,1,0,0.0
196,Saturday,5,16,Evening Rush,2,2,0,0.0
196,Saturday,5,17,Evening Rush,1,1,1,1.0
196,Saturday,5,18,Evening Rush,2,2,0,0.0
196,Saturday,5,20,Evening,1,1,0,0.0
196,Saturday,5,22,Evening,1,1,0,0.0
196,Sunday,6,3,Night,1,1,0,0.0
196,Sunday,6,4,Night,1,1,1,1.0
196,Sunday,6,15,Evening Rush,1,1,0,0.0
196,Sunday,6,16,Evening Rush,1,1,0,0.0
196,Sunday,6,17,Evening Rush,2,2,1,0.5
196,Sunday,6,18,Evening Rush,2,2,1,0.5
196,Sunday,6,19,Evening,2,2,1,0.5
196,Sunday,6,20,Evening,1,1,0,0.0
196,Sunday,6,22,Evening,1,1,0,0.0
196,Thursday,3,0,Night,1,1,0,0.0
196,Thursday,3,1,Night,1,1,0,0.0
196,Thursday,3,4,Night,1,1,0,0.0
196,Thursday,3,5,Night,1,1,0,0.0
196,Thursday,3,15,Evening Rush,2,2,0,0.0
196,Thursday,3,16,Evening Rush,1,1,0,0.0
196,Thursday,3,17,Evening Rush,1,1,0,0.0
196,Thursday,3,19,Evening,1,1,0,0.0
196,Thursday,3,20,Evening,1,1,0,0.0
196,Thursday,3,23,Evening,1,1,1,1.0
196,Tuesday,1,8,Morning Rush,2,2,1,0.5
196,Tuesday,1,9,Morning Rush,2,2,1,0.5
196,Tuesday,1,13,Midday,1,1,1,1.0
196,Tuesday,1,14,Midday,1,1,0,0.0
196,Tuesday,1,15,Evening Rush,1,1,1,1.0
196,Tuesday,1,16,Evening Rush,1,1,1,1.0
196,Tuesday,1,19,Evening,1,1,0,0.0
196,Tuesday,1,21,Evening,2,2,1,0.5
196,Wednesday,2,10,Midday,1,1,1,1.0
196,Wednesday,2,11,Midday,1,1,0,0.0
196,Wednesday,2,13,Midday,1,1,0,0.0
196,Wednesday,2,14,Midday,1,1,0,0.0
196,Wednesday,2,15,Evening Rush,1,1,1,1.0
196,Wednesday,2,16,Evening Rush,2,2,1,0.5
196,Wednesday,2,17,Evening Rush,1,1,0,0.0
196,Wednesday,2,18,Evening Rush,1,1,1,1.0
196,Wednesday,2,19,Evening,1,1,0,0.0
196,Wednesday,2,20,Evening,1,1,0,0.0
196,Wednesday,2,21,Evening,1,1,1,1.0
197,Friday,4,7,Morning Rush,1,1,1,1.0
197,Friday,4,12,Midday,3,3,2,0.6666666666666666
197,Friday,4,15,Evening Rush,2,2,2,1.0
197,Friday,4,16,Evening Rush,1,1,1,1.0
197,Friday,4,18,Evening Rush,1,1,0,0.0
197,Monday,0,8,Morning Rush,1,1,1,1.0
197,Monday,0,9,Morning Rush,1,1,1,1.0
197,Monday,0,16,Evening Rush,1,1,0,0.0
197,Monday,0,17,Evening Rush,1,1,0,0.0
197,Saturday,5,17,Evening Rush,1,1,1,1.0
197,Saturday,5,18,Evening Rush,1,1,0,0.0
197,Sunday,6,15,Evening Rush,1,1,0,0.0
197,Sunday,6,16,Evening Rush,1,1,0,0.0
197,Thursday,3,10,Midday,1,1,1,1.0
197,Thursday,3,16,Evening Rush,1,1,1,1.0
197,Thursday,3,18,Evening Rush,1,1,0,0.0
197,Thursday,3,23,Evening,1,1,1,1.0
197,Tuesday,1,10,Midday,1,1,0,0.0
197,Tuesday,1,14,Midday,1,1,0,0.0
197,Tuesday,1,15,Evening Rush,1,1,0,0.0
197,Tuesday,1,16,Evening Rush,1,1,0,0.0
197,Tuesday,1,18,Evening Rush,1,1,0,0.0
197,Wednesday,2,8,Morning Rush,1,1,1,1.0
197,Wednesday,2,14,Midday,1,1,1,1.0
197,Wednesday,2,18,Evening Rush,1,1,1,1.0
197,Wednesday,2,21,Evening,1,1,0,0.0
198,Friday,4,10,Midday,1,1,0,0.0
198,Friday,4,14,Midday,1,1,0,0.0
198,Friday,4,15,Evening Rush,1,1,0,0.0
198,Friday,4,16,Evening Rush,1,1,0,0.0
198,Friday,4,17,Evening Rush,1,1,0,0.0
198,Friday,4,19,Evening,1,1,0,0.0
198,Friday,4,23,Evening,1,1,0,0.0
198,Monday,0,8,Morning Rush,1,1,1,1.0
198,Monday,0,12,Midday,1,1,1,1.0
198,Monday,0,16,Evening Rush,1,1,1,1.0
198,Monday,0,17,Evening Rush,4,4,2,0.5
198,Monday,0,20,Evening,1,1,0,0.0
198,Saturday,5,8,Morning Rush,1,1,1,1.0
198,Saturday,5,12,Midday,1,1,1,1.0
198,Saturday,5,13,Midday,1,1,0,0.0
198,Saturday,5,14,Midday,1,1,0,0.0
198,Saturday,5,20,Evening,1,1,0,0.0
198,Sunday,6,16,Evening Rush,1,1,1,1.0
198,Thursday,3,9,Morning Rush,3,3,2,0.6666666666666666
198,Thursday,3,11,Midday,1,1,1,1.0
198,Thursday,3,13,Midday,1,1,0,0.0
198,Thursday,3,14,Midday,1,1,0,0.0
198,Thursday,3,16,Evening Rush,1,1,0,0.0
198,Thursday,3,17,Evening Rush,1,1,0,0.0
198,Thursday,3,18,Evening Rush,1,1,1,1.0
198,Thursday,3,19,Evening,1,1,0,0.0
198,Thursday,3,20,Evening,1,1,0,0.0
198,Thursday,3,22,Evening,1,1,0,0.0
198,Tuesday,1,9,Morning Rush,1,1,0,0.0
198,Tuesday,1,21,Evening,1,1,1,1.0
198,Wednesday,2,11,Midday,1,1,0,0.0
198,Wednesday,2,15,Evening Rush,1,1,1,1.0
198,Wednesday,2,19,Evening,1,1,0,0.0
198,Wednesday,2,22,Evening,1,1,1,1.0
199,Friday,4,5,Night,1,1,1,1.0
199,Friday,4,11,Midday,2,2,1,0.5
199,Friday,4,12,Midday,1,1,1,1.0
199,Friday,4,14,Midday,1,1,0,0.0
199,Friday,4,15,Evening Rush,2,2,1,0.5
199,Friday,4,16,Evening Rush,1,1,0,0.0
199,Friday,4,18,Evening Rush,3,3,0,0.0
199,Friday,4,19,Evening,1,1,0,0.0
199,Friday,4,20,Evening,1,1,1,1.0
199,Friday,4,21,Evening,1,1,1,1.0
199,Friday,4,22,Evening,1,1,1,1.0
199,Monday,0,4,Night,1,1,1,1.0
199,Monday,0,11,Midday,1,1,1,1.0
199,Monday,0,12,Midday,2,2,0,0.0
199,Monday,0,14,Midday,2,2,0,0.0
199,Monday,0,15,Evening Rush,2,2,1,0.5
199,Monday,0,16,Evening Rush,2,2,1,0.5
199,Monday,0,17,Evening Rush,3,3,1,0.3333333333333333
199,Monday,0,18,Evening Rush,1,1,0,0.0
199,Monday,0,19,Evening,1,1,0,0.0
199,Monday,0,20,Evening,1,1,0,0.0
199,Monday,0,21,Evening,1,1,0,0.0
199,Monday,0,23,Evening,3,3,1,0.3333333333333333
199,Saturday,5,2,Night,1,1,0,0.0
199,Saturday,5,8,Morning Rush,1,1,0,0.0
199,Saturday,5,11,Midday,1,1,0,0.0
199,Saturday,5,12,Midday,1,1,0,0.0
199,Saturday,5,14,Midday,2,2,2,1.0
199,Saturday,5,15,Evening Rush,3,3,0,0.0
199,Saturday,5,16,Evening Rush,4,4,2,0.5
199,Saturday,5,19,Evening,2,2,1,0.5
199,Saturday,5,20,Evening,2,2,0,0.0
199,Saturday,5,21,Evening,1,1,0,0.0
199,Sunday,6,5,Night,1,1,1,1.0
199,Sunday,6,9,Morning Rush,1,1,0,0.0
199,Sunday,6,15,Evening Rush,1,1,1,1.0
199,Sunday,6,16,Evening Rush,1,1,0,0.0
199,Sunday,6,19,Evening,1,1,1,1.0
199,Sunday,6,20,Evening,1,1,1,1.0
199,Thursday,3,3,Night,1,1,1,1.0
199,Thursday,3,11,Midday,1,1,1,1.0
199,Thursday,3,12,Midday,1,1,0,0.0
199,Thursday,3,15,Evening Rush,1,1,0,0.0
199,Thursday,3,16,Evening Rush,1,1,1,1.0
199,Thursday,3,18,Evening Rush,2,2,2,1.0
199,Thursday,3,19,Evening,1,1,1,1.0
199,Thursday,3,21,Evening,1,1,0,0.0
199,Thursday,3,23,Evening,1,1,0,0.0
199,Tuesday,1,15,Evening Rush,2,2,0,0.0
199,Tuesday,1,16,Evening Rush,1,1,0,0.0
199,Tuesday,1,18,Evening Rush,1,1,1,1.0
199,Tuesday,1,19,Evening,1,1,0,0.0
199,Tuesday,1,20,Evening,1,1,1,1.0
199,Tuesday,1,21,Evening,2,2,0,0.0
199,Tuesday,1,23,Evening,1,1,0,0.0
199,Wednesday,2,4,Night,2,2,2,1.0
199,Wednesday,2,12,Midday,1,1,0,0.0
199,Wednesday,2,13,Midday,1,1,0,0.0
199,Wednesday,2,16,Evening Rush,1,1,0,0.0
199,Wednesday,2,17,Evening Rush,1,1,1,1.0
199,Wednesday,2,18,Evening Rush,2,2,2,1.0
199,Wednesday,2,21,Evening,2,2,0,0.0
200,Friday,4,7,Morning Rush,2,2,1,0.5
200,Friday,4,11,Midday,1,1,1,1.0
200,Friday,4,15,Evening Rush,1,1,0,0.0
200,Friday,4,22,Evening,1,1,0,0.0
200,Monday,0,15,Evening Rush,1,1,0,0.0
200,Monday,0,18,Evening Rush,1,1,1,1.0
200,Saturday,5,10,Midday,1,1,1,1.0
200,Saturday,5,11,Midday,1,1,0,0.0
200,Saturday,5,15,Evening Rush,1,1,0,0.0
200,Saturday,5,16,Evening Rush,1,1,0,0.0
200,Saturday,5,18,Evening Rush,1,1,0,0.0
200,Saturday,5,21,Evening,2,2,1,0.5
200,Saturday,5,22,Evening,1,1,1,1.0
200,Sunday,6,3,Night,1,1,0,0.0
200,Sunday,6,14,Midday,2,2,0,0.0
200,Thursday,3,5,Night,1,1,1,1.0
200,Thursday,3,14,Midday,1,1,0,0.0
200,Thursday,3,16,Evening Rush,1,1,0,0.0
200,Thursday,3,20,Evening,1,1,1,1.0
200,Thursday,3,21,Evening,1,1,0,0.0
200,Tuesday,1,10,Midday,1,1,1,1.0
200,Tuesday,1,17,Evening Rush,1,1,0,0.0
200,Wednesday,2,9,Morning Rush,1,1,0,0.0
200,Wednesday,2,16,Evening Rush,2,2,0,0.0
200,Wednesday,2,19,Evening,2,2,1,0.5
201,Friday,4,9,Morning Rush,1,1,1,1.0
201,Friday,4,12,Midday,1,1,0,0.0
201,Friday,4,14,Midday,1,1,0,0.0
201,Friday,4,18,Evening Rush,1,1,0,0.0
201,Monday,0,7,Morning Rush,1,1,1,1.0
201,Monday,0,8,Morning Rush,2,2,1,0.5
201,Monday,0,9,Morning Rush,2,2,1,0.5
201,Monday,0,12,Midday,3,3,2,0.6666666666666666
201,Monday,0,16,Evening Rush,1,1,1,1.0
201,Monday,0,17,Evening Rush,2,2,0,0.0
201,Monday,0,18,Evening Rush,1,1,0,0.0
201,Saturday,5,14,Midday,1,1,1,1.0
201,Saturday,5,19,Evening,1,1,0,0.0
201,Saturday,5,20,Evening,1,1,1,1.0
201,Saturday,5,21,Evening,1,1,0,0.0
201,Sunday,6,11,Midday,1,1,0,0.0
201,Sunday,6,14,Midday,1,1,0,0.0
201,Sunday,6,20,Evening,1,1,0,0.0
201,Sunday,6,22,Evening,2,2,1,0.5
201,Sunday,6,23,Evening,1,1,1,1.0
201,Thursday,3,8,Morning Rush,1,1,1,1.0
201,Thursday,3,16,Evening Rush,1,1,0,0.0
201,Thursday,3,17,Evening Rush,2,2,2,1.0
201,Thursday,3,18,Evening Rush,1,1,1,1.0
201,Thursday,3,21,Evening,1,1,0,0.0
201,Tuesday,1,6,Morning Rush,1,1,1,1.0
201,Tuesday,1,8,Morning Rush,1,1,0,0.0
201,Tuesday,1,9,Morning Rush,1,1,0,0.0
201,Tuesday,1,12,Midday,3,3,0,0.0
201,Tuesday,1,15,Evening Rush,1,1,0,0.0
201,Tuesday,1,16,Evening Rush,2,2,0,0.0
201,Tuesday,1,18,Evening Rush,1,1,1,1.0
201,Tuesday,1,19,Evening,1,1,0,0.0
201,Wednesday,2,11,Midday,1,1,0,0.0
201,Wednesday,2,14,Midday,1,1,0,0.0
201,Wednesday,2,16,Evening Rush,2,2,0,0.0
201,Wednesday,2,17,Evening Rush,1,1,1,1.0
201,Wednesday,2,18,Evening Rush,1,1,0,0.0
202,Friday,4,9,Morning Rush,1,1,1,1.0
202,Friday,4,12,Midday,1,1,1,1.0
202,Friday,4,18,Evening Rush,1,1,0,0.0
202,Monday,0,15,Evening Rush,1,1,1,1.0
202,Monday,0,20,Evening,1,1,0,0.0
202,Saturday,5,10,Midday,1,1,1,1.0
202,Saturday,5,11,Midday,2,2,1,0.5
202,Saturday,5,18,Evening Rush,1,1,0,0.0
202,Saturday,5,19,Evening,1,1,0,0.0
202,Saturday,5,22,Evening,1,1,0,0.0
202,Sunday,6,6,Morning Rush,1,1,1,1.0
202,Sunday,6,15,Evening Rush,2,2,0,0.0
202,Sunday,6,21,Evening,1,1,0,0.0
202,Sunday,6,22,Evening,1,1,0,0.0
202,Thursday,3,0,Night,1,1,0,0.0
202,Thursday,3,7,Morning Rush,1,1,1,1.0
202,Thursday,3,17,Evening Rush,1,1,1,1.0
202,Thursday,3,18,Evening Rush,2,2,2,1.0
202,Thursday,3,20,Evening,1,1,1,1.0
202,Tuesday,1,12,Midday,1,1,1,1.0
202,Tuesday,1,20,Evening,2,2,1,0.5
202,Wednesday,2,7,Morning Rush,1,1,1,1.0
202,Wednesday,2,15,Evening Rush,1,1,0,0.0
203,Friday,4,1,Night,1,1,0,0.0
203,Friday,4,4,Night,1,1,0,0.0
203,Friday,4,6,Morning Rush,2,2,0,0.0
203,Friday,4,8,Morning Rush,2,2,1,0.5
203,Friday,4,9,Morning Rush,2,2,2,1.0
203,Friday,4,11,Midday,2,2,0,0.0
203,Friday,4,13,Midday,2,2,1,0.5
203,Friday,4,14,Midday,1,1,0,0.0
203,Friday,4,15,Evening Rush,1,1,0,0.0
203,Friday,4,16,Evening Rush,1,1,0,0.0
203,Friday,4,17,Evening Rush,1,1,1,1.0
203,Friday,4,18,Evening Rush,3,3,3,1.0
203,Friday,4,22,Evening,1,1,0,0.0
203,Friday,4,23,Evening,1,1,0,0.0
203,Monday,0,6,Morning Rush,2,2,0,0.0
203,Monday,0,8,Morning Rush,2,2,1,0.5
203,Monday,0,13,Midday,1,1,0,0.0
203,Monday,0,15,Evening Rush,1,1,0,0.0
203,Monday,0,17,Evening Rush,1,1,0,0.0
203,Monday,0,21,Evening,2,2,0,0.0
203,Monday,0,23,Evening,1,1,0,0.0
203,Saturday,5,4,Night,1,1,0,0.0
203,Saturday,5,11,Midday,1,1,0,0.0
203,Saturday,5,13,Midday,1,1,0,0.0
203,Saturday,5,17,Evening Rush,1,1,0,0.0
203,Saturday,5,20,Evening,3,3,3,1.0
203,Saturday,5,21,Evening,2,2,0,0.0
203,Saturday,5,22,Evening,2,2,0,0.0
203,Sunday,6,14,Midday,2,2,0,0.0
203,Sunday,6,18,Evening Rush,2,2,0,0.0
203,Sunday,6,22,Evening,3,3,2,0.6666666666666666
203,Thursday,3,6,Morning Rush,1,1,1,1.0
203,Thursday,3,7,Morning Rush,4,4,3,0.75
203,Thursday,3,9,Morning Rush,1,1,1,1.0
203,Thursday,3,13,Midday,1,1,1,1.0
203,Thursday,3,16,Evening Rush,2,2,0,0.0
203,Thursday,3,17,Evening Rush,4,4,0,0.0
203,Thursday,3,18,Evening Rush,1,1,0,0.0
203,Thursday,3,19,Evening,1,1,1,1.0
203,Thursday,3,20,Evening,1,1,1,1.0
203,Thursday,3,21,Evening,1,1,1,1.0
203,Thursday,3,23,Evening,1,1,0,0.0
203,Tuesday,1,1,Night,1,1,0,0.0
203,Tuesday,1,8,Morning Rush,1,1,0,0.0
203,Tuesday,1,11,Midday,1,1,0,0.0
203,Tuesday,1,14,Midday,2,2,1,0.5
203,Tuesday,1,17,Evening Rush,2,2,1,0.5
203,Tuesday,1,18,Evening Rush,1,1,1,1.0
203,Tuesday,1,20,Evening,2,2,2,1.0
203,Wednesday,2,7,Morning Rush,3,3,2,0.6666666666666666
203,Wednesday,2,14,Midday,3,3,1,0.3333333333333333
203,Wednesday,2,15,Evening Rush,1,1,0,0.0
203,Wednesday,2,16,Evening Rush,1,1,0,0.0
203,Wednesday,2,18,Evening Rush,1,1,1,1.0
203,Wednesday,2,19,Evening,1,1,0,0.0
203,Wednesday,2,21,Evening,1,1,0,0.0
203,Wednesday,2,22,Evening,2,2,2,1.0
204,Friday,4,0,Night,1,1,1,1.0
204,Friday,4,6,Morning Rush,1,1,0,0.0
204,Friday,4,8,Morning Rush,1,1,1,1.0
204,Friday,4,10,Midday,1,1,0,0.0
204,Friday,4,14,Midday,1,1,0,0.0
204,Friday,4,15,Evening Rush,1,1,1,1.0
204,Friday,4,19,Evening,1,1,1,1.0
204,Friday,4,22,Evening,1,1,0,0.0
204,Friday,4,23,Evening,1,1,1,1.0
204,Monday,0,6,Morning Rush,1,1,1,1.0
204,Monday,0,8,Morning Rush,1,1,1,1.0
204,Monday,0,11,Midday,1,1,0,0.0
204,Monday,0,12,Midday,2,2,0,0.0
204,Monday,0,13,Midday,1,1,0,0.0
204,Monday,0,20,Evening,1,1,0,0.0
204,Saturday,5,0,Night,1,1,0,0.0
204,Saturday,5,8,Morning Rush,1,1,0,0.0
204,Saturday,5,10,Midday,1,1,0,0.0
204,Saturday,5,11,Midday,1,1,0,0.0
204,Saturday,5,14,Midday,1,1,1,1.0
204,Saturday,5,16,Evening Rush,2,2,1,0.5
204,Sunday,6,6,Morning Rush,1,1,0,0.0
204,Sunday,6,7,Morning Rush,1,1,0,0.0
204,Sunday,6,9,Morning Rush,1,1,0,0.0
204,Sunday,6,10,Midday,1,1,0,0.0
204,Sunday,6,13,Midday,1,1,0,0.0
204,Sunday,6,15,Evening Rush,1,1,0,0.0
204,Sunday,6,18,Evening Rush,1,1,0,0.0
204,Sunday,6,20,Evening,1,1,0,0.0
204,Thursday,3,16,Evening Rush,2,2,0,0.0
204,Thursday,3,20,Evening,2,2,2,1.0
204,Thursday,3,21,Evening,1,1,0,0.0
204,Tuesday,1,6,Morning Rush,2,2,2,1.0
204,Tuesday,1,7,Morning Rush,1,1,0,0.0
204,Tuesday,1,9,Morning Rush,1,1,1,1.0
204,Tuesday,1,15,Evening Rush,1,1,0,0.0
204,Tuesday,1,16,Evening Rush,1,1,1,1.0
204,Tuesday,1,18,Evening Rush,2,2,0,0.0
204,Tuesday,1,22,Evening,1,1,0,0.0
204,Wednesday,2,7,Morning Rush,1,1,1,1.0
204,Wednesday,2,12,Midday,1,1,0,0.0
204,Wednesday,2,15,Evening Rush,1,1,1,1.0
204,Wednesday,2,17,Evening Rush,2,2,0,0.0
204,Wednesday,2,18,Evening Rush,1,1,1,1.0
205,Friday,4,6,Morning Rush,1,1,1,1.0
205,Friday,4,7,Morning Rush,1,1,1,1.0
205,Friday,4,9,Morning Rush,1,1,1,1.0
205,Friday,4,10,Midday,1,1,0,0.0
205,Friday,4,11,Midday,1,1,1,1.0
205,Friday,4,12,Midday,1,1,0,0.0
205,Friday,4,13,Midday,3,3,0,0.0
205,Friday,4,14,Midday,1,1,1,1.0
205,Friday,4,16,Evening Rush,1,1,0,0.0
205,Friday,4,17,Evening Rush,2,2,2,1.0
205,Friday,4,20,Evening,1,1,1,1.0
205,Friday,4,21,Evening,2,2,0,0.0
205,Friday,4,22,Evening,4,4,3,0.75
205,Monday,0,4,Night,1,1,1,1.0
205,Monday,0,9,Morning Rush,1,1,0,0.0
205,Monday,0,10,Midday,1,1,0,0.0
205,Monday,0,12,Midday,1,1,0,0.0
205,Monday,0,13,Midday,2,2,1,0.5
205,Monday,0,15,Evening Rush,1,1,0,0.0
205,Monday,0,16,Evening Rush,3,3,2,0.6666666666666666
205,Monday,0,17,Evening Rush,3,3,1,0.3333333333333333
205,Monday,0,20,Evening,1,1,1,1.0
205,Monday,0,23,Evening,1,1,1,1.0
205,Saturday,5,3,Night,1,1,1,1.0
205,Saturday,5,10,Midday,1,1,1,1.0
205,Saturday,5,12,Midday,1,1,0,0.0
205,Saturday,5,13,Midday,2,2,1,0.5
205,Saturday,5,15,Evening Rush,1,1,0,0.0
205,Saturday,5,17,Evening Rush,2,2,1,0.5
205,Saturday,5,18,Evening Rush,3,3,3,1.0
205,Saturday,5,19,Evening,3,3,1,0.3333333333333333
205,Saturday,5,20,Evening,1,1,1,1.0
205,Saturday,5,21,Evening,3,3,1,0.3333333333333333
205,Sunday,6,0,Night,1,1,0,0.0
205,Sunday,6,16,Evening Rush,3,3,0,0.0
205,Sunday,6,17,Evening Rush,1,1,1,1.0
205,Sunday,6,18,Evening Rush,2,2,2,1.0
205,Sunday,6,19,Evening,1,1,0,0.0
205,Sunday,6,20,Evening,1,1,0,0.0
205,Thursday,3,6,Morning Rush,1,1,1,1.0
205,Thursday,3,9,Morning Rush,1,1,1,1.0
205,Thursday,3,10,Midday,1,1,1,1.0
205,Thursday,3,12,Midday,1,1,0,0.0
205,Thursday,3,15,Evening Rush,1,1,0,0.0
205,Thursday,3,17,Evening Rush,3,3,3,1.0
205,Thursday,3,18,Evening Rush,1,1,1,1.0
205,Thursday,3,20,Evening,2,2,1,0.5
205,Thursday,3,21,Evening,2,2,2,1.0
205,Thursday,3,23,Evening,1,1,1,1.0
205,Tuesday,1,6,Morning Rush,2,2,0,0.0
205,Tuesday,1,8,Morning Rush,1,1,0,0.0
205,Tuesday,1,11,Midday,1,1,1,1.0
205,Tuesday,1,12,Midday,3,3,0,0.0
205,Tuesday,1,13,Midday,3,3,1,0.3333333333333333
205,Tuesday,1,14,Midday,1,1,0,0.0
205,Tuesday,1,15,Evening Rush,1,1,0,0.0
205,Tuesday,1,16,Evening Rush,2,2,0,0.0
205,Tuesday,1,17,Evening Rush,3,3,0,0.0
205,Tuesday,1,18,Evening Rush,1,1,0,0.0
205,Tuesday,1,19,Evening,4,4,2,0.5
205,Tuesday,1,21,Evening,1,1,0,0.0
205,Wednesday,2,7,Morning Rush,1,1,1,1.0
205,Wednesday,2,8,Morning Rush,1,1,1,1.0
205,Wednesday,2,13,Midday,2,2,0,0.0
205,Wednesday,2,15,Evening Rush,1,1,1,1.0
205,Wednesday,2,16,Evening Rush,2,2,2,1.0
205,Wednesday,2,17,Evening Rush,3,3,0,0.0
205,Wednesday,2,18,Evening Rush,3,3,3,1.0
205,Wednesday,2,19,Evening,5,5,1,0.2
205,Wednesday,2,22,Evening,1,1,1,1.0
206,Friday,4,9,Morning Rush,1,1,1,1.0
206,Friday,4,11,Midday,1,1,0,0.0
206,Friday,4,13,Midday,1,1,0,0.0
206,Saturday,5,9,Morning Rush,1,1,0,0.0
206,Saturday,5,18,Evening Rush,1,1,0,0.0
206,Saturday,5,19,Evening,1,1,1,1.0
206,Saturday,5,21,Evening,1,1,0,0.0
206,Saturday,5,23,Evening,1,1,0,0.0
206,Sunday,6,10,Midday,1,1,0,0.0
206,Sunday,6,11,Midday,1,1,0,0.0
206,Thursday,3,1,Night,1,1,1,1.0
206,Thursday,3,8,Morning Rush,1,1,0,0.0
206,Thursday,3,14,Midday,1,1,0,0.0
206,Thursday,3,18,Evening Rush,1,1,0,0.0
206,Thursday,3,20,Evening,1,1,1,1.0
206,Tuesday,1,7,Morning Rush,1,1,1,1.0
206,Tuesday,1,18,Evening Rush,1,1,0,0.0
206,Wednesday,2,1,Night,1,1,1,1.0
206,Wednesday,2,10,Midday,1,1,0,0.0
206,Wednesday,2,11,Midday,1,1,1,1.0
206,Wednesday,2,19,Evening,1,1,0,0.0
207,Friday,4,1,Night,1,1,1,1.0
207,Friday,4,6,Morning Rush,1,1,1,1.0
207,Friday,4,8,Morning Rush,1,1,0,0.0
207,Friday,4,9,Morning Rush,1,1,1,1.0
207,Friday,4,13,Midday,1,1,0,0.0
207,Friday,4,15,Evening Rush,1,1,1,1.0
207,Friday,4,18,Evening Rush,1,1,1,1.0
207,Friday,4,21,Evening,1,1,0,0.0
207,Friday,4,22,Evening,1,1,0,0.0
207,Monday,0,6,Morning Rush,1,1,0,0.0
207,Monday,0,8,Morning Rush,3,3,1,0.3333333333333333
207,Monday,0,9,Morning Rush,2,2,1,0.5
207,Monday,0,13,Midday,2,2,0,0.0
207,Monday,0,14,Midday,1,1,0,0.0
207,Monday,0,18,Evening Rush,1,1,0,0.0
207,Monday,0,21,Evening,1,1,1,1.0
207,Monday,0,22,Evening,1,1,0,0.0
207,Saturday,5,11,Midday,1,1,1,1.0
207,Saturday,5,14,Midday,2,2,0,0.0
207,Saturday,5,16,Evening Rush,1,1,0,0.0
207,Saturday,5,22,Evening,1,1,0,0.0
207,Sunday,6,0,Night,1,1,0,0.0
207,Sunday,6,1,Night,1,1,0,0.0
207,Sunday,6,2,Night,1,1,1,1.0
207,Sunday,6,13,Midday,1,1,0,0.0
207,Sunday,6,14,Midday,2,2,2,1.0
207,Sunday,6,16,Evening Rush,1,1,1,1.0
207,Sunday,6,18,Evening Rush,1,1,0,0.0
207,Sunday,6,19,Evening,2,2,0,0.0
207,Thursday,3,8,Morning Rush,1,1,1,1.0
207,Thursday,3,10,Midday,1,1,0,0.0
207,Thursday,3,11,Midday,3,3,0,0.0
207,Thursday,3,12,Midday,1,1,1,1.0
207,Thursday,3,13,Midday,1,1,0,0.0
207,Thursday,3,14,Midday,2,2,1,0.5
207,Thursday,3,17,Evening Rush,1,1,0,0.0
207,Thursday,3,18,Evening Rush,2,2,1,0.5
207,Tuesday,1,0,Night,1,1,0,0.0
207,Tuesday,1,4,Night,1,1,1,1.0
207,Tuesday,1,12,Midday,1,1,0,0.0
207,Tuesday,1,13,Midday,1,1,0,0.0
207,Tuesday,1,15,Evening Rush,2,2,0,0.0
207,Tuesday,1,17,Evening Rush,4,4,0,0.0
207,Tuesday,1,21,Evening,1,1,1,1.0
207,Wednesday,2,5,Night,2,2,1,0.5
207,Wednesday,2,7,Morning Rush,1,1,0,0.0
207,Wednesday,2,8,Morning Rush,1,1,1,1.0
207,Wednesday,2,9,Morning Rush,1,1,0,0.0
207,Wednesday,2,12,Midday,2,2,2,1.0
207,Wednesday,2,13,Midday,3,3,1,0.3333333333333333
207,Wednesday,2,14,Midday,1,1,1,1.0
207,Wednesday,2,15,Evening Rush,5,5,3,0.6
207,Wednesday,2,16,Evening Rush,1,1,0,0.0
207,Wednesday,2,17,Evening Rush,4,4,1,0.25
207,Wednesday,2,19,Evening,2,2,2,1.0
207,Wednesday,2,20,Evening,1,1,0,0.0
207,Wednesday,2,22,Evening,1,1,0,0.0
208,Friday,4,10,Midday,1,1,1,1.0
208,Friday,4,16,Evening Rush,1,1,0,0.0
208,Friday,4,17,Evening Rush,1,1,1,1.0
208,Friday,4,18,Evening Rush,1,1,0,0.0
208,Friday,4,22,Evening,1,1,1,1.0
208,Monday,0,6,Morning Rush,1,1,1,1.0
208,Monday,0,7,Morning Rush,1,1,1,1.0
208,Monday,0,9,Morning Rush,2,2,0,0.0
208,Monday,0,11,Midday,2,2,2,1.0
208,Monday,0,12,Midday,1,1,1,1.0
208,Monday,0,14,Midday,1,1,1,1.0
208,Monday,0,17,Evening Rush,1,1,1,1.0
208,Monday,0,19,Evening,1,1,0,0.0
208,Monday,0,21,Evening,1,1,1,1.0
208,Saturday,5,10,Midday,1,1,1,1.0
208,Saturday,5,13,Midday,1,1,0,0.0
208,Saturday,5,14,Midday,1,1,0,0.0
208,Saturday,5,15,Evening Rush,1,1,0,0.0
208,Sunday,6,6,Morning Rush,1,1,0,0.0
208,Sunday,6,10,Midday,1,1,0,0.0
208,Sunday,6,14,Midday,2,2,0,0.0
208,Sunday,6,17,Evening Rush,1,1,1,1.0
208,Sunday,6,18,Evening Rush,1,1,1,1.0
208,Thursday,3,5,Night,1,1,1,1.0
208,Thursday,3,15,Evening Rush,3,3,0,0.0
208,Thursday,3,16,Evening Rush,1,1,1,1.0
208,Thursday,3,22,Evening,1,1,1,1.0
208,Tuesday,1,8,Morning Rush,1,1,1,1.0
208,Tuesday,1,12,Midday,2,2,0,0.0
208,Wednesday,2,5,Night,1,1,1,1.0
208,Wednesday,2,9,Morning Rush,1,1,1,1.0
208,Wednesday,2,11,Midday,1,1,0,0.0
208,Wednesday,2,14,Midday,1,1,1,1.0
208,Wednesday,2,17,Evening Rush,1,1,0,0.0
208,Wednesday,2,19,Evening,1,1,1,1.0
208,Wednesday,2,20,Evening,1,1,0,0.0
209,Friday,4,5,Night,1,1,0,0.0
209,Friday,4,6,Morning Rush,1,1,1,1.0
209,Friday,4,12,Midday,1,1,0,0.0
209,Friday,4,15,Evening Rush,1,1,1,1.0
209,Friday,4,16,Evening Rush,1,1,0,0.0
209,Friday,4,18,Evening Rush,1,1,1,1.0
209,Friday,4,19,Evening,1,1,0,0.0
209,Friday,4,20,Evening,1,1,0,0.0
209,Friday,4,21,Evening,1,1,1,1.0
209,Monday,0,7,Morning Rush,1,1,0,0.0
209,Monday,0,8,Morning Rush,1,1,1,1.0
209,Monday,0,9,Morning Rush,2,2,1,0.5
209,Monday,0,10,Midday,1,1,1,1.0
209,Monday,0,13,Midday,1,1,1,1.0
209,Monday,0,15,Evening Rush,1,1,0,0.0
209,Monday,0,16,Evening Rush,1,1,1,1.0
209,Monday,0,17,Evening Rush,1,1,0,0.0
209,Monday,0,19,Evening,1,1,0,0.0
209,Saturday,5,3,Night,1,1,0,0.0
209,Saturday,5,6,Morning Rush,1,1,1,1.0
209,Saturday,5,9,Morning Rush,1,1,0,0.0
209,Saturday,5,14,Midday,1,1,0,0.0
209,Saturday,5,20,Evening,1,1,0,0.0
209,Saturday,5,21,Evening,1,1,1,1.0
209,Sunday,6,13,Midday,1,1,0,0.0
209,Sunday,6,15,Evening Rush,1,1,0,0.0
209,Sunday,6,18,Evening Rush,1,1,1,1.0
209,Sunday,6,20,Evening,1,1,1,1.0
209,Thursday,3,8,Morning Rush,1,1,1,1.0
209,Thursday,3,10,Midday,1,1,1,1.0
209,Thursday,3,13,Midday,1,1,1,1.0
209,Thursday,3,16,Evening Rush,1,1,0,0.0
209,Tuesday,1,0,Night,2,2,1,0.5
209,Tuesday,1,6,Morning Rush,2,2,2,1.0
209,Tuesday,1,14,Midday,1,1,0,0.0
209,Tuesday,1,15,Evening Rush,1,1,0,0.0
209,Tuesday,1,16,Evening Rush,4,4,1,0.25
209,Tuesday,1,17,Evening Rush,1,1,0,0.0
209,Tuesday,1,19,Evening,1,1,0,0.0
209,Tuesday,1,20,Evening,1,1,1,1.0
209,Tuesday,1,22,Evening,1,1,0,0.0
209,Wednesday,2,6,Morning Rush,1,1,0,0.0
209,Wednesday,2,7,Morning Rush,1,1,1,1.0
209,Wednesday,2,8,Morning Rush,1,1,0,0.0
209,Wednesday,2,11,Midday,1,1,1,1.0
209,Wednesday,2,12,Midday,1,1,0,0.0
209,Wednesday,2,13,Midday,1,1,1,1.0
209,Wednesday,2,15,Evening Rush,1,1,0,0.0
209,Wednesday,2,17,Evening Rush,1,1,0,0.0
209,Wednesday,2,18,Evening Rush,2,2,0,0.0
210,Friday,4,10,Midday,2,2,1,0.5
210,Friday,4,11,Midday,1,1,1,1.0
210,Friday,4,12,Midday,2,2,0,0.0
210,Friday,4,16,Evening Rush,1,1,1,1.0
210,Friday,4,17,Evening Rush,3,3,2,0.6666666666666666
210,Friday,4,18,Evening Rush,1,1,0,0.0
210,Friday,4,19,Evening,1,1,0,0.0
210,Monday,0,8,Morning Rush,1,1,1,1.0
210,Monday,0,12,Midday,1,1,1,1.0
210,Monday,0,16,Evening Rush,2,2,0,0.0
210,Monday,0,20,Evening,1,1,0,0.0
210,Saturday,5,10,Midday,1,1,1,1.0
210,Saturday,5,11,Midday,2,2,1,0.5
210,Saturday,5,14,Midday,1,1,0,0.0
210,Saturday,5,15,Evening Rush,1,1,0,0.0
210,Saturday,5,20,Evening,1,1,0,0.0
210,Saturday,5,21,Evening,1,1,0,0.0
210,Saturday,5,22,Evening,1,1,0,0.0
210,Sunday,6,10,Midday,2,2,0,0.0
210,Sunday,6,14,Midday,1,1,1,1.0
210,Sunday,6,17,Evening Rush,2,2,0,0.0
210,Thursday,3,13,Midday,1,1,1,1.0
210,Thursday,3,14,Midday,1,1,0,0.0
210,Thursday,3,15,Evening Rush,1,1,1,1.0
210,Thursday,3,19,Evening,1,1,0,0.0
210,Tuesday,1,9,Morning Rush,1,1,0,0.0
210,Tuesday,1,11,Midday,1,1,1,1.0
210,Tuesday,1,14,Midday,1,1,0,0.0
210,Tuesday,1,16,Evening Rush,1,1,1,1.0
210,Wednesday,2,8,Morning Rush,1,1,1,1.0
210,Wednesday,2,10,Midday,1,1,1,1.0
210,Wednesday,2,14,Midday,1,1,0,0.0
210,Wednesday,2,17,Evening Rush,2,2,2,1.0
210,Wednesday,2,20,Evening,1,1,0,0.0
211,Friday,4,3,Night,1,1,0,0.0
211,Friday,4,15,Evening Rush,1,1,0,0.0
211,Friday,4,18,Evening Rush,1,1,0,0.0
211,Monday,0,9,Morning Rush,1,1,0,0.0
211,Monday,0,17,Evening Rush,3,3,1,0.3333333333333333
211,Monday,0,19,Evening,1,1,0,0.0
211,Saturday,5,5,Night,1,1,0,0.0
211,Saturday,5,16,Evening Rush,2,2,0,0.0
211,Sunday,6,5,Night,1,1,1,1.0
211,Sunday,6,15,Evening Rush,1,1,0,0.0
211,Sunday,6,17,Evening Rush,1,1,1,1.0
211,Sunday,6,19,Evening,1,1,0,0.0
211,Sunday,6,21,Evening,1,1,1,1.0
211,Thursday,3,9,Morning Rush,1,1,1,1.0
211,Thursday,3,14,Midday,1,1,0,0.0
211,Thursday,3,18,Evening Rush,1,1,0,0.0
211,Tuesday,1,15,Evening Rush,2,2,0,0.0
211,Wednesday,2,10,Midday,2,2,0,0.0
211,Wednesday,2,13,Midday,1,1,0,0.0
212,Friday,4,6,Morning Rush,1,1,1,1.0
212,Friday,4,8,Morning Rush,1,1,0,0.0
212,Friday,4,9,Morning Rush,1,1,1,1.0
212,Friday,4,20,Evening,1,1,0,0.0
212,Friday,4,21,Evening,1,1,0,0.0
212,Friday,4,22,Evening,2,2,1,0.5
212,Friday,4,23,Evening,2,2,0,0.0
212,Monday,0,6,Morning Rush,1,1,1,1.0
212,Monday,0,12,Midday,2,2,1,0.5
212,Monday,0,15,Evening Rush,1,1,1,1.0
212,Monday,0,17,Evening Rush,1,1,0,0.0
212,Monday,0,20,Evening,1,1,0,0.0
212,Monday,0,23,Evening,1,1,1,1.0
212,Saturday,5,0,Night,1,1,0,0.0
212,Saturday,5,1,Night,1,1,1,1.0
212,Saturday,5,2,Night,1,1,0,0.0
212,Saturday,5,5,Night,1,1,0,0.0
212,Saturday,5,10,Midday,2,2,1,0.5
212,Saturday,5,15,Evening Rush,1,1,0,0.0
212,Saturday,5,18,Evening Rush,1,1,0,0.0
212,Saturday,5,19,Evening,2,2,0,0.0
212,Saturday,5,23,Evening,1,1,1,1.0
212,Sunday,6,1,Night,1,1,0,0.0
212,Sunday,6,10,Midday,1,1,1,1.0
212,Sunday,6,22,Evening,1,1,0,0.0
212,Thursday,3,3,Night,1,1,0,0.0
212,Thursday,3,8,Morning Rush,1,1,0,0.0
212,Thursday,3,10,Midday,3,3,0,0.0
212,Thursday,3,13,Midday,2,2,0,0.0
212,Thursday,3,15,Evening Rush,1,1,0,0.0
212,Thursday,3,17,Evening Rush,2,2,0,0.0
212,Thursday,3,19,Evening,1,1,0,0.0
212,Thursday,3,23,Evening,3,3,1,0.3333333333333333
212,Tuesday,1,8,Morning Rush,1,1,1,1.0
212,Tuesday,1,9,Morning Rush,2,2,0,0.0
212,Tuesday,1,13,Midday,1,1,0,0.0
212,Tuesday,1,14,Midday,2,2,1,0.5
212,Wednesday,2,14,Midday,1,1,0,0.0
212,Wednesday,2,15,Evening Rush,1,1,0,0.0
212,Wednesday,2,17,Evening Rush,1,1,0,0.0
212,Wednesday,2,19,Evening,1,1,1,1.0
213,Friday,4,2,Night,1,1,0,0.0
213,Friday,4,8,Morning Rush,1,1,0,0.0
213,Friday,4,9,Morning Rush,1,1,1,1.0
213,Friday,4,17,Evening Rush,1,1,0,0.0
213,Friday,4,18,Evening Rush,1,1,0,0.0
213,Friday,4,19,Evening,1,1,0,0.0
213,Friday,4,20,Evening,1,1,0,0.0
213,Friday,4,22,Evening,1,1,0,0.0
213,Monday,0,10,Midday,2,2,2,1.0
213,Monday,0,14,Midday,1,1,0,0.0
213,Monday,0,17,Evening Rush,2,2,1,0.5
213,Monday,0,18,Evening Rush,2,2,0,0.0
213,Monday,0,19,Evening,1,1,0,0.0
213,Saturday,5,13,Midday,1,1,1,1.0
213,Saturday,5,15,Evening Rush,1,1,1,1.0
213,Saturday,5,17,Evening Rush,1,1,0,0.0
213,Saturday,5,18,Evening Rush,2,2,1,0.5
213,Saturday,5,23,Evening,2,2,2,1.0
213,Sunday,6,10,Midday,1,1,0,0.0
213,Sunday,6,15,Evening Rush,2,2,2,1.0
213,Sunday,6,17,Evening Rush,1,1,0,0.0
213,Sunday,6,18,Evening Rush,1,1,0,0.0
213,Sunday,6,20,Evening,1,1,1,1.0
213,Thursday,3,7,Morning Rush,1,1,1,1.0
213,Thursday,3,9,Morning Rush,1,1,1,1.0
213,Thursday,3,15,Evening Rush,1,1,0,0.0
213,Thursday,3,16,Evening Rush,1,1,0,0.0
213,Thursday,3,18,Evening Rush,2,2,2,1.0
213,Thursday,3,20,Evening,1,1,0,0.0
213,Tuesday,1,8,Morning Rush,1,1,1,1.0
213,Tuesday,1,11,Midday,1,1,0,0.0
213,Tuesday,1,19,Evening,2,2,2,1.0
213,Wednesday,2,9,Morning Rush,1,1,1,1.0
213,Wednesday,2,17,Evening Rush,1,1,0,0.0
213,Wednesday,2,18,Evening Rush,2,2,0,0.0
213,Wednesday,2,19,Evening,1,1,0,0.0
213,Wednesday,2,21,Evening,1,1,0,0.0
214,Friday,4,13,Midday,1,1,0,0.0
214,Friday,4,17,Evening Rush,1,1,0,0.0
214,Friday,4,18,Evening Rush,1,1,0,0.0
214,Monday,0,12,Midday,1,1,1,1.0
214,Monday,0,15,Evening Rush,1,1,0,0.0
214,Saturday,5,7,Morning Rush,1,1,1,1.0
214,Saturday,5,9,Morning Rush,1,1,0,0.0
214,Saturday,5,15,Evening Rush,1,1,0,0.0
214,Saturday,5,16,Evening Rush,1,1,0,0.0
214,Sunday,6,13,Midday,1,1,0,0.0
214,Sunday,6,14,Midday,1,1,0,0.0
214,Thursday,3,9,Morning Rush,1,1,0,0.0
214,Thursday,3,19,Evening,2,2,0,0.0
214,Thursday,3,20,Evening,1,1,0,0.0
214,Thursday,3,23,Evening,1,1,0,0.0
214,Tuesday,1,6,Morning Rush,1,1,1,1.0
214,Tuesday,1,7,Morning Rush,1,1,0,0.0
214,Tuesday,1,8,Morning Rush,1,1,0,0.0
214,Tuesday,1,9,Morning Rush,1,1,0,0.0
214,Tuesday,1,15,Evening Rush,3,3,0,0.0
214,Tuesday,1,18,Evening Rush,1,1,1,1.0
214,Wednesday,2,16,Evening Rush,1,1,0,0.0
214,Wednesday,2,18,Evening Rush,1,1,0,0.0
214,Wednesday,2,19,Evening,1,1,0,0.0
215,Friday,4,6,Morning Rush,1,1,1,1.0
215,Friday,4,7,Morning Rush,1,1,0,0.0
215,Friday,4,9,Morning Rush,1,1,0,0.0
215,Friday,4,11,Midday,1,1,0,0.0
215,Friday,4,14,Midday,1,1,0,0.0
215,Friday,4,16,Evening Rush,2,2,0,0.0
215,Friday,4,17,Evening Rush,4,4,2,0.5
215,Friday,4,18,Evening Rush,1,1,1,1.0
215,Friday,4,19,Evening,1,1,0,0.0
215,Friday,4,21,Evening,1,1,0,0.0
215,Monday,0,13,Midday,1,1,1,1.0
215,Monday,0,15,Evening Rush,1,1,1,1.0
215,Monday,0,17,Evening Rush,1,1,1,1.0
215,Monday,0,18,Evening Rush,1,1,1,1.0
215,Monday,0,22,Evening,1,1,1,1.0
215,Saturday,5,10,Midday,1,1,1,1.0
215,Saturday,5,11,Midday,1,1,0,0.0
215,Saturday,5,13,Midday,2,2,1,0.5
215,Saturday,5,15,Evening Rush,1,1,0,0.0
215,Saturday,5,16,Evening Rush,1,1,1,1.0
215,Saturday,5,17,Evening Rush,1,1,0,0.0
215,Saturday,5,18,Evening Rush,1,1,0,0.0
215,Saturday,5,19,Evening,1,1,0,0.0
215,Saturday,5,22,Evening,1,1,0,0.0
215,Sunday,6,10,Midday,1,1,1,1.0
215,Sunday,6,11,Midday,2,2,0,0.0
215,Sunday,6,14,Midday,2,2,0,0.0
215,Sunday,6,15,Evening Rush,1,1,0,0.0
215,Sunday,6,17,Evening Rush,1,1,1,1.0
215,Sunday,6,19,Evening,1,1,0,0.0
215,Thursday,3,7,Morning Rush,1,1,1,1.0
215,Thursday,3,12,Midday,1,1,0,0.0
215,Thursday,3,14,Midday,1,1,0,0.0
215,Thursday,3,15,Evening Rush,1,1,1,1.0
215,Thursday,3,16,Evening Rush,1,1,0,0.0
215,Thursday,3,17,Evening Rush,3,3,2,0.6666666666666666
215,Thursday,3,18,Evening Rush,2,2,1,0.5
215,Thursday,3,19,Evening,3,3,1,0.3333333333333333
215,Tuesday,1,14,Midday,2,2,1,0.5
215,Tuesday,1,15,Evening Rush,1,1,1,1.0
215,Tuesday,1,16,Evening Rush,2,2,0,0.0
215,Tuesday,1,17,Evening Rush,1,1,0,0.0
215,Wednesday,2,10,Midday,1,1,1,1.0
215,Wednesday,2,12,Midday,1,1,0,0.0
215,Wednesday,2,13,Midday,1,1,1,1.0
215,Wednesday,2,16,Evening Rush,1,1,0,0.0
215,Wednesday,2,17,Evening Rush,2,2,1,0.5
215,Wednesday,2,18,Evening Rush,2,2,1,0.5
215,Wednesday,2,19,Evening,4,4,1,0.25
215,Wednesday,2,20,Evening,1,1,0,0.0
216,Friday,4,5,Night,1,1,1,1.0
216,Friday,4,6,Morning Rush,2,2,0,0.0
216,Friday,4,7,Morning Rush,1,1,1,1.0
216,Friday,4,8,Morning Rush,3,3,2,0.6666666666666666
216,Friday,4,9,Morning Rush,2,2,2,1.0
216,Friday,4,10,Midday,1,1,1,1.0
216,Friday,4,11,Midday,6,6,1,0.16666666666666666
216,Friday,4,12,Midday,2,2,1,0.5
216,Friday,4,13,Midday,2,2,0,0.0
216,Friday,4,14,Midday,5,5,1,0.2
216,Friday,4,15,Evening Rush,2,2,0,0.0
216,Friday,4,16,Evening Rush,8,8,4,0.5
216,Friday,4,17,Evening Rush,5,5,2,0.4
216,Friday,4,18,Evening Rush,5,5,1,0.2
216,Friday,4,19,Evening,2,2,1,0.5
216,Friday,4,22,Evening,2,2,2,1.0
216,Friday,4,23,Evening,1,1,1,1.0
216,Monday,0,5,Night,1,1,1,1.0
216,Monday,0,6,Morning Rush,1,1,1,1.0
216,Monday,0,7,Morning Rush,3,3,2,0.6666666666666666
216,Monday,0,8,Morning Rush,2,2,0,0.0
216,Monday,0,9,Morning Rush,2,2,1,0.5
216,Monday,0,13,Midday,1,1,1,1.0
216,Monday,0,14,Midday,1,1,1,1.0
216,Monday,0,15,Evening Rush,1,1,0,0.0
216,Monday,0,16,Evening Rush,3,3,1,0.3333333333333333
216,Monday,0,17,Evening Rush,2,2,1,0.5
216,Monday,0,18,Evening Rush,1,1,0,0.0
216,Monday,0,19,Evening,2,2,1,0.5
216,Monday,0,20,Evening,1,1,1,1.0
216,Monday,0,21,Evening,1,1,1,1.0
216,Monday,0,22,Evening,2,2,0,0.0
216,Monday,0,23,Evening,1,1,1,1.0
216,Saturday,5,6,Morning Rush,1,1,1,1.0
216,Saturday,5,9,Morning Rush,1,1,1,1.0
216,Saturday,5,10,Midday,2,2,2,1.0
216,Saturday,5,12,Midday,4,4,3,0.75
216,Saturday,5,16,Evening Rush,2,2,0,0.0
216,Saturday,5,17,Evening Rush,1,1,1,1.0
216,Saturday,5,20,Evening,1,1,1,1.0
216,Saturday,5,22,Evening,2,2,0,0.0
216,Sunday,6,0,Night,3,3,3,1.0
216,Sunday,6,8,Morning Rush,1,1,0,0.0
216,Sunday,6,9,Morning Rush,1,1,1,1.0
216,Sunday,6,15,Evening Rush,2,2,0,0.0
216,Sunday,6,17,Evening Rush,2,2,0,0.0
216,Sunday,6,18,Evening Rush,1,1,0,0.0
216,Sunday,6,20,Evening,1,1,1,1.0
216,Sunday,6,22,Evening,1,1,1,1.0
216,Sunday,6,23,Evening,1,1,0,0.0
216,Thursday,3,2,Night,2,2,2,1.0
216,Thursday,3,7,Morning Rush,1,1,1,1.0
216,Thursday,3,8,Morning Rush,1,1,1,1.0
216,Thursday,3,10,Midday,1,1,1,1.0
216,Thursday,3,11,Midday,2,2,2,1.0
216,Thursday,3,12,Midday,1,1,1,1.0
216,Thursday,3,13,Midday,1,1,0,0.0
216,Thursday,3,14,Midday,3,3,1,0.3333333333333333
216,Thursday,3,15,Evening Rush,1,1,1,1.0
216,Thursday,3,16,Evening Rush,4,4,0,0.0
216,Thursday,3,18,Evening Rush,5,5,4,0.8
216,Thursday,3,19,Evening,2,2,2,1.0
216,Tuesday,1,5,Night,2,2,1,0.5
216,Tuesday,1,6,Morning Rush,4,4,4,1.0
216,Tuesday,1,7,Morning Rush,1,1,0,0.0
216,Tuesday,1,8,Morning Rush,3,3,1,0.3333333333333333
216,Tuesday,1,9,Morning Rush,1,1,1,1.0
216,Tuesday,1,10,Midday,1,1,1,1.0
216,Tuesday,1,11,Midday,1,1,1,1.0
216,Tuesday,1,12,Midday,2,2,0,0.0
216,Tuesday,1,13,Midday,2,2,2,1.0
216,Tuesday,1,14,Midday,1,1,1,1.0
216,Tuesday,1,15,Evening Rush,4,4,0,0.0
216,Tuesday,1,17,Evening Rush,4,4,1,0.25
216,Tuesday,1,20,Evening,1,1,1,1.0
216,Wednesday,2,6,Morning Rush,1,1,1,1.0
216,Wednesday,2,8,Morning Rush,2,2,1,0.5
216,Wednesday,2,9,Morning Rush,4,4,2,0.5
216,Wednesday,2,10,Midday,1,1,1,1.0
216,Wednesday,2,14,Midday,1,1,0,0.0
216,Wednesday,2,15,Evening Rush,3,3,1,0.3333333333333333
216,Wednesday,2,16,Evening Rush,4,4,1,0.25
216,Wednesday,2,17,Evening Rush,2,2,1,0.5
216,Wednesday,2,19,Evening,1,1,1,1.0
216,Wednesday,2,21,Evening,1,1,0,0.0
216,Wednesday,2,23,Evening,1,1,1,1.0
217,Friday,4,12,Midday,2,2,0,0.0
217,Friday,4,14,Midday,2,2,0,0.0
217,Friday,4,20,Evening,1,1,0,0.0
217,Friday,4,23,Evening,1,1,0,0.0
217,Monday,0,7,Morning Rush,1,1,1,1.0
217,Monday,0,14,Midday,2,2,0,0.0
217,Monday,0,15,Evening Rush,1,1,0,0.0
217,Monday,0,16,Evening Rush,4,4,0,0.0
217,Monday,0,17,Evening Rush,1,1,0,0.0
217,Monday,0,18,Evening Rush,1,1,0,0.0
217,Thursday,3,8,Morning Rush,2,2,1,0.5
217,Thursday,3,12,Midday,2,2,0,0.0
217,Thursday,3,14,Midday,2,2,1,0.5
217,Thursday,3,15,Evening Rush,1,1,0,0.0
217,Thursday,3,17,Evening Rush,1,1,0,0.0
217,Thursday,3,20,Evening,1,1,0,0.0
217,Thursday,3,21,Evening,1,1,1,1.0
217,Tuesday,1,8,Morning Rush,1,1,1,1.0
217,Tuesday,1,16,Evening Rush,1,1,0,0.0
217,Wednesday,2,10,Midday,1,1,1,1.0
217,Wednesday,2,16,Evening Rush,2,2,0,0.0
217,Wednesday,2,21,Evening,1,1,0,0.0
218,Friday,4,2,Night,1,1,0,0.0
218,Friday,4,8,Morning Rush,1,1,1,1.0
218,Friday,4,9,Morning Rush,1,1,1,1.0
218,Friday,4,13,Midday,2,2,1,0.5
218,Friday,4,16,Evening Rush,1,1,0,0.0
218,Friday,4,20,Evening,1,1,0,0.0
218,Monday,0,10,Midday,1,1,0,0.0
218,Monday,0,22,Evening,1,1,0,0.0
218,Saturday,5,6,Morning Rush,1,1,0,0.0
218,Saturday,5,15,Evening Rush,1,1,0,0.0
218,Saturday,5,18,Evening Rush,1,1,1,1.0
218,Sunday,6,0,Night,1,1,0,0.0
218,Sunday,6,21,Evening,1,1,0,0.0
218,Thursday,3,10,Midday,1,1,0,0.0
218,Thursday,3,12,Midday,1,1,0,0.0
218,Thursday,3,13,Midday,1,1,1,1.0
218,Thursday,3,18,Evening Rush,1,1,0,0.0
218,Tuesday,1,6,Morning Rush,1,1,0,0.0
218,Tuesday,1,7,Morning Rush,1,1,0,0.0
218,Tuesday,1,14,Midday,1,1,1,1.0
218,Tuesday,1,16,Evening Rush,1,1,1,1.0
218,Tuesday,1,19,Evening,1,1,1,1.0
218,Wednesday,2,8,Morning Rush,1,1,0,0.0
218,Wednesday,2,9,Morning Rush,2,2,0,0.0
218,Wednesday,2,11,Midday,1,1,1,1.0
218,Wednesday,2,13,Midday,1,1,1,1.0
218,Wednesday,2,16,Evening Rush,1,1,0,0.0
219,Friday,4,10,Midday,1,1,0,0.0
219,Friday,4,13,Midday,1,1,1,1.0
219,Friday,4,15,Evening Rush,2,2,1,0.5
219,Friday,4,16,Evening Rush,1,1,0,0.0
219,Monday,0,8,Morning Rush,1,1,1,1.0
219,Monday,0,9,Morning Rush,1,1,0,0.0
219,Monday,0,14,Midday,3,3,1,0.3333333333333333
219,Monday,0,15,Evening Rush,1,1,1,1.0
219,Monday,0,23,Evening,1,1,0,0.0
219,Saturday,5,10,Midday,1,1,1,1.0
219,Saturday,5,11,Midday,1,1,0,0.0
219,Saturday,5,12,Midday,1,1,0,0.0
219,Saturday,5,14,Midday,1,1,0,0.0
219,Saturday,5,16,Evening Rush,1,1,0,0.0
219,Saturday,5,17,Evening Rush,1,1,0,0.0
219,Saturday,5,20,Evening,2,2,0,0.0
219,Saturday,5,23,Evening,1,1,0,0.0
219,Sunday,6,7,Morning Rush,1,1,1,1.0
219,Sunday,6,19,Evening,1,1,0,0.0
219,Thursday,3,9,Morning Rush,1,1,0,0.0
219,Thursday,3,13,Midday,2,2,1,0.5
219,Thursday,3,16,Evening Rush,1,1,0,0.0
219,Thursday,3,17,Evening Rush,1,1,0,0.0
219,Tuesday,1,1,Night,1,1,0,0.0
219,Tuesday,1,9,Morning Rush,1,1,0,0.0
219,Tuesday,1,13,Midday,2,2,0,0.0
219,Tuesday,1,15,Evening Rush,1,1,1,1.0
219,Tuesday,1,17,Evening Rush,1,1,1,1.0
219,Tuesday,1,18,Evening Rush,1,1,0,0.0
219,Wednesday,2,10,Midday,1,1,0,0.0
219,Wednesday,2,17,Evening Rush,1,1,0,0.0
219,Wednesday,2,18,Evening Rush,1,1,0,0.0
220,Friday,4,5,Night,1,1,0,0.0
220,Friday,4,7,Morning Rush,1,1,0,0.0
220,Friday,4,10,Midday,1,1,0,0.0
220,Friday,4,13,Midday,1,1,0,0.0
220,Friday,4,14,Midday,2,2,0,0.0
220,Friday,4,15,Evening Rush,1,1,0,0.0
220,Friday,4,17,Evening Rush,3,3,1,0.3333333333333333
220,Friday,4,18,Evening Rush,1,1,0,0.0
220,Friday,4,22,Evening,1,1,0,0.0
220,Friday,4,23,Evening,1,1,0,0.0
220,Monday,0,8,Morning Rush,1,1,0,0.0
220,Monday,0,12,Midday,1,1,0,0.0
220,Monday,0,18,Evening Rush,2,2,0,0.0
220,Monday,0,19,Evening,1,1,1,1.0
220,Monday,0,22,Evening,1,1,1,1.0
220,Monday,0,23,Evening,1,1,1,1.0
220,Saturday,5,10,Midday,1,1,0,0.0
220,Saturday,5,13,Midday,1,1,0,0.0
220,Saturday,5,14,Midday,1,1,0,0.0
220,Saturday,5,19,Evening,2,2,1,0.5
220,Saturday,5,20,Evening,2,2,0,0.0
220,Saturday,5,22,Evening,1,1,0,0.0
220,Sunday,6,0,Night,1,1,0,0.0
220,Sunday,6,10,Midday,2,2,0,0.0
220,Sunday,6,12,Midday,1,1,0,0.0
220,Sunday,6,14,Midday,1,1,1,1.0
220,Sunday,6,16,Evening Rush,1,1,0,0.0
220,Sunday,6,17,Evening Rush,2,2,2,1.0
220,Sunday,6,18,Evening Rush,1,1,0,0.0
220,Sunday,6,19,Evening,1,1,0,0.0
220,Sunday,6,22,Evening,1,1,0,0.0
220,Thursday,3,7,Morning Rush,1,1,1,1.0
220,Thursday,3,8,Morning Rush,2,2,2,1.0
220,Thursday,3,9,Morning Rush,1,1,0,0.0
220,Thursday,3,11,Midday,1,1,1,1.0
220,Thursday,3,15,Evening Rush,1,1,0,0.0
220,Thursday,3,16,Evening Rush,2,2,0,0.0
220,Thursday,3,17,Evening Rush,1,1,0,0.0
220,Thursday,3,18,Evening Rush,1,1,0,0.0
220,Thursday,3,19,Evening,3,3,1,0.3333333333333333
220,Tuesday,1,0,Night,1,1,0,0.0
220,Tuesday,1,13,Midday,1,1,0,0.0
220,Tuesday,1,14,Midday,1,1,0,0.0
220,Tuesday,1,16,Evening Rush,1,1,0,0.0
220,Tuesday,1,17,Evening Rush,1,1,0,0.0
220,Tuesday,1,18,Evening Rush,1,1,1,1.0
220,Tuesday,1,19,Evening,3,3,2,0.6666666666666666
220,Tuesday,1,21,Evening,1,1,0,0.0
220,Wednesday,2,0,Night,1,1,1,1.0
220,Wednesday,2,8,Morning Rush,2,2,2,1.0
220,Wednesday,2,9,Morning Rush,1,1,0,0.0
220,Wednesday,2,14,Midday,1,1,0,0.0
220,Wednesday,2,15,Evening Rush,2,2,2,1.0
220,Wednesday,2,16,Evening Rush,1,1,1,1.0
220,Wednesday,2,17,Evening Rush,1,1,0,0.0
220,Wednesday,2,18,Evening Rush,2,2,1,0.5
220,Wednesday,2,19,Evening,1,1,0,0.0
220,Wednesday,2,20,Evening,2,2,0,0.0
220,Wednesday,2,22,Evening,1,1,0,0.0
221,Friday,4,6,Morning Rush,1,1,1,1.0
221,Friday,4,8,Morning Rush,2,2,1,0.5
221,Friday,4,9,Morning Rush,3,3,1,0.3333333333333333
221,Friday,4,11,Midday,1,1,0,0.0
221,Friday,4,12,Midday,1,1,1,1.0
221,Friday,4,16,Evening Rush,1,1,0,0.0
221,Friday,4,19,Evening,1,1,0,0.0
221,Friday,4,20,Evening,2,2,0,0.0
221,Monday,0,11,Midday,1,1,1,1.0
221,Monday,0,14,Midday,1,1,0,0.0
221,Monday,0,16,Evening Rush,1,1,1,1.0
221,Monday,0,17,Evening Rush,1,1,1,1.0
221,Saturday,5,12,Midday,1,1,1,1.0
221,Saturday,5,16,Evening Rush,1,1,1,1.0
221,Saturday,5,18,Evening Rush,1,1,0,0.0
221,Sunday,6,8,Morning Rush,1,1,1,1.0
221,Sunday,6,16,Evening Rush,1,1,1,1.0
221,Sunday,6,20,Evening,1,1,0,0.0
221,Thursday,3,7,Morning Rush,1,1,0,0.0
221,Thursday,3,8,Morning Rush,2,2,1,0.5
221,Thursday,3,18,Evening Rush,1,1,1,1.0
221,Tuesday,1,1,Night,1,1,1,1.0
221,Tuesday,1,3,Night,1,1,0,0.0
221,Tuesday,1,9,Morning Rush,1,1,0,0.0
221,Tuesday,1,10,Midday,1,1,0,0.0
221,Tuesday,1,15,Evening Rush,3,3,1,0.3333333333333333
221,Tuesday,1,23,Evening,1,1,1,1.0
221,Wednesday,2,7,Morning Rush,1,1,1,1.0
221,Wednesday,2,8,Morning Rush,2,2,1,0.5
221,Wednesday,2,9,Morning Rush,1,1,0,0.0
221,Wednesday,2,10,Midday,1,1,1,1.0
221,Wednesday,2,15,Evening Rush,1,1,0,0.0
221,Wednesday,2,16,Evening Rush,2,2,1,0.5
221,Wednesday,2,17,Evening Rush,1,1,1,1.0
222,Friday,4,0,Night,1,1,0,0.0
222,Friday,4,4,Night,1,1,1,1.0
222,Friday,4,10,Midday,1,1,1,1.0
222,Friday,4,12,Midday,1,1,0,0.0
222,Friday,4,14,Midday,1,1,0,0.0
222,Friday,4,15,Evening Rush,1,1,0,0.0
222,Friday,4,17,Evening Rush,2,2,1,0.5
222,Friday,4,19,Evening,1,1,1,1.0
222,Friday,4,21,Evening,2,2,0,0.0
222,Friday,4,23,Evening,1,1,1,1.0
222,Monday,0,0,Night,1,1,0,0.0
222,Monday,0,8,Morning Rush,1,1,1,1.0
222,Monday,0,11,Midday,1,1,1,1.0
222,Monday,0,13,Midday,2,2,1,0.5
222,Monday,0,15,Evening Rush,2,2,0,0.0
222,Monday,0,16,Evening Rush,1,1,0,0.0
222,Monday,0,17,Evening Rush,2,2,2,1.0
222,Monday,0,18,Evening Rush,1,1,0,0.0
222,Monday,0,19,Evening,1,1,0,0.0
222,Monday,0,20,Evening,1,1,0,0.0
222,Monday,0,22,Evening,1,1,0,0.0
222,Saturday,5,1,Night,1,1,1,1.0
222,Saturday,5,2,Night,1,1,0,0.0
222,Saturday,5,3,Night,2,2,1,0.5
222,Saturday,5,6,Morning Rush,1,1,1,1.0
222,Saturday,5,12,Midday,1,1,1,1.0
222,Saturday,5,18,Evening Rush,2,2,1,0.5
222,Saturday,5,20,Evening,1,1,0,0.0
222,Saturday,5,21,Evening,3,3,0,0.0
222,Saturday,5,22,Evening,2,2,1,0.5
222,Sunday,6,0,Night,1,1,0,0.0
222,Sunday,6,3,Night,2,2,2,1.0
222,Sunday,6,12,Midday,1,1,1,1.0
222,Sunday,6,13,Midday,1,1,1,1.0
222,Sunday,6,14,Midday,1,1,0,0.0
222,Sunday,6,18,Evening Rush,1,1,1,1.0
222,Sunday,6,20,Evening,2,2,2,1.0
222,Sunday,6,22,Evening,1,1,1,1.0
222,Thursday,3,4,Night,1,1,0,0.0
222,Thursday,3,7,Morning Rush,1,1,1,1.0
222,Thursday,3,9,Morning Rush,1,1,1,1.0
222,Thursday,3,10,Midday,3,3,1,0.3333333333333333
222,Thursday,3,11,Midday,1,1,0,0.0
222,Thursday,3,15,Evening Rush,1,1,1,1.0
222,Thursday,3,16,Evening Rush,2,2,1,0.5
222,Thursday,3,17,Evening Rush,1,1,0,0.0
222,Thursday,3,23,Evening,2,2,1,0.5
222,Tuesday,1,3,Night,1,1,0,0.0
222,Tuesday,1,5,Night,1,1,1,1.0
222,Tuesday,1,6,Morning Rush,2,2,1,0.5
222,Tuesday,1,8,Morning Rush,1,1,1,1.0
222,Tuesday,1,9,Morning Rush,1,1,1,1.0
222,Tuesday,1,11,Midday,1,1,1,1.0
222,Tuesday,1,15,Evening Rush,1,1,1,1.0
222,Tuesday,1,17,Evening Rush,1,1,0,0.0
222,Tuesday,1,18,Evening Rush,1,1,0,0.0
222,Tuesday,1,19,Evening,1,1,0,0.0
222,Tuesday,1,20,Evening,1,1,0,0.0
222,Tuesday,1,23,Evening,1,1,0,0.0
222,Wednesday,2,7,Morning Rush,1,1,0,0.0
222,Wednesday,2,8,Morning Rush,1,1,1,1.0
222,Wednesday,2,9,Morning Rush,1,1,1,1.0
222,Wednesday,2,10,Midday,1,1,1,1.0
222,Wednesday,2,11,Midday,1,1,0,0.0
222,Wednesday,2,16,Evening Rush,3,3,1,0.3333333333333333
222,Wednesday,2,18,Evening Rush,1,1,0,0.0
222,Wednesday,2,20,Evening,1,1,0,0.0
223,Friday,4,1,Night,1,1,1,1.0
223,Friday,4,6,Morning Rush,2,2,0,0.0
223,Friday,4,8,Morning Rush,2,2,0,0.0
223,Friday,4,10,Midday,1,1,0,0.0
223,Friday,4,11,Midday,1,1,1,1.0
223,Friday,4,12,Midday,3,3,0,0.0
223,Friday,4,14,Midday,1,1,1,1.0
223,Friday,4,15,Evening Rush,1,1,0,0.0
223,Friday,4,16,Evening Rush,1,1,0,0.0
223,Friday,4,17,Evening Rush,2,2,0,0.0
223,Friday,4,18,Evening Rush,2,2,2,1.0
223,Monday,0,7,Morning Rush,2,2,0,0.0
223,Monday,0,10,Midday,1,1,1,1.0
223,Monday,0,12,Midday,2,2,2,1.0
223,Monday,0,16,Evening Rush,2,2,0,0.0
223,Monday,0,17,Evening Rush,4,4,1,0.25
223,Monday,0,18,Evening Rush,1,1,1,1.0
223,Monday,0,19,Evening,1,1,1,1.0
223,Saturday,5,0,Night,1,1,0,0.0
223,Saturday,5,3,Night,1,1,0,0.0
223,Saturday,5,5,Night,1,1,1,1.0
223,Saturday,5,8,Morning Rush,1,1,1,1.0
223,Saturday,5,11,Midday,1,1,1,1.0
223,Saturday,5,12,Midday,1,1,1,1.0
223,Sunday,6,9,Morning Rush,2,2,2,1.0
223,Sunday,6,22,Evening,1,1,1,1.0
223,Thursday,3,0,Night,3,3,1,0.3333333333333333
223,Thursday,3,4,Night,2,2,1,0.5
223,Thursday,3,7,Morning Rush,1,1,1,1.0
223,Thursday,3,13,Midday,1,1,0,0.0
223,Thursday,3,14,Midday,2,2,2,1.0
223,Thursday,3,16,Evening Rush,1,1,0,0.0
223,Thursday,3,18,Evening Rush,1,1,1,1.0
223,Thursday,3,19,Evening,1,1,0,0.0
223,Tuesday,1,5,Night,1,1,1,1.0
223,Tuesday,1,7,Morning Rush,1,1,1,1.0
223,Tuesday,1,13,Midday,1,1,1,1.0
223,Tuesday,1,17,Evening Rush,2,2,1,0.5
223,Tuesday,1,18,Evening Rush,1,1,1,1.0
223,Tuesday,1,23,Evening,1,1,0,0.0
223,Wednesday,2,9,Morning Rush,2,2,1,0.5
223,Wednesday,2,10,Midday,1,1,1,1.0
223,Wednesday,2,14,Midday,1,1,0,0.0
223,Wednesday,2,16,Evening Rush,1,1,0,0.0
223,Wednesday,2,17,Evening Rush,1,1,0,0.0
224,Friday,4,7,Morning Rush,1,1,1,1.0
224,Friday,4,14,Midday,1,1,0,0.0
224,Friday,4,15,Evening Rush,1,1,1,1.0
224,Friday,4,19,Evening,1,1,0,0.0
224,Monday,0,6,Morning Rush,1,1,1,1.0
224,Monday,0,8,Morning Rush,1,1,1,1.0
224,Monday,0,12,Midday,1,1,0,0.0
224,Monday,0,13,Midday,1,1,0,0.0
224,Monday,0,16,Evening Rush,2,2,0,0.0
224,Monday,0,17,Evening Rush,2,2,1,0.5
224,Saturday,5,20,Evening,1,1,0,0.0
224,Saturday,5,22,Evening,2,2,0,0.0
224,Thursday,3,8,Morning Rush,1,1,1,1.0
224,Thursday,3,16,Evening Rush,1,1,1,1.0
224,Thursday,3,17,Evening Rush,1,1,1,1.0
224,Thursday,3,21,Evening,1,1,0,0.0
224,Thursday,3,22,Evening,1,1,0,0.0
224,Tuesday,1,8,Morning Rush,1,1,0,0.0
224,Tuesday,1,10,Midday,1,1,0,0.0
224,Tuesday,1,12,Midday,1,1,1,1.0
224,Tuesday,1,16,Evening Rush,1,1,0,0.0
224,Tuesday,1,18,Evening Rush,1,1,1,1.0
224,Wednesday,2,14,Midday,1,1,0,0.0
224,Wednesday,2,17,Evening Rush,1,1,1,1.0
225,Friday,4,0,Night,1,1,0,0.0
225,Friday,4,8,Morning Rush,1,1,0,0.0
225,Friday,4,15,Evening Rush,1,1,0,0.0
225,Friday,4,19,Evening,1,1,1,1.0
225,Monday,0,7,Morning Rush,1,1,1,1.0
225,Monday,0,9,Morning Rush,1,1,0,0.0
225,Saturday,5,14,Midday,1,1,0,0.0
225,Saturday,5,19,Evening,1,1,1,1.0
225,Sunday,6,4,Night,1,1,0,0.0
225,Sunday,6,14,Midday,1,1,0,0.0
225,Sunday,6,15,Evening Rush,2,2,0,0.0
225,Sunday,6,16,Evening Rush,1,1,1,1.0
225,Thursday,3,6,Morning Rush,1,1,0,0.0
225,Thursday,3,9,Morning Rush,3,3,2,0.6666666666666666
225,Thursday,3,16,Evening Rush,2,2,0,0.0
225,Thursday,3,17,Evening Rush,1,1,0,0.0
225,Thursday,3,18,Evening Rush,1,1,1,1.0
225,Tuesday,1,7,Morning Rush,1,1,1,1.0
225,Tuesday,1,9,Morning Rush,1,1,0,0.0
225,Tuesday,1,18,Evening Rush,1,1,1,1.0
225,Wednesday,2,8,Morning Rush,2,2,1,0.5
225,Wednesday,2,17,Evening Rush,1,1,0,0.0
225,Wednesday,2,20,Evening,1,1,1,1.0
226,Friday,4,7,Morning Rush,1,1,1,1.0
226,Friday,4,9,Morning Rush,1,1,0,0.0
226,Friday,4,13,Midday,1,1,0,0.0
226,Friday,4,14,Midday,1,1,1,1.0
226,Friday,4,15,Evening Rush,2,2,1,0.5
226,Friday,4,17,Evening Rush,1,1,0,0.0
226,Friday,4,18,Evening Rush,3,3,2,0.6666666666666666
226,Friday,4,20,Evening,1,1,0,0.0
226,Friday,4,21,Evening,1,1,1,1.0
226,Monday,0,6,Morning Rush,1,1,0,0.0
226,Monday,0,10,Midday,2,2,1,0.5
226,Monday,0,13,Midday,2,2,0,0.0
226,Monday,0,15,Evening Rush,1,1,0,0.0
226,Monday,0,20,Evening,1,1,0,0.0
226,Monday,0,23,Evening,1,1,0,0.0
226,Saturday,5,3,Night,1,1,1,1.0
226,Saturday,5,7,Morning Rush,1,1,1,1.0
226,Saturday,5,11,Midday,1,1,0,0.0
226,Saturday,5,13,Midday,1,1,0,0.0
226,Saturday,5,15,Evening Rush,1,1,0,0.0
226,Saturday,5,16,Evening Rush,1,1,0,0.0
226,Saturday,5,21,Evening,1,1,1,1.0
226,Saturday,5,23,Evening,1,1,0,0.0
226,Sunday,6,11,Midday,1,1,0,0.0
226,Sunday,6,12,Midday,1,1,1,1.0
226,Sunday,6,13,Midday,1,1,0,0.0
226,Sunday,6,15,Evening Rush,1,1,0,0.0
226,Sunday,6,16,Evening Rush,1,1,0,0.0
226,Sunday,6,19,Evening,1,1,0,0.0
226,Sunday,6,22,Evening,1,1,0,0.0
226,Sunday,6,23,Evening,1,1,1,1.0
226,Thursday,3,0,Night,1,1,0,0.0
226,Thursday,3,6,Morning Rush,1,1,1,1.0
226,Thursday,3,7,Morning Rush,1,1,0,0.0
226,Thursday,3,8,Morning Rush,1,1,1,1.0
226,Thursday,3,9,Morning Rush,1,1,0,0.0
226,Thursday,3,10,Midday,1,1,0,0.0
226,Thursday,3,11,Midday,1,1,1,1.0
226,Thursday,3,13,Midday,2,2,2,1.0
226,Thursday,3,14,Midday,1,1,0,0.0
226,Thursday,3,15,Evening Rush,2,2,0,0.0
226,Thursday,3,17,Evening Rush,1,1,0,0.0
226,Thursday,3,18,Evening Rush,1,1,0,0.0
226,Thursday,3,23,Evening,2,2,0,0.0
226,Tuesday,1,3,Night,1,1,1,1.0
226,Tuesday,1,6,Morning Rush,1,1,0,0.0
226,Tuesday,1,10,Midday,2,2,1,0.5
226,Tuesday,1,11,Midday,1,1,0,0.0
226,Tuesday,1,14,Midday,1,1,0,0.0
226,Tuesday,1,16,Evening Rush,2,2,0,0.0
226,Tuesday,1,17,Evening Rush,1,1,1,1.0
226,Tuesday,1,18,Evening Rush,1,1,1,1.0
226,Tuesday,1,20,Evening,1,1,0,0.0
226,Wednesday,2,0,Night,1,1,0,0.0
226,Wednesday,2,7,Morning Rush,2,2,1,0.5
226,Wednesday,2,10,Midday,1,1,0,0.0
226,Wednesday,2,13,Midday,2,2,2,1.0
226,Wednesday,2,15,Evening Rush,2,2,0,0.0
226,Wednesday,2,17,Evening Rush,1,1,1,1.0
226,Wednesday,2,18,Evening Rush,2,2,0,0.0
226,Wednesday,2,19,Evening,1,1,0,0.0
226,Wednesday,2,20,Evening,2,2,1,0.5
226,Wednesday,2,23,Evening,1,1,1,1.0
227,Friday,4,7,Morning Rush,1,1,0,0.0
227,Friday,4,8,Morning Rush,1,1,1,1.0
227,Friday,4,11,Midday,1,1,0,0.0
227,Friday,4,15,Evening Rush,1,1,0,0.0
227,Friday,4,18,Evening Rush,1,1,0,0.0
227,Friday,4,20,Evening,1,1,0,0.0
227,Friday,4,21,Evening,1,1,0,0.0
227,Monday,0,0,Night,1,1,0,0.0
227,Monday,0,9,Morning Rush,1,1,1,1.0
227,Monday,0,10,Midday,1,1,1,1.0
227,Monday,0,13,Midday,1,1,1,1.0
227,Monday,0,15,Evening Rush,1,1,1,1.0
227,Monday,0,16,Evening Rush,1,1,0,0.0
227,Monday,0,17,Evening Rush,1,1,0,0.0
227,Monday,0,18,Evening Rush,1,1,0,0.0
227,Monday,0,23,Evening,1,1,0,0.0
227,Saturday,5,12,Midday,1,1,0,0.0
227,Saturday,5,15,Evening Rush,2,2,0,0.0
227,Saturday,5,16,Evening Rush,1,1,1,1.0
227,Saturday,5,18,Evening Rush,1,1,0,0.0
227,Sunday,6,0,Night,1,1,0,0.0
227,Sunday,6,3,Night,3,3,1,0.3333333333333333
227,Sunday,6,11,Midday,1,1,0,0.0
227,Sunday,6,13,Midday,1,1,0,0.0
227,Sunday,6,17,Evening Rush,1,1,1,1.0
227,Sunday,6,20,Evening,1,1,0,0.0
227,Sunday,6,22,Evening,1,1,0,0.0
227,Thursday,3,2,Night,2,2,2,1.0
227,Thursday,3,6,Morning Rush,1,1,1,1.0
227,Thursday,3,9,Morning Rush,1,1,0,0.0
227,Thursday,3,17,Evening Rush,1,1,0,0.0
227,Tuesday,1,6,Morning Rush,1,1,0,0.0
227,Tuesday,1,8,Morning Rush,1,1,0,0.0
227,Tuesday,1,13,Midday,2,2,0,0.0
227,Tuesday,1,17,Evening Rush,1,1,0,0.0
227,Tuesday,1,18,Evening Rush,1,1,0,0.0
227,Tuesday,1,22,Evening,1,1,1,1.0
227,Wednesday,2,5,Night,1,1,1,1.0
227,Wednesday,2,7,Morning Rush,2,2,1,0.5
227,Wednesday,2,8,Morning Rush,1,1,1,1.0
227,Wednesday,2,9,Morning Rush,1,1,0,0.0
227,Wednesday,2,13,Midday,1,1,0,0.0
227,Wednesday,2,16,Evening Rush,1,1,1,1.0
227,Wednesday,2,18,Evening Rush,1,1,0,0.0
227,Wednesday,2,23,Evening,1,1,0,0.0
228,Friday,4,8,Morning Rush,1,1,1,1.0
228,Friday,4,10,Midday,1,1,1,1.0
228,Friday,4,12,Midday,1,1,0,0.0
228,Friday,4,16,Evening Rush,1,1,0,0.0
228,Friday,4,22,Evening,1,1,0,0.0
228,Monday,0,16,Evening Rush,1,1,1,1.0
228,Monday,0,17,Evening Rush,1,1,0,0.0
228,Monday,0,19,Evening,1,1,1,1.0
228,Saturday,5,4,Night,1,1,0,0.0
228,Saturday,5,9,Morning Rush,1,1,0,0.0
228,Saturday,5,14,Midday,1,1,1,1.0
228,Sunday,6,9,Morning Rush,1,1,1,1.0
228,Sunday,6,10,Midday,1,1,0,0.0
228,Sunday,6,16,Evening Rush,1,1,0,0.0
228,Sunday,6,18,Evening Rush,2,2,2,1.0
228,Sunday,6,19,Evening,1,1,0,0.0
228,Thursday,3,7,Morning Rush,1,1,1,1.0
228,Thursday,3,15,Evening Rush,1,1,1,1.0
228,Thursday,3,22,Evening,1,1,0,0.0
228,Tuesday,1,16,Evening Rush,1,1,1,1.0
228,Tuesday,1,18,Evening Rush,1,1,0,0.0
228,Tuesday,1,20,Evening,1,1,0,0.0
228,Wednesday,2,0,Night,1,1,0,0.0
228,Wednesday,2,11,Midday,1,1,1,1.0
228,Wednesday,2,14,Midday,1,1,1,1.0
228,Wednesday,2,15,Evening Rush,1,1,0,0.0
228,Wednesday,2,18,Evening Rush,1,1,0,0.0
228,Wednesday,2,23,Evening,1,1,1,1.0
229,Friday,4,7,Morning Rush,2,2,0,0.0
229,Friday,4,8,Morning Rush,2,2,2,1.0
229,Friday,4,12,Midday,1,1,1,1.0
229,Friday,4,14,Midday,2,2,0,0.0
229,Friday,4,15,Evening Rush,3,3,0,0.0
229,Friday,4,16,Evening Rush,1,1,0,0.0
229,Friday,4,17,Evening Rush,1,1,0,0.0
229,Monday,0,2,Night,1,1,1,1.0
229,Monday,0,7,Morning Rush,1,1,0,0.0
229,Monday,0,8,Morning Rush,4,4,0,0.0
229,Monday,0,11,Midday,1,1,0,0.0
229,Monday,0,12,Midday,2,2,1,0.5
229,Monday,0,17,Evening Rush,2,2,1,0.5
229,Saturday,5,7,Morning Rush,1,1,0,0.0
229,Saturday,5,18,Evening Rush,1,1,0,0.0
229,Saturday,5,23,Evening,3,3,3,1.0
229,Sunday,6,15,Evening Rush,2,2,0,0.0
229,Thursday,3,7,Morning Rush,1,1,1,1.0
229,Thursday,3,12,Midday,1,1,1,1.0
229,Thursday,3,15,Evening Rush,1,1,0,0.0
229,Thursday,3,17,Evening Rush,1,1,0,0.0
229,Thursday,3,19,Evening,1,1,0,0.0
229,Thursday,3,22,Evening,2,2,0,0.0
229,Tuesday,1,6,Morning Rush,1,1,1,1.0
229,Tuesday,1,7,Morning Rush,1,1,1,1.0
229,Tuesday,1,9,Morning Rush,1,1,0,0.0
229,Tuesday,1,15,Evening Rush,1,1,1,1.0
229,Tuesday,1,16,Evening Rush,1,1,0,0.0
229,Tuesday,1,17,Evening Rush,1,1,1,1.0
229,Tuesday,1,21,Evening,1,1,1,1.0
229,Wednesday,2,11,Midday,1,1,0,0.0
229,Wednesday,2,13,Midday,1,1,0,0.0
229,Wednesday,2,16,Evening Rush,1,1,0,0.0
229,Wednesday,2,17,Evening Rush,1,1,0,0.0
229,Wednesday,2,22,Evening,1,1,1,1.0
230,Friday,4,11,Midday,1,1,1,1.0
230,Friday,4,13,Midday,1,1,1,1.0
230,Friday,4,16,Evening Rush,2,2,0,0.0
230,Friday,4,18,Evening Rush,1,1,0,0.0
230,Friday,4,19,Evening,1,1,1,1.0
230,Monday,0,6,Morning Rush,2,2,2,1.0
230,Monday,0,7,Morning Rush,1,1,1,1.0
230,Monday,0,8,Morning Rush,1,1,0,0.0
230,Monday,0,15,Evening Rush,1,1,0,0.0
230,Monday,0,16,Evening Rush,1,1,0,0.0
230,Monday,0,17,Evening Rush,1,1,1,1.0
230,Saturday,5,12,Midday,1,1,0,0.0
230,Sunday,6,14,Midday,3,3,1,0.3333333333333333
230,Thursday,3,3,Night,1,1,1,1.0
230,Thursday,3,11,Midday,1,1,1,1.0
230,Thursday,3,13,Midday,1,1,1,1.0
230,Thursday,3,14,Midday,1,1,0,0.0
230,Thursday,3,15,Evening Rush,1,1,0,0.0
230,Thursday,3,16,Evening Rush,1,1,0,0.0
230,Tuesday,1,3,Night,1,1,0,0.0
230,Tuesday,1,6,Morning Rush,1,1,1,1.0
230,Tuesday,1,15,Evening Rush,1,1,1,1.0
230,Tuesday,1,16,Evening Rush,2,2,1,0.5
230,Tuesday,1,17,Evening Rush,2,2,1,0.5
230,Tuesday,1,18,Evening Rush,1,1,0,0.0
230,Wednesday,2,8,Morning Rush,1,1,1,1.0
230,Wednesday,2,10,Midday,2,2,0,0.0
230,Wednesday,2,14,Midday,1,1,1,1.0
230,Wednesday,2,16,Evening Rush,1,1,1,1.0
230,Wednesday,2,19,Evening,2,2,0,0.0
231,Friday,4,7,Morning Rush,1,1,1,1.0
231,Friday,4,8,Morning Rush,1,1,1,1.0
231,Friday,4,9,Morning Rush,1,1,1,1.0
231,Friday,4,16,Evening Rush,1,1,1,1.0
231,Friday,4,18,Evening Rush,2,2,0,0.0
231,Friday,4,20,Evening,1,1,1,1.0
231,Friday,4,23,Evening,1,1,1,1.0
231,Monday,0,8,Morning Rush,2,2,2,1.0
231,Monday,0,18,Evening Rush,1,1,1,1.0
231,Monday,0,20,Evening,1,1,1,1.0
231,Saturday,5,4,Night,1,1,1,1.0
231,Saturday,5,11,Midday,1,1,0,0.0
231,Saturday,5,12,Midday,1,1,0,0.0
231,Saturday,5,16,Evening Rush,1,1,0,0.0
231,Saturday,5,17,Evening Rush,1,1,0,0.0
231,Saturday,5,22,Evening,1,1,0,0.0
231,Sunday,6,0,Night,1,1,1,1.0
231,Sunday,6,14,Midday,1,1,0,0.0
231,Sunday,6,15,Evening Rush,1,1,0,0.0
231,Sunday,6,16,Evening Rush,1,1,0,0.0
231,Sunday,6,20,Evening,1,1,1,1.0
231,Thursday,3,8,Morning Rush,1,1,0,0.0
231,Thursday,3,15,Evening Rush,1,1,0,0.0
231,Thursday,3,16,Evening Rush,2,2,2,1.0
231,Thursday,3,17,Evening Rush,1,1,1,1.0
231,Thursday,3,18,Evening Rush,2,2,2,1.0
231,Thursday,3,20,Evening,1,1,1,1.0
231,Thursday,3,21,Evening,1,1,0,0.0
231,Thursday,3,22,Evening,1,1,0,0.0
231,Tuesday,1,4,Night,1,1,0,0.0
231,Tuesday,1,6,Morning Rush,1,1,0,0.0
231,Tuesday,1,12,Midday,1,1,1,1.0
231,Tuesday,1,18,Evening Rush,1,1,0,0.0
231,Tuesday,1,19,Evening,1,1,1,1.0
231,Tuesday,1,20,Evening,1,1,1,1.0
231,Wednesday,2,10,Midday,1,1,1,1.0
231,Wednesday,2,15,Evening Rush,1,1,0,0.0
231,Wednesday,2,16,Evening Rush,1,1,0,0.0
232,Friday,4,0,Night,1,1,0,0.0
232,Friday,4,1,Night,1,1,0,0.0
232,Friday,4,7,Morning Rush,2,2,1,0.5
232,Friday,4,13,Midday,1,1,0,0.0
232,Friday,4,16,Evening Rush,2,2,0,0.0
232,Friday,4,17,Evening Rush,1,1,0,0.0
232,Friday,4,18,Evening Rush,1,1,0,0.0
232,Friday,4,19,Evening,1,1,0,0.0
232,Friday,4,20,Evening,2,2,1,0.5
232,Friday,4,23,Evening,3,3,1,0.3333333333333333
232,Monday,0,1,Night,1,1,0,0.0
232,Monday,0,6,Morning Rush,2,2,2,1.0
232,Monday,0,8,Morning Rush,1,1,0,0.0
232,Monday,0,9,Morning Rush,1,1,1,1.0
232,Monday,0,11,Midday,2,2,0,0.0
232,Monday,0,15,Evening Rush,1,1,0,0.0
232,Monday,0,16,Evening Rush,3,3,3,1.0
232,Monday,0,18,Evening Rush,2,2,0,0.0
232,Monday,0,19,Evening,2,2,1,0.5
232,Monday,0,22,Evening,2,2,1,0.5
232,Saturday,5,6,Morning Rush,1,1,1,1.0
232,Saturday,5,14,Midday,1,1,0,0.0
232,Saturday,5,16,Evening Rush,1,1,0,0.0
232,Saturday,5,17,Evening Rush,2,2,0,0.0
232,Saturday,5,18,Evening Rush,1,1,1,1.0
232,Saturday,5,21,Evening,1,1,1,1.0
232,Saturday,5,23,Evening,2,2,2,1.0
232,Sunday,6,13,Midday,1,1,0,0.0
232,Sunday,6,20,Evening,1,1,0,0.0
232,Sunday,6,21,Evening,1,1,0,0.0
232,Thursday,3,3,Night,1,1,0,0.0
232,Thursday,3,14,Midday,1,1,0,0.0
232,Thursday,3,15,Evening Rush,2,2,0,0.0
232,Thursday,3,16,Evening Rush,1,1,0,0.0
232,Thursday,3,17,Evening Rush,2,2,1,0.5
232,Thursday,3,18,Evening Rush,1,1,1,1.0
232,Thursday,3,20,Evening,2,2,0,0.0
232,Tuesday,1,9,Morning Rush,2,2,2,1.0
232,Tuesday,1,15,Evening Rush,1,1,0,0.0
232,Tuesday,1,16,Evening Rush,2,2,0,0.0
232,Tuesday,1,17,Evening Rush,1,1,0,0.0
232,Tuesday,1,18,Evening Rush,1,1,1,1.0
232,Tuesday,1,19,Evening,1,1,0,0.0
232,Wednesday,2,8,Morning Rush,3,3,1,0.3333333333333333
232,Wednesday,2,9,Morning Rush,2,2,1,0.5
232,Wednesday,2,12,Midday,1,1,0,0.0
232,Wednesday,2,16,Evening Rush,2,2,2,1.0
232,Wednesday,2,17,Evening Rush,5,5,0,0.0
232,Wednesday,2,18,Evening Rush,2,2,1,0.5
232,Wednesday,2,19,Evening,2,2,1,0.5
232,Wednesday,2,23,Evening,1,1,1,1.0
233,Friday,4,12,Midday,1,1,1,1.0
233,Friday,4,14,Midday,1,1,0,0.0
233,Friday,4,15,Evening Rush,1,1,1,1.0
233,Monday,0,15,Evening Rush,1,1,0,0.0
233,Monday,0,17,Evening Rush,1,1,0,0.0
233,Saturday,5,12,Midday,1,1,1,1.0
233,Sunday,6,10,Midday,1,1,1,1.0
233,Thursday,3,6,Morning Rush,1,1,1,1.0
233,Thursday,3,15,Evening Rush,2,2,0,0.0
233,Thursday,3,17,Evening Rush,1,1,0,0.0
233,Thursday,3,21,Evening,1,1,0,0.0
233,Tuesday,1,7,Morning Rush,1,1,0,0.0
233,Tuesday,1,11,Midday,1,1,1,1.0
233,Tuesday,1,14,Midday,1,1,1,1.0
233,Tuesday,1,19,Evening,1,1,0,0.0
233,Wednesday,2,8,Morning Rush,1,1,0,0.0
233,Wednesday,2,15,Evening Rush,1,1,1,1.0
233,Wednesday,2,17,Evening Rush,2,2,0,0.0
234,Friday,4,16,Evening Rush,2,2,1,0.5
234,Friday,4,17,Evening Rush,1,1,0,0.0
234,Friday,4,18,Evening Rush,1,1,0,0.0
234,Monday,0,5,Night,1,1,0,0.0
234,Monday,0,9,Morning Rush,1,1,0,0.0
234,Monday,0,10,Midday,1,1,1,1.0
234,Monday,0,11,Midday,1,1,1,1.0
234,Monday,0,12,Midday,2,2,0,0.0
234,Monday,0,14,Midday,2,2,1,0.5
234,Monday,0,15,Evening Rush,2,2,0,0.0
234,Monday,0,16,Evening Rush,1,1,0,0.0
234,Monday,0,19,Evening,1,1,1,1.0
234,Monday,0,23,Evening,1,1,1,1.0
234,Saturday,5,15,Evening Rush,2,2,1,0.5
234,Saturday,5,16,Evening Rush,1,1,0,0.0
234,Saturday,5,20,Evening,2,2,0,0.0
234,Saturday,5,22,Evening,1,1,1,1.0
234,Sunday,6,4,Night,1,1,0,0.0
234,Sunday,6,12,Midday,1,1,1,1.0
234,Sunday,6,15,Evening Rush,1,1,1,1.0
234,Sunday,6,18,Evening Rush,1,1,0,0.0
234,Sunday,6,19,Evening,1,1,0,0.0
234,Sunday,6,20,Evening,2,2,2,1.0
234,Sunday,6,23,Evening,1,1,0,0.0
234,Thursday,3,8,Morning Rush,1,1,1,1.0
234,Thursday,3,9,Morning Rush,1,1,0,0.0
234,Thursday,3,12,Midday,1,1,0,0.0
234,Thursday,3,17,Evening Rush,2,2,1,0.5
234,Thursday,3,19,Evening,2,2,0,0.0
234,Thursday,3,20,Evening,1,1,0,0.0
234,Tuesday,1,4,Night,1,1,1,1.0
234,Tuesday,1,9,Morning Rush,1,1,1,1.0
234,Tuesday,1,12,Midday,1,1,1,1.0
234,Tuesday,1,15,Evening Rush,1,1,0,0.0
234,Tuesday,1,16,Evening Rush,1,1,0,0.0
234,Tuesday,1,20,Evening,1,1,0,0.0
234,Wednesday,2,0,Night,1,1,1,1.0
234,Wednesday,2,8,Morning Rush,1,1,0,0.0
234,Wednesday,2,9,Morning Rush,1,1,1,1.0
234,Wednesday,2,11,Midday,1,1,0,0.0
234,Wednesday,2,13,Midday,1,1,0,0.0
234,Wednesday,2,15,Evening Rush,1,1,1,1.0
234,Wednesday,2,16,Evening Rush,1,1,1,1.0
234,Wednesday,2,17,Evening Rush,2,2,0,0.0
234,Wednesday,2,20,Evening,1,1,0,0.0
235,Friday,4,2,Night,1,1,1,1.0
235,Friday,4,5,Night,1,1,1,1.0
235,Friday,4,6,Morning Rush,1,1,1,1.0
235,Friday,4,9,Morning Rush,1,1,0,0.0
235,Friday,4,10,Midday,1,1,1,1.0
235,Friday,4,12,Midday,3,3,2,0.6666666666666666
235,Friday,4,15,Evening Rush,1,1,0,0.0
235,Friday,4,20,Evening,1,1,0,0.0
235,Monday,0,5,Night,1,1,1,1.0
235,Monday,0,7,Morning Rush,1,1,1,1.0
235,Monday,0,8,Morning Rush,1,1,1,1.0
235,Monday,0,12,Midday,1,1,0,0.0
235,Monday,0,13,Midday,2,2,1,0.5
235,Monday,0,15,Evening Rush,1,1,0,0.0
235,Monday,0,18,Evening Rush,2,2,0,0.0
235,Saturday,5,9,Morning Rush,1,1,1,1.0
235,Saturday,5,11,Midday,1,1,1,1.0
235,Sunday,6,9,Morning Rush,1,1,1,1.0
235,Sunday,6,15,Evening Rush,1,1,0,0.0
235,Thursday,3,6,Morning Rush,1,1,1,1.0
235,Thursday,3,7,Morning Rush,1,1,1,1.0
235,Thursday,3,9,Morning Rush,1,1,0,0.0
235,Thursday,3,13,Midday,1,1,0,0.0
235,Thursday,3,14,Midday,4,4,3,0.75
235,Thursday,3,15,Evening Rush,2,2,0,0.0
235,Thursday,3,16,Evening Rush,1,1,0,0.0
235,Thursday,3,17,Evening Rush,1,1,1,1.0
235,Tuesday,1,7,Morning Rush,2,2,1,0.5
235,Tuesday,1,8,Morning Rush,1,1,0,0.0
235,Tuesday,1,13,Midday,1,1,1,1.0
235,Tuesday,1,14,Midday,1,1,1,1.0
235,Tuesday,1,15,Evening Rush,2,2,0,0.0
235,Wednesday,2,6,Morning Rush,1,1,1,1.0
235,Wednesday,2,7,Morning Rush,1,1,1,1.0
235,Wednesday,2,12,Midday,1,1,1,1.0
235,Wednesday,2,21,Evening,1,1,1,1.0
235,Wednesday,2,22,Evening,1,1,1,1.0
236,Friday,4,7,Morning Rush,1,1,0,0.0
236,Friday,4,9,Morning Rush,1,1,1,1.0
236,Friday,4,12,Midday,1,1,1,1.0
236,Friday,4,14,Midday,2,2,0,0.0
236,Friday,4,15,Evening Rush,1,1,0,0.0
236,Friday,4,17,Evening Rush,2,2,0,0.0
236,Friday,4,18,Evening Rush,1,1,0,0.0
236,Friday,4,19,Evening,1,1,0,0.0
236,Friday,4,20,Evening,1,1,0,0.0
236,Monday,0,7,Morning Rush,1,1,0,0.0
236,Monday,0,9,Morning Rush,1,1,1,1.0
236,Monday,0,16,Evening Rush,1,1,0,0.0
236,Monday,0,17,Evening Rush,1,1,0,0.0
236,Saturday,5,13,Midday,2,2,0,0.0
236,Saturday,5,14,Midday,1,1,0,0.0
236,Saturday,5,15,Evening Rush,1,1,1,1.0
236,Saturday,5,17,Evening Rush,1,1,1,1.0
236,Saturday,5,21,Evening,1,1,1,1.0
236,Saturday,5,23,Evening,1,1,0,0.0
236,Sunday,6,0,Night,2,2,1,0.5
236,Sunday,6,2,Night,2,2,1,0.5
236,Sunday,6,4,Night,1,1,0,0.0
236,Sunday,6,16,Evening Rush,1,1,0,0.0
236,Sunday,6,17,Evening Rush,1,1,1,1.0
236,Sunday,6,18,Evening Rush,2,2,0,0.0
236,Thursday,3,1,Night,1,1,0,0.0
236,Thursday,3,5,Night,1,1,0,0.0
236,Thursday,3,8,Morning Rush,1,1,0,0.0
236,Thursday,3,13,Midday,1,1,1,1.0
236,Thursday,3,16,Evening Rush,1,1,1,1.0
236,Thursday,3,18,Evening Rush,1,1,0,0.0
236,Thursday,3,19,Evening,1,1,1,1.0
236,Thursday,3,21,Evening,1,1,1,1.0
236,Tuesday,1,1,Night,1,1,1,1.0
236,Tuesday,1,7,Morning Rush,1,1,1,1.0
236,Tuesday,1,8,Morning Rush,1,1,0,0.0
236,Tuesday,1,11,Midday,1,1,0,0.0
236,Tuesday,1,12,Midday,1,1,0,0.0
236,Tuesday,1,17,Evening Rush,3,3,1,0.3333333333333333
236,Tuesday,1,18,Evening Rush,1,1,1,1.0
236,Tuesday,1,19,Evening,1,1,1,1.0
236,Wednesday,2,1,Night,1,1,1,1.0
236,Wednesday,2,6,Morning Rush,1,1,1,1.0
236,Wednesday,2,14,Midday,1,1,0,0.0
236,Wednesday,2,18,Evening Rush,1,1,0,0.0
236,Wednesday,2,19,Evening,3,3,0,0.0
236,Wednesday,2,22,Evening,1,1,0,0.0
237,Friday,4,6,Morning Rush,2,2,2,1.0
237,Friday,4,7,Morning Rush,1,1,1,1.0
237,Friday,4,8,Morning Rush,2,2,2,1.0
237,Friday,4,10,Midday,1,1,0,0.0
237,Friday,4,11,Midday,1,1,1,1.0
237,Friday,4,12,Midday,1,1,0,0.0
237,Friday,4,13,Midday,1,1,1,1.0
237,Friday,4,15,Evening Rush,1,1,0,0.0
237,Friday,4,16,Evening Rush,2,2,2,1.0
237,Friday,4,18,Evening Rush,2,2,0,0.0
237,Friday,4,20,Evening,1,1,0,0.0
237,Monday,0,6,Morning Rush,2,2,2,1.0
237,Monday,0,7,Morning Rush,4,4,0,0.0
237,Monday,0,8,Morning Rush,3,3,1,0.3333333333333333
237,Monday,0,10,Midday,1,1,1,1.0
237,Monday,0,11,Midday,1,1,1,1.0
237,Monday,0,12,Midday,3,3,2,0.6666666666666666
237,Monday,0,14,Midday,3,3,2,0.6666666666666666
237,Monday,0,15,Evening Rush,2,2,0,0.0
237,Monday,0,18,Evening Rush,1,1,0,0.0
237,Monday,0,19,Evening,1,1,0,0.0
237,Saturday,5,3,Night,1,1,1,1.0
237,Saturday,5,12,Midday,1,1,0,0.0
237,Saturday,5,14,Midday,1,1,1,1.0
237,Saturday,5,20,Evening,1,1,0,0.0
237,Sunday,6,1,Night,2,2,0,0.0
237,Sunday,6,19,Evening,1,1,1,1.0
237,Thursday,3,6,Morning Rush,3,3,3,1.0
237,Thursday,3,7,Morning Rush,3,3,1,0.3333333333333333
237,Thursday,3,8,Morning Rush,1,1,0,0.0
237,Thursday,3,9,Morning Rush,2,2,2,1.0
237,Thursday,3,13,Midday,2,2,0,0.0
237,Thursday,3,14,Midday,2,2,0,0.0
237,Thursday,3,15,Evening Rush,4,4,1,0.25
237,Tuesday,1,5,Night,1,1,0,0.0
237,Tuesday,1,7,Morning Rush,4,4,2,0.5
237,Tuesday,1,8,Morning Rush,5,5,5,1.0
237,Tuesday,1,9,Morning Rush,1,1,1,1.0
237,Tuesday,1,12,Midday,1,1,0,0.0
237,Tuesday,1,14,Midday,2,2,1,0.5
237,Tuesday,1,15,Evening Rush,3,3,1,0.3333333333333333
237,Tuesday,1,16,Evening Rush,1,1,0,0.0
237,Tuesday,1,21,Evening,1,1,0,0.0
237,Wednesday,2,5,Night,2,2,2,1.0
237,Wednesday,2,6,Morning Rush,2,2,1,0.5
237,Wednesday,2,7,Morning Rush,4,4,1,0.25
237,Wednesday,2,8,Morning Rush,1,1,1,1.0
237,Wednesday,2,11,Midday,2,2,0,0.0
237,Wednesday,2,12,Midday,1,1,0,0.0
237,Wednesday,2,13,Midday,1,1,0,0.0
237,Wednesday,2,15,Evening Rush,4,4,0,0.0
237,Wednesday,2,16,Evening Rush,1,1,0,0.0
237,Wednesday,2,17,Evening Rush,1,1,1,1.0
238,Friday,4,1,Night,1,1,0,0.0
238,Friday,4,2,Night,1,1,0,0.0
238,Friday,4,4,Night,1,1,1,1.0
238,Friday,4,8,Morning Rush,4,4,1,0.25
238,Friday,4,9,Morning Rush,1,1,0,0.0
238,Friday,4,10,Midday,2,2,1,0.5
238,Friday,4,11,Midday,1,1,0,0.0
238,Friday,4,13,Midday,1,1,0,0.0
238,Friday,4,14,Midday,2,2,0,0.0
238,Friday,4,15,Evening Rush,3,3,0,0.0
238,Friday,4,16,Evening Rush,5,5,0,0.0
238,Friday,4,17,Evening Rush,1,1,0,0.0
238,Friday,4,18,Evening Rush,2,2,1,0.5
238,Friday,4,19,Evening,3,3,1,0.3333333333333333
238,Friday,4,20,Evening,2,2,0,0.0
238,Friday,4,21,Evening,1,1,0,0.0
238,Friday,4,22,Evening,1,1,0,0.0
238,Monday,0,1,Night,1,1,0,0.0
238,Monday,0,6,Morning Rush,1,1,0,0.0
238,Monday,0,7,Morning Rush,3,3,0,0.0
238,Monday,0,8,Morning Rush,2,2,0,0.0
238,Monday,0,9,Morning Rush,1,1,0,0.0
238,Monday,0,10,Midday,3,3,1,0.3333333333333333
238,Monday,0,13,Midday,1,1,0,0.0
238,Monday,0,15,Evening Rush,5,5,0,0.0
238,Monday,0,16,Evening Rush,1,1,0,0.0
238,Monday,0,17,Evening Rush,7,7,2,0.2857142857142857
238,Monday,0,18,Evening Rush,1,1,0,0.0
238,Monday,0,19,Evening,1,1,1,1.0
238,Monday,0,21,Evening,4,4,1,0.25
238,Monday,0,22,Evening,1,1,1,1.0
238,Saturday,5,0,Night,1,1,0,0.0
238,Saturday,5,3,Night,1,1,0,0.0
238,Saturday,5,4,Night,1,1,1,1.0
238,Saturday,5,8,Morning Rush,2,2,1,0.5
238,Saturday,5,10,Midday,1,1,1,1.0
238,Saturday,5,12,Midday,1,1,1,1.0
238,Saturday,5,14,Midday,1,1,0,0.0
238,Saturday,5,15,Evening Rush,3,3,1,0.3333333333333333
238,Saturday,5,16,Evening Rush,5,5,1,0.2
238,Saturday,5,17,Evening Rush,4,4,3,0.75
238,Saturday,5,18,Evening Rush,1,1,0,0.0
238,Saturday,5,20,Evening,2,2,1,0.5
238,Sunday,6,1,Night,1,1,0,0.0
238,Sunday,6,13,Midday,3,3,1,0.3333333333333333
238,Sunday,6,15,Evening Rush,3,3,0,0.0
238,Sunday,6,18,Evening Rush,3,3,2,0.6666666666666666
238,Sunday,6,19,Evening,1,1,0,0.0
238,Sunday,6,20,Evening,1,1,1,1.0
238,Sunday,6,21,Evening,1,1,1,1.0
238,Sunday,6,22,Evening,1,1,0,0.0
238,Thursday,3,4,Night,1,1,0,0.0
238,Thursday,3,6,Morning Rush,1,1,1,1.0
238,Thursday,3,7,Morning Rush,2,2,1,0.5
238,Thursday,3,8,Morning Rush,5,5,1,0.2
238,Thursday,3,10,Midday,3,3,2,0.6666666666666666
238,Thursday,3,12,Midday,1,1,1,1.0
238,Thursday,3,13,Midday,1,1,0,0.0
238,Thursday,3,14,Midday,4,4,0,0.0
238,Thursday,3,15,Evening Rush,3,3,2,0.6666666666666666
238,Thursday,3,16,Evening Rush,3,3,0,0.0
238,Thursday,3,17,Evening Rush,8,8,0,0.0
238,Thursday,3,18,Evening Rush,2,2,1,0.5
238,Thursday,3,20,Evening,1,1,0,0.0
238,Thursday,3,21,Evening,1,1,0,0.0
238,Thursday,3,22,Evening,2,2,1,0.5
238,Tuesday,1,0,Night,2,2,2,1.0
238,Tuesday,1,5,Night,1,1,0,0.0
238,Tuesday,1,6,Morning Rush,2,2,0,0.0
238,Tuesday,1,7,Morning Rush,2,2,1,0.5
238,Tuesday,1,8,Morning Rush,4,4,1,0.25
238,Tuesday,1,9,Morning Rush,2,2,1,0.5
238,Tuesday,1,10,Midday,3,3,2,0.6666666666666666
238,Tuesday,1,13,Midday,1,1,1,1.0
238,Tuesday,1,15,Evening Rush,2,2,0,0.0
238,Tuesday,1,16,Evening Rush,3,3,1,0.3333333333333333
238,Tuesday,1,18,Evening Rush,1,1,1,1.0
238,Tuesday,1,19,Evening,3,3,1,0.3333333333333333
238,Tuesday,1,22,Evening,2,2,2,1.0
238,Wednesday,2,6,Morning Rush,1,1,1,1.0
238,Wednesday,2,7,Morning Rush,4,4,3,0.75
238,Wednesday,2,8,Morning Rush,1,1,1,1.0
238,Wednesday,2,9,Morning Rush,3,3,1,0.3333333333333333
238,Wednesday,2,10,Midday,3,3,1,0.3333333333333333
238,Wednesday,2,11,Midday,2,2,2,1.0
238,Wednesday,2,14,Midday,3,3,1,0.3333333333333333
238,Wednesday,2,15,Evening Rush,2,2,1,0.5
238,Wednesday,2,16,Evening Rush,4,4,2,0.5
238,Wednesday,2,17,Evening Rush,6,6,1,0.16666666666666666
238,Wednesday,2,18,Evening Rush,1,1,1,1.0
238,Wednesday,2,19,Evening,2,2,1,0.5
238,Wednesday,2,21,Evening,1,1,0,0.0
238,Wednesday,2,23,Evening,1,1,1,1.0
239,Friday,4,14,Midday,1,1,0,0.0
239,Friday,4,16,Evening Rush,1,1,0,0.0
239,Friday,4,17,Evening Rush,1,1,0,0.0
239,Friday,4,18,Evening Rush,1,1,0,0.0
239,Friday,4,19,Evening,1,1,0,0.0
239,Friday,4,21,Evening,2,2,0,0.0
239,Monday,0,1,Night,1,1,0,0.0
239,Monday,0,14,Midday,1,1,1,1.0
239,Monday,0,16,Evening Rush,1,1,1,1.0
239,Monday,0,19,Evening,1,1,0,0.0
239,Monday,0,20,Evening,2,2,1,0.5
239,Monday,0,22,Evening,1,1,0,0.0
239,Saturday,5,0,Night,1,1,0,0.0
239,Saturday,5,1,Night,1,1,0,0.0
239,Saturday,5,16,Evening Rush,1,1,1,1.0
239,Saturday,5,17,Evening Rush,1,1,0,0.0
239,Saturday,5,19,Evening,1,1,0,0.0
239,Saturday,5,21,Evening,2,2,2,1.0
239,Saturday,5,23,Evening,1,1,1,1.0
239,Sunday,6,10,Midday,1,1,1,1.0
239,Sunday,6,11,Midday,1,1,0,0.0
239,Sunday,6,13,Midday,1,1,0,0.0
239,Sunday,6,18,Evening Rush,1,1,0,0.0
239,Sunday,6,19,Evening,1,1,0,0.0
239,Thursday,3,15,Evening Rush,1,1,0,0.0
239,Thursday,3,16,Evening Rush,1,1,0,0.0
239,Thursday,3,19,Evening,1,1,0,0.0
239,Tuesday,1,7,Morning Rush,1,1,1,1.0
239,Tuesday,1,8,Morning Rush,1,1,0,0.0
239,Tuesday,1,10,Midday,1,1,1,1.0
239,Tuesday,1,11,Midday,1,1,0,0.0
239,Tuesday,1,13,Midday,1,1,0,0.0
239,Tuesday,1,18,Evening Rush,2,2,1,0.5
239,Tuesday,1,22,Evening,1,1,1,1.0
239,Wednesday,2,0,Night,1,1,0,0.0
239,Wednesday,2,7,Morning Rush,1,1,1,1.0
239,Wednesday,2,14,Midday,2,2,0,0.0
239,Wednesday,2,16,Evening Rush,1,1,0,0.0
239,Wednesday,2,17,Evening Rush,2,2,1,0.5
239,Wednesday,2,18,Evening Rush,2,2,1,0.5
239,Wednesday,2,19,Evening,1,1,0,0.0
240,Friday,4,6,Morning Rush,1,1,0,0.0
240,Friday,4,7,Morning Rush,1,1,1,1.0
240,Friday,4,8,Morning Rush,1,1,0,0.0
240,Friday,4,9,Morning Rush,2,2,1,0.5
240,Friday,4,12,Midday,1,1,1,1.0
240,Monday,0,0,Night,1,1,1,1.0
240,Monday,0,7,Morning Rush,1,1,1,1.0
240,Monday,0,15,Evening Rush,1,1,0,0.0
240,Monday,0,16,Evening Rush,2,2,1,0.5
240,Monday,0,18,Evening Rush,1,1,1,1.0
240,Monday,0,22,Evening,1,1,0,0.0
240,Saturday,5,1,Night,1,1,0,0.0
240,Saturday,5,6,Morning Rush,1,1,0,0.0
240,Saturday,5,13,Midday,1,1,0,0.0
240,Saturday,5,14,Midday,1,1,0,0.0
240,Saturday,5,16,Evening Rush,1,1,0,0.0
240,Saturday,5,19,Evening,1,1,0,0.0
240,Saturday,5,20,Evening,1,1,0,0.0
240,Sunday,6,0,Night,1,1,1,1.0
240,Sunday,6,1,Night,1,1,1,1.0
240,Sunday,6,21,Evening,1,1,0,0.0
240,Thursday,3,6,Morning Rush,1,1,0,0.0
240,Thursday,3,8,Morning Rush,1,1,0,0.0
240,Thursday,3,11,Midday,1,1,1,1.0
240,Thursday,3,19,Evening,1,1,1,1.0
240,Tuesday,1,7,Morning Rush,1,1,1,1.0
240,Tuesday,1,11,Midday,1,1,0,0.0
240,Tuesday,1,18,Evening Rush,1,1,0,0.0
240,Tuesday,1,19,Evening,1,1,1,1.0
240,Wednesday,2,15,Evening Rush,1,1,1,1.0
240,Wednesday,2,18,Evening Rush,1,1,1,1.0
241,Friday,4,9,Morning Rush,2,2,2,1.0
241,Friday,4,11,Midday,1,1,1,1.0
241,Friday,4,13,Midday,1,1,0,0.0
241,Friday,4,15,Evening Rush,1,1,0,0.0
241,Friday,4,17,Evening Rush,3,3,1,0.3333333333333333
241,Friday,4,18,Evening Rush,2,2,1,0.5
241,Friday,4,23,Evening,1,1,0,0.0
241,Monday,0,6,Morning Rush,1,1,1,1.0
241,Monday,0,9,Morning Rush,1,1,1,1.0
241,Monday,0,11,Midday,1,1,0,0.0
241,Monday,0,13,Midday,1,1,0,0.0
241,Saturday,5,3,Night,1,1,0,0.0
241,Saturday,5,9,Morning Rush,1,1,1,1.0
241,Saturday,5,10,Midday,1,1,0,0.0
241,Saturday,5,11,Midday,1,1,1,1.0
241,Saturday,5,16,Evening Rush,1,1,1,1.0
241,Sunday,6,10,Midday,2,2,1,0.5
241,Sunday,6,11,Midday,1,1,1,1.0
241,Sunday,6,15,Evening Rush,2,2,1,0.5
241,Sunday,6,17,Evening Rush,1,1,0,0.0
241,Sunday,6,19,Evening,1,1,0,0.0
241,Thursday,3,12,Midday,1,1,0,0.0
241,Thursday,3,13,Midday,1,1,0,0.0
241,Thursday,3,16,Evening Rush,1,1,0,0.0
241,Thursday,3,18,Evening Rush,2,2,0,0.0
241,Thursday,3,19,Evening,1,1,0,0.0
241,Thursday,3,21,Evening,2,2,2,1.0
241,Tuesday,1,12,Midday,2,2,1,0.5
241,Tuesday,1,15,Evening Rush,2,2,1,0.5
241,Tuesday,1,16,Evening Rush,1,1,0,0.0
241,Tuesday,1,17,Evening Rush,2,2,0,0.0
241,Wednesday,2,8,Morning Rush,1,1,1,1.0
241,Wednesday,2,10,Midday,1,1,0,0.0
241,Wednesday,2,11,Midday,1,1,1,1.0
241,Wednesday,2,14,Midday,3,3,0,0.0
241,Wednesday,2,16,Evening Rush,1,1,0,0.0
241,Wednesday,2,19,Evening,1,1,1,1.0
242,Friday,4,3,Night,3,3,3,1.0
242,Friday,4,6,Morning Rush,1,1,1,1.0
242,Friday,4,12,Midday,1,1,0,0.0
242,Friday,4,14,Midday,1,1,1,1.0
242,Friday,4,15,Evening Rush,3,3,3,1.0
242,Friday,4,16,Evening Rush,3,3,0,0.0
242,Friday,4,17,Evening Rush,3,3,1,0.3333333333333333
242,Friday,4,18,Evening Rush,3,3,1,0.3333333333333333
242,Friday,4,19,Evening,1,1,0,0.0
242,Friday,4,20,Evening,1,1,1,1.0
242,Friday,4,21,Evening,1,1,1,1.0
242,Monday,0,7,Morning Rush,5,5,1,0.2
242,Monday,0,11,Midday,1,1,0,0.0
242,Monday,0,14,Midday,1,1,1,1.0
242,Monday,0,15,Evening Rush,3,3,1,0.3333333333333333
242,Monday,0,16,Evening Rush,2,2,0,0.0
242,Monday,0,17,Evening Rush,4,4,2,0.5
242,Monday,0,18,Evening Rush,1,1,0,0.0
242,Monday,0,21,Evening,1,1,0,0.0
242,Saturday,5,1,Night,1,1,1,1.0
242,Saturday,5,7,Morning Rush,1,1,1,1.0
242,Saturday,5,10,Midday,1,1,0,0.0
242,Saturday,5,14,Midday,1,1,0,0.0
242,Saturday,5,15,Evening Rush,1,1,0,0.0
242,Saturday,5,18,Evening Rush,1,1,1,1.0
242,Saturday,5,23,Evening,1,1,1,1.0
242,Sunday,6,1,Night,1,1,1,1.0
242,Sunday,6,6,Morning Rush,1,1,0,0.0
242,Sunday,6,13,Midday,1,1,1,1.0
242,Sunday,6,14,Midday,1,1,0,0.0
242,Sunday,6,17,Evening Rush,1,1,0,0.0
242,Sunday,6,18,Evening Rush,3,3,1,0.3333333333333333
242,Sunday,6,21,Evening,3,3,2,0.6666666666666666
242,Thursday,3,7,Morning Rush,1,1,0,0.0
242,Thursday,3,9,Morning Rush,3,3,3,1.0
242,Thursday,3,17,Evening Rush,2,2,0,0.0
242,Thursday,3,18,Evening Rush,1,1,1,1.0
242,Tuesday,1,5,Night,1,1,0,0.0
242,Tuesday,1,7,Morning Rush,4,4,2,0.5
242,Tuesday,1,11,Midday,1,1,0,0.0
242,Tuesday,1,13,Midday,1,1,0,0.0
242,Tuesday,1,14,Midday,1,1,0,0.0
242,Tuesday,1,16,Evening Rush,1,1,1,1.0
242,Tuesday,1,17,Evening Rush,5,5,1,0.2
242,Tuesday,1,18,Evening Rush,1,1,0,0.0
242,Tuesday,1,21,Evening,1,1,0,0.0
242,Wednesday,2,6,Morning Rush,2,2,2,1.0
242,Wednesday,2,7,Morning Rush,3,3,1,0.3333333333333333
242,Wednesday,2,8,Morning Rush,1,1,1,1.0
242,Wednesday,2,9,Morning Rush,2,2,2,1.0
242,Wednesday,2,15,Evening Rush,4,4,0,0.0
242,Wednesday,2,16,Evening Rush,6,6,1,0.16666666666666666
242,Wednesday,2,18,Evening Rush,1,1,0,0.0
242,Wednesday,2,19,Evening,2,2,0,0.0
242,Wednesday,2,21,Evening,2,2,1,0.5
243,Friday,4,8,Morning Rush,1,1,1,1.0
243,Friday,4,10,Midday,1,1,1,1.0
243,Friday,4,12,Midday,1,1,0,0.0
243,Friday,4,13,Midday,1,1,1,1.0
243,Friday,4,14,Midday,1,1,0,0.0
243,Friday,4,17,Evening Rush,1,1,1,1.0
243,Friday,4,19,Evening,1,1,0,0.0
243,Friday,4,20,Evening,1,1,0,0.0
243,Friday,4,21,Evening,1,1,0,0.0
243,Monday,0,7,Morning Rush,2,2,1,0.5
243,Monday,0,8,Morning Rush,1,1,1,1.0
243,Monday,0,9,Morning Rush,1,1,1,1.0
243,Monday,0,12,Midday,1,1,1,1.0
243,Monday,0,15,Evening Rush,1,1,0,0.0
243,Monday,0,16,Evening Rush,1,1,0,0.0
243,Monday,0,19,Evening,1,1,1,1.0
243,Monday,0,20,Evening,1,1,0,0.0
243,Saturday,5,8,Morning Rush,1,1,1,1.0
243,Saturday,5,10,Midday,1,1,0,0.0
243,Saturday,5,12,Midday,1,1,1,1.0
243,Saturday,5,16,Evening Rush,1,1,0,0.0
243,Saturday,5,18,Evening Rush,1,1,1,1.0
243,Saturday,5,19,Evening,1,1,0,0.0
243,Thursday,3,7,Morning Rush,1,1,0,0.0
243,Thursday,3,8,Morning Rush,1,1,0,0.0
243,Thursday,3,9,Morning Rush,1,1,0,0.0
243,Thursday,3,11,Midday,1,1,1,1.0
243,Thursday,3,13,Midday,2,2,1,0.5
243,Thursday,3,14,Midday,1,1,1,1.0
243,Thursday,3,16,Evening Rush,1,1,0,0.0
243,Thursday,3,17,Evening Rush,1,1,1,1.0
243,Thursday,3,19,Evening,1,1,0,0.0
243,Tuesday,1,7,Morning Rush,1,1,1,1.0
243,Tuesday,1,8,Morning Rush,3,3,2,0.6666666666666666
243,Tuesday,1,11,Midday,1,1,0,0.0
243,Tuesday,1,12,Midday,1,1,0,0.0
243,Tuesday,1,14,Midday,1,1,0,0.0
243,Tuesday,1,15,Evening Rush,1,1,1,1.0
243,Tuesday,1,21,Evening,1,1,0,0.0
243,Wednesday,2,7,Morning Rush,2,2,1,0.5
243,Wednesday,2,14,Midday,1,1,0,0.0
243,Wednesday,2,15,Evening Rush,2,2,2,1.0
243,Wednesday,2,21,Evening,2,2,0,0.0
244,Friday,4,1,Night,1,1,0,0.0
244,Friday,4,6,Morning Rush,1,1,0,0.0
244,Friday,4,7,Morning Rush,1,1,1,1.0
244,Friday,4,11,Midday,1,1,0,0.0
244,Friday,4,14,Midday,1,1,1,1.0
244,Friday,4,19,Evening,1,1,0,0.0
244,Monday,0,2,Night,1,1,0,0.0
244,Monday,0,9,Morning Rush,1,1,1,1.0
244,Monday,0,11,Midday,1,1,0,0.0
244,Monday,0,13,Midday,1,1,1,1.0
244,Monday,0,17,Evening Rush,1,1,1,1.0
244,Monday,0,21,Evening,1,1,0,0.0
244,Monday,0,23,Evening,1,1,0,0.0
244,Saturday,5,3,Night,1,1,0,0.0
244,Saturday,5,13,Midday,2,2,1,0.5
244,Saturday,5,15,Evening Rush,1,1,0,0.0
244,Saturday,5,17,Evening Rush,1,1,0,0.0
244,Sunday,6,5,Night,1,1,0,0.0
244,Sunday,6,6,Morning Rush,1,1,0,0.0
244,Sunday,6,7,Morning Rush,1,1,1,1.0
244,Sunday,6,15,Evening Rush,1,1,0,0.0
244,Sunday,6,20,Evening,1,1,1,1.0
244,Thursday,3,4,Night,1,1,1,1.0
244,Thursday,3,8,Morning Rush,1,1,1,1.0
244,Thursday,3,17,Evening Rush,2,2,0,0.0
244,Thursday,3,20,Evening,1,1,1,1.0
244,Tuesday,1,7,Morning Rush,1,1,0,0.0
244,Tuesday,1,13,Midday,1,1,1,1.0
244,Tuesday,1,17,Evening Rush,1,1,0,0.0
244,Tuesday,1,18,Evening Rush,1,1,1,1.0
244,Wednesday,2,0,Night,1,1,0,0.0
244,Wednesday,2,6,Morning Rush,1,1,0,0.0
244,Wednesday,2,7,Morning Rush,1,1,1,1.0
244,Wednesday,2,8,Morning Rush,2,2,1,0.5
244,Wednesday,2,13,Midday,1,1,1,1.0
245,Friday,4,16,Evening Rush,1,1,0,0.0
245,Friday,4,19,Evening,1,1,0,0.0
245,Friday,4,22,Evening,1,1,0,0.0
245,Friday,4,23,Evening,1,1,0,0.0
245,Saturday,5,8,Morning Rush,1,1,0,0.0
245,Saturday,5,11,Midday,1,1,1,1.0
245,Saturday,5,15,Evening Rush,1,1,0,0.0
245,Saturday,5,18,Evening Rush,1,1,0,0.0
245,Saturday,5,20,Evening,1,1,0,0.0
245,Sunday,6,5,Night,1,1,1,1.0
245,Thursday,3,16,Evening Rush,1,1,0,0.0
245,Thursday,3,18,Evening Rush,1,1,0,0.0
245,Tuesday,1,17,Evening Rush,2,2,1,0.5
245,Tuesday,1,18,Evening Rush,1,1,0,0.0
245,Wednesday,2,0,Night,1,1,1,1.0
245,Wednesday,2,8,Morning Rush,1,1,1,1.0
245,Wednesday,2,10,Midday,1,1,0,0.0
245,Wednesday,2,11,Midday,1,1,1,1.0
245,Wednesday,2,15,Evening Rush,2,2,1,0.5
245,Wednesday,2,17,Evening Rush,1,1,0,0.0
245,Wednesday,2,19,Evening,3,3,1,0.3333333333333333
246,Friday,4,1,Night,1,1,1,1.0
246,Friday,4,7,Morning Rush,1,1,1,1.0
246,Friday,4,9,Morning Rush,2,2,1,0.5
246,Friday,4,15,Evening Rush,1,1,0,0.0
246,Friday,4,17,Evening Rush,2,2,0,0.0
246,Friday,4,18,Evening Rush,2,2,0,0.0
246,Friday,4,23,Evening,1,1,0,0.0
246,Monday,0,6,Morning Rush,1,1,1,1.0
246,Monday,0,7,Morning Rush,1,1,1,1.0
246,Monday,0,13,Midday,2,2,0,0.0
246,Monday,0,14,Midday,1,1,0,0.0
246,Monday,0,15,Evening Rush,1,1,0,0.0
246,Monday,0,16,Evening Rush,1,1,0,0.0
246,Monday,0,18,Evening Rush,1,1,1,1.0
246,Monday,0,20,Evening,1,1,1,1.0
246,Saturday,5,10,Midday,1,1,1,1.0
246,Saturday,5,13,Midday,1,1,0,0.0
246,Saturday,5,15,Evening Rush,1,1,0,0.0
246,Saturday,5,18,Evening Rush,1,1,1,1.0
246,Sunday,6,3,Night,1,1,0,0.0
246,Sunday,6,12,Midday,1,1,0,0.0
246,Thursday,3,7,Morning Rush,1,1,0,0.0
246,Thursday,3,8,Morning Rush,1,1,0,0.0
246,Thursday,3,9,Morning Rush,2,2,0,0.0
246,Thursday,3,10,Midday,1,1,0,0.0
246,Thursday,3,14,Midday,2,2,0,0.0
246,Thursday,3,17,Evening Rush,1,1,0,0.0
246,Thursday,3,19,Evening,1,1,0,0.0
246,Thursday,3,20,Evening,1,1,0,0.0
246,Tuesday,1,5,Night,1,1,1,1.0
246,Tuesday,1,9,Morning Rush,1,1,0,0.0
246,Tuesday,1,14,Midday,1,1,0,0.0
246,Tuesday,1,17,Evening Rush,2,2,0,0.0
246,Tuesday,1,19,Evening,1,1,1,1.0
246,Wednesday,2,9,Morning Rush,1,1,1,1.0
246,Wednesday,2,10,Midday,1,1,1,1.0
246,Wednesday,2,13,Midday,1,1,1,1.0
246,Wednesday,2,14,Midday,2,2,1,0.5
246,Wednesday,2,17,Evening Rush,1,1,1,1.0
246,Wednesday,2,18,Evening Rush,2,2,1,0.5
246,Wednesday,2,19,Evening,1,1,0,0.0
246,Wednesday,2,20,Evening,1,1,0,0.0
246,Wednesday,2,21,Evening,1,1,0,0.0
247,Friday,4,10,Midday,1,1,1,1.0
247,Friday,4,12,Midday,1,1,1,1.0
247,Friday,4,13,Midday,1,1,1,1.0
247,Friday,4,14,Midday,1,1,0,0.0
247,Friday,4,15,Evening Rush,1,1,1,1.0
247,Friday,4,16,Evening Rush,4,4,3,0.75
247,Friday,4,18,Evening Rush,1,1,0,0.0
247,Friday,4,20,Evening,1,1,0,0.0
247,Monday,0,9,Morning Rush,1,1,1,1.0
247,Monday,0,11,Midday,1,1,0,0.0
247,Monday,0,13,Midday,1,1,0,0.0
247,Monday,0,16,Evening Rush,1,1,0,0.0
247,Monday,0,17,Evening Rush,2,2,1,0.5
247,Saturday,5,0,Night,1,1,1,1.0
247,Saturday,5,2,Night,1,1,0,0.0
247,Saturday,5,8,Morning Rush,1,1,1,1.0
247,Saturday,5,11,Midday,1,1,0,0.0
247,Saturday,5,12,Midday,1,1,1,1.0
247,Saturday,5,13,Midday,1,1,0,0.0
247,Saturday,5,14,Midday,1,1,0,0.0
247,Saturday,5,16,Evening Rush,1,1,1,1.0
247,Sunday,6,11,Midday,1,1,1,1.0
247,Sunday,6,13,Midday,2,2,0,0.0
247,Sunday,6,15,Evening Rush,1,1,0,0.0
247,Sunday,6,20,Evening,1,1,0,0.0
247,Thursday,3,7,Morning Rush,1,1,1,1.0
247,Thursday,3,8,Morning Rush,1,1,0,0.0
247,Thursday,3,9,Morning Rush,2,2,2,1.0
247,Thursday,3,12,Midday,3,3,1,0.3333333333333333
247,Thursday,3,14,Midday,3,3,0,0.0
247,Thursday,3,17,Evening Rush,1,1,0,0.0
247,Thursday,3,18,Evening Rush,1,1,0,0.0
247,Thursday,3,20,Evening,1,1,1,1.0
247,Thursday,3,22,Evening,2,2,2,1.0
247,Tuesday,1,10,Midday,1,1,0,0.0
247,Tuesday,1,11,Midday,1,1,0,0.0
247,Tuesday,1,12,Midday,1,1,0,0.0
247,Tuesday,1,16,Evening Rush,1,1,0,0.0
247,Tuesday,1,17,Evening Rush,1,1,1,1.0
247,Tuesday,1,18,Evening Rush,1,1,1,1.0
247,Wednesday,2,6,Morning Rush,2,2,0,0.0
247,Wednesday,2,9,Morning Rush,1,1,0,0.0
247,Wednesday,2,11,Midday,1,1,0,0.0
247,Wednesday,2,12,Midday,1,1,0,0.0
247,Wednesday,2,13,Midday,1,1,1,1.0
247,Wednesday,2,14,Midday,1,1,0,0.0
247,Wednesday,2,15,Evening Rush,4,4,2,0.5
247,Wednesday,2,17,Evening Rush,1,1,0,0.0
247,Wednesday,2,18,Evening Rush,1,1,1,1.0
248,Friday,4,5,Night,1,1,1,1.0
248,Friday,4,8,Morning Rush,3,3,2,0.6666666666666666
248,Friday,4,21,Evening,1,1,0,0.0
248,Monday,0,4,Night,1,1,1,1.0
248,Monday,0,7,Morning Rush,1,1,0,0.0
248,Monday,0,13,Midday,1,1,0,0.0
248,Monday,0,15,Evening Rush,1,1,0,0.0
248,Monday,0,16,Evening Rush,2,2,0,0.0
248,Monday,0,18,Evening Rush,1,1,1,1.0
248,Monday,0,20,Evening,1,1,0,0.0
248,Monday,0,21,Evening,2,2,0,0.0
248,Saturday,5,0,Night,1,1,0,0.0
248,Saturday,5,1,Night,1,1,0,0.0
248,Saturday,5,5,Night,1,1,1,1.0
248,Saturday,5,12,Midday,1,1,0,0.0
248,Saturday,5,14,Midday,1,1,0,0.0
248,Saturday,5,21,Evening,1,1,1,1.0
248,Saturday,5,22,Evening,1,1,0,0.0
248,Sunday,6,1,Night,1,1,1,1.0
248,Sunday,6,11,Midday,1,1,1,1.0
248,Sunday,6,21,Evening,1,1,0,0.0
248,Thursday,3,0,Night,1,1,0,0.0
248,Thursday,3,3,Night,1,1,1,1.0
248,Tuesday,1,0,Night,1,1,1,1.0
248,Tuesday,1,7,Morning Rush,2,2,2,1.0
248,Tuesday,1,14,Midday,1,1,1,1.0
248,Tuesday,1,15,Evening Rush,2,2,0,0.0
248,Tuesday,1,16,Evening Rush,1,1,0,0.0
248,Tuesday,1,17,Evening Rush,1,1,1,1.0
248,Tuesday,1,18,Evening Rush,1,1,0,0.0
248,Tuesday,1,20,Evening,1,1,1,1.0
248,Wednesday,2,6,Morning Rush,3,3,3,1.0
248,Wednesday,2,17,Evening Rush,1,1,1,1.0
248,Wednesday,2,19,Evening,1,1,0,0.0
248,Wednesday,2,21,Evening,1,1,1,1.0
249,Friday,4,13,Midday,1,1,0,0.0
249,Friday,4,17,Evening Rush,1,1,0,0.0
249,Friday,4,19,Evening,1,1,1,1.0
249,Friday,4,22,Evening,1,1,0,0.0
249,Monday,0,8,Morning Rush,1,1,0,0.0
249,Monday,0,12,Midday,1,1,0,0.0
249,Monday,0,14,Midday,1,1,1,1.0
249,Monday,0,16,Evening Rush,2,2,1,0.5
249,Monday,0,22,Evening,1,1,1,1.0
249,Monday,0,23,Evening,1,1,0,0.0
249,Saturday,5,3,Night,1,1,0,0.0
249,Saturday,5,5,Night,2,2,0,0.0
249,Saturday,5,6,Morning Rush,2,2,2,1.0
249,Saturday,5,20,Evening,1,1,1,1.0
249,Sunday,6,2,Night,1,1,1,1.0
249,Sunday,6,14,Midday,1,1,1,1.0
249,Sunday,6,17,Evening Rush,1,1,1,1.0
249,Sunday,6,19,Evening,2,2,0,0.0
249,Thursday,3,0,Night,1,1,1,1.0
249,Thursday,3,13,Midday,1,1,0,0.0
249,Thursday,3,14,Midday,1,1,0,0.0
249,Thursday,3,15,Evening Rush,1,1,0,0.0
249,Thursday,3,16,Evening Rush,2,2,0,0.0
249,Thursday,3,18,Evening Rush,1,1,1,1.0
249,Thursday,3,21,Evening,1,1,1,1.0
249,Tuesday,1,8,Morning Rush,2,2,1,0.5
249,Tuesday,1,11,Midday,1,1,1,1.0
249,Tuesday,1,21,Evening,1,1,0,0.0
249,Tuesday,1,23,Evening,1,1,1,1.0
249,Wednesday,2,8,Morning Rush,3,3,3,1.0
249,Wednesday,2,16,Evening Rush,1,1,0,0.0
249,Wednesday,2,17,Evening Rush,1,1,0,0.0
249,Wednesday,2,18,Evening Rush,1,1,1,1.0
249,Wednesday,2,21,Evening,1,1,1,1.0
250,Friday,4,11,Midday,1,1,1,1.0
250,Friday,4,12,Midday,1,1,0,0.0
250,Friday,4,13,Midday,1,1,1,1.0
250,Friday,4,17,Evening Rush,1,1,0,0.0
250,Friday,4,20,Evening,1,1,0,0.0
250,Monday,0,8,Morning Rush,1,1,1,1.0
250,Monday,0,17,Evening Rush,2,2,2,1.0
250,Saturday,5,6,Morning Rush,1,1,0,0.0
250,Saturday,5,7,Morning Rush,1,1,0,0.0
250,Sunday,6,6,Morning Rush,1,1,1,1.0
250,Sunday,6,9,Morning Rush,2,2,2,1.0
250,Sunday,6,13,Midday,1,1,1,1.0
250,Sunday,6,20,Evening,1,1,0,0.0
250,Thursday,3,5,Night,1,1,0,0.0
250,Thursday,3,7,Morning Rush,1,1,1,1.0
250,Thursday,3,14,Midday,1,1,1,1.0
250,Thursday,3,15,Evening Rush,1,1,0,0.0
250,Thursday,3,16,Evening Rush,1,1,0,0.0
250,Thursday,3,20,Evening,1,1,0,0.0
250,Tuesday,1,8,Morning Rush,1,1,0,0.0
250,Tuesday,1,20,Evening,2,2,1,0.5
250,Wednesday,2,7,Morning Rush,1,1,0,0.0
250,Wednesday,2,9,Morning Rush,3,3,1,0.3333333333333333
250,Wednesday,2,12,Midday,1,1,1,1.0
250,Wednesday,2,16,Evening Rush,1,1,0,0.0
250,Wednesday,2,23,Evening,1,1,1,1.0
251,Friday,4,16,Evening Rush,2,2,1,0.5
251,Monday,0,7,Morning Rush,2,2,2,1.0
251,Monday,0,16,Evening Rush,3,3,2,0.6666666666666666
251,Monday,0,18,Evening Rush,1,1,0,0.0
251,Monday,0,21,Evening,1,1,0,0.0
251,Saturday,5,11,Midday,1,1,1,1.0
251,Saturday,5,13,Midday,1,1,1,1.0
251,Sunday,6,19,Evening,1,1,0,0.0
251,Thursday,3,6,Morning Rush,1,1,0,0.0
251,Thursday,3,8,Morning Rush,1,1,1,1.0
251,Thursday,3,10,Midday,1,1,0,0.0
251,Thursday,3,13,Midday,1,1,1,1.0
251,Thursday,3,17,Evening Rush,1,1,0,0.0
251,Tuesday,1,8,Morning Rush,1,1,0,0.0
251,Tuesday,1,9,Morning Rush,2,2,1,0.5
251,Wednesday,2,9,Morning Rush,1,1,0,0.0
251,Wednesday,2,10,Midday,1,1,0,0.0
251,Wednesday,2,11,Midday,1,1,0,0.0
251,Wednesday,2,12,Midday,1,1,0,0.0
251,Wednesday,2,21,Evening,1,1,1,1.0
252,Friday,4,6,Morning Rush,2,2,2,1.0
252,Friday,4,11,Midday,1,1,0,0.0
252,Friday,4,12,Midday,1,1,0,0.0
252,Friday,4,15,Evening Rush,1,1,1,1.0
252,Friday,4,17,Evening Rush,3,3,1,0.3333333333333333
252,Friday,4,18,Evening Rush,1,1,0,0.0
252,Friday,4,20,Evening,1,1,0,0.0
252,Friday,4,21,Evening,1,1,1,1.0
252,Monday,0,10,Midday,1,1,0,0.0
252,Monday,0,11,Midday,1,1,1,1.0
252,Monday,0,13,Midday,1,1,0,0.0
252,Monday,0,17,Evening Rush,2,2,1,0.5
252,Monday,0,19,Evening,2,2,0,0.0
252,Saturday,5,10,Midday,1,1,1,1.0
252,Saturday,5,12,Midday,1,1,0,0.0
252,Saturday,5,14,Midday,1,1,0,0.0
252,Saturday,5,15,Evening Rush,1,1,0,0.0
252,Saturday,5,22,Evening,1,1,1,1.0
252,Sunday,6,6,Morning Rush,1,1,0,0.0
252,Sunday,6,15,Evening Rush,1,1,0,0.0
252,Sunday,6,16,Evening Rush,1,1,1,1.0
252,Sunday,6,18,Evening Rush,1,1,1,1.0
252,Sunday,6,21,Evening,1,1,0,0.0
252,Thursday,3,9,Morning Rush,3,3,3,1.0
252,Thursday,3,13,Midday,1,1,1,1.0
252,Tuesday,1,7,Morning Rush,1,1,1,1.0
252,Tuesday,1,8,Morning Rush,1,1,0,0.0
252,Tuesday,1,15,Evening Rush,1,1,0,0.0
252,Tuesday,1,18,Evening Rush,1,1,1,1.0
252,Tuesday,1,19,Evening,3,3,1,0.3333333333333333
252,Tuesday,1,20,Evening,1,1,0,0.0
252,Tuesday,1,23,Evening,1,1,0,0.0
252,Wednesday,2,8,Morning Rush,1,1,0,0.0
252,Wednesday,2,14,Midday,1,1,1,1.0
252,Wednesday,2,16,Evening Rush,1,1,0,0.0
252,Wednesday,2,17,Evening Rush,1,1,0,0.0
253,Friday,4,7,Morning Rush,1,1,0,0.0
253,Friday,4,8,Morning Rush,1,1,0,0.0
253,Friday,4,10,Midday,1,1,1,1.0
253,Friday,4,12,Midday,1,1,0,0.0
253,Friday,4,16,Evening Rush,1,1,1,1.0
253,Friday,4,17,Evening Rush,1,1,1,1.0
253,Monday,0,7,Morning Rush,2,2,1,0.5
253,Monday,0,8,Morning Rush,1,1,1,1.0
253,Monday,0,9,Morning Rush,1,1,1,1.0
253,Monday,0,11,Midday,1,1,1,1.0
253,Monday,0,13,Midday,1,1,0,0.0
253,Monday,0,15,Evening Rush,1,1,0,0.0
253,Monday,0,16,Evening Rush,2,2,2,1.0
253,Monday,0,17,Evening Rush,1,1,1,1.0
253,Monday,0,19,Evening,1,1,1,1.0
253,Monday,0,22,Evening,1,1,0,0.0
253,Saturday,5,12,Midday,1,1,0,0.0
253,Saturday,5,14,Midday,1,1,1,1.0
253,Sunday,6,8,Morning Rush,1,1,0,0.0
253,Sunday,6,11,Midday,1,1,0,0.0
253,Sunday,6,14,Midday,1,1,1,1.0
253,Sunday,6,16,Evening Rush,2,2,0,0.0
253,Sunday,6,22,Evening,1,1,0,0.0
253,Thursday,3,8,Morning Rush,1,1,0,0.0
253,Thursday,3,9,Morning Rush,2,2,1,0.5
253,Thursday,3,10,Midday,1,1,1,1.0
253,Thursday,3,17,Evening Rush,1,1,1,1.0
253,Thursday,3,18,Evening Rush,1,1,1,1.0
253,Thursday,3,20,Evening,1,1,1,1.0
253,Thursday,3,21,Evening,2,2,0,0.0
253,Tuesday,1,6,Morning Rush,1,1,0,0.0
253,Tuesday,1,7,Morning Rush,2,2,2,1.0
253,Tuesday,1,14,Midday,3,3,1,0.3333333333333333
253,Tuesday,1,18,Evening Rush,2,2,2,1.0
253,Tuesday,1,19,Evening,1,1,1,1.0
253,Tuesday,1,23,Evening,1,1,1,1.0
253,Wednesday,2,6,Morning Rush,1,1,1,1.0
253,Wednesday,2,7,Morning Rush,3,3,2,0.6666666666666666
253,Wednesday,2,9,Morning Rush,1,1,0,0.0
253,Wednesday,2,22,Evening,1,1,1,1.0
254,Friday,4,8,Morning Rush,1,1,0,0.0
254,Friday,4,10,Midday,1,1,0,0.0
254,Friday,4,11,Midday,1,1,0,0.0
254,Friday,4,17,Evening Rush,1,1,0,0.0
254,Friday,4,19,Evening,1,1,1,1.0
254,Friday,4,20,Evening,1,1,0,0.0
254,Friday,4,23,Evening,1,1,0,0.0
254,Monday,0,7,Morning Rush,1,1,0,0.0
254,Monday,0,9,Morning Rush,2,2,0,0.0
254,Monday,0,16,Evening Rush,2,2,1,0.5
254,Monday,0,18,Evening Rush,2,2,1,0.5
254,Saturday,5,7,Morning Rush,1,1,1,1.0
254,Saturday,5,11,Midday,1,1,0,0.0
254,Saturday,5,12,Midday,1,1,1,1.0
254,Saturday,5,22,Evening,1,1,1,1.0
254,Sunday,6,11,Midday,1,1,1,1.0
254,Sunday,6,12,Midday,1,1,1,1.0
254,Sunday,6,16,Evening Rush,1,1,0,0.0
254,Thursday,3,8,Morning Rush,2,2,2,1.0
254,Thursday,3,10,Midday,1,1,1,1.0
254,Thursday,3,15,Evening Rush,1,1,1,1.0
254,Thursday,3,18,Evening Rush,1,1,1,1.0
254,Tuesday,1,5,Night,2,2,2,1.0
254,Tuesday,1,8,Morning Rush,1,1,0,0.0
254,Tuesday,1,9,Morning Rush,2,2,1,0.5
254,Tuesday,1,14,Midday,1,1,0,0.0
254,Tuesday,1,16,Evening Rush,1,1,1,1.0
254,Tuesday,1,17,Evening Rush,1,1,0,0.0
254,Tuesday,1,19,Evening,1,1,0,0.0
254,Tuesday,1,21,Evening,1,1,0,0.0
254,Wednesday,2,3,Night,1,1,0,0.0
254,Wednesday,2,7,Morning Rush,1,1,1,1.0
254,Wednesday,2,11,Midday,1,1,1,1.0
254,Wednesday,2,16,Evening Rush,1,1,1,1.0
254,Wednesday,2,18,Evening Rush,2,2,0,0.0
254,Wednesday,2,21,Evening,1,1,1,1.0
255,Friday,4,5,Night,1,1,1,1.0
255,Friday,4,8,Morning Rush,2,2,2,1.0
255,Friday,4,10,Midday,1,1,0,0.0
255,Friday,4,12,Midday,1,1,0,0.0
255,Friday,4,14,Midday,1,1,1,1.0
255,Friday,4,16,Evening Rush,1,1,1,1.0
255,Friday,4,20,Evening,1,1,1,1.0
255,Monday,0,0,Night,2,2,0,0.0
255,Monday,0,1,Night,1,1,0,0.0
255,Monday,0,4,Night,1,1,0,0.0
255,Monday,0,8,Morning Rush,1,1,1,1.0
255,Monday,0,9,Morning Rush,2,2,2,1.0
255,Monday,0,10,Midday,1,1,1,1.0
255,Monday,0,11,Midday,1,1,1,1.0
255,Monday,0,12,Midday,1,1,0,0.0
255,Monday,0,13,Midday,1,1,0,0.0
255,Monday,0,16,Evening Rush,3,3,2,0.6666666666666666
255,Monday,0,19,Evening,1,1,1,1.0
255,Saturday,5,1,Night,1,1,0,0.0
255,Saturday,5,11,Midday,1,1,0,0.0
255,Saturday,5,17,Evening Rush,1,1,1,1.0
255,Saturday,5,19,Evening,1,1,0,0.0
255,Sunday,6,4,Night,1,1,1,1.0
255,Sunday,6,8,Morning Rush,1,1,0,0.0
255,Sunday,6,11,Midday,1,1,1,1.0
255,Sunday,6,12,Midday,1,1,0,0.0
255,Sunday,6,14,Midday,1,1,1,1.0
255,Sunday,6,17,Evening Rush,1,1,0,0.0
255,Sunday,6,20,Evening,1,1,1,1.0
255,Sunday,6,21,Evening,1,1,1,1.0
255,Thursday,3,4,Night,1,1,1,1.0
255,Thursday,3,7,Morning Rush,1,1,0,0.0
255,Thursday,3,11,Midday,1,1,1,1.0
255,Thursday,3,13,Midday,1,1,1,1.0
255,Thursday,3,14,Midday,1,1,0,0.0
255,Thursday,3,15,Evening Rush,1,1,1,1.0
255,Thursday,3,16,Evening Rush,3,3,1,0.3333333333333333
255,Thursday,3,17,Evening Rush,1,1,0,0.0
255,Thursday,3,20,Evening,1,1,0,0.0
255,Tuesday,1,4,Night,1,1,0,0.0
255,Tuesday,1,7,Morning Rush,2,2,1,0.5
255,Tuesday,1,8,Morning Rush,2,2,2,1.0
255,Tuesday,1,9,Morning Rush,2,2,2,1.0
255,Tuesday,1,11,Midday,1,1,1,1.0
255,Tuesday,1,12,Midday,1,1,1,1.0
255,Tuesday,1,14,Midday,1,1,1,1.0
255,Tuesday,1,15,Evening Rush,2,2,1,0.5
255,Wednesday,2,5,Night,1,1,0,0.0
255,Wednesday,2,7,Morning Rush,1,1,1,1.0
255,Wednesday,2,8,Morning Rush,4,4,2,0.5
255,Wednesday,2,9,Morning Rush,1,1,1,1.0
255,Wednesday,2,11,Midday,2,2,2,1.0
255,Wednesday,2,13,Midday,1,1,1,1.0
255,Wednesday,2,14,Midday,1,1,1,1.0
255,Wednesday,2,16,Evening Rush,1,1,1,1.0
255,Wednesday,2,17,Evening Rush,1,1,1,1.0
255,Wednesday,2,21,Evening,1,1,1,1.0
256,Friday,4,6,Morning Rush,1,1,1,1.0
256,Friday,4,8,Morning Rush,3,3,1,0.3333333333333333
256,Friday,4,10,Midday,1,1,1,1.0
256,Friday,4,11,Midday,1,1,1,1.0
256,Friday,4,12,Midday,1,1,1,1.0
256,Friday,4,16,Evening Rush,1,1,0,0.0
256,Friday,4,18,Evening Rush,2,2,1,0.5
256,Friday,4,20,Evening,1,1,0,0.0
256,Monday,0,9,Morning Rush,1,1,1,1.0
256,Monday,0,15,Evening Rush,1,1,0,0.0
256,Saturday,5,11,Midday,1,1,0,0.0
256,Saturday,5,15,Evening Rush,1,1,1,1.0
256,Saturday,5,22,Evening,1,1,0,0.0
256,Sunday,6,13,Midday,1,1,0,0.0
256,Sunday,6,14,Midday,1,1,0,0.0
256,Sunday,6,16,Evening Rush,1,1,0,0.0
256,Thursday,3,1,Night,1,1,0,0.0
256,Thursday,3,13,Midday,1,1,0,0.0
256,Thursday,3,14,Midday,1,1,0,0.0
256,Thursday,3,16,Evening Rush,1,1,0,0.0
256,Thursday,3,18,Evening Rush,1,1,0,0.0
256,Thursday,3,22,Evening,1,1,1,1.0
256,Tuesday,1,8,Morning Rush,1,1,1,1.0
256,Tuesday,1,13,Midday,1,1,1,1.0
256,Tuesday,1,16,Evening Rush,1,1,1,1.0
256,Wednesday,2,2,Night,1,1,0,0.0
256,Wednesday,2,6,Morning Rush,2,2,1,0.5
256,Wednesday,2,9,Morning Rush,1,1,1,1.0
256,Wednesday,2,10,Midday,1,1,1,1.0
256,Wednesday,2,11,Midday,1,1,1,1.0
256,Wednesday,2,14,Midday,2,2,1,0.5
256,Wednesday,2,18,Evening Rush,1,1,1,1.0
257,Friday,4,6,Morning Rush,4,4,2,0.5
257,Friday,4,7,Morning Rush,5,5,2,0.4
257,Friday,4,9,Morning Rush,1,1,1,1.0
257,Friday,4,10,Midday,2,2,2,1.0
257,Friday,4,12,Midday,1,1,1,1.0
257,Friday,4,13,Midday,8,8,2,0.25
257,Friday,4,15,Evening Rush,4,4,0,0.0
257,Friday,4,16,Evening Rush,1,1,0,0.0
257,Friday,4,18,Evening Rush,2,2,0,0.0
257,Friday,4,19,Evening,4,4,3,0.75
257,Friday,4,20,Evening,1,1,0,0.0
257,Friday,4,22,Evening,1,1,0,0.0
257,Friday,4,23,Evening,2,2,2,1.0
257,Monday,0,3,Night,1,1,1,1.0
257,Monday,0,7,Morning Rush,1,1,1,1.0
257,Monday,0,8,Morning Rush,3,3,2,0.6666666666666666
257,Monday,0,11,Midday,1,1,0,0.0
257,Monday,0,14,Midday,2,2,0,0.0
257,Monday,0,15,Evening Rush,1,1,0,0.0
257,Monday,0,16,Evening Rush,2,2,1,0.5
257,Monday,0,17,Evening Rush,2,2,0,0.0
257,Monday,0,18,Evening Rush,3,3,2,0.6666666666666666
257,Monday,0,22,Evening,2,2,2,1.0
257,Saturday,5,0,Night,1,1,0,0.0
257,Saturday,5,1,Night,2,2,1,0.5
257,Saturday,5,7,Morning Rush,3,3,2,0.6666666666666666
257,Saturday,5,8,Morning Rush,1,1,1,1.0
257,Saturday,5,11,Midday,2,2,2,1.0
257,Saturday,5,12,Midday,1,1,1,1.0
257,Saturday,5,13,Midday,1,1,0,0.0
257,Saturday,5,14,Midday,1,1,0,0.0
257,Saturday,5,16,Evening Rush,3,3,2,0.6666666666666666
257,Saturday,5,17,Evening Rush,1,1,1,1.0
257,Saturday,5,22,Evening,1,1,0,0.0
257,Sunday,6,0,Night,1,1,1,1.0
257,Sunday,6,1,Night,1,1,1,1.0
257,Sunday,6,7,Morning Rush,1,1,0,0.0
257,Sunday,6,8,Morning Rush,1,1,0,0.0
257,Sunday,6,10,Midday,1,1,0,0.0
257,Sunday,6,12,Midday,1,1,0,0.0
257,Sunday,6,13,Midday,1,1,0,0.0
257,Sunday,6,14,Midday,2,2,1,0.5
257,Sunday,6,17,Evening Rush,1,1,1,1.0
257,Sunday,6,18,Evening Rush,1,1,1,1.0
257,Thursday,3,4,Night,1,1,1,1.0
257,Thursday,3,6,Morning Rush,1,1,0,0.0
257,Thursday,3,7,Morning Rush,5,5,4,0.8
257,Thursday,3,8,Morning Rush,5,5,3,0.6
257,Thursday,3,9,Morning Rush,3,3,3,1.0
257,Thursday,3,10,Midday,1,1,1,1.0
257,Thursday,3,12,Midday,2,2,1,0.5
257,Thursday,3,13,Midday,3,3,0,0.0
257,Thursday,3,14,Midday,2,2,1,0.5
257,Thursday,3,15,Evening Rush,2,2,1,0.5
257,Thursday,3,16,Evening Rush,4,4,1,0.25
257,Thursday,3,17,Evening Rush,2,2,1,0.5
257,Thursday,3,19,Evening,1,1,0,0.0
257,Thursday,3,20,Evening,1,1,1,1.0
257,Thursday,3,21,Evening,1,1,1,1.0
257,Thursday,3,22,Evening,1,1,1,1.0
257,Thursday,3,23,Evening,2,2,1,0.5
257,Tuesday,1,5,Night,1,1,1,1.0
257,Tuesday,1,6,Morning Rush,4,4,2,0.5
257,Tuesday,1,7,Morning Rush,5,5,1,0.2
257,Tuesday,1,8,Morning Rush,6,6,3,0.5
257,Tuesday,1,9,Morning Rush,4,4,2,0.5
257,Tuesday,1,10,Midday,2,2,0,0.0
257,Tuesday,1,11,Midday,4,4,1,0.25
257,Tuesday,1,12,Midday,2,2,1,0.5
257,Tuesday,1,13,Midday,2,2,1,0.5
257,Tuesday,1,14,Midday,4,4,0,0.0
257,Tuesday,1,16,Evening Rush,4,4,0,0.0
257,Tuesday,1,17,Evening Rush,3,3,0,0.0
257,Tuesday,1,18,Evening Rush,2,2,0,0.0
257,Tuesday,1,19,Evening,1,1,0,0.0
257,Tuesday,1,20,Evening,1,1,1,1.0
257,Tuesday,1,23,Evening,1,1,0,0.0
257,Wednesday,2,6,Morning Rush,4,4,3,0.75
257,Wednesday,2,7,Morning Rush,2,2,1,0.5
257,Wednesday,2,8,Morning Rush,6,6,5,0.8333333333333334
257,Wednesday,2,9,Morning Rush,3,3,2,0.6666666666666666
257,Wednesday,2,10,Midday,2,2,1,0.5
257,Wednesday,2,12,Midday,1,1,1,1.0
257,Wednesday,2,13,Midday,1,1,0,0.0
257,Wednesday,2,14,Midday,1,1,1,1.0
257,Wednesday,2,16,Evening Rush,2,2,2,1.0
257,Wednesday,2,17,Evening Rush,1,1,0,0.0
257,Wednesday,2,18,Evening Rush,2,2,1,0.5
257,Wednesday,2,19,Evening,2,2,0,0.0
257,Wednesday,2,23,Evening,1,1,0,0.0
258,Friday,4,7,Morning Rush,1,1,1,1.0
258,Friday,4,8,Morning Rush,1,1,1,1.0
258,Friday,4,9,Morning Rush,1,1,0,0.0
258,Friday,4,11,Midday,1,1,1,1.0
258,Friday,4,14,Midday,1,1,1,1.0
258,Friday,4,15,Evening Rush,1,1,0,0.0
258,Friday,4,16,Evening Rush,1,1,1,1.0
258,Friday,4,19,Evening,1,1,1,1.0
258,Monday,0,7,Morning Rush,1,1,1,1.0
258,Monday,0,13,Midday,1,1,1,1.0
258,Monday,0,15,Evening Rush,1,1,0,0.0
258,Monday,0,16,Evening Rush,2,2,0,0.0
258,Monday,0,17,Evening Rush,1,1,0,0.0
258,Saturday,5,7,Morning Rush,1,1,1,1.0
258,Saturday,5,10,Midday,1,1,1,1.0
258,Saturday,5,22,Evening,2,2,2,1.0
258,Sunday,6,10,Midday,1,1,0,0.0
258,Thursday,3,0,Night,1,1,1,1.0
258,Thursday,3,9,Morning Rush,1,1,0,0.0
258,Thursday,3,13,Midday,1,1,0,0.0
258,Thursday,3,15,Evening Rush,2,2,1,0.5
258,Thursday,3,17,Evening Rush,1,1,1,1.0
258,Thursday,3,18,Evening Rush,1,1,0,0.0
258,Tuesday,1,6,Morning Rush,1,1,1,1.0
258,Tuesday,1,8,Morning Rush,1,1,0,0.0
258,Tuesday,1,15,Evening Rush,1,1,0,0.0
258,Tuesday,1,23,Evening,1,1,1,1.0
258,Wednesday,2,4,Night,1,1,0,0.0
258,Wednesday,2,7,Morning Rush,1,1,0,0.0
258,Wednesday,2,11,Midday,1,1,0,0.0
258,Wednesday,2,13,Midday,1,1,0,0.0
258,Wednesday,2,16,Evening Rush,1,1,0,0.0
258,Wednesday,2,18,Evening Rush,1,1,0,0.0
259,Friday,4,8,Morning Rush,1,1,1,1.0
259,Friday,4,10,Midday,1,1,1,1.0
259,Friday,4,13,Midday,1,1,1,1.0
259,Friday,4,14,Midday,1,1,0,0.0
259,Friday,4,17,Evening Rush,1,1,0,0.0
259,Friday,4,19,Evening,2,2,0,0.0
259,Friday,4,20,Evening,1,1,0,0.0
259,Friday,4,23,Evening,1,1,0,0.0
259,Monday,0,9,Morning Rush,1,1,1,1.0
259,Monday,0,17,Evening Rush,2,2,0,0.0
259,Monday,0,18,Evening Rush,1,1,0,0.0
259,Saturday,5,12,Midday,1,1,0,0.0
259,Saturday,5,15,Evening Rush,2,2,0,0.0
259,Saturday,5,18,Evening Rush,1,1,0,0.0
259,Saturday,5,19,Evening,1,1,1,1.0
259,Sunday,6,12,Midday,1,1,0,0.0
259,Sunday,6,15,Evening Rush,1,1,1,1.0
259,Sunday,6,18,Evening Rush,1,1,1,1.0
259,Thursday,3,6,Morning Rush,3,3,0,0.0
259,Thursday,3,8,Morning Rush,1,1,1,1.0
259,Thursday,3,10,Midday,1,1,1,1.0
259,Thursday,3,17,Evening Rush,2,2,1,0.5
259,Thursday,3,19,Evening,1,1,0,0.0
259,Tuesday,1,8,Morning Rush,1,1,0,0.0
259,Tuesday,1,17,Evening Rush,1,1,0,0.0
259,Wednesday,2,12,Midday,1,1,0,0.0
259,Wednesday,2,13,Midday,1,1,0,0.0
259,Wednesday,2,15,Evening Rush,2,2,0,0.0
259,Wednesday,2,17,Evening Rush,3,3,1,0.3333333333333333
259,Wednesday,2,18,Evening Rush,1,1,1,1.0
259,Wednesday,2,19,Evening,2,2,2,1.0
260,Friday,4,1,Night,1,1,0,0.0
260,Friday,4,2,Night,1,1,1,1.0
260,Friday,4,7,Morning Rush,2,2,2,1.0
260,Friday,4,8,Morning Rush,1,1,1,1.0
260,Friday,4,9,Morning Rush,1,1,0,0.0
260,Friday,4,13,Midday,2,2,2,1.0
260,Friday,4,14,Midday,1,1,1,1.0
260,Friday,4,16,Evening Rush,2,2,1,0.5
260,Monday,0,8,Morning Rush,1,1,1,1.0
260,Monday,0,9,Morning Rush,2,2,0,0.0
260,Monday,0,10,Midday,1,1,0,0.0
260,Monday,0,19,Evening,1,1,0,0.0
260,Monday,0,20,Evening,1,1,0,0.0
260,Saturday,5,7,Morning Rush,1,1,1,1.0
260,Saturday,5,19,Evening,1,1,1,1.0
260,Thursday,3,6,Morning Rush,2,2,2,1.0
260,Thursday,3,7,Morning Rush,1,1,1,1.0
260,Thursday,3,8,Morning Rush,1,1,0,0.0
260,Thursday,3,16,Evening Rush,2,2,1,0.5
260,Thursday,3,18,Evening Rush,1,1,0,0.0
260,Tuesday,1,6,Morning Rush,1,1,0,0.0
260,Tuesday,1,8,Morning Rush,1,1,0,0.0
260,Tuesday,1,9,Morning Rush,1,1,0,0.0
260,Tuesday,1,10,Midday,1,1,0,0.0
260,Tuesday,1,14,Midday,1,1,0,0.0
260,Tuesday,1,16,Evening Rush,1,1,0,0.0
260,Wednesday,2,6,Morning Rush,1,1,1,1.0
260,Wednesday,2,7,Morning Rush,1,1,1,1.0
260,Wednesday,2,9,Morning Rush,1,1,0,0.0
260,Wednesday,2,10,Midday,1,1,1,1.0
260,Wednesday,2,16,Evening Rush,1,1,0,0.0
261,Friday,4,14,Midday,1,1,0,0.0
261,Friday,4,15,Evening Rush,1,1,1,1.0
261,Friday,4,16,Evening Rush,1,1,0,0.0
261,Friday,4,17,Evening Rush,1,1,0,0.0
261,Friday,4,19,Evening,1,1,0,0.0
261,Friday,4,20,Evening,1,1,1,1.0
261,Friday,4,23,Evening,1,1,1,1.0
261,Monday,0,2,Night,1,1,1,1.0
261,Monday,0,12,Midday,1,1,0,0.0
261,Monday,0,16,Evening Rush,1,1,1,1.0
261,Monday,0,17,Evening Rush,1,1,0,0.0
261,Monday,0,18,Evening Rush,1,1,0,0.0
261,Saturday,5,17,Evening Rush,3,3,1,0.3333333333333333
261,Saturday,5,21,Evening,1,1,0,0.0
261,Saturday,5,22,Evening,1,1,0,0.0
261,Sunday,6,7,Morning Rush,1,1,0,0.0
261,Sunday,6,15,Evening Rush,1,1,0,0.0
261,Sunday,6,21,Evening,1,1,0,0.0
261,Thursday,3,7,Morning Rush,1,1,1,1.0
261,Thursday,3,14,Midday,1,1,0,0.0
261,Thursday,3,17,Evening Rush,2,2,2,1.0
261,Thursday,3,18,Evening Rush,1,1,0,0.0
261,Thursday,3,23,Evening,1,1,1,1.0
261,Tuesday,1,8,Morning Rush,1,1,1,1.0
261,Tuesday,1,10,Midday,1,1,1,1.0
261,Tuesday,1,17,Evening Rush,2,2,0,0.0
261,Tuesday,1,19,Evening,2,2,0,0.0
261,Tuesday,1,21,Evening,1,1,0,0.0
261,Tuesday,1,22,Evening,1,1,1,1.0
261,Wednesday,2,1,Night,1,1,0,0.0
261,Wednesday,2,12,Midday,1,1,0,0.0
261,Wednesday,2,13,Midday,1,1,1,1.0
261,Wednesday,2,14,Midday,1,1,0,0.0
261,Wednesday,2,18,Evening Rush,1,1,1,1.0
262,Friday,4,16,Evening Rush,2,2,0,0.0
262,Friday,4,17,Evening Rush,2,2,1,0.5
262,Friday,4,18,Evening Rush,1,1,0,0.0
262,Friday,4,19,Evening,1,1,0,0.0
262,Monday,0,14,Midday,2,2,0,0.0
262,Saturday,5,7,Morning Rush,1,1,0,0.0
262,Saturday,5,12,Midday,3,3,1,0.3333333333333333
262,Saturday,5,16,Evening Rush,1,1,1,1.0
262,Saturday,5,19,Evening,1,1,1,1.0
262,Saturday,5,21,Evening,1,1,0,0.0
262,Sunday,6,20,Evening,1,1,0,0.0
262,Thursday,3,15,Evening Rush,1,1,1,1.0
262,Thursday,3,20,Evening,1,1,0,0.0
262,Tuesday,1,11,Midday,1,1,0,0.0
262,Tuesday,1,12,Midday,1,1,0,0.0
262,Wednesday,2,15,Evening Rush,1,1,1,1.0
262,Wednesday,2,19,Evening,1,1,0,0.0
263,Friday,4,1,Night,1,1,1,1.0
263,Friday,4,13,Midday,1,1,0,0.0
263,Friday,4,17,Evening Rush,2,2,1,0.5
263,Friday,4,18,Evening Rush,1,1,1,1.0
263,Saturday,5,19,Evening,1,1,0,0.0
263,Saturday,5,20,Evening,1,1,1,1.0
263,Sunday,6,9,Morning Rush,2,2,0,0.0
263,Sunday,6,13,Midday,2,2,2,1.0
263,Thursday,3,15,Evening Rush,1,1,0,0.0
263,Thursday,3,23,Evening,1,1,1,1.0
263,Tuesday,1,7,Morning Rush,1,1,0,0.0
263,Tuesday,1,9,Morning Rush,1,1,0,0.0
263,Tuesday,1,11,Midday,1,1,0,0.0
263,Tuesday,1,12,Midday,2,2,2,1.0
263,Wednesday,2,9,Morning Rush,1,1,0,0.0
263,Wednesday,2,16,Evening Rush,1,1,0,0.0
263,Wednesday,2,20,Evening,1,1,0,0.0
263,Wednesday,2,21,Evening,1,1,1,1.0
264,Friday,4,6,Morning Rush,4,4,2,0.5
264,Friday,4,14,Midday,1,1,0,0.0
264,Friday,4,17,Evening Rush,1,1,1,1.0
264,Monday,0,6,Morning Rush,1,1,0,0.0
264,Monday,0,7,Morning Rush,3,3,3,1.0
264,Monday,0,8,Morning Rush,1,1,0,0.0
264,Monday,0,13,Midday,1,1,0,0.0
264,Monday,0,15,Evening Rush,1,1,0,0.0
264,Saturday,5,8,Morning Rush,1,1,0,0.0
264,Saturday,5,10,Midday,1,1,0,0.0
264,Sunday,6,22,Evening,1,1,1,1.0
264,Sunday,6,23,Evening,1,1,1,1.0
264,Thursday,3,7,Morning Rush,3,3,1,0.3333333333333333
264,Thursday,3,9,Morning Rush,1,1,0,0.0
264,Thursday,3,10,Midday,2,2,0,0.0
264,Thursday,3,12,Midday,2,2,1,0.5
264,Thursday,3,14,Midday,1,1,0,0.0
264,Thursday,3,18,Evening Rush,1,1,0,0.0
264,Tuesday,1,8,Morning Rush,1,1,0,0.0
264,Tuesday,1,9,Morning Rush,1,1,1,1.0
264,Tuesday,1,17,Evening Rush,1,1,1,1.0
264,Wednesday,2,14,Midday,1,1,0,0.0
264,Wednesday,2,19,Evening,1,1,1,1.0
264,Wednesday,2,23,Evening,2,2,1,0.5
265,Friday,4,4,Night,1,1,0,0.0
265,Friday,4,10,Midday,1,1,0,0.0
265,Friday,4,12,Midday,1,1,0,0.0
265,Friday,4,22,Evening,1,1,1,1.0
265,Monday,0,9,Morning Rush,1,1,0,0.0
265,Monday,0,11,Midday,1,1,1,1.0
265,Monday,0,12,Midday,2,2,1,0.5
265,Monday,0,13,Midday,1,1,0,0.0
265,Monday,0,16,Evening Rush,1,1,0,0.0
265,Monday,0,17,Evening Rush,1,1,1,1.0
265,Saturday,5,10,Midday,1,1,1,1.0
265,Saturday,5,13,Midday,1,1,1,1.0
265,Saturday,5,14,Midday,1,1,1,1.0
265,Saturday,5,16,Evening Rush,1,1,1,1.0
265,Sunday,6,5,Night,1,1,0,0.0
265,Sunday,6,19,Evening,1,1,0,0.0
265,Thursday,3,7,Morning Rush,1,1,1,1.0
265,Thursday,3,8,Morning Rush,1,1,1,1.0
265,Thursday,3,14,Midday,1,1,0,0.0
265,Thursday,3,15,Evening Rush,1,1,1,1.0
265,Tuesday,1,3,Night,1,1,1,1.0
265,Tuesday,1,17,Evening Rush,1,1,1,1.0
265,Tuesday,1,18,Evening Rush,1,1,0,0.0
265,Wednesday,2,7,Morning Rush,2,2,2,1.0
265,Wednesday,2,8,Morning Rush,1,1,1,1.0
265,Wednesday,2,10,Midday,1,1,0,0.0
265,Wednesday,2,12,Midday,1,1,0,0.0
266,Friday,4,10,Midday,1,1,1,1.0
266,Friday,4,14,Midday,1,1,1,1.0
266,Monday,0,6,Morning Rush,1,1,1,1.0
266,Monday,0,9,Morning Rush,1,1,1,1.0
266,Monday,0,13,Midday,1,1,0,0.0
266,Monday,0,19,Evening,1,1,1,1.0
266,Monday,0,23,Evening,2,2,1,0.5
266,Saturday,5,6,Morning Rush,1,1,1,1.0
266,Saturday,5,22,Evening,1,1,1,1.0
266,Sunday,6,12,Midday,1,1,1,1.0
266,Thursday,3,5,Night,1,1,0,0.0
266,Thursday,3,10,Midday,1,1,0,0.0
266,Thursday,3,14,Midday,1,1,1,1.0
266,Thursday,3,17,Evening Rush,1,1,0,0.0
266,Tuesday,1,1,Night,1,1,0,0.0
266,Tuesday,1,8,Morning Rush,1,1,0,0.0
266,Tuesday,1,10,Midday,2,2,0,0.0
266,Tuesday,1,11,Midday,1,1,0,0.0
266,Tuesday,1,17,Evening Rush,1,1,0,0.0
266,Tuesday,1,19,Evening,1,1,0,0.0
266,Wednesday,2,4,Night,1,1,1,1.0
266,Wednesday,2,9,Morning Rush,1,1,0,0.0
266,Wednesday,2,18,Evening Rush,1,1,0,0.0
266,Wednesday,2,19,Evening,1,1,1,1.0
267,Friday,4,8,Morning Rush,1,1,1,1.0
267,Friday,4,11,Midday,1,1,1,1.0
267,Friday,4,12,Midday,1,1,1,1.0
267,Friday,4,17,Evening Rush,4,4,2,0.5
267,Friday,4,19,Evening,4,4,3,0.75
267,Monday,0,7,Morning Rush,1,1,1,1.0
267,Monday,0,9,Morning Rush,1,1,1,1.0
267,Monday,0,16,Evening Rush,2,2,1,0.5
267,Monday,0,19,Evening,2,2,1,0.5
267,Saturday,5,8,Morning Rush,1,1,0,0.0
267,Saturday,5,9,Morning Rush,1,1,1,1.0
267,Saturday,5,11,Midday,1,1,0,0.0
267,Saturday,5,14,Midday,1,1,1,1.0
267,Saturday,5,16,Evening Rush,1,1,1,1.0
267,Saturday,5,22,Evening,1,1,1,1.0
267,Sunday,6,0,Night,1,1,0,0.0
267,Sunday,6,13,Midday,1,1,1,1.0
267,Sunday,6,19,Evening,1,1,0,0.0
267,Thursday,3,7,Morning Rush,1,1,1,1.0
267,Thursday,3,9,Morning Rush,1,1,1,1.0
267,Thursday,3,11,Midday,1,1,1,1.0
267,Thursday,3,15,Evening Rush,2,2,1,0.5
267,Thursday,3,18,Evening Rush,1,1,1,1.0
267,Tuesday,1,8,Morning Rush,1,1,1,1.0
267,Tuesday,1,9,Morning Rush,1,1,1,1.0
267,Tuesday,1,17,Evening Rush,1,1,0,0.0
267,Tuesday,1,20,Evening,1,1,1,1.0
267,Wednesday,2,14,Midday,1,1,1,1.0
267,Wednesday,2,20,Evening,2,2,2,1.0
268,Friday,4,1,Night,2,2,2,1.0
268,Friday,4,12,Midday,1,1,1,1.0
268,Friday,4,13,Midday,2,2,0,0.0
268,Friday,4,16,Evening Rush,1,1,1,1.0
268,Friday,4,17,Evening Rush,2,2,1,0.5
268,Friday,4,18,Evening Rush,1,1,1,1.0
268,Friday,4,20,Evening,1,1,0,0.0
268,Monday,0,12,Midday,1,1,0,0.0
268,Monday,0,13,Midday,1,1,0,0.0
268,Monday,0,15,Evening Rush,1,1,0,0.0
268,Monday,0,16,Evening Rush,2,2,0,0.0
268,Monday,0,19,Evening,1,1,1,1.0
268,Monday,0,20,Evening,1,1,1,1.0
268,Monday,0,21,Evening,1,1,0,0.0
268,Saturday,5,0,Night,1,1,0,0.0
268,Saturday,5,12,Midday,2,2,0,0.0
268,Saturday,5,16,Evening Rush,2,2,1,0.5
268,Saturday,5,18,Evening Rush,1,1,0,0.0
268,Saturday,5,20,Evening,3,3,1,0.3333333333333333
268,Saturday,5,22,Evening,1,1,1,1.0
268,Sunday,6,8,Morning Rush,1,1,1,1.0
268,Sunday,6,10,Midday,1,1,1,1.0
268,Sunday,6,11,Midday,2,2,1,0.5
268,Sunday,6,12,Midday,1,1,0,0.0
268,Sunday,6,15,Evening Rush,1,1,1,1.0
268,Sunday,6,18,Evening Rush,2,2,2,1.0
268,Thursday,3,8,Morning Rush,3,3,0,0.0
268,Thursday,3,9,Morning Rush,1,1,0,0.0
268,Thursday,3,10,Midday,1,1,1,1.0
268,Thursday,3,11,Midday,2,2,1,0.5
268,Thursday,3,12,Midday,1,1,0,0.0
268,Thursday,3,15,Evening Rush,3,3,1,0.3333333333333333
268,Thursday,3,16,Evening Rush,1,1,1,1.0
268,Thursday,3,17,Evening Rush,1,1,1,1.0
268,Thursday,3,18,Evening Rush,1,1,0,0.0
268,Thursday,3,20,Evening,1,1,1,1.0
268,Tuesday,1,10,Midday,1,1,1,1.0
268,Tuesday,1,13,Midday,1,1,0,0.0
268,Tuesday,1,14,Midday,1,1,1,1.0
268,Tuesday,1,15,Evening Rush,1,1,0,0.0
268,Tuesday,1,16,Evening Rush,1,1,0,0.0
268,Tuesday,1,19,Evening,1,1,1,1.0
268,Tuesday,1,21,Evening,1,1,1,1.0
268,Wednesday,2,7,Morning Rush,1,1,1,1.0
268,Wednesday,2,12,Midday,3,3,1,0.3333333333333333
268,Wednesday,2,15,Evening Rush,2,2,0,0.0
268,Wednesday,2,16,Evening Rush,1,1,0,0.0
268,Wednesday,2,17,Evening Rush,2,2,1,0.5
268,Wednesday,2,22,Evening,1,1,0,0.0
269,Friday,4,8,Morning Rush,1,1,1,1.0
269,Friday,4,16,Evening Rush,1,1,0,0.0
269,Friday,4,18,Evening Rush,2,2,1,0.5
269,Friday,4,19,Evening,1,1,0,0.0
269,Friday,4,20,Evening,2,2,0,0.0
269,Friday,4,23,Evening,2,2,0,0.0
269,Monday,0,0,Night,1,1,0,0.0
269,Monday,0,2,Night,1,1,1,1.0
269,Monday,0,8,Morning Rush,1,1,0,0.0
269,Monday,0,19,Evening,1,1,0,0.0
269,Monday,0,22,Evening,1,1,0,0.0
269,Saturday,5,6,Morning Rush,1,1,0,0.0
269,Saturday,5,13,Midday,1,1,1,1.0
269,Saturday,5,17,Evening Rush,1,1,1,1.0
269,Saturday,5,22,Evening,2,2,1,0.5
269,Sunday,6,0,Night,1,1,0,0.0
269,Sunday,6,11,Midday,2,2,2,1.0
269,Sunday,6,13,Midday,1,1,1,1.0
269,Sunday,6,16,Evening Rush,1,1,0,0.0
269,Sunday,6,17,Evening Rush,1,1,1,1.0
269,Thursday,3,17,Evening Rush,1,1,0,0.0
269,Thursday,3,22,Evening,1,1,0,0.0
269,Thursday,3,23,Evening,1,1,1,1.0
269,Tuesday,1,6,Morning Rush,1,1,0,0.0
269,Tuesday,1,7,Morning Rush,1,1,0,0.0
269,Wednesday,2,7,Morning Rush,2,2,2,1.0
269,Wednesday,2,9,Morning Rush,1,1,0,0.0
269,Wednesday,2,12,Midday,2,2,1,0.5
269,Wednesday,2,14,Midday,1,1,1,1.0
270,Friday,4,0,Night,1,1,0,0.0
270,Friday,4,13,Midday,1,1,0,0.0
270,Friday,4,16,Evening Rush,2,2,0,0.0
270,Friday,4,18,Evening Rush,5,5,2,0.4
270,Friday,4,19,Evening,1,1,1,1.0
270,Friday,4,23,Evening,1,1,1,1.0
270,Monday,0,13,Midday,2,2,0,0.0
270,Monday,0,15,Evening Rush,3,3,0,0.0
270,Monday,0,19,Evening,2,2,0,0.0
270,Monday,0,20,Evening,1,1,1,1.0
270,Saturday,5,11,Midday,1,1,0,0.0
270,Saturday,5,12,Midday,1,1,0,0.0
270,Saturday,5,13,Midday,1,1,0,0.0
270,Saturday,5,14,Midday,1,1,1,1.0
270,Saturday,5,17,Evening Rush,1,1,1,1.0
270,Saturday,5,19,Evening,1,1,0,0.0
270,Sunday,6,6,Morning Rush,1,1,1,1.0
270,Sunday,6,11,Midday,2,2,0,0.0
270,Sunday,6,15,Evening Rush,1,1,0,0.0
270,Sunday,6,21,Evening,1,1,0,0.0
270,Thursday,3,6,Morning Rush,1,1,1,1.0
270,Thursday,3,9,Morning Rush,2,2,0,0.0
270,Thursday,3,11,Midday,1,1,1,1.0
270,Thursday,3,13,Midday,1,1,1,1.0
270,Thursday,3,15,Evening Rush,1,1,0,0.0
270,Thursday,3,17,Evening Rush,1,1,0,0.0
270,Thursday,3,18,Evening Rush,1,1,1,1.0
270,Thursday,3,19,Evening,1,1,0,0.0
270,Thursday,3,20,Evening,1,1,1,1.0
270,Thursday,3,21,Evening,1,1,0,0.0
270,Thursday,3,22,Evening,1,1,0,0.0
270,Tuesday,1,5,Night,1,1,0,0.0
270,Tuesday,1,8,Morning Rush,2,2,1,0.5
270,Tuesday,1,10,Midday,1,1,0,0.0
270,Tuesday,1,11,Midday,2,2,0,0.0
270,Tuesday,1,16,Evening Rush,1,1,0,0.0
270,Tuesday,1,17,Evening Rush,3,3,2,0.6666666666666666
270,Tuesday,1,18,Evening Rush,1,1,0,0.0
270,Tuesday,1,20,Evening,1,1,0,0.0
270,Wednesday,2,2,Night,1,1,0,0.0
270,Wednesday,2,4,Night,3,3,3,1.0
270,Wednesday,2,6,Morning Rush,1,1,0,0.0
270,Wednesday,2,7,Morning Rush,1,1,1,1.0
270,Wednesday,2,15,Evening Rush,1,1,1,1.0
270,Wednesday,2,17,Evening Rush,2,2,1,0.5
270,Wednesday,2,20,Evening,1,1,0,0.0
270,Wednesday,2,21,Evening,1,1,0,0.0
271,Friday,4,6,Morning Rush,2,2,2,1.0
271,Friday,4,7,Morning Rush,1,1,0,0.0
271,Friday,4,8,Morning Rush,2,2,1,0.5
271,Friday,4,9,Morning Rush,1,1,1,1.0
271,Friday,4,15,Evening Rush,1,1,0,0.0
271,Friday,4,17,Evening Rush,1,1,0,0.0
271,Friday,4,20,Evening,1,1,1,1.0
271,Monday,0,11,Midday,1,1,1,1.0
271,Monday,0,12,Midday,2,2,0,0.0
271,Monday,0,18,Evening Rush,1,1,0,0.0
271,Saturday,5,0,Night,1,1,0,0.0
271,Saturday,5,8,Morning Rush,1,1,1,1.0
271,Saturday,5,9,Morning Rush,1,1,1,1.0
271,Saturday,5,18,Evening Rush,1,1,1,1.0
271,Saturday,5,22,Evening,1,1,1,1.0
271,Sunday,6,7,Morning Rush,1,1,1,1.0
271,Sunday,6,10,Midday,1,1,1,1.0
271,Sunday,6,15,Evening Rush,1,1,1,1.0
271,Sunday,6,16,Evening Rush,1,1,1,1.0
271,Thursday,3,7,Morning Rush,1,1,1,1.0
271,Thursday,3,9,Morning Rush,2,2,2,1.0
271,Thursday,3,10,Midday,1,1,1,1.0
271,Thursday,3,14,Midday,1,1,1,1.0
271,Thursday,3,19,Evening,1,1,0,0.0
271,Tuesday,1,0,Night,1,1,1,1.0
271,Tuesday,1,1,Night,1,1,1,1.0
271,Tuesday,1,5,Night,1,1,0,0.0
271,Tuesday,1,6,Morning Rush,1,1,1,1.0
271,Tuesday,1,7,Morning Rush,1,1,0,0.0
271,Tuesday,1,8,Morning Rush,3,3,1,0.3333333333333333
271,Tuesday,1,9,Morning Rush,1,1,0,0.0
271,Tuesday,1,11,Midday,1,1,0,0.0
271,Tuesday,1,19,Evening,1,1,0,0.0
271,Tuesday,1,20,Evening,1,1,1,1.0
271,Tuesday,1,23,Evening,1,1,0,0.0
271,Wednesday,2,5,Night,2,2,2,1.0
271,Wednesday,2,6,Morning Rush,1,1,1,1.0
271,Wednesday,2,7,Morning Rush,1,1,0,0.0
271,Wednesday,2,8,Morning Rush,1,1,1,1.0
271,Wednesday,2,9,Morning Rush,1,1,1,1.0
271,Wednesday,2,12,Midday,1,1,1,1.0
271,Wednesday,2,14,Midday,1,1,0,0.0
271,Wednesday,2,16,Evening Rush,2,2,1,0.5
271,Wednesday,2,19,Evening,1,1,0,0.0
272,Friday,4,5,Night,1,1,0,0.0
272,Friday,4,13,Midday,1,1,0,0.0
272,Friday,4,17,Evening Rush,2,2,0,0.0
272,Friday,4,22,Evening,1,1,0,0.0
272,Monday,0,14,Midday,1,1,0,0.0
272,Monday,0,17,Evening Rush,1,1,0,0.0
272,Saturday,5,17,Evening Rush,1,1,1,1.0
272,Sunday,6,15,Evening Rush,1,1,0,0.0
272,Tuesday,1,9,Morning Rush,1,1,0,0.0
272,Tuesday,1,14,Midday,1,1,0,0.0
272,Tuesday,1,15,Evening Rush,1,1,1,1.0
272,Tuesday,1,17,Evening Rush,2,2,1,0.5
272,Tuesday,1,20,Evening,1,1,0,0.0
272,Wednesday,2,4,Night,1,1,0,0.0
272,Wednesday,2,17,Evening Rush,2,2,0,0.0
272,Wednesday,2,19,Evening,1,1,0,0.0
272,Wednesday,2,21,Evening,1,1,1,1.0
273,Friday,4,10,Midday,1,1,0,0.0
273,Friday,4,15,Evening Rush,1,1,0,0.0
273,Friday,4,18,Evening Rush,1,1,1,1.0
273,Friday,4,19,Evening,2,2,1,0.5
273,Monday,0,4,Night,1,1,0,0.0
273,Monday,0,6,Morning Rush,2,2,1,0.5
273,Monday,0,7,Morning Rush,1,1,1,1.0
273,Monday,0,11,Midday,1,1,1,1.0
273,Monday,0,13,Midday,1,1,0,0.0
273,Monday,0,17,Evening Rush,1,1,0,0.0
273,Monday,0,19,Evening,1,1,0,0.0
273,Saturday,5,6,Morning Rush,1,1,0,0.0
273,Saturday,5,9,Morning Rush,1,1,0,0.0
273,Saturday,5,17,Evening Rush,1,1,0,0.0
273,Saturday,5,18,Evening Rush,1,1,0,0.0
273,Saturday,5,21,Evening,1,1,0,0.0
273,Saturday,5,23,Evening,1,1,0,0.0
273,Sunday,6,14,Midday,1,1,0,0.0
273,Sunday,6,17,Evening Rush,1,1,1,1.0
273,Sunday,6,20,Evening,1,1,0,0.0
273,Thursday,3,4,Night,1,1,1,1.0
273,Thursday,3,13,Midday,1,1,0,0.0
273,Thursday,3,16,Evening Rush,1,1,0,0.0
273,Thursday,3,18,Evening Rush,2,2,1,0.5
273,Thursday,3,19,Evening,1,1,1,1.0
273,Thursday,3,20,Evening,1,1,1,1.0
273,Tuesday,1,9,Morning Rush,1,1,1,1.0
273,Tuesday,1,11,Midday,1,1,0,0.0
273,Tuesday,1,12,Midday,1,1,0,0.0
273,Tuesday,1,14,Midday,2,2,0,0.0
273,Tuesday,1,15,Evening Rush,1,1,0,0.0
273,Tuesday,1,19,Evening,1,1,0,0.0
273,Wednesday,2,11,Midday,1,1,0,0.0
273,Wednesday,2,16,Evening Rush,1,1,0,0.0
273,Wednesday,2,17,Evening Rush,2,2,1,0.5
273,Wednesday,2,20,Evening,1,1,0,0.0
274,Friday,4,8,Morning Rush,1,1,0,0.0
274,Friday,4,9,Morning Rush,1,1,1,1.0
274,Friday,4,12,Midday,1,1,1,1.0
274,Friday,4,18,Evening Rush,1,1,1,1.0
274,Friday,4,19,Evening,1,1,1,1.0
274,Monday,0,16,Evening Rush,1,1,1,1.0
274,Monday,0,19,Evening,1,1,0,0.0
274,Saturday,5,20,Evening,1,1,1,1.0
274,Sunday,6,14,Midday,1,1,0,0.0
274,Thursday,3,9,Morning Rush,2,2,2,1.0
274,Thursday,3,13,Midday,1,1,0,0.0
274,Thursday,3,18,Evening Rush,1,1,0,0.0
274,Thursday,3,19,Evening,1,1,0,0.0
274,Tuesday,1,9,Morning Rush,2,2,1,0.5
274,Tuesday,1,10,Midday,1,1,1,1.0
274,Tuesday,1,11,Midday,2,2,0,0.0
274,Tuesday,1,16,Evening Rush,1,1,0,0.0
274,Tuesday,1,20,Evening,1,1,0,0.0
274,Wednesday,2,8,Morning Rush,1,1,1,1.0
274,Wednesday,2,11,Midday,1,1,0,0.0
274,Wednesday,2,15,Evening Rush,1,1,1,1.0
274,Wednesday,2,17,Evening Rush,1,1,1,1.0
274,Wednesday,2,20,Evening,1,1,1,1.0
275,Friday,4,14,Midday,1,1,0,0.0
275,Friday,4,15,Evening Rush,2,2,0,0.0
275,Friday,4,16,Evening Rush,1,1,0,0.0
275,Friday,4,17,Evening Rush,1,1,1,1.0
275,Monday,0,6,Morning Rush,1,1,0,0.0
275,Monday,0,7,Morning Rush,1,1,1,1.0
275,Monday,0,8,Morning Rush,1,1,0,0.0
275,Monday,0,9,Morning Rush,2,2,1,0.5
275,Monday,0,12,Midday,1,1,0,0.0
275,Monday,0,16,Evening Rush,1,1,0,0.0
275,Saturday,5,7,Morning Rush,1,1,1,1.0
275,Saturday,5,9,Morning Rush,1,1,0,0.0
275,Saturday,5,10,Midday,1,1,0,0.0
275,Saturday,5,13,Midday,1,1,0,0.0
275,Saturday,5,14,Midday,1,1,0,0.0
275,Saturday,5,15,Evening Rush,1,1,1,1.0
275,Saturday,5,22,Evening,1,1,1,1.0
275,Thursday,3,6,Morning Rush,1,1,0,0.0
275,Thursday,3,18,Evening Rush,1,1,1,1.0
275,Thursday,3,19,Evening,1,1,0,0.0
275,Tuesday,1,9,Morning Rush,1,1,1,1.0
275,Tuesday,1,10,Midday,1,1,0,0.0
275,Tuesday,1,11,Midday,2,2,1,0.5
275,Tuesday,1,12,Midday,1,1,1,1.0
275,Tuesday,1,17,Evening Rush,1,1,0,0.0
275,Tuesday,1,18,Evening Rush,3,3,2,0.6666666666666666
275,Wednesday,2,5,Night,1,1,0,0.0
275,Wednesday,2,11,Midday,1,1,0,0.0
275,Wednesday,2,12,Midday,1,1,0,0.0
275,Wednesday,2,16,Evening Rush,1,1,0,0.0
275,Wednesday,2,21,Evening,1,1,1,1.0
276,Friday,4,12,Midday,3,3,0,0.0
276,Friday,4,15,Evening Rush,4,4,0,0.0
276,Friday,4,16,Evening Rush,1,1,0,0.0
276,Friday,4,22,Evening,1,1,0,0.0
276,Monday,0,7,Morning Rush,3,3,1,0.3333333333333333
276,Monday,0,8,Morning Rush,1,1,1,1.0
276,Saturday,5,10,Midday,1,1,1,1.0
276,Saturday,5,17,Evening Rush,1,1,1,1.0
276,Saturday,5,21,Evening,1,1,0,0.0
276,Sunday,6,3,Night,1,1,0,0.0
276,Sunday,6,5,Night,1,1,0,0.0
276,Sunday,6,13,Midday,1,1,1,1.0
276,Sunday,6,18,Evening Rush,1,1,1,1.0
276,Thursday,3,8,Morning Rush,1,1,0,0.0
276,Thursday,3,14,Midday,1,1,0,0.0
276,Thursday,3,16,Evening Rush,2,2,0,0.0
276,Thursday,3,17,Evening Rush,3,3,0,0.0
276,Thursday,3,18,Evening Rush,2,2,0,0.0
276,Thursday,3,20,Evening,1,1,0,0.0
276,Tuesday,1,7,Morning Rush,2,2,2,1.0
276,Tuesday,1,8,Morning Rush,1,1,1,1.0
276,Tuesday,1,10,Midday,1,1,1,1.0
276,Tuesday,1,16,Evening Rush,1,1,1,1.0
276,Tuesday,1,17,Evening Rush,5,5,1,0.2
276,Tuesday,1,19,Evening,1,1,0,0.0
276,Tuesday,1,22,Evening,1,1,1,1.0
276,Tuesday,1,23,Evening,1,1,0,0.0
276,Wednesday,2,7,Morning Rush,2,2,0,0.0
276,Wednesday,2,8,Morning Rush,1,1,0,0.0
276,Wednesday,2,9,Morning Rush,1,1,0,0.0
276,Wednesday,2,12,Midday,1,1,1,1.0
276,Wednesday,2,16,Evening Rush,2,2,0,0.0
276,Wednesday,2,17,Evening Rush,1,1,0,0.0
276,Wednesday,2,18,Evening Rush,2,2,0,0.0
276,Wednesday,2,20,Evening,1,1,0,0.0
277,Friday,4,9,Morning Rush,1,1,0,0.0
277,Friday,4,20,Evening,1,1,0,0.0
277,Monday,0,16,Evening Rush,1,1,0,0.0
277,Monday,0,19,Evening,1,1,0,0.0
277,Monday,0,21,Evening,1,1,0,0.0
277,Saturday,5,9,Morning Rush,1,1,0,0.0
277,Saturday,5,13,Midday,1,1,0,0.0
277,Saturday,5,14,Midday,1,1,0,0.0
277,Saturday,5,19,Evening,1,1,0,0.0
277,Sunday,6,14,Midday,1,1,0,0.0
277,Thursday,3,5,Night,1,1,0,0.0
277,Thursday,3,10,Midday,1,1,1,1.0
277,Thursday,3,11,Midday,1,1,1,1.0
277,Thursday,3,16,Evening Rush,1,1,0,0.0
277,Thursday,3,19,Evening,1,1,1,1.0
277,Tuesday,1,5,Night,1,1,1,1.0
277,Tuesday,1,8,Morning Rush,2,2,1,0.5
277,Tuesday,1,10,Midday,1,1,0,0.0
277,Tuesday,1,15,Evening Rush,1,1,0,0.0
277,Tuesday,1,17,Evening Rush,1,1,0,0.0
277,Tuesday,1,19,Evening,1,1,1,1.0
277,Wednesday,2,9,Morning Rush,1,1,1,1.0
277,Wednesday,2,13,Midday,1,1,1,1.0
277,Wednesday,2,16,Evening Rush,3,3,1,0.3333333333333333
277,Wednesday,2,19,Evening,1,1,0,0.0
278,Friday,4,9,Morning Rush,2,2,2,1.0
278,Friday,4,10,Midday,1,1,0,0.0
278,Friday,4,12,Midday,1,1,0,0.0
278,Friday,4,14,Midday,4,4,2,0.5
278,Friday,4,16,Evening Rush,2,2,1,0.5
278,Friday,4,17,Evening Rush,4,4,2,0.5
278,Friday,4,19,Evening,2,2,0,0.0
278,Friday,4,23,Evening,1,1,1,1.0
278,Monday,0,5,Night,1,1,0,0.0
278,Monday,0,7,Morning Rush,1,1,1,1.0
278,Monday,0,8,Morning Rush,1,1,0,0.0
278,Monday,0,10,Midday,2,2,1,0.5
278,Monday,0,11,Midday,3,3,0,0.0
278,Monday,0,13,Midday,1,1,0,0.0
278,Monday,0,14,Midday,1,1,1,1.0
278,Monday,0,15,Evening Rush,2,2,1,0.5
278,Monday,0,16,Evening Rush,1,1,0,0.0
278,Monday,0,17,Evening Rush,1,1,1,1.0
278,Monday,0,19,Evening,1,1,1,1.0
278,Saturday,5,11,Midday,1,1,1,1.0
278,Saturday,5,13,Midday,2,2,0,0.0
278,Saturday,5,14,Midday,2,2,2,1.0
278,Saturday,5,15,Evening Rush,3,3,2,0.6666666666666666
278,Saturday,5,17,Evening Rush,1,1,0,0.0
278,Saturday,5,18,Evening Rush,1,1,1,1.0
278,Saturday,5,19,Evening,1,1,1,1.0
278,Saturday,5,20,Evening,2,2,1,0.5
278,Saturday,5,22,Evening,3,3,2,0.6666666666666666
278,Sunday,6,3,Night,1,1,0,0.0
278,Sunday,6,12,Midday,3,3,3,1.0
278,Sunday,6,13,Midday,1,1,1,1.0
278,Sunday,6,14,Midday,2,2,1,0.5
278,Sunday,6,17,Evening Rush,2,2,0,0.0
278,Sunday,6,20,Evening,1,1,0,0.0
278,Thursday,3,0,Night,1,1,0,0.0
278,Thursday,3,1,Night,2,2,2,1.0
278,Thursday,3,9,Morning Rush,1,1,0,0.0
278,Thursday,3,10,Midday,1,1,1,1.0
278,Thursday,3,11,Midday,1,1,0,0.0
278,Thursday,3,13,Midday,4,4,3,0.75
278,Thursday,3,14,Midday,1,1,0,0.0
278,Thursday,3,16,Evening Rush,2,2,0,0.0
278,Thursday,3,17,Evening Rush,1,1,1,1.0
278,Thursday,3,18,Evening Rush,2,2,0,0.0
278,Thursday,3,19,Evening,1,1,0,0.0
278,Thursday,3,20,Evening,1,1,0,0.0
278,Tuesday,1,2,Night,1,1,0,0.0
278,Tuesday,1,7,Morning Rush,1,1,1,1.0
278,Tuesday,1,8,Morning Rush,2,2,1,0.5
278,Tuesday,1,9,Morning Rush,1,1,0,0.0
278,Tuesday,1,12,Midday,3,3,1,0.3333333333333333
278,Tuesday,1,13,Midday,2,2,2,1.0
278,Tuesday,1,14,Midday,5,5,3,0.6
278,Tuesday,1,15,Evening Rush,3,3,0,0.0
278,Tuesday,1,17,Evening Rush,3,3,0,0.0
278,Tuesday,1,18,Evening Rush,1,1,0,0.0
278,Tuesday,1,21,Evening,2,2,1,0.5
278,Wednesday,2,1,Night,1,1,0,0.0
278,Wednesday,2,6,Morning Rush,1,1,1,1.0
278,Wednesday,2,7,Morning Rush,2,2,1,0.5
278,Wednesday,2,8,Morning Rush,2,2,1,0.5
278,Wednesday,2,9,Morning Rush,1,1,0,0.0
278,Wednesday,2,10,Midday,1,1,1,1.0
278,Wednesday,2,11,Midday,1,1,1,1.0
278,Wednesday,2,13,Midday,1,1,0,0.0
278,Wednesday,2,15,Evening Rush,2,2,0,0.0
278,Wednesday,2,16,Evening Rush,1,1,0,0.0
278,Wednesday,2,17,Evening Rush,1,1,0,0.0
278,Wednesday,2,18,Evening Rush,3,3,1,0.3333333333333333
278,Wednesday,2,19,Evening,1,1,0,0.0
278,Wednesday,2,21,Evening,1,1,0,0.0
279,Friday,4,19,Evening,1,1,0,0.0
279,Friday,4,23,Evening,1,1,0,0.0
279,Monday,0,7,Morning Rush,1,1,1,1.0
279,Monday,0,9,Morning Rush,1,1,0,0.0
279,Monday,0,10,Midday,1,1,0,0.0
279,Monday,0,18,Evening Rush,1,1,1,1.0
279,Saturday,5,6,Morning Rush,1,1,1,1.0
279,Saturday,5,9,Morning Rush,1,1,0,0.0
279,Saturday,5,12,Midday,1,1,0,0.0
279,Sunday,6,1,Night,1,1,0,0.0
279,Thursday,3,8,Morning Rush,2,2,0,0.0
279,Thursday,3,9,Morning Rush,1,1,1,1.0
279,Thursday,3,11,Midday,1,1,1,1.0
279,Thursday,3,12,Midday,1,1,0,0.0
279,Thursday,3,16,Evening Rush,2,2,0,0.0
279,Thursday,3,17,Evening Rush,2,2,1,0.5
279,Tuesday,1,7,Morning Rush,1,1,0,0.0
279,Tuesday,1,8,Morning Rush,2,2,0,0.0
279,Tuesday,1,9,Morning Rush,2,2,2,1.0
279,Tuesday,1,11,Midday,1,1,1,1.0
279,Wednesday,2,7,Morning Rush,1,1,0,0.0
279,Wednesday,2,9,Morning Rush,2,2,2,1.0
279,Wednesday,2,13,Midday,1,1,1,1.0
279,Wednesday,2,15,Evening Rush,1,1,0,0.0
279,Wednesday,2,18,Evening Rush,1,1,1,1.0
279,Wednesday,2,22,Evening,1,1,1,1.0
280,Friday,4,9,Morning Rush,1,1,1,1.0
280,Friday,4,20,Evening,1,1,1,1.0
280,Monday,0,9,Morning Rush,1,1,1,1.0
280,Monday,0,15,Evening Rush,1,1,0,0.0
280,Monday,0,16,Evening Rush,2,2,0,0.0
280,Monday,0,17,Evening Rush,1,1,1,1.0
280,Monday,0,19,Evening,1,1,0,0.0
280,Monday,0,20,Evening,1,1,0,0.0
280,Saturday,5,9,Morning Rush,1,1,0,0.0
280,Saturday,5,11,Midday,1,1,0,0.0
280,Saturday,5,12,Midday,1,1,0,0.0
280,Sunday,6,10,Midday,1,1,0,0.0
280,Sunday,6,12,Midday,1,1,0,0.0
280,Thursday,3,10,Midday,1,1,1,1.0
280,Thursday,3,15,Evening Rush,1,1,1,1.0
280,Thursday,3,16,Evening Rush,2,2,0,0.0
280,Thursday,3,18,Evening Rush,1,1,0,0.0
280,Thursday,3,21,Evening,1,1,0,0.0
280,Thursday,3,23,Evening,2,2,2,1.0
280,Tuesday,1,10,Midday,1,1,0,0.0
280,Tuesday,1,12,Midday,1,1,1,1.0
280,Tuesday,1,13,Midday,1,1,0,0.0
280,Tuesday,1,15,Evening Rush,1,1,0,0.0
280,Tuesday,1,16,Evening Rush,1,1,1,1.0
280,Tuesday,1,19,Evening,2,2,0,0.0
280,Wednesday,2,1,Night,1,1,0,0.0
280,Wednesday,2,9,Morning Rush,1,1,0,0.0
280,Wednesday,2,12,Midday,1,1,0,0.0
280,Wednesday,2,16,Evening Rush,1,1,0,0.0
281,Friday,4,6,Morning Rush,1,1,0,0.0
281,Friday,4,8,Morning Rush,1,1,1,1.0
281,Friday,4,11,Midday,1,1,1,1.0
281,Friday,4,12,Midday,2,2,1,0.5
281,Friday,4,13,Midday,1,1,0,0.0
281,Friday,4,14,Midday,1,1,0,0.0
281,Friday,4,17,Evening Rush,1,1,0,0.0
281,Friday,4,18,Evening Rush,1,1,0,0.0
281,Friday,4,22,Evening,1,1,1,1.0
281,Monday,0,6,Morning Rush,1,1,1,1.0
281,Monday,0,8,Morning Rush,1,1,0,0.0
281,Monday,0,9,Morning Rush,1,1,0,0.0
281,Monday,0,10,Midday,1,1,0,0.0
281,Monday,0,11,Midday,1,1,0,0.0
281,Monday,0,14,Midday,1,1,0,0.0
281,Monday,0,15,Evening Rush,1,1,0,0.0
281,Monday,0,20,Evening,1,1,1,1.0
281,Saturday,5,10,Midday,1,1,0,0.0
281,Saturday,5,14,Midday,1,1,1,1.0
281,Thursday,3,1,Night,1,1,1,1.0
281,Thursday,3,7,Morning Rush,1,1,1,1.0
281,Thursday,3,11,Midday,1,1,0,0.0
281,Thursday,3,16,Evening Rush,1,1,0,0.0
281,Tuesday,1,7,Morning Rush,1,1,1,1.0
281,Tuesday,1,8,Morning Rush,3,3,2,0.6666666666666666
281,Tuesday,1,9,Morning Rush,1,1,0,0.0
281,Tuesday,1,16,Evening Rush,4,4,2,0.5
281,Tuesday,1,17,Evening Rush,1,1,1,1.0
281,Wednesday,2,7,Morning Rush,1,1,1,1.0
281,Wednesday,2,8,Morning Rush,1,1,1,1.0
281,Wednesday,2,13,Midday,1,1,1,1.0
281,Wednesday,2,14,Midday,1,1,0,0.0
282,Friday,4,7,Morning Rush,1,1,0,0.0
282,Friday,4,8,Morning Rush,1,1,1,1.0
282,Friday,4,9,Morning Rush,1,1,1,1.0
282,Friday,4,10,Midday,1,1,0,0.0
282,Monday,0,6,Morning Rush,1,1,0,0.0
282,Monday,0,11,Midday,2,2,0,0.0
282,Monday,0,12,Midday,1,1,0,0.0
282,Monday,0,16,Evening Rush,2,2,1,0.5
282,Monday,0,18,Evening Rush,1,1,1,1.0
282,Saturday,5,0,Night,2,2,1,0.5
282,Saturday,5,10,Midday,1,1,0,0.0
282,Sunday,6,5,Night,1,1,0,0.0
282,Sunday,6,22,Evening,1,1,1,1.0
282,Thursday,3,11,Midday,1,1,1,1.0
282,Thursday,3,15,Evening Rush,1,1,1,1.0
282,Thursday,3,16,Evening Rush,1,1,0,0.0
282,Thursday,3,21,Evening,1,1,0,0.0
282,Tuesday,1,7,Morning Rush,1,1,1,1.0
282,Tuesday,1,16,Evening Rush,3,3,0,0.0
282,Tuesday,1,21,Evening,1,1,0,0.0
282,Wednesday,2,0,Night,1,1,1,1.0
282,Wednesday,2,7,Morning Rush,1,1,0,0.0
282,Wednesday,2,15,Evening Rush,2,2,0,0.0
282,Wednesday,2,17,Evening Rush,1,1,1,1.0
283,Friday,4,12,Midday,2,2,0,0.0
283,Friday,4,14,Midday,1,1,0,0.0
283,Friday,4,17,Evening Rush,1,1,0,0.0
283,Friday,4,19,Evening,1,1,1,1.0
283,Monday,0,5,Night,1,1,0,0.0
283,Monday,0,17,Evening Rush,1,1,1,1.0
283,Monday,0,18,Evening Rush,1,1,0,0.0
283,Monday,0,23,Evening,1,1,0,0.0
283,Saturday,5,6,Morning Rush,1,1,0,0.0
283,Saturday,5,18,Evening Rush,1,1,1,1.0
283,Saturday,5,19,Evening,3,3,3,1.0
283,Saturday,5,20,Evening,1,1,1,1.0
283,Sunday,6,14,Midday,1,1,0,0.0
283,Sunday,6,15,Evening Rush,1,1,0,0.0
283,Sunday,6,16,Evening Rush,1,1,1,1.0
283,Sunday,6,18,Evening Rush,1,1,1,1.0
283,Sunday,6,19,Evening,1,1,0,0.0
283,Sunday,6,22,Evening,1,1,0,0.0
283,Thursday,3,9,Morning Rush,1,1,0,0.0
283,Thursday,3,15,Evening Rush,1,1,1,1.0
283,Thursday,3,18,Evening Rush,1,1,0,0.0
283,Thursday,3,22,Evening,1,1,0,0.0
283,Tuesday,1,0,Night,1,1,0,0.0
283,Tuesday,1,8,Morning Rush,1,1,0,0.0
283,Tuesday,1,11,Midday,1,1,1,1.0
283,Tuesday,1,16,Evening Rush,1,1,0,0.0
283,Tuesday,1,18,Evening Rush,2,2,1,0.5
283,Wednesday,2,6,Morning Rush,1,1,0,0.0
283,Wednesday,2,15,Evening Rush,1,1,0,0.0
283,Wednesday,2,18,Evening Rush,1,1,0,0.0
283,Wednesday,2,19,Evening,1,1,0,0.0
284,Friday,4,1,Night,1,1,1,1.0
284,Friday,4,3,Night,1,1,1,1.0
284,Friday,4,10,Midday,1,1,0,0.0
284,Friday,4,11,Midday,1,1,0,0.0
284,Friday,4,12,Midday,1,1,0,0.0
284,Friday,4,14,Midday,1,1,0,0.0
284,Friday,4,16,Evening Rush,1,1,0,0.0
284,Friday,4,17,Evening Rush,1,1,0,0.0
284,Friday,4,20,Evening,3,3,0,0.0
284,Monday,0,8,Morning Rush,1,1,0,0.0
284,Monday,0,12,Midday,1,1,0,0.0
284,Monday,0,13,Midday,1,1,1,1.0
284,Monday,0,14,Midday,1,1,0,0.0
284,Monday,0,15,Evening Rush,2,2,1,0.5
284,Saturday,5,2,Night,2,2,1,0.5
284,Saturday,5,8,Morning Rush,2,2,1,0.5
284,Saturday,5,9,Morning Rush,1,1,1,1.0
284,Saturday,5,13,Midday,1,1,0,0.0
284,Saturday,5,15,Evening Rush,1,1,0,0.0
284,Saturday,5,18,Evening Rush,2,2,2,1.0
284,Sunday,6,1,Night,1,1,1,1.0
284,Sunday,6,3,Night,1,1,0,0.0
284,Sunday,6,22,Evening,1,1,0,0.0
284,Thursday,3,1,Night,1,1,1,1.0
284,Thursday,3,6,Morning Rush,1,1,1,1.0
284,Thursday,3,13,Midday,2,2,1,0.5
284,Thursday,3,16,Evening Rush,1,1,1,1.0
284,Thursday,3,20,Evening,1,1,0,0.0
284,Thursday,3,23,Evening,2,2,0,0.0
284,Tuesday,1,9,Morning Rush,2,2,1,0.5
284,Tuesday,1,16,Evening Rush,1,1,0,0.0
284,Tuesday,1,20,Evening,1,1,0,0.0
284,Wednesday,2,5,Night,1,1,1,1.0
284,Wednesday,2,7,Morning Rush,1,1,0,0.0
284,Wednesday,2,8,Morning Rush,1,1,1,1.0
284,Wednesday,2,11,Midday,1,1,0,0.0
284,Wednesday,2,13,Midday,1,1,0,0.0
284,Wednesday,2,21,Evening,1,1,0,0.0
285,Friday,4,13,Midday,2,2,0,0.0
285,Friday,4,14,Midday,3,3,0,0.0
285,Friday,4,17,Evening Rush,1,1,0,0.0
285,Friday,4,18,Evening Rush,1,1,0,0.0
285,Friday,4,23,Evening,1,1,0,0.0
285,Monday,0,0,Night,1,1,0,0.0
285,Monday,0,4,Night,1,1,0,0.0
285,Monday,0,16,Evening Rush,2,2,0,0.0
285,Monday,0,17,Evening Rush,1,1,0,0.0
285,Monday,0,18,Evening Rush,1,1,0,0.0
285,Monday,0,21,Evening,2,2,0,0.0
285,Monday,0,22,Evening,1,1,1,1.0
285,Saturday,5,0,Night,1,1,1,1.0
285,Saturday,5,3,Night,1,1,0,0.0
285,Saturday,5,7,Morning Rush,1,1,1,1.0
285,Saturday,5,10,Midday,1,1,1,1.0
285,Saturday,5,17,Evening Rush,1,1,0,0.0
285,Saturday,5,20,Evening,1,1,0,0.0
285,Saturday,5,21,Evening,1,1,0,0.0
285,Sunday,6,0,Night,1,1,1,1.0
285,Sunday,6,1,Night,1,1,0,0.0
285,Sunday,6,2,Night,1,1,0,0.0
285,Sunday,6,3,Night,1,1,0,0.0
285,Sunday,6,13,Midday,1,1,0,0.0
285,Sunday,6,15,Evening Rush,1,1,0,0.0
285,Sunday,6,16,Evening Rush,1,1,1,1.0
285,Sunday,6,22,Evening,2,2,1,0.5
285,Sunday,6,23,Evening,1,1,0,0.0
285,Thursday,3,6,Morning Rush,1,1,0,0.0
285,Thursday,3,10,Midday,1,1,1,1.0
285,Thursday,3,12,Midday,2,2,0,0.0
285,Thursday,3,14,Midday,1,1,0,0.0
285,Thursday,3,16,Evening Rush,3,3,1,0.3333333333333333
285,Thursday,3,20,Evening,1,1,1,1.0
285,Tuesday,1,7,Morning Rush,2,2,0,0.0
285,Tuesday,1,11,Midday,1,1,0,0.0
285,Tuesday,1,12,Midday,2,2,0,0.0
285,Tuesday,1,14,Midday,2,2,1,0.5
285,Tuesday,1,17,Evening Rush,1,1,0,0.0
285,Tuesday,1,19,Evening,1,1,0,0.0
285,Tuesday,1,21,Evening,1,1,1,1.0
285,Wednesday,2,0,Night,1,1,0,0.0
285,Wednesday,2,1,Night,1,1,0,0.0
285,Wednesday,2,10,Midday,1,1,1,1.0
285,Wednesday,2,11,Midday,1,1,0,0.0
285,Wednesday,2,16,Evening Rush,1,1,1,1.0
285,Wednesday,2,18,Evening Rush,3,3,1,0.3333333333333333
285,Wednesday,2,21,Evening,1,1,0,0.0
285,Wednesday,2,23,Evening,1,1,0,0.0
286,Friday,4,11,Midday,2,2,2,1.0
286,Friday,4,15,Evening Rush,2,2,1,0.5
286,Friday,4,18,Evening Rush,1,1,0,0.0
286,Monday,0,8,Morning Rush,2,2,1,0.5
286,Monday,0,18,Evening Rush,1,1,0,0.0
286,Monday,0,19,Evening,1,1,0,0.0
286,Monday,0,20,Evening,1,1,0,0.0
286,Monday,0,21,Evening,1,1,1,1.0
286,Saturday,5,14,Midday,1,1,0,0.0
286,Saturday,5,19,Evening,1,1,1,1.0
286,Sunday,6,8,Morning Rush,1,1,1,1.0
286,Sunday,6,19,Evening,1,1,1,1.0
286,Thursday,3,5,Night,1,1,0,0.0
286,Thursday,3,10,Midday,1,1,0,0.0
286,Thursday,3,13,Midday,1,1,0,0.0
286,Tuesday,1,7,Morning Rush,1,1,0,0.0
286,Tuesday,1,9,Morning Rush,1,1,0,0.0
286,Tuesday,1,13,Midday,2,2,1,0.5
286,Tuesday,1,17,Evening Rush,1,1,0,0.0
286,Tuesday,1,18,Evening Rush,1,1,0,0.0
286,Tuesday,1,20,Evening,1,1,1,1.0
286,Wednesday,2,5,Night,1,1,1,1.0
286,Wednesday,2,20,Evening,1,1,0,0.0
287,Friday,4,8,Morning Rush,1,1,0,0.0
287,Friday,4,10,Midday,2,2,0,0.0
287,Friday,4,12,Midday,2,2,0,0.0
287,Friday,4,14,Midday,1,1,0,0.0
287,Friday,4,15,Evening Rush,1,1,0,0.0
287,Friday,4,16,Evening Rush,2,2,1,0.5
287,Friday,4,17,Evening Rush,2,2,1,0.5
287,Friday,4,23,Evening,1,1,0,0.0
287,Monday,0,5,Night,1,1,0,0.0
287,Monday,0,7,Morning Rush,1,1,1,1.0
287,Monday,0,9,Morning Rush,1,1,1,1.0
287,Monday,0,12,Midday,1,1,1,1.0
287,Monday,0,14,Midday,1,1,0,0.0
287,Monday,0,15,Evening Rush,1,1,0,0.0
287,Monday,0,17,Evening Rush,1,1,0,0.0
287,Monday,0,18,Evening Rush,2,2,1,0.5
287,Monday,0,19,Evening,1,1,0,0.0
287,Monday,0,22,Evening,1,1,1,1.0
287,Saturday,5,8,Morning Rush,1,1,0,0.0
287,Saturday,5,13,Midday,1,1,0,0.0
287,Saturday,5,15,Evening Rush,1,1,0,0.0
287,Saturday,5,16,Evening Rush,1,1,0,0.0
287,Saturday,5,23,Evening,2,2,1,0.5
287,Sunday,6,13,Midday,2,2,2,1.0
287,Sunday,6,16,Evening Rush,1,1,0,0.0
287,Sunday,6,17,Evening Rush,1,1,1,1.0
287,Thursday,3,8,Morning Rush,2,2,0,0.0
287,Thursday,3,16,Evening Rush,1,1,1,1.0
287,Thursday,3,18,Evening Rush,1,1,0,0.0
287,Thursday,3,19,Evening,2,2,0,0.0
287,Thursday,3,23,Evening,1,1,0,0.0
287,Tuesday,1,9,Morning Rush,1,1,0,0.0
287,Tuesday,1,11,Midday,1,1,0,0.0
287,Tuesday,1,12,Midday,1,1,0,0.0
287,Tuesday,1,14,Midday,1,1,0,0.0
287,Tuesday,1,15,Evening Rush,1,1,1,1.0
287,Tuesday,1,16,Evening Rush,2,2,1,0.5
287,Tuesday,1,17,Evening Rush,1,1,0,0.0
287,Tuesday,1,18,Evening Rush,1,1,0,0.0
287,Tuesday,1,19,Evening,1,1,0,0.0
287,Tuesday,1,21,Evening,1,1,0,0.0
287,Tuesday,1,23,Evening,1,1,0,0.0
287,Wednesday,2,7,Morning Rush,1,1,0,0.0
287,Wednesday,2,8,Morning Rush,1,1,1,1.0
287,Wednesday,2,10,Midday,1,1,0,0.0
287,Wednesday,2,15,Evening Rush,1,1,1,1.0
287,Wednesday,2,16,Evening Rush,1,1,0,0.0
287,Wednesday,2,18,Evening Rush,3,3,1,0.3333333333333333
287,Wednesday,2,21,Evening,1,1,0,0.0
288,Friday,4,9,Morning Rush,2,2,2,1.0
288,Friday,4,14,Midday,1,1,0,0.0
288,Friday,4,18,Evening Rush,1,1,0,0.0
288,Friday,4,22,Evening,1,1,0,0.0
288,Monday,0,13,Midday,2,2,2,1.0
288,Monday,0,17,Evening Rush,1,1,1,1.0
288,Saturday,5,1,Night,1,1,1,1.0
288,Saturday,5,17,Evening Rush,1,1,0,0.0
288,Sunday,6,19,Evening,1,1,0,0.0
288,Sunday,6,23,Evening,1,1,1,1.0
288,Thursday,3,8,Morning Rush,1,1,1,1.0
288,Tuesday,1,8,Morning Rush,2,2,0,0.0
288,Tuesday,1,9,Morning Rush,1,1,1,1.0
288,Tuesday,1,16,Evening Rush,1,1,0,0.0
288,Tuesday,1,18,Evening Rush,1,1,0,0.0
288,Wednesday,2,6,Morning Rush,1,1,1,1.0
288,Wednesday,2,18,Evening Rush,1,1,0,0.0
288,Wednesday,2,21,Evening,1,1,0,0.0
289,Friday,4,6,Morning Rush,1,1,0,0.0
289,Friday,4,12,Midday,1,1,1,1.0
289,Friday,4,14,Midday,1,1,1,1.0
289,Friday,4,16,Evening Rush,1,1,1,1.0
289,Friday,4,17,Evening Rush,2,2,1,0.5
289,Friday,4,18,Evening Rush,1,1,1,1.0
289,Friday,4,20,Evening,1,1,0,0.0
289,Friday,4,23,Evening,1,1,0,0.0
289,Monday,0,6,Morning Rush,1,1,0,0.0
289,Monday,0,8,Morning Rush,1,1,0,0.0
289,Monday,0,9,Morning Rush,1,1,1,1.0
289,Monday,0,11,Midday,1,1,1,1.0
289,Monday,0,16,Evening Rush,1,1,0,0.0
289,Monday,0,17,Evening Rush,1,1,0,0.0
289,Saturday,5,3,Night,1,1,0,0.0
289,Saturday,5,7,Morning Rush,1,1,1,1.0
289,Saturday,5,16,Evening Rush,1,1,0,0.0
289,Saturday,5,17,Evening Rush,1,1,0,0.0
289,Saturday,5,19,Evening,2,2,0,0.0
289,Sunday,6,8,Morning Rush,1,1,1,1.0
289,Sunday,6,12,Midday,1,1,0,0.0
289,Sunday,6,15,Evening Rush,1,1,0,0.0
289,Sunday,6,20,Evening,1,1,0,0.0
289,Thursday,3,7,Morning Rush,1,1,1,1.0
289,Thursday,3,16,Evening Rush,1,1,0,0.0
289,Thursday,3,22,Evening,1,1,1,1.0
289,Tuesday,1,7,Morning Rush,1,1,0,0.0
289,Tuesday,1,8,Morning Rush,1,1,1,1.0
289,Tuesday,1,12,Midday,1,1,1,1.0
289,Tuesday,1,14,Midday,1,1,1,1.0
289,Tuesday,1,15,Evening Rush,1,1,1,1.0
289,Tuesday,1,19,Evening,1,1,0,0.0
289,Wednesday,2,7,Morning Rush,1,1,0,0.0
289,Wednesday,2,9,Morning Rush,1,1,0,0.0
289,Wednesday,2,10,Midday,1,1,1,1.0
289,Wednesday,2,17,Evening Rush,1,1,0,0.0
290,Friday,4,12,Midday,1,1,0,0.0
290,Friday,4,14,Midday,1,1,0,0.0
290,Friday,4,18,Evening Rush,2,2,0,0.0
290,Friday,4,20,Evening,2,2,0,0.0
290,Friday,4,22,Evening,1,1,0,0.0
290,Monday,0,3,Night,1,1,1,1.0
290,Monday,0,9,Morning Rush,1,1,0,0.0
290,Monday,0,20,Evening,1,1,1,1.0
290,Saturday,5,2,Night,1,1,0,0.0
290,Saturday,5,11,Midday,1,1,0,0.0
290,Saturday,5,12,Midday,1,1,0,0.0
290,Saturday,5,22,Evening,1,1,1,1.0
290,Saturday,5,23,Evening,1,1,0,0.0
290,Sunday,6,19,Evening,1,1,0,0.0
290,Thursday,3,4,Night,1,1,0,0.0
290,Thursday,3,7,Morning Rush,1,1,1,1.0
290,Thursday,3,12,Midday,1,1,1,1.0
290,Thursday,3,13,Midday,2,2,1,0.5
290,Thursday,3,15,Evening Rush,1,1,0,0.0
290,Thursday,3,16,Evening Rush,1,1,0,0.0
290,Thursday,3,17,Evening Rush,1,1,0,0.0
290,Thursday,3,20,Evening,1,1,0,0.0
290,Thursday,3,21,Evening,2,2,1,0.5
290,Thursday,3,23,Evening,1,1,0,0.0
290,Tuesday,1,8,Morning Rush,1,1,0,0.0
290,Tuesday,1,9,Morning Rush,2,2,1,0.5
290,Tuesday,1,10,Midday,1,1,0,0.0
290,Tuesday,1,11,Midday,1,1,1,1.0
290,Tuesday,1,13,Midday,1,1,0,0.0
290,Tuesday,1,15,Evening Rush,2,2,1,0.5
290,Tuesday,1,16,Evening Rush,1,1,0,0.0
290,Tuesday,1,19,Evening,2,2,1,0.5
290,Tuesday,1,20,Evening,1,1,0,0.0
290,Wednesday,2,1,Night,2,2,0,0.0
290,Wednesday,2,5,Night,1,1,0,0.0
290,Wednesday,2,12,Midday,2,2,1,0.5
290,Wednesday,2,14,Midday,1,1,0,0.0
290,Wednesday,2,16,Evening Rush,2,2,1,0.5
290,Wednesday,2,17,Evening Rush,1,1,1,1.0
290,Wednesday,2,18,Evening Rush,1,1,0,0.0
291,Friday,4,1,Night,1,1,1,1.0
291,Friday,4,11,Midday,1,1,0,0.0
291,Friday,4,13,Midday,2,2,1,0.5
291,Friday,4,14,Midday,3,3,0,0.0
291,Friday,4,15,Evening Rush,4,4,0,0.0
291,Friday,4,16,Evening Rush,2,2,0,0.0
291,Friday,4,19,Evening,1,1,1,1.0
291,Monday,0,7,Morning Rush,1,1,1,1.0
291,Monday,0,8,Morning Rush,1,1,1,1.0
291,Monday,0,9,Morning Rush,1,1,1,1.0
291,Monday,0,10,Midday,1,1,1,1.0
291,Monday,0,13,Midday,2,2,1,0.5
291,Monday,0,15,Evening Rush,3,3,0,0.0
291,Monday,0,17,Evening Rush,1,1,0,0.0
291,Monday,0,18,Evening Rush,1,1,0,0.0
291,Saturday,5,11,Midday,2,2,1,0.5
291,Saturday,5,12,Midday,1,1,1,1.0
291,Saturday,5,13,Midday,2,2,0,0.0
291,Saturday,5,15,Evening Rush,1,1,0,0.0
291,Saturday,5,18,Evening Rush,1,1,0,0.0
291,Saturday,5,23,Evening,1,1,1,1.0
291,Sunday,6,9,Morning Rush,1,1,0,0.0
291,Sunday,6,11,Midday,3,3,1,0.3333333333333333
291,Sunday,6,12,Midday,2,2,1,0.5
291,Sunday,6,14,Midday,2,2,1,0.5
291,Sunday,6,16,Evening Rush,1,1,0,0.0
291,Sunday,6,17,Evening Rush,1,1,0,0.0
291,Sunday,6,19,Evening,1,1,0,0.0
291,Sunday,6,20,Evening,1,1,0,0.0
291,Sunday,6,21,Evening,1,1,0,0.0
291,Thursday,3,1,Night,1,1,1,1.0
291,Thursday,3,7,Morning Rush,1,1,1,1.0
291,Thursday,3,11,Midday,1,1,0,0.0
291,Thursday,3,13,Midday,1,1,1,1.0
291,Thursday,3,15,Evening Rush,1,1,0,0.0
291,Thursday,3,17,Evening Rush,3,3,1,0.3333333333333333
291,Thursday,3,18,Evening Rush,1,1,0,0.0
291,Thursday,3,23,Evening,1,1,0,0.0
291,Tuesday,1,0,Night,2,2,1,0.5
291,Tuesday,1,8,Morning Rush,2,2,1,0.5
291,Tuesday,1,12,Midday,2,2,2,1.0
291,Tuesday,1,13,Midday,2,2,2,1.0
291,Tuesday,1,16,Evening Rush,2,2,2,1.0
291,Wednesday,2,13,Midday,3,3,1,0.3333333333333333
291,Wednesday,2,14,Midday,1,1,0,0.0
291,Wednesday,2,15,Evening Rush,1,1,0,0.0
291,Wednesday,2,16,Evening Rush,1,1,0,0.0
291,Wednesday,2,20,Evening,1,1,1,1.0
291,Wednesday,2,21,Evening,1,1,0,0.0
292,Friday,4,13,Midday,1,1,1,1.0
292,Friday,4,18,Evening Rush,1,1,0,0.0
292,Monday,0,8,Morning Rush,1,1,0,0.0
292,Monday,0,14,Midday,1,1,1,1.0
292,Monday,0,15,Evening Rush,1,1,0,0.0
292,Monday,0,17,Evening Rush,1,1,0,0.0
292,Saturday,5,16,Evening Rush,1,1,0,0.0
292,Saturday,5,17,Evening Rush,2,2,0,0.0
292,Saturday,5,19,Evening,1,1,1,1.0
292,Sunday,6,11,Midday,1,1,0,0.0
292,Sunday,6,15,Evening Rush,1,1,0,0.0
292,Sunday,6,17,Evening Rush,1,1,0,0.0
292,Sunday,6,18,Evening Rush,1,1,0,0.0
292,Thursday,3,8,Morning Rush,1,1,0,0.0
292,Thursday,3,9,Morning Rush,2,2,1,0.5
292,Thursday,3,10,Midday,1,1,1,1.0
292,Thursday,3,11,Midday,1,1,0,0.0
292,Thursday,3,16,Evening Rush,1,1,0,0.0
292,Thursday,3,18,Evening Rush,3,3,0,0.0
292,Thursday,3,22,Evening,1,1,1,1.0
292,Tuesday,1,14,Midday,1,1,1,1.0
292,Tuesday,1,15,Evening Rush,1,1,1,1.0
292,Wednesday,2,9,Morning Rush,1,1,1,1.0
292,Wednesday,2,10,Midday,1,1,0,0.0
292,Wednesday,2,15,Evening Rush,1,1,0,0.0
293,Friday,4,16,Evening Rush,1,1,0,0.0
293,Friday,4,18,Evening Rush,1,1,1,1.0
293,Monday,0,7,Morning Rush,1,1,1,1.0
293,Monday,0,9,Morning Rush,2,2,1,0.5
293,Monday,0,12,Midday,1,1,0,0.0
293,Monday,0,13,Midday,1,1,0,0.0
293,Monday,0,15,Evening Rush,1,1,1,1.0
293,Monday,0,16,Evening Rush,1,1,0,0.0
293,Saturday,5,0,Night,1,1,0,0.0
293,Saturday,5,2,Night,1,1,0,0.0
293,Sunday,6,4,Night,1,1,0,0.0
293,Sunday,6,16,Evening Rush,2,2,1,0.5
293,Sunday,6,17,Evening Rush,1,1,0,0.0
293,Sunday,6,21,Evening,1,1,1,1.0
293,Sunday,6,23,Evening,1,1,1,1.0
293,Thursday,3,11,Midday,1,1,0,0.0
293,Thursday,3,14,Midday,1,1,0,0.0
293,Thursday,3,19,Evening,2,2,0,0.0
293,Thursday,3,20,Evening,1,1,0,0.0
293,Tuesday,1,0,Night,1,1,1,1.0
293,Tuesday,1,7,Morning Rush,1,1,1,1.0
293,Tuesday,1,8,Morning Rush,1,1,1,1.0
293,Tuesday,1,9,Morning Rush,1,1,1,1.0
293,Tuesday,1,13,Midday,1,1,0,0.0
293,Tuesday,1,14,Midday,1,1,0,0.0
293,Tuesday,1,17,Evening Rush,1,1,0,0.0
293,Wednesday,2,10,Midday,1,1,1,1.0
293,Wednesday,2,16,Evening Rush,1,1,0,0.0
294,Friday,4,7,Morning Rush,1,1,1,1.0
294,Friday,4,13,Midday,1,1,0,0.0
294,Friday,4,14,Midday,1,1,0,0.0
294,Monday,0,12,Midday,1,1,1,1.0
294,Monday,0,13,Midday,2,2,0,0.0
294,Monday,0,14,Midday,1,1,1,1.0
294,Monday,0,15,Evening Rush,1,1,0,0.0
294,Monday,0,16,Evening Rush,1,1,1,1.0
294,Saturday,5,15,Evening Rush,2,2,1,0.5
294,Saturday,5,18,Evening Rush,1,1,0,0.0
294,Sunday,6,13,Midday,1,1,0,0.0
294,Thursday,3,16,Evening Rush,1,1,1,1.0
294,Thursday,3,17,Evening Rush,1,1,0,0.0
294,Tuesday,1,15,Evening Rush,1,1,0,0.0
294,Tuesday,1,16,Evening Rush,1,1,1,1.0
294,Wednesday,2,6,Morning Rush,1,1,0,0.0
294,Wednesday,2,11,Midday,1,1,1,1.0
294,Wednesday,2,12,Midday,1,1,1,1.0
294,Wednesday,2,13,Midday,1,1,1,1.0
294,Wednesday,2,15,Evening Rush,1,1,1,1.0
294,Wednesday,2,17,Evening Rush,1,1,1,1.0
295,Friday,4,2,Night,2,2,0,0.0
295,Friday,4,7,Morning Rush,1,1,0,0.0
295,Friday,4,14,Midday,1,1,0,0.0
295,Friday,4,22,Evening,1,1,0,0.0
295,Monday,0,9,Morning Rush,1,1,1,1.0
295,Monday,0,10,Midday,1,1,1,1.0
295,Monday,0,13,Midday,1,1,1,1.0
295,Monday,0,16,Evening Rush,2,2,1,0.5
295,Monday,0,17,Evening Rush,2,2,0,0.0
295,Saturday,5,1,Night,1,1,0,0.0
295,Saturday,5,4,Night,1,1,1,1.0
295,Saturday,5,10,Midday,1,1,0,0.0
295,Saturday,5,11,Midday,1,1,0,0.0
295,Saturday,5,12,Midday,1,1,0,0.0
295,Saturday,5,14,Midday,1,1,0,0.0
295,Saturday,5,18,Evening Rush,1,1,0,0.0
295,Saturday,5,19,Evening,1,1,0,0.0
295,Sunday,6,3,Night,1,1,1,1.0
295,Sunday,6,15,Evening Rush,1,1,0,0.0
295,Sunday,6,19,Evening,1,1,0,0.0
295,Sunday,6,22,Evening,1,1,0,0.0
295,Thursday,3,5,Night,2,2,1,0.5
295,Thursday,3,8,Morning Rush,1,1,0,0.0
295,Thursday,3,12,Midday,1,1,1,1.0
295,Thursday,3,14,Midday,2,2,0,0.0
295,Thursday,3,15,Evening Rush,1,1,0,0.0
295,Thursday,3,17,Evening Rush,3,3,2,0.6666666666666666
295,Thursday,3,18,Evening Rush,1,1,0,0.0
295,Thursday,3,21,Evening,1,1,0,0.0
295,Tuesday,1,4,Night,2,2,0,0.0
295,Tuesday,1,10,Midday,1,1,0,0.0
295,Tuesday,1,12,Midday,2,2,0,0.0
295,Tuesday,1,16,Evening Rush,1,1,0,0.0
295,Tuesday,1,21,Evening,1,1,1,1.0
295,Tuesday,1,23,Evening,1,1,1,1.0
295,Wednesday,2,9,Morning Rush,3,3,1,0.3333333333333333
295,Wednesday,2,11,Midday,2,2,1,0.5
295,Wednesday,2,13,Midday,1,1,0,0.0
295,Wednesday,2,15,Evening Rush,2,2,0,0.0
295,Wednesday,2,17,Evening Rush,1,1,1,1.0
296,Friday,4,7,Morning Rush,1,1,1,1.0
296,Friday,4,9,Morning Rush,2,2,1,0.5
296,Friday,4,13,Midday,1,1,0,0.0
296,Friday,4,14,Midday,1,1,1,1.0
296,Friday,4,15,Evening Rush,1,1,0,0.0
296,Friday,4,16,Evening Rush,1,1,1,1.0
296,Friday,4,23,Evening,1,1,0,0.0
296,Monday,0,0,Night,1,1,0,0.0
296,Monday,0,7,Morning Rush,1,1,1,1.0
296,Monday,0,9,Morning Rush,2,2,1,0.5
296,Monday,0,11,Midday,1,1,0,0.0
296,Monday,0,14,Midday,1,1,0,0.0
296,Monday,0,15,Evening Rush,1,1,0,0.0
296,Monday,0,18,Evening Rush,1,1,0,0.0
296,Monday,0,22,Evening,1,1,0,0.0
296,Saturday,5,2,Night,1,1,0,0.0
296,Saturday,5,8,Morning Rush,1,1,0,0.0
296,Saturday,5,12,Midday,2,2,2,1.0
296,Saturday,5,13,Midday,2,2,1,0.5
296,Saturday,5,15,Evening Rush,3,3,1,0.3333333333333333
296,Saturday,5,17,Evening Rush,1,1,1,1.0
296,Sunday,6,6,Morning Rush,1,1,0,0.0
296,Sunday,6,13,Midday,2,2,1,0.5
296,Sunday,6,14,Midday,1,1,0,0.0
296,Sunday,6,23,Evening,1,1,0,0.0
296,Thursday,3,0,Night,1,1,0,0.0
296,Thursday,3,6,Morning Rush,1,1,1,1.0
296,Thursday,3,7,Morning Rush,2,2,0,0.0
296,Thursday,3,8,Morning Rush,2,2,1,0.5
296,Thursday,3,9,Morning Rush,2,2,0,0.0
296,Thursday,3,11,Midday,1,1,1,1.0
296,Thursday,3,12,Midday,1,1,1,1.0
296,Thursday,3,13,Midday,2,2,0,0.0
296,Thursday,3,14,Midday,1,1,0,0.0
296,Thursday,3,15,Evening Rush,1,1,1,1.0
296,Thursday,3,16,Evening Rush,1,1,0,0.0
296,Thursday,3,18,Evening Rush,1,1,1,1.0
296,Thursday,3,21,Evening,1,1,0,0.0
296,Tuesday,1,8,Morning Rush,1,1,0,0.0
296,Tuesday,1,9,Morning Rush,2,2,1,0.5
296,Tuesday,1,10,Midday,1,1,0,0.0
296,Tuesday,1,11,Midday,1,1,1,1.0
296,Tuesday,1,12,Midday,1,1,0,0.0
296,Tuesday,1,14,Midday,2,2,1,0.5
296,Tuesday,1,15,Evening Rush,1,1,0,0.0
296,Tuesday,1,17,Evening Rush,1,1,0,0.0
296,Wednesday,2,1,Night,1,1,0,0.0
296,Wednesday,2,13,Midday,2,2,0,0.0
296,Wednesday,2,17,Evening Rush,1,1,0,0.0
296,Wednesday,2,21,Evening,1,1,1,1.0
297,Friday,4,6,Morning Rush,2,2,0,0.0
297,Friday,4,9,Morning Rush,2,2,1,0.5
297,Friday,4,10,Midday,3,3,1,0.3333333333333333
297,Friday,4,11,Midday,1,1,0,0.0
297,Friday,4,12,Midday,2,2,0,0.0
297,Friday,4,15,Evening Rush,1,1,0,0.0
297,Friday,4,16,Evening Rush,1,1,0,0.0
297,Friday,4,17,Evening Rush,3,3,0,0.0
297,Friday,4,18,Evening Rush,1,1,0,0.0
297,Friday,4,19,Evening,1,1,1,1.0
297,Friday,4,20,Evening,4,4,2,0.5
297,Friday,4,22,Evening,2,2,0,0.0
297,Friday,4,23,Evening,1,1,1,1.0
297,Monday,0,6,Morning Rush,1,1,1,1.0
297,Monday,0,7,Morning Rush,3,3,1,0.3333333333333333
297,Monday,0,10,Midday,1,1,1,1.0
297,Monday,0,11,Midday,2,2,1,0.5
297,Monday,0,13,Midday,1,1,1,1.0
297,Monday,0,14,Midday,1,1,0,0.0
297,Monday,0,16,Evening Rush,1,1,0,0.0
297,Monday,0,17,Evening Rush,1,1,0,0.0
297,Monday,0,18,Evening Rush,2,2,1,0.5
297,Monday,0,19,Evening,1,1,1,1.0
297,Saturday,5,2,Night,1,1,1,1.0
297,Saturday,5,11,Midday,1,1,0,0.0
297,Saturday,5,18,Evening Rush,1,1,1,1.0
297,Saturday,5,21,Evening,3,3,1,0.3333333333333333
297,Sunday,6,0,Night,1,1,0,0.0
297,Sunday,6,7,Morning Rush,1,1,1,1.0
297,Sunday,6,8,Morning Rush,1,1,1,1.0
297,Sunday,6,10,Midday,1,1,1,1.0
297,Sunday,6,12,Midday,1,1,0,0.0
297,Sunday,6,13,Midday,1,1,0,0.0
297,Sunday,6,16,Evening Rush,2,2,0,0.0
297,Sunday,6,19,Evening,1,1,1,1.0
297,Sunday,6,20,Evening,1,1,0,0.0
297,Sunday,6,22,Evening,1,1,1,1.0
297,Thursday,3,8,Morning Rush,1,1,1,1.0
297,Thursday,3,10,Midday,2,2,1,0.5
297,Thursday,3,12,Midday,1,1,0,0.0
297,Thursday,3,15,Evening Rush,2,2,0,0.0
297,Thursday,3,16,Evening Rush,3,3,3,1.0
297,Thursday,3,17,Evening Rush,1,1,0,0.0
297,Thursday,3,18,Evening Rush,2,2,0,0.0
297,Thursday,3,19,Evening,3,3,1,0.3333333333333333
297,Thursday,3,21,Evening,2,2,0,0.0
297,Tuesday,1,6,Morning Rush,1,1,1,1.0
297,Tuesday,1,7,Morning Rush,2,2,0,0.0
297,Tuesday,1,8,Morning Rush,1,1,0,0.0
297,Tuesday,1,9,Morning Rush,1,1,0,0.0
297,Tuesday,1,10,Midday,2,2,2,1.0
297,Tuesday,1,11,Midday,1,1,0,0.0
297,Tuesday,1,12,Midday,1,1,0,0.0
297,Tuesday,1,13,Midday,1,1,0,0.0
297,Tuesday,1,14,Midday,1,1,0,0.0
297,Tuesday,1,15,Evening Rush,2,2,0,0.0
297,Tuesday,1,16,Evening Rush,2,2,1,0.5
297,Tuesday,1,18,Evening Rush,4,4,3,0.75
297,Tuesday,1,21,Evening,1,1,1,1.0
297,Tuesday,1,23,Evening,1,1,0,0.0
297,Wednesday,2,6,Morning Rush,2,2,2,1.0
297,Wednesday,2,8,Morning Rush,2,2,1,0.5
297,Wednesday,2,11,Midday,1,1,0,0.0
297,Wednesday,2,13,Midday,1,1,0,0.0
297,Wednesday,2,16,Evening Rush,2,2,0,0.0
297,Wednesday,2,17,Evening Rush,3,3,1,0.3333333333333333
297,Wednesday,2,18,Evening Rush,2,2,2,1.0
297,Wednesday,2,19,Evening,1,1,1,1.0
297,Wednesday,2,20,Evening,2,2,2,1.0
297,Wednesday,2,22,Evening,1,1,0,0.0
297,Wednesday,2,23,Evening,1,1,1,1.0
298,Friday,4,6,Morning Rush,1,1,0,0.0
298,Friday,4,7,Morning Rush,1,1,1,1.0
298,Friday,4,15,Evening Rush,1,1,1,1.0
298,Friday,4,18,Evening Rush,1,1,1,1.0
298,Monday,0,7,Morning Rush,1,1,1,1.0
298,Monday,0,13,Midday,2,2,0,0.0
298,Saturday,5,17,Evening Rush,2,2,1,0.5
298,Saturday,5,19,Evening,1,1,1,1.0
298,Saturday,5,23,Evening,1,1,1,1.0
298,Sunday,6,0,Night,1,1,0,0.0
298,Sunday,6,7,Morning Rush,1,1,1,1.0
298,Sunday,6,9,Morning Rush,1,1,1,1.0
298,Sunday,6,13,Midday,3,3,1,0.3333333333333333
298,Sunday,6,19,Evening,1,1,0,0.0
298,Sunday,6,23,Evening,1,1,1,1.0
298,Thursday,3,7,Morning Rush,2,2,1,0.5
298,Thursday,3,8,Morning Rush,1,1,1,1.0
298,Thursday,3,12,Midday,1,1,1,1.0
298,Thursday,3,14,Midday,1,1,1,1.0
298,Thursday,3,16,Evening Rush,1,1,1,1.0
298,Thursday,3,18,Evening Rush,1,1,1,1.0
298,Thursday,3,20,Evening,1,1,0,0.0
298,Tuesday,1,8,Morning Rush,1,1,0,0.0
298,Tuesday,1,10,Midday,1,1,0,0.0
298,Tuesday,1,14,Midday,1,1,1,1.0
298,Tuesday,1,16,Evening Rush,2,2,0,0.0
298,Tuesday,1,18,Evening Rush,1,1,0,0.0
298,Wednesday,2,7,Morning Rush,1,1,1,1.0
298,Wednesday,2,10,Midday,1,1,1,1.0
298,Wednesday,2,11,Midday,1,1,0,0.0
298,Wednesday,2,12,Midday,1,1,0,0.0
298,Wednesday,2,16,Evening Rush,2,2,1,0.5
298,Wednesday,2,18,Evening Rush,1,1,0,0.0
298,Wednesday,2,20,Evening,1,1,0,0.0
299,Friday,4,13,Midday,1,1,1,1.0
299,Friday,4,16,Evening Rush,1,1,0,0.0
299,Friday,4,22,Evening,1,1,1,1.0
299,Monday,0,14,Midday,1,1,1,1.0
299,Monday,0,17,Evening Rush,1,1,0,0.0
299,Monday,0,20,Evening,2,2,0,0.0
299,Monday,0,23,Evening,1,1,1,1.0
299,Saturday,5,13,Midday,1,1,1,1.0
299,Saturday,5,18,Evening Rush,1,1,0,0.0
299,Thursday,3,14,Midday,1,1,0,0.0
299,Thursday,3,18,Evening Rush,1,1,1,1.0
299,Tuesday,1,8,Morning Rush,1,1,0,0.0
299,Tuesday,1,15,Evening Rush,1,1,1,1.0
299,Tuesday,1,16,Evening Rush,3,3,2,0.6666666666666666
299,Tuesday,1,17,Evening Rush,1,1,0,0.0
299,Tuesday,1,20,Evening,1,1,1,1.0
299,Tuesday,1,21,Evening,1,1,0,0.0
299,Wednesday,2,7,Morning Rush,2,2,1,0.5
299,Wednesday,2,11,Midday,1,1,1,1.0
299,Wednesday,2,15,Evening Rush,1,1,0,0.0
299,Wednesday,2,18,Evening Rush,2,2,0,0.0
299,Wednesday,2,23,Evening,1,1,0,0.0
300,Friday,4,6,Morning Rush,1,1,1,1.0
300,Friday,4,9,Morning Rush,1,1,1,1.0
300,Friday,4,10,Midday,1,1,0,0.0
300,Friday,4,15,Evening Rush,1,1,0,0.0
300,Friday,4,16,Evening Rush,1,1,0,0.0
300,Friday,4,18,Evening Rush,2,2,1,0.5
300,Friday,4,19,Evening,1,1,1,1.0
300,Friday,4,21,Evening,2,2,0,0.0
300,Monday,0,0,Night,1,1,0,0.0
300,Monday,0,6,Morning Rush,1,1,1,1.0
300,Monday,0,9,Morning Rush,1,1,0,0.0
300,Monday,0,13,Midday,1,1,0,0.0
300,Monday,0,14,Midday,1,1,0,0.0
300,Monday,0,17,Evening Rush,1,1,1,1.0
300,Saturday,5,12,Midday,1,1,1,1.0
300,Saturday,5,21,Evening,1,1,1,1.0
300,Sunday,6,10,Midday,1,1,1,1.0
300,Sunday,6,17,Evening Rush,1,1,0,0.0
300,Sunday,6,18,Evening Rush,1,1,0,0.0
300,Sunday,6,19,Evening,1,1,1,1.0
300,Sunday,6,21,Evening,2,2,0,0.0
300,Sunday,6,22,Evening,1,1,1,1.0
300,Thursday,3,0,Night,1,1,0,0.0
300,Thursday,3,23,Evening,1,1,0,0.0
300,Tuesday,1,11,Midday,1,1,0,0.0
300,Tuesday,1,13,Midday,1,1,1,1.0
300,Wednesday,2,6,Morning Rush,1,1,1,1.0
300,Wednesday,2,13,Midday,1,1,1,1.0
300,Wednesday,2,17,Evening Rush,1,1,1,1.0
300,Wednesday,2,18,Evening Rush,1,1,0,0.0
301,Friday,4,0,Night,1,1,1,1.0
301,Friday,4,13,Midday,1,1,1,1.0
301,Friday,4,14,Midday,1,1,1,1.0
301,Friday,4,17,Evening Rush,2,2,0,0.0
301,Monday,0,7,Morning Rush,1,1,1,1.0
301,Monday,0,9,Morning Rush,2,2,2,1.0
301,Monday,0,13,Midday,2,2,0,0.0
301,Monday,0,15,Evening Rush,1,1,1,1.0
301,Saturday,5,12,Midday,1,1,1,1.0
301,Saturday,5,20,Evening,1,1,0,0.0
301,Sunday,6,14,Midday,1,1,0,0.0
301,Sunday,6,15,Evening Rush,2,2,0,0.0
301,Sunday,6,22,Evening,1,1,0,0.0
301,Thursday,3,14,Midday,1,1,0,0.0
301,Thursday,3,17,Evening Rush,1,1,0,0.0
301,Thursday,3,23,Evening,1,1,0,0.0
301,Tuesday,1,5,Night,1,1,1,1.0
301,Tuesday,1,6,Morning Rush,1,1,1,1.0
301,Tuesday,1,7,Morning Rush,1,1,1,1.0
301,Tuesday,1,10,Midday,1,1,1,1.0
301,Tuesday,1,15,Evening Rush,1,1,0,0.0
301,Tuesday,1,17,Evening Rush,1,1,0,0.0
301,Wednesday,2,14,Midday,1,1,0,0.0
301,Wednesday,2,15,Evening Rush,1,1,0,0.0
301,Wednesday,2,16,Evening Rush,1,1,0,0.0
301,Wednesday,2,17,Evening Rush,1,1,0,0.0
301,Wednesday,2,19,Evening,1,1,0,0.0
302,Friday,4,8,Morning Rush,1,1,0,0.0
302,Friday,4,10,Midday,2,2,0,0.0
302,Friday,4,11,Midday,1,1,0,0.0
302,Friday,4,13,Midday,1,1,0,0.0
302,Friday,4,15,Evening Rush,1,1,1,1.0
302,Friday,4,17,Evening Rush,1,1,1,1.0
302,Friday,4,20,Evening,2,2,0,0.0
302,Monday,0,6,Morning Rush,1,1,0,0.0
302,Monday,0,17,Evening Rush,1,1,1,1.0
302,Monday,0,18,Evening Rush,1,1,1,1.0
302,Monday,0,22,Evening,1,1,0,0.0
302,Saturday,5,2,Night,2,2,2,1.0
302,Saturday,5,13,Midday,1,1,0,0.0
302,Saturday,5,14,Midday,1,1,1,1.0
302,Saturday,5,18,Evening Rush,1,1,0,0.0
302,Sunday,6,5,Night,1,1,0,0.0
302,Sunday,6,8,Morning Rush,1,1,0,0.0
302,Sunday,6,10,Midday,1,1,0,0.0
302,Sunday,6,11,Midday,1,1,1,1.0
302,Sunday,6,18,Evening Rush,1,1,1,1.0
302,Sunday,6,19,Evening,1,1,0,0.0
302,Thursday,3,0,Night,1,1,0,0.0
302,Thursday,3,10,Midday,1,1,0,0.0
302,Thursday,3,12,Midday,3,3,3,1.0
302,Thursday,3,13,Midday,1,1,0,0.0
302,Thursday,3,16,Evening Rush,1,1,0,0.0
302,Thursday,3,17,Evening Rush,1,1,0,0.0
302,Tuesday,1,11,Midday,1,1,1,1.0
302,Tuesday,1,15,Evening Rush,3,3,2,0.6666666666666666
302,Tuesday,1,17,Evening Rush,1,1,0,0.0
302,Tuesday,1,22,Evening,1,1,1,1.0
302,Wednesday,2,7,Morning Rush,1,1,1,1.0
303,Friday,4,0,Night,1,1,1,1.0
303,Friday,4,13,Midday,1,1,0,0.0
303,Friday,4,18,Evening Rush,2,2,0,0.0
303,Monday,0,7,Morning Rush,2,2,2,1.0
303,Monday,0,8,Morning Rush,2,2,0,0.0
303,Monday,0,12,Midday,1,1,0,0.0
303,Monday,0,16,Evening Rush,1,1,1,1.0
303,Monday,0,17,Evening Rush,2,2,0,0.0
303,Saturday,5,10,Midday,1,1,0,0.0
303,Saturday,5,18,Evening Rush,1,1,0,0.0
303,Sunday,6,11,Midday,1,1,0,0.0
303,Sunday,6,20,Evening,1,1,1,1.0
303,Thursday,3,10,Midday,1,1,1,1.0
303,Thursday,3,19,Evening,1,1,1,1.0
303,Tuesday,1,12,Midday,1,1,0,0.0
303,Wednesday,2,11,Midday,2,2,1,0.5
303,Wednesday,2,16,Evening Rush,1,1,0,0.0
304,Friday,4,9,Morning Rush,1,1,1,1.0
304,Friday,4,10,Midday,1,1,1,1.0
304,Friday,4,11,Midday,1,1,0,0.0
304,Friday,4,12,Midday,1,1,1,1.0
304,Friday,4,14,Midday,1,1,0,0.0
304,Friday,4,16,Evening Rush,1,1,0,0.0
304,Friday,4,17,Evening Rush,1,1,0,0.0
304,Friday,4,19,Evening,1,1,0,0.0
304,Friday,4,20,Evening,1,1,0,0.0
304,Friday,4,21,Evening,2,2,1,0.5
304,Friday,4,22,Evening,2,2,1,0.5
304,Friday,4,23,Evening,2,2,0,0.0
304,Monday,0,3,Night,1,1,0,0.0
304,Monday,0,7,Morning Rush,1,1,0,0.0
304,Monday,0,11,Midday,2,2,0,0.0
304,Monday,0,12,Midday,2,2,2,1.0
304,Monday,0,13,Midday,1,1,0,0.0
304,Monday,0,14,Midday,3,3,2,0.6666666666666666
304,Monday,0,15,Evening Rush,2,2,0,0.0
304,Monday,0,16,Evening Rush,1,1,0,0.0
304,Monday,0,18,Evening Rush,1,1,1,1.0
304,Monday,0,19,Evening,3,3,2,0.6666666666666666
304,Monday,0,20,Evening,1,1,0,0.0
304,Monday,0,21,Evening,1,1,1,1.0
304,Saturday,5,1,Night,1,1,0,0.0
304,Saturday,5,3,Night,1,1,0,0.0
304,Saturday,5,6,Morning Rush,1,1,0,0.0
304,Saturday,5,10,Midday,2,2,0,0.0
304,Saturday,5,13,Midday,3,3,0,0.0
304,Saturday,5,15,Evening Rush,1,1,0,0.0
304,Saturday,5,17,Evening Rush,1,1,0,0.0
304,Saturday,5,18,Evening Rush,3,3,1,0.3333333333333333
304,Saturday,5,19,Evening,1,1,1,1.0
304,Saturday,5,20,Evening,1,1,0,0.0
304,Saturday,5,21,Evening,2,2,1,0.5
304,Sunday,6,0,Night,1,1,0,0.0
304,Sunday,6,1,Night,1,1,0,0.0
304,Sunday,6,5,Night,1,1,1,1.0
304,Sunday,6,9,Morning Rush,1,1,1,1.0
304,Sunday,6,13,Midday,1,1,0,0.0
304,Sunday,6,15,Evening Rush,1,1,0,0.0
304,Sunday,6,16,Evening Rush,1,1,0,0.0
304,Sunday,6,18,Evening Rush,1,1,1,1.0
304,Sunday,6,20,Evening,1,1,0,0.0
304,Sunday,6,21,Evening,1,1,0,0.0
304,Sunday,6,22,Evening,1,1,0,0.0
304,Sunday,6,23,Evening,1,1,0,0.0
304,Thursday,3,1,Night,1,1,1,1.0
304,Thursday,3,2,Night,1,1,1,1.0
304,Thursday,3,8,Morning Rush,1,1,1,1.0
304,Thursday,3,10,Midday,1,1,0,0.0
304,Thursday,3,11,Midday,3,3,3,1.0
304,Thursday,3,12,Midday,2,2,0,0.0
304,Thursday,3,15,Evening Rush,2,2,0,0.0
304,Thursday,3,16,Evening Rush,1,1,0,0.0
304,Thursday,3,17,Evening Rush,2,2,1,0.5
304,Thursday,3,22,Evening,2,2,1,0.5
304,Thursday,3,23,Evening,1,1,1,1.0
304,Tuesday,1,8,Morning Rush,2,2,2,1.0
304,Tuesday,1,9,Morning Rush,2,2,1,0.5
304,Tuesday,1,11,Midday,1,1,1,1.0
304,Tuesday,1,14,Midday,1,1,0,0.0
304,Tuesday,1,15,Evening Rush,1,1,0,0.0
304,Tuesday,1,16,Evening Rush,1,1,0,0.0
304,Tuesday,1,17,Evening Rush,4,4,2,0.5
304,Tuesday,1,19,Evening,1,1,0,0.0
304,Wednesday,2,0,Night,3,3,3,1.0
304,Wednesday,2,4,Night,2,2,2,1.0
304,Wednesday,2,7,Morning Rush,1,1,1,1.0
304,Wednesday,2,11,Midday,3,3,1,0.3333333333333333
304,Wednesday,2,12,Midday,1,1,1,1.0
304,Wednesday,2,15,Evening Rush,2,2,1,0.5
304,Wednesday,2,16,Evening Rush,4,4,2,0.5
304,Wednesday,2,19,Evening,1,1,1,1.0
304,Wednesday,2,20,Evening,2,2,1,0.5
304,Wednesday,2,23,Evening,1,1,0,0.0
305,Friday,4,13,Midday,1,1,1,1.0
305,Friday,4,17,Evening Rush,1,1,1,1.0
305,Friday,4,18,Evening Rush,1,1,1,1.0
305,Monday,0,0,Night,2,2,0,0.0
305,Monday,0,17,Evening Rush,1,1,0,0.0
305,Saturday,5,0,Night,1,1,0,0.0
305,Saturday,5,2,Night,1,1,0,0.0
305,Saturday,5,11,Midday,1,1,0,0.0
305,Saturday,5,14,Midday,1,1,0,0.0
305,Sunday,6,2,Night,1,1,0,0.0
305,Sunday,6,4,Night,1,1,0,0.0
305,Sunday,6,12,Midday,1,1,0,0.0
305,Thursday,3,3,Night,1,1,0,0.0
305,Thursday,3,13,Midday,1,1,0,0.0
305,Thursday,3,14,Midday,2,2,1,0.5
305,Thursday,3,19,Evening,1,1,0,0.0
305,Thursday,3,20,Evening,1,1,1,1.0
305,Tuesday,1,0,Night,1,1,0,0.0
305,Tuesday,1,7,Morning Rush,1,1,0,0.0
305,Tuesday,1,10,Midday,1,1,0,0.0
305,Tuesday,1,17,Evening Rush,1,1,0,0.0
305,Tuesday,1,22,Evening,1,1,0,0.0
305,Wednesday,2,11,Midday,1,1,0,0.0
305,Wednesday,2,15,Evening Rush,2,2,1,0.5
305,Wednesday,2,17,Evening Rush,1,1,0,0.0
306,Friday,4,1,Night,1,1,1,1.0
306,Friday,4,13,Midday,1,1,0,0.0
306,Friday,4,14,Midday,2,2,1,0.5
306,Friday,4,15,Evening Rush,1,1,0,0.0
306,Friday,4,18,Evening Rush,2,2,0,0.0
306,Friday,4,20,Evening,1,1,1,1.0
306,Friday,4,21,Evening,1,1,1,1.0
306,Friday,4,23,Evening,2,2,2,1.0
306,Monday,0,10,Midday,1,1,0,0.0
306,Monday,0,17,Evening Rush,1,1,0,0.0
306,Monday,0,19,Evening,1,1,0,0.0
306,Monday,0,20,Evening,1,1,1,1.0
306,Monday,0,21,Evening,1,1,1,1.0
306,Monday,0,22,Evening,1,1,1,1.0
306,Monday,0,23,Evening,1,1,0,0.0
306,Saturday,5,3,Night,1,1,1,1.0
306,Saturday,5,5,Night,1,1,0,0.0
306,Saturday,5,7,Morning Rush,1,1,1,1.0
306,Saturday,5,9,Morning Rush,1,1,1,1.0
306,Saturday,5,10,Midday,2,2,2,1.0
306,Saturday,5,15,Evening Rush,1,1,0,0.0
306,Saturday,5,17,Evening Rush,1,1,1,1.0
306,Saturday,5,19,Evening,1,1,0,0.0
306,Saturday,5,20,Evening,2,2,1,0.5
306,Sunday,6,1,Night,2,2,1,0.5
306,Sunday,6,2,Night,1,1,0,0.0
306,Sunday,6,3,Night,1,1,1,1.0
306,Sunday,6,6,Morning Rush,1,1,1,1.0
306,Sunday,6,10,Midday,1,1,1,1.0
306,Sunday,6,13,Midday,1,1,1,1.0
306,Sunday,6,15,Evening Rush,2,2,0,0.0
306,Sunday,6,19,Evening,1,1,0,0.0
306,Sunday,6,21,Evening,1,1,1,1.0
306,Sunday,6,23,Evening,1,1,1,1.0
306,Thursday,3,2,Night,1,1,1,1.0
306,Thursday,3,6,Morning Rush,1,1,0,0.0
306,Thursday,3,10,Midday,1,1,0,0.0
306,Thursday,3,12,Midday,1,1,0,0.0
306,Thursday,3,13,Midday,1,1,0,0.0
306,Thursday,3,14,Midday,1,1,1,1.0
306,Thursday,3,15,Evening Rush,1,1,0,0.0
306,Thursday,3,16,Evening Rush,1,1,0,0.0
306,Thursday,3,17,Evening Rush,2,2,0,0.0
306,Thursday,3,19,Evening,2,2,1,0.5
306,Thursday,3,20,Evening,1,1,1,1.0
306,Tuesday,1,8,Morning Rush,2,2,0,0.0
306,Tuesday,1,9,Morning Rush,3,3,3,1.0
306,Tuesday,1,12,Midday,1,1,0,0.0
306,Tuesday,1,14,Midday,1,1,0,0.0
306,Tuesday,1,18,Evening Rush,1,1,1,1.0
306,Tuesday,1,22,Evening,1,1,1,1.0
306,Wednesday,2,8,Morning Rush,1,1,1,1.0
306,Wednesday,2,9,Morning Rush,1,1,1,1.0
306,Wednesday,2,10,Midday,1,1,0,0.0
306,Wednesday,2,13,Midday,2,2,0,0.0
306,Wednesday,2,15,Evening Rush,1,1,0,0.0
306,Wednesday,2,19,Evening,1,1,0,0.0
306,Wednesday,2,20,Evening,1,1,1,1.0
306,Wednesday,2,23,Evening,1,1,0,0.0
307,Friday,4,7,Morning Rush,1,1,1,1.0
307,Friday,4,8,Morning Rush,1,1,0,0.0
307,Friday,4,9,Morning Rush,1,1,0,0.0
307,Monday,0,10,Midday,1,1,1,1.0
307,Monday,0,14,Midday,1,1,0,0.0
307,Monday,0,19,Evening,1,1,0,0.0
307,Saturday,5,11,Midday,1,1,0,0.0
307,Saturday,5,12,Midday,1,1,0,0.0
307,Saturday,5,22,Evening,1,1,1,1.0
307,Sunday,6,15,Evening Rush,1,1,1,1.0
307,Thursday,3,16,Evening Rush,1,1,1,1.0
307,Tuesday,1,11,Midday,1,1,1,1.0
307,Tuesday,1,12,Midday,2,2,0,0.0
307,Tuesday,1,14,Midday,1,1,0,0.0
307,Tuesday,1,16,Evening Rush,1,1,0,0.0
307,Wednesday,2,8,Morning Rush,1,1,0,0.0
307,Wednesday,2,15,Evening Rush,1,1,1,1.0
307,Wednesday,2,16,Evening Rush,2,2,1,0.5
307,Wednesday,2,17,Evening Rush,1,1,0,0.0
308,Friday,4,8,Morning Rush,1,1,1,1.0
308,Friday,4,14,Midday,1,1,0,0.0
308,Friday,4,18,Evening Rush,1,1,0,0.0
308,Friday,4,19,Evening,1,1,0,0.0
308,Monday,0,6,Morning Rush,1,1,1,1.0
308,Monday,0,11,Midday,1,1,0,0.0
308,Monday,0,17,Evening Rush,1,1,0,0.0
308,Monday,0,19,Evening,1,1,0,0.0
308,Saturday,5,3,Night,1,1,1,1.0
308,Saturday,5,11,Midday,1,1,1,1.0
308,Saturday,5,13,Midday,1,1,0,0.0
308,Saturday,5,14,Midday,1,1,1,1.0
308,Saturday,5,16,Evening Rush,1,1,0,0.0
308,Sunday,6,15,Evening Rush,2,2,0,0.0
308,Sunday,6,18,Evening Rush,1,1,1,1.0
308,Sunday,6,21,Evening,2,2,0,0.0
308,Thursday,3,8,Morning Rush,1,1,0,0.0
308,Thursday,3,10,Midday,1,1,1,1.0
308,Thursday,3,16,Evening Rush,1,1,1,1.0
308,Thursday,3,17,Evening Rush,3,3,0,0.0
308,Tuesday,1,6,Morning Rush,1,1,0,0.0
308,Tuesday,1,12,Midday,1,1,1,1.0
308,Tuesday,1,13,Midday,2,2,1,0.5
308,Tuesday,1,15,Evening Rush,1,1,0,0.0
308,Tuesday,1,16,Evening Rush,1,1,0,0.0
308,Tuesday,1,17,Evening Rush,1,1,0,0.0
308,Tuesday,1,18,Evening Rush,1,1,0,0.0
308,Tuesday,1,21,Evening,1,1,0,0.0
308,Wednesday,2,1,Night,1,1,1,1.0
308,Wednesday,2,6,Morning Rush,1,1,1,1.0
308,Wednesday,2,7,Morning Rush,1,1,0,0.0
308,Wednesday,2,10,Midday,1,1,1,1.0
308,Wednesday,2,11,Midday,1,1,0,0.0
308,Wednesday,2,12,Midday,1,1,0,0.0
308,Wednesday,2,16,Evening Rush,1,1,0,0.0
308,Wednesday,2,19,Evening,2,2,2,1.0
308,Wednesday,2,22,Evening,1,1,0,0.0
309,Friday,4,0,Night,3,3,1,0.3333333333333333
309,Friday,4,6,Morning Rush,1,1,1,1.0
309,Friday,4,7,Morning Rush,3,3,2,0.6666666666666666
309,Friday,4,8,Morning Rush,1,1,1,1.0
309,Friday,4,11,Midday,2,2,0,0.0
309,Friday,4,12,Midday,2,2,0,0.0
309,Friday,4,14,Midday,1,1,1,1.0
309,Friday,4,16,Evening Rush,2,2,1,0.5
309,Friday,4,17,Evening Rush,1,1,0,0.0
309,Friday,4,18,Evening Rush,2,2,0,0.0
309,Friday,4,19,Evening,1,1,1,1.0
309,Friday,4,21,Evening,1,1,1,1.0
309,Friday,4,22,Evening,1,1,0,0.0
309,Monday,0,1,Night,1,1,0,0.0
309,Monday,0,8,Morning Rush,2,2,1,0.5
309,Monday,0,9,Morning Rush,1,1,0,0.0
309,Monday,0,10,Midday,1,1,0,0.0
309,Monday,0,16,Evening Rush,1,1,0,0.0
309,Monday,0,17,Evening Rush,2,2,0,0.0
309,Monday,0,18,Evening Rush,1,1,0,0.0
309,Monday,0,19,Evening,1,1,0,0.0
309,Monday,0,21,Evening,2,2,1,0.5
309,Saturday,5,6,Morning Rush,1,1,1,1.0
309,Saturday,5,7,Morning Rush,1,1,1,1.0
309,Saturday,5,8,Morning Rush,1,1,1,1.0
309,Saturday,5,12,Midday,1,1,0,0.0
309,Saturday,5,13,Midday,2,2,0,0.0
309,Saturday,5,14,Midday,1,1,1,1.0
309,Saturday,5,15,Evening Rush,1,1,0,0.0
309,Saturday,5,16,Evening Rush,2,2,0,0.0
309,Saturday,5,17,Evening Rush,1,1,1,1.0
309,Saturday,5,18,Evening Rush,1,1,0,0.0
309,Sunday,6,1,Night,1,1,0,0.0
309,Sunday,6,2,Night,1,1,0,0.0
309,Sunday,6,6,Morning Rush,1,1,0,0.0
309,Sunday,6,10,Midday,2,2,1,0.5
309,Sunday,6,11,Midday,1,1,0,0.0
309,Sunday,6,12,Midday,1,1,0,0.0
309,Sunday,6,14,Midday,1,1,0,0.0
309,Sunday,6,17,Evening Rush,2,2,1,0.5
309,Sunday,6,18,Evening Rush,1,1,0,0.0
309,Sunday,6,21,Evening,1,1,0,0.0
309,Sunday,6,22,Evening,1,1,0,0.0
309,Thursday,3,5,Night,1,1,0,0.0
309,Thursday,3,6,Morning Rush,2,2,1,0.5
309,Thursday,3,7,Morning Rush,1,1,1,1.0
309,Thursday,3,14,Midday,1,1,1,1.0
309,Thursday,3,16,Evening Rush,2,2,1,0.5
309,Thursday,3,17,Evening Rush,2,2,0,0.0
309,Thursday,3,19,Evening,1,1,0,0.0
309,Thursday,3,21,Evening,1,1,1,1.0
309,Thursday,3,23,Evening,3,3,1,0.3333333333333333
309,Tuesday,1,7,Morning Rush,3,3,2,0.6666666666666666
309,Tuesday,1,8,Morning Rush,2,2,0,0.0
309,Tuesday,1,9,Morning Rush,2,2,1,0.5
309,Tuesday,1,16,Evening Rush,1,1,1,1.0
309,Tuesday,1,18,Evening Rush,1,1,1,1.0
309,Tuesday,1,22,Evening,1,1,0,0.0
309,Tuesday,1,23,Evening,1,1,0,0.0
309,Wednesday,2,5,Night,1,1,0,0.0
309,Wednesday,2,7,Morning Rush,1,1,1,1.0
309,Wednesday,2,8,Morning Rush,2,2,2,1.0
309,Wednesday,2,9,Morning Rush,4,4,3,0.75
309,Wednesday,2,13,Midday,1,1,0,0.0
309,Wednesday,2,14,Midday,3,3,2,0.6666666666666666
309,Wednesday,2,15,Evening Rush,3,3,2,0.6666666666666666
309,Wednesday,2,16,Evening Rush,2,2,0,0.0
309,Wednesday,2,17,Evening Rush,2,2,1,0.5
309,Wednesday,2,18,Evening Rush,1,1,1,1.0
309,Wednesday,2,19,Evening,1,1,0,0.0
309,Wednesday,2,20,Evening,2,2,1,0.5
310,Friday,4,8,Morning Rush,2,2,1,0.5
310,Friday,4,10,Midday,2,2,1,0.5
310,Friday,4,16,Evening Rush,1,1,0,0.0
310,Friday,4,17,Evening Rush,2,2,1,0.5
310,Monday,0,10,Midday,1,1,0,0.0
310,Monday,0,12,Midday,1,1,0,0.0
310,Monday,0,13,Midday,1,1,1,1.0
310,Monday,0,17,Evening Rush,1,1,0,0.0
310,Monday,0,20,Evening,1,1,0,0.0
310,Monday,0,23,Evening,1,1,0,0.0
310,Saturday,5,13,Midday,1,1,0,0.0
310,Saturday,5,20,Evening,1,1,1,1.0
310,Saturday,5,23,Evening,1,1,1,1.0
310,Sunday,6,13,Midday,1,1,1,1.0
310,Sunday,6,14,Midday,1,1,0,0.0
310,Thursday,3,8,Morning Rush,1,1,0,0.0
310,Thursday,3,9,Morning Rush,1,1,0,0.0
310,Thursday,3,10,Midday,1,1,1,1.0
310,Thursday,3,12,Midday,1,1,0,0.0
310,Thursday,3,14,Midday,1,1,1,1.0
310,Thursday,3,15,Evening Rush,1,1,1,1.0
310,Thursday,3,16,Evening Rush,1,1,0,0.0
310,Thursday,3,17,Evening Rush,3,3,1,0.3333333333333333
310,Thursday,3,22,Evening,1,1,1,1.0
310,Thursday,3,23,Evening,1,1,0,0.0
310,Tuesday,1,8,Morning Rush,1,1,1,1.0
310,Tuesday,1,9,Morning Rush,1,1,1,1.0
310,Tuesday,1,13,Midday,3,3,0,0.0
310,Tuesday,1,15,Evening Rush,1,1,0,0.0
310,Tuesday,1,17,Evening Rush,1,1,0,0.0
310,Tuesday,1,18,Evening Rush,1,1,1,1.0
310,Tuesday,1,20,Evening,1,1,0,0.0
310,Wednesday,2,0,Night,1,1,0,0.0
310,Wednesday,2,8,Morning Rush,1,1,1,1.0
310,Wednesday,2,9,Morning Rush,1,1,1,1.0
310,Wednesday,2,12,Midday,1,1,0,0.0
310,Wednesday,2,13,Midday,1,1,0,0.0
310,Wednesday,2,14,Midday,2,2,1,0.5
310,Wednesday,2,18,Evening Rush,1,1,0,0.0
310,Wednesday,2,22,Evening,1,1,1,1.0
311,Friday,4,2,Night,1,1,1,1.0
311,Friday,4,8,Morning Rush,1,1,0,0.0
311,Friday,4,11,Midday,1,1,0,0.0
311,Friday,4,14,Midday,1,1,1,1.0
311,Friday,4,20,Evening,1,1,1,1.0
311,Monday,0,16,Evening Rush,1,1,1,1.0
311,Monday,0,17,Evening Rush,2,2,1,0.5
311,Monday,0,18,Evening Rush,2,2,0,0.0
311,Saturday,5,10,Midday,1,1,1,1.0
311,Saturday,5,19,Evening,1,1,0,0.0
311,Saturday,5,22,Evening,3,3,0,0.0
311,Sunday,6,7,Morning Rush,1,1,0,0.0
311,Sunday,6,14,Midday,2,2,0,0.0
311,Sunday,6,15,Evening Rush,1,1,1,1.0
311,Thursday,3,13,Midday,1,1,0,0.0
311,Thursday,3,14,Midday,1,1,0,0.0
311,Thursday,3,16,Evening Rush,1,1,0,0.0
311,Thursday,3,17,Evening Rush,1,1,0,0.0
311,Thursday,3,19,Evening,1,1,1,1.0
311,Thursday,3,20,Evening,1,1,0,0.0
311,Thursday,3,23,Evening,1,1,0,0.0
311,Tuesday,1,7,Morning Rush,2,2,0,0.0
311,Tuesday,1,8,Morning Rush,2,2,1,0.5
311,Tuesday,1,13,Midday,1,1,1,1.0
311,Tuesday,1,16,Evening Rush,1,1,1,1.0
311,Wednesday,2,7,Morning Rush,2,2,1,0.5
311,Wednesday,2,11,Midday,2,2,2,1.0
312,Friday,4,9,Morning Rush,1,1,0,0.0
312,Friday,4,11,Midday,1,1,1,1.0
312,Friday,4,23,Evening,1,1,0,0.0
312,Monday,0,9,Morning Rush,1,1,0,0.0
312,Monday,0,16,Evening Rush,1,1,0,0.0
312,Monday,0,18,Evening Rush,2,2,0,0.0
312,Saturday,5,0,Night,1,1,0,0.0
312,Saturday,5,8,Morning Rush,1,1,0,0.0
312,Saturday,5,16,Evening Rush,1,1,0,0.0
312,Sunday,6,10,Midday,1,1,0,0.0
312,Sunday,6,15,Evening Rush,1,1,0,0.0
312,Sunday,6,17,Evening Rush,1,1,0,0.0
312,Sunday,6,21,Evening,1,1,0,0.0
312,Thursday,3,1,Night,1,1,1,1.0
312,Thursday,3,20,Evening,1,1,0,0.0
312,Tuesday,1,8,Morning Rush,1,1,0,0.0
312,Tuesday,1,10,Midday,1,1,0,0.0
312,Tuesday,1,13,Midday,2,2,0,0.0
312,Tuesday,1,14,Midday,1,1,0,0.0
312,Tuesday,1,17,Evening Rush,1,1,0,0.0
312,Tuesday,1,19,Evening,2,2,1,0.5
312,Wednesday,2,16,Evening Rush,1,1,0,0.0
312,Wednesday,2,17,Evening Rush,1,1,1,1.0
312,Wednesday,2,21,Evening,1,1,0,0.0
313,Friday,4,2,Night,1,1,0,0.0
313,Friday,4,7,Morning Rush,1,1,1,1.0
313,Friday,4,11,Midday,1,1,0,0.0
313,Friday,4,12,Midday,1,1,0,0.0
313,Friday,4,13,Midday,2,2,1,0.5
313,Friday,4,14,Midday,2,2,1,0.5
313,Friday,4,16,Evening Rush,2,2,1,0.5
313,Friday,4,18,Evening Rush,2,2,1,0.5
313,Friday,4,19,Evening,2,2,0,0.0
313,Friday,4,23,Evening,1,1,1,1.0
313,Monday,0,12,Midday,1,1,0,0.0
313,Monday,0,13,Midday,1,1,0,0.0
313,Monday,0,18,Evening Rush,1,1,0,0.0
313,Monday,0,20,Evening,1,1,1,1.0
313,Saturday,5,10,Midday,1,1,0,0.0
313,Saturday,5,13,Midday,1,1,0,0.0
313,Saturday,5,14,Midday,1,1,0,0.0
313,Saturday,5,16,Evening Rush,1,1,0,0.0
313,Saturday,5,17,Evening Rush,1,1,0,0.0
313,Saturday,5,18,Evening Rush,2,2,1,0.5
313,Saturday,5,23,Evening,1,1,1,1.0
313,Sunday,6,2,Night,1,1,1,1.0
313,Sunday,6,13,Midday,1,1,0,0.0
313,Sunday,6,14,Midday,1,1,0,0.0
313,Sunday,6,15,Evening Rush,1,1,0,0.0
313,Sunday,6,22,Evening,1,1,0,0.0
313,Sunday,6,23,Evening,1,1,0,0.0
313,Thursday,3,0,Night,1,1,0,0.0
313,Thursday,3,3,Night,1,1,0,0.0
313,Thursday,3,6,Morning Rush,2,2,0,0.0
313,Thursday,3,8,Morning Rush,2,2,2,1.0
313,Thursday,3,13,Midday,1,1,0,0.0
313,Thursday,3,15,Evening Rush,1,1,0,0.0
313,Thursday,3,17,Evening Rush,1,1,0,0.0
313,Thursday,3,19,Evening,1,1,0,0.0
313,Thursday,3,20,Evening,2,2,0,0.0
313,Tuesday,1,8,Morning Rush,1,1,1,1.0
313,Tuesday,1,10,Midday,1,1,0,0.0
313,Tuesday,1,13,Midday,1,1,0,0.0
313,Tuesday,1,14,Midday,1,1,0,0.0
313,Tuesday,1,17,Evening Rush,3,3,2,0.6666666666666666
313,Tuesday,1,20,Evening,1,1,0,0.0
313,Wednesday,2,4,Night,1,1,1,1.0
313,Wednesday,2,11,Midday,1,1,0,0.0
313,Wednesday,2,15,Evening Rush,2,2,0,0.0
313,Wednesday,2,16,Evening Rush,1,1,0,0.0
313,Wednesday,2,18,Evening Rush,2,2,0,0.0
314,Friday,4,11,Midday,1,1,0,0.0
314,Friday,4,15,Evening Rush,2,2,0,0.0
314,Friday,4,17,Evening Rush,1,1,0,0.0
314,Friday,4,18,Evening Rush,1,1,0,0.0
314,Monday,0,17,Evening Rush,1,1,0,0.0
314,Monday,0,18,Evening Rush,1,1,0,0.0
314,Saturday,5,8,Morning Rush,1,1,0,0.0
314,Saturday,5,13,Midday,1,1,0,0.0
314,Saturday,5,14,Midday,2,2,2,1.0
314,Saturday,5,20,Evening,1,1,1,1.0
314,Sunday,6,14,Midday,1,1,1,1.0
314,Sunday,6,15,Evening Rush,1,1,0,0.0
314,Sunday,6,16,Evening Rush,1,1,0,0.0
314,Thursday,3,15,Evening Rush,1,1,1,1.0
314,Tuesday,1,11,Midday,1,1,0,0.0
314,Tuesday,1,16,Evening Rush,1,1,0,0.0
314,Tuesday,1,19,Evening,1,1,0,0.0
314,Wednesday,2,12,Midday,1,1,0,0.0
314,Wednesday,2,18,Evening Rush,1,1,1,1.0
314,Wednesday,2,20,Evening,1,1,1,1.0
315,Friday,4,16,Evening Rush,2,2,0,0.0
315,Friday,4,20,Evening,1,1,0,0.0
315,Monday,0,13,Midday,1,1,1,1.0
315,Monday,0,16,Evening Rush,1,1,0,0.0
315,Monday,0,21,Evening,1,1,0,0.0
315,Saturday,5,14,Midday,1,1,1,1.0
315,Saturday,5,20,Evening,1,1,0,0.0
315,Sunday,6,5,Night,1,1,0,0.0
315,Sunday,6,18,Evening Rush,1,1,0,0.0
315,Sunday,6,22,Evening,1,1,0,0.0
315,Thursday,3,5,Night,1,1,0,0.0
315,Thursday,3,16,Evening Rush,1,1,0,0.0
315,Thursday,3,21,Evening,1,1,1,1.0
315,Tuesday,1,7,Morning Rush,1,1,0,0.0
315,Tuesday,1,17,Evening Rush,1,1,0,0.0
315,Tuesday,1,18,Evening Rush,1,1,0,0.0
315,Tuesday,1,19,Evening,1,1,0,0.0
315,Wednesday,2,7,Morning Rush,1,1,1,1.0
315,Wednesday,2,13,Midday,1,1,1,1.0
315,Wednesday,2,15,Evening Rush,1,1,1,1.0
315,Wednesday,2,20,Evening,1,1,0,0.0
316,Friday,4,0,Night,2,2,1,0.5
316,Friday,4,9,Morning Rush,1,1,1,1.0
316,Friday,4,10,Midday,1,1,0,0.0
316,Friday,4,12,Midday,1,1,1,1.0
316,Friday,4,16,Evening Rush,2,2,0,0.0
316,Friday,4,17,Evening Rush,1,1,1,1.0
316,Monday,0,6,Morning Rush,2,2,1,0.5
316,Monday,0,9,Morning Rush,3,3,1,0.3333333333333333
316,Monday,0,13,Midday,1,1,0,0.0
316,Saturday,5,3,Night,1,1,0,0.0
316,Saturday,5,14,Midday,1,1,0,0.0
316,Saturday,5,21,Evening,1,1,0,0.0
316,Sunday,6,1,Night,1,1,1,1.0
316,Sunday,6,5,Night,1,1,1,1.0
316,Sunday,6,9,Morning Rush,1,1,0,0.0
316,Sunday,6,16,Evening Rush,2,2,1,0.5
316,Thursday,3,5,Night,1,1,0,0.0
316,Thursday,3,6,Morning Rush,1,1,0,0.0
316,Thursday,3,16,Evening Rush,1,1,0,0.0
316,Thursday,3,18,Evening Rush,1,1,0,0.0
316,Tuesday,1,8,Morning Rush,1,1,0,0.0
316,Tuesday,1,16,Evening Rush,1,1,0,0.0
316,Tuesday,1,17,Evening Rush,1,1,1,1.0
316,Wednesday,2,4,Night,1,1,1,1.0
316,Wednesday,2,16,Evening Rush,1,1,0,0.0
316,Wednesday,2,19,Evening,1,1,0,0.0
317,Friday,4,12,Midday,1,1,0,0.0
317,Friday,4,15,Evening Rush,1,1,0,0.0
317,Friday,4,19,Evening,2,2,1,0.5
317,Monday,0,7,Morning Rush,1,1,0,0.0
317,Monday,0,8,Morning Rush,2,2,0,0.0
317,Monday,0,9,Morning Rush,1,1,1,1.0
317,Monday,0,12,Midday,1,1,0,0.0
317,Monday,0,15,Evening Rush,1,1,0,0.0
317,Saturday,5,0,Night,1,1,0,0.0
317,Saturday,5,3,Night,1,1,0,0.0
317,Saturday,5,6,Morning Rush,1,1,1,1.0
317,Saturday,5,11,Midday,1,1,1,1.0
317,Saturday,5,13,Midday,2,2,2,1.0
317,Saturday,5,14,Midday,2,2,1,0.5
317,Saturday,5,15,Evening Rush,1,1,1,1.0
317,Saturday,5,18,Evening Rush,1,1,0,0.0
317,Saturday,5,22,Evening,1,1,0,0.0
317,Saturday,5,23,Evening,3,3,1,0.3333333333333333
317,Sunday,6,2,Night,2,2,1,0.5
317,Sunday,6,10,Midday,1,1,0,0.0
317,Sunday,6,13,Midday,1,1,1,1.0
317,Sunday,6,14,Midday,1,1,0,0.0
317,Sunday,6,16,Evening Rush,1,1,0,0.0
317,Sunday,6,17,Evening Rush,1,1,1,1.0
317,Sunday,6,19,Evening,1,1,1,1.0
317,Sunday,6,23,Evening,1,1,0,0.0
317,Thursday,3,8,Morning Rush,1,1,1,1.0
317,Thursday,3,13,Midday,1,1,0,0.0
317,Thursday,3,15,Evening Rush,1,1,0,0.0
317,Thursday,3,16,Evening Rush,3,3,0,0.0
317,Thursday,3,21,Evening,1,1,0,0.0
317,Tuesday,1,6,Morning Rush,2,2,2,1.0
317,Tuesday,1,7,Morning Rush,1,1,0,0.0
317,Tuesday,1,14,Midday,1,1,1,1.0
317,Tuesday,1,16,Evening Rush,2,2,1,0.5
317,Tuesday,1,18,Evening Rush,1,1,0,0.0
317,Tuesday,1,23,Evening,1,1,0,0.0
317,Wednesday,2,9,Morning Rush,1,1,0,0.0
317,Wednesday,2,14,Midday,1,1,0,0.0
317,Wednesday,2,15,Evening Rush,1,1,0,0.0
318,Friday,4,11,Midday,1,1,1,1.0
318,Friday,4,14,Midday,1,1,0,0.0
318,Friday,4,15,Evening Rush,1,1,0,0.0
318,Friday,4,18,Evening Rush,1,1,0,0.0
318,Friday,4,19,Evening,1,1,0,0.0
318,Monday,0,13,Midday,1,1,1,1.0
318,Monday,0,16,Evening Rush,1,1,0,0.0
318,Monday,0,18,Evening Rush,1,1,1,1.0
318,Saturday,5,11,Midday,1,1,0,0.0
318,Saturday,5,18,Evening Rush,1,1,1,1.0
318,Saturday,5,19,Evening,1,1,1,1.0
318,Sunday,6,12,Midday,3,3,2,0.6666666666666666
318,Sunday,6,16,Evening Rush,1,1,0,0.0
318,Sunday,6,17,Evening Rush,2,2,2,1.0
318,Sunday,6,19,Evening,1,1,1,1.0
318,Thursday,3,13,Midday,1,1,0,0.0
318,Thursday,3,16,Evening Rush,1,1,1,1.0
318,Tuesday,1,8,Morning Rush,1,1,0,0.0
318,Tuesday,1,9,Morning Rush,1,1,1,1.0
318,Tuesday,1,11,Midday,3,3,1,0.3333333333333333
318,Tuesday,1,18,Evening Rush,1,1,0,0.0
318,Wednesday,2,9,Morning Rush,1,1,0,0.0
318,Wednesday,2,10,Midday,1,1,0,0.0
318,Wednesday,2,11,Midday,1,1,0,0.0
318,Wednesday,2,15,Evening Rush,2,2,0,0.0
318,Wednesday,2,16,Evening Rush,1,1,0,0.0
318,Wednesday,2,20,Evening,1,1,1,1.0
319,Friday,4,7,Morning Rush,1,1,1,1.0
319,Friday,4,8,Morning Rush,1,1,1,1.0
319,Friday,4,18,Evening Rush,1,1,0,0.0
319,Friday,4,20,Evening,1,1,1,1.0
319,Monday,0,8,Morning Rush,1,1,1,1.0
319,Monday,0,9,Morning Rush,1,1,1,1.0
319,Monday,0,17,Evening Rush,1,1,0,0.0
319,Monday,0,18,Evening Rush,2,2,0,0.0
319,Saturday,5,10,Midday,1,1,1,1.0
319,Saturday,5,11,Midday,1,1,0,0.0
319,Saturday,5,18,Evening Rush,1,1,0,0.0
319,Sunday,6,9,Morning Rush,1,1,1,1.0
319,Sunday,6,19,Evening,1,1,1,1.0
319,Thursday,3,14,Midday,1,1,1,1.0
319,Thursday,3,17,Evening Rush,2,2,1,0.5
319,Tuesday,1,18,Evening Rush,1,1,1,1.0
319,Tuesday,1,19,Evening,1,1,0,0.0
319,Tuesday,1,20,Evening,1,1,0,0.0
319,Wednesday,2,10,Midday,1,1,1,1.0
319,Wednesday,2,14,Midday,1,1,0,0.0
319,Wednesday,2,15,Evening Rush,1,1,1,1.0
319,Wednesday,2,23,Evening,2,2,0,0.0
320,Friday,4,6,Morning Rush,1,1,1,1.0
320,Friday,4,12,Midday,1,1,0,0.0
320,Friday,4,14,Midday,1,1,1,1.0
320,Friday,4,18,Evening Rush,1,1,0,0.0
320,Monday,0,0,Night,1,1,0,0.0
320,Monday,0,13,Midday,1,1,1,1.0
320,Monday,0,22,Evening,1,1,0,0.0
320,Sunday,6,9,Morning Rush,1,1,1,1.0
320,Sunday,6,16,Evening Rush,1,1,1,1.0
320,Sunday,6,20,Evening,1,1,1,1.0
320,Thursday,3,10,Midday,1,1,1,1.0
320,Thursday,3,15,Evening Rush,1,1,0,0.0
320,Thursday,3,16,Evening Rush,1,1,0,0.0
320,Tuesday,1,0,Night,1,1,0,0.0
320,Tuesday,1,11,Midday,1,1,1,1.0
320,Tuesday,1,13,Midday,1,1,1,1.0
320,Tuesday,1,23,Evening,1,1,0,0.0
320,Wednesday,2,5,Night,1,1,1,1.0
320,Wednesday,2,8,Morning Rush,1,1,0,0.0
320,Wednesday,2,13,Midday,1,1,0,0.0
320,Wednesday,2,16,Evening Rush,1,1,0,0.0
320,Wednesday,2,17,Evening Rush,1,1,1,1.0
320,Wednesday,2,18,Evening Rush,1,1,0,0.0
320,Wednesday,2,22,Evening,1,1,1,1.0
321,Friday,4,10,Midday,1,1,1,1.0
321,Friday,4,16,Evening Rush,2,2,0,0.0
321,Friday,4,17,Evening Rush,1,1,1,1.0
321,Monday,0,12,Midday,1,1,0,0.0
321,Monday,0,17,Evening Rush,1,1,0,0.0
321,Monday,0,18,Evening Rush,1,1,1,1.0
321,Monday,0,21,Evening,1,1,0,0.0
321,Saturday,5,10,Midday,1,1,1,1.0
321,Saturday,5,13,Midday,1,1,1,1.0
321,Sunday,6,15,Evening Rush,1,1,1,1.0
321,Sunday,6,18,Evening Rush,1,1,0,0.0
321,Thursday,3,9,Morning Rush,1,1,1,1.0
321,Thursday,3,13,Midday,1,1,0,0.0
321,Thursday,3,17,Evening Rush,1,1,0,0.0
321,Tuesday,1,9,Morning Rush,1,1,1,1.0
321,Tuesday,1,10,Midday,1,1,1,1.0
321,Tuesday,1,14,Midday,1,1,0,0.0
321,Tuesday,1,15,Evening Rush,2,2,1,0.5
321,Tuesday,1,17,Evening Rush,2,2,1,0.5
321,Tuesday,1,22,Evening,1,1,0,0.0
321,Wednesday,2,8,Morning Rush,1,1,0,0.0
321,Wednesday,2,16,Evening Rush,1,1,0,0.0
322,Friday,4,1,Night,1,1,0,0.0
322,Friday,4,11,Midday,3,3,1,0.3333333333333333
322,Friday,4,12,Midday,1,1,0,0.0
322,Friday,4,15,Evening Rush,2,2,0,0.0
322,Friday,4,17,Evening Rush,2,2,1,0.5
322,Friday,4,18,Evening Rush,1,1,1,1.0
322,Friday,4,20,Evening,1,1,1,1.0
322,Friday,4,21,Evening,1,1,1,1.0
322,Monday,0,7,Morning Rush,1,1,1,1.0
322,Monday,0,12,Midday,3,3,1,0.3333333333333333
322,Monday,0,13,Midday,1,1,1,1.0
322,Monday,0,14,Midday,1,1,0,0.0
322,Monday,0,15,Evening Rush,1,1,0,0.0
322,Monday,0,16,Evening Rush,2,2,2,1.0
322,Monday,0,19,Evening,1,1,0,0.0
322,Monday,0,20,Evening,1,1,1,1.0
322,Saturday,5,4,Night,1,1,1,1.0
322,Saturday,5,13,Midday,4,4,0,0.0
322,Saturday,5,15,Evening Rush,1,1,0,0.0
322,Saturday,5,17,Evening Rush,4,4,1,0.25
322,Saturday,5,18,Evening Rush,1,1,1,1.0
322,Saturday,5,19,Evening,1,1,1,1.0
322,Saturday,5,21,Evening,1,1,0,0.0
322,Saturday,5,23,Evening,2,2,1,0.5
322,Sunday,6,3,Night,1,1,0,0.0
322,Sunday,6,5,Night,2,2,1,0.5
322,Sunday,6,7,Morning Rush,1,1,1,1.0
322,Sunday,6,10,Midday,1,1,1,1.0
322,Sunday,6,12,Midday,3,3,0,0.0
322,Sunday,6,13,Midday,2,2,1,0.5
322,Sunday,6,14,Midday,1,1,1,1.0
322,Sunday,6,17,Evening Rush,3,3,0,0.0
322,Sunday,6,19,Evening,1,1,0,0.0
322,Sunday,6,20,Evening,2,2,0,0.0
322,Sunday,6,23,Evening,2,2,0,0.0
322,Thursday,3,1,Night,1,1,0,0.0
322,Thursday,3,13,Midday,1,1,0,0.0
322,Thursday,3,15,Evening Rush,2,2,0,0.0
322,Thursday,3,16,Evening Rush,2,2,1,0.5
322,Thursday,3,22,Evening,1,1,0,0.0
322,Tuesday,1,11,Midday,4,4,3,0.75
322,Tuesday,1,12,Midday,1,1,0,0.0
322,Tuesday,1,13,Midday,1,1,0,0.0
322,Tuesday,1,15,Evening Rush,1,1,0,0.0
322,Tuesday,1,17,Evening Rush,1,1,0,0.0
322,Tuesday,1,19,Evening,1,1,0,0.0
322,Tuesday,1,21,Evening,1,1,0,0.0
322,Wednesday,2,0,Night,1,1,0,0.0
322,Wednesday,2,9,Morning Rush,1,1,1,1.0
322,Wednesday,2,10,Midday,1,1,0,0.0
322,Wednesday,2,12,Midday,1,1,0,0.0
322,Wednesday,2,13,Midday,6,6,2,0.3333333333333333
322,Wednesday,2,14,Midday,3,3,1,0.3333333333333333
322,Wednesday,2,15,Evening Rush,2,2,0,0.0
322,Wednesday,2,16,Evening Rush,1,1,0,0.0
322,Wednesday,2,17,Evening Rush,1,1,0,0.0
322,Wednesday,2,18,Evening Rush,1,1,0,0.0
322,Wednesday,2,22,Evening,1,1,0,0.0
323,Friday,4,6,Morning Rush,2,2,0,0.0
323,Friday,4,7,Morning Rush,1,1,0,0.0
323,Friday,4,9,Morning Rush,2,2,1,0.5
323,Friday,4,10,Midday,1,1,1,1.0
323,Friday,4,12,Midday,1,1,1,1.0
323,Friday,4,14,Midday,1,1,0,0.0
323,Friday,4,15,Evening Rush,2,2,0,0.0
323,Friday,4,16,Evening Rush,1,1,0,0.0
323,Friday,4,17,Evening Rush,1,1,0,0.0
323,Friday,4,19,Evening,1,1,0,0.0
323,Monday,0,7,Morning Rush,1,1,1,1.0
323,Monday,0,8,Morning Rush,2,2,0,0.0
323,Monday,0,10,Midday,2,2,0,0.0
323,Monday,0,14,Midday,1,1,0,0.0
323,Saturday,5,12,Midday,1,1,0,0.0
323,Saturday,5,17,Evening Rush,2,2,0,0.0
323,Sunday,6,8,Morning Rush,1,1,1,1.0
323,Sunday,6,12,Midday,1,1,0,0.0
323,Sunday,6,13,Midday,1,1,0,0.0
323,Sunday,6,16,Evening Rush,1,1,0,0.0
323,Thursday,3,9,Morning Rush,1,1,0,0.0
323,Thursday,3,10,Midday,3,3,1,0.3333333333333333
323,Thursday,3,12,Midday,3,3,1,0.3333333333333333
323,Thursday,3,14,Midday,1,1,0,0.0
323,Tuesday,1,12,Midday,1,1,0,0.0
323,Tuesday,1,16,Evening Rush,1,1,0,0.0
323,Tuesday,1,17,Evening Rush,4,4,1,0.25
323,Tuesday,1,21,Evening,2,2,2,1.0
323,Wednesday,2,7,Morning Rush,4,4,3,0.75
323,Wednesday,2,11,Midday,1,1,1,1.0
323,Wednesday,2,12,Midday,1,1,1,1.0
323,Wednesday,2,14,Midday,2,2,2,1.0
323,Wednesday,2,15,Evening Rush,2,2,1,0.5
323,Wednesday,2,17,Evening Rush,2,2,1,0.5
323,Wednesday,2,19,Evening,1,1,1,1.0
323,Wednesday,2,20,Evening,1,1,0,0.0
324,Friday,4,6,Morning Rush,1,1,0,0.0
324,Friday,4,18,Evening Rush,1,1,1,1.0
324,Friday,4,21,Evening,1,1,0,0.0
324,Monday,0,7,Morning Rush,1,1,1,1.0
324,Monday,0,8,Morning Rush,1,1,1,1.0
324,Monday,0,10,Midday,1,1,1,1.0
324,Monday,0,13,Midday,1,1,0,0.0
324,Monday,0,15,Evening Rush,4,4,0,0.0
324,Saturday,5,7,Morning Rush,1,1,0,0.0
324,Sunday,6,4,Night,1,1,0,0.0
324,Sunday,6,9,Morning Rush,1,1,0,0.0
324,Sunday,6,19,Evening,1,1,0,0.0
324,Thursday,3,10,Midday,1,1,1,1.0
324,Thursday,3,12,Midday,2,2,1,0.5
324,Thursday,3,13,Midday,3,3,2,0.6666666666666666
324,Thursday,3,14,Midday,1,1,0,0.0
324,Thursday,3,15,Evening Rush,1,1,0,0.0
324,Thursday,3,18,Evening Rush,1,1,0,0.0
324,Tuesday,1,19,Evening,1,1,1,1.0
324,Wednesday,2,6,Morning Rush,1,1,1,1.0
324,Wednesday,2,12,Midday,1,1,0,0.0
324,Wednesday,2,16,Evening Rush,1,1,1,1.0
324,Wednesday,2,17,Evening Rush,3,3,0,0.0
325,Friday,4,2,Night,1,1,0,0.0
325,Friday,4,13,Midday,2,2,0,0.0
325,Monday,0,8,Morning Rush,1,1,1,1.0
325,Monday,0,11,Midday,1,1,0,0.0
325,Monday,0,14,Midday,1,1,0,0.0
325,Saturday,5,23,Evening,1,1,1,1.0
325,Sunday,6,15,Evening Rush,1,1,0,0.0
325,Thursday,3,7,Morning Rush,1,1,0,0.0
325,Thursday,3,9,Morning Rush,3,3,3,1.0
325,Thursday,3,10,Midday,1,1,1,1.0
325,Thursday,3,11,Midday,1,1,0,0.0
325,Thursday,3,12,Midday,1,1,1,1.0
325,Thursday,3,13,Midday,1,1,0,0.0
325,Thursday,3,14,Midday,1,1,1,1.0
325,Thursday,3,17,Evening Rush,1,1,0,0.0
325,Thursday,3,19,Evening,1,1,0,0.0
325,Tuesday,1,13,Midday,2,2,0,0.0
325,Tuesday,1,14,Midday,1,1,0,0.0
325,Tuesday,1,23,Evening,1,1,1,1.0
325,Wednesday,2,8,Morning Rush,1,1,0,0.0
325,Wednesday,2,10,Midday,2,2,0,0.0
325,Wednesday,2,13,Midday,1,1,1,1.0
326,Friday,4,7,Morning Rush,1,1,1,1.0
326,Friday,4,8,Morning Rush,2,2,2,1.0
326,Friday,4,11,Midday,2,2,1,0.5
326,Friday,4,12,Midday,1,1,1,1.0
326,Friday,4,13,Midday,6,6,2,0.3333333333333333
326,Friday,4,14,Midday,5,5,0,0.0
326,Friday,4,15,Evening Rush,5,5,1,0.2
326,Friday,4,16,Evening Rush,5,5,0,0.0
326,Friday,4,17,Evening Rush,4,4,0,0.0
326,Friday,4,18,Evening Rush,6,6,1,0.16666666666666666
326,Friday,4,19,Evening,2,2,0,0.0
326,Monday,0,5,Night,1,1,0,0.0
326,Monday,0,7,Morning Rush,2,2,1,0.5
326,Monday,0,8,Morning Rush,3,3,2,0.6666666666666666
326,Monday,0,10,Midday,1,1,1,1.0
326,Monday,0,14,Midday,1,1,0,0.0
326,Monday,0,16,Evening Rush,1,1,0,0.0
326,Monday,0,17,Evening Rush,1,1,0,0.0
326,Monday,0,20,Evening,1,1,0,0.0
326,Monday,0,21,Evening,1,1,1,1.0
326,Saturday,5,7,Morning Rush,1,1,0,0.0
326,Saturday,5,12,Midday,1,1,0,0.0
326,Saturday,5,13,Midday,2,2,0,0.0
326,Saturday,5,14,Midday,1,1,0,0.0
326,Saturday,5,15,Evening Rush,2,2,1,0.5
326,Saturday,5,18,Evening Rush,1,1,1,1.0
326,Saturday,5,19,Evening,1,1,0,0.0
326,Saturday,5,21,Evening,1,1,1,1.0
326,Saturday,5,22,Evening,1,1,0,0.0
326,Saturday,5,23,Evening,1,1,0,0.0
326,Sunday,6,12,Midday,2,2,1,0.5
326,Sunday,6,14,Midday,1,1,0,0.0
326,Thursday,3,8,Morning Rush,1,1,1,1.0
326,Thursday,3,11,Midday,2,2,2,1.0
326,Thursday,3,12,Midday,5,5,1,0.2
326,Thursday,3,14,Midday,4,4,0,0.0
326,Thursday,3,15,Evening Rush,3,3,0,0.0
326,Thursday,3,16,Evening Rush,4,4,3,0.75
326,Thursday,3,17,Evening Rush,6,6,0,0.0
326,Thursday,3,18,Evening Rush,5,5,0,0.0
326,Thursday,3,20,Evening,1,1,0,0.0
326,Tuesday,1,7,Morning Rush,1,1,0,0.0
326,Tuesday,1,8,Morning Rush,3,3,0,0.0
326,Tuesday,1,9,Morning Rush,3,3,1,0.3333333333333333
326,Tuesday,1,13,Midday,1,1,1,1.0
326,Tuesday,1,14,Midday,1,1,0,0.0
326,Tuesday,1,15,Evening Rush,4,4,1,0.25
326,Tuesday,1,16,Evening Rush,5,5,2,0.4
326,Tuesday,1,17,Evening Rush,3,3,0,0.0
326,Tuesday,1,18,Evening Rush,1,1,0,0.0
326,Tuesday,1,20,Evening,1,1,0,0.0
326,Wednesday,2,6,Morning Rush,1,1,1,1.0
326,Wednesday,2,10,Midday,1,1,0,0.0
326,Wednesday,2,12,Midday,1,1,0,0.0
326,Wednesday,2,14,Midday,3,3,1,0.3333333333333333
326,Wednesday,2,15,Evening Rush,4,4,1,0.25
326,Wednesday,2,16,Evening Rush,3,3,1,0.3333333333333333
326,Wednesday,2,18,Evening Rush,1,1,1,1.0
326,Wednesday,2,19,Evening,3,3,2,0.6666666666666666
326,Wednesday,2,20,Evening,1,1,0,0.0
327,Friday,4,10,Midday,1,1,0,0.0
327,Friday,4,12,Midday,1,1,1,1.0
327,Friday,4,17,Evening Rush,2,2,1,0.5
327,Monday,0,10,Midday,1,1,1,1.0
327,Monday,0,19,Evening,1,1,0,0.0
327,Saturday,5,19,Evening,1,1,0,0.0
327,Sunday,6,13,Midday,1,1,0,0.0
327,Sunday,6,20,Evening,1,1,0,0.0
327,Sunday,6,23,Evening,1,1,1,1.0
327,Thursday,3,5,Night,2,2,0,0.0
327,Thursday,3,7,Morning Rush,1,1,1,1.0
327,Thursday,3,12,Midday,1,1,0,0.0
327,Thursday,3,14,Midday,1,1,0,0.0
327,Thursday,3,23,Evening,1,1,1,1.0
327,Tuesday,1,2,Night,1,1,1,1.0
327,Tuesday,1,7,Morning Rush,1,1,1,1.0
327,Tuesday,1,12,Midday,1,1,0,0.0
327,Wednesday,2,6,Morning Rush,1,1,0,0.0
327,Wednesday,2,8,Morning Rush,2,2,0,0.0
327,Wednesday,2,10,Midday,1,1,0,0.0
327,Wednesday,2,13,Midday,1,1,0,0.0
327,Wednesday,2,14,Midday,2,2,1,0.5
327,Wednesday,2,18,Evening Rush,1,1,0,0.0
328,Friday,4,5,Night,1,1,1,1.0
328,Friday,4,7,Morning Rush,2,2,2,1.0
328,Friday,4,8,Morning Rush,1,1,1,1.0
328,Friday,4,10,Midday,1,1,0,0.0
328,Friday,4,14,Midday,1,1,0,0.0
328,Monday,0,6,Morning Rush,1,1,0,0.0
328,Monday,0,8,Morning Rush,1,1,0,0.0
328,Monday,0,9,Morning Rush,2,2,1,0.5
328,Monday,0,12,Midday,1,1,1,1.0
328,Monday,0,13,Midday,1,1,0,0.0
328,Monday,0,14,Midday,1,1,0,0.0
328,Monday,0,15,Evening Rush,1,1,0,0.0
328,Monday,0,16,Evening Rush,1,1,1,1.0
328,Monday,0,17,Evening Rush,1,1,0,0.0
328,Monday,0,20,Evening,1,1,0,0.0
328,Monday,0,22,Evening,1,1,0,0.0
328,Saturday,5,2,Night,1,1,1,1.0
328,Saturday,5,8,Morning Rush,1,1,0,0.0
328,Saturday,5,9,Morning Rush,1,1,0,0.0
328,Saturday,5,10,Midday,1,1,1,1.0
328,Saturday,5,15,Evening Rush,1,1,0,0.0
328,Saturday,5,19,Evening,1,1,0,0.0
328,Saturday,5,22,Evening,1,1,0,0.0
328,Saturday,5,23,Evening,1,1,1,1.0
328,Sunday,6,21,Evening,1,1,0,0.0
328,Thursday,3,1,Night,1,1,1,1.0
328,Thursday,3,7,Morning Rush,1,1,1,1.0
328,Thursday,3,9,Morning Rush,1,1,0,0.0
328,Thursday,3,12,Midday,1,1,1,1.0
328,Tuesday,1,10,Midday,1,1,0,0.0
328,Tuesday,1,16,Evening Rush,1,1,0,0.0
328,Tuesday,1,17,Evening Rush,1,1,1,1.0
328,Wednesday,2,4,Night,2,2,0,0.0
328,Wednesday,2,7,Morning Rush,1,1,0,0.0
328,Wednesday,2,11,Midday,1,1,1,1.0
328,Wednesday,2,16,Evening Rush,1,1,1,1.0
328,Wednesday,2,17,Evening Rush,1,1,0,0.0
328,Wednesday,2,21,Evening,1,1,0,0.0
328,Wednesday,2,23,Evening,1,1,0,0.0
329,Friday,4,13,Midday,1,1,1,1.0
329,Friday,4,15,Evening Rush,1,1,1,1.0
329,Friday,4,16,Evening Rush,1,1,1,1.0
329,Friday,4,20,Evening,1,1,0,0.0
329,Monday,0,10,Midday,1,1,1,1.0
329,Monday,0,13,Midday,1,1,0,0.0
329,Monday,0,14,Midday,2,2,0,0.0
329,Monday,0,19,Evening,1,1,1,1.0
329,Saturday,5,10,Midday,1,1,1,1.0
329,Saturday,5,13,Midday,2,2,0,0.0
329,Saturday,5,14,Midday,1,1,0,0.0
329,Saturday,5,15,Evening Rush,1,1,0,0.0
329,Saturday,5,16,Evening Rush,1,1,0,0.0
329,Saturday,5,17,Evening Rush,1,1,0,0.0
329,Saturday,5,22,Evening,1,1,0,0.0
329,Sunday,6,6,Morning Rush,2,2,1,0.5
329,Sunday,6,17,Evening Rush,1,1,0,0.0
329,Sunday,6,18,Evening Rush,2,2,0,0.0
329,Thursday,3,17,Evening Rush,1,1,0,0.0
329,Tuesday,1,8,Morning Rush,1,1,1,1.0
329,Tuesday,1,9,Morning Rush,2,2,2,1.0
329,Tuesday,1,15,Evening Rush,1,1,0,0.0
329,Tuesday,1,17,Evening Rush,2,2,0,0.0
329,Wednesday,2,11,Midday,2,2,1,0.5
329,Wednesday,2,15,Evening Rush,2,2,2,1.0
330,Friday,4,3,Night,3,3,2,0.6666666666666666
330,Friday,4,6,Morning Rush,1,1,1,1.0
330,Friday,4,10,Midday,1,1,0,0.0
330,Friday,4,15,Evening Rush,2,2,0,0.0
330,Friday,4,20,Evening,2,2,1,0.5
330,Friday,4,21,Evening,1,1,0,0.0
330,Monday,0,9,Morning Rush,1,1,0,0.0
330,Monday,0,10,Midday,1,1,0,0.0
330,Monday,0,12,Midday,1,1,0,0.0
330,Monday,0,16,Evening Rush,1,1,0,0.0
330,Monday,0,17,Evening Rush,3,3,1,0.3333333333333333
330,Monday,0,18,Evening Rush,1,1,0,0.0
330,Saturday,5,13,Midday,1,1,0,0.0
330,Saturday,5,19,Evening,1,1,0,0.0
330,Saturday,5,20,Evening,1,1,0,0.0
330,Sunday,6,7,Morning Rush,1,1,1,1.0
330,Sunday,6,15,Evening Rush,1,1,0,0.0
330,Sunday,6,17,Evening Rush,1,1,0,0.0
330,Sunday,6,19,Evening,1,1,0,0.0
330,Sunday,6,22,Evening,1,1,0,0.0
330,Thursday,3,6,Morning Rush,3,3,0,0.0
330,Thursday,3,7,Morning Rush,1,1,0,0.0
330,Thursday,3,10,Midday,1,1,1,1.0
330,Thursday,3,11,Midday,1,1,0,0.0
330,Thursday,3,12,Midday,1,1,0,0.0
330,Thursday,3,14,Midday,1,1,1,1.0
330,Thursday,3,15,Evening Rush,1,1,1,1.0
330,Thursday,3,16,Evening Rush,1,1,1,1.0
330,Thursday,3,17,Evening Rush,2,2,0,0.0
330,Thursday,3,21,Evening,1,1,0,0.0
330,Tuesday,1,8,Morning Rush,2,2,1,0.5
330,Tuesday,1,10,Midday,1,1,0,0.0
330,Tuesday,1,15,Evening Rush,3,3,0,0.0
330,Tuesday,1,16,Evening Rush,1,1,1,1.0
330,Tuesday,1,17,Evening Rush,1,1,0,0.0
330,Tuesday,1,18,Evening Rush,4,4,3,0.75
330,Tuesday,1,19,Evening,1,1,0,0.0
330,Tuesday,1,20,Evening,1,1,0,0.0
330,Tuesday,1,23,Evening,1,1,0,0.0
330,Wednesday,2,4,Night,1,1,1,1.0
330,Wednesday,2,7,Morning Rush,3,3,1,0.3333333333333333
330,Wednesday,2,10,Midday,1,1,1,1.0
330,Wednesday,2,11,Midday,1,1,1,1.0
330,Wednesday,2,15,Evening Rush,2,2,0,0.0
330,Wednesday,2,17,Evening Rush,1,1,0,0.0
330,Wednesday,2,18,Evening Rush,1,1,0,0.0
331,Friday,4,6,Morning Rush,1,1,1,1.0
331,Friday,4,10,Midday,1,1,1,1.0
331,Friday,4,13,Midday,1,1,0,0.0
331,Friday,4,15,Evening Rush,3,3,1,0.3333333333333333
331,Friday,4,16,Evening Rush,1,1,0,0.0
331,Friday,4,17,Evening Rush,1,1,1,1.0
331,Friday,4,23,Evening,1,1,1,1.0
331,Monday,0,18,Evening Rush,1,1,0,0.0
331,Saturday,5,5,Night,1,1,0,0.0
331,Saturday,5,8,Morning Rush,1,1,0,0.0
331,Saturday,5,11,Midday,1,1,1,1.0
331,Saturday,5,19,Evening,1,1,1,1.0
331,Sunday,6,0,Night,1,1,0,0.0
331,Sunday,6,16,Evening Rush,2,2,0,0.0
331,Sunday,6,20,Evening,1,1,0,0.0
331,Sunday,6,22,Evening,1,1,0,0.0
331,Thursday,3,6,Morning Rush,1,1,0,0.0
331,Thursday,3,17,Evening Rush,2,2,1,0.5
331,Thursday,3,18,Evening Rush,1,1,1,1.0
331,Tuesday,1,9,Morning Rush,1,1,1,1.0
331,Tuesday,1,12,Midday,2,2,1,0.5
331,Tuesday,1,17,Evening Rush,1,1,0,0.0
331,Tuesday,1,18,Evening Rush,1,1,1,1.0
331,Tuesday,1,19,Evening,1,1,0,0.0
331,Wednesday,2,7,Morning Rush,1,1,1,1.0
331,Wednesday,2,13,Midday,1,1,0,0.0
331,Wednesday,2,14,Midday,1,1,1,1.0
331,Wednesday,2,16,Evening Rush,1,1,1,1.0
332,Friday,4,15,Evening Rush,1,1,0,0.0
332,Friday,4,20,Evening,1,1,0,0.0
332,Friday,4,22,Evening,1,1,1,1.0
332,Monday,0,9,Morning Rush,2,2,0,0.0
332,Monday,0,13,Midday,1,1,0,0.0
332,Monday,0,17,Evening Rush,1,1,0,0.0
332,Monday,0,22,Evening,2,2,0,0.0
332,Saturday,5,2,Night,1,1,1,1.0
332,Saturday,5,8,Morning Rush,1,1,0,0.0
332,Saturday,5,11,Midday,1,1,0,0.0
332,Saturday,5,12,Midday,2,2,1,0.5
332,Saturday,5,15,Evening Rush,1,1,1,1.0
332,Saturday,5,21,Evening,1,1,0,0.0
332,Saturday,5,22,Evening,1,1,0,0.0
332,Saturday,5,23,Evening,1,1,0,0.0
332,Sunday,6,1,Night,1,1,0,0.0
332,Sunday,6,2,Night,1,1,0,0.0
332,Sunday,6,9,Morning Rush,1,1,1,1.0
332,Sunday,6,15,Evening Rush,1,1,1,1.0
332,Sunday,6,17,Evening Rush,1,1,1,1.0
332,Sunday,6,19,Evening,1,1,1,1.0
332,Sunday,6,21,Evening,1,1,1,1.0
332,Sunday,6,22,Evening,1,1,0,0.0
332,Thursday,3,13,Midday,2,2,1,0.5
332,Tuesday,1,12,Midday,1,1,0,0.0
332,Tuesday,1,16,Evening Rush,3,3,1,0.3333333333333333
332,Tuesday,1,17,Evening Rush,1,1,0,0.0
332,Wednesday,2,1,Night,1,1,0,0.0
332,Wednesday,2,8,Morning Rush,1,1,1,1.0
332,Wednesday,2,12,Midday,1,1,0,0.0
332,Wednesday,2,17,Evening Rush,2,2,0,0.0
332,Wednesday,2,19,Evening,1,1,0,0.0
332,Wednesday,2,21,Evening,1,1,1,1.0
332,Wednesday,2,22,Evening,1,1,1,1.0
333,Friday,4,13,Midday,1,1,0,0.0
333,Friday,4,14,Midday,1,1,0,0.0
333,Friday,4,15,Evening Rush,1,1,1,1.0
333,Friday,4,17,Evening Rush,3,3,0,0.0
333,Monday,0,10,Midday,1,1,1,1.0
333,Monday,0,11,Midday,1,1,0,0.0
333,Saturday,5,15,Evening Rush,1,1,1,1.0
333,Saturday,5,17,Evening Rush,1,1,1,1.0
333,Saturday,5,19,Evening,1,1,0,0.0
333,Sunday,6,18,Evening Rush,1,1,0,0.0
333,Thursday,3,8,Morning Rush,1,1,1,1.0
333,Thursday,3,10,Midday,1,1,1,1.0
333,Thursday,3,15,Evening Rush,1,1,0,0.0
333,Thursday,3,18,Evening Rush,1,1,1,1.0
333,Thursday,3,20,Evening,1,1,1,1.0
333,Thursday,3,22,Evening,1,1,1,1.0
333,Tuesday,1,7,Morning Rush,1,1,0,0.0
333,Tuesday,1,11,Midday,1,1,0,0.0
333,Tuesday,1,16,Evening Rush,2,2,2,1.0
333,Tuesday,1,17,Evening Rush,1,1,0,0.0
333,Wednesday,2,8,Morning Rush,1,1,1,1.0
333,Wednesday,2,11,Midday,1,1,0,0.0
333,Wednesday,2,16,Evening Rush,1,1,0,0.0
333,Wednesday,2,18,Evening Rush,1,1,0,0.0
333,Wednesday,2,21,Evening,1,1,1,1.0
334,Friday,4,4,Night,1,1,1,1.0
334,Friday,4,7,Morning Rush,1,1,1,1.0
334,Friday,4,8,Morning Rush,1,1,0,0.0
334,Friday,4,9,Morning Rush,2,2,1,0.5
334,Friday,4,14,Midday,2,2,0,0.0
334,Friday,4,17,Evening Rush,1,1,0,0.0
334,Friday,4,18,Evening Rush,1,1,1,1.0
334,Monday,0,7,Morning Rush,2,2,1,0.5
334,Monday,0,8,Morning Rush,1,1,1,1.0
334,Monday,0,12,Midday,1,1,0,0.0
334,Monday,0,14,Midday,1,1,1,1.0
334,Monday,0,16,Evening Rush,2,2,0,0.0
334,Monday,0,17,Evening Rush,1,1,0,0.0
334,Monday,0,18,Evening Rush,1,1,0,0.0
334,Monday,0,19,Evening,1,1,1,1.0
334,Saturday,5,1,Night,1,1,1,1.0
334,Saturday,5,5,Night,1,1,1,1.0
334,Saturday,5,6,Morning Rush,2,2,1,0.5
334,Saturday,5,9,Morning Rush,1,1,1,1.0
334,Saturday,5,11,Midday,1,1,0,0.0
334,Saturday,5,14,Midday,1,1,0,0.0
334,Saturday,5,15,Evening Rush,3,3,0,0.0
334,Saturday,5,18,Evening Rush,1,1,1,1.0
334,Saturday,5,23,Evening,1,1,1,1.0
334,Sunday,6,6,Morning Rush,2,2,1,0.5
334,Sunday,6,7,Morning Rush,1,1,1,1.0
334,Sunday,6,15,Evening Rush,2,2,0,0.0
334,Sunday,6,22,Evening,1,1,0,0.0
334,Thursday,3,2,Night,3,3,2,0.6666666666666666
334,Thursday,3,8,Morning Rush,1,1,0,0.0
334,Thursday,3,9,Morning Rush,1,1,0,0.0
334,Thursday,3,12,Midday,2,2,1,0.5
334,Thursday,3,13,Midday,1,1,0,0.0
334,Thursday,3,15,Evening Rush,2,2,1,0.5
334,Thursday,3,16,Evening Rush,2,2,0,0.0
334,Thursday,3,17,Evening Rush,1,1,1,1.0
334,Thursday,3,18,Evening Rush,1,1,1,1.0
334,Thursday,3,20,Evening,1,1,0,0.0
334,Tuesday,1,2,Night,1,1,1,1.0
334,Tuesday,1,5,Night,1,1,1,1.0
334,Tuesday,1,13,Midday,1,1,1,1.0
334,Tuesday,1,16,Evening Rush,2,2,2,1.0
334,Tuesday,1,18,Evening Rush,2,2,0,0.0
334,Tuesday,1,19,Evening,1,1,0,0.0
334,Tuesday,1,21,Evening,2,2,1,0.5
334,Wednesday,2,2,Night,1,1,0,0.0
334,Wednesday,2,9,Morning Rush,1,1,0,0.0
334,Wednesday,2,11,Midday,2,2,2,1.0
334,Wednesday,2,12,Midday,1,1,0,0.0
334,Wednesday,2,16,Evening Rush,2,2,0,0.0
334,Wednesday,2,18,Evening Rush,1,1,0,0.0
335,Friday,4,6,Morning Rush,1,1,0,0.0
335,Friday,4,8,Morning Rush,1,1,0,0.0
335,Friday,4,9,Morning Rush,1,1,1,1.0
335,Friday,4,10,Midday,1,1,0,0.0
335,Friday,4,17,Evening Rush,1,1,0,0.0
335,Friday,4,18,Evening Rush,1,1,0,0.0
335,Friday,4,19,Evening,1,1,0,0.0
335,Monday,0,7,Morning Rush,1,1,0,0.0
335,Monday,0,10,Midday,2,2,0,0.0
335,Monday,0,11,Midday,2,2,0,0.0
335,Monday,0,13,Midday,1,1,0,0.0
335,Monday,0,16,Evening Rush,2,2,1,0.5
335,Monday,0,19,Evening,2,2,1,0.5
335,Saturday,5,7,Morning Rush,1,1,0,0.0
335,Saturday,5,12,Midday,1,1,0,0.0
335,Saturday,5,17,Evening Rush,1,1,0,0.0
335,Saturday,5,18,Evening Rush,1,1,0,0.0
335,Sunday,6,11,Midday,1,1,1,1.0
335,Sunday,6,14,Midday,1,1,0,0.0
335,Sunday,6,21,Evening,1,1,0,0.0
335,Thursday,3,8,Morning Rush,1,1,1,1.0
335,Thursday,3,10,Midday,2,2,1,0.5
335,Thursday,3,12,Midday,1,1,1,1.0
335,Thursday,3,16,Evening Rush,1,1,0,0.0
335,Thursday,3,17,Evening Rush,1,1,0,0.0
335,Thursday,3,18,Evening Rush,2,2,1,0.5
335,Thursday,3,20,Evening,1,1,0,0.0
335,Thursday,3,22,Evening,1,1,0,0.0
335,Tuesday,1,9,Morning Rush,1,1,0,0.0
335,Tuesday,1,10,Midday,1,1,1,1.0
335,Tuesday,1,17,Evening Rush,1,1,0,0.0
335,Tuesday,1,19,Evening,1,1,0,0.0
335,Tuesday,1,20,Evening,1,1,0,0.0
335,Wednesday,2,15,Evening Rush,1,1,1,1.0
335,Wednesday,2,16,Evening Rush,1,1,0,0.0
336,Friday,4,1,Night,1,1,0,0.0
336,Friday,4,8,Morning Rush,1,1,0,0.0
336,Friday,4,11,Midday,1,1,1,1.0
336,Friday,4,12,Midday,1,1,1,1.0
336,Friday,4,14,Midday,1,1,0,0.0
336,Friday,4,15,Evening Rush,1,1,0,0.0
336,Friday,4,16,Evening Rush,3,3,1,0.3333333333333333
336,Friday,4,18,Evening Rush,1,1,0,0.0
336,Friday,4,19,Evening,1,1,1,1.0
336,Friday,4,20,Evening,2,2,0,0.0
336,Friday,4,21,Evening,1,1,1,1.0
336,Monday,0,0,Night,1,1,0,0.0
336,Monday,0,6,Morning Rush,1,1,1,1.0
336,Monday,0,8,Morning Rush,1,1,0,0.0
336,Monday,0,10,Midday,2,2,1,0.5
336,Monday,0,11,Midday,1,1,1,1.0
336,Monday,0,12,Midday,1,1,0,0.0
336,Monday,0,13,Midday,2,2,0,0.0
336,Monday,0,16,Evening Rush,4,4,0,0.0
336,Monday,0,17,Evening Rush,4,4,1,0.25
336,Monday,0,18,Evening Rush,1,1,1,1.0
336,Monday,0,19,Evening,1,1,0,0.0
336,Monday,0,20,Evening,1,1,0,0.0
336,Saturday,5,2,Night,1,1,0,0.0
336,Saturday,5,9,Morning Rush,1,1,1,1.0
336,Saturday,5,10,Midday,1,1,0,0.0
336,Saturday,5,16,Evening Rush,1,1,0,0.0
336,Saturday,5,17,Evening Rush,2,2,2,1.0
336,Saturday,5,18,Evening Rush,1,1,0,0.0
336,Saturday,5,19,Evening,1,1,0,0.0
336,Saturday,5,20,Evening,1,1,0,0.0
336,Sunday,6,0,Night,1,1,0,0.0
336,Sunday,6,7,Morning Rush,1,1,1,1.0
336,Sunday,6,8,Morning Rush,1,1,0,0.0
336,Sunday,6,14,Midday,2,2,0,0.0
336,Sunday,6,18,Evening Rush,1,1,0,0.0
336,Sunday,6,20,Evening,1,1,0,0.0
336,Sunday,6,21,Evening,1,1,1,1.0
336,Sunday,6,22,Evening,1,1,0,0.0
336,Sunday,6,23,Evening,1,1,0,0.0
336,Thursday,3,6,Morning Rush,1,1,0,0.0
336,Thursday,3,8,Morning Rush,2,2,1,0.5
336,Thursday,3,10,Midday,1,1,1,1.0
336,Thursday,3,12,Midday,1,1,0,0.0
336,Thursday,3,13,Midday,1,1,0,0.0
336,Thursday,3,15,Evening Rush,1,1,0,0.0
336,Tuesday,1,1,Night,1,1,1,1.0
336,Tuesday,1,6,Morning Rush,1,1,1,1.0
336,Tuesday,1,7,Morning Rush,1,1,0,0.0
336,Tuesday,1,8,Morning Rush,2,2,0,0.0
336,Tuesday,1,11,Midday,1,1,0,0.0
336,Tuesday,1,12,Midday,1,1,1,1.0
336,Tuesday,1,14,Midday,1,1,0,0.0
336,Tuesday,1,16,Evening Rush,1,1,1,1.0
336,Tuesday,1,17,Evening Rush,3,3,0,0.0
336,Tuesday,1,18,Evening Rush,1,1,0,0.0
336,Tuesday,1,22,Evening,3,3,0,0.0
336,Tuesday,1,23,Evening,1,1,0,0.0
336,Wednesday,2,2,Night,1,1,0,0.0
336,Wednesday,2,7,Morning Rush,2,2,1,0.5
336,Wednesday,2,12,Midday,3,3,0,0.0
336,Wednesday,2,14,Midday,1,1,1,1.0
336,Wednesday,2,15,Evening Rush,2,2,1,0.5
336,Wednesday,2,17,Evening Rush,2,2,1,0.5
336,Wednesday,2,20,Evening,1,1,1,1.0
336,Wednesday,2,21,Evening,2,2,0,0.0
336,Wednesday,2,22,Evening,1,1,1,1.0
337,Friday,4,1,Night,1,1,0,0.0
337,Friday,4,3,Night,1,1,0,0.0
337,Saturday,5,2,Night,1,1,1,1.0
337,Saturday,5,16,Evening Rush,1,1,1,1.0
337,Saturday,5,18,Evening Rush,1,1,1,1.0
337,Saturday,5,19,Evening,1,1,1,1.0
337,Saturday,5,23,Evening,1,1,0,0.0
337,Sunday,6,4,Night,1,1,1,1.0
337,Sunday,6,14,Midday,1,1,0,0.0
337,Sunday,6,21,Evening,1,1,1,1.0
337,Sunday,6,22,Evening,1,1,0,0.0
337,Thursday,3,1,Night,1,1,1,1.0
337,Thursday,3,22,Evening,1,1,0,0.0
337,Thursday,3,23,Evening,2,2,1,0.5
337,Tuesday,1,4,Night,1,1,1,1.0
337,Tuesday,1,7,Morning Rush,1,1,1,1.0
337,Tuesday,1,17,Evening Rush,1,1,1,1.0
337,Tuesday,1,21,Evening,1,1,1,1.0
337,Tuesday,1,23,Evening,1,1,1,1.0
337,Wednesday,2,3,Night,2,2,1,0.5
337,Wednesday,2,13,Midday,1,1,1,1.0
338,Friday,4,0,Night,1,1,0,0.0
338,Friday,4,11,Midday,1,1,1,1.0
338,Friday,4,12,Midday,2,2,2,1.0
338,Friday,4,14,Midday,1,1,0,0.0
338,Friday,4,16,Evening Rush,1,1,1,1.0
338,Friday,4,17,Evening Rush,1,1,0,0.0
338,Friday,4,20,Evening,1,1,0,0.0
338,Friday,4,21,Evening,1,1,1,1.0
338,Friday,4,23,Evening,1,1,0,0.0
338,Monday,0,11,Midday,1,1,0,0.0
338,Monday,0,13,Midday,1,1,1,1.0
338,Monday,0,14,Midday,1,1,0,0.0
338,Monday,0,15,Evening Rush,1,1,0,0.0
338,Monday,0,16,Evening Rush,2,2,0,0.0
338,Monday,0,17,Evening Rush,1,1,0,0.0
338,Monday,0,18,Evening Rush,1,1,0,0.0
338,Saturday,5,11,Midday,2,2,2,1.0
338,Saturday,5,17,Evening Rush,1,1,0,0.0
338,Saturday,5,18,Evening Rush,2,2,1,0.5
338,Saturday,5,19,Evening,1,1,0,0.0
338,Sunday,6,6,Morning Rush,1,1,0,0.0
338,Sunday,6,10,Midday,1,1,0,0.0
338,Sunday,6,12,Midday,1,1,1,1.0
338,Sunday,6,15,Evening Rush,1,1,0,0.0
338,Sunday,6,17,Evening Rush,2,2,2,1.0
338,Sunday,6,19,Evening,1,1,1,1.0
338,Sunday,6,20,Evening,2,2,2,1.0
338,Thursday,3,11,Midday,1,1,1,1.0
338,Thursday,3,13,Midday,1,1,1,1.0
338,Thursday,3,15,Evening Rush,1,1,0,0.0
338,Thursday,3,17,Evening Rush,1,1,0,0.0
338,Thursday,3,20,Evening,1,1,0,0.0
338,Thursday,3,21,Evening,1,1,0,0.0
338,Tuesday,1,11,Midday,1,1,1,1.0
338,Tuesday,1,13,Midday,1,1,0,0.0
338,Tuesday,1,14,Midday,1,1,0,0.0
338,Tuesday,1,15,Evening Rush,1,1,0,0.0
338,Tuesday,1,16,Evening Rush,1,1,0,0.0
338,Tuesday,1,17,Evening Rush,3,3,1,0.3333333333333333
338,Tuesday,1,19,Evening,1,1,1,1.0
338,Tuesday,1,21,Evening,1,1,1,1.0
338,Tuesday,1,23,Evening,1,1,0,0.0
338,Wednesday,2,7,Morning Rush,1,1,1,1.0
338,Wednesday,2,9,Morning Rush,1,1,0,0.0
338,Wednesday,2,12,Midday,2,2,1,0.5
338,Wednesday,2,14,Midday,1,1,0,0.0
338,Wednesday,2,15,Evening Rush,1,1,1,1.0
338,Wednesday,2,16,Evening Rush,1,1,1,1.0
338,Wednesday,2,19,Evening,2,2,1,0.5
338,Wednesday,2,20,Evening,1,1,1,1.0
338,Wednesday,2,23,Evening,1,1,1,1.0
339,Friday,4,0,Night,1,1,1,1.0
339,Friday,4,9,Morning Rush,1,1,0,0.0
339,Friday,4,10,Midday,2,2,0,0.0
339,Friday,4,13,Midday,1,1,0,0.0
339,Friday,4,14,Midday,4,4,1,0.25
339,Friday,4,15,Evening Rush,1,1,0,0.0
339,Friday,4,17,Evening Rush,1,1,0,0.0
339,Friday,4,18,Evening Rush,1,1,1,1.0
339,Friday,4,21,Evening,1,1,0,0.0
339,Monday,0,2,Night,1,1,0,0.0
339,Monday,0,12,Midday,1,1,1,1.0
339,Monday,0,13,Midday,1,1,0,0.0
339,Monday,0,16,Evening Rush,1,1,1,1.0
339,Monday,0,17,Evening Rush,1,1,1,1.0
339,Monday,0,18,Evening Rush,1,1,1,1.0
339,Monday,0,19,Evening,1,1,0,0.0
339,Saturday,5,1,Night,1,1,1,1.0
339,Saturday,5,2,Night,1,1,0,0.0
339,Saturday,5,13,Midday,1,1,0,0.0
339,Saturday,5,15,Evening Rush,1,1,0,0.0
339,Saturday,5,16,Evening Rush,1,1,0,0.0
339,Saturday,5,18,Evening Rush,2,2,1,0.5
339,Saturday,5,19,Evening,1,1,1,1.0
339,Saturday,5,20,Evening,1,1,1,1.0
339,Saturday,5,23,Evening,1,1,1,1.0
339,Sunday,6,11,Midday,1,1,0,0.0
339,Thursday,3,8,Morning Rush,2,2,1,0.5
339,Thursday,3,13,Midday,1,1,1,1.0
339,Thursday,3,14,Midday,1,1,1,1.0
339,Thursday,3,15,Evening Rush,3,3,1,0.3333333333333333
339,Thursday,3,16,Evening Rush,1,1,0,0.0
339,Thursday,3,17,Evening Rush,2,2,1,0.5
339,Thursday,3,18,Evening Rush,2,2,0,0.0
339,Thursday,3,19,Evening,2,2,1,0.5
339,Thursday,3,20,Evening,1,1,1,1.0
339,Thursday,3,21,Evening,1,1,0,0.0
339,Tuesday,1,13,Midday,3,3,0,0.0
339,Tuesday,1,18,Evening Rush,2,2,1,0.5
339,Tuesday,1,19,Evening,2,2,2,1.0
339,Wednesday,2,1,Night,1,1,0,0.0
339,Wednesday,2,3,Night,1,1,0,0.0
339,Wednesday,2,7,Morning Rush,3,3,0,0.0
339,Wednesday,2,8,Morning Rush,1,1,0,0.0
339,Wednesday,2,10,Midday,1,1,0,0.0
339,Wednesday,2,11,Midday,2,2,0,0.0
339,Wednesday,2,15,Evening Rush,3,3,2,0.6666666666666666
339,Wednesday,2,17,Evening Rush,2,2,1,0.5
339,Wednesday,2,18,Evening Rush,1,1,1,1.0
339,Wednesday,2,21,Evening,1,1,0,0.0
340,Friday,4,6,Morning Rush,1,1,0,0.0
340,Friday,4,8,Morning Rush,1,1,0,0.0
340,Friday,4,9,Morning Rush,1,1,1,1.0
340,Friday,4,15,Evening Rush,1,1,0,0.0
340,Friday,4,17,Evening Rush,1,1,0,0.0
340,Friday,4,18,Evening Rush,1,1,1,1.0
340,Monday,0,6,Morning Rush,1,1,0,0.0
340,Monday,0,8,Morning Rush,2,2,0,0.0
340,Monday,0,9,Morning Rush,1,1,0,0.0
340,Monday,0,13,Midday,1,1,1,1.0
340,Monday,0,18,Evening Rush,2,2,0,0.0
340,Saturday,5,1,Night,2,2,2,1.0
340,Saturday,5,5,Night,1,1,0,0.0
340,Saturday,5,8,Morning Rush,1,1,0,0.0
340,Sunday,6,7,Morning Rush,1,1,1,1.0
340,Sunday,6,12,Midday,1,1,0,0.0
340,Sunday,6,17,Evening Rush,1,1,0,0.0
340,Sunday,6,22,Evening,2,2,0,0.0
340,Thursday,3,10,Midday,1,1,0,0.0
340,Thursday,3,11,Midday,1,1,0,0.0
340,Thursday,3,13,Midday,1,1,1,1.0
340,Thursday,3,15,Evening Rush,1,1,0,0.0
340,Thursday,3,16,Evening Rush,1,1,0,0.0
340,Thursday,3,17,Evening Rush,1,1,1,1.0
340,Thursday,3,20,Evening,1,1,0,0.0
340,Tuesday,1,2,Night,1,1,1,1.0
340,Tuesday,1,13,Midday,1,1,1,1.0
340,Tuesday,1,17,Evening Rush,1,1,1,1.0
340,Tuesday,1,18,Evening Rush,1,1,0,0.0
340,Tuesday,1,19,Evening,1,1,0,0.0
340,Wednesday,2,0,Night,1,1,0,0.0
340,Wednesday,2,3,Night,1,1,0,0.0
340,Wednesday,2,9,Morning Rush,2,2,1,0.5
340,Wednesday,2,12,Midday,2,2,0,0.0
340,Wednesday,2,14,Midday,2,2,1,0.5
340,Wednesday,2,17,Evening Rush,1,1,0,0.0
340,Wednesday,2,18,Evening Rush,2,2,0,0.0
340,Wednesday,2,21,Evening,2,2,2,1.0
341,Friday,4,6,Morning Rush,1,1,0,0.0
341,Friday,4,7,Morning Rush,1,1,0,0.0
341,Friday,4,8,Morning Rush,1,1,0,0.0
341,Friday,4,9,Morning Rush,2,2,1,0.5
341,Friday,4,12,Midday,1,1,1,1.0
341,Friday,4,16,Evening Rush,1,1,0,0.0
341,Friday,4,18,Evening Rush,1,1,1,1.0
341,Friday,4,20,Evening,1,1,0,0.0
341,Friday,4,21,Evening,2,2,0,0.0
341,Monday,0,6,Morning Rush,2,2,2,1.0
341,Monday,0,9,Morning Rush,1,1,1,1.0
341,Monday,0,11,Midday,1,1,1,1.0
341,Monday,0,12,Midday,1,1,1,1.0
341,Monday,0,14,Midday,1,1,1,1.0
341,Monday,0,19,Evening,1,1,0,0.0
341,Saturday,5,2,Night,1,1,0,0.0
341,Saturday,5,3,Night,1,1,0,0.0
341,Saturday,5,10,Midday,1,1,0,0.0
341,Saturday,5,12,Midday,2,2,2,1.0
341,Saturday,5,18,Evening Rush,1,1,1,1.0
341,Saturday,5,22,Evening,1,1,1,1.0
341,Sunday,6,17,Evening Rush,1,1,0,0.0
341,Thursday,3,7,Morning Rush,1,1,1,1.0
341,Thursday,3,8,Morning Rush,1,1,1,1.0
341,Thursday,3,12,Midday,1,1,0,0.0
341,Thursday,3,14,Midday,1,1,0,0.0
341,Thursday,3,15,Evening Rush,1,1,0,0.0
341,Thursday,3,16,Evening Rush,2,2,0,0.0
341,Tuesday,1,9,Morning Rush,1,1,0,0.0
341,Tuesday,1,11,Midday,1,1,0,0.0
341,Tuesday,1,13,Midday,1,1,0,0.0
341,Tuesday,1,16,Evening Rush,1,1,1,1.0
341,Wednesday,2,0,Night,1,1,0,0.0
341,Wednesday,2,8,Morning Rush,1,1,1,1.0
341,Wednesday,2,9,Morning Rush,1,1,0,0.0
341,Wednesday,2,10,Midday,1,1,1,1.0
341,Wednesday,2,11,Midday,1,1,1,1.0
341,Wednesday,2,15,Evening Rush,1,1,1,1.0
341,Wednesday,2,16,Evening Rush,1,1,0,0.0
341,Wednesday,2,18,Evening Rush,1,1,0,0.0
341,Wednesday,2,19,Evening,2,2,1,0.5
342,Friday,4,12,Midday,1,1,0,0.0
342,Friday,4,13,Midday,2,2,1,0.5
342,Friday,4,15,Evening Rush,1,1,0,0.0
342,Monday,0,16,Evening Rush,2,2,0,0.0
342,Monday,0,18,Evening Rush,1,1,1,1.0
342,Saturday,5,11,Midday,1,1,0,0.0
342,Saturday,5,12,Midday,3,3,2,0.6666666666666666
342,Saturday,5,13,Midday,1,1,0,0.0
342,Saturday,5,15,Evening Rush,1,1,0,0.0
342,Saturday,5,17,Evening Rush,1,1,0,0.0
342,Saturday,5,18,Evening Rush,1,1,0,0.0
342,Sunday,6,8,Morning Rush,1,1,0,0.0
342,Sunday,6,14,Midday,1,1,1,1.0
342,Sunday,6,15,Evening Rush,1,1,0,0.0
342,Sunday,6,17,Evening Rush,1,1,1,1.0
342,Sunday,6,18,Evening Rush,1,1,0,0.0
342,Thursday,3,4,Night,1,1,1,1.0
342,Thursday,3,10,Midday,3,3,3,1.0
342,Thursday,3,12,Midday,1,1,0,0.0
342,Thursday,3,17,Evening Rush,1,1,1,1.0
342,Tuesday,1,8,Morning Rush,1,1,0,0.0
342,Tuesday,1,9,Morning Rush,1,1,1,1.0
342,Tuesday,1,11,Midday,1,1,0,0.0
342,Wednesday,2,10,Midday,1,1,1,1.0
342,Wednesday,2,11,Midday,1,1,1,1.0
342,Wednesday,2,12,Midday,1,1,1,1.0
342,Wednesday,2,13,Midday,1,1,0,0.0
342,Wednesday,2,14,Midday,1,1,0,0.0
342,Wednesday,2,16,Evening Rush,1,1,0,0.0
342,Wednesday,2,19,Evening,1,1,0,0.0
343,Friday,4,15,Evening Rush,1,1,1,1.0
343,Friday,4,18,Evening Rush,1,1,0,0.0
343,Friday,4,19,Evening,1,1,1,1.0
343,Friday,4,22,Evening,1,1,0,0.0
343,Monday,0,8,Morning Rush,1,1,0,0.0
343,Monday,0,18,Evening Rush,1,1,0,0.0
343,Saturday,5,4,Night,1,1,0,0.0
343,Saturday,5,11,Midday,1,1,1,1.0
343,Saturday,5,18,Evening Rush,1,1,0,0.0
343,Saturday,5,20,Evening,1,1,0,0.0
343,Sunday,6,1,Night,1,1,0,0.0
343,Sunday,6,3,Night,1,1,0,0.0
343,Sunday,6,11,Midday,2,2,2,1.0
343,Sunday,6,14,Midday,2,2,1,0.5
343,Thursday,3,0,Night,1,1,0,0.0
343,Thursday,3,5,Night,1,1,0,0.0
343,Thursday,3,9,Morning Rush,1,1,0,0.0
343,Thursday,3,21,Evening,1,1,0,0.0
343,Thursday,3,22,Evening,1,1,0,0.0
343,Tuesday,1,13,Midday,1,1,0,0.0
343,Tuesday,1,14,Midday,1,1,0,0.0
343,Wednesday,2,15,Evening Rush,1,1,0,0.0
343,Wednesday,2,19,Evening,2,2,1,0.5
343,Wednesday,2,23,Evening,3,3,3,1.0
344,Friday,4,5,Night,1,1,0,0.0
344,Friday,4,9,Morning Rush,1,1,1,1.0
344,Friday,4,14,Midday,1,1,0,0.0
344,Friday,4,15,Evening Rush,2,2,0,0.0
344,Friday,4,20,Evening,1,1,1,1.0
344,Monday,0,7,Morning Rush,3,3,1,0.3333333333333333
344,Monday,0,13,Midday,2,2,2,1.0
344,Monday,0,14,Midday,1,1,0,0.0
344,Monday,0,15,Evening Rush,1,1,0,0.0
344,Monday,0,16,Evening Rush,1,1,0,0.0
344,Monday,0,17,Evening Rush,2,2,0,0.0
344,Saturday,5,7,Morning Rush,2,2,2,1.0
344,Saturday,5,13,Midday,1,1,1,1.0
344,Sunday,6,3,Night,1,1,0,0.0
344,Sunday,6,17,Evening Rush,1,1,0,0.0
344,Sunday,6,18,Evening Rush,1,1,0,0.0
344,Sunday,6,19,Evening,1,1,0,0.0
344,Thursday,3,7,Morning Rush,1,1,0,0.0
344,Thursday,3,8,Morning Rush,1,1,1,1.0
344,Thursday,3,14,Midday,1,1,1,1.0
344,Thursday,3,15,Evening Rush,1,1,1,1.0
344,Thursday,3,16,Evening Rush,2,2,2,1.0
344,Thursday,3,17,Evening Rush,1,1,0,0.0
344,Thursday,3,18,Evening Rush,1,1,1,1.0
344,Thursday,3,22,Evening,2,2,0,0.0
344,Tuesday,1,3,Night,1,1,0,0.0
344,Tuesday,1,12,Midday,2,2,2,1.0
344,Tuesday,1,17,Evening Rush,1,1,0,0.0
344,Tuesday,1,19,Evening,1,1,0,0.0
344,Wednesday,2,2,Night,1,1,0,0.0
344,Wednesday,2,4,Night,1,1,1,1.0
344,Wednesday,2,6,Morning Rush,1,1,1,1.0
344,Wednesday,2,7,Morning Rush,3,3,2,0.6666666666666666
344,Wednesday,2,9,Morning Rush,1,1,0,0.0
344,Wednesday,2,11,Midday,1,1,0,0.0
344,Wednesday,2,16,Evening Rush,1,1,1,1.0
344,Wednesday,2,17,Evening Rush,2,2,0,0.0
345,Friday,4,0,Night,1,1,0,0.0
345,Friday,4,1,Night,1,1,1,1.0
345,Friday,4,3,Night,1,1,0,0.0
345,Friday,4,6,Morning Rush,1,1,1,1.0
345,Friday,4,7,Morning Rush,1,1,0,0.0
345,Friday,4,9,Morning Rush,2,2,0,0.0
345,Friday,4,11,Midday,1,1,1,1.0
345,Friday,4,14,Midday,1,1,0,0.0
345,Friday,4,15,Evening Rush,1,1,0,0.0
345,Friday,4,16,Evening Rush,1,1,0,0.0
345,Friday,4,18,Evening Rush,1,1,1,1.0
345,Friday,4,19,Evening,1,1,0,0.0
345,Friday,4,20,Evening,3,3,0,0.0
345,Friday,4,23,Evening,1,1,0,0.0
345,Monday,0,7,Morning Rush,1,1,1,1.0
345,Monday,0,8,Morning Rush,2,2,1,0.5
345,Monday,0,10,Midday,1,1,0,0.0
345,Monday,0,11,Midday,1,1,1,1.0
345,Monday,0,13,Midday,1,1,0,0.0
345,Monday,0,14,Midday,1,1,1,1.0
345,Monday,0,15,Evening Rush,1,1,0,0.0
345,Monday,0,16,Evening Rush,3,3,1,0.3333333333333333
345,Monday,0,17,Evening Rush,1,1,1,1.0
345,Saturday,5,7,Morning Rush,2,2,1,0.5
345,Saturday,5,10,Midday,1,1,0,0.0
345,Saturday,5,12,Midday,2,2,1,0.5
345,Saturday,5,13,Midday,1,1,0,0.0
345,Saturday,5,14,Midday,1,1,0,0.0
345,Saturday,5,15,Evening Rush,3,3,1,0.3333333333333333
345,Saturday,5,17,Evening Rush,1,1,0,0.0
345,Saturday,5,18,Evening Rush,2,2,1,0.5
345,Saturday,5,19,Evening,1,1,0,0.0
345,Sunday,6,3,Night,1,1,0,0.0
345,Sunday,6,5,Night,1,1,1,1.0
345,Sunday,6,7,Morning Rush,1,1,0,0.0
345,Sunday,6,14,Midday,1,1,1,1.0
345,Sunday,6,15,Evening Rush,1,1,1,1.0
345,Thursday,3,0,Night,1,1,1,1.0
345,Thursday,3,2,Night,1,1,1,1.0
345,Thursday,3,7,Morning Rush,1,1,0,0.0
345,Thursday,3,8,Morning Rush,1,1,0,0.0
345,Thursday,3,10,Midday,1,1,0,0.0
345,Thursday,3,11,Midday,2,2,2,1.0
345,Thursday,3,12,Midday,2,2,0,0.0
345,Thursday,3,16,Evening Rush,1,1,0,0.0
345,Thursday,3,18,Evening Rush,3,3,1,0.3333333333333333
345,Thursday,3,20,Evening,1,1,0,0.0
345,Thursday,3,23,Evening,1,1,0,0.0
345,Tuesday,1,7,Morning Rush,1,1,1,1.0
345,Tuesday,1,8,Morning Rush,1,1,1,1.0
345,Tuesday,1,9,Morning Rush,2,2,2,1.0
345,Tuesday,1,10,Midday,2,2,1,0.5
345,Tuesday,1,12,Midday,1,1,0,0.0
345,Tuesday,1,14,Midday,2,2,0,0.0
345,Tuesday,1,16,Evening Rush,1,1,0,0.0
345,Tuesday,1,17,Evening Rush,2,2,0,0.0
345,Tuesday,1,22,Evening,1,1,1,1.0
345,Wednesday,2,8,Morning Rush,1,1,0,0.0
345,Wednesday,2,10,Midday,1,1,1,1.0
345,Wednesday,2,12,Midday,1,1,1,1.0
345,Wednesday,2,14,Midday,1,1,0,0.0
345,Wednesday,2,16,Evening Rush,2,2,1,0.5
345,Wednesday,2,18,Evening Rush,1,1,0,0.0
345,Wednesday,2,21,Evening,1,1,0,0.0
345,Wednesday,2,23,Evening,1,1,1,1.0
346,Friday,4,0,Night,1,1,0,0.0
346,Friday,4,2,Night,1,1,0,0.0
346,Friday,4,13,Midday,1,1,0,0.0
346,Friday,4,16,Evening Rush,1,1,0,0.0
346,Friday,4,17,Evening Rush,1,1,1,1.0
346,Friday,4,20,Evening,1,1,0,0.0
346,Friday,4,23,Evening,1,1,1,1.0
346,Monday,0,6,Morning Rush,1,1,1,1.0
346,Monday,0,16,Evening Rush,1,1,0,0.0
346,Monday,0,17,Evening Rush,1,1,1,1.0
346,Monday,0,18,Evening Rush,1,1,0,0.0
346,Monday,0,19,Evening,1,1,0,0.0
346,Monday,0,22,Evening,1,1,1,1.0
346,Saturday,5,10,Midday,1,1,0,0.0
346,Saturday,5,11,Midday,1,1,1,1.0
346,Saturday,5,14,Midday,1,1,0,0.0
346,Saturday,5,18,Evening Rush,1,1,0,0.0
346,Saturday,5,19,Evening,1,1,0,0.0
346,Saturday,5,23,Evening,1,1,0,0.0
346,Sunday,6,12,Midday,2,2,1,0.5
346,Sunday,6,13,Midday,2,2,0,0.0
346,Sunday,6,15,Evening Rush,1,1,0,0.0
346,Sunday,6,18,Evening Rush,1,1,0,0.0
346,Sunday,6,19,Evening,1,1,0,0.0
346,Sunday,6,20,Evening,1,1,0,0.0
346,Thursday,3,6,Morning Rush,1,1,0,0.0
346,Thursday,3,10,Midday,1,1,0,0.0
346,Thursday,3,15,Evening Rush,1,1,0,0.0
346,Thursday,3,17,Evening Rush,1,1,1,1.0
346,Thursday,3,18,Evening Rush,1,1,0,0.0
346,Thursday,3,22,Evening,1,1,1,1.0
346,Thursday,3,23,Evening,1,1,1,1.0
346,Tuesday,1,5,Night,1,1,0,0.0
346,Tuesday,1,8,Morning Rush,2,2,0,0.0
346,Tuesday,1,11,Midday,1,1,0,0.0
346,Tuesday,1,14,Midday,1,1,1,1.0
346,Tuesday,1,16,Evening Rush,1,1,1,1.0
346,Tuesday,1,21,Evening,1,1,0,0.0
346,Tuesday,1,23,Evening,1,1,0,0.0
346,Wednesday,2,15,Evening Rush,2,2,0,0.0
346,Wednesday,2,17,Evening Rush,3,3,0,0.0
346,Wednesday,2,23,Evening,1,1,0,0.0
347,Friday,4,6,Morning Rush,1,1,0,0.0
347,Friday,4,12,Midday,2,2,1,0.5
347,Friday,4,16,Evening Rush,1,1,0,0.0
347,Friday,4,17,Evening Rush,2,2,1,0.5
347,Friday,4,18,Evening Rush,1,1,0,0.0
347,Friday,4,19,Evening,1,1,0,0.0
347,Friday,4,21,Evening,2,2,0,0.0
347,Monday,0,0,Night,1,1,0,0.0
347,Monday,0,9,Morning Rush,1,1,1,1.0
347,Monday,0,12,Midday,1,1,0,0.0
347,Monday,0,13,Midday,1,1,0,0.0
347,Monday,0,18,Evening Rush,2,2,0,0.0
347,Saturday,5,11,Midday,1,1,0,0.0
347,Saturday,5,14,Midday,1,1,0,0.0
347,Saturday,5,15,Evening Rush,2,2,0,0.0
347,Saturday,5,16,Evening Rush,1,1,1,1.0
347,Saturday,5,19,Evening,1,1,0,0.0
347,Saturday,5,22,Evening,2,2,1,0.5
347,Saturday,5,23,Evening,1,1,0,0.0
347,Sunday,6,10,Midday,1,1,0,0.0
347,Sunday,6,13,Midday,1,1,0,0.0
347,Sunday,6,16,Evening Rush,2,2,1,0.5
347,Sunday,6,17,Evening Rush,1,1,0,0.0
347,Sunday,6,18,Evening Rush,1,1,1,1.0
347,Thursday,3,8,Morning Rush,2,2,1,0.5
347,Thursday,3,10,Midday,1,1,0,0.0
347,Thursday,3,16,Evening Rush,2,2,0,0.0
347,Tuesday,1,14,Midday,1,1,1,1.0
347,Tuesday,1,15,Evening Rush,1,1,0,0.0
347,Tuesday,1,17,Evening Rush,1,1,0,0.0
347,Tuesday,1,18,Evening Rush,2,2,2,1.0
347,Tuesday,1,19,Evening,1,1,0,0.0
347,Tuesday,1,20,Evening,2,2,1,0.5
347,Tuesday,1,23,Evening,2,2,1,0.5
347,Wednesday,2,16,Evening Rush,1,1,1,1.0
347,Wednesday,2,17,Evening Rush,2,2,1,0.5
347,Wednesday,2,23,Evening,1,1,0,0.0
348,Friday,4,7,Morning Rush,1,1,1,1.0
348,Friday,4,10,Midday,1,1,1,1.0
348,Friday,4,17,Evening Rush,1,1,1,1.0
348,Friday,4,18,Evening Rush,1,1,0,0.0
348,Friday,4,19,Evening,1,1,0,0.0
348,Friday,4,21,Evening,2,2,2,1.0
348,Friday,4,22,Evening,1,1,1,1.0
348,Monday,0,0,Night,1,1,0,0.0
348,Monday,0,1,Night,1,1,0,0.0
348,Monday,0,2,Night,1,1,0,0.0
348,Monday,0,4,Night,1,1,1,1.0
348,Monday,0,7,Morning Rush,1,1,1,1.0
348,Monday,0,8,Morning Rush,1,1,0,0.0
348,Monday,0,10,Midday,2,2,0,0.0
348,Monday,0,13,Midday,1,1,1,1.0
348,Monday,0,15,Evening Rush,1,1,0,0.0
348,Monday,0,17,Evening Rush,2,2,2,1.0
348,Monday,0,18,Evening Rush,1,1,0,0.0
348,Monday,0,19,Evening,1,1,0,0.0
348,Monday,0,20,Evening,1,1,1,1.0
348,Monday,0,22,Evening,1,1,1,1.0
348,Saturday,5,6,Morning Rush,1,1,0,0.0
348,Saturday,5,7,Morning Rush,1,1,1,1.0
348,Saturday,5,12,Midday,1,1,0,0.0
348,Saturday,5,17,Evening Rush,1,1,0,0.0
348,Saturday,5,23,Evening,1,1,1,1.0
348,Sunday,6,1,Night,1,1,1,1.0
348,Sunday,6,3,Night,1,1,0,0.0
348,Sunday,6,6,Morning Rush,1,1,0,0.0
348,Sunday,6,10,Midday,1,1,1,1.0
348,Sunday,6,13,Midday,1,1,1,1.0
348,Sunday,6,19,Evening,1,1,0,0.0
348,Thursday,3,7,Morning Rush,2,2,1,0.5
348,Thursday,3,8,Morning Rush,2,2,1,0.5
348,Thursday,3,9,Morning Rush,1,1,0,0.0
348,Thursday,3,12,Midday,1,1,0,0.0
348,Thursday,3,15,Evening Rush,1,1,0,0.0
348,Thursday,3,16,Evening Rush,1,1,0,0.0
348,Thursday,3,21,Evening,1,1,1,1.0
348,Tuesday,1,5,Night,1,1,1,1.0
348,Tuesday,1,6,Morning Rush,1,1,1,1.0
348,Tuesday,1,7,Morning Rush,3,3,0,0.0
348,Tuesday,1,8,Morning Rush,2,2,1,0.5
348,Tuesday,1,9,Morning Rush,1,1,0,0.0
348,Tuesday,1,11,Midday,1,1,1,1.0
348,Tuesday,1,12,Midday,2,2,1,0.5
348,Tuesday,1,15,Evening Rush,1,1,1,1.0
348,Tuesday,1,17,Evening Rush,1,1,0,0.0
348,Tuesday,1,18,Evening Rush,2,2,0,0.0
348,Wednesday,2,1,Night,1,1,1,1.0
348,Wednesday,2,6,Morning Rush,2,2,1,0.5
348,Wednesday,2,7,Morning Rush,1,1,1,1.0
348,Wednesday,2,8,Morning Rush,1,1,1,1.0
348,Wednesday,2,9,Morning Rush,1,1,0,0.0
348,Wednesday,2,12,Midday,1,1,0,0.0
348,Wednesday,2,15,Evening Rush,2,2,0,0.0
348,Wednesday,2,16,Evening Rush,4,4,0,0.0
348,Wednesday,2,18,Evening Rush,2,2,1,0.5
348,Wednesday,2,19,Evening,1,1,1,1.0
348,Wednesday,2,22,Evening,1,1,0,0.0
349,Friday,4,6,Morning Rush,1,1,0,0.0
349,Friday,4,7,Morning Rush,1,1,1,1.0
349,Friday,4,14,Midday,1,1,0,0.0
349,Friday,4,15,Evening Rush,1,1,0,0.0
349,Friday,4,18,Evening Rush,2,2,2,1.0
349,Friday,4,23,Evening,1,1,1,1.0
349,Monday,0,9,Morning Rush,1,1,0,0.0
349,Monday,0,10,Midday,1,1,1,1.0
349,Monday,0,14,Midday,1,1,0,0.0
349,Monday,0,15,Evening Rush,1,1,1,1.0
349,Monday,0,17,Evening Rush,1,1,1,1.0
349,Saturday,5,14,Midday,1,1,0,0.0
349,Saturday,5,17,Evening Rush,1,1,1,1.0
349,Saturday,5,21,Evening,2,2,1,0.5
349,Sunday,6,9,Morning Rush,1,1,0,0.0
349,Sunday,6,12,Midday,1,1,0,0.0
349,Sunday,6,14,Midday,1,1,1,1.0
349,Sunday,6,16,Evening Rush,1,1,1,1.0
349,Thursday,3,8,Morning Rush,1,1,1,1.0
349,Thursday,3,9,Morning Rush,2,2,0,0.0
349,Thursday,3,10,Midday,1,1,1,1.0
349,Thursday,3,13,Midday,1,1,1,1.0
349,Thursday,3,14,Midday,1,1,1,1.0
349,Thursday,3,16,Evening Rush,1,1,0,0.0
349,Thursday,3,18,Evening Rush,1,1,1,1.0
349,Thursday,3,20,Evening,1,1,0,0.0
349,Tuesday,1,8,Morning Rush,1,1,0,0.0
349,Tuesday,1,15,Evening Rush,1,1,0,0.0
349,Tuesday,1,16,Evening Rush,1,1,0,0.0
349,Tuesday,1,17,Evening Rush,2,2,1,0.5
349,Tuesday,1,18,Evening Rush,1,1,1,1.0
349,Wednesday,2,8,Morning Rush,1,1,0,0.0
349,Wednesday,2,9,Morning Rush,1,1,0,0.0
349,Wednesday,2,13,Midday,1,1,0,0.0
349,Wednesday,2,14,Midday,2,2,2,1.0
349,Wednesday,2,18,Evening Rush,2,2,1,0.5
350,Friday,4,9,Morning Rush,1,1,1,1.0
350,Friday,4,11,Midday,1,1,1,1.0
350,Friday,4,17,Evening Rush,1,1,1,1.0
350,Friday,4,18,Evening Rush,1,1,1,1.0
350,Monday,0,0,Night,1,1,0,0.0
350,Monday,0,6,Morning Rush,1,1,1,1.0
350,Monday,0,16,Evening Rush,1,1,0,0.0
350,Monday,0,18,Evening Rush,1,1,1,1.0
350,Monday,0,19,Evening,1,1,1,1.0
350,Monday,0,21,Evening,1,1,0,0.0
350,Monday,0,23,Evening,1,1,0,0.0
350,Saturday,5,0,Night,1,1,1,1.0
350,Saturday,5,20,Evening,1,1,0,0.0
350,Saturday,5,21,Evening,1,1,0,0.0
350,Saturday,5,22,Evening,1,1,1,1.0
350,Sunday,6,9,Morning Rush,1,1,0,0.0
350,Sunday,6,16,Evening Rush,1,1,0,0.0
350,Sunday,6,23,Evening,1,1,1,1.0
350,Thursday,3,13,Midday,1,1,1,1.0
350,Thursday,3,16,Evening Rush,2,2,1,0.5
350,Thursday,3,17,Evening Rush,1,1,0,0.0
350,Thursday,3,18,Evening Rush,3,3,2,0.6666666666666666
350,Thursday,3,20,Evening,1,1,1,1.0
350,Tuesday,1,5,Night,1,1,1,1.0
350,Tuesday,1,8,Morning Rush,1,1,0,0.0
350,Tuesday,1,15,Evening Rush,2,2,1,0.5
350,Tuesday,1,16,Evening Rush,1,1,1,1.0
350,Wednesday,2,5,Night,1,1,1,1.0
350,Wednesday,2,10,Midday,1,1,0,0.0
350,Wednesday,2,12,Midday,1,1,0,0.0
350,Wednesday,2,13,Midday,1,1,0,0.0
350,Wednesday,2,14,Midday,2,2,0,0.0
350,Wednesday,2,19,Evening,1,1,1,1.0
351,Friday,4,0,Night,1,1,1,1.0
351,Friday,4,2,Night,1,1,1,1.0
351,Friday,4,4,Night,1,1,1,1.0
351,Friday,4,6,Morning Rush,2,2,2,1.0
351,Friday,4,7,Morning Rush,4,4,3,0.75
351,Friday,4,9,Morning Rush,3,3,1,0.3333333333333333
351,Friday,4,10,Midday,1,1,1,1.0
351,Friday,4,11,Midday,3,3,1,0.3333333333333333
351,Friday,4,12,Midday,2,2,0,0.0
351,Friday,4,13,Midday,1,1,0,0.0
351,Friday,4,14,Midday,5,5,1,0.2
351,Friday,4,15,Evening Rush,5,5,2,0.4
351,Friday,4,16,Evening Rush,1,1,0,0.0
351,Friday,4,17,Evening Rush,7,7,1,0.14285714285714285
351,Friday,4,18,Evening Rush,1,1,0,0.0
351,Friday,4,19,Evening,1,1,1,1.0
351,Friday,4,20,Evening,3,3,2,0.6666666666666666
351,Friday,4,22,Evening,1,1,0,0.0
351,Friday,4,23,Evening,2,2,2,1.0
351,Monday,0,1,Night,1,1,1,1.0
351,Monday,0,4,Night,1,1,1,1.0
351,Monday,0,6,Morning Rush,1,1,1,1.0
351,Monday,0,7,Morning Rush,2,2,2,1.0
351,Monday,0,8,Morning Rush,3,3,2,0.6666666666666666
351,Monday,0,9,Morning Rush,3,3,2,0.6666666666666666
351,Monday,0,10,Midday,3,3,3,1.0
351,Monday,0,11,Midday,1,1,1,1.0
351,Monday,0,13,Midday,1,1,1,1.0
351,Monday,0,14,Midday,3,3,0,0.0
351,Monday,0,15,Evening Rush,2,2,0,0.0
351,Monday,0,16,Evening Rush,1,1,1,1.0
351,Monday,0,17,Evening Rush,2,2,1,0.5
351,Monday,0,18,Evening Rush,3,3,0,0.0
351,Monday,0,19,Evening,2,2,1,0.5
351,Monday,0,20,Evening,1,1,1,1.0
351,Monday,0,22,Evening,1,1,1,1.0
351,Saturday,5,0,Night,2,2,1,0.5
351,Saturday,5,1,Night,2,2,1,0.5
351,Saturday,5,2,Night,1,1,0,0.0
351,Saturday,5,7,Morning Rush,3,3,3,1.0
351,Saturday,5,8,Morning Rush,1,1,1,1.0
351,Saturday,5,9,Morning Rush,2,2,1,0.5
351,Saturday,5,10,Midday,2,2,2,1.0
351,Saturday,5,11,Midday,2,2,1,0.5
351,Saturday,5,12,Midday,3,3,3,1.0
351,Saturday,5,13,Midday,3,3,1,0.3333333333333333
351,Saturday,5,15,Evening Rush,2,2,2,1.0
351,Saturday,5,16,Evening Rush,2,2,1,0.5
351,Saturday,5,17,Evening Rush,1,1,1,1.0
351,Saturday,5,18,Evening Rush,1,1,0,0.0
351,Saturday,5,23,Evening,1,1,1,1.0
351,Sunday,6,7,Morning Rush,1,1,1,1.0
351,Sunday,6,9,Morning Rush,1,1,1,1.0
351,Sunday,6,11,Midday,1,1,1,1.0
351,Sunday,6,13,Midday,1,1,1,1.0
351,Sunday,6,14,Midday,1,1,0,0.0
351,Sunday,6,17,Evening Rush,1,1,1,1.0
351,Sunday,6,18,Evening Rush,2,2,0,0.0
351,Sunday,6,20,Evening,2,2,2,1.0
351,Sunday,6,22,Evening,2,2,1,0.5
351,Sunday,6,23,Evening,1,1,1,1.0
351,Thursday,3,0,Night,1,1,1,1.0
351,Thursday,3,1,Night,1,1,1,1.0
351,Thursday,3,2,Night,1,1,1,1.0
351,Thursday,3,3,Night,1,1,0,0.0
351,Thursday,3,4,Night,1,1,0,0.0
351,Thursday,3,6,Morning Rush,2,2,2,1.0
351,Thursday,3,7,Morning Rush,2,2,1,0.5
351,Thursday,3,8,Morning Rush,4,4,3,0.75
351,Thursday,3,9,Morning Rush,3,3,1,0.3333333333333333
351,Thursday,3,10,Midday,2,2,1,0.5
351,Thursday,3,11,Midday,2,2,1,0.5
351,Thursday,3,12,Midday,2,2,0,0.0
351,Thursday,3,13,Midday,2,2,1,0.5
351,Thursday,3,15,Evening Rush,1,1,0,0.0
351,Thursday,3,16,Evening Rush,4,4,2,0.5
351,Thursday,3,17,Evening Rush,4,4,1,0.25
351,Thursday,3,18,Evening Rush,1,1,0,0.0
351,Thursday,3,20,Evening,1,1,1,1.0
351,Thursday,3,22,Evening,1,1,0,0.0
351,Tuesday,1,6,Morning Rush,2,2,2,1.0
351,Tuesday,1,7,Morning Rush,8,8,6,0.75
351,Tuesday,1,8,Morning Rush,3,3,0,0.0
351,Tuesday,1,9,Morning Rush,4,4,3,0.75
351,Tuesday,1,10,Midday,2,2,0,0.0
351,Tuesday,1,13,Midday,1,1,0,0.0
351,Tuesday,1,14,Midday,1,1,0,0.0
351,Tuesday,1,16,Evening Rush,2,2,0,0.0
351,Tuesday,1,17,Evening Rush,4,4,2,0.5
351,Tuesday,1,18,Evening Rush,2,2,2,1.0
351,Tuesday,1,22,Evening,1,1,1,1.0
351,Wednesday,2,5,Night,1,1,0,0.0
351,Wednesday,2,6,Morning Rush,2,2,2,1.0
351,Wednesday,2,7,Morning Rush,3,3,2,0.6666666666666666
351,Wednesday,2,8,Morning Rush,4,4,3,0.75
351,Wednesday,2,9,Morning Rush,1,1,1,1.0
351,Wednesday,2,11,Midday,1,1,0,0.0
351,Wednesday,2,12,Midday,1,1,1,1.0
351,Wednesday,2,13,Midday,1,1,1,1.0
351,Wednesday,2,14,Midday,3,3,0,0.0
351,Wednesday,2,15,Evening Rush,4,4,1,0.25
351,Wednesday,2,16,Evening Rush,2,2,0,0.0
351,Wednesday,2,17,Evening Rush,1,1,0,0.0
351,Wednesday,2,18,Evening Rush,4,4,1,0.25
351,Wednesday,2,20,Evening,2,2,1,0.5
351,Wednesday,2,21,Evening,1,1,1,1.0
352,Friday,4,4,Night,1,1,0,0.0
352,Friday,4,7,Morning Rush,1,1,0,0.0
352,Friday,4,10,Midday,1,1,1,1.0
352,Friday,4,13,Midday,3,3,0,0.0
352,Friday,4,14,Midday,1,1,0,0.0
352,Friday,4,16,Evening Rush,1,1,0,0.0
352,Friday,4,18,Evening Rush,1,1,1,1.0
352,Friday,4,22,Evening,1,1,0,0.0
352,Monday,0,7,Morning Rush,1,1,0,0.0
352,Monday,0,8,Morning Rush,1,1,0,0.0
352,Monday,0,12,Midday,1,1,0,0.0
352,Monday,0,13,Midday,1,1,0,0.0
352,Monday,0,14,Midday,2,2,0,0.0
352,Monday,0,16,Evening Rush,1,1,0,0.0
352,Monday,0,20,Evening,1,1,0,0.0
352,Saturday,5,0,Night,1,1,1,1.0
352,Saturday,5,4,Night,2,2,0,0.0
352,Saturday,5,8,Morning Rush,1,1,1,1.0
352,Saturday,5,9,Morning Rush,1,1,0,0.0
352,Saturday,5,10,Midday,1,1,1,1.0
352,Saturday,5,13,Midday,1,1,0,0.0
352,Saturday,5,22,Evening,1,1,0,0.0
352,Sunday,6,4,Night,1,1,0,0.0
352,Sunday,6,11,Midday,2,2,1,0.5
352,Sunday,6,14,Midday,1,1,0,0.0
352,Sunday,6,17,Evening Rush,1,1,1,1.0
352,Thursday,3,11,Midday,2,2,0,0.0
352,Thursday,3,14,Midday,1,1,0,0.0
352,Thursday,3,17,Evening Rush,1,1,1,1.0
352,Thursday,3,18,Evening Rush,1,1,0,0.0
352,Thursday,3,21,Evening,1,1,1,1.0
352,Tuesday,1,1,Night,1,1,0,0.0
352,Tuesday,1,8,Morning Rush,1,1,1,1.0
352,Tuesday,1,16,Evening Rush,1,1,0,0.0
352,Tuesday,1,17,Evening Rush,3,3,0,0.0
352,Tuesday,1,18,Evening Rush,2,2,0,0.0
352,Tuesday,1,21,Evening,2,2,0,0.0
352,Tuesday,1,22,Evening,1,1,1,1.0
352,Wednesday,2,0,Night,1,1,1,1.0
352,Wednesday,2,2,Night,1,1,1,1.0
352,Wednesday,2,7,Morning Rush,1,1,1,1.0
352,Wednesday,2,9,Morning Rush,1,1,0,0.0
352,Wednesday,2,10,Midday,6,6,4,0.6666666666666666
352,Wednesday,2,11,Midday,1,1,0,0.0
352,Wednesday,2,12,Midday,1,1,1,1.0
352,Wednesday,2,15,Evening Rush,1,1,1,1.0
352,Wednesday,2,16,Evening Rush,2,2,0,0.0
352,Wednesday,2,17,Evening Rush,1,1,0,0.0
352,Wednesday,2,18,Evening Rush,1,1,0,0.0
352,Wednesday,2,19,Evening,1,1,1,1.0
352,Wednesday,2,20,Evening,1,1,0,0.0
352,Wednesday,2,21,Evening,2,2,1,0.5
353,Friday,4,9,Morning Rush,1,1,0,0.0
353,Friday,4,11,Midday,1,1,0,0.0
353,Friday,4,12,Midday,1,1,0,0.0
353,Friday,4,13,Midday,1,1,0,0.0
353,Friday,4,15,Evening Rush,2,2,2,1.0
353,Friday,4,16,Evening Rush,1,1,0,0.0
353,Friday,4,17,Evening Rush,1,1,0,0.0
353,Friday,4,20,Evening,1,1,0,0.0
353,Friday,4,21,Evening,1,1,0,0.0
353,Monday,0,3,Night,1,1,0,0.0
353,Monday,0,9,Morning Rush,1,1,0,0.0
353,Monday,0,13,Midday,1,1,1,1.0
353,Monday,0,16,Evening Rush,1,1,0,0.0
353,Monday,0,17,Evening Rush,3,3,0,0.0
353,Saturday,5,13,Midday,1,1,0,0.0
353,Saturday,5,14,Midday,1,1,0,0.0
353,Saturday,5,17,Evening Rush,1,1,0,0.0
353,Sunday,6,10,Midday,1,1,1,1.0
353,Sunday,6,13,Midday,1,1,1,1.0
353,Sunday,6,15,Evening Rush,1,1,1,1.0
353,Sunday,6,20,Evening,1,1,1,1.0
353,Sunday,6,23,Evening,1,1,0,0.0
353,Thursday,3,8,Morning Rush,1,1,0,0.0
353,Thursday,3,9,Morning Rush,1,1,0,0.0
353,Thursday,3,11,Midday,1,1,1,1.0
353,Thursday,3,15,Evening Rush,1,1,0,0.0
353,Thursday,3,16,Evening Rush,1,1,1,1.0
353,Thursday,3,18,Evening Rush,1,1,0,0.0
353,Thursday,3,19,Evening,1,1,0,0.0
353,Thursday,3,20,Evening,1,1,0,0.0
353,Thursday,3,21,Evening,1,1,1,1.0
353,Thursday,3,22,Evening,1,1,1,1.0
353,Tuesday,1,7,Morning Rush,1,1,1,1.0
353,Tuesday,1,15,Evening Rush,1,1,0,0.0
353,Tuesday,1,16,Evening Rush,1,1,0,0.0
353,Tuesday,1,17,Evening Rush,1,1,0,0.0
353,Tuesday,1,20,Evening,1,1,0,0.0
353,Wednesday,2,6,Morning Rush,1,1,0,0.0
353,Wednesday,2,13,Midday,2,2,2,1.0
353,Wednesday,2,14,Midday,2,2,1,0.5
353,Wednesday,2,15,Evening Rush,1,1,0,0.0
353,Wednesday,2,17,Evening Rush,2,2,1,0.5
353,Wednesday,2,23,Evening,1,1,0,0.0
354,Friday,4,6,Morning Rush,1,1,0,0.0
354,Friday,4,8,Morning Rush,2,2,0,0.0
354,Friday,4,9,Morning Rush,1,1,1,1.0
354,Friday,4,13,Midday,1,1,0,0.0
354,Friday,4,19,Evening,1,1,1,1.0
354,Monday,0,9,Morning Rush,1,1,1,1.0
354,Monday,0,22,Evening,1,1,0,0.0
354,Saturday,5,10,Midday,1,1,1,1.0
354,Saturday,5,18,Evening Rush,1,1,1,1.0
354,Saturday,5,19,Evening,1,1,0,0.0
354,Sunday,6,6,Morning Rush,1,1,1,1.0
354,Sunday,6,14,Midday,1,1,1,1.0
354,Thursday,3,8,Morning Rush,1,1,0,0.0
354,Tuesday,1,8,Morning Rush,1,1,1,1.0
354,Tuesday,1,11,Midday,1,1,0,0.0
354,Tuesday,1,13,Midday,3,3,0,0.0
354,Tuesday,1,15,Evening Rush,1,1,0,0.0
354,Tuesday,1,17,Evening Rush,2,2,0,0.0
354,Wednesday,2,2,Night,1,1,0,0.0
354,Wednesday,2,7,Morning Rush,3,3,0,0.0
354,Wednesday,2,8,Morning Rush,2,2,0,0.0
354,Wednesday,2,11,Midday,1,1,0,0.0
354,Wednesday,2,12,Midday,1,1,0,0.0
354,Wednesday,2,14,Midday,1,1,1,1.0
354,Wednesday,2,17,Evening Rush,1,1,1,1.0
355,Friday,4,1,Night,1,1,0,0.0
355,Friday,4,5,Night,1,1,1,1.0
355,Friday,4,9,Morning Rush,1,1,1,1.0
355,Friday,4,11,Midday,2,2,2,1.0
355,Friday,4,12,Midday,2,2,0,0.0
355,Friday,4,13,Midday,2,2,1,0.5
355,Friday,4,15,Evening Rush,2,2,0,0.0
355,Friday,4,16,Evening Rush,5,5,1,0.2
355,Friday,4,17,Evening Rush,1,1,0,0.0
355,Friday,4,19,Evening,2,2,1,0.5
355,Friday,4,20,Evening,3,3,1,0.3333333333333333
355,Friday,4,22,Evening,1,1,0,0.0
355,Monday,0,8,Morning Rush,1,1,0,0.0
355,Monday,0,9,Morning Rush,1,1,1,1.0
355,Monday,0,10,Midday,2,2,0,0.0
355,Monday,0,13,Midday,1,1,0,0.0
355,Monday,0,14,Midday,1,1,1,1.0
355,Monday,0,15,Evening Rush,2,2,0,0.0
355,Monday,0,16,Evening Rush,3,3,0,0.0
355,Monday,0,17,Evening Rush,2,2,0,0.0
355,Monday,0,19,Evening,1,1,0,0.0
355,Monday,0,20,Evening,1,1,0,0.0
355,Monday,0,21,Evening,1,1,1,1.0
355,Saturday,5,0,Night,2,2,0,0.0
355,Saturday,5,1,Night,1,1,0,0.0
355,Saturday,5,7,Morning Rush,1,1,0,0.0
355,Saturday,5,8,Morning Rush,1,1,1,1.0
355,Saturday,5,9,Morning Rush,1,1,0,0.0
355,Saturday,5,11,Midday,2,2,1,0.5
355,Saturday,5,13,Midday,1,1,1,1.0
355,Saturday,5,16,Evening Rush,3,3,0,0.0
355,Saturday,5,18,Evening Rush,1,1,0,0.0
355,Saturday,5,19,Evening,1,1,1,1.0
355,Sunday,6,1,Night,1,1,0,0.0
355,Sunday,6,3,Night,1,1,0,0.0
355,Sunday,6,10,Midday,1,1,0,0.0
355,Sunday,6,11,Midday,2,2,0,0.0
355,Sunday,6,15,Evening Rush,1,1,0,0.0
355,Sunday,6,16,Evening Rush,2,2,0,0.0
355,Sunday,6,17,Evening Rush,1,1,0,0.0
355,Sunday,6,18,Evening Rush,1,1,0,0.0
355,Thursday,3,3,Night,1,1,1,1.0
355,Thursday,3,7,Morning Rush,1,1,1,1.0
355,Thursday,3,8,Morning Rush,2,2,0,0.0
355,Thursday,3,11,Midday,1,1,1,1.0
355,Thursday,3,13,Midday,1,1,1,1.0
355,Thursday,3,15,Evening Rush,1,1,0,0.0
355,Thursday,3,17,Evening Rush,1,1,1,1.0
355,Thursday,3,18,Evening Rush,5,5,2,0.4
355,Thursday,3,19,Evening,1,1,1,1.0
355,Tuesday,1,4,Night,1,1,1,1.0
355,Tuesday,1,5,Night,1,1,1,1.0
355,Tuesday,1,6,Morning Rush,1,1,0,0.0
355,Tuesday,1,9,Morning Rush,1,1,1,1.0
355,Tuesday,1,11,Midday,1,1,0,0.0
355,Tuesday,1,15,Evening Rush,4,4,1,0.25
355,Tuesday,1,16,Evening Rush,3,3,2,0.6666666666666666
355,Tuesday,1,17,Evening Rush,3,3,2,0.6666666666666666
355,Tuesday,1,18,Evening Rush,3,3,2,0.6666666666666666
355,Tuesday,1,20,Evening,1,1,0,0.0
355,Tuesday,1,23,Evening,1,1,1,1.0
355,Wednesday,2,0,Night,2,2,1,0.5
355,Wednesday,2,6,Morning Rush,2,2,1,0.5
355,Wednesday,2,7,Morning Rush,2,2,1,0.5
355,Wednesday,2,8,Morning Rush,3,3,1,0.3333333333333333
355,Wednesday,2,9,Morning Rush,2,2,1,0.5
355,Wednesday,2,12,Midday,2,2,1,0.5
355,Wednesday,2,13,Midday,3,3,0,0.0
355,Wednesday,2,14,Midday,2,2,0,0.0
355,Wednesday,2,15,Evening Rush,1,1,0,0.0
355,Wednesday,2,16,Evening Rush,1,1,0,0.0
355,Wednesday,2,17,Evening Rush,2,2,0,0.0
355,Wednesday,2,18,Evening Rush,1,1,0,0.0
355,Wednesday,2,19,Evening,1,1,0,0.0
355,Wednesday,2,20,Evening,6,6,0,0.0
356,Friday,4,7,Morning Rush,1,1,0,0.0
356,Friday,4,10,Midday,1,1,1,1.0
356,Friday,4,13,Midday,1,1,0,0.0
356,Monday,0,11,Midday,1,1,0,0.0
356,Monday,0,13,Midday,3,3,0,0.0
356,Monday,0,17,Evening Rush,1,1,0,0.0
356,Saturday,5,0,Night,1,1,0,0.0
356,Saturday,5,8,Morning Rush,1,1,0,0.0
356,Saturday,5,12,Midday,1,1,0,0.0
356,Saturday,5,14,Midday,1,1,0,0.0
356,Saturday,5,15,Evening Rush,1,1,0,0.0
356,Saturday,5,16,Evening Rush,1,1,0,0.0
356,Saturday,5,17,Evening Rush,1,1,1,1.0
356,Saturday,5,23,Evening,1,1,0,0.0
356,Sunday,6,10,Midday,1,1,0,0.0
356,Sunday,6,12,Midday,1,1,1,1.0
356,Sunday,6,13,Midday,2,2,0,0.0
356,Sunday,6,15,Evening Rush,2,2,1,0.5
356,Sunday,6,17,Evening Rush,2,2,1,0.5
356,Sunday,6,18,Evening Rush,1,1,0,0.0
356,Sunday,6,22,Evening,1,1,0,0.0
356,Thursday,3,11,Midday,1,1,1,1.0
356,Thursday,3,12,Midday,1,1,0,0.0
356,Thursday,3,14,Midday,1,1,0,0.0
356,Thursday,3,15,Evening Rush,1,1,0,0.0
356,Tuesday,1,8,Morning Rush,1,1,1,1.0
356,Tuesday,1,10,Midday,1,1,1,1.0
356,Tuesday,1,12,Midday,1,1,0,0.0
356,Tuesday,1,13,Midday,2,2,0,0.0
356,Tuesday,1,14,Midday,1,1,0,0.0
356,Tuesday,1,16,Evening Rush,1,1,1,1.0
356,Tuesday,1,20,Evening,1,1,0,0.0
356,Tuesday,1,22,Evening,1,1,0,0.0
356,Wednesday,2,8,Morning Rush,1,1,1,1.0
356,Wednesday,2,12,Midday,2,2,1,0.5
356,Wednesday,2,13,Midday,1,1,1,1.0
356,Wednesday,2,17,Evening Rush,2,2,0,0.0
356,Wednesday,2,20,Evening,1,1,0,0.0
356,Wednesday,2,23,Evening,1,1,0,0.0
357,Friday,4,6,Morning Rush,1,1,1,1.0
357,Friday,4,15,Evening Rush,2,2,0,0.0
357,Friday,4,17,Evening Rush,1,1,0,0.0
357,Friday,4,18,Evening Rush,2,2,0,0.0
357,Monday,0,18,Evening Rush,2,2,1,0.5
357,Saturday,5,14,Midday,1,1,0,0.0
357,Saturday,5,16,Evening Rush,1,1,0,0.0
357,Saturday,5,21,Evening,1,1,1,1.0
357,Sunday,6,13,Midday,1,1,0,0.0
357,Thursday,3,9,Morning Rush,1,1,1,1.0
357,Thursday,3,13,Midday,1,1,0,0.0
357,Thursday,3,15,Evening Rush,1,1,1,1.0
357,Thursday,3,18,Evening Rush,1,1,0,0.0
357,Tuesday,1,14,Midday,1,1,0,0.0
357,Wednesday,2,2,Night,1,1,0,0.0
357,Wednesday,2,11,Midday,1,1,1,1.0
357,Wednesday,2,12,Midday,1,1,0,0.0
357,Wednesday,2,15,Evening Rush,1,1,1,1.0
357,Wednesday,2,17,Evening Rush,2,2,0,0.0
357,Wednesday,2,22,Evening,1,1,0,0.0
358,Friday,4,8,Morning Rush,1,1,1,1.0
358,Friday,4,21,Evening,1,1,0,0.0
358,Monday,0,7,Morning Rush,1,1,1,1.0
358,Saturday,5,16,Evening Rush,1,1,0,0.0
358,Saturday,5,23,Evening,1,1,0,0.0
358,Sunday,6,15,Evening Rush,1,1,1,1.0
358,Thursday,3,15,Evening Rush,1,1,1,1.0
358,Thursday,3,16,Evening Rush,2,2,1,0.5
358,Thursday,3,17,Evening Rush,1,1,0,0.0
358,Thursday,3,20,Evening,1,1,1,1.0
358,Tuesday,1,8,Morning Rush,1,1,0,0.0
358,Tuesday,1,15,Evening Rush,1,1,0,0.0
358,Tuesday,1,17,Evening Rush,2,2,1,0.5
358,Tuesday,1,18,Evening Rush,3,3,1,0.3333333333333333
358,Wednesday,2,15,Evening Rush,2,2,0,0.0
358,Wednesday,2,16,Evening Rush,1,1,0,0.0
358,Wednesday,2,17,Evening Rush,2,2,0,0.0
358,Wednesday,2,23,Evening,1,1,0,0.0
359,Friday,4,9,Morning Rush,1,1,1,1.0
359,Friday,4,11,Midday,1,1,1,1.0
359,Friday,4,13,Midday,1,1,0,0.0
359,Monday,0,16,Evening Rush,1,1,0,0.0
359,Saturday,5,2,Night,1,1,0,0.0
359,Saturday,5,8,Morning Rush,1,1,0,0.0
359,Saturday,5,11,Midday,3,3,2,0.6666666666666666
359,Saturday,5,14,Midday,1,1,0,0.0
359,Saturday,5,17,Evening Rush,2,2,0,0.0
359,Sunday,6,3,Night,1,1,0,0.0
359,Sunday,6,14,Midday,1,1,0,0.0
359,Thursday,3,10,Midday,1,1,0,0.0
359,Thursday,3,15,Evening Rush,1,1,1,1.0
359,Thursday,3,18,Evening Rush,1,1,0,0.0
359,Thursday,3,19,Evening,1,1,0,0.0
359,Tuesday,1,16,Evening Rush,1,1,0,0.0
359,Wednesday,2,6,Morning Rush,1,1,1,1.0
359,Wednesday,2,14,Midday,1,1,1,1.0
359,Wednesday,2,23,Evening,1,1,0,0.0
360,Friday,4,0,Night,1,1,1,1.0
360,Friday,4,3,Night,1,1,1,1.0
360,Friday,4,10,Midday,1,1,1,1.0
360,Friday,4,11,Midday,1,1,1,1.0
360,Friday,4,12,Midday,2,2,1,0.5
360,Friday,4,19,Evening,1,1,1,1.0
360,Monday,0,6,Morning Rush,1,1,0,0.0
360,Monday,0,7,Morning Rush,1,1,1,1.0
360,Monday,0,15,Evening Rush,1,1,1,1.0
360,Monday,0,21,Evening,1,1,1,1.0
360,Monday,0,23,Evening,1,1,1,1.0
360,Saturday,5,1,Night,1,1,0,0.0
360,Saturday,5,7,Morning Rush,1,1,1,1.0
360,Saturday,5,10,Midday,1,1,0,0.0
360,Saturday,5,16,Evening Rush,1,1,0,0.0
360,Saturday,5,17,Evening Rush,1,1,0,0.0
360,Saturday,5,19,Evening,1,1,0,0.0
360,Sunday,6,1,Night,2,2,0,0.0
360,Sunday,6,2,Night,1,1,1,1.0
360,Thursday,3,10,Midday,1,1,0,0.0
360,Thursday,3,15,Evening Rush,1,1,0,0.0
360,Tuesday,1,6,Morning Rush,1,1,0,0.0
360,Tuesday,1,14,Midday,1,1,0,0.0
360,Tuesday,1,17,Evening Rush,1,1,0,0.0
360,Wednesday,2,6,Morning Rush,1,1,0,0.0
360,Wednesday,2,9,Morning Rush,1,1,1,1.0
360,Wednesday,2,13,Midday,1,1,0,0.0
360,Wednesday,2,15,Evening Rush,1,1,0,0.0
361,Friday,4,3,Night,1,1,0,0.0
361,Friday,4,4,Night,1,1,1,1.0
361,Friday,4,15,Evening Rush,1,1,0,0.0
361,Friday,4,17,Evening Rush,2,2,1,0.5
361,Monday,0,16,Evening Rush,1,1,0,0.0
361,Saturday,5,11,Midday,1,1,1,1.0
361,Saturday,5,12,Midday,1,1,0,0.0
361,Saturday,5,16,Evening Rush,1,1,0,0.0
361,Saturday,5,20,Evening,1,1,0,0.0
361,Saturday,5,21,Evening,1,1,0,0.0
361,Sunday,6,4,Night,1,1,1,1.0
361,Sunday,6,11,Midday,1,1,1,1.0
361,Sunday,6,14,Midday,1,1,0,0.0
361,Thursday,3,17,Evening Rush,1,1,0,0.0
361,Tuesday,1,14,Midday,1,1,0,0.0
361,Tuesday,1,20,Evening,2,2,2,1.0
361,Wednesday,2,8,Morning Rush,1,1,1,1.0
361,Wednesday,2,19,Evening,1,1,0,0.0
362,Friday,4,7,Morning Rush,2,2,1,0.5
362,Friday,4,8,Morning Rush,1,1,1,1.0
362,Friday,4,9,Morning Rush,3,3,2,0.6666666666666666
362,Friday,4,10,Midday,1,1,1,1.0
362,Friday,4,11,Midday,1,1,0,0.0
362,Friday,4,15,Evening Rush,4,4,1,0.25
362,Friday,4,16,Evening Rush,2,2,0,0.0
362,Friday,4,17,Evening Rush,1,1,0,0.0
362,Friday,4,18,Evening Rush,2,2,1,0.5
362,Friday,4,21,Evening,1,1,0,0.0
362,Monday,0,7,Morning Rush,1,1,0,0.0
362,Monday,0,8,Morning Rush,1,1,0,0.0
362,Monday,0,9,Morning Rush,1,1,1,1.0
362,Monday,0,10,Midday,2,2,0,0.0
362,Monday,0,12,Midday,1,1,1,1.0
362,Monday,0,13,Midday,3,3,0,0.0
362,Monday,0,14,Midday,3,3,0,0.0
362,Monday,0,16,Evening Rush,2,2,0,0.0
362,Monday,0,17,Evening Rush,5,5,2,0.4
362,Monday,0,19,Evening,1,1,1,1.0
362,Monday,0,20,Evening,1,1,1,1.0
362,Monday,0,22,Evening,1,1,0,0.0
362,Saturday,5,5,Night,2,2,0,0.0
362,Saturday,5,7,Morning Rush,2,2,2,1.0
362,Saturday,5,9,Morning Rush,2,2,1,0.5
362,Saturday,5,10,Midday,1,1,0,0.0
362,Saturday,5,12,Midday,1,1,0,0.0
362,Saturday,5,13,Midday,2,2,1,0.5
362,Saturday,5,14,Midday,2,2,2,1.0
362,Saturday,5,19,Evening,1,1,0,0.0
362,Saturday,5,22,Evening,1,1,0,0.0
362,Sunday,6,2,Night,2,2,1,0.5
362,Sunday,6,11,Midday,1,1,1,1.0
362,Sunday,6,16,Evening Rush,1,1,0,0.0
362,Sunday,6,20,Evening,1,1,1,1.0
362,Sunday,6,23,Evening,1,1,1,1.0
362,Thursday,3,2,Night,1,1,0,0.0
362,Thursday,3,6,Morning Rush,1,1,0,0.0
362,Thursday,3,7,Morning Rush,3,3,1,0.3333333333333333
362,Thursday,3,8,Morning Rush,2,2,0,0.0
362,Thursday,3,9,Morning Rush,2,2,0,0.0
362,Thursday,3,11,Midday,2,2,0,0.0
362,Thursday,3,13,Midday,1,1,0,0.0
362,Thursday,3,14,Midday,1,1,0,0.0
362,Thursday,3,16,Evening Rush,4,4,0,0.0
362,Thursday,3,17,Evening Rush,2,2,1,0.5
362,Tuesday,1,2,Night,1,1,0,0.0
362,Tuesday,1,7,Morning Rush,1,1,0,0.0
362,Tuesday,1,8,Morning Rush,1,1,0,0.0
362,Tuesday,1,10,Midday,1,1,0,0.0
362,Tuesday,1,11,Midday,2,2,0,0.0
362,Tuesday,1,13,Midday,2,2,1,0.5
362,Tuesday,1,14,Midday,2,2,1,0.5
362,Tuesday,1,15,Evening Rush,1,1,1,1.0
362,Tuesday,1,16,Evening Rush,3,3,0,0.0
362,Tuesday,1,17,Evening Rush,1,1,1,1.0
362,Tuesday,1,18,Evening Rush,1,1,1,1.0
362,Tuesday,1,19,Evening,1,1,1,1.0
362,Tuesday,1,20,Evening,1,1,1,1.0
362,Tuesday,1,21,Evening,2,2,0,0.0
362,Tuesday,1,23,Evening,1,1,1,1.0
362,Wednesday,2,6,Morning Rush,1,1,0,0.0
362,Wednesday,2,7,Morning Rush,1,1,0,0.0
362,Wednesday,2,9,Morning Rush,2,2,0,0.0
362,Wednesday,2,11,Midday,1,1,1,1.0
362,Wednesday,2,12,Midday,1,1,0,0.0
362,Wednesday,2,13,Midday,1,1,1,1.0
362,Wednesday,2,14,Midday,5,5,1,0.2
362,Wednesday,2,15,Evening Rush,1,1,0,0.0
362,Wednesday,2,16,Evening Rush,1,1,1,1.0
362,Wednesday,2,17,Evening Rush,1,1,0,0.0
362,Wednesday,2,18,Evening Rush,1,1,0,0.0
362,Wednesday,2,21,Evening,2,2,1,0.5
363,Friday,4,0,Night,1,1,0,0.0
363,Friday,4,6,Morning Rush,1,1,1,1.0
363,Friday,4,8,Morning Rush,1,1,0,0.0
363,Friday,4,9,Morning Rush,1,1,1,1.0
363,Friday,4,10,Midday,1,1,0,0.0
363,Friday,4,11,Midday,2,2,0,0.0
363,Friday,4,14,Midday,1,1,0,0.0
363,Friday,4,17,Evening Rush,1,1,0,0.0
363,Friday,4,18,Evening Rush,2,2,2,1.0
363,Friday,4,21,Evening,1,1,0,0.0
363,Friday,4,23,Evening,1,1,0,0.0
363,Monday,0,8,Morning Rush,1,1,0,0.0
363,Monday,0,11,Midday,1,1,0,0.0
363,Monday,0,12,Midday,1,1,0,0.0
363,Monday,0,16,Evening Rush,3,3,0,0.0
363,Monday,0,17,Evening Rush,1,1,0,0.0
363,Monday,0,18,Evening Rush,1,1,1,1.0
363,Saturday,5,1,Night,2,2,1,0.5
363,Saturday,5,9,Morning Rush,1,1,1,1.0
363,Saturday,5,13,Midday,1,1,0,0.0
363,Saturday,5,21,Evening,1,1,0,0.0
363,Sunday,6,0,Night,2,2,1,0.5
363,Sunday,6,12,Midday,1,1,0,0.0
363,Sunday,6,17,Evening Rush,1,1,1,1.0
363,Sunday,6,19,Evening,2,2,0,0.0
363,Thursday,3,0,Night,1,1,1,1.0
363,Thursday,3,8,Morning Rush,1,1,1,1.0
363,Thursday,3,10,Midday,1,1,1,1.0
363,Thursday,3,14,Midday,1,1,0,0.0
363,Thursday,3,15,Evening Rush,1,1,1,1.0
363,Thursday,3,16,Evening Rush,2,2,0,0.0
363,Thursday,3,22,Evening,1,1,0,0.0
363,Tuesday,1,2,Night,1,1,0,0.0
363,Tuesday,1,8,Morning Rush,1,1,0,0.0
363,Tuesday,1,11,Midday,2,2,2,1.0
363,Tuesday,1,14,Midday,1,1,1,1.0
363,Tuesday,1,15,Evening Rush,1,1,0,0.0
363,Tuesday,1,22,Evening,2,2,0,0.0
363,Wednesday,2,10,Midday,1,1,1,1.0
363,Wednesday,2,12,Midday,1,1,0,0.0
363,Wednesday,2,14,Midday,1,1,0,0.0
364,Friday,4,7,Morning Rush,2,2,2,1.0
364,Friday,4,12,Midday,1,1,0,0.0
364,Friday,4,14,Midday,1,1,0,0.0
364,Friday,4,16,Evening Rush,1,1,1,1.0
364,Friday,4,18,Evening Rush,1,1,0,0.0
364,Friday,4,19,Evening,1,1,0,0.0
364,Friday,4,20,Evening,1,1,0,0.0
364,Friday,4,22,Evening,1,1,0,0.0
364,Monday,0,3,Night,2,2,0,0.0
364,Monday,0,6,Morning Rush,1,1,1,1.0
364,Monday,0,10,Midday,1,1,0,0.0
364,Monday,0,14,Midday,3,3,0,0.0
364,Monday,0,15,Evening Rush,1,1,0,0.0
364,Monday,0,17,Evening Rush,1,1,1,1.0
364,Monday,0,19,Evening,1,1,0,0.0
364,Saturday,5,12,Midday,1,1,0,0.0
364,Saturday,5,13,Midday,1,1,0,0.0
364,Saturday,5,15,Evening Rush,2,2,2,1.0
364,Saturday,5,16,Evening Rush,1,1,0,0.0
364,Saturday,5,18,Evening Rush,1,1,0,0.0
364,Saturday,5,20,Evening,1,1,1,1.0
364,Sunday,6,14,Midday,1,1,0,0.0
364,Sunday,6,15,Evening Rush,1,1,0,0.0
364,Sunday,6,21,Evening,1,1,0,0.0
364,Thursday,3,5,Night,1,1,0,0.0
364,Thursday,3,8,Morning Rush,2,2,1,0.5
364,Thursday,3,10,Midday,1,1,0,0.0
364,Thursday,3,15,Evening Rush,4,4,1,0.25
364,Thursday,3,17,Evening Rush,2,2,0,0.0
364,Thursday,3,18,Evening Rush,2,2,1,0.5
364,Thursday,3,19,Evening,1,1,0,0.0
364,Thursday,3,20,Evening,1,1,0,0.0
364,Thursday,3,21,Evening,1,1,1,1.0
364,Tuesday,1,7,Morning Rush,4,4,1,0.25
364,Tuesday,1,8,Morning Rush,1,1,0,0.0
364,Tuesday,1,9,Morning Rush,1,1,0,0.0
364,Tuesday,1,12,Midday,1,1,0,0.0
364,Tuesday,1,13,Midday,1,1,1,1.0
364,Tuesday,1,16,Evening Rush,2,2,0,0.0
364,Tuesday,1,17,Evening Rush,1,1,0,0.0
364,Tuesday,1,19,Evening,2,2,0,0.0
364,Tuesday,1,20,Evening,1,1,0,0.0
364,Tuesday,1,22,Evening,1,1,1,1.0
364,Tuesday,1,23,Evening,2,2,1,0.5
364,Wednesday,2,6,Morning Rush,2,2,0,0.0
364,Wednesday,2,8,Morning Rush,3,3,1,0.3333333333333333
364,Wednesday,2,9,Morning Rush,2,2,1,0.5
364,Wednesday,2,10,Midday,1,1,1,1.0
364,Wednesday,2,13,Midday,1,1,0,0.0
364,Wednesday,2,14,Midday,1,1,0,0.0
364,Wednesday,2,16,Evening Rush,1,1,0,0.0
364,Wednesday,2,17,Evening Rush,2,2,1,0.5
364,Wednesday,2,18,Evening Rush,1,1,0,0.0
364,Wednesday,2,20,Evening,2,2,0,0.0
364,Wednesday,2,21,Evening,1,1,1,1.0
365,Friday,4,9,Morning Rush,1,1,0,0.0
365,Friday,4,16,Evening Rush,1,1,0,0.0
365,Friday,4,17,Evening Rush,1,1,1,1.0
365,Monday,0,13,Midday,1,1,0,0.0
365,Monday,0,16,Evening Rush,1,1,0,0.0
365,Monday,0,20,Evening,2,2,1,0.5
365,Monday,0,22,Evening,1,1,0,0.0
365,Saturday,5,10,Midday,1,1,0,0.0
365,Sunday,6,0,Night,1,1,0,0.0
365,Sunday,6,5,Night,1,1,0,0.0
365,Sunday,6,9,Morning Rush,1,1,0,0.0
365,Sunday,6,17,Evening Rush,1,1,0,0.0
365,Sunday,6,20,Evening,1,1,0,0.0
365,Thursday,3,8,Morning Rush,1,1,0,0.0
365,Tuesday,1,9,Morning Rush,1,1,1,1.0
365,Tuesday,1,15,Evening Rush,1,1,0,0.0
365,Tuesday,1,17,Evening Rush,2,2,1,0.5
365,Tuesday,1,23,Evening,1,1,0,0.0
365,Wednesday,2,5,Night,1,1,0,0.0
365,Wednesday,2,16,Evening Rush,1,1,0,0.0
365,Wednesday,2,18,Evening Rush,1,1,0,0.0
366,Friday,4,6,Morning Rush,1,1,1,1.0
366,Friday,4,10,Midday,1,1,1,1.0
366,Friday,4,12,Midday,1,1,0,0.0
366,Friday,4,14,Midday,1,1,0,0.0
366,Monday,0,7,Morning Rush,2,2,2,1.0
366,Saturday,5,10,Midday,1,1,0,0.0
366,Saturday,5,15,Evening Rush,1,1,0,0.0
366,Sunday,6,13,Midday,1,1,0,0.0
366,Sunday,6,20,Evening,1,1,1,1.0
366,Thursday,3,6,Morning Rush,1,1,1,1.0
366,Thursday,3,14,Midday,2,2,0,0.0
366,Thursday,3,15,Evening Rush,1,1,0,0.0
366,Tuesday,1,18,Evening Rush,2,2,1,0.5
366,Wednesday,2,8,Morning Rush,2,2,1,0.5
366,Wednesday,2,14,Midday,2,2,1,0.5
366,Wednesday,2,17,Evening Rush,1,1,0,0.0
366,Wednesday,2,19,Evening,1,1,0,0.0
367,Friday,4,9,Morning Rush,1,1,1,1.0
367,Friday,4,10,Midday,1,1,0,0.0
367,Friday,4,13,Midday,1,1,0,0.0
367,Monday,0,9,Morning Rush,1,1,1,1.0
367,Monday,0,19,Evening,1,1,0,0.0
367,Saturday,5,11,Midday,2,2,1,0.5
367,Saturday,5,18,Evening Rush,1,1,0,0.0
367,Sunday,6,13,Midday,1,1,0,0.0
367,Sunday,6,18,Evening Rush,2,2,0,0.0
367,Sunday,6,22,Evening,1,1,0,0.0
367,Thursday,3,10,Midday,1,1,1,1.0
367,Thursday,3,11,Midday,1,1,0,0.0
367,Thursday,3,15,Evening Rush,1,1,1,1.0
367,Thursday,3,18,Evening Rush,3,3,0,0.0
367,Thursday,3,20,Evening,1,1,0,0.0
367,Tuesday,1,6,Morning Rush,1,1,1,1.0
367,Tuesday,1,12,Midday,1,1,0,0.0
367,Tuesday,1,13,Midday,1,1,0,0.0
367,Tuesday,1,16,Evening Rush,2,2,0,0.0
367,Tuesday,1,17,Evening Rush,1,1,0,0.0
367,Tuesday,1,21,Evening,1,1,1,1.0
367,Wednesday,2,4,Night,1,1,1,1.0
367,Wednesday,2,7,Morning Rush,1,1,1,1.0
367,Wednesday,2,9,Morning Rush,1,1,1,1.0
367,Wednesday,2,12,Midday,2,2,0,0.0
367,Wednesday,2,15,Evening Rush,1,1,0,0.0
367,Wednesday,2,16,Evening Rush,1,1,1,1.0
367,Wednesday,2,22,Evening,1,1,0,0.0
368,Friday,4,8,Morning Rush,1,1,0,0.0
368,Friday,4,12,Midday,1,1,1,1.0
368,Friday,4,13,Midday,1,1,0,0.0
368,Friday,4,14,Midday,2,2,1,0.5
368,Friday,4,15,Evening Rush,2,2,0,0.0
368,Friday,4,17,Evening Rush,2,2,1,0.5
368,Friday,4,22,Evening,1,1,1,1.0
368,Monday,0,13,Midday,2,2,1,0.5
368,Monday,0,14,Midday,1,1,1,1.0
368,Monday,0,15,Evening Rush,2,2,0,0.0
368,Saturday,5,9,Morning Rush,1,1,1,1.0
368,Sunday,6,12,Midday,1,1,1,1.0
368,Sunday,6,19,Evening,1,1,1,1.0
368,Sunday,6,21,Evening,1,1,0,0.0
368,Thursday,3,12,Midday,1,1,0,0.0
368,Thursday,3,16,Evening Rush,1,1,1,1.0
368,Thursday,3,18,Evening Rush,1,1,1,1.0
368,Tuesday,1,15,Evening Rush,1,1,0,0.0
368,Tuesday,1,17,Evening Rush,1,1,0,0.0
368,Tuesday,1,18,Evening Rush,1,1,1,1.0
368,Wednesday,2,8,Morning Rush,1,1,1,1.0
368,Wednesday,2,10,Midday,1,1,1,1.0
368,Wednesday,2,13,Midday,1,1,0,0.0
368,Wednesday,2,14,Midday,1,1,0,0.0
368,Wednesday,2,17,Evening Rush,1,1,0,0.0
368,Wednesday,2,18,Evening Rush,1,1,0,0.0
368,Wednesday,2,19,Evening,1,1,0,0.0
368,Wednesday,2,20,Evening,1,1,1,1.0
369,Friday,4,10,Midday,1,1,0,0.0
369,Friday,4,18,Evening Rush,1,1,0,0.0
369,Monday,0,0,Night,1,1,0,0.0
369,Monday,0,4,Night,1,1,0,0.0
369,Monday,0,18,Evening Rush,1,1,0,0.0
369,Saturday,5,6,Morning Rush,1,1,0,0.0
369,Saturday,5,13,Midday,1,1,0,0.0
369,Saturday,5,17,Evening Rush,1,1,0,0.0
369,Saturday,5,19,Evening,1,1,0,0.0
369,Saturday,5,21,Evening,1,1,0,0.0
369,Saturday,5,23,Evening,1,1,0,0.0
369,Sunday,6,0,Night,1,1,1,1.0
369,Sunday,6,7,Morning Rush,1,1,0,0.0
369,Sunday,6,12,Midday,1,1,0,0.0
369,Sunday,6,15,Evening Rush,1,1,0,0.0
369,Sunday,6,17,Evening Rush,1,1,0,0.0
369,Sunday,6,20,Evening,2,2,0,0.0
369,Thursday,3,6,Morning Rush,1,1,1,1.0
369,Thursday,3,7,Morning Rush,1,1,0,0.0
369,Thursday,3,9,Morning Rush,1,1,1,1.0
369,Thursday,3,11,Midday,1,1,1,1.0
369,Thursday,3,12,Midday,3,3,0,0.0
369,Thursday,3,13,Midday,2,2,0,0.0
369,Thursday,3,16,Evening Rush,3,3,0,0.0
369,Tuesday,1,8,Morning Rush,1,1,1,1.0
369,Tuesday,1,11,Midday,1,1,0,0.0
369,Tuesday,1,15,Evening Rush,1,1,0,0.0
369,Tuesday,1,17,Evening Rush,1,1,1,1.0
369,Wednesday,2,8,Morning Rush,1,1,0,0.0
369,Wednesday,2,10,Midday,2,2,1,0.5
369,Wednesday,2,11,Midday,1,1,1,1.0
369,Wednesday,2,13,Midday,1,1,1,1.0
369,Wednesday,2,14,Midday,1,1,0,0.0
369,Wednesday,2,15,Evening Rush,1,1,1,1.0
369,Wednesday,2,17,Evening Rush,1,1,0,0.0
370,Friday,4,8,Morning Rush,1,1,0,0.0
370,Friday,4,12,Midday,1,1,1,1.0
370,Friday,4,13,Midday,2,2,2,1.0
370,Friday,4,15,Evening Rush,1,1,1,1.0
370,Friday,4,17,Evening Rush,1,1,0,0.0
370,Monday,0,4,Night,1,1,1,1.0
370,Monday,0,11,Midday,2,2,0,0.0
370,Monday,0,12,Midday,1,1,1,1.0
370,Monday,0,15,Evening Rush,1,1,1,1.0
370,Monday,0,17,Evening Rush,1,1,0,0.0
370,Monday,0,22,Evening,1,1,1,1.0
370,Saturday,5,2,Night,1,1,0,0.0
370,Saturday,5,10,Midday,1,1,0,0.0
370,Saturday,5,14,Midday,1,1,1,1.0
370,Saturday,5,15,Evening Rush,1,1,0,0.0
370,Saturday,5,19,Evening,1,1,1,1.0
370,Saturday,5,23,Evening,3,3,2,0.6666666666666666
370,Sunday,6,0,Night,1,1,1,1.0
370,Sunday,6,2,Night,1,1,0,0.0
370,Sunday,6,9,Morning Rush,1,1,0,0.0
370,Sunday,6,11,Midday,1,1,0,0.0
370,Sunday,6,12,Midday,1,1,1,1.0
370,Sunday,6,13,Midday,1,1,1,1.0
370,Sunday,6,16,Evening Rush,1,1,0,0.0
370,Sunday,6,18,Evening Rush,1,1,0,0.0
370,Sunday,6,20,Evening,1,1,0,0.0
370,Thursday,3,1,Night,1,1,0,0.0
370,Thursday,3,5,Night,1,1,1,1.0
370,Thursday,3,6,Morning Rush,1,1,0,0.0
370,Thursday,3,9,Morning Rush,1,1,1,1.0
370,Thursday,3,10,Midday,2,2,1,0.5
370,Thursday,3,13,Midday,1,1,0,0.0
370,Thursday,3,16,Evening Rush,1,1,0,0.0
370,Thursday,3,17,Evening Rush,1,1,1,1.0
370,Thursday,3,21,Evening,1,1,1,1.0
370,Tuesday,1,7,Morning Rush,1,1,1,1.0
370,Tuesday,1,9,Morning Rush,1,1,0,0.0
370,Tuesday,1,21,Evening,1,1,0,0.0
370,Tuesday,1,22,Evening,1,1,1,1.0
370,Wednesday,2,6,Morning Rush,1,1,0,0.0
370,Wednesday,2,8,Morning Rush,1,1,0,0.0
370,Wednesday,2,9,Morning Rush,1,1,1,1.0
370,Wednesday,2,17,Evening Rush,1,1,0,0.0
371,Friday,4,0,Night,1,1,1,1.0
371,Friday,4,5,Night,1,1,0,0.0
371,Friday,4,14,Midday,1,1,0,0.0
371,Friday,4,15,Evening Rush,3,3,0,0.0
371,Friday,4,16,Evening Rush,2,2,0,0.0
371,Friday,4,17,Evening Rush,2,2,0,0.0
371,Friday,4,18,Evening Rush,1,1,1,1.0
371,Friday,4,19,Evening,1,1,0,0.0
371,Friday,4,20,Evening,3,3,2,0.6666666666666666
371,Friday,4,21,Evening,2,2,0,0.0
371,Friday,4,22,Evening,2,2,0,0.0
371,Monday,0,6,Morning Rush,1,1,0,0.0
371,Monday,0,8,Morning Rush,2,2,0,0.0
371,Monday,0,10,Midday,1,1,0,0.0
371,Monday,0,15,Evening Rush,1,1,0,0.0
371,Monday,0,16,Evening Rush,3,3,1,0.3333333333333333
371,Monday,0,17,Evening Rush,3,3,0,0.0
371,Monday,0,18,Evening Rush,2,2,0,0.0
371,Monday,0,19,Evening,4,4,0,0.0
371,Monday,0,20,Evening,2,2,0,0.0
371,Monday,0,21,Evening,2,2,1,0.5
371,Saturday,5,1,Night,1,1,0,0.0
371,Saturday,5,9,Morning Rush,1,1,0,0.0
371,Saturday,5,13,Midday,1,1,0,0.0
371,Saturday,5,14,Midday,2,2,2,1.0
371,Saturday,5,15,Evening Rush,1,1,1,1.0
371,Saturday,5,16,Evening Rush,3,3,1,0.3333333333333333
371,Saturday,5,17,Evening Rush,1,1,1,1.0
371,Saturday,5,21,Evening,1,1,1,1.0
371,Sunday,6,1,Night,1,1,1,1.0
371,Sunday,6,9,Morning Rush,1,1,0,0.0
371,Sunday,6,13,Midday,2,2,0,0.0
371,Sunday,6,15,Evening Rush,2,2,1,0.5
371,Sunday,6,16,Evening Rush,2,2,0,0.0
371,Sunday,6,17,Evening Rush,1,1,0,0.0
371,Sunday,6,18,Evening Rush,1,1,0,0.0
371,Sunday,6,19,Evening,2,2,0,0.0
371,Sunday,6,20,Evening,1,1,1,1.0
371,Sunday,6,21,Evening,1,1,1,1.0
371,Sunday,6,22,Evening,1,1,0,0.0
371,Thursday,3,2,Night,1,1,0,0.0
371,Thursday,3,8,Morning Rush,2,2,2,1.0
371,Thursday,3,9,Morning Rush,1,1,0,0.0
371,Thursday,3,14,Midday,2,2,0,0.0
371,Thursday,3,15,Evening Rush,2,2,0,0.0
371,Thursday,3,16,Evening Rush,1,1,0,0.0
371,Thursday,3,18,Evening Rush,3,3,0,0.0
371,Thursday,3,19,Evening,1,1,0,0.0
371,Thursday,3,21,Evening,4,4,2,0.5
371,Tuesday,1,7,Morning Rush,1,1,0,0.0
371,Tuesday,1,8,Morning Rush,1,1,1,1.0
371,Tuesday,1,9,Morning Rush,2,2,0,0.0
371,Tuesday,1,11,Midday,2,2,0,0.0
371,Tuesday,1,12,Midday,2,2,0,0.0
371,Tuesday,1,14,Midday,1,1,0,0.0
371,Tuesday,1,15,Evening Rush,1,1,0,0.0
371,Tuesday,1,16,Evening Rush,2,2,0,0.0
371,Tuesday,1,17,Evening Rush,2,2,0,0.0
371,Tuesday,1,20,Evening,1,1,0,0.0
371,Wednesday,2,0,Night,1,1,1,1.0
371,Wednesday,2,6,Morning Rush,2,2,0,0.0
371,Wednesday,2,9,Morning Rush,2,2,1,0.5
371,Wednesday,2,12,Midday,2,2,0,0.0
371,Wednesday,2,13,Midday,2,2,0,0.0
371,Wednesday,2,14,Midday,2,2,0,0.0
371,Wednesday,2,15,Evening Rush,1,1,0,0.0
371,Wednesday,2,18,Evening Rush,1,1,0,0.0
371,Wednesday,2,19,Evening,2,2,0,0.0
371,Wednesday,2,20,Evening,1,1,1,1.0
371,Wednesday,2,21,Evening,1,1,0,0.0
371,Wednesday,2,22,Evening,1,1,0,0.0
371,Wednesday,2,23,Evening,1,1,1,1.0
372,Friday,4,2,Night,1,1,1,1.0
372,Friday,4,7,Morning Rush,1,1,0,0.0
372,Friday,4,9,Morning Rush,1,1,0,0.0
372,Friday,4,10,Midday,3,3,1,0.3333333333333333
372,Friday,4,13,Midday,1,1,0,0.0
372,Friday,4,15,Evening Rush,1,1,0,0.0
372,Friday,4,20,Evening,1,1,1,1.0
372,Monday,0,8,Morning Rush,1,1,1,1.0
372,Monday,0,9,Morning Rush,1,1,1,1.0
372,Monday,0,13,Midday,1,1,0,0.0
372,Monday,0,20,Evening,1,1,0,0.0
372,Saturday,5,10,Midday,2,2,2,1.0
372,Saturday,5,14,Midday,1,1,1,1.0
372,Sunday,6,1,Night,1,1,0,0.0
372,Sunday,6,8,Morning Rush,1,1,0,0.0
372,Sunday,6,17,Evening Rush,1,1,1,1.0
372,Sunday,6,23,Evening,1,1,0,0.0
372,Thursday,3,10,Midday,2,2,1,0.5
372,Thursday,3,14,Midday,1,1,1,1.0
372,Thursday,3,19,Evening,1,1,0,0.0
372,Tuesday,1,7,Morning Rush,1,1,1,1.0
372,Tuesday,1,8,Morning Rush,3,3,1,0.3333333333333333
372,Tuesday,1,9,Morning Rush,4,4,1,0.25
372,Tuesday,1,12,Midday,1,1,0,0.0
372,Tuesday,1,17,Evening Rush,3,3,1,0.3333333333333333
372,Wednesday,2,4,Night,1,1,1,1.0
372,Wednesday,2,7,Morning Rush,1,1,1,1.0
372,Wednesday,2,8,Morning Rush,1,1,1,1.0
372,Wednesday,2,14,Midday,1,1,0,0.0
372,Wednesday,2,15,Evening Rush,1,1,0,0.0
373,Friday,4,15,Evening Rush,1,1,0,0.0
373,Friday,4,16,Evening Rush,2,2,1,0.5
373,Friday,4,17,Evening Rush,1,1,0,0.0
373,Friday,4,18,Evening Rush,1,1,0,0.0
373,Friday,4,19,Evening,1,1,0,0.0
373,Friday,4,21,Evening,1,1,0,0.0
373,Monday,0,7,Morning Rush,1,1,0,0.0
373,Monday,0,16,Evening Rush,1,1,1,1.0
373,Monday,0,17,Evening Rush,1,1,1,1.0
373,Monday,0,22,Evening,1,1,0,0.0
373,Monday,0,23,Evening,1,1,1,1.0
373,Saturday,5,18,Evening Rush,1,1,0,0.0
373,Sunday,6,17,Evening Rush,2,2,0,0.0
373,Sunday,6,19,Evening,1,1,0,0.0
373,Sunday,6,21,Evening,1,1,1,1.0
373,Thursday,3,12,Midday,1,1,0,0.0
373,Thursday,3,15,Evening Rush,1,1,0,0.0
373,Thursday,3,17,Evening Rush,2,2,1,0.5
373,Thursday,3,18,Evening Rush,1,1,0,0.0
373,Tuesday,1,0,Night,1,1,1,1.0
373,Tuesday,1,5,Night,1,1,1,1.0
373,Tuesday,1,6,Morning Rush,1,1,0,0.0
373,Tuesday,1,7,Morning Rush,1,1,1,1.0
373,Tuesday,1,9,Morning Rush,1,1,1,1.0
373,Tuesday,1,15,Evening Rush,1,1,0,0.0
373,Tuesday,1,17,Evening Rush,2,2,2,1.0
373,Tuesday,1,21,Evening,1,1,1,1.0
373,Tuesday,1,22,Evening,1,1,0,0.0
373,Wednesday,2,6,Morning Rush,1,1,1,1.0
373,Wednesday,2,8,Morning Rush,4,4,3,0.75
373,Wednesday,2,14,Midday,1,1,1,1.0
373,Wednesday,2,17,Evening Rush,1,1,1,1.0
373,Wednesday,2,18,Evening Rush,1,1,0,0.0
373,Wednesday,2,22,Evening,2,2,1,0.5
374,Friday,4,10,Midday,1,1,1,1.0
374,Friday,4,21,Evening,2,2,1,0.5
374,Monday,0,10,Midday,1,1,1,1.0
374,Saturday,5,2,Night,1,1,0,0.0
374,Saturday,5,6,Morning Rush,1,1,0,0.0
374,Saturday,5,13,Midday,1,1,0,0.0
374,Saturday,5,14,Midday,2,2,0,0.0
374,Saturday,5,15,Evening Rush,2,2,0,0.0
374,Saturday,5,21,Evening,1,1,0,0.0
374,Sunday,6,4,Night,1,1,1,1.0
374,Sunday,6,7,Morning Rush,1,1,1,1.0
374,Sunday,6,20,Evening,1,1,1,1.0
374,Sunday,6,21,Evening,1,1,1,1.0
374,Thursday,3,9,Morning Rush,1,1,0,0.0
374,Thursday,3,11,Midday,1,1,0,0.0
374,Thursday,3,16,Evening Rush,1,1,0,0.0
374,Thursday,3,17,Evening Rush,1,1,0,0.0
374,Thursday,3,18,Evening Rush,1,1,1,1.0
374,Thursday,3,19,Evening,1,1,0,0.0
374,Tuesday,1,7,Morning Rush,1,1,1,1.0
374,Tuesday,1,11,Midday,1,1,0,0.0
374,Tuesday,1,14,Midday,1,1,0,0.0
374,Tuesday,1,15,Evening Rush,1,1,0,0.0
374,Tuesday,1,17,Evening Rush,1,1,0,0.0
374,Tuesday,1,22,Evening,1,1,0,0.0
374,Wednesday,2,14,Midday,2,2,2,1.0
375,Friday,4,9,Morning Rush,1,1,1,1.0
375,Monday,0,3,Night,1,1,0,0.0
375,Monday,0,9,Morning Rush,1,1,1,1.0
375,Monday,0,10,Midday,1,1,1,1.0
375,Monday,0,11,Midday,1,1,1,1.0
375,Monday,0,13,Midday,1,1,0,0.0
375,Monday,0,16,Evening Rush,1,1,0,0.0
375,Monday,0,19,Evening,2,2,0,0.0
375,Saturday,5,1,Night,1,1,0,0.0
375,Saturday,5,14,Midday,1,1,0,0.0
375,Saturday,5,22,Evening,1,1,1,1.0
375,Sunday,6,1,Night,1,1,1,1.0
375,Sunday,6,10,Midday,1,1,1,1.0
375,Sunday,6,17,Evening Rush,1,1,0,0.0
375,Sunday,6,18,Evening Rush,3,3,1,0.3333333333333333
375,Sunday,6,19,Evening,1,1,0,0.0
375,Thursday,3,10,Midday,2,2,0,0.0
375,Thursday,3,15,Evening Rush,2,2,0,0.0
375,Tuesday,1,0,Night,1,1,0,0.0
375,Tuesday,1,8,Morning Rush,1,1,1,1.0
375,Tuesday,1,11,Midday,1,1,0,0.0
375,Tuesday,1,17,Evening Rush,1,1,1,1.0
375,Tuesday,1,18,Evening Rush,1,1,0,0.0
375,Wednesday,2,6,Morning Rush,1,1,0,0.0
375,Wednesday,2,14,Midday,1,1,0,0.0
375,Wednesday,2,15,Evening Rush,1,1,1,1.0
375,Wednesday,2,19,Evening,1,1,0,0.0
375,Wednesday,2,23,Evening,1,1,0,0.0
376,Friday,4,7,Morning Rush,1,1,0,0.0
376,Friday,4,11,Midday,2,2,0,0.0
376,Friday,4,12,Midday,1,1,0,0.0
376,Friday,4,13,Midday,1,1,0,0.0
376,Friday,4,15,Evening Rush,2,2,1,0.5
376,Friday,4,17,Evening Rush,1,1,0,0.0
376,Friday,4,21,Evening,1,1,0,0.0
376,Monday,0,4,Night,1,1,0,0.0
376,Monday,0,9,Morning Rush,2,2,2,1.0
376,Monday,0,15,Evening Rush,1,1,1,1.0
376,Monday,0,16,Evening Rush,1,1,1,1.0
376,Monday,0,17,Evening Rush,1,1,0,0.0
376,Monday,0,18,Evening Rush,1,1,0,0.0
376,Monday,0,20,Evening,1,1,1,1.0
376,Saturday,5,10,Midday,1,1,1,1.0
376,Saturday,5,12,Midday,1,1,0,0.0
376,Saturday,5,16,Evening Rush,2,2,1,0.5
376,Sunday,6,9,Morning Rush,1,1,0,0.0
376,Sunday,6,17,Evening Rush,1,1,0,0.0
376,Thursday,3,4,Night,1,1,1,1.0
376,Thursday,3,7,Morning Rush,2,2,2,1.0
376,Thursday,3,8,Morning Rush,1,1,1,1.0
376,Thursday,3,10,Midday,1,1,0,0.0
376,Thursday,3,12,Midday,1,1,0,0.0
376,Thursday,3,15,Evening Rush,2,2,0,0.0
376,Thursday,3,17,Evening Rush,2,2,0,0.0
376,Tuesday,1,0,Night,1,1,1,1.0
376,Tuesday,1,2,Night,1,1,0,0.0
376,Tuesday,1,9,Morning Rush,1,1,0,0.0
376,Tuesday,1,14,Midday,1,1,0,0.0
376,Tuesday,1,16,Evening Rush,2,2,1,0.5
376,Tuesday,1,17,Evening Rush,1,1,0,0.0
376,Tuesday,1,19,Evening,1,1,0,0.0
376,Wednesday,2,7,Morning Rush,1,1,1,1.0
376,Wednesday,2,8,Morning Rush,1,1,1,1.0
376,Wednesday,2,10,Midday,1,1,1,1.0
376,Wednesday,2,13,Midday,1,1,1,1.0
376,Wednesday,2,14,Midday,1,1,0,0.0
376,Wednesday,2,15,Evening Rush,4,4,3,0.75
376,Wednesday,2,16,Evening Rush,2,2,1,0.5
376,Wednesday,2,17,Evening Rush,2,2,1,0.5
377,Friday,4,9,Morning Rush,1,1,0,0.0
377,Friday,4,14,Midday,1,1,0,0.0
377,Monday,0,8,Morning Rush,1,1,0,0.0
377,Monday,0,10,Midday,1,1,0,0.0
377,Monday,0,12,Midday,1,1,1,1.0
377,Monday,0,16,Evening Rush,2,2,2,1.0
377,Monday,0,17,Evening Rush,2,2,0,0.0
377,Monday,0,18,Evening Rush,1,1,0,0.0
377,Monday,0,20,Evening,1,1,1,1.0
377,Saturday,5,11,Midday,1,1,0,0.0
377,Sunday,6,10,Midday,1,1,1,1.0
377,Sunday,6,12,Midday,1,1,0,0.0
377,Sunday,6,17,Evening Rush,1,1,0,0.0
377,Thursday,3,16,Evening Rush,1,1,0,0.0
377,Tuesday,1,15,Evening Rush,1,1,1,1.0
377,Tuesday,1,17,Evening Rush,1,1,0,0.0
377,Wednesday,2,14,Midday,1,1,0,0.0
377,Wednesday,2,17,Evening Rush,2,2,2,1.0
378,Friday,4,8,Morning Rush,2,2,0,0.0
378,Friday,4,11,Midday,1,1,0,0.0
378,Friday,4,17,Evening Rush,3,3,2,0.6666666666666666
378,Friday,4,20,Evening,1,1,1,1.0
378,Friday,4,21,Evening,1,1,0,0.0
378,Monday,0,8,Morning Rush,1,1,0,0.0
378,Monday,0,10,Midday,1,1,0,0.0
378,Monday,0,15,Evening Rush,1,1,0,0.0
378,Monday,0,21,Evening,1,1,1,1.0
378,Saturday,5,1,Night,1,1,0,0.0
378,Saturday,5,8,Morning Rush,1,1,0,0.0
378,Saturday,5,11,Midday,1,1,0,0.0
378,Saturday,5,12,Midday,1,1,1,1.0
378,Saturday,5,16,Evening Rush,1,1,0,0.0
378,Saturday,5,17,Evening Rush,1,1,1,1.0
378,Saturday,5,18,Evening Rush,1,1,0,0.0
378,Saturday,5,19,Evening,2,2,1,0.5
378,Sunday,6,3,Night,1,1,1,1.0
378,Sunday,6,9,Morning Rush,1,1,0,0.0
378,Sunday,6,15,Evening Rush,1,1,0,0.0
378,Sunday,6,16,Evening Rush,1,1,0,0.0
378,Sunday,6,17,Evening Rush,3,3,3,1.0
378,Sunday,6,18,Evening Rush,1,1,0,0.0
378,Sunday,6,22,Evening,1,1,1,1.0
378,Thursday,3,7,Morning Rush,1,1,0,0.0
378,Thursday,3,8,Morning Rush,1,1,1,1.0
378,Thursday,3,12,Midday,1,1,0,0.0
378,Thursday,3,13,Midday,1,1,0,0.0
378,Thursday,3,17,Evening Rush,1,1,0,0.0
378,Thursday,3,18,Evening Rush,1,1,1,1.0
378,Thursday,3,19,Evening,2,2,0,0.0
378,Tuesday,1,7,Morning Rush,1,1,0,0.0
378,Tuesday,1,9,Morning Rush,1,1,1,1.0
378,Tuesday,1,12,Midday,1,1,1,1.0
378,Tuesday,1,16,Evening Rush,2,2,1,0.5
378,Tuesday,1,17,Evening Rush,1,1,0,0.0
378,Tuesday,1,18,Evening Rush,2,2,1,0.5
378,Tuesday,1,19,Evening,1,1,0,0.0
378,Wednesday,2,1,Night,1,1,0,0.0
378,Wednesday,2,7,Morning Rush,2,2,1,0.5
378,Wednesday,2,8,Morning Rush,1,1,1,1.0
378,Wednesday,2,17,Evening Rush,5,5,1,0.2
378,Wednesday,2,20,Evening,3,3,2,0.6666666666666666
378,Wednesday,2,22,Evening,1,1,0,0.0
379,Friday,4,13,Midday,1,1,0,0.0
379,Friday,4,16,Evening Rush,3,3,1,0.3333333333333333
379,Friday,4,19,Evening,1,1,0,0.0
379,Monday,0,8,Morning Rush,2,2,1,0.5
379,Monday,0,10,Midday,2,2,0,0.0
379,Monday,0,13,Midday,2,2,1,0.5
379,Monday,0,23,Evening,2,2,1,0.5
379,Saturday,5,11,Midday,2,2,1,0.5
379,Saturday,5,15,Evening Rush,2,2,1,0.5
379,Saturday,5,21,Evening,1,1,0,0.0
379,Sunday,6,0,Night,1,1,0,0.0
379,Sunday,6,4,Night,1,1,1,1.0
379,Sunday,6,8,Morning Rush,1,1,1,1.0
379,Sunday,6,13,Midday,1,1,0,0.0
379,Thursday,3,8,Morning Rush,1,1,1,1.0
379,Thursday,3,9,Morning Rush,1,1,1,1.0
379,Thursday,3,14,Midday,1,1,1,1.0
379,Thursday,3,15,Evening Rush,1,1,1,1.0
379,Thursday,3,17,Evening Rush,2,2,0,0.0
379,Thursday,3,18,Evening Rush,1,1,1,1.0
379,Tuesday,1,5,Night,1,1,0,0.0
379,Tuesday,1,7,Morning Rush,1,1,0,0.0
379,Tuesday,1,12,Midday,1,1,1,1.0
379,Tuesday,1,15,Evening Rush,1,1,0,0.0
379,Tuesday,1,16,Evening Rush,1,1,1,1.0
379,Tuesday,1,17,Evening Rush,1,1,0,0.0
379,Tuesday,1,19,Evening,2,2,1,0.5
379,Tuesday,1,20,Evening,1,1,0,0.0
379,Tuesday,1,22,Evening,2,2,1,0.5
379,Wednesday,2,6,Morning Rush,1,1,1,1.0
379,Wednesday,2,8,Morning Rush,1,1,0,0.0
379,Wednesday,2,12,Midday,1,1,1,1.0
379,Wednesday,2,16,Evening Rush,1,1,0,0.0
379,Wednesday,2,17,Evening Rush,2,2,0,0.0
379,Wednesday,2,20,Evening,1,1,1,1.0
380,Friday,4,0,Night,1,1,0,0.0
380,Friday,4,7,Morning Rush,1,1,1,1.0
380,Friday,4,11,Midday,2,2,0,0.0
380,Friday,4,12,Midday,2,2,1,0.5
380,Friday,4,13,Midday,1,1,0,0.0
380,Friday,4,14,Midday,2,2,1,0.5
380,Friday,4,17,Evening Rush,1,1,0,0.0
380,Friday,4,19,Evening,1,1,1,1.0
380,Friday,4,20,Evening,1,1,1,1.0
380,Friday,4,22,Evening,1,1,0,0.0
380,Monday,0,1,Night,1,1,0,0.0
380,Monday,0,10,Midday,1,1,0,0.0
380,Monday,0,12,Midday,3,3,1,0.3333333333333333
380,Monday,0,15,Evening Rush,1,1,0,0.0
380,Monday,0,17,Evening Rush,1,1,0,0.0
380,Monday,0,18,Evening Rush,1,1,0,0.0
380,Monday,0,21,Evening,1,1,1,1.0
380,Monday,0,23,Evening,1,1,0,0.0
380,Saturday,5,2,Night,1,1,0,0.0
380,Saturday,5,3,Night,1,1,0,0.0
380,Saturday,5,5,Night,2,2,1,0.5
380,Saturday,5,6,Morning Rush,2,2,1,0.5
380,Saturday,5,8,Morning Rush,1,1,0,0.0
380,Saturday,5,12,Midday,1,1,0,0.0
380,Saturday,5,14,Midday,1,1,0,0.0
380,Saturday,5,17,Evening Rush,1,1,0,0.0
380,Saturday,5,21,Evening,2,2,0,0.0
380,Saturday,5,23,Evening,1,1,0,0.0
380,Sunday,6,0,Night,3,3,0,0.0
380,Sunday,6,3,Night,1,1,0,0.0
380,Sunday,6,4,Night,1,1,0,0.0
380,Sunday,6,6,Morning Rush,1,1,1,1.0
380,Sunday,6,11,Midday,1,1,0,0.0
380,Sunday,6,13,Midday,1,1,1,1.0
380,Sunday,6,19,Evening,1,1,0,0.0
380,Sunday,6,22,Evening,3,3,0,0.0
380,Thursday,3,0,Night,1,1,0,0.0
380,Thursday,3,1,Night,1,1,0,0.0
380,Thursday,3,3,Night,1,1,1,1.0
380,Thursday,3,5,Night,1,1,0,0.0
380,Thursday,3,13,Midday,1,1,1,1.0
380,Thursday,3,14,Midday,1,1,0,0.0
380,Thursday,3,17,Evening Rush,1,1,0,0.0
380,Thursday,3,18,Evening Rush,1,1,0,0.0
380,Thursday,3,23,Evening,1,1,0,0.0
380,Tuesday,1,1,Night,1,1,0,0.0
380,Tuesday,1,9,Morning Rush,1,1,0,0.0
380,Tuesday,1,10,Midday,1,1,0,0.0
380,Tuesday,1,17,Evening Rush,1,1,1,1.0
380,Tuesday,1,18,Evening Rush,1,1,1,1.0
380,Wednesday,2,7,Morning Rush,1,1,0,0.0
380,Wednesday,2,11,Midday,1,1,1,1.0
380,Wednesday,2,15,Evening Rush,1,1,0,0.0
380,Wednesday,2,16,Evening Rush,1,1,1,1.0
380,Wednesday,2,20,Evening,1,1,0,0.0
380,Wednesday,2,21,Evening,1,1,0,0.0
380,Wednesday,2,22,Evening,1,1,1,1.0
380,Wednesday,2,23,Evening,1,1,0,0.0
381,Friday,4,1,Night,1,1,1,1.0
381,Friday,4,8,Morning Rush,1,1,1,1.0
381,Friday,4,11,Midday,1,1,1,1.0
381,Friday,4,15,Evening Rush,1,1,0,0.0
381,Friday,4,16,Evening Rush,1,1,0,0.0
381,Friday,4,17,Evening Rush,1,1,0,0.0
381,Friday,4,20,Evening,1,1,0,0.0
381,Friday,4,22,Evening,1,1,0,0.0
381,Monday,0,7,Morning Rush,1,1,1,1.0
381,Monday,0,8,Morning Rush,1,1,0,0.0
381,Monday,0,11,Midday,1,1,0,0.0
381,Monday,0,13,Midday,1,1,0,0.0
381,Saturday,5,18,Evening Rush,1,1,1,1.0
381,Saturday,5,21,Evening,1,1,0,0.0
381,Sunday,6,3,Night,1,1,1,1.0
381,Sunday,6,7,Morning Rush,1,1,0,0.0
381,Sunday,6,14,Midday,1,1,0,0.0
381,Sunday,6,18,Evening Rush,1,1,0,0.0
381,Thursday,3,9,Morning Rush,1,1,1,1.0
381,Thursday,3,16,Evening Rush,1,1,0,0.0
381,Thursday,3,18,Evening Rush,1,1,0,0.0
381,Tuesday,1,4,Night,1,1,1,1.0
381,Tuesday,1,11,Midday,1,1,1,1.0
381,Tuesday,1,17,Evening Rush,1,1,0,0.0
381,Tuesday,1,23,Evening,1,1,0,0.0
381,Wednesday,2,8,Morning Rush,1,1,1,1.0
381,Wednesday,2,14,Midday,1,1,0,0.0
382,Friday,4,8,Morning Rush,2,2,1,0.5
382,Friday,4,10,Midday,2,2,1,0.5
382,Friday,4,12,Midday,1,1,0,0.0
382,Friday,4,14,Midday,1,1,0,0.0
382,Friday,4,19,Evening,1,1,0,0.0
382,Monday,0,14,Midday,1,1,0,0.0
382,Monday,0,15,Evening Rush,1,1,0,0.0
382,Monday,0,16,Evening Rush,1,1,0,0.0
382,Monday,0,17,Evening Rush,1,1,0,0.0
382,Monday,0,22,Evening,1,1,0,0.0
382,Saturday,5,8,Morning Rush,1,1,1,1.0
382,Saturday,5,14,Midday,2,2,2,1.0
382,Saturday,5,16,Evening Rush,1,1,1,1.0
382,Saturday,5,18,Evening Rush,1,1,1,1.0
382,Sunday,6,1,Night,1,1,0,0.0
382,Sunday,6,11,Midday,1,1,0,0.0
382,Sunday,6,13,Midday,2,2,0,0.0
382,Sunday,6,15,Evening Rush,1,1,0,0.0
382,Thursday,3,7,Morning Rush,2,2,2,1.0
382,Thursday,3,8,Morning Rush,1,1,0,0.0
382,Thursday,3,14,Midday,1,1,1,1.0
382,Thursday,3,18,Evening Rush,1,1,0,0.0
382,Tuesday,1,0,Night,1,1,1,1.0
382,Tuesday,1,2,Night,1,1,1,1.0
382,Tuesday,1,5,Night,1,1,0,0.0
382,Tuesday,1,7,Morning Rush,1,1,1,1.0
382,Tuesday,1,13,Midday,1,1,0,0.0
382,Tuesday,1,14,Midday,1,1,1,1.0
382,Tuesday,1,15,Evening Rush,1,1,0,0.0
382,Tuesday,1,22,Evening,1,1,0,0.0
382,Wednesday,2,10,Midday,1,1,0,0.0
382,Wednesday,2,11,Midday,1,1,0,0.0
382,Wednesday,2,18,Evening Rush,1,1,0,0.0
383,Friday,4,10,Midday,1,1,0,0.0
383,Friday,4,13,Midday,1,1,0,0.0
383,Friday,4,17,Evening Rush,2,2,2,1.0
383,Monday,0,0,Night,1,1,0,0.0
383,Saturday,5,5,Night,1,1,0,0.0
383,Sunday,6,7,Morning Rush,1,1,1,1.0
383,Sunday,6,12,Midday,1,1,1,1.0
383,Sunday,6,23,Evening,1,1,1,1.0
383,Thursday,3,7,Morning Rush,1,1,1,1.0
383,Thursday,3,8,Morning Rush,1,1,1,1.0
383,Thursday,3,14,Midday,1,1,1,1.0
383,Tuesday,1,8,Morning Rush,1,1,0,0.0
383,Tuesday,1,16,Evening Rush,1,1,0,0.0
383,Tuesday,1,18,Evening Rush,1,1,0,0.0
383,Wednesday,2,8,Morning Rush,1,1,0,0.0
383,Wednesday,2,10,Midday,1,1,0,0.0
383,Wednesday,2,11,Midday,1,1,0,0.0
383,Wednesday,2,12,Midday,1,1,0,0.0
383,Wednesday,2,17,Evening Rush,1,1,0,0.0
384,Friday,4,8,Morning Rush,1,1,0,0.0
384,Friday,4,9,Morning Rush,1,1,1,1.0
384,Friday,4,10,Midday,1,1,0,0.0
384,Friday,4,16,Evening Rush,1,1,0,0.0
384,Friday,4,20,Evening,2,2,0,0.0
384,Monday,0,9,Morning Rush,1,1,1,1.0
384,Monday,0,18,Evening Rush,1,1,0,0.0
384,Monday,0,22,Evening,1,1,1,1.0
384,Saturday,5,20,Evening,1,1,0,0.0
384,Saturday,5,21,Evening,1,1,0,0.0
384,Saturday,5,23,Evening,1,1,0,0.0
384,Sunday,6,11,Midday,1,1,1,1.0
384,Sunday,6,22,Evening,1,1,0,0.0
384,Thursday,3,2,Night,1,1,1,1.0
384,Thursday,3,7,Morning Rush,1,1,0,0.0
384,Thursday,3,16,Evening Rush,1,1,0,0.0
384,Tuesday,1,15,Evening Rush,1,1,0,0.0
384,Tuesday,1,18,Evening Rush,1,1,0,0.0
384,Wednesday,2,9,Morning Rush,1,1,0,0.0
384,Wednesday,2,13,Midday,1,1,0,0.0
384,Wednesday,2,18,Evening Rush,1,1,0,0.0
384,Wednesday,2,19,Evening,1,1,0,0.0
384,Wednesday,2,20,Evening,1,1,0,0.0
385,Friday,4,8,Morning Rush,1,1,1,1.0
385,Friday,4,9,Morning Rush,1,1,0,0.0
385,Friday,4,10,Midday,1,1,1,1.0
385,Friday,4,13,Midday,2,2,1,0.5
385,Friday,4,14,Midday,1,1,0,0.0
385,Friday,4,16,Evening Rush,1,1,0,0.0
385,Friday,4,18,Evening Rush,2,2,0,0.0
385,Friday,4,21,Evening,1,1,1,1.0
385,Friday,4,22,Evening,1,1,0,0.0
385,Friday,4,23,Evening,1,1,0,0.0
385,Monday,0,3,Night,1,1,1,1.0
385,Monday,0,7,Morning Rush,1,1,1,1.0
385,Monday,0,9,Morning Rush,1,1,0,0.0
385,Monday,0,14,Midday,1,1,1,1.0
385,Monday,0,16,Evening Rush,3,3,0,0.0
385,Monday,0,18,Evening Rush,1,1,0,0.0
385,Saturday,5,0,Night,2,2,0,0.0
385,Saturday,5,11,Midday,3,3,1,0.3333333333333333
385,Saturday,5,12,Midday,1,1,1,1.0
385,Saturday,5,13,Midday,1,1,1,1.0
385,Saturday,5,16,Evening Rush,1,1,1,1.0
385,Saturday,5,19,Evening,1,1,0,0.0
385,Sunday,6,1,Night,1,1,1,1.0
385,Sunday,6,15,Evening Rush,1,1,0,0.0
385,Sunday,6,16,Evening Rush,1,1,1,1.0
385,Sunday,6,17,Evening Rush,1,1,0,0.0
385,Sunday,6,19,Evening,1,1,0,0.0
385,Sunday,6,20,Evening,1,1,0,0.0
385,Thursday,3,12,Midday,1,1,0,0.0
385,Thursday,3,13,Midday,1,1,0,0.0
385,Thursday,3,14,Midday,1,1,0,0.0
385,Thursday,3,15,Evening Rush,1,1,1,1.0
385,Thursday,3,16,Evening Rush,1,1,0,0.0
385,Thursday,3,20,Evening,1,1,0,0.0
385,Tuesday,1,7,Morning Rush,1,1,1,1.0
385,Tuesday,1,8,Morning Rush,1,1,0,0.0
385,Tuesday,1,9,Morning Rush,1,1,0,0.0
385,Tuesday,1,12,Midday,1,1,1,1.0
385,Tuesday,1,19,Evening,1,1,0,0.0
385,Wednesday,2,10,Midday,1,1,1,1.0
385,Wednesday,2,13,Midday,1,1,1,1.0
385,Wednesday,2,14,Midday,2,2,0,0.0
385,Wednesday,2,18,Evening Rush,2,2,1,0.5
385,Wednesday,2,20,Evening,2,2,1,0.5
385,Wednesday,2,21,Evening,1,1,1,1.0
386,Friday,4,2,Night,1,1,0,0.0
386,Friday,4,8,Morning Rush,1,1,0,0.0
386,Friday,4,12,Midday,1,1,1,1.0
386,Friday,4,15,Evening Rush,1,1,0,0.0
386,Friday,4,16,Evening Rush,1,1,0,0.0
386,Friday,4,18,Evening Rush,2,2,0,0.0
386,Friday,4,22,Evening,1,1,0,0.0
386,Monday,0,11,Midday,1,1,0,0.0
386,Monday,0,17,Evening Rush,1,1,0,0.0
386,Monday,0,18,Evening Rush,1,1,0,0.0
386,Saturday,5,12,Midday,1,1,0,0.0
386,Saturday,5,18,Evening Rush,1,1,0,0.0
386,Sunday,6,5,Night,1,1,1,1.0
386,Sunday,6,14,Midday,1,1,0,0.0
386,Thursday,3,10,Midday,1,1,1,1.0
386,Thursday,3,12,Midday,1,1,1,1.0
386,Tuesday,1,9,Morning Rush,1,1,0,0.0
386,Tuesday,1,18,Evening Rush,1,1,0,0.0
386,Tuesday,1,19,Evening,1,1,1,1.0
386,Wednesday,2,5,Night,1,1,0,0.0
386,Wednesday,2,8,Morning Rush,1,1,0,0.0
386,Wednesday,2,12,Midday,1,1,0,0.0
386,Wednesday,2,15,Evening Rush,1,1,0,0.0
386,Wednesday,2,16,Evening Rush,2,2,0,0.0
386,Wednesday,2,17,Evening Rush,1,1,0,0.0
387,Friday,4,12,Midday,1,1,1,1.0
387,Friday,4,14,Midday,3,3,1,0.3333333333333333
387,Friday,4,17,Evening Rush,1,1,1,1.0
387,Friday,4,18,Evening Rush,1,1,0,0.0
387,Friday,4,20,Evening,1,1,0,0.0
387,Friday,4,23,Evening,1,1,0,0.0
387,Monday,0,9,Morning Rush,1,1,0,0.0
387,Monday,0,15,Evening Rush,1,1,0,0.0
387,Monday,0,17,Evening Rush,1,1,1,1.0
387,Monday,0,19,Evening,1,1,1,1.0
387,Saturday,5,12,Midday,1,1,0,0.0
387,Saturday,5,17,Evening Rush,1,1,1,1.0
387,Saturday,5,18,Evening Rush,1,1,1,1.0
387,Saturday,5,19,Evening,1,1,0,0.0
387,Saturday,5,20,Evening,1,1,1,1.0
387,Saturday,5,21,Evening,4,4,1,0.25
387,Sunday,6,12,Midday,2,2,0,0.0
387,Sunday,6,17,Evening Rush,1,1,1,1.0
387,Thursday,3,7,Morning Rush,1,1,1,1.0
387,Thursday,3,8,Morning Rush,1,1,1,1.0
387,Thursday,3,15,Evening Rush,1,1,0,0.0
387,Thursday,3,17,Evening Rush,1,1,0,0.0
387,Thursday,3,18,Evening Rush,1,1,1,1.0
387,Thursday,3,20,Evening,1,1,1,1.0
387,Tuesday,1,7,Morning Rush,2,2,2,1.0
387,Tuesday,1,10,Midday,1,1,0,0.0
387,Tuesday,1,18,Evening Rush,2,2,2,1.0
387,Wednesday,2,8,Morning Rush,1,1,1,1.0
387,Wednesday,2,9,Morning Rush,1,1,0,0.0
387,Wednesday,2,15,Evening Rush,1,1,0,0.0
387,Wednesday,2,16,Evening Rush,1,1,0,0.0
387,Wednesday,2,18,Evening Rush,1,1,0,0.0
387,Wednesday,2,20,Evening,1,1,0,0.0
388,Friday,4,1,Night,1,1,1,1.0
388,Friday,4,15,Evening Rush,1,1,1,1.0
388,Friday,4,18,Evening Rush,1,1,0,0.0
388,Monday,0,1,Night,1,1,0,0.0
388,Monday,0,8,Morning Rush,1,1,1,1.0
388,Monday,0,15,Evening Rush,1,1,0,0.0
388,Monday,0,17,Evening Rush,1,1,0,0.0
388,Monday,0,20,Evening,2,2,0,0.0
388,Saturday,5,6,Morning Rush,1,1,1,1.0
388,Saturday,5,16,Evening Rush,1,1,0,0.0
388,Saturday,5,18,Evening Rush,1,1,1,1.0
388,Sunday,6,0,Night,1,1,1,1.0
388,Sunday,6,1,Night,1,1,0,0.0
388,Sunday,6,10,Midday,1,1,1,1.0
388,Sunday,6,16,Evening Rush,1,1,1,1.0
388,Sunday,6,17,Evening Rush,1,1,1,1.0
388,Sunday,6,22,Evening,1,1,0,0.0
388,Thursday,3,14,Midday,1,1,1,1.0
388,Thursday,3,17,Evening Rush,1,1,0,0.0
388,Thursday,3,19,Evening,1,1,0,0.0
388,Thursday,3,22,Evening,1,1,0,0.0
388,Thursday,3,23,Evening,1,1,1,1.0
388,Tuesday,1,17,Evening Rush,1,1,0,0.0
388,Tuesday,1,18,Evening Rush,2,2,1,0.5
388,Tuesday,1,20,Evening,1,1,1,1.0
388,Wednesday,2,0,Night,1,1,1,1.0
388,Wednesday,2,9,Morning Rush,1,1,1,1.0
388,Wednesday,2,13,Midday,1,1,1,1.0
388,Wednesday,2,19,Evening,1,1,0,0.0
389,Friday,4,8,Morning Rush,1,1,1,1.0
389,Friday,4,14,Midday,1,1,0,0.0
389,Friday,4,18,Evening Rush,2,2,1,0.5
389,Friday,4,19,Evening,1,1,1,1.0
389,Monday,0,16,Evening Rush,1,1,0,0.0
389,Monday,0,18,Evening Rush,1,1,1,1.0
389,Saturday,5,13,Midday,1,1,1,1.0
389,Saturday,5,16,Evening Rush,1,1,0,0.0
389,Saturday,5,18,Evening Rush,1,1,0,0.0
389,Sunday,6,6,Morning Rush,1,1,1,1.0
389,Sunday,6,15,Evening Rush,2,2,1,0.5
389,Sunday,6,17,Evening Rush,1,1,1,1.0
389,Thursday,3,7,Morning Rush,1,1,0,0.0
389,Thursday,3,15,Evening Rush,1,1,0,0.0
389,Tuesday,1,13,Midday,2,2,0,0.0
389,Tuesday,1,15,Evening Rush,1,1,0,0.0
389,Tuesday,1,20,Evening,1,1,0,0.0
389,Wednesday,2,15,Evening Rush,2,2,0,0.0
389,Wednesday,2,17,Evening Rush,3,3,2,0.6666666666666666
389,Wednesday,2,19,Evening,1,1,0,0.0
389,Wednesday,2,21,Evening,1,1,0,0.0
390,Friday,4,7,Morning Rush,1,1,1,1.0
390,Friday,4,13,Midday,1,1,0,0.0
390,Friday,4,17,Evening Rush,1,1,1,1.0
390,Friday,4,20,Evening,1,1,0,0.0
390,Monday,0,6,Morning Rush,1,1,1,1.0
390,Monday,0,8,Morning Rush,1,1,0,0.0
390,Monday,0,10,Midday,1,1,0,0.0
390,Monday,0,14,Midday,1,1,1,1.0
390,Monday,0,18,Evening Rush,1,1,1,1.0
390,Saturday,5,7,Morning Rush,1,1,0,0.0
390,Saturday,5,9,Morning Rush,1,1,0,0.0
390,Saturday,5,18,Evening Rush,1,1,1,1.0
390,Saturday,5,19,Evening,2,2,1,0.5
390,Sunday,6,13,Midday,1,1,1,1.0
390,Sunday,6,14,Midday,1,1,0,0.0
390,Sunday,6,19,Evening,1,1,0,0.0
390,Thursday,3,2,Night,1,1,0,0.0
390,Thursday,3,11,Midday,1,1,1,1.0
390,Thursday,3,16,Evening Rush,1,1,0,0.0
390,Thursday,3,20,Evening,1,1,1,1.0
390,Tuesday,1,5,Night,1,1,0,0.0
390,Tuesday,1,6,Morning Rush,2,2,0,0.0
390,Tuesday,1,7,Morning Rush,1,1,1,1.0
390,Tuesday,1,9,Morning Rush,1,1,0,0.0
390,Tuesday,1,10,Midday,1,1,0,0.0
390,Tuesday,1,14,Midday,1,1,0,0.0
390,Tuesday,1,15,Evening Rush,1,1,0,0.0
390,Tuesday,1,16,Evening Rush,1,1,1,1.0
390,Tuesday,1,22,Evening,1,1,1,1.0
390,Wednesday,2,7,Morning Rush,1,1,1,1.0
390,Wednesday,2,16,Evening Rush,1,1,0,0.0
390,Wednesday,2,18,Evening Rush,1,1,1,1.0
391,Friday,4,11,Midday,1,1,1,1.0
391,Friday,4,16,Evening Rush,2,2,0,0.0
391,Friday,4,18,Evening Rush,1,1,0,0.0
391,Friday,4,21,Evening,1,1,0,0.0
391,Monday,0,8,Morning Rush,1,1,0,0.0
391,Monday,0,12,Midday,2,2,1,0.5
391,Monday,0,14,Midday,1,1,0,0.0
391,Monday,0,16,Evening Rush,1,1,0,0.0
391,Saturday,5,1,Night,1,1,0,0.0
391,Saturday,5,13,Midday,1,1,0,0.0
391,Saturday,5,15,Evening Rush,1,1,1,1.0
391,Saturday,5,17,Evening Rush,2,2,0,0.0
391,Saturday,5,18,Evening Rush,1,1,1,1.0
391,Sunday,6,1,Night,1,1,0,0.0
391,Sunday,6,10,Midday,1,1,1,1.0
391,Sunday,6,22,Evening,1,1,0,0.0
391,Thursday,3,0,Night,1,1,0,0.0
391,Thursday,3,9,Morning Rush,1,1,1,1.0
391,Thursday,3,10,Midday,1,1,1,1.0
391,Thursday,3,17,Evening Rush,1,1,0,0.0
391,Thursday,3,23,Evening,1,1,1,1.0
391,Tuesday,1,0,Night,1,1,0,0.0
391,Tuesday,1,5,Night,1,1,1,1.0
391,Tuesday,1,6,Morning Rush,1,1,1,1.0
391,Tuesday,1,7,Morning Rush,1,1,0,0.0
391,Tuesday,1,15,Evening Rush,2,2,1,0.5
391,Tuesday,1,16,Evening Rush,1,1,1,1.0
391,Tuesday,1,18,Evening Rush,1,1,0,0.0
391,Tuesday,1,22,Evening,1,1,0,0.0
391,Wednesday,2,0,Night,1,1,0,0.0
391,Wednesday,2,1,Night,1,1,0,0.0
391,Wednesday,2,8,Morning Rush,1,1,0,0.0
391,Wednesday,2,9,Morning Rush,1,1,1,1.0
391,Wednesday,2,12,Midday,1,1,1,1.0
391,Wednesday,2,15,Evening Rush,1,1,0,0.0
391,Wednesday,2,16,Evening Rush,1,1,0,0.0
391,Wednesday,2,19,Evening,1,1,0,0.0
392,Friday,4,2,Night,1,1,0,0.0
392,Friday,4,16,Evening Rush,1,1,0,0.0
392,Monday,0,2,Night,1,1,1,1.0
392,Monday,0,8,Morning Rush,1,1,0,0.0
392,Monday,0,14,Midday,1,1,0,0.0
392,Saturday,5,4,Night,1,1,1,1.0
392,Saturday,5,22,Evening,1,1,1,1.0
392,Saturday,5,23,Evening,1,1,0,0.0
392,Sunday,6,3,Night,1,1,0,0.0
392,Sunday,6,5,Night,2,2,1,0.5
392,Thursday,3,14,Midday,3,3,0,0.0
392,Tuesday,1,8,Morning Rush,2,2,1,0.5
392,Tuesday,1,10,Midday,1,1,0,0.0
392,Tuesday,1,13,Midday,1,1,1,1.0
392,Tuesday,1,15,Evening Rush,1,1,0,0.0
392,Tuesday,1,21,Evening,1,1,1,1.0
392,Wednesday,2,5,Night,1,1,1,1.0
392,Wednesday,2,11,Midday,1,1,0,0.0
392,Wednesday,2,14,Midday,1,1,0,0.0
392,Wednesday,2,19,Evening,1,1,0,0.0
392,Wednesday,2,20,Evening,1,1,0,0.0
393,Friday,4,9,Morning Rush,1,1,0,0.0
393,Friday,4,12,Midday,1,1,0,0.0
393,Friday,4,15,Evening Rush,2,2,1,0.5
393,Friday,4,17,Evening Rush,2,2,0,0.0
393,Friday,4,18,Evening Rush,1,1,0,0.0
393,Friday,4,19,Evening,2,2,1,0.5
393,Monday,0,1,Night,1,1,1,1.0
393,Monday,0,9,Morning Rush,1,1,0,0.0
393,Monday,0,10,Midday,1,1,1,1.0
393,Monday,0,11,Midday,1,1,0,0.0
393,Monday,0,13,Midday,1,1,0,0.0
393,Monday,0,15,Evening Rush,1,1,0,0.0
393,Monday,0,16,Evening Rush,2,2,1,0.5
393,Monday,0,18,Evening Rush,1,1,1,1.0
393,Monday,0,19,Evening,2,2,2,1.0
393,Saturday,5,0,Night,1,1,0,0.0
393,Saturday,5,15,Evening Rush,1,1,0,0.0
393,Saturday,5,21,Evening,1,1,0,0.0
393,Sunday,6,12,Midday,1,1,1,1.0
393,Sunday,6,16,Evening Rush,1,1,1,1.0
393,Sunday,6,20,Evening,1,1,0,0.0
393,Thursday,3,8,Morning Rush,1,1,1,1.0
393,Thursday,3,9,Morning Rush,1,1,1,1.0
393,Thursday,3,10,Midday,1,1,0,0.0
393,Thursday,3,13,Midday,2,2,0,0.0
393,Thursday,3,15,Evening Rush,1,1,1,1.0
393,Thursday,3,16,Evening Rush,2,2,1,0.5
393,Thursday,3,17,Evening Rush,2,2,0,0.0
393,Thursday,3,18,Evening Rush,1,1,0,0.0
393,Thursday,3,19,Evening,1,1,1,1.0
393,Thursday,3,22,Evening,1,1,1,1.0
393,Tuesday,1,6,Morning Rush,1,1,1,1.0
393,Tuesday,1,8,Morning Rush,1,1,1,1.0
393,Tuesday,1,15,Evening Rush,1,1,1,1.0
393,Tuesday,1,18,Evening Rush,1,1,0,0.0
393,Tuesday,1,22,Evening,1,1,1,1.0
393,Wednesday,2,11,Midday,1,1,1,1.0
393,Wednesday,2,17,Evening Rush,2,2,1,0.5
393,Wednesday,2,22,Evening,1,1,0,0.0
394,Friday,4,1,Night,1,1,0,0.0
394,Friday,4,12,Midday,1,1,0,0.0
394,Friday,4,16,Evening Rush,1,1,0,0.0
394,Monday,0,18,Evening Rush,1,1,0,0.0
394,Monday,0,20,Evening,1,1,1,1.0
394,Monday,0,21,Evening,1,1,0,0.0
394,Saturday,5,16,Evening Rush,1,1,1,1.0
394,Sunday,6,4,Night,1,1,0,0.0
394,Sunday,6,12,Midday,1,1,0,0.0
394,Sunday,6,23,Evening,1,1,1,1.0
394,Thursday,3,7,Morning Rush,1,1,0,0.0
394,Thursday,3,22,Evening,1,1,1,1.0
394,Thursday,3,23,Evening,1,1,0,0.0
394,Tuesday,1,4,Night,1,1,0,0.0
394,Tuesday,1,8,Morning Rush,1,1,0,0.0
394,Tuesday,1,9,Morning Rush,1,1,0,0.0
394,Tuesday,1,11,Midday,1,1,0,0.0
394,Tuesday,1,22,Evening,1,1,0,0.0
394,Wednesday,2,5,Night,1,1,1,1.0
394,Wednesday,2,22,Evening,1,1,1,1.0
395,Friday,4,11,Midday,1,1,1,1.0
395,Friday,4,14,Midday,1,1,1,1.0
395,Friday,4,17,Evening Rush,2,2,2,1.0
395,Friday,4,21,Evening,1,1,0,0.0
395,Monday,0,12,Midday,1,1,1,1.0
395,Monday,0,13,Midday,1,1,1,1.0
395,Saturday,5,6,Morning Rush,3,3,1,0.3333333333333333
395,Saturday,5,8,Morning Rush,1,1,1,1.0
395,Saturday,5,16,Evening Rush,1,1,1,1.0
395,Saturday,5,19,Evening,1,1,1,1.0
395,Sunday,6,8,Morning Rush,1,1,0,0.0
395,Sunday,6,10,Midday,1,1,1,1.0
395,Sunday,6,14,Midday,1,1,1,1.0
395,Sunday,6,15,Evening Rush,2,2,0,0.0
395,Sunday,6,16,Evening Rush,1,1,0,0.0
395,Sunday,6,19,Evening,1,1,1,1.0
395,Sunday,6,20,Evening,1,1,0,0.0
395,Thursday,3,5,Night,1,1,0,0.0
395,Thursday,3,7,Morning Rush,1,1,0,0.0
395,Thursday,3,9,Morning Rush,1,1,1,1.0
395,Thursday,3,10,Midday,1,1,0,0.0
395,Thursday,3,11,Midday,1,1,1,1.0
395,Thursday,3,13,Midday,1,1,0,0.0
395,Thursday,3,14,Midday,1,1,0,0.0
395,Thursday,3,16,Evening Rush,1,1,0,0.0
395,Tuesday,1,8,Morning Rush,2,2,2,1.0
395,Tuesday,1,9,Morning Rush,1,1,0,0.0
395,Tuesday,1,14,Midday,1,1,1,1.0
395,Tuesday,1,18,Evening Rush,2,2,2,1.0
395,Tuesday,1,19,Evening,1,1,0,0.0
395,Wednesday,2,5,Night,1,1,1,1.0
395,Wednesday,2,8,Morning Rush,1,1,0,0.0
395,Wednesday,2,10,Midday,1,1,0,0.0
395,Wednesday,2,16,Evening Rush,1,1,1,1.0
395,Wednesday,2,18,Evening Rush,1,1,0,0.0
396,Friday,4,12,Midday,1,1,1,1.0
396,Friday,4,13,Midday,1,1,0,0.0
396,Friday,4,15,Evening Rush,1,1,0,0.0
396,Friday,4,20,Evening,1,1,0,0.0
396,Friday,4,22,Evening,1,1,1,1.0
396,Monday,0,17,Evening Rush,1,1,0,0.0
396,Saturday,5,13,Midday,1,1,0,0.0
396,Saturday,5,19,Evening,1,1,0,0.0
396,Saturday,5,22,Evening,1,1,0,0.0
396,Sunday,6,3,Night,2,2,2,1.0
396,Sunday,6,13,Midday,1,1,1,1.0
396,Thursday,3,16,Evening Rush,1,1,1,1.0
396,Thursday,3,17,Evening Rush,1,1,0,0.0
396,Tuesday,1,11,Midday,1,1,1,1.0
396,Tuesday,1,16,Evening Rush,1,1,0,0.0
396,Tuesday,1,21,Evening,1,1,0,0.0
396,Wednesday,2,9,Morning Rush,1,1,1,1.0
396,Wednesday,2,18,Evening Rush,1,1,1,1.0
396,Wednesday,2,20,Evening,1,1,0,0.0
397,Friday,4,7,Morning Rush,1,1,0,0.0
397,Friday,4,8,Morning Rush,1,1,0,0.0
397,Friday,4,10,Midday,1,1,0,0.0
397,Friday,4,11,Midday,1,1,1,1.0
397,Friday,4,12,Midday,1,1,0,0.0
397,Friday,4,14,Midday,2,2,0,0.0
397,Friday,4,17,Evening Rush,1,1,1,1.0
397,Friday,4,23,Evening,1,1,0,0.0
397,Monday,0,0,Night,1,1,0,0.0
397,Saturday,5,17,Evening Rush,2,2,1,0.5
397,Sunday,6,22,Evening,1,1,1,1.0
397,Thursday,3,7,Morning Rush,1,1,0,0.0
397,Thursday,3,8,Morning Rush,2,2,1,0.5
397,Thursday,3,10,Midday,3,3,1,0.3333333333333333
397,Thursday,3,15,Evening Rush,1,1,0,0.0
397,Tuesday,1,1,Night,1,1,0,0.0
397,Tuesday,1,10,Midday,1,1,0,0.0
397,Tuesday,1,11,Midday,1,1,1,1.0
397,Tuesday,1,18,Evening Rush,1,1,1,1.0
397,Tuesday,1,20,Evening,1,1,0,0.0
397,Tuesday,1,21,Evening,1,1,1,1.0
397,Wednesday,2,8,Morning Rush,2,2,1,0.5
397,Wednesday,2,10,Midday,1,1,1,1.0
397,Wednesday,2,16,Evening Rush,1,1,0,0.0
397,Wednesday,2,23,Evening,1,1,1,1.0
398,Friday,4,0,Night,1,1,0,0.0
398,Friday,4,8,Morning Rush,1,1,0,0.0
398,Friday,4,9,Morning Rush,1,1,0,0.0
398,Friday,4,15,Evening Rush,1,1,0,0.0
398,Friday,4,18,Evening Rush,1,1,0,0.0
398,Monday,0,3,Night,1,1,0,0.0
398,Monday,0,7,Morning Rush,1,1,0,0.0
398,Monday,0,12,Midday,1,1,0,0.0
398,Monday,0,13,Midday,1,1,0,0.0
398,Monday,0,14,Midday,1,1,0,0.0
398,Monday,0,18,Evening Rush,1,1,1,1.0
398,Saturday,5,0,Night,1,1,0,0.0
398,Saturday,5,12,Midday,1,1,0,0.0
398,Saturday,5,13,Midday,1,1,1,1.0
398,Saturday,5,14,Midday,3,3,1,0.3333333333333333
398,Saturday,5,17,Evening Rush,1,1,1,1.0
398,Saturday,5,21,Evening,1,1,0,0.0
398,Saturday,5,22,Evening,1,1,1,1.0
398,Sunday,6,16,Evening Rush,1,1,0,0.0
398,Thursday,3,9,Morning Rush,3,3,1,0.3333333333333333
398,Thursday,3,15,Evening Rush,1,1,0,0.0
398,Thursday,3,16,Evening Rush,1,1,0,0.0
398,Tuesday,1,7,Morning Rush,1,1,1,1.0
398,Tuesday,1,10,Midday,1,1,0,0.0
398,Tuesday,1,14,Midday,1,1,1,1.0
398,Tuesday,1,15,Evening Rush,1,1,0,0.0
398,Tuesday,1,22,Evening,1,1,0,0.0
398,Wednesday,2,13,Midday,1,1,1,1.0
398,Wednesday,2,16,Evening Rush,1,1,0,0.0
398,Wednesday,2,17,Evening Rush,1,1,0,0.0
399,Friday,4,0,Night,1,1,0,0.0
399,Friday,4,13,Midday,1,1,0,0.0
399,Friday,4,17,Evening Rush,1,1,0,0.0
399,Friday,4,19,Evening,1,1,1,1.0
399,Friday,4,20,Evening,1,1,0,0.0
399,Monday,0,15,Evening Rush,1,1,1,1.0
399,Monday,0,19,Evening,1,1,0,0.0
399,Monday,0,23,Evening,2,2,2,1.0
399,Saturday,5,2,Night,1,1,0,0.0
399,Saturday,5,12,Midday,1,1,0,0.0
399,Saturday,5,15,Evening Rush,1,1,0,0.0
399,Saturday,5,16,Evening Rush,1,1,1,1.0
399,Saturday,5,18,Evening Rush,1,1,1,1.0
399,Sunday,6,8,Morning Rush,2,2,1,0.5
399,Sunday,6,11,Midday,1,1,0,0.0
399,Sunday,6,14,Midday,1,1,0,0.0
399,Sunday,6,15,Evening Rush,1,1,0,0.0
399,Sunday,6,16,Evening Rush,1,1,0,0.0
399,Thursday,3,6,Morning Rush,1,1,1,1.0
399,Thursday,3,12,Midday,1,1,0,0.0
399,Thursday,3,18,Evening Rush,1,1,0,0.0
399,Thursday,3,21,Evening,2,2,2,1.0
399,Tuesday,1,6,Morning Rush,1,1,0,0.0
399,Tuesday,1,7,Morning Rush,1,1,0,0.0
399,Tuesday,1,10,Midday,1,1,0,0.0
399,Tuesday,1,13,Midday,1,1,0,0.0
399,Tuesday,1,15,Evening Rush,1,1,0,0.0
399,Tuesday,1,16,Evening Rush,1,1,0,0.0
399,Tuesday,1,17,Evening Rush,1,1,1,1.0
399,Wednesday,2,0,Night,1,1,0,0.0
399,Wednesday,2,9,Morning Rush,1,1,0,0.0
399,Wednesday,2,13,Midday,1,1,0,0.0
399,Wednesday,2,18,Evening Rush,1,1,0,0.0
400,Friday,4,7,Morning Rush,1,1,1,1.0
400,Friday,4,10,Midday,1,1,0,0.0
400,Friday,4,14,Midday,1,1,1,1.0
400,Friday,4,22,Evening,1,1,0,0.0
400,Saturday,5,10,Midday,1,1,0,0.0
400,Saturday,5,13,Midday,1,1,1,1.0
400,Saturday,5,21,Evening,1,1,1,1.0
400,Saturday,5,22,Evening,1,1,1,1.0
400,Saturday,5,23,Evening,1,1,1,1.0
400,Sunday,6,13,Midday,1,1,0,0.0
400,Sunday,6,16,Evening Rush,1,1,0,0.0
400,Sunday,6,20,Evening,1,1,0,0.0
400,Sunday,6,21,Evening,1,1,1,1.0
400,Thursday,3,5,Night,1,1,1,1.0
400,Thursday,3,8,Morning Rush,1,1,1,1.0
400,Thursday,3,17,Evening Rush,1,1,0,0.0
400,Thursday,3,22,Evening,1,1,0,0.0
400,Tuesday,1,11,Midday,1,1,0,0.0
400,Tuesday,1,15,Evening Rush,2,2,0,0.0
400,Tuesday,1,19,Evening,1,1,0,0.0
400,Tuesday,1,20,Evening,1,1,0,0.0
400,Wednesday,2,8,Morning Rush,1,1,0,0.0
401,Friday,4,1,Night,1,1,1,1.0
401,Friday,4,10,Midday,1,1,1,1.0
401,Friday,4,15,Evening Rush,2,2,0,0.0
401,Friday,4,16,Evening Rush,1,1,1,1.0
401,Friday,4,18,Evening Rush,1,1,0,0.0
401,Monday,0,8,Morning Rush,1,1,0,0.0
401,Monday,0,9,Morning Rush,1,1,0,0.0
401,Monday,0,10,Midday,1,1,0,0.0
401,Monday,0,11,Midday,1,1,0,0.0
401,Monday,0,14,Midday,2,2,2,1.0
401,Monday,0,17,Evening Rush,1,1,1,1.0
401,Monday,0,20,Evening,1,1,0,0.0
401,Saturday,5,8,Morning Rush,1,1,0,0.0
401,Saturday,5,11,Midday,1,1,1,1.0
401,Saturday,5,15,Evening Rush,1,1,0,0.0
401,Saturday,5,21,Evening,1,1,1,1.0
401,Sunday,6,7,Morning Rush,1,1,0,0.0
401,Sunday,6,9,Morning Rush,2,2,0,0.0
401,Sunday,6,10,Midday,1,1,0,0.0
401,Sunday,6,11,Midday,1,1,0,0.0
401,Sunday,6,13,Midday,1,1,0,0.0
401,Sunday,6,20,Evening,1,1,0,0.0
401,Thursday,3,3,Night,1,1,0,0.0
401,Thursday,3,9,Morning Rush,1,1,0,0.0
401,Thursday,3,12,Midday,2,2,2,1.0
401,Thursday,3,14,Midday,1,1,0,0.0
401,Thursday,3,16,Evening Rush,1,1,1,1.0
401,Thursday,3,19,Evening,1,1,0,0.0
401,Tuesday,1,6,Morning Rush,1,1,1,1.0
401,Tuesday,1,9,Morning Rush,2,2,1,0.5
401,Tuesday,1,13,Midday,2,2,2,1.0
401,Tuesday,1,17,Evening Rush,1,1,0,0.0
401,Tuesday,1,18,Evening Rush,3,3,1,0.3333333333333333
401,Tuesday,1,21,Evening,1,1,0,0.0
401,Tuesday,1,22,Evening,1,1,1,1.0
401,Wednesday,2,7,Morning Rush,2,2,2,1.0
401,Wednesday,2,8,Morning Rush,1,1,0,0.0
401,Wednesday,2,13,Midday,1,1,1,1.0
401,Wednesday,2,15,Evening Rush,2,2,0,0.0
401,Wednesday,2,17,Evening Rush,1,1,0,0.0
401,Wednesday,2,18,Evening Rush,1,1,0,0.0
401,Wednesday,2,22,Evening,1,1,1,1.0
402,Friday,4,8,Morning Rush,1,1,0,0.0
402,Friday,4,9,Morning Rush,1,1,1,1.0
402,Friday,4,18,Evening Rush,1,1,0,0.0
402,Monday,0,8,Morning Rush,1,1,0,0.0
402,Monday,0,15,Evening Rush,1,1,0,0.0
402,Monday,0,17,Evening Rush,1,1,0,0.0
402,Monday,0,19,Evening,1,1,1,1.0
402,Saturday,5,10,Midday,1,1,1,1.0
402,Saturday,5,15,Evening Rush,1,1,0,0.0
402,Saturday,5,17,Evening Rush,1,1,1,1.0
402,Saturday,5,20,Evening,1,1,1,1.0
402,Sunday,6,9,Morning Rush,1,1,0,0.0
402,Sunday,6,14,Midday,1,1,0,0.0
402,Thursday,3,7,Morning Rush,1,1,1,1.0
402,Thursday,3,18,Evening Rush,1,1,0,0.0
402,Thursday,3,22,Evening,1,1,0,0.0
402,Tuesday,1,16,Evening Rush,1,1,0,0.0
402,Tuesday,1,18,Evening Rush,1,1,0,0.0
402,Wednesday,2,8,Morning Rush,1,1,1,1.0
402,Wednesday,2,13,Midday,1,1,0,0.0
402,Wednesday,2,18,Evening Rush,1,1,0,0.0
403,Friday,4,8,Morning Rush,3,3,2,0.6666666666666666
403,Friday,4,9,Morning Rush,1,1,0,0.0
403,Friday,4,10,Midday,1,1,1,1.0
403,Friday,4,11,Midday,2,2,1,0.5
403,Friday,4,12,Midday,1,1,0,0.0
403,Friday,4,16,Evening Rush,1,1,0,0.0
403,Friday,4,18,Evening Rush,1,1,0,0.0
403,Friday,4,21,Evening,2,2,2,1.0
403,Monday,0,6,Morning Rush,2,2,1,0.5
403,Monday,0,11,Midday,1,1,1,1.0
403,Monday,0,13,Midday,1,1,0,0.0
403,Monday,0,14,Midday,1,1,0,0.0
403,Monday,0,15,Evening Rush,3,3,0,0.0
403,Monday,0,16,Evening Rush,1,1,1,1.0
403,Monday,0,17,Evening Rush,1,1,0,0.0
403,Monday,0,18,Evening Rush,1,1,0,0.0
403,Monday,0,22,Evening,1,1,0,0.0
403,Saturday,5,8,Morning Rush,1,1,0,0.0
403,Saturday,5,9,Morning Rush,2,2,0,0.0
403,Saturday,5,14,Midday,1,1,0,0.0
403,Saturday,5,15,Evening Rush,2,2,1,0.5
403,Saturday,5,16,Evening Rush,1,1,0,0.0
403,Saturday,5,20,Evening,1,1,1,1.0
403,Sunday,6,12,Midday,1,1,1,1.0
403,Sunday,6,15,Evening Rush,2,2,1,0.5
403,Sunday,6,16,Evening Rush,1,1,0,0.0
403,Sunday,6,18,Evening Rush,1,1,0,0.0
403,Thursday,3,8,Morning Rush,1,1,0,0.0
403,Thursday,3,10,Midday,1,1,0,0.0
403,Thursday,3,13,Midday,1,1,0,0.0
403,Thursday,3,14,Midday,1,1,0,0.0
403,Tuesday,1,4,Night,1,1,1,1.0
403,Tuesday,1,7,Morning Rush,1,1,1,1.0
403,Tuesday,1,9,Morning Rush,1,1,0,0.0
403,Tuesday,1,11,Midday,2,2,1,0.5
403,Tuesday,1,13,Midday,1,1,1,1.0
403,Wednesday,2,7,Morning Rush,1,1,1,1.0
403,Wednesday,2,9,Morning Rush,2,2,1,0.5
403,Wednesday,2,11,Midday,1,1,0,0.0
403,Wednesday,2,14,Midday,2,2,1,0.5
403,Wednesday,2,15,Evening Rush,1,1,1,1.0
403,Wednesday,2,16,Evening Rush,2,2,1,0.5
403,Wednesday,2,18,Evening Rush,2,2,0,0.0
403,Wednesday,2,19,Evening,1,1,0,0.0
404,Friday,4,10,Midday,3,3,3,1.0
404,Friday,4,11,Midday,2,2,0,0.0
404,Friday,4,12,Midday,1,1,1,1.0
404,Friday,4,14,Midday,1,1,0,0.0
404,Friday,4,15,Evening Rush,4,4,1,0.25
404,Friday,4,16,Evening Rush,2,2,0,0.0
404,Friday,4,18,Evening Rush,1,1,0,0.0
404,Friday,4,23,Evening,1,1,0,0.0
404,Monday,0,7,Morning Rush,1,1,1,1.0
404,Monday,0,11,Midday,1,1,0,0.0
404,Monday,0,12,Midday,2,2,0,0.0
404,Monday,0,14,Midday,1,1,1,1.0
404,Monday,0,16,Evening Rush,3,3,1,0.3333333333333333
404,Monday,0,17,Evening Rush,1,1,0,0.0
404,Saturday,5,12,Midday,1,1,0,0.0
404,Saturday,5,13,Midday,1,1,0,0.0
404,Saturday,5,15,Evening Rush,1,1,1,1.0
404,Saturday,5,16,Evening Rush,2,2,0,0.0
404,Sunday,6,4,Night,1,1,0,0.0
404,Sunday,6,7,Morning Rush,1,1,0,0.0
404,Sunday,6,10,Midday,1,1,1,1.0
404,Sunday,6,11,Midday,1,1,0,0.0
404,Sunday,6,12,Midday,1,1,1,1.0
404,Sunday,6,16,Evening Rush,1,1,0,0.0
404,Sunday,6,19,Evening,1,1,0,0.0
404,Thursday,3,9,Morning Rush,1,1,1,1.0
404,Thursday,3,10,Midday,1,1,0,0.0
404,Thursday,3,11,Midday,2,2,0,0.0
404,Thursday,3,13,Midday,1,1,0,0.0
404,Thursday,3,14,Midday,2,2,0,0.0
404,Thursday,3,16,Evening Rush,2,2,0,0.0
404,Thursday,3,17,Evening Rush,3,3,0,0.0
404,Thursday,3,22,Evening,2,2,0,0.0
404,Tuesday,1,6,Morning Rush,2,2,0,0.0
404,Tuesday,1,8,Morning Rush,1,1,0,0.0
404,Tuesday,1,9,Morning Rush,2,2,2,1.0
404,Tuesday,1,11,Midday,1,1,1,1.0
404,Tuesday,1,12,Midday,1,1,1,1.0
404,Tuesday,1,13,Midday,1,1,0,0.0
404,Tuesday,1,17,Evening Rush,2,2,0,0.0
404,Tuesday,1,18,Evening Rush,1,1,0,0.0
404,Wednesday,2,4,Night,1,1,1,1.0
404,Wednesday,2,9,Morning Rush,1,1,1,1.0
404,Wednesday,2,11,Midday,1,1,0,0.0
404,Wednesday,2,12,Midday,3,3,1,0.3333333333333333
404,Wednesday,2,13,Midday,4,4,2,0.5
404,Wednesday,2,14,Midday,2,2,1,0.5
404,Wednesday,2,17,Evening Rush,1,1,1,1.0
404,Wednesday,2,18,Evening Rush,1,1,0,0.0
404,Wednesday,2,19,Evening,1,1,0,0.0
405,Friday,4,5,Night,1,1,0,0.0
405,Friday,4,6,Morning Rush,1,1,0,0.0
405,Friday,4,9,Morning Rush,1,1,0,0.0
405,Friday,4,12,Midday,1,1,0,0.0
405,Friday,4,18,Evening Rush,1,1,0,0.0
405,Monday,0,10,Midday,3,3,0,0.0
405,Monday,0,13,Midday,1,1,0,0.0
405,Monday,0,17,Evening Rush,1,1,1,1.0
405,Monday,0,18,Evening Rush,1,1,0,0.0
405,Saturday,5,1,Night,1,1,0,0.0
405,Saturday,5,8,Morning Rush,1,1,0,0.0
405,Saturday,5,15,Evening Rush,1,1,0,0.0
405,Saturday,5,21,Evening,1,1,0,0.0
405,Sunday,6,13,Midday,1,1,0,0.0
405,Sunday,6,19,Evening,1,1,0,0.0
405,Sunday,6,20,Evening,1,1,0,0.0
405,Sunday,6,22,Evening,1,1,1,1.0
405,Thursday,3,9,Morning Rush,1,1,1,1.0
405,Thursday,3,13,Midday,1,1,0,0.0
405,Thursday,3,18,Evening Rush,1,1,0,0.0
405,Tuesday,1,16,Evening Rush,1,1,1,1.0
405,Tuesday,1,17,Evening Rush,1,1,1,1.0
405,Wednesday,2,11,Midday,1,1,0,0.0
405,Wednesday,2,14,Midday,1,1,0,0.0
405,Wednesday,2,17,Evening Rush,2,2,1,0.5
405,Wednesday,2,22,Evening,1,1,0,0.0
406,Friday,4,10,Midday,1,1,1,1.0
406,Friday,4,12,Midday,1,1,0,0.0
406,Friday,4,13,Midday,1,1,0,0.0
406,Friday,4,15,Evening Rush,1,1,0,0.0
406,Friday,4,17,Evening Rush,1,1,1,1.0
406,Monday,0,3,Night,1,1,0,0.0
406,Monday,0,8,Morning Rush,1,1,0,0.0
406,Monday,0,9,Morning Rush,1,1,0,0.0
406,Monday,0,17,Evening Rush,2,2,0,0.0
406,Saturday,5,0,Night,1,1,0,0.0
406,Saturday,5,8,Morning Rush,1,1,1,1.0
406,Saturday,5,12,Midday,1,1,0,0.0
406,Saturday,5,15,Evening Rush,1,1,0,0.0
406,Sunday,6,0,Night,2,2,1,0.5
406,Sunday,6,12,Midday,1,1,0,0.0
406,Thursday,3,18,Evening Rush,1,1,0,0.0
406,Thursday,3,20,Evening,1,1,0,0.0
406,Tuesday,1,16,Evening Rush,1,1,0,0.0
406,Tuesday,1,19,Evening,1,1,0,0.0
406,Tuesday,1,20,Evening,1,1,0,0.0
406,Tuesday,1,21,Evening,1,1,0,0.0
406,Wednesday,2,6,Morning Rush,1,1,0,0.0
406,Wednesday,2,16,Evening Rush,1,1,0,0.0
406,Wednesday,2,17,Evening Rush,1,1,0,0.0
407,Friday,4,8,Morning Rush,2,2,1,0.5
407,Friday,4,9,Morning Rush,1,1,0,0.0
407,Friday,4,11,Midday,4,4,2,0.5
407,Friday,4,14,Midday,3,3,0,0.0
407,Friday,4,15,Evening Rush,2,2,0,0.0
407,Friday,4,17,Evening Rush,1,1,0,0.0
407,Friday,4,18,Evening Rush,1,1,0,0.0
407,Friday,4,19,Evening,3,3,1,0.3333333333333333
407,Friday,4,20,Evening,1,1,1,1.0
407,Friday,4,21,Evening,2,2,1,0.5
407,Monday,0,5,Night,1,1,0,0.0
407,Monday,0,9,Morning Rush,1,1,1,1.0
407,Monday,0,10,Midday,1,1,0,0.0
407,Monday,0,14,Midday,1,1,0,0.0
407,Monday,0,15,Evening Rush,2,2,1,0.5
407,Monday,0,17,Evening Rush,2,2,0,0.0
407,Monday,0,18,Evening Rush,3,3,1,0.3333333333333333
407,Monday,0,19,Evening,1,1,0,0.0
407,Monday,0,20,Evening,2,2,0,0.0
407,Monday,0,21,Evening,2,2,0,0.0
407,Monday,0,23,Evening,2,2,0,0.0
407,Saturday,5,0,Night,1,1,0,0.0
407,Saturday,5,2,Night,1,1,0,0.0
407,Saturday,5,7,Morning Rush,1,1,0,0.0
407,Saturday,5,8,Morning Rush,1,1,1,1.0
407,Saturday,5,11,Midday,3,3,0,0.0
407,Saturday,5,13,Midday,1,1,0,0.0
407,Saturday,5,15,Evening Rush,2,2,2,1.0
407,Saturday,5,16,Evening Rush,1,1,0,0.0
407,Saturday,5,17,Evening Rush,1,1,0,0.0
407,Saturday,5,18,Evening Rush,1,1,1,1.0
407,Saturday,5,19,Evening,1,1,1,1.0
407,Saturday,5,23,Evening,1,1,1,1.0
407,Sunday,6,2,Night,1,1,1,1.0
407,Sunday,6,6,Morning Rush,2,2,0,0.0
407,Sunday,6,9,Morning Rush,1,1,0,0.0
407,Sunday,6,11,Midday,1,1,0,0.0
407,Sunday,6,12,Midday,2,2,2,1.0
407,Sunday,6,13,Midday,2,2,0,0.0
407,Sunday,6,14,Midday,1,1,0,0.0
407,Sunday,6,15,Evening Rush,1,1,1,1.0
407,Sunday,6,16,Evening Rush,1,1,0,0.0
407,Sunday,6,19,Evening,1,1,0,0.0
407,Sunday,6,20,Evening,1,1,0,0.0
407,Sunday,6,22,Evening,1,1,1,1.0
407,Sunday,6,23,Evening,2,2,1,0.5
407,Thursday,3,8,Morning Rush,1,1,0,0.0
407,Thursday,3,9,Morning Rush,1,1,1,1.0
407,Thursday,3,10,Midday,1,1,0,0.0
407,Thursday,3,14,Midday,2,2,1,0.5
407,Thursday,3,15,Evening Rush,2,2,1,0.5
407,Thursday,3,16,Evening Rush,1,1,0,0.0
407,Thursday,3,21,Evening,3,3,1,0.3333333333333333
407,Thursday,3,22,Evening,1,1,0,0.0
407,Tuesday,1,2,Night,1,1,1,1.0
407,Tuesday,1,6,Morning Rush,1,1,1,1.0
407,Tuesday,1,7,Morning Rush,1,1,0,0.0
407,Tuesday,1,9,Morning Rush,2,2,2,1.0
407,Tuesday,1,11,Midday,2,2,1,0.5
407,Tuesday,1,12,Midday,2,2,1,0.5
407,Tuesday,1,14,Midday,1,1,0,0.0
407,Tuesday,1,15,Evening Rush,1,1,0,0.0
407,Tuesday,1,16,Evening Rush,1,1,0,0.0
407,Tuesday,1,17,Evening Rush,4,4,0,0.0
407,Tuesday,1,18,Evening Rush,1,1,1,1.0
407,Tuesday,1,20,Evening,1,1,0,0.0
407,Tuesday,1,22,Evening,3,3,2,0.6666666666666666
407,Wednesday,2,5,Night,2,2,1,0.5
407,Wednesday,2,7,Morning Rush,1,1,1,1.0
407,Wednesday,2,8,Morning Rush,4,4,2,0.5
407,Wednesday,2,9,Morning Rush,1,1,0,0.0
407,Wednesday,2,10,Midday,4,4,3,0.75
407,Wednesday,2,11,Midday,1,1,1,1.0
407,Wednesday,2,13,Midday,1,1,0,0.0
407,Wednesday,2,15,Evening Rush,3,3,0,0.0
407,Wednesday,2,17,Evening Rush,5,5,2,0.4
407,Wednesday,2,18,Evening Rush,1,1,0,0.0
407,Wednesday,2,19,Evening,2,2,0,0.0
407,Wednesday,2,21,Evening,2,2,2,1.0
407,Wednesday,2,22,Evening,1,1,1,1.0
408,Friday,4,6,Morning Rush,1,1,1,1.0
408,Friday,4,7,Morning Rush,1,1,0,0.0
408,Friday,4,12,Midday,1,1,0,0.0
408,Friday,4,13,Midday,1,1,0,0.0
408,Friday,4,18,Evening Rush,1,1,0,0.0
408,Monday,0,1,Night,1,1,0,0.0
408,Monday,0,21,Evening,1,1,1,1.0
408,Monday,0,23,Evening,1,1,1,1.0
408,Saturday,5,1,Night,1,1,0,0.0
408,Saturday,5,4,Night,1,1,0,0.0
408,Saturday,5,10,Midday,1,1,0,0.0
408,Saturday,5,15,Evening Rush,1,1,1,1.0
408,Saturday,5,23,Evening,1,1,0,0.0
408,Sunday,6,1,Night,1,1,0,0.0
408,Sunday,6,2,Night,1,1,0,0.0
408,Sunday,6,8,Morning Rush,1,1,1,1.0
408,Sunday,6,12,Midday,1,1,0,0.0
408,Sunday,6,16,Evening Rush,2,2,0,0.0
408,Thursday,3,0,Night,1,1,0,0.0
408,Thursday,3,8,Morning Rush,2,2,1,0.5
408,Thursday,3,12,Midday,1,1,1,1.0
408,Tuesday,1,9,Morning Rush,1,1,1,1.0
408,Tuesday,1,10,Midday,2,2,1,0.5
408,Tuesday,1,15,Evening Rush,1,1,1,1.0
408,Wednesday,2,16,Evening Rush,1,1,0,0.0
408,Wednesday,2,19,Evening,1,1,1,1.0
409,Friday,4,8,Morning Rush,1,1,0,0.0
409,Friday,4,14,Midday,1,1,0,0.0
409,Friday,4,15,Evening Rush,1,1,1,1.0
409,Monday,0,9,Morning Rush,2,2,1,0.5
409,Monday,0,10,Midday,1,1,0,0.0
409,Monday,0,14,Midday,1,1,0,0.0
409,Monday,0,15,Evening Rush,1,1,0,0.0
409,Monday,0,16,Evening Rush,1,1,0,0.0
409,Monday,0,18,Evening Rush,1,1,0,0.0
409,Saturday,5,7,Morning Rush,1,1,1,1.0
409,Saturday,5,9,Morning Rush,1,1,0,0.0
409,Saturday,5,10,Midday,4,4,1,0.25
409,Saturday,5,12,Midday,1,1,0,0.0
409,Saturday,5,13,Midday,1,1,1,1.0
409,Saturday,5,15,Evening Rush,1,1,0,0.0
409,Saturday,5,17,Evening Rush,1,1,0,0.0
409,Saturday,5,23,Evening,1,1,1,1.0
409,Sunday,6,6,Morning Rush,1,1,0,0.0
409,Sunday,6,12,Midday,1,1,0,0.0
409,Thursday,3,9,Morning Rush,1,1,0,0.0
409,Thursday,3,12,Midday,2,2,0,0.0
409,Thursday,3,13,Midday,1,1,0,0.0
409,Thursday,3,14,Midday,1,1,0,0.0
409,Thursday,3,17,Evening Rush,1,1,0,0.0
409,Thursday,3,19,Evening,1,1,0,0.0
409,Thursday,3,20,Evening,2,2,0,0.0
409,Tuesday,1,12,Midday,1,1,0,0.0
409,Tuesday,1,16,Evening Rush,2,2,2,1.0
409,Tuesday,1,18,Evening Rush,1,1,0,0.0
409,Tuesday,1,23,Evening,1,1,0,0.0
409,Wednesday,2,8,Morning Rush,1,1,0,0.0
409,Wednesday,2,16,Evening Rush,2,2,1,0.5
410,Friday,4,17,Evening Rush,1,1,1,1.0
410,Friday,4,19,Evening,1,1,1,1.0
410,Monday,0,8,Morning Rush,1,1,0,0.0
410,Monday,0,9,Morning Rush,1,1,1,1.0
410,Monday,0,19,Evening,2,2,1,0.5
410,Saturday,5,13,Midday,2,2,1,0.5
410,Saturday,5,20,Evening,1,1,0,0.0
410,Sunday,6,10,Midday,1,1,0,0.0
410,Sunday,6,13,Midday,1,1,0,0.0
410,Sunday,6,19,Evening,1,1,0,0.0
410,Thursday,3,8,Morning Rush,2,2,0,0.0
410,Thursday,3,9,Morning Rush,1,1,0,0.0
410,Thursday,3,11,Midday,1,1,0,0.0
410,Thursday,3,16,Evening Rush,1,1,0,0.0
410,Tuesday,1,9,Morning Rush,1,1,1,1.0
410,Tuesday,1,11,Midday,1,1,0,0.0
410,Tuesday,1,15,Evening Rush,1,1,1,1.0
410,Tuesday,1,20,Evening,1,1,0,0.0
410,Wednesday,2,17,Evening Rush,1,1,0,0.0
411,Friday,4,16,Evening Rush,2,2,0,0.0
411,Monday,0,14,Midday,1,1,0,0.0
411,Monday,0,18,Evening Rush,1,1,1,1.0
411,Monday,0,20,Evening,1,1,0,0.0
411,Saturday,5,18,Evening Rush,1,1,0,0.0
411,Saturday,5,23,Evening,1,1,0,0.0
411,Sunday,6,7,Morning Rush,1,1,1,1.0
411,Sunday,6,14,Midday,1,1,1,1.0
411,Sunday,6,15,Evening Rush,1,1,0,0.0
411,Sunday,6,17,Evening Rush,1,1,0,0.0
411,Sunday,6,19,Evening,2,2,1,0.5
411,Thursday,3,13,Midday,2,2,1,0.5
411,Thursday,3,15,Evening Rush,1,1,0,0.0
411,Thursday,3,18,Evening Rush,1,1,1,1.0
411,Thursday,3,23,Evening,1,1,1,1.0
411,Tuesday,1,23,Evening,1,1,1,1.0
411,Wednesday,2,10,Midday,2,2,0,0.0
411,Wednesday,2,12,Midday,1,1,0,0.0
411,Wednesday,2,14,Midday,1,1,0,0.0
411,Wednesday,2,17,Evening Rush,1,1,0,0.0
411,Wednesday,2,19,Evening,1,1,0,0.0
412,Friday,4,12,Midday,1,1,0,0.0
412,Friday,4,13,Midday,1,1,1,1.0
412,Friday,4,15,Evening Rush,1,1,0,0.0
412,Friday,4,16,Evening Rush,1,1,1,1.0
412,Friday,4,17,Evening Rush,1,1,0,0.0
412,Friday,4,18,Evening Rush,2,2,0,0.0
412,Friday,4,21,Evening,1,1,0,0.0
412,Friday,4,22,Evening,1,1,1,1.0
412,Monday,0,23,Evening,1,1,0,0.0
412,Saturday,5,3,Night,1,1,1,1.0
412,Saturday,5,6,Morning Rush,1,1,0,0.0
412,Saturday,5,11,Midday,1,1,1,1.0
412,Saturday,5,14,Midday,1,1,1,1.0
412,Saturday,5,19,Evening,1,1,0,0.0
412,Sunday,6,0,Night,1,1,0,0.0
412,Sunday,6,16,Evening Rush,1,1,0,0.0
412,Sunday,6,19,Evening,1,1,0,0.0
412,Thursday,3,6,Morning Rush,1,1,0,0.0
412,Thursday,3,12,Midday,1,1,0,0.0
412,Thursday,3,15,Evening Rush,1,1,0,0.0
412,Thursday,3,16,Evening Rush,1,1,0,0.0
412,Thursday,3,17,Evening Rush,1,1,0,0.0
412,Thursday,3,19,Evening,1,1,1,1.0
412,Thursday,3,21,Evening,1,1,1,1.0
412,Tuesday,1,16,Evening Rush,2,2,1,0.5
412,Wednesday,2,9,Morning Rush,1,1,1,1.0
412,Wednesday,2,16,Evening Rush,1,1,0,0.0
412,Wednesday,2,19,Evening,1,1,0,0.0
412,Wednesday,2,21,Evening,1,1,0,0.0
413,Friday,4,8,Morning Rush,1,1,0,0.0
413,Friday,4,14,Midday,1,1,0,0.0
413,Friday,4,16,Evening Rush,1,1,0,0.0
413,Friday,4,20,Evening,1,1,1,1.0
413,Monday,0,12,Midday,1,1,0,0.0
413,Monday,0,13,Midday,1,1,1,1.0
413,Monday,0,17,Evening Rush,1,1,0,0.0
413,Saturday,5,15,Evening Rush,1,1,0,0.0
413,Saturday,5,16,Evening Rush,1,1,0,0.0
413,Sunday,6,19,Evening,1,1,0,0.0
413,Thursday,3,1,Night,1,1,1,1.0
413,Thursday,3,7,Morning Rush,1,1,0,0.0
413,Thursday,3,13,Midday,1,1,0,0.0
413,Thursday,3,14,Midday,1,1,0,0.0
413,Thursday,3,17,Evening Rush,1,1,1,1.0
413,Thursday,3,18,Evening Rush,1,1,1,1.0
413,Wednesday,2,15,Evening Rush,1,1,0,0.0
413,Wednesday,2,16,Evening Rush,1,1,0,0.0
413,Wednesday,2,17,Evening Rush,1,1,1,1.0
413,Wednesday,2,19,Evening,1,1,1,1.0
414,Friday,4,11,Midday,1,1,1,1.0
414,Friday,4,12,Midday,1,1,0,0.0
414,Friday,4,13,Midday,1,1,1,1.0
414,Friday,4,14,Midday,2,2,0,0.0
414,Friday,4,15,Evening Rush,2,2,1,0.5
414,Friday,4,17,Evening Rush,1,1,0,0.0
414,Monday,0,6,Morning Rush,1,1,1,1.0
414,Monday,0,8,Morning Rush,1,1,1,1.0
414,Monday,0,13,Midday,2,2,0,0.0
414,Monday,0,15,Evening Rush,2,2,1,0.5
414,Monday,0,17,Evening Rush,1,1,0,0.0
414,Monday,0,22,Evening,1,1,1,1.0
414,Saturday,5,3,Night,1,1,1,1.0
414,Saturday,5,7,Morning Rush,1,1,1,1.0
414,Saturday,5,14,Midday,1,1,0,0.0
414,Sunday,6,14,Midday,2,2,2,1.0
414,Thursday,3,5,Night,1,1,0,0.0
414,Thursday,3,8,Morning Rush,1,1,1,1.0
414,Thursday,3,11,Midday,1,1,1,1.0
414,Thursday,3,12,Midday,1,1,1,1.0
414,Thursday,3,16,Evening Rush,2,2,1,0.5
414,Thursday,3,18,Evening Rush,2,2,0,0.0
414,Tuesday,1,5,Night,1,1,1,1.0
414,Tuesday,1,7,Morning Rush,1,1,0,0.0
414,Tuesday,1,8,Morning Rush,1,1,1,1.0
414,Tuesday,1,9,Morning Rush,1,1,0,0.0
414,Tuesday,1,11,Midday,2,2,1,0.5
414,Tuesday,1,15,Evening Rush,1,1,0,0.0
414,Tuesday,1,16,Evening Rush,1,1,1,1.0
414,Tuesday,1,17,Evening Rush,1,1,0,0.0
414,Wednesday,2,8,Morning Rush,2,2,1,0.5
414,Wednesday,2,10,Midday,1,1,1,1.0
414,Wednesday,2,12,Midday,3,3,2,0.6666666666666666
414,Wednesday,2,15,Evening Rush,3,3,0,0.0
414,Wednesday,2,16,Evening Rush,2,2,1,0.5
414,Wednesday,2,17,Evening Rush,1,1,0,0.0
414,Wednesday,2,23,Evening,2,2,2,1.0
415,Friday,4,2,Night,1,1,1,1.0
415,Friday,4,8,Morning Rush,1,1,0,0.0
415,Friday,4,9,Morning Rush,1,1,0,0.0
415,Friday,4,14,Midday,1,1,1,1.0
415,Monday,0,11,Midday,2,2,1,0.5
415,Saturday,5,10,Midday,1,1,0,0.0
415,Saturday,5,16,Evening Rush,1,1,0,0.0
415,Sunday,6,10,Midday,1,1,1,1.0
415,Sunday,6,11,Midday,1,1,0,0.0
415,Sunday,6,12,Midday,1,1,1,1.0
415,Sunday,6,17,Evening Rush,1,1,0,0.0
415,Thursday,3,5,Night,1,1,0,0.0
415,Thursday,3,7,Morning Rush,1,1,1,1.0
415,Thursday,3,8,Morning Rush,2,2,1,0.5
415,Thursday,3,9,Morning Rush,1,1,0,0.0
415,Thursday,3,11,Midday,1,1,0,0.0
415,Thursday,3,15,Evening Rush,1,1,0,0.0
415,Tuesday,1,6,Morning Rush,1,1,0,0.0
415,Tuesday,1,8,Morning Rush,3,3,2,0.6666666666666666
415,Tuesday,1,14,Midday,1,1,0,0.0
415,Tuesday,1,16,Evening Rush,1,1,0,0.0
415,Tuesday,1,21,Evening,1,1,0,0.0
415,Wednesday,2,6,Morning Rush,1,1,1,1.0
415,Wednesday,2,8,Morning Rush,2,2,1,0.5
415,Wednesday,2,14,Midday,1,1,0,0.0
415,Wednesday,2,18,Evening Rush,1,1,0,0.0
416,Friday,4,0,Night,2,2,2,1.0
416,Friday,4,6,Morning Rush,1,1,1,1.0
416,Friday,4,7,Morning Rush,1,1,0,0.0
416,Friday,4,11,Midday,1,1,0,0.0
416,Friday,4,12,Midday,1,1,0,0.0
416,Friday,4,13,Midday,2,2,0,0.0
416,Friday,4,16,Evening Rush,1,1,0,0.0
416,Friday,4,17,Evening Rush,1,1,1,1.0
416,Friday,4,19,Evening,2,2,0,0.0
416,Monday,0,8,Morning Rush,1,1,0,0.0
416,Monday,0,10,Midday,1,1,0,0.0
416,Monday,0,11,Midday,2,2,1,0.5
416,Monday,0,13,Midday,2,2,0,0.0
416,Monday,0,14,Midday,1,1,0,0.0
416,Monday,0,15,Evening Rush,1,1,0,0.0
416,Monday,0,16,Evening Rush,2,2,1,0.5
416,Monday,0,17,Evening Rush,1,1,0,0.0
416,Monday,0,18,Evening Rush,1,1,1,1.0
416,Monday,0,20,Evening,1,1,0,0.0
416,Saturday,5,0,Night,1,1,1,1.0
416,Saturday,5,8,Morning Rush,1,1,1,1.0
416,Saturday,5,14,Midday,3,3,1,0.3333333333333333
416,Saturday,5,17,Evening Rush,5,5,1,0.2
416,Saturday,5,19,Evening,1,1,0,0.0
416,Sunday,6,10,Midday,1,1,1,1.0
416,Sunday,6,13,Midday,2,2,2,1.0
416,Sunday,6,14,Midday,2,2,2,1.0
416,Sunday,6,15,Evening Rush,1,1,0,0.0
416,Sunday,6,16,Evening Rush,2,2,1,0.5
416,Sunday,6,20,Evening,1,1,0,0.0
416,Thursday,3,8,Morning Rush,2,2,1,0.5
416,Thursday,3,11,Midday,1,1,0,0.0
416,Thursday,3,12,Midday,1,1,0,0.0
416,Thursday,3,17,Evening Rush,4,4,0,0.0
416,Thursday,3,19,Evening,1,1,1,1.0
416,Tuesday,1,9,Morning Rush,2,2,2,1.0
416,Tuesday,1,11,Midday,1,1,1,1.0
416,Tuesday,1,13,Midday,1,1,0,0.0
416,Tuesday,1,15,Evening Rush,1,1,0,0.0
416,Tuesday,1,17,Evening Rush,1,1,0,0.0
416,Tuesday,1,19,Evening,2,2,1,0.5
416,Wednesday,2,3,Night,1,1,1,1.0
416,Wednesday,2,8,Morning Rush,1,1,0,0.0
416,Wednesday,2,9,Morning Rush,1,1,0,0.0
416,Wednesday,2,12,Midday,1,1,1,1.0
416,Wednesday,2,13,Midday,1,1,0,0.0
416,Wednesday,2,14,Midday,1,1,1,1.0
416,Wednesday,2,16,Evening Rush,1,1,1,1.0
416,Wednesday,2,18,Evening Rush,2,2,0,0.0
416,Wednesday,2,19,Evening,1,1,0,0.0
416,Wednesday,2,23,Evening,1,1,0,0.0
417,Friday,4,6,Morning Rush,1,1,1,1.0
417,Friday,4,7,Morning Rush,1,1,1,1.0
417,Friday,4,16,Evening Rush,1,1,0,0.0
417,Friday,4,20,Evening,1,1,0,0.0
417,Monday,0,2,Night,1,1,1,1.0
417,Monday,0,5,Night,1,1,0,0.0
417,Monday,0,6,Morning Rush,1,1,0,0.0
417,Monday,0,7,Morning Rush,1,1,1,1.0
417,Monday,0,8,Morning Rush,2,2,2,1.0
417,Monday,0,10,Midday,1,1,1,1.0
417,Monday,0,11,Midday,1,1,1,1.0
417,Monday,0,13,Midday,1,1,1,1.0
417,Monday,0,15,Evening Rush,1,1,0,0.0
417,Monday,0,16,Evening Rush,1,1,0,0.0
417,Monday,0,17,Evening Rush,1,1,1,1.0
417,Saturday,5,3,Night,1,1,0,0.0
417,Saturday,5,4,Night,1,1,1,1.0
417,Sunday,6,12,Midday,1,1,0,0.0
417,Sunday,6,14,Midday,1,1,0,0.0
417,Sunday,6,17,Evening Rush,1,1,0,0.0
417,Sunday,6,22,Evening,1,1,1,1.0
417,Thursday,3,6,Morning Rush,2,2,2,1.0
417,Thursday,3,9,Morning Rush,1,1,0,0.0
417,Thursday,3,10,Midday,1,1,1,1.0
417,Thursday,3,14,Midday,4,4,2,0.5
417,Thursday,3,15,Evening Rush,2,2,1,0.5
417,Thursday,3,16,Evening Rush,1,1,0,0.0
417,Thursday,3,18,Evening Rush,2,2,1,0.5
417,Tuesday,1,6,Morning Rush,1,1,0,0.0
417,Tuesday,1,8,Morning Rush,1,1,1,1.0
417,Tuesday,1,11,Midday,3,3,0,0.0
417,Tuesday,1,12,Midday,1,1,0,0.0
417,Tuesday,1,14,Midday,2,2,1,0.5
417,Tuesday,1,15,Evening Rush,1,1,0,0.0
417,Tuesday,1,17,Evening Rush,1,1,1,1.0
417,Tuesday,1,19,Evening,1,1,1,1.0
417,Tuesday,1,21,Evening,1,1,0,0.0
417,Wednesday,2,6,Morning Rush,3,3,0,0.0
417,Wednesday,2,7,Morning Rush,1,1,1,1.0
417,Wednesday,2,11,Midday,1,1,0,0.0
417,Wednesday,2,14,Midday,2,2,1,0.5
417,Wednesday,2,15,Evening Rush,1,1,0,0.0
417,Wednesday,2,16,Evening Rush,3,3,0,0.0
417,Wednesday,2,17,Evening Rush,1,1,0,0.0
417,Wednesday,2,18,Evening Rush,1,1,0,0.0
417,Wednesday,2,21,Evening,1,1,0,0.0
418,Friday,4,7,Morning Rush,1,1,0,0.0
418,Friday,4,8,Morning Rush,2,2,2,1.0
418,Friday,4,9,Morning Rush,1,1,1,1.0
418,Friday,4,11,Midday,1,1,0,0.0
418,Friday,4,17,Evening Rush,1,1,0,0.0
418,Friday,4,20,Evening,1,1,0,0.0
418,Friday,4,21,Evening,1,1,0,0.0
418,Friday,4,22,Evening,1,1,0,0.0
418,Monday,0,1,Night,1,1,1,1.0
418,Monday,0,5,Night,1,1,0,0.0
418,Monday,0,7,Morning Rush,1,1,0,0.0
418,Monday,0,11,Midday,2,2,1,0.5
418,Monday,0,12,Midday,1,1,0,0.0
418,Monday,0,14,Midday,1,1,1,1.0
418,Monday,0,15,Evening Rush,1,1,0,0.0
418,Monday,0,16,Evening Rush,1,1,0,0.0
418,Saturday,5,0,Night,1,1,1,1.0
418,Saturday,5,6,Morning Rush,1,1,1,1.0
418,Saturday,5,13,Midday,2,2,1,0.5
418,Saturday,5,16,Evening Rush,2,2,1,0.5
418,Saturday,5,21,Evening,1,1,1,1.0
418,Sunday,6,0,Night,1,1,0,0.0
418,Sunday,6,2,Night,1,1,1,1.0
418,Sunday,6,12,Midday,1,1,1,1.0
418,Sunday,6,19,Evening,1,1,0,0.0
418,Sunday,6,23,Evening,1,1,0,0.0
418,Thursday,3,1,Night,1,1,0,0.0
418,Thursday,3,13,Midday,1,1,1,1.0
418,Thursday,3,18,Evening Rush,1,1,0,0.0
418,Thursday,3,19,Evening,1,1,1,1.0
418,Thursday,3,22,Evening,1,1,0,0.0
418,Tuesday,1,16,Evening Rush,1,1,0,0.0
418,Tuesday,1,18,Evening Rush,2,2,1,0.5
418,Wednesday,2,1,Night,1,1,1,1.0
418,Wednesday,2,14,Midday,1,1,0,0.0
419,Friday,4,0,Night,1,1,0,0.0
419,Friday,4,7,Morning Rush,1,1,0,0.0
419,Friday,4,8,Morning Rush,1,1,1,1.0
419,Friday,4,12,Midday,1,1,1,1.0
419,Friday,4,13,Midday,3,3,0,0.0
419,Friday,4,15,Evening Rush,1,1,0,0.0
419,Friday,4,16,Evening Rush,1,1,1,1.0
419,Friday,4,21,Evening,1,1,1,1.0
419,Monday,0,7,Morning Rush,1,1,0,0.0
419,Monday,0,11,Midday,1,1,0,0.0
419,Saturday,5,0,Night,1,1,0,0.0
419,Saturday,5,2,Night,1,1,0,0.0
419,Saturday,5,4,Night,1,1,1,1.0
419,Saturday,5,9,Morning Rush,1,1,0,0.0
419,Saturday,5,12,Midday,1,1,1,1.0
419,Saturday,5,13,Midday,1,1,0,0.0
419,Saturday,5,20,Evening,1,1,0,0.0
419,Sunday,6,11,Midday,1,1,1,1.0
419,Sunday,6,15,Evening Rush,1,1,0,0.0
419,Sunday,6,18,Evening Rush,1,1,1,1.0
419,Thursday,3,3,Night,2,2,0,0.0
419,Thursday,3,8,Morning Rush,1,1,0,0.0
419,Thursday,3,10,Midday,1,1,1,1.0
419,Thursday,3,12,Midday,2,2,1,0.5
419,Thursday,3,15,Evening Rush,1,1,0,0.0
419,Thursday,3,17,Evening Rush,1,1,0,0.0
419,Tuesday,1,7,Morning Rush,1,1,1,1.0
419,Tuesday,1,13,Midday,1,1,0,0.0
419,Tuesday,1,14,Midday,1,1,0,0.0
419,Tuesday,1,16,Evening Rush,1,1,0,0.0
419,Tuesday,1,17,Evening Rush,2,2,0,0.0
419,Wednesday,2,17,Evening Rush,2,2,0,0.0
420,Friday,4,7,Morning Rush,1,1,0,0.0
420,Friday,4,8,Morning Rush,1,1,1,1.0
420,Friday,4,13,Midday,1,1,1,1.0
420,Friday,4,17,Evening Rush,3,3,0,0.0
420,Friday,4,21,Evening,2,2,0,0.0
420,Monday,0,9,Morning Rush,1,1,0,0.0
420,Monday,0,10,Midday,1,1,0,0.0
420,Monday,0,13,Midday,1,1,1,1.0
420,Monday,0,16,Evening Rush,1,1,0,0.0
420,Monday,0,18,Evening Rush,3,3,0,0.0
420,Monday,0,21,Evening,1,1,0,0.0
420,Saturday,5,3,Night,1,1,0,0.0
420,Saturday,5,10,Midday,1,1,1,1.0
420,Saturday,5,11,Midday,1,1,1,1.0
420,Saturday,5,17,Evening Rush,3,3,1,0.3333333333333333
420,Saturday,5,21,Evening,1,1,0,0.0
420,Saturday,5,22,Evening,1,1,0,0.0
420,Saturday,5,23,Evening,1,1,1,1.0
420,Sunday,6,4,Night,1,1,1,1.0
420,Sunday,6,9,Morning Rush,1,1,1,1.0
420,Sunday,6,11,Midday,1,1,0,0.0
420,Sunday,6,12,Midday,1,1,0,0.0
420,Thursday,3,7,Morning Rush,1,1,0,0.0
420,Thursday,3,8,Morning Rush,1,1,1,1.0
420,Thursday,3,17,Evening Rush,1,1,0,0.0
420,Thursday,3,18,Evening Rush,1,1,0,0.0
420,Thursday,3,19,Evening,1,1,0,0.0
420,Tuesday,1,8,Morning Rush,1,1,0,0.0
420,Tuesday,1,9,Morning Rush,1,1,1,1.0
420,Tuesday,1,10,Midday,1,1,0,0.0
420,Tuesday,1,16,Evening Rush,2,2,0,0.0
420,Tuesday,1,17,Evening Rush,1,1,1,1.0
420,Tuesday,1,19,Evening,1,1,0,0.0
420,Wednesday,2,7,Morning Rush,1,1,1,1.0
420,Wednesday,2,12,Midday,1,1,0,0.0
420,Wednesday,2,23,Evening,1,1,0,0.0
421,Friday,4,7,Morning Rush,1,1,0,0.0
421,Friday,4,12,Midday,1,1,0,0.0
421,Friday,4,15,Evening Rush,1,1,0,0.0
421,Friday,4,16,Evening Rush,1,1,0,0.0
421,Friday,4,18,Evening Rush,1,1,0,0.0
421,Friday,4,20,Evening,1,1,0,0.0
421,Monday,0,4,Night,1,1,0,0.0
421,Monday,0,7,Morning Rush,1,1,1,1.0
421,Monday,0,8,Morning Rush,1,1,0,0.0
421,Monday,0,12,Midday,1,1,0,0.0
421,Monday,0,14,Midday,1,1,0,0.0
421,Monday,0,17,Evening Rush,1,1,0,0.0
421,Monday,0,20,Evening,1,1,0,0.0
421,Saturday,5,11,Midday,1,1,1,1.0
421,Saturday,5,15,Evening Rush,1,1,0,0.0
421,Saturday,5,21,Evening,1,1,0,0.0
421,Thursday,3,11,Midday,1,1,0,0.0
421,Thursday,3,12,Midday,1,1,0,0.0
421,Thursday,3,17,Evening Rush,1,1,0,0.0
421,Thursday,3,19,Evening,1,1,1,1.0
421,Tuesday,1,13,Midday,1,1,0,0.0
421,Tuesday,1,16,Evening Rush,2,2,0,0.0
421,Tuesday,1,17,Evening Rush,1,1,0,0.0
421,Tuesday,1,19,Evening,2,2,0,0.0
421,Wednesday,2,8,Morning Rush,1,1,0,0.0
421,Wednesday,2,14,Midday,2,2,2,1.0
421,Wednesday,2,15,Evening Rush,1,1,1,1.0
421,Wednesday,2,16,Evening Rush,2,2,0,0.0
421,Wednesday,2,17,Evening Rush,1,1,0,0.0
421,Wednesday,2,18,Evening Rush,1,1,1,1.0
422,Friday,4,10,Midday,1,1,0,0.0
422,Friday,4,14,Midday,1,1,1,1.0
422,Friday,4,18,Evening Rush,1,1,0,0.0
422,Monday,0,14,Midday,1,1,0,0.0
422,Monday,0,15,Evening Rush,1,1,0,0.0
422,Saturday,5,12,Midday,1,1,0,0.0
422,Sunday,6,14,Midday,1,1,1,1.0
422,Sunday,6,15,Evening Rush,1,1,0,0.0
422,Sunday,6,16,Evening Rush,1,1,0,0.0
422,Thursday,3,14,Midday,1,1,1,1.0
422,Thursday,3,18,Evening Rush,1,1,0,0.0
422,Thursday,3,20,Evening,1,1,0,0.0
422,Tuesday,1,7,Morning Rush,1,1,0,0.0
422,Tuesday,1,11,Midday,1,1,1,1.0
422,Tuesday,1,15,Evening Rush,1,1,0,0.0
422,Tuesday,1,16,Evening Rush,1,1,0,0.0
422,Tuesday,1,19,Evening,1,1,0,0.0
422,Tuesday,1,21,Evening,1,1,0,0.0
422,Wednesday,2,11,Midday,2,2,1,0.5
422,Wednesday,2,16,Evening Rush,1,1,1,1.0
422,Wednesday,2,17,Evening Rush,1,1,0,0.0
423,Friday,4,17,Evening Rush,1,1,1,1.0
423,Friday,4,18,Evening Rush,1,1,0,0.0
423,Friday,4,20,Evening,1,1,0,0.0
423,Monday,0,19,Evening,1,1,1,1.0
423,Saturday,5,4,Night,1,1,0,0.0
423,Saturday,5,15,Evening Rush,1,1,1,1.0
423,Saturday,5,17,Evening Rush,1,1,0,0.0
423,Saturday,5,18,Evening Rush,1,1,1,1.0
423,Saturday,5,19,Evening,1,1,1,1.0
423,Saturday,5,23,Evening,1,1,1,1.0
423,Sunday,6,18,Evening Rush,1,1,1,1.0
423,Sunday,6,23,Evening,2,2,0,0.0
423,Thursday,3,22,Evening,1,1,1,1.0
423,Tuesday,1,8,Morning Rush,1,1,0,0.0
423,Tuesday,1,17,Evening Rush,1,1,0,0.0
423,Tuesday,1,18,Evening Rush,1,1,1,1.0
423,Wednesday,2,11,Midday,2,2,0,0.0
423,Wednesday,2,20,Evening,1,1,0,0.0
424,Friday,4,8,Morning Rush,1,1,1,1.0
424,Friday,4,9,Morning Rush,1,1,0,0.0
424,Friday,4,14,Midday,3,3,2,0.6666666666666666
424,Friday,4,16,Evening Rush,1,1,0,0.0
424,Friday,4,17,Evening Rush,1,1,0,0.0
424,Friday,4,18,Evening Rush,1,1,0,0.0
424,Friday,4,19,Evening,1,1,0,0.0
424,Monday,0,9,Morning Rush,1,1,0,0.0
424,Monday,0,13,Midday,1,1,0,0.0
424,Monday,0,14,Midday,1,1,0,0.0
424,Monday,0,15,Evening Rush,2,2,0,0.0
424,Monday,0,16,Evening Rush,1,1,1,1.0
424,Monday,0,17,Evening Rush,3,3,1,0.3333333333333333
424,Monday,0,18,Evening Rush,1,1,1,1.0
424,Monday,0,21,Evening,1,1,1,1.0
424,Saturday,5,1,Night,1,1,1,1.0
424,Saturday,5,8,Morning Rush,1,1,0,0.0
424,Saturday,5,12,Midday,1,1,0,0.0
424,Saturday,5,14,Midday,1,1,0,0.0
424,Saturday,5,16,Evening Rush,1,1,1,1.0
424,Saturday,5,17,Evening Rush,1,1,1,1.0
424,Saturday,5,18,Evening Rush,1,1,0,0.0
424,Sunday,6,2,Night,1,1,0,0.0
424,Sunday,6,3,Night,1,1,0,0.0
424,Sunday,6,8,Morning Rush,1,1,0,0.0
424,Sunday,6,9,Morning Rush,1,1,1,1.0
424,Sunday,6,12,Midday,1,1,0,0.0
424,Sunday,6,13,Midday,1,1,0,0.0
424,Sunday,6,16,Evening Rush,1,1,0,0.0
424,Sunday,6,17,Evening Rush,1,1,1,1.0
424,Sunday,6,18,Evening Rush,2,2,1,0.5
424,Sunday,6,21,Evening,1,1,1,1.0
424,Thursday,3,3,Night,1,1,0,0.0
424,Thursday,3,4,Night,1,1,1,1.0
424,Thursday,3,11,Midday,1,1,0,0.0
424,Thursday,3,12,Midday,2,2,1,0.5
424,Thursday,3,13,Midday,1,1,0,0.0
424,Thursday,3,16,Evening Rush,2,2,0,0.0
424,Thursday,3,17,Evening Rush,2,2,2,1.0
424,Thursday,3,19,Evening,1,1,0,0.0
424,Thursday,3,22,Evening,1,1,0,0.0
424,Tuesday,1,7,Morning Rush,1,1,1,1.0
424,Tuesday,1,12,Midday,1,1,0,0.0
424,Tuesday,1,16,Evening Rush,1,1,1,1.0
424,Tuesday,1,18,Evening Rush,2,2,2,1.0
424,Tuesday,1,21,Evening,2,2,0,0.0
424,Wednesday,2,6,Morning Rush,2,2,0,0.0
424,Wednesday,2,8,Morning Rush,1,1,1,1.0
424,Wednesday,2,12,Midday,2,2,1,0.5
424,Wednesday,2,16,Evening Rush,1,1,1,1.0
424,Wednesday,2,17,Evening Rush,2,2,0,0.0
424,Wednesday,2,19,Evening,1,1,0,0.0
425,Friday,4,6,Morning Rush,1,1,0,0.0
425,Friday,4,7,Morning Rush,2,2,1,0.5
425,Friday,4,8,Morning Rush,1,1,0,0.0
425,Friday,4,9,Morning Rush,1,1,1,1.0
425,Friday,4,10,Midday,2,2,0,0.0
425,Friday,4,11,Midday,1,1,0,0.0
425,Friday,4,12,Midday,1,1,0,0.0
425,Friday,4,14,Midday,1,1,0,0.0
425,Friday,4,16,Evening Rush,2,2,0,0.0
425,Friday,4,21,Evening,1,1,0,0.0
425,Monday,0,6,Morning Rush,1,1,1,1.0
425,Monday,0,8,Morning Rush,2,2,2,1.0
425,Monday,0,12,Midday,1,1,0,0.0
425,Monday,0,15,Evening Rush,1,1,0,0.0
425,Monday,0,17,Evening Rush,1,1,1,1.0
425,Monday,0,19,Evening,2,2,1,0.5
425,Saturday,5,1,Night,1,1,1,1.0
425,Saturday,5,9,Morning Rush,1,1,0,0.0
425,Saturday,5,11,Midday,1,1,0,0.0
425,Saturday,5,12,Midday,1,1,0,0.0
425,Saturday,5,15,Evening Rush,3,3,0,0.0
425,Saturday,5,16,Evening Rush,2,2,0,0.0
425,Saturday,5,18,Evening Rush,3,3,1,0.3333333333333333
425,Saturday,5,20,Evening,1,1,0,0.0
425,Saturday,5,22,Evening,1,1,0,0.0
425,Sunday,6,1,Night,1,1,0,0.0
425,Sunday,6,9,Morning Rush,1,1,1,1.0
425,Sunday,6,12,Midday,1,1,0,0.0
425,Sunday,6,13,Midday,2,2,1,0.5
425,Sunday,6,15,Evening Rush,1,1,1,1.0
425,Sunday,6,16,Evening Rush,2,2,0,0.0
425,Sunday,6,19,Evening,1,1,0,0.0
425,Sunday,6,23,Evening,1,1,0,0.0
425,Thursday,3,6,Morning Rush,1,1,1,1.0
425,Thursday,3,7,Morning Rush,1,1,1,1.0
425,Thursday,3,8,Morning Rush,2,2,1,0.5
425,Thursday,3,9,Morning Rush,1,1,0,0.0
425,Thursday,3,13,Midday,1,1,0,0.0
425,Thursday,3,14,Midday,2,2,1,0.5
425,Thursday,3,16,Evening Rush,1,1,0,0.0
425,Thursday,3,18,Evening Rush,1,1,1,1.0
425,Thursday,3,21,Evening,1,1,0,0.0
425,Thursday,3,22,Evening,2,2,1,0.5
425,Thursday,3,23,Evening,2,2,0,0.0
425,Tuesday,1,7,Morning Rush,2,2,1,0.5
425,Tuesday,1,11,Midday,1,1,1,1.0
425,Tuesday,1,12,Midday,1,1,0,0.0
425,Tuesday,1,13,Midday,1,1,0,0.0
425,Tuesday,1,14,Midday,1,1,0,0.0
425,Tuesday,1,16,Evening Rush,1,1,0,0.0
425,Tuesday,1,22,Evening,2,2,0,0.0
425,Wednesday,2,0,Night,1,1,0,0.0
425,Wednesday,2,7,Morning Rush,1,1,0,0.0
425,Wednesday,2,8,Morning Rush,1,1,1,1.0
425,Wednesday,2,12,Midday,1,1,1,1.0
425,Wednesday,2,14,Midday,2,2,0,0.0
425,Wednesday,2,15,Evening Rush,1,1,1,1.0
425,Wednesday,2,16,Evening Rush,1,1,0,0.0
425,Wednesday,2,17,Evening Rush,1,1,0,0.0
425,Wednesday,2,18,Evening Rush,4,4,1,0.25
425,Wednesday,2,19,Evening,1,1,1,1.0
425,Wednesday,2,20,Evening,1,1,0,0.0
426,Friday,4,7,Morning Rush,1,1,1,1.0
426,Friday,4,15,Evening Rush,1,1,0,0.0
426,Friday,4,18,Evening Rush,2,2,2,1.0
426,Friday,4,19,Evening,1,1,0,0.0
426,Monday,0,16,Evening Rush,2,2,0,0.0
426,Monday,0,17,Evening Rush,1,1,1,1.0
426,Monday,0,18,Evening Rush,1,1,0,0.0
426,Monday,0,22,Evening,2,2,2,1.0
426,Saturday,5,7,Morning Rush,1,1,0,0.0
426,Saturday,5,9,Morning Rush,1,1,1,1.0
426,Saturday,5,16,Evening Rush,2,2,1,0.5
426,Saturday,5,17,Evening Rush,1,1,1,1.0
426,Sunday,6,0,Night,1,1,0,0.0
426,Sunday,6,11,Midday,1,1,0,0.0
426,Sunday,6,13,Midday,1,1,1,1.0
426,Sunday,6,14,Midday,1,1,0,0.0
426,Thursday,3,8,Morning Rush,1,1,0,0.0
426,Thursday,3,15,Evening Rush,1,1,0,0.0
426,Thursday,3,16,Evening Rush,2,2,0,0.0
426,Thursday,3,17,Evening Rush,1,1,1,1.0
426,Thursday,3,20,Evening,1,1,0,0.0
426,Tuesday,1,9,Morning Rush,1,1,1,1.0
426,Tuesday,1,11,Midday,2,2,2,1.0
426,Tuesday,1,16,Evening Rush,3,3,1,0.3333333333333333
426,Tuesday,1,17,Evening Rush,1,1,1,1.0
426,Tuesday,1,19,Evening,1,1,0,0.0
426,Tuesday,1,20,Evening,1,1,0,0.0
426,Wednesday,2,9,Morning Rush,1,1,0,0.0
426,Wednesday,2,12,Midday,1,1,1,1.0
426,Wednesday,2,13,Midday,1,1,0,0.0
426,Wednesday,2,15,Evening Rush,1,1,0,0.0
426,Wednesday,2,18,Evening Rush,1,1,1,1.0
426,Wednesday,2,19,Evening,1,1,0,0.0
426,Wednesday,2,20,Evening,1,1,0,0.0
427,Friday,4,10,Midday,1,1,0,0.0
427,Friday,4,13,Midday,1,1,0,0.0
427,Monday,0,2,Night,1,1,1,1.0
427,Monday,0,9,Morning Rush,1,1,1,1.0
427,Monday,0,21,Evening,1,1,0,0.0
427,Saturday,5,0,Night,1,1,0,0.0
427,Saturday,5,3,Night,1,1,0,0.0
427,Saturday,5,5,Night,1,1,0,0.0
427,Saturday,5,8,Morning Rush,2,2,1,0.5
427,Saturday,5,12,Midday,1,1,0,0.0
427,Saturday,5,15,Evening Rush,1,1,0,0.0
427,Saturday,5,16,Evening Rush,1,1,0,0.0
427,Saturday,5,19,Evening,1,1,0,0.0
427,Sunday,6,1,Night,1,1,0,0.0
427,Sunday,6,15,Evening Rush,1,1,0,0.0
427,Sunday,6,17,Evening Rush,2,2,1,0.5
427,Thursday,3,8,Morning Rush,1,1,0,0.0
427,Thursday,3,11,Midday,1,1,1,1.0
427,Thursday,3,13,Midday,1,1,0,0.0
427,Thursday,3,18,Evening Rush,1,1,0,0.0
427,Thursday,3,19,Evening,1,1,0,0.0
427,Thursday,3,23,Evening,1,1,0,0.0
427,Tuesday,1,5,Night,1,1,0,0.0
427,Tuesday,1,7,Morning Rush,1,1,0,0.0
427,Tuesday,1,15,Evening Rush,1,1,0,0.0
427,Tuesday,1,16,Evening Rush,2,2,0,0.0
427,Tuesday,1,20,Evening,1,1,0,0.0
427,Tuesday,1,22,Evening,1,1,0,0.0
427,Wednesday,2,14,Midday,1,1,0,0.0
427,Wednesday,2,20,Evening,1,1,1,1.0
428,Friday,4,13,Midday,1,1,0,0.0
428,Friday,4,14,Midday,1,1,0,0.0
428,Friday,4,18,Evening Rush,1,1,0,0.0
428,Friday,4,21,Evening,1,1,1,1.0
428,Friday,4,23,Evening,1,1,0,0.0
428,Monday,0,12,Midday,1,1,0,0.0
428,Monday,0,15,Evening Rush,1,1,0,0.0
428,Monday,0,22,Evening,1,1,1,1.0
428,Saturday,5,0,Night,1,1,0,0.0
428,Saturday,5,11,Midday,1,1,0,0.0
428,Saturday,5,23,Evening,1,1,0,0.0
428,Sunday,6,0,Night,1,1,1,1.0
428,Sunday,6,16,Evening Rush,1,1,0,0.0
428,Sunday,6,18,Evening Rush,1,1,0,0.0
428,Thursday,3,1,Night,1,1,0,0.0
428,Thursday,3,4,Night,1,1,0,0.0
428,Thursday,3,8,Morning Rush,1,1,0,0.0
428,Thursday,3,9,Morning Rush,1,1,0,0.0
428,Thursday,3,10,Midday,1,1,0,0.0
428,Thursday,3,12,Midday,1,1,0,0.0
428,Thursday,3,13,Midday,1,1,0,0.0
428,Thursday,3,18,Evening Rush,1,1,0,0.0
428,Thursday,3,19,Evening,1,1,0,0.0
428,Tuesday,1,8,Morning Rush,1,1,0,0.0
428,Tuesday,1,11,Midday,1,1,0,0.0
428,Tuesday,1,18,Evening Rush,1,1,0,0.0
428,Tuesday,1,22,Evening,1,1,1,1.0
428,Wednesday,2,11,Midday,1,1,0,0.0
428,Wednesday,2,12,Midday,1,1,1,1.0
428,Wednesday,2,16,Evening Rush,1,1,0,0.0
428,Wednesday,2,22,Evening,1,1,0,0.0
429,Friday,4,7,Morning Rush,1,1,0,0.0
429,Friday,4,9,Morning Rush,1,1,1,1.0
429,Friday,4,10,Midday,2,2,2,1.0
429,Friday,4,13,Midday,1,1,0,0.0
429,Friday,4,16,Evening Rush,2,2,2,1.0
429,Friday,4,17,Evening Rush,1,1,0,0.0
429,Friday,4,18,Evening Rush,1,1,0,0.0
429,Friday,4,19,Evening,3,3,0,0.0
429,Friday,4,22,Evening,1,1,0,0.0
429,Monday,0,5,Night,1,1,1,1.0
429,Monday,0,7,Morning Rush,1,1,1,1.0
429,Monday,0,16,Evening Rush,2,2,0,0.0
429,Monday,0,17,Evening Rush,2,2,0,0.0
429,Monday,0,19,Evening,1,1,1,1.0
429,Monday,0,20,Evening,1,1,1,1.0
429,Monday,0,23,Evening,1,1,0,0.0
429,Saturday,5,9,Morning Rush,1,1,0,0.0
429,Saturday,5,13,Midday,2,2,0,0.0
429,Saturday,5,17,Evening Rush,1,1,1,1.0
429,Saturday,5,19,Evening,1,1,1,1.0
429,Sunday,6,16,Evening Rush,1,1,0,0.0
429,Sunday,6,18,Evening Rush,1,1,0,0.0
429,Sunday,6,23,Evening,1,1,0,0.0
429,Thursday,3,7,Morning Rush,2,2,0,0.0
429,Thursday,3,8,Morning Rush,1,1,0,0.0
429,Thursday,3,9,Morning Rush,1,1,0,0.0
429,Thursday,3,17,Evening Rush,3,3,0,0.0
429,Thursday,3,21,Evening,2,2,0,0.0
429,Tuesday,1,6,Morning Rush,1,1,0,0.0
429,Tuesday,1,8,Morning Rush,1,1,0,0.0
429,Tuesday,1,12,Midday,1,1,0,0.0
429,Tuesday,1,14,Midday,1,1,0,0.0
429,Tuesday,1,18,Evening Rush,1,1,1,1.0
429,Tuesday,1,21,Evening,1,1,0,0.0
429,Wednesday,2,12,Midday,1,1,1,1.0
429,Wednesday,2,13,Midday,1,1,0,0.0
429,Wednesday,2,16,Evening Rush,3,3,0,0.0
429,Wednesday,2,17,Evening Rush,1,1,0,0.0
429,Wednesday,2,18,Evening Rush,1,1,1,1.0
429,Wednesday,2,20,Evening,1,1,0,0.0
429,Wednesday,2,21,Evening,1,1,0,0.0
430,Friday,4,9,Morning Rush,1,1,1,1.0
430,Friday,4,11,Midday,1,1,1,1.0
430,Friday,4,12,Midday,1,1,0,0.0
430,Friday,4,13,Midday,1,1,0,0.0
430,Friday,4,14,Midday,1,1,0,0.0
430,Friday,4,15,Evening Rush,2,2,0,0.0
430,Friday,4,17,Evening Rush,1,1,1,1.0
430,Monday,0,9,Morning Rush,1,1,1,1.0
430,Monday,0,16,Evening Rush,1,1,0,0.0
430,Monday,0,17,Evening Rush,1,1,0,0.0
430,Monday,0,18,Evening Rush,2,2,1,0.5
430,Monday,0,21,Evening,1,1,0,0.0
430,Saturday,5,9,Morning Rush,2,2,2,1.0
430,Saturday,5,13,Midday,1,1,0,0.0
430,Saturday,5,19,Evening,1,1,1,1.0
430,Sunday,6,2,Night,1,1,0,0.0
430,Thursday,3,7,Morning Rush,1,1,0,0.0
430,Thursday,3,9,Morning Rush,2,2,1,0.5
430,Thursday,3,17,Evening Rush,1,1,1,1.0
430,Thursday,3,19,Evening,1,1,0,0.0
430,Thursday,3,21,Evening,1,1,0,0.0
430,Tuesday,1,0,Night,1,1,0,0.0
430,Tuesday,1,7,Morning Rush,4,4,1,0.25
430,Tuesday,1,9,Morning Rush,1,1,0,0.0
430,Tuesday,1,19,Evening,1,1,0,0.0
430,Tuesday,1,21,Evening,1,1,1,1.0
430,Tuesday,1,23,Evening,1,1,0,0.0
430,Wednesday,2,7,Morning Rush,1,1,0,0.0
430,Wednesday,2,16,Evening Rush,2,2,1,0.5
430,Wednesday,2,17,Evening Rush,1,1,0,0.0
430,Wednesday,2,19,Evening,1,1,1,1.0
431,Friday,4,9,Morning Rush,2,2,1,0.5
431,Friday,4,11,Midday,2,2,1,0.5
431,Friday,4,12,Midday,2,2,0,0.0
431,Friday,4,13,Midday,1,1,0,0.0
431,Friday,4,14,Midday,2,2,0,0.0
431,Friday,4,15,Evening Rush,1,1,0,0.0
431,Friday,4,16,Evening Rush,1,1,0,0.0
431,Friday,4,18,Evening Rush,1,1,0,0.0
431,Friday,4,19,Evening,1,1,0,0.0
431,Monday,0,10,Midday,2,2,2,1.0
431,Monday,0,12,Midday,2,2,0,0.0
431,Monday,0,14,Midday,1,1,0,0.0
431,Monday,0,15,Evening Rush,2,2,0,0.0
431,Monday,0,16,Evening Rush,1,1,0,0.0
431,Monday,0,17,Evening Rush,4,4,2,0.5
431,Saturday,5,2,Night,1,1,0,0.0
431,Saturday,5,7,Morning Rush,1,1,0,0.0
431,Saturday,5,10,Midday,1,1,0,0.0
431,Saturday,5,16,Evening Rush,1,1,1,1.0
431,Saturday,5,19,Evening,1,1,0,0.0
431,Saturday,5,22,Evening,1,1,0,0.0
431,Sunday,6,5,Night,1,1,1,1.0
431,Sunday,6,10,Midday,1,1,1,1.0
431,Sunday,6,13,Midday,1,1,0,0.0
431,Sunday,6,15,Evening Rush,2,2,0,0.0
431,Sunday,6,18,Evening Rush,1,1,0,0.0
431,Sunday,6,20,Evening,1,1,0,0.0
431,Thursday,3,8,Morning Rush,1,1,0,0.0
431,Thursday,3,9,Morning Rush,1,1,1,1.0
431,Thursday,3,12,Midday,3,3,2,0.6666666666666666
431,Thursday,3,14,Midday,3,3,1,0.3333333333333333
431,Thursday,3,15,Evening Rush,3,3,1,0.3333333333333333
431,Thursday,3,16,Evening Rush,5,5,0,0.0
431,Thursday,3,18,Evening Rush,1,1,0,0.0
431,Tuesday,1,9,Morning Rush,1,1,0,0.0
431,Tuesday,1,10,Midday,2,2,1,0.5
431,Tuesday,1,11,Midday,5,5,3,0.6
431,Tuesday,1,12,Midday,1,1,1,1.0
431,Tuesday,1,13,Midday,4,4,1,0.25
431,Tuesday,1,14,Midday,2,2,0,0.0
431,Tuesday,1,15,Evening Rush,1,1,0,0.0
431,Tuesday,1,17,Evening Rush,2,2,1,0.5
431,Tuesday,1,18,Evening Rush,1,1,0,0.0
431,Wednesday,2,6,Morning Rush,1,1,1,1.0
431,Wednesday,2,7,Morning Rush,3,3,1,0.3333333333333333
431,Wednesday,2,9,Morning Rush,1,1,0,0.0
431,Wednesday,2,10,Midday,2,2,1,0.5
431,Wednesday,2,11,Midday,3,3,1,0.3333333333333333
431,Wednesday,2,12,Midday,3,3,2,0.6666666666666666
431,Wednesday,2,14,Midday,4,4,0,0.0
431,Wednesday,2,15,Evening Rush,4,4,0,0.0
431,Wednesday,2,16,Evening Rush,2,2,1,0.5
431,Wednesday,2,17,Evening Rush,2,2,0,0.0
431,Wednesday,2,18,Evening Rush,1,1,0,0.0
431,Wednesday,2,20,Evening,1,1,0,0.0
431,Wednesday,2,23,Evening,1,1,0,0.0
432,Friday,4,9,Morning Rush,1,1,0,0.0
432,Friday,4,13,Midday,1,1,0,0.0
432,Friday,4,19,Evening,1,1,0,0.0
432,Friday,4,22,Evening,1,1,1,1.0
432,Monday,0,10,Midday,1,1,0,0.0
432,Monday,0,14,Midday,1,1,1,1.0
432,Monday,0,17,Evening Rush,1,1,0,0.0
432,Saturday,5,17,Evening Rush,1,1,1,1.0
432,Saturday,5,22,Evening,1,1,0,0.0
432,Sunday,6,12,Midday,1,1,1,1.0
432,Sunday,6,13,Midday,1,1,1,1.0
432,Sunday,6,15,Evening Rush,1,1,1,1.0
432,Sunday,6,16,Evening Rush,1,1,0,0.0
432,Thursday,3,18,Evening Rush,2,2,1,0.5
432,Tuesday,1,7,Morning Rush,1,1,1,1.0
432,Tuesday,1,8,Morning Rush,1,1,1,1.0
432,Tuesday,1,13,Midday,1,1,0,0.0
432,Tuesday,1,14,Midday,1,1,0,0.0
432,Tuesday,1,17,Evening Rush,1,1,0,0.0
432,Tuesday,1,18,Evening Rush,1,1,0,0.0
432,Tuesday,1,19,Evening,2,2,0,0.0
432,Wednesday,2,14,Midday,1,1,0,0.0
432,Wednesday,2,16,Evening Rush,1,1,0,0.0
433,Friday,4,6,Morning Rush,1,1,1,1.0
433,Friday,4,9,Morning Rush,1,1,0,0.0
433,Friday,4,15,Evening Rush,1,1,0,0.0
433,Friday,4,23,Evening,1,1,0,0.0
433,Monday,0,8,Morning Rush,2,2,2,1.0
433,Monday,0,9,Morning Rush,1,1,1,1.0
433,Monday,0,12,Midday,1,1,0,0.0
433,Monday,0,18,Evening Rush,1,1,1,1.0
433,Monday,0,19,Evening,1,1,1,1.0
433,Monday,0,23,Evening,6,6,6,1.0
433,Saturday,5,0,Night,2,2,0,0.0
433,Saturday,5,1,Night,1,1,0,0.0
433,Saturday,5,2,Night,3,3,0,0.0
433,Saturday,5,3,Night,1,1,0,0.0
433,Saturday,5,4,Night,1,1,0,0.0
433,Saturday,5,23,Evening,1,1,1,1.0
433,Sunday,6,0,Night,2,2,0,0.0
433,Sunday,6,13,Midday,2,2,0,0.0
433,Sunday,6,21,Evening,1,1,1,1.0
433,Sunday,6,22,Evening,1,1,0,0.0
433,Thursday,3,1,Night,1,1,1,1.0
433,Thursday,3,10,Midday,1,1,1,1.0
433,Thursday,3,17,Evening Rush,2,2,1,0.5
433,Thursday,3,21,Evening,1,1,1,1.0
433,Tuesday,1,6,Morning Rush,1,1,1,1.0
433,Tuesday,1,18,Evening Rush,2,2,1,0.5
433,Tuesday,1,19,Evening,1,1,1,1.0
433,Tuesday,1,22,Evening,2,2,1,0.5
433,Wednesday,2,7,Morning Rush,1,1,0,0.0
433,Wednesday,2,9,Morning Rush,1,1,1,1.0
433,Wednesday,2,11,Midday,1,1,0,0.0
433,Wednesday,2,17,Evening Rush,1,1,0,0.0
433,Wednesday,2,18,Evening Rush,1,1,0,0.0
434,Friday,4,10,Midday,2,2,0,0.0
434,Friday,4,11,Midday,1,1,0,0.0
434,Monday,0,10,Midday,3,3,1,0.3333333333333333
434,Saturday,5,19,Evening,1,1,0,0.0
434,Sunday,6,15,Evening Rush,1,1,0,0.0
434,Sunday,6,22,Evening,1,1,0,0.0
434,Thursday,3,18,Evening Rush,1,1,0,0.0
434,Thursday,3,19,Evening,1,1,0,0.0
434,Tuesday,1,15,Evening Rush,1,1,0,0.0
434,Tuesday,1,17,Evening Rush,1,1,1,1.0
434,Tuesday,1,18,Evening Rush,1,1,0,0.0
434,Tuesday,1,19,Evening,1,1,1,1.0
434,Wednesday,2,6,Morning Rush,1,1,1,1.0
434,Wednesday,2,12,Midday,1,1,1,1.0
434,Wednesday,2,14,Midday,2,2,1,0.5
434,Wednesday,2,18,Evening Rush,1,1,1,1.0
435,Friday,4,0,Night,1,1,0,0.0
435,Friday,4,11,Midday,1,1,0,0.0
435,Friday,4,12,Midday,1,1,1,1.0
435,Friday,4,13,Midday,1,1,0,0.0
435,Friday,4,15,Evening Rush,1,1,0,0.0
435,Friday,4,18,Evening Rush,1,1,1,1.0
435,Friday,4,20,Evening,1,1,0,0.0
435,Monday,0,9,Morning Rush,1,1,0,0.0
435,Monday,0,12,Midday,1,1,1,1.0
435,Saturday,5,15,Evening Rush,1,1,1,1.0
435,Saturday,5,22,Evening,1,1,0,0.0
435,Sunday,6,0,Night,1,1,0,0.0
435,Sunday,6,19,Evening,1,1,0,0.0
435,Sunday,6,20,Evening,1,1,0,0.0
435,Thursday,3,7,Morning Rush,1,1,1,1.0
435,Thursday,3,18,Evening Rush,1,1,0,0.0
435,Thursday,3,21,Evening,1,1,1,1.0
435,Tuesday,1,4,Night,1,1,0,0.0
435,Tuesday,1,7,Morning Rush,1,1,0,0.0
435,Tuesday,1,16,Evening Rush,1,1,0,0.0
435,Wednesday,2,16,Evening Rush,1,1,0,0.0
435,Wednesday,2,18,Evening Rush,1,1,0,0.0
435,Wednesday,2,19,Evening,1,1,1,1.0
435,Wednesday,2,20,Evening,1,1,0,0.0
436,Friday,4,5,Night,1,1,0,0.0
436,Friday,4,6,Morning Rush,1,1,1,1.0
436,Friday,4,14,Midday,1,1,1,1.0
436,Friday,4,16,Evening Rush,2,2,0,0.0
436,Friday,4,18,Evening Rush,2,2,0,0.0
436,Friday,4,19,Evening,3,3,0,0.0
436,Monday,0,0,Night,1,1,1,1.0
436,Monday,0,5,Night,1,1,0,0.0
436,Monday,0,9,Morning Rush,1,1,1,1.0
436,Monday,0,13,Midday,2,2,1,0.5
436,Monday,0,14,Midday,1,1,1,1.0
436,Monday,0,17,Evening Rush,1,1,1,1.0
436,Monday,0,18,Evening Rush,1,1,0,0.0
436,Saturday,5,9,Morning Rush,1,1,0,0.0
436,Saturday,5,15,Evening Rush,1,1,1,1.0
436,Saturday,5,17,Evening Rush,2,2,1,0.5
436,Saturday,5,20,Evening,1,1,1,1.0
436,Saturday,5,21,Evening,1,1,0,0.0
436,Sunday,6,2,Night,1,1,1,1.0
436,Sunday,6,12,Midday,1,1,1,1.0
436,Sunday,6,14,Midday,1,1,0,0.0
436,Sunday,6,15,Evening Rush,1,1,1,1.0
436,Sunday,6,18,Evening Rush,1,1,0,0.0
436,Sunday,6,22,Evening,1,1,1,1.0
436,Thursday,3,0,Night,1,1,0,0.0
436,Thursday,3,3,Night,1,1,0,0.0
436,Thursday,3,6,Morning Rush,1,1,1,1.0
436,Thursday,3,8,Morning Rush,2,2,1,0.5
436,Thursday,3,10,Midday,2,2,2,1.0
436,Thursday,3,13,Midday,2,2,2,1.0
436,Thursday,3,15,Evening Rush,1,1,0,0.0
436,Thursday,3,16,Evening Rush,2,2,0,0.0
436,Thursday,3,17,Evening Rush,1,1,0,0.0
436,Thursday,3,19,Evening,1,1,1,1.0
436,Thursday,3,20,Evening,1,1,0,0.0
436,Thursday,3,22,Evening,1,1,1,1.0
436,Tuesday,1,6,Morning Rush,1,1,0,0.0
436,Tuesday,1,7,Morning Rush,1,1,0,0.0
436,Tuesday,1,8,Morning Rush,1,1,1,1.0
436,Tuesday,1,9,Morning Rush,2,2,2,1.0
436,Tuesday,1,16,Evening Rush,3,3,1,0.3333333333333333
436,Tuesday,1,17,Evening Rush,1,1,0,0.0
436,Tuesday,1,20,Evening,1,1,0,0.0
436,Tuesday,1,22,Evening,1,1,0,0.0
436,Wednesday,2,6,Morning Rush,1,1,0,0.0
436,Wednesday,2,8,Morning Rush,1,1,1,1.0
436,Wednesday,2,9,Morning Rush,1,1,1,1.0
436,Wednesday,2,10,Midday,1,1,1,1.0
436,Wednesday,2,12,Midday,2,2,1,0.5
436,Wednesday,2,15,Evening Rush,1,1,0,0.0
436,Wednesday,2,16,Evening Rush,1,1,0,0.0
436,Wednesday,2,17,Evening Rush,2,2,0,0.0
436,Wednesday,2,18,Evening Rush,2,2,0,0.0
436,Wednesday,2,20,Evening,1,1,0,0.0
436,Wednesday,2,21,Evening,1,1,1,1.0
437,Friday,4,8,Morning Rush,1,1,0,0.0
437,Friday,4,9,Morning Rush,1,1,0,0.0
437,Friday,4,14,Midday,1,1,0,0.0
437,Friday,4,21,Evening,1,1,1,1.0
437,Monday,0,5,Night,1,1,0,0.0
437,Monday,0,6,Morning Rush,1,1,1,1.0
437,Monday,0,8,Morning Rush,1,1,0,0.0
437,Monday,0,13,Midday,1,1,0,0.0
437,Monday,0,14,Midday,1,1,0,0.0
437,Saturday,5,1,Night,1,1,1,1.0
437,Saturday,5,7,Morning Rush,1,1,0,0.0
437,Saturday,5,8,Morning Rush,1,1,1,1.0
437,Saturday,5,19,Evening,1,1,1,1.0
437,Sunday,6,15,Evening Rush,1,1,0,0.0
437,Sunday,6,19,Evening,1,1,1,1.0
437,Thursday,3,12,Midday,1,1,0,0.0
437,Thursday,3,13,Midday,1,1,0,0.0
437,Thursday,3,17,Evening Rush,1,1,0,0.0
437,Thursday,3,19,Evening,1,1,0,0.0
437,Tuesday,1,2,Night,1,1,1,1.0
437,Tuesday,1,10,Midday,1,1,0,0.0
437,Tuesday,1,16,Evening Rush,1,1,0,0.0
437,Wednesday,2,5,Night,3,3,1,0.3333333333333333
437,Wednesday,2,8,Morning Rush,1,1,1,1.0
437,Wednesday,2,10,Midday,1,1,0,0.0
437,Wednesday,2,11,Midday,1,1,0,0.0
437,Wednesday,2,15,Evening Rush,1,1,0,0.0
438,Friday,4,1,Night,1,1,0,0.0
438,Friday,4,5,Night,1,1,0,0.0
438,Friday,4,9,Morning Rush,1,1,0,0.0
438,Friday,4,13,Midday,1,1,0,0.0
438,Friday,4,16,Evening Rush,1,1,0,0.0
438,Friday,4,21,Evening,1,1,1,1.0
438,Friday,4,23,Evening,1,1,0,0.0
438,Monday,0,7,Morning Rush,1,1,0,0.0
438,Monday,0,16,Evening Rush,2,2,0,0.0
438,Monday,0,17,Evening Rush,1,1,1,1.0
438,Saturday,5,8,Morning Rush,1,1,1,1.0
438,Saturday,5,9,Morning Rush,1,1,1,1.0
438,Saturday,5,16,Evening Rush,1,1,0,0.0
438,Saturday,5,22,Evening,1,1,1,1.0
438,Sunday,6,8,Morning Rush,1,1,0,0.0
438,Sunday,6,19,Evening,1,1,1,1.0
438,Sunday,6,22,Evening,1,1,1,1.0
438,Thursday,3,10,Midday,1,1,1,1.0
438,Tuesday,1,5,Night,1,1,0,0.0
438,Tuesday,1,10,Midday,1,1,0,0.0
438,Tuesday,1,11,Midday,2,2,0,0.0
438,Wednesday,2,6,Morning Rush,1,1,1,1.0
438,Wednesday,2,12,Midday,1,1,0,0.0
438,Wednesday,2,15,Evening Rush,1,1,0,0.0
438,Wednesday,2,19,Evening,2,2,1,0.5
438,Wednesday,2,20,Evening,1,1,1,1.0
438,Wednesday,2,21,Evening,1,1,0,0.0
439,Friday,4,2,Night,1,1,0,0.0
439,Friday,4,7,Morning Rush,1,1,1,1.0
439,Friday,4,14,Midday,1,1,1,1.0
439,Friday,4,20,Evening,1,1,0,0.0
439,Friday,4,21,Evening,1,1,1,1.0
439,Monday,0,7,Morning Rush,1,1,0,0.0
439,Monday,0,13,Midday,1,1,0,0.0
439,Monday,0,20,Evening,1,1,0,0.0
439,Saturday,5,11,Midday,1,1,1,1.0
439,Saturday,5,19,Evening,1,1,0,0.0
439,Sunday,6,20,Evening,1,1,0,0.0
439,Sunday,6,22,Evening,1,1,0,0.0
439,Sunday,6,23,Evening,1,1,1,1.0
439,Thursday,3,6,Morning Rush,1,1,1,1.0
439,Thursday,3,17,Evening Rush,1,1,0,0.0
439,Thursday,3,18,Evening Rush,1,1,0,0.0
439,Thursday,3,21,Evening,1,1,0,0.0
439,Tuesday,1,7,Morning Rush,2,2,1,0.5
439,Tuesday,1,12,Midday,1,1,0,0.0
439,Tuesday,1,18,Evening Rush,1,1,0,0.0
439,Tuesday,1,19,Evening,2,2,2,1.0
439,Wednesday,2,9,Morning Rush,1,1,1,1.0
439,Wednesday,2,17,Evening Rush,1,1,0,0.0
439,Wednesday,2,18,Evening Rush,1,1,0,0.0
440,Friday,4,10,Midday,1,1,0,0.0
440,Friday,4,18,Evening Rush,1,1,1,1.0
440,Monday,0,7,Morning Rush,1,1,1,1.0
440,Monday,0,11,Midday,1,1,1,1.0
440,Monday,0,19,Evening,1,1,0,0.0
440,Saturday,5,7,Morning Rush,1,1,1,1.0
440,Saturday,5,12,Midday,1,1,1,1.0
440,Sunday,6,13,Midday,1,1,0,0.0
440,Sunday,6,18,Evening Rush,1,1,0,0.0
440,Thursday,3,16,Evening Rush,3,3,2,0.6666666666666666
440,Tuesday,1,6,Morning Rush,1,1,0,0.0
440,Tuesday,1,8,Morning Rush,1,1,1,1.0
440,Tuesday,1,11,Midday,3,3,1,0.3333333333333333
440,Tuesday,1,18,Evening Rush,1,1,1,1.0
440,Tuesday,1,19,Evening,1,1,0,0.0
440,Tuesday,1,20,Evening,1,1,0,0.0
441,Friday,4,5,Night,1,1,1,1.0
441,Friday,4,6,Morning Rush,3,3,2,0.6666666666666666
441,Friday,4,15,Evening Rush,1,1,0,0.0
441,Friday,4,16,Evening Rush,2,2,1,0.5
441,Friday,4,17,Evening Rush,1,1,1,1.0
441,Friday,4,19,Evening,1,1,1,1.0
441,Friday,4,21,Evening,1,1,0,0.0
441,Monday,0,8,Morning Rush,1,1,0,0.0
441,Monday,0,9,Morning Rush,3,3,1,0.3333333333333333
441,Monday,0,11,Midday,1,1,1,1.0
441,Monday,0,15,Evening Rush,2,2,2,1.0
441,Monday,0,23,Evening,1,1,0,0.0
441,Saturday,5,0,Night,1,1,0,0.0
441,Saturday,5,6,Morning Rush,1,1,1,1.0
441,Saturday,5,10,Midday,1,1,0,0.0
441,Saturday,5,11,Midday,1,1,0,0.0
441,Saturday,5,12,Midday,1,1,0,0.0
441,Saturday,5,16,Evening Rush,1,1,1,1.0
441,Saturday,5,17,Evening Rush,1,1,1,1.0
441,Saturday,5,19,Evening,2,2,2,1.0
441,Saturday,5,21,Evening,1,1,0,0.0
441,Saturday,5,23,Evening,1,1,0,0.0
441,Sunday,6,0,Night,1,1,0,0.0
441,Sunday,6,17,Evening Rush,1,1,0,0.0
441,Sunday,6,22,Evening,1,1,0,0.0
441,Thursday,3,13,Midday,1,1,0,0.0
441,Thursday,3,14,Midday,1,1,0,0.0
441,Thursday,3,15,Evening Rush,1,1,1,1.0
441,Thursday,3,16,Evening Rush,1,1,0,0.0
441,Thursday,3,17,Evening Rush,3,3,1,0.3333333333333333
441,Thursday,3,18,Evening Rush,2,2,1,0.5
441,Thursday,3,20,Evening,2,2,1,0.5
441,Thursday,3,21,Evening,1,1,0,0.0
441,Tuesday,1,7,Morning Rush,1,1,0,0.0
441,Tuesday,1,8,Morning Rush,1,1,0,0.0
441,Tuesday,1,11,Midday,1,1,0,0.0
441,Tuesday,1,12,Midday,2,2,0,0.0
441,Tuesday,1,13,Midday,1,1,0,0.0
441,Tuesday,1,17,Evening Rush,1,1,0,0.0
441,Tuesday,1,18,Evening Rush,2,2,0,0.0
441,Tuesday,1,21,Evening,5,5,2,0.4
441,Wednesday,2,8,Morning Rush,1,1,0,0.0
441,Wednesday,2,11,Midday,1,1,0,0.0
441,Wednesday,2,15,Evening Rush,3,3,0,0.0
441,Wednesday,2,16,Evening Rush,2,2,0,0.0
441,Wednesday,2,18,Evening Rush,2,2,1,0.5
441,Wednesday,2,19,Evening,2,2,2,1.0
441,Wednesday,2,21,Evening,1,1,0,0.0
441,Wednesday,2,22,Evening,1,1,1,1.0
441,Wednesday,2,23,Evening,1,1,0,0.0
442,Friday,4,9,Morning Rush,1,1,0,0.0
442,Friday,4,12,Midday,1,1,1,1.0
442,Friday,4,16,Evening Rush,1,1,0,0.0
442,Friday,4,18,Evening Rush,1,1,1,1.0
442,Friday,4,21,Evening,1,1,0,0.0
442,Monday,0,8,Morning Rush,1,1,1,1.0
442,Monday,0,9,Morning Rush,1,1,1,1.0
442,Monday,0,13,Midday,1,1,0,0.0
442,Monday,0,16,Evening Rush,1,1,0,0.0
442,Monday,0,18,Evening Rush,1,1,0,0.0
442,Saturday,5,6,Morning Rush,1,1,0,0.0
442,Saturday,5,13,Midday,1,1,1,1.0
442,Saturday,5,16,Evening Rush,1,1,1,1.0
442,Saturday,5,17,Evening Rush,2,2,1,0.5
442,Sunday,6,12,Midday,1,1,0,0.0
442,Sunday,6,13,Midday,1,1,0,0.0
442,Thursday,3,11,Midday,1,1,0,0.0
442,Thursday,3,17,Evening Rush,2,2,0,0.0
442,Thursday,3,19,Evening,1,1,1,1.0
442,Tuesday,1,10,Midday,1,1,1,1.0
442,Tuesday,1,14,Midday,1,1,1,1.0
442,Tuesday,1,16,Evening Rush,1,1,0,0.0
442,Tuesday,1,18,Evening Rush,2,2,2,1.0
442,Tuesday,1,20,Evening,1,1,0,0.0
442,Wednesday,2,7,Morning Rush,1,1,1,1.0
442,Wednesday,2,18,Evening Rush,1,1,0,0.0
442,Wednesday,2,19,Evening,1,1,1,1.0
443,Friday,4,4,Night,1,1,0,0.0
443,Friday,4,5,Night,1,1,0,0.0
443,Friday,4,9,Morning Rush,2,2,0,0.0
443,Friday,4,11,Midday,1,1,1,1.0
443,Friday,4,12,Midday,1,1,0,0.0
443,Friday,4,19,Evening,2,2,0,0.0
443,Monday,0,3,Night,1,1,0,0.0
443,Monday,0,10,Midday,1,1,0,0.0
443,Monday,0,16,Evening Rush,1,1,1,1.0
443,Monday,0,19,Evening,2,2,0,0.0
443,Monday,0,22,Evening,1,1,0,0.0
443,Saturday,5,17,Evening Rush,1,1,0,0.0
443,Saturday,5,18,Evening Rush,1,1,1,1.0
443,Sunday,6,8,Morning Rush,1,1,0,0.0
443,Thursday,3,7,Morning Rush,1,1,1,1.0
443,Thursday,3,8,Morning Rush,1,1,0,0.0
443,Thursday,3,17,Evening Rush,1,1,0,0.0
443,Tuesday,1,7,Morning Rush,1,1,0,0.0
443,Tuesday,1,10,Midday,1,1,1,1.0
443,Tuesday,1,12,Midday,1,1,0,0.0
443,Tuesday,1,15,Evening Rush,1,1,0,0.0
443,Tuesday,1,17,Evening Rush,1,1,1,1.0
443,Wednesday,2,5,Night,1,1,0,0.0
443,Wednesday,2,9,Morning Rush,1,1,0,0.0
443,Wednesday,2,12,Midday,1,1,0,0.0
443,Wednesday,2,13,Midday,1,1,0,0.0
443,Wednesday,2,15,Evening Rush,2,2,0,0.0
443,Wednesday,2,16,Evening Rush,1,1,0,0.0
443,Wednesday,2,21,Evening,1,1,0,0.0
444,Friday,4,2,Night,1,1,0,0.0
444,Friday,4,9,Morning Rush,2,2,1,0.5
444,Friday,4,17,Evening Rush,1,1,0,0.0
444,Friday,4,18,Evening Rush,1,1,0,0.0
444,Friday,4,19,Evening,1,1,1,1.0
444,Monday,0,8,Morning Rush,1,1,0,0.0
444,Monday,0,11,Midday,1,1,0,0.0
444,Monday,0,13,Midday,1,1,0,0.0
444,Monday,0,15,Evening Rush,1,1,1,1.0
444,Monday,0,17,Evening Rush,2,2,0,0.0
444,Monday,0,18,Evening Rush,1,1,1,1.0
444,Monday,0,20,Evening,2,2,2,1.0
444,Saturday,5,10,Midday,1,1,0,0.0
444,Saturday,5,19,Evening,1,1,1,1.0
444,Saturday,5,20,Evening,1,1,1,1.0
444,Saturday,5,23,Evening,1,1,0,0.0
444,Sunday,6,11,Midday,1,1,1,1.0
444,Sunday,6,13,Midday,1,1,1,1.0
444,Sunday,6,18,Evening Rush,4,4,2,0.5
444,Sunday,6,19,Evening,1,1,1,1.0
444,Sunday,6,21,Evening,1,1,0,0.0
444,Thursday,3,15,Evening Rush,2,2,0,0.0
444,Thursday,3,16,Evening Rush,1,1,1,1.0
444,Thursday,3,17,Evening Rush,3,3,2,0.6666666666666666
444,Thursday,3,22,Evening,1,1,0,0.0
444,Tuesday,1,9,Morning Rush,1,1,0,0.0
444,Tuesday,1,17,Evening Rush,2,2,1,0.5
444,Tuesday,1,18,Evening Rush,1,1,1,1.0
444,Tuesday,1,22,Evening,1,1,1,1.0
444,Wednesday,2,6,Morning Rush,3,3,2,0.6666666666666666
444,Wednesday,2,7,Morning Rush,6,6,4,0.6666666666666666
444,Wednesday,2,10,Midday,1,1,1,1.0
444,Wednesday,2,12,Midday,1,1,0,0.0
444,Wednesday,2,14,Midday,1,1,1,1.0
444,Wednesday,2,16,Evening Rush,1,1,0,0.0
444,Wednesday,2,17,Evening Rush,1,1,1,1.0
444,Wednesday,2,18,Evening Rush,1,1,0,0.0
444,Wednesday,2,21,Evening,1,1,0,0.0
445,Friday,4,7,Morning Rush,1,1,0,0.0
445,Friday,4,12,Midday,1,1,0,0.0
445,Friday,4,14,Midday,2,2,1,0.5
445,Friday,4,15,Evening Rush,1,1,0,0.0
445,Monday,0,8,Morning Rush,1,1,0,0.0
445,Monday,0,12,Midday,1,1,1,1.0
445,Monday,0,14,Midday,1,1,0,0.0
445,Monday,0,19,Evening,1,1,0,0.0
445,Saturday,5,9,Morning Rush,1,1,1,1.0
445,Saturday,5,13,Midday,1,1,0,0.0
445,Saturday,5,16,Evening Rush,1,1,0,0.0
445,Saturday,5,18,Evening Rush,1,1,1,1.0
445,Saturday,5,22,Evening,1,1,1,1.0
445,Sunday,6,7,Morning Rush,1,1,1,1.0
445,Sunday,6,10,Midday,1,1,1,1.0
445,Sunday,6,17,Evening Rush,1,1,1,1.0
445,Thursday,3,4,Night,1,1,1,1.0
445,Thursday,3,7,Morning Rush,1,1,1,1.0
445,Thursday,3,14,Midday,1,1,0,0.0
445,Thursday,3,17,Evening Rush,1,1,0,0.0
445,Thursday,3,20,Evening,1,1,1,1.0
445,Tuesday,1,8,Morning Rush,1,1,1,1.0
445,Wednesday,2,9,Morning Rush,1,1,1,1.0
445,Wednesday,2,14,Midday,1,1,0,0.0
445,Wednesday,2,22,Evening,1,1,0,0.0
446,Friday,4,4,Night,1,1,0,0.0
446,Friday,4,9,Morning Rush,1,1,1,1.0
446,Friday,4,13,Midday,1,1,0,0.0
446,Friday,4,14,Midday,3,3,0,0.0
446,Friday,4,16,Evening Rush,1,1,0,0.0
446,Friday,4,17,Evening Rush,2,2,0,0.0
446,Friday,4,18,Evening Rush,1,1,0,0.0
446,Friday,4,21,Evening,1,1,0,0.0
446,Monday,0,4,Night,1,1,0,0.0
446,Monday,0,6,Morning Rush,1,1,1,1.0
446,Monday,0,17,Evening Rush,2,2,2,1.0
446,Saturday,5,7,Morning Rush,1,1,0,0.0
446,Saturday,5,8,Morning Rush,1,1,1,1.0
446,Saturday,5,12,Midday,1,1,0,0.0
446,Saturday,5,16,Evening Rush,1,1,0,0.0
446,Saturday,5,19,Evening,1,1,0,0.0
446,Saturday,5,21,Evening,1,1,0,0.0
446,Sunday,6,13,Midday,1,1,0,0.0
446,Sunday,6,16,Evening Rush,3,3,2,0.6666666666666666
446,Thursday,3,8,Morning Rush,1,1,0,0.0
446,Thursday,3,9,Morning Rush,1,1,1,1.0
446,Thursday,3,10,Midday,1,1,0,0.0
446,Thursday,3,11,Midday,1,1,0,0.0
446,Thursday,3,12,Midday,1,1,0,0.0
446,Thursday,3,13,Midday,1,1,0,0.0
446,Thursday,3,15,Evening Rush,2,2,0,0.0
446,Thursday,3,16,Evening Rush,1,1,0,0.0
446,Thursday,3,17,Evening Rush,2,2,0,0.0
446,Thursday,3,18,Evening Rush,1,1,0,0.0
446,Thursday,3,19,Evening,1,1,0,0.0
446,Tuesday,1,11,Midday,2,2,0,0.0
446,Tuesday,1,12,Midday,1,1,0,0.0
446,Tuesday,1,17,Evening Rush,1,1,0,0.0
446,Tuesday,1,22,Evening,1,1,1,1.0
446,Wednesday,2,3,Night,1,1,0,0.0
446,Wednesday,2,4,Night,1,1,1,1.0
446,Wednesday,2,8,Morning Rush,1,1,1,1.0
446,Wednesday,2,9,Morning Rush,1,1,0,0.0
446,Wednesday,2,13,Midday,1,1,1,1.0
446,Wednesday,2,14,Midday,1,1,0,0.0
446,Wednesday,2,15,Evening Rush,1,1,1,1.0
446,Wednesday,2,17,Evening Rush,1,1,1,1.0
446,Wednesday,2,19,Evening,1,1,1,1.0
446,Wednesday,2,21,Evening,1,1,0,0.0
447,Friday,4,8,Morning Rush,2,2,2,1.0
447,Friday,4,11,Midday,2,2,1,0.5
447,Friday,4,15,Evening Rush,2,2,2,1.0
447,Friday,4,16,Evening Rush,1,1,0,0.0
447,Friday,4,17,Evening Rush,1,1,0,0.0
447,Friday,4,20,Evening,1,1,0,0.0
447,Monday,0,6,Morning Rush,1,1,1,1.0
447,Monday,0,10,Midday,1,1,0,0.0
447,Monday,0,11,Midday,1,1,0,0.0
447,Monday,0,12,Midday,1,1,0,0.0
447,Monday,0,14,Midday,3,3,0,0.0
447,Monday,0,15,Evening Rush,1,1,0,0.0
447,Monday,0,16,Evening Rush,1,1,0,0.0
447,Monday,0,17,Evening Rush,1,1,0,0.0
447,Saturday,5,4,Night,1,1,0,0.0
447,Saturday,5,9,Morning Rush,1,1,0,0.0
447,Saturday,5,10,Midday,1,1,0,0.0
447,Saturday,5,11,Midday,1,1,0,0.0
447,Saturday,5,15,Evening Rush,1,1,1,1.0
447,Saturday,5,22,Evening,1,1,1,1.0
447,Sunday,6,8,Morning Rush,1,1,0,0.0
447,Sunday,6,10,Midday,2,2,0,0.0
447,Sunday,6,11,Midday,1,1,0,0.0
447,Sunday,6,13,Midday,1,1,1,1.0
447,Sunday,6,15,Evening Rush,2,2,0,0.0
447,Sunday,6,16,Evening Rush,1,1,0,0.0
447,Sunday,6,17,Evening Rush,1,1,0,0.0
447,Sunday,6,19,Evening,1,1,1,1.0
447,Sunday,6,21,Evening,1,1,1,1.0
447,Sunday,6,23,Evening,1,1,1,1.0
447,Thursday,3,7,Morning Rush,1,1,1,1.0
447,Thursday,3,8,Morning Rush,1,1,0,0.0
447,Thursday,3,9,Morning Rush,1,1,0,0.0
447,Thursday,3,14,Midday,1,1,0,0.0
447,Thursday,3,16,Evening Rush,1,1,0,0.0
447,Thursday,3,17,Evening Rush,2,2,0,0.0
447,Thursday,3,18,Evening Rush,1,1,0,0.0
447,Thursday,3,23,Evening,1,1,0,0.0
447,Tuesday,1,7,Morning Rush,1,1,0,0.0
447,Tuesday,1,13,Midday,1,1,0,0.0
447,Tuesday,1,14,Midday,1,1,0,0.0
447,Tuesday,1,16,Evening Rush,2,2,0,0.0
447,Tuesday,1,17,Evening Rush,2,2,2,1.0
447,Tuesday,1,18,Evening Rush,1,1,1,1.0
447,Wednesday,2,7,Morning Rush,1,1,1,1.0
447,Wednesday,2,8,Morning Rush,1,1,1,1.0
447,Wednesday,2,16,Evening Rush,2,2,0,0.0
447,Wednesday,2,17,Evening Rush,2,2,0,0.0
447,Wednesday,2,20,Evening,1,1,1,1.0
447,Wednesday,2,22,Evening,1,1,0,0.0
448,Friday,4,6,Morning Rush,1,1,0,0.0
448,Friday,4,9,Morning Rush,1,1,0,0.0
448,Friday,4,10,Midday,1,1,1,1.0
448,Friday,4,11,Midday,1,1,0,0.0
448,Friday,4,12,Midday,1,1,1,1.0
448,Friday,4,15,Evening Rush,1,1,0,0.0
448,Friday,4,17,Evening Rush,1,1,0,0.0
448,Friday,4,23,Evening,1,1,1,1.0
448,Monday,0,8,Morning Rush,3,3,1,0.3333333333333333
448,Monday,0,10,Midday,2,2,2,1.0
448,Monday,0,15,Evening Rush,1,1,1,1.0
448,Monday,0,18,Evening Rush,1,1,0,0.0
448,Monday,0,20,Evening,1,1,1,1.0
448,Saturday,5,4,Night,1,1,0,0.0
448,Saturday,5,8,Morning Rush,1,1,1,1.0
448,Saturday,5,14,Midday,2,2,0,0.0
448,Saturday,5,15,Evening Rush,1,1,0,0.0
448,Saturday,5,17,Evening Rush,1,1,1,1.0
448,Saturday,5,21,Evening,1,1,0,0.0
448,Saturday,5,22,Evening,1,1,1,1.0
448,Sunday,6,4,Night,1,1,0,0.0
448,Sunday,6,12,Midday,2,2,1,0.5
448,Thursday,3,7,Morning Rush,2,2,2,1.0
448,Thursday,3,8,Morning Rush,1,1,0,0.0
448,Thursday,3,9,Morning Rush,1,1,0,0.0
448,Thursday,3,11,Midday,1,1,0,0.0
448,Thursday,3,12,Midday,1,1,0,0.0
448,Thursday,3,17,Evening Rush,3,3,0,0.0
448,Thursday,3,19,Evening,1,1,1,1.0
448,Thursday,3,21,Evening,1,1,1,1.0
448,Tuesday,1,7,Morning Rush,3,3,1,0.3333333333333333
448,Tuesday,1,9,Morning Rush,4,4,2,0.5
448,Tuesday,1,10,Midday,1,1,0,0.0
448,Tuesday,1,12,Midday,1,1,1,1.0
448,Tuesday,1,14,Midday,1,1,1,1.0
448,Tuesday,1,17,Evening Rush,1,1,1,1.0
448,Tuesday,1,18,Evening Rush,1,1,0,0.0
448,Tuesday,1,19,Evening,1,1,1,1.0
448,Tuesday,1,20,Evening,1,1,1,1.0
448,Wednesday,2,2,Night,1,1,1,1.0
448,Wednesday,2,7,Morning Rush,2,2,1,0.5
448,Wednesday,2,9,Morning Rush,1,1,0,0.0
448,Wednesday,2,11,Midday,2,2,2,1.0
448,Wednesday,2,12,Midday,1,1,1,1.0
448,Wednesday,2,16,Evening Rush,1,1,0,0.0
448,Wednesday,2,19,Evening,1,1,1,1.0
449,Friday,4,8,Morning Rush,1,1,1,1.0
449,Friday,4,10,Midday,1,1,1,1.0
449,Friday,4,11,Midday,1,1,0,0.0
449,Friday,4,13,Midday,1,1,1,1.0
449,Friday,4,18,Evening Rush,1,1,0,0.0
449,Friday,4,20,Evening,1,1,1,1.0
449,Friday,4,22,Evening,1,1,1,1.0
449,Monday,0,8,Morning Rush,1,1,1,1.0
449,Monday,0,16,Evening Rush,1,1,0,0.0
449,Monday,0,22,Evening,2,2,1,0.5
449,Saturday,5,8,Morning Rush,1,1,0,0.0
449,Saturday,5,11,Midday,1,1,1,1.0
449,Saturday,5,13,Midday,1,1,0,0.0
449,Sunday,6,11,Midday,1,1,1,1.0
449,Sunday,6,14,Midday,1,1,0,0.0
449,Sunday,6,17,Evening Rush,1,1,1,1.0
449,Sunday,6,19,Evening,1,1,0,0.0
449,Thursday,3,12,Midday,1,1,1,1.0
449,Thursday,3,14,Midday,1,1,1,1.0
449,Thursday,3,17,Evening Rush,1,1,0,0.0
449,Thursday,3,19,Evening,1,1,1,1.0
449,Tuesday,1,7,Morning Rush,2,2,2,1.0
449,Tuesday,1,15,Evening Rush,1,1,1,1.0
449,Tuesday,1,19,Evening,2,2,1,0.5
449,Wednesday,2,9,Morning Rush,1,1,1,1.0
449,Wednesday,2,14,Midday,1,1,0,0.0
449,Wednesday,2,20,Evening,1,1,1,1.0
450,Friday,4,0,Night,1,1,0,0.0
450,Friday,4,5,Night,1,1,1,1.0
450,Friday,4,11,Midday,1,1,0,0.0
450,Friday,4,14,Midday,1,1,1,1.0
450,Friday,4,16,Evening Rush,1,1,0,0.0
450,Friday,4,20,Evening,1,1,0,0.0
450,Monday,0,9,Morning Rush,1,1,1,1.0
450,Monday,0,14,Midday,1,1,1,1.0
450,Saturday,5,0,Night,2,2,0,0.0
450,Saturday,5,14,Midday,1,1,1,1.0
450,Saturday,5,16,Evening Rush,1,1,0,0.0
450,Saturday,5,20,Evening,1,1,0,0.0
450,Saturday,5,22,Evening,1,1,1,1.0
450,Sunday,6,0,Night,1,1,1,1.0
450,Sunday,6,3,Night,1,1,1,1.0
450,Sunday,6,4,Night,1,1,1,1.0
450,Thursday,3,16,Evening Rush,1,1,0,0.0
450,Thursday,3,19,Evening,1,1,0,0.0
450,Tuesday,1,9,Morning Rush,1,1,1,1.0
450,Tuesday,1,14,Midday,1,1,1,1.0
450,Tuesday,1,17,Evening Rush,1,1,0,0.0
450,Tuesday,1,22,Evening,1,1,0,0.0
450,Wednesday,2,6,Morning Rush,1,1,0,0.0
450,Wednesday,2,9,Morning Rush,1,1,1,1.0
450,Wednesday,2,11,Midday,1,1,0,0.0
450,Wednesday,2,12,Midday,1,1,0,0.0
450,Wednesday,2,16,Evening Rush,1,1,1,1.0
450,Wednesday,2,17,Evening Rush,1,1,0,0.0
451,Friday,4,8,Morning Rush,1,1,0,0.0
451,Friday,4,11,Midday,3,3,1,0.3333333333333333
451,Friday,4,12,Midday,1,1,1,1.0
451,Friday,4,14,Midday,2,2,2,1.0
451,Friday,4,15,Evening Rush,1,1,0,0.0
451,Friday,4,16,Evening Rush,1,1,0,0.0
451,Friday,4,18,Evening Rush,3,3,0,0.0
451,Friday,4,20,Evening,1,1,1,1.0
451,Friday,4,23,Evening,3,3,3,1.0
451,Monday,0,8,Morning Rush,1,1,1,1.0
451,Monday,0,10,Midday,1,1,1,1.0
451,Monday,0,12,Midday,1,1,1,1.0
451,Monday,0,14,Midday,1,1,0,0.0
451,Monday,0,17,Evening Rush,1,1,0,0.0
451,Saturday,5,1,Night,1,1,0,0.0
451,Saturday,5,3,Night,1,1,1,1.0
451,Saturday,5,4,Night,4,4,4,1.0
451,Saturday,5,12,Midday,2,2,0,0.0
451,Saturday,5,18,Evening Rush,1,1,0,0.0
451,Saturday,5,19,Evening,1,1,0,0.0
451,Sunday,6,11,Midday,1,1,1,1.0
451,Sunday,6,17,Evening Rush,1,1,0,0.0
451,Thursday,3,7,Morning Rush,2,2,1,0.5
451,Thursday,3,13,Midday,1,1,1,1.0
451,Thursday,3,16,Evening Rush,2,2,0,0.0
451,Thursday,3,19,Evening,1,1,0,0.0
451,Thursday,3,21,Evening,1,1,0,0.0
451,Tuesday,1,4,Night,1,1,1,1.0
451,Tuesday,1,6,Morning Rush,1,1,0,0.0
451,Tuesday,1,7,Morning Rush,1,1,0,0.0
451,Tuesday,1,8,Morning Rush,2,2,1,0.5
451,Tuesday,1,14,Midday,1,1,0,0.0
451,Tuesday,1,15,Evening Rush,1,1,1,1.0
451,Tuesday,1,19,Evening,2,2,0,0.0
451,Wednesday,2,3,Night,1,1,0,0.0
451,Wednesday,2,7,Morning Rush,1,1,0,0.0
451,Wednesday,2,8,Morning Rush,1,1,0,0.0
451,Wednesday,2,9,Morning Rush,1,1,1,1.0
451,Wednesday,2,14,Midday,1,1,0,0.0
451,Wednesday,2,20,Evening,1,1,0,0.0
452,Friday,4,7,Morning Rush,1,1,1,1.0
452,Friday,4,8,Morning Rush,1,1,0,0.0
452,Friday,4,10,Midday,2,2,1,0.5
452,Friday,4,11,Midday,1,1,0,0.0
452,Friday,4,12,Midday,1,1,0,0.0
452,Friday,4,15,Evening Rush,1,1,1,1.0
452,Friday,4,16,Evening Rush,1,1,0,0.0
452,Friday,4,17,Evening Rush,1,1,1,1.0
452,Friday,4,18,Evening Rush,1,1,1,1.0
452,Friday,4,19,Evening,2,2,1,0.5
452,Friday,4,21,Evening,1,1,0,0.0
452,Monday,0,14,Midday,1,1,0,0.0
452,Monday,0,15,Evening Rush,1,1,0,0.0
452,Monday,0,16,Evening Rush,3,3,1,0.3333333333333333
452,Monday,0,17,Evening Rush,1,1,1,1.0
452,Monday,0,18,Evening Rush,1,1,0,0.0
452,Saturday,5,10,Midday,3,3,3,1.0
452,Saturday,5,11,Midday,1,1,0,0.0
452,Saturday,5,15,Evening Rush,1,1,0,0.0
452,Saturday,5,16,Evening Rush,3,3,1,0.3333333333333333
452,Saturday,5,22,Evening,1,1,1,1.0
452,Sunday,6,9,Morning Rush,1,1,0,0.0
452,Sunday,6,15,Evening Rush,1,1,0,0.0
452,Sunday,6,18,Evening Rush,1,1,1,1.0
452,Thursday,3,8,Morning Rush,1,1,1,1.0
452,Thursday,3,9,Morning Rush,1,1,0,0.0
452,Thursday,3,11,Midday,1,1,0,0.0
452,Thursday,3,16,Evening Rush,1,1,0,0.0
452,Thursday,3,17,Evening Rush,3,3,0,0.0
452,Thursday,3,18,Evening Rush,2,2,1,0.5
452,Tuesday,1,8,Morning Rush,1,1,1,1.0
452,Tuesday,1,9,Morning Rush,1,1,1,1.0
452,Tuesday,1,10,Midday,1,1,0,0.0
452,Tuesday,1,12,Midday,1,1,0,0.0
452,Tuesday,1,19,Evening,1,1,0,0.0
452,Tuesday,1,21,Evening,1,1,0,0.0
452,Wednesday,2,8,Morning Rush,2,2,1,0.5
452,Wednesday,2,11,Midday,1,1,1,1.0
452,Wednesday,2,13,Midday,1,1,0,0.0
452,Wednesday,2,15,Evening Rush,2,2,1,0.5
452,Wednesday,2,17,Evening Rush,2,2,1,0.5
452,Wednesday,2,18,Evening Rush,2,2,0,0.0
452,Wednesday,2,19,Evening,1,1,0,0.0
452,Wednesday,2,22,Evening,1,1,0,0.0
453,Friday,4,14,Midday,2,2,0,0.0
453,Monday,0,5,Night,1,1,0,0.0
453,Monday,0,10,Midday,1,1,0,0.0
453,Monday,0,18,Evening Rush,1,1,0,0.0
453,Saturday,5,19,Evening,1,1,0,0.0
453,Saturday,5,22,Evening,1,1,0,0.0
453,Saturday,5,23,Evening,1,1,0,0.0
453,Sunday,6,1,Night,1,1,1,1.0
453,Sunday,6,13,Midday,1,1,1,1.0
453,Sunday,6,15,Evening Rush,1,1,0,0.0
453,Sunday,6,21,Evening,1,1,1,1.0
453,Thursday,3,16,Evening Rush,1,1,0,0.0
453,Thursday,3,20,Evening,1,1,0,0.0
453,Thursday,3,23,Evening,1,1,0,0.0
453,Tuesday,1,12,Midday,1,1,0,0.0
453,Tuesday,1,22,Evening,1,1,1,1.0
453,Tuesday,1,23,Evening,1,1,1,1.0
453,Wednesday,2,10,Midday,2,2,1,0.5
453,Wednesday,2,16,Evening Rush,1,1,0,0.0
454,Friday,4,2,Night,2,2,0,0.0
454,Friday,4,9,Morning Rush,2,2,1,0.5
454,Friday,4,12,Midday,1,1,1,1.0
454,Friday,4,13,Midday,1,1,0,0.0
454,Friday,4,17,Evening Rush,1,1,0,0.0
454,Friday,4,18,Evening Rush,2,2,2,1.0
454,Friday,4,22,Evening,1,1,0,0.0
454,Friday,4,23,Evening,1,1,1,1.0
454,Monday,0,9,Morning Rush,1,1,0,0.0
454,Monday,0,12,Midday,1,1,0,0.0
454,Monday,0,14,Midday,1,1,1,1.0
454,Saturday,5,12,Midday,1,1,0,0.0
454,Saturday,5,15,Evening Rush,1,1,0,0.0
454,Saturday,5,18,Evening Rush,2,2,1,0.5
454,Saturday,5,21,Evening,1,1,0,0.0
454,Sunday,6,9,Morning Rush,1,1,0,0.0
454,Sunday,6,10,Midday,1,1,0,0.0
454,Sunday,6,12,Midday,1,1,0,0.0
454,Sunday,6,14,Midday,1,1,1,1.0
454,Thursday,3,8,Morning Rush,1,1,1,1.0
454,Thursday,3,20,Evening,1,1,0,0.0
454,Thursday,3,22,Evening,1,1,0,0.0
454,Tuesday,1,0,Night,1,1,1,1.0
454,Tuesday,1,9,Morning Rush,1,1,0,0.0
454,Wednesday,2,1,Night,1,1,0,0.0
454,Wednesday,2,2,Night,1,1,0,0.0
454,Wednesday,2,6,Morning Rush,1,1,0,0.0
454,Wednesday,2,15,Evening Rush,2,2,2,1.0
454,Wednesday,2,17,Evening Rush,2,2,0,0.0
455,Friday,4,0,Night,1,1,0,0.0
455,Friday,4,1,Night,1,1,1,1.0
455,Friday,4,10,Midday,1,1,0,0.0
455,Friday,4,16,Evening Rush,2,2,0,0.0
455,Friday,4,17,Evening Rush,1,1,0,0.0
455,Friday,4,20,Evening,2,2,1,0.5
455,Monday,0,10,Midday,1,1,0,0.0
455,Monday,0,18,Evening Rush,1,1,1,1.0
455,Saturday,5,10,Midday,1,1,0,0.0
455,Saturday,5,13,Midday,1,1,0,0.0
455,Saturday,5,14,Midday,2,2,1,0.5
455,Saturday,5,17,Evening Rush,1,1,1,1.0
455,Saturday,5,22,Evening,1,1,0,0.0
455,Saturday,5,23,Evening,2,2,0,0.0
455,Sunday,6,10,Midday,1,1,0,0.0
455,Sunday,6,17,Evening Rush,1,1,0,0.0
455,Sunday,6,19,Evening,1,1,0,0.0
455,Sunday,6,22,Evening,1,1,1,1.0
455,Thursday,3,12,Midday,1,1,0,0.0
455,Thursday,3,13,Midday,2,2,1,0.5
455,Thursday,3,16,Evening Rush,1,1,0,0.0
455,Thursday,3,22,Evening,1,1,0,0.0
455,Tuesday,1,8,Morning Rush,1,1,1,1.0
455,Tuesday,1,13,Midday,1,1,0,0.0
455,Tuesday,1,15,Evening Rush,2,2,1,0.5
455,Tuesday,1,17,Evening Rush,1,1,1,1.0
455,Wednesday,2,10,Midday,1,1,1,1.0
455,Wednesday,2,12,Midday,1,1,1,1.0
455,Wednesday,2,14,Midday,1,1,1,1.0
455,Wednesday,2,15,Evening Rush,1,1,1,1.0
455,Wednesday,2,16,Evening Rush,2,2,0,0.0
455,Wednesday,2,18,Evening Rush,1,1,0,0.0
455,Wednesday,2,21,Evening,1,1,0,0.0
456,Friday,4,10,Midday,1,1,0,0.0
456,Friday,4,13,Midday,1,1,0,0.0
456,Friday,4,20,Evening,1,1,0,0.0
456,Monday,0,8,Morning Rush,1,1,0,0.0
456,Monday,0,12,Midday,1,1,0,0.0
456,Monday,0,15,Evening Rush,2,2,0,0.0
456,Saturday,5,2,Night,1,1,1,1.0
456,Saturday,5,13,Midday,1,1,0,0.0
456,Saturday,5,15,Evening Rush,1,1,0,0.0
456,Sunday,6,14,Midday,1,1,0,0.0
456,Sunday,6,18,Evening Rush,1,1,1,1.0
456,Sunday,6,21,Evening,1,1,0,0.0
456,Thursday,3,10,Midday,2,2,1,0.5
456,Thursday,3,13,Midday,1,1,0,0.0
456,Thursday,3,14,Midday,1,1,0,0.0
456,Thursday,3,16,Evening Rush,1,1,1,1.0
456,Thursday,3,21,Evening,1,1,1,1.0
456,Thursday,3,22,Evening,1,1,0,0.0
456,Tuesday,1,5,Night,1,1,0,0.0
456,Tuesday,1,14,Midday,1,1,1,1.0
456,Tuesday,1,16,Evening Rush,1,1,1,1.0
456,Wednesday,2,15,Evening Rush,1,1,0,0.0
456,Wednesday,2,16,Evening Rush,1,1,0,0.0
456,Wednesday,2,19,Evening,1,1,0,0.0
457,Friday,4,7,Morning Rush,1,1,0,0.0
457,Friday,4,9,Morning Rush,1,1,1,1.0
457,Friday,4,12,Midday,1,1,0,0.0
457,Friday,4,14,Midday,1,1,0,0.0
457,Friday,4,15,Evening Rush,3,3,0,0.0
457,Friday,4,17,Evening Rush,1,1,0,0.0
457,Monday,0,5,Night,1,1,1,1.0
457,Monday,0,7,Morning Rush,1,1,1,1.0
457,Monday,0,9,Morning Rush,1,1,0,0.0
457,Monday,0,18,Evening Rush,1,1,0,0.0
457,Saturday,5,7,Morning Rush,1,1,1,1.0
457,Saturday,5,16,Evening Rush,1,1,0,0.0
457,Saturday,5,23,Evening,2,2,1,0.5
457,Sunday,6,12,Midday,1,1,1,1.0
457,Sunday,6,17,Evening Rush,1,1,0,0.0
457,Thursday,3,7,Morning Rush,1,1,1,1.0
457,Thursday,3,9,Morning Rush,1,1,0,0.0
457,Thursday,3,12,Midday,2,2,0,0.0
457,Thursday,3,20,Evening,1,1,0,0.0
457,Thursday,3,22,Evening,1,1,0,0.0
457,Tuesday,1,7,Morning Rush,1,1,1,1.0
457,Tuesday,1,17,Evening Rush,1,1,0,0.0
457,Wednesday,2,6,Morning Rush,1,1,1,1.0
457,Wednesday,2,7,Morning Rush,2,2,2,1.0
457,Wednesday,2,14,Midday,1,1,0,0.0
457,Wednesday,2,18,Evening Rush,1,1,1,1.0
457,Wednesday,2,21,Evening,1,1,1,1.0
458,Friday,4,7,Morning Rush,2,2,2,1.0
458,Friday,4,20,Evening,1,1,0,0.0
458,Monday,0,8,Morning Rush,1,1,0,0.0
458,Monday,0,11,Midday,1,1,1,1.0
458,Monday,0,13,Midday,1,1,0,0.0
458,Monday,0,15,Evening Rush,1,1,0,0.0
458,Saturday,5,0,Night,1,1,0,0.0
458,Saturday,5,1,Night,1,1,1,1.0
458,Saturday,5,2,Night,1,1,1,1.0
458,Saturday,5,10,Midday,1,1,0,0.0
458,Saturday,5,13,Midday,1,1,1,1.0
458,Saturday,5,16,Evening Rush,2,2,1,0.5
458,Saturday,5,18,Evening Rush,1,1,0,0.0
458,Sunday,6,16,Evening Rush,1,1,0,0.0
458,Thursday,3,19,Evening,1,1,0,0.0
458,Thursday,3,22,Evening,1,1,0,0.0
458,Wednesday,2,7,Morning Rush,1,1,0,0.0
458,Wednesday,2,9,Morning Rush,1,1,0,0.0
458,Wednesday,2,12,Midday,1,1,0,0.0
458,Wednesday,2,15,Evening Rush,1,1,1,1.0
459,Friday,4,5,Night,1,1,0,0.0
459,Friday,4,7,Morning Rush,1,1,1,1.0
459,Friday,4,9,Morning Rush,1,1,0,0.0
459,Friday,4,10,Midday,1,1,0,0.0
459,Friday,4,11,Midday,1,1,0,0.0
459,Friday,4,13,Midday,1,1,0,0.0
459,Friday,4,15,Evening Rush,1,1,0,0.0
459,Friday,4,17,Evening Rush,1,1,0,0.0
459,Friday,4,18,Evening Rush,1,1,0,0.0
459,Friday,4,19,Evening,1,1,1,1.0
459,Friday,4,21,Evening,1,1,0,0.0
459,Monday,0,7,Morning Rush,1,1,1,1.0
459,Monday,0,8,Morning Rush,1,1,1,1.0
459,Monday,0,9,Morning Rush,1,1,1,1.0
459,Monday,0,12,Midday,2,2,0,0.0
459,Monday,0,14,Midday,1,1,0,0.0
459,Monday,0,15,Evening Rush,1,1,0,0.0
459,Monday,0,16,Evening Rush,1,1,0,0.0
459,Monday,0,17,Evening Rush,2,2,2,1.0
459,Monday,0,18,Evening Rush,1,1,0,0.0
459,Saturday,5,3,Night,1,1,0,0.0
459,Saturday,5,17,Evening Rush,3,3,1,0.3333333333333333
459,Saturday,5,21,Evening,1,1,0,0.0
459,Sunday,6,1,Night,2,2,1,0.5
459,Sunday,6,19,Evening,1,1,0,0.0
459,Sunday,6,20,Evening,2,2,1,0.5
459,Sunday,6,21,Evening,1,1,0,0.0
459,Thursday,3,1,Night,1,1,0,0.0
459,Thursday,3,6,Morning Rush,1,1,0,0.0
459,Thursday,3,8,Morning Rush,1,1,0,0.0
459,Thursday,3,11,Midday,1,1,1,1.0
459,Thursday,3,13,Midday,1,1,1,1.0
459,Thursday,3,15,Evening Rush,1,1,0,0.0
459,Thursday,3,18,Evening Rush,1,1,1,1.0
459,Thursday,3,19,Evening,1,1,0,0.0
459,Thursday,3,23,Evening,1,1,1,1.0
459,Tuesday,1,3,Night,1,1,1,1.0
459,Tuesday,1,9,Morning Rush,1,1,1,1.0
459,Tuesday,1,10,Midday,2,2,2,1.0
459,Tuesday,1,12,Midday,1,1,0,0.0
459,Tuesday,1,15,Evening Rush,1,1,0,0.0
459,Wednesday,2,7,Morning Rush,1,1,1,1.0
459,Wednesday,2,9,Morning Rush,1,1,1,1.0
459,Wednesday,2,10,Midday,1,1,0,0.0
459,Wednesday,2,15,Evening Rush,1,1,0,0.0
459,Wednesday,2,21,Evening,1,1,0,0.0
460,Friday,4,9,Morning Rush,1,1,0,0.0
460,Friday,4,15,Evening Rush,1,1,0,0.0
460,Friday,4,17,Evening Rush,1,1,0,0.0
460,Friday,4,20,Evening,1,1,1,1.0
460,Monday,0,11,Midday,1,1,0,0.0
460,Monday,0,12,Midday,1,1,0,0.0
460,Monday,0,14,Midday,1,1,1,1.0
460,Monday,0,16,Evening Rush,1,1,0,0.0
460,Saturday,5,1,Night,1,1,0,0.0
460,Saturday,5,14,Midday,1,1,0,0.0
460,Saturday,5,16,Evening Rush,1,1,0,0.0
460,Sunday,6,2,Night,1,1,1,1.0
460,Sunday,6,11,Midday,1,1,0,0.0
460,Sunday,6,16,Evening Rush,1,1,1,1.0
460,Thursday,3,12,Midday,2,2,0,0.0
460,Thursday,3,14,Midday,1,1,0,0.0
460,Thursday,3,16,Evening Rush,1,1,0,0.0
460,Tuesday,1,10,Midday,1,1,1,1.0
460,Tuesday,1,11,Midday,2,2,0,0.0
460,Tuesday,1,15,Evening Rush,2,2,0,0.0
460,Wednesday,2,17,Evening Rush,1,1,0,0.0
460,Wednesday,2,21,Evening,1,1,0,0.0
461,Friday,4,10,Midday,1,1,0,0.0
461,Friday,4,12,Midday,1,1,0,0.0
461,Friday,4,19,Evening,1,1,0,0.0
461,Friday,4,22,Evening,2,2,1,0.5
461,Monday,0,8,Morning Rush,1,1,1,1.0
461,Monday,0,15,Evening Rush,1,1,1,1.0
461,Monday,0,17,Evening Rush,1,1,1,1.0
461,Monday,0,19,Evening,1,1,0,0.0
461,Saturday,5,11,Midday,1,1,0,0.0
461,Saturday,5,15,Evening Rush,1,1,0,0.0
461,Sunday,6,13,Midday,1,1,1,1.0
461,Sunday,6,14,Midday,1,1,0,0.0
461,Sunday,6,17,Evening Rush,1,1,0,0.0
461,Thursday,3,12,Midday,1,1,0,0.0
461,Thursday,3,19,Evening,1,1,0,0.0
461,Thursday,3,20,Evening,1,1,1,1.0
461,Thursday,3,21,Evening,1,1,0,0.0
461,Tuesday,1,8,Morning Rush,1,1,0,0.0
461,Tuesday,1,9,Morning Rush,1,1,1,1.0
461,Tuesday,1,15,Evening Rush,1,1,0,0.0
461,Tuesday,1,16,Evening Rush,1,1,0,0.0
461,Tuesday,1,19,Evening,1,1,1,1.0
461,Wednesday,2,9,Morning Rush,2,2,1,0.5
461,Wednesday,2,14,Midday,1,1,1,1.0
461,Wednesday,2,16,Evening Rush,1,1,0,0.0
461,Wednesday,2,17,Evening Rush,1,1,0,0.0
461,Wednesday,2,19,Evening,1,1,0,0.0
462,Friday,4,14,Midday,1,1,0,0.0
462,Friday,4,17,Evening Rush,1,1,0,0.0
462,Friday,4,19,Evening,1,1,1,1.0
462,Monday,0,2,Night,1,1,1,1.0
462,Monday,0,6,Morning Rush,1,1,1,1.0
462,Monday,0,7,Morning Rush,1,1,0,0.0
462,Monday,0,10,Midday,1,1,0,0.0
462,Monday,0,12,Midday,1,1,0,0.0
462,Monday,0,14,Midday,1,1,0,0.0
462,Monday,0,16,Evening Rush,2,2,0,0.0
462,Saturday,5,9,Morning Rush,1,1,0,0.0
462,Saturday,5,14,Midday,4,4,3,0.75
462,Saturday,5,17,Evening Rush,1,1,0,0.0
462,Saturday,5,19,Evening,2,2,1,0.5
462,Saturday,5,23,Evening,1,1,0,0.0
462,Sunday,6,12,Midday,1,1,1,1.0
462,Sunday,6,15,Evening Rush,2,2,0,0.0
462,Sunday,6,16,Evening Rush,1,1,0,0.0
462,Sunday,6,17,Evening Rush,2,2,0,0.0
462,Sunday,6,22,Evening,1,1,1,1.0
462,Thursday,3,6,Morning Rush,1,1,1,1.0
462,Thursday,3,7,Morning Rush,1,1,0,0.0
462,Thursday,3,9,Morning Rush,1,1,0,0.0
462,Thursday,3,16,Evening Rush,1,1,1,1.0
462,Thursday,3,17,Evening Rush,1,1,1,1.0
462,Thursday,3,18,Evening Rush,2,2,0,0.0
462,Thursday,3,19,Evening,1,1,0,0.0
462,Thursday,3,23,Evening,1,1,0,0.0
462,Tuesday,1,1,Night,1,1,1,1.0
462,Tuesday,1,6,Morning Rush,1,1,1,1.0
462,Tuesday,1,10,Midday,1,1,1,1.0
462,Tuesday,1,11,Midday,1,1,1,1.0
462,Tuesday,1,14,Midday,1,1,1,1.0
462,Tuesday,1,15,Evening Rush,1,1,0,0.0
462,Tuesday,1,16,Evening Rush,2,2,0,0.0
462,Tuesday,1,17,Evening Rush,3,3,0,0.0
462,Tuesday,1,19,Evening,1,1,0,0.0
462,Tuesday,1,22,Evening,1,1,1,1.0
462,Wednesday,2,8,Morning Rush,1,1,0,0.0
462,Wednesday,2,10,Midday,1,1,1,1.0
462,Wednesday,2,14,Midday,1,1,0,0.0
462,Wednesday,2,16,Evening Rush,1,1,0,0.0
462,Wednesday,2,17,Evening Rush,2,2,0,0.0
462,Wednesday,2,18,Evening Rush,2,2,1,0.5
463,Friday,4,10,Midday,1,1,0,0.0
463,Friday,4,12,Midday,1,1,1,1.0
463,Monday,0,9,Morning Rush,2,2,2,1.0
463,Monday,0,14,Midday,1,1,0,0.0
463,Monday,0,23,Evening,2,2,0,0.0
463,Saturday,5,19,Evening,2,2,0,0.0
463,Saturday,5,21,Evening,1,1,0,0.0
463,Sunday,6,11,Midday,1,1,0,0.0
463,Sunday,6,13,Midday,1,1,1,1.0
463,Sunday,6,20,Evening,1,1,0,0.0
463,Sunday,6,23,Evening,1,1,0,0.0
463,Thursday,3,9,Morning Rush,2,2,0,0.0
463,Thursday,3,11,Midday,1,1,1,1.0
463,Thursday,3,16,Evening Rush,1,1,1,1.0
463,Thursday,3,18,Evening Rush,1,1,0,0.0
463,Tuesday,1,16,Evening Rush,1,1,0,0.0
463,Tuesday,1,17,Evening Rush,1,1,0,0.0
463,Wednesday,2,8,Morning Rush,1,1,0,0.0
463,Wednesday,2,15,Evening Rush,1,1,1,1.0
463,Wednesday,2,20,Evening,1,1,1,1.0
463,Wednesday,2,21,Evening,1,1,0,0.0
464,Friday,4,12,Midday,1,1,0,0.0
464,Friday,4,13,Midday,1,1,0,0.0
464,Friday,4,17,Evening Rush,1,1,0,0.0
464,Friday,4,18,Evening Rush,1,1,0,0.0
464,Monday,0,5,Night,1,1,0,0.0
464,Monday,0,7,Morning Rush,1,1,0,0.0
464,Monday,0,14,Midday,2,2,1,0.5
464,Monday,0,17,Evening Rush,1,1,0,0.0
464,Monday,0,18,Evening Rush,1,1,1,1.0
464,Sunday,6,4,Night,1,1,1,1.0
464,Sunday,6,14,Midday,1,1,0,0.0
464,Sunday,6,20,Evening,1,1,0,0.0
464,Sunday,6,21,Evening,1,1,1,1.0
464,Thursday,3,0,Night,1,1,0,0.0
464,Thursday,3,21,Evening,1,1,0,0.0
464,Tuesday,1,12,Midday,1,1,0,0.0
464,Tuesday,1,15,Evening Rush,1,1,0,0.0
464,Tuesday,1,20,Evening,1,1,0,0.0
464,Wednesday,2,4,Night,1,1,1,1.0
464,Wednesday,2,15,Evening Rush,1,1,0,0.0
464,Wednesday,2,17,Evening Rush,1,1,1,1.0
464,Wednesday,2,23,Evening,1,1,1,1.0
465,Friday,4,8,Morning Rush,2,2,2,1.0
465,Friday,4,9,Morning Rush,1,1,1,1.0
465,Friday,4,10,Midday,4,4,4,1.0
465,Friday,4,13,Midday,1,1,1,1.0
465,Monday,0,8,Morning Rush,2,2,2,1.0
465,Monday,0,13,Midday,1,1,0,0.0
465,Monday,0,14,Midday,1,1,0,0.0
465,Monday,0,18,Evening Rush,1,1,1,1.0
465,Saturday,5,18,Evening Rush,1,1,0,0.0
465,Saturday,5,22,Evening,1,1,0,0.0
465,Sunday,6,11,Midday,1,1,0,0.0
465,Sunday,6,13,Midday,1,1,0,0.0
465,Sunday,6,18,Evening Rush,1,1,0,0.0
465,Thursday,3,7,Morning Rush,2,2,2,1.0
465,Thursday,3,10,Midday,1,1,0,0.0
465,Thursday,3,11,Midday,5,5,1,0.2
465,Thursday,3,15,Evening Rush,1,1,0,0.0
465,Tuesday,1,8,Morning Rush,1,1,0,0.0
465,Tuesday,1,10,Midday,1,1,1,1.0
465,Tuesday,1,11,Midday,4,4,2,0.5
465,Tuesday,1,12,Midday,1,1,0,0.0
465,Tuesday,1,17,Evening Rush,1,1,1,1.0
465,Tuesday,1,20,Evening,1,1,0,0.0
465,Wednesday,2,1,Night,1,1,1,1.0
465,Wednesday,2,7,Morning Rush,1,1,1,1.0
465,Wednesday,2,9,Morning Rush,1,1,1,1.0
465,Wednesday,2,10,Midday,3,3,3,1.0
465,Wednesday,2,11,Midday,1,1,1,1.0
465,Wednesday,2,12,Midday,1,1,1,1.0
465,Wednesday,2,14,Midday,1,1,0,0.0
466,Friday,4,7,Morning Rush,1,1,1,1.0
466,Friday,4,17,Evening Rush,2,2,0,0.0
466,Friday,4,22,Evening,1,1,0,0.0
466,Monday,0,8,Morning Rush,1,1,1,1.0
466,Monday,0,16,Evening Rush,1,1,0,0.0
466,Monday,0,23,Evening,1,1,0,0.0
466,Saturday,5,0,Night,2,2,0,0.0
466,Saturday,5,11,Midday,1,1,0,0.0
466,Sunday,6,2,Night,1,1,0,0.0
466,Sunday,6,13,Midday,1,1,0,0.0
466,Sunday,6,16,Evening Rush,1,1,0,0.0
466,Thursday,3,9,Morning Rush,1,1,1,1.0
466,Thursday,3,10,Midday,1,1,0,0.0
466,Thursday,3,12,Midday,1,1,1,1.0
466,Thursday,3,17,Evening Rush,1,1,1,1.0
466,Tuesday,1,4,Night,1,1,0,0.0
466,Tuesday,1,8,Morning Rush,1,1,1,1.0
466,Tuesday,1,12,Midday,2,2,0,0.0
466,Tuesday,1,17,Evening Rush,1,1,1,1.0
466,Wednesday,2,15,Evening Rush,1,1,0,0.0
466,Wednesday,2,16,Evening Rush,1,1,0,0.0
466,Wednesday,2,21,Evening,1,1,1,1.0
467,Friday,4,2,Night,1,1,1,1.0
467,Friday,4,7,Morning Rush,1,1,0,0.0
467,Friday,4,8,Morning Rush,2,2,1,0.5
467,Friday,4,15,Evening Rush,1,1,0,0.0
467,Friday,4,18,Evening Rush,1,1,0,0.0
467,Monday,0,9,Morning Rush,1,1,1,1.0
467,Monday,0,10,Midday,1,1,1,1.0
467,Monday,0,14,Midday,1,1,0,0.0
467,Saturday,5,2,Night,1,1,0,0.0
467,Saturday,5,13,Midday,3,3,0,0.0
467,Saturday,5,16,Evening Rush,1,1,0,0.0
467,Saturday,5,18,Evening Rush,1,1,0,0.0
467,Saturday,5,22,Evening,1,1,1,1.0
467,Saturday,5,23,Evening,2,2,0,0.0
467,Sunday,6,6,Morning Rush,1,1,0,0.0
467,Sunday,6,20,Evening,1,1,1,1.0
467,Thursday,3,6,Morning Rush,1,1,1,1.0
467,Thursday,3,7,Morning Rush,1,1,0,0.0
467,Thursday,3,10,Midday,2,2,0,0.0
467,Thursday,3,11,Midday,1,1,0,0.0
467,Thursday,3,14,Midday,1,1,1,1.0
467,Thursday,3,21,Evening,1,1,0,0.0
467,Tuesday,1,10,Midday,1,1,1,1.0
467,Tuesday,1,17,Evening Rush,1,1,0,0.0
467,Tuesday,1,21,Evening,1,1,0,0.0
467,Wednesday,2,8,Morning Rush,1,1,0,0.0
467,Wednesday,2,9,Morning Rush,1,1,0,0.0
467,Wednesday,2,10,Midday,2,2,1,0.5
467,Wednesday,2,12,Midday,1,1,0,0.0
467,Wednesday,2,16,Evening Rush,1,1,0,0.0
467,Wednesday,2,17,Evening Rush,2,2,0,0.0
467,Wednesday,2,22,Evening,1,1,0,0.0
468,Friday,4,6,Morning Rush,1,1,1,1.0
468,Friday,4,8,Morning Rush,2,2,2,1.0
468,Friday,4,9,Morning Rush,3,3,0,0.0
468,Friday,4,10,Midday,1,1,1,1.0
468,Friday,4,13,Midday,2,2,1,0.5
468,Friday,4,16,Evening Rush,1,1,1,1.0
468,Friday,4,18,Evening Rush,2,2,1,0.5
468,Monday,0,1,Night,1,1,0,0.0
468,Monday,0,5,Night,1,1,1,1.0
468,Monday,0,9,Morning Rush,1,1,0,0.0
468,Monday,0,14,Midday,1,1,1,1.0
468,Monday,0,16,Evening Rush,1,1,0,0.0
468,Monday,0,17,Evening Rush,1,1,0,0.0
468,Monday,0,19,Evening,1,1,0,0.0
468,Saturday,5,14,Midday,1,1,1,1.0
468,Saturday,5,16,Evening Rush,1,1,0,0.0
468,Saturday,5,18,Evening Rush,1,1,1,1.0
468,Saturday,5,19,Evening,1,1,1,1.0
468,Saturday,5,21,Evening,2,2,1,0.5
468,Sunday,6,7,Morning Rush,1,1,1,1.0
468,Sunday,6,14,Midday,1,1,1,1.0
468,Thursday,3,7,Morning Rush,2,2,2,1.0
468,Thursday,3,13,Midday,2,2,0,0.0
468,Thursday,3,15,Evening Rush,1,1,1,1.0
468,Thursday,3,18,Evening Rush,1,1,0,0.0
468,Tuesday,1,8,Morning Rush,2,2,0,0.0
468,Tuesday,1,13,Midday,1,1,0,0.0
468,Tuesday,1,15,Evening Rush,1,1,0,0.0
468,Tuesday,1,16,Evening Rush,1,1,0,0.0
468,Tuesday,1,22,Evening,1,1,1,1.0
468,Tuesday,1,23,Evening,1,1,1,1.0
468,Wednesday,2,8,Morning Rush,1,1,1,1.0
468,Wednesday,2,10,Midday,1,1,1,1.0
468,Wednesday,2,11,Midday,1,1,0,0.0
468,Wednesday,2,16,Evening Rush,2,2,1,0.5
468,Wednesday,2,18,Evening Rush,1,1,1,1.0
469,Friday,4,2,Night,1,1,1,1.0
469,Friday,4,11,Midday,2,2,1,0.5
469,Friday,4,12,Midday,1,1,1,1.0
469,Friday,4,13,Midday,1,1,0,0.0
469,Friday,4,14,Midday,1,1,0,0.0
469,Friday,4,15,Evening Rush,1,1,0,0.0
469,Friday,4,16,Evening Rush,3,3,1,0.3333333333333333
469,Friday,4,17,Evening Rush,1,1,0,0.0
469,Friday,4,18,Evening Rush,2,2,1,0.5
469,Friday,4,19,Evening,2,2,1,0.5
469,Friday,4,20,Evening,2,2,1,0.5
469,Friday,4,21,Evening,3,3,2,0.6666666666666666
469,Monday,0,4,Night,1,1,0,0.0
469,Monday,0,10,Midday,1,1,1,1.0
469,Monday,0,12,Midday,1,1,0,0.0
469,Monday,0,15,Evening Rush,3,3,0,0.0
469,Monday,0,16,Evening Rush,3,3,1,0.3333333333333333
469,Monday,0,17,Evening Rush,3,3,2,0.6666666666666666
469,Monday,0,18,Evening Rush,3,3,0,0.0
469,Monday,0,19,Evening,1,1,1,1.0
469,Monday,0,20,Evening,1,1,0,0.0
469,Monday,0,21,Evening,1,1,1,1.0
469,Saturday,5,0,Night,1,1,0,0.0
469,Saturday,5,1,Night,1,1,0,0.0
469,Saturday,5,7,Morning Rush,1,1,0,0.0
469,Saturday,5,10,Midday,1,1,1,1.0
469,Saturday,5,12,Midday,1,1,0,0.0
469,Saturday,5,14,Midday,3,3,1,0.3333333333333333
469,Saturday,5,15,Evening Rush,2,2,1,0.5
469,Saturday,5,16,Evening Rush,2,2,0,0.0
469,Saturday,5,17,Evening Rush,1,1,0,0.0
469,Saturday,5,18,Evening Rush,1,1,1,1.0
469,Saturday,5,19,Evening,2,2,0,0.0
469,Saturday,5,20,Evening,1,1,0,0.0
469,Saturday,5,21,Evening,1,1,0,0.0
469,Sunday,6,8,Morning Rush,1,1,1,1.0
469,Sunday,6,11,Midday,1,1,0,0.0
469,Sunday,6,12,Midday,1,1,1,1.0
469,Sunday,6,13,Midday,1,1,0,0.0
469,Sunday,6,14,Midday,1,1,0,0.0
469,Sunday,6,15,Evening Rush,1,1,0,0.0
469,Sunday,6,17,Evening Rush,1,1,0,0.0
469,Sunday,6,18,Evening Rush,1,1,0,0.0
469,Sunday,6,20,Evening,1,1,0,0.0
469,Sunday,6,21,Evening,1,1,1,1.0
469,Thursday,3,11,Midday,2,2,0,0.0
469,Thursday,3,12,Midday,1,1,1,1.0
469,Thursday,3,14,Midday,1,1,0,0.0
469,Thursday,3,16,Evening Rush,3,3,1,0.3333333333333333
469,Thursday,3,17,Evening Rush,4,4,1,0.25
469,Thursday,3,18,Evening Rush,1,1,0,0.0
469,Thursday,3,19,Evening,1,1,1,1.0
469,Thursday,3,21,Evening,1,1,0,0.0
469,Thursday,3,22,Evening,1,1,1,1.0
469,Tuesday,1,6,Morning Rush,1,1,1,1.0
469,Tuesday,1,8,Morning Rush,1,1,0,0.0
469,Tuesday,1,9,Morning Rush,1,1,0,0.0
469,Tuesday,1,10,Midday,1,1,0,0.0
469,Tuesday,1,15,Evening Rush,1,1,0,0.0
469,Tuesday,1,16,Evening Rush,3,3,1,0.3333333333333333
469,Tuesday,1,20,Evening,1,1,0,0.0
469,Tuesday,1,21,Evening,1,1,0,0.0
469,Tuesday,1,23,Evening,1,1,1,1.0
469,Wednesday,2,6,Morning Rush,1,1,0,0.0
469,Wednesday,2,7,Morning Rush,1,1,1,1.0
469,Wednesday,2,8,Morning Rush,1,1,0,0.0
469,Wednesday,2,14,Midday,1,1,1,1.0
469,Wednesday,2,15,Evening Rush,2,2,0,0.0
469,Wednesday,2,16,Evening Rush,2,2,1,0.5
469,Wednesday,2,17,Evening Rush,5,5,2,0.4
469,Wednesday,2,18,Evening Rush,3,3,1,0.3333333333333333
469,Wednesday,2,19,Evening,3,3,2,0.6666666666666666
469,Wednesday,2,20,Evening,1,1,1,1.0
469,Wednesday,2,22,Evening,2,2,1,0.5
470,Friday,4,8,Morning Rush,1,1,0,0.0
470,Friday,4,18,Evening Rush,1,1,0,0.0
470,Friday,4,20,Evening,4,4,2,0.5
470,Monday,0,3,Night,2,2,0,0.0
470,Monday,0,11,Midday,1,1,1,1.0
470,Monday,0,15,Evening Rush,2,2,0,0.0
470,Monday,0,17,Evening Rush,1,1,1,1.0
470,Monday,0,19,Evening,1,1,0,0.0
470,Saturday,5,12,Midday,1,1,0,0.0
470,Saturday,5,16,Evening Rush,1,1,1,1.0
470,Sunday,6,16,Evening Rush,2,2,1,0.5
470,Sunday,6,19,Evening,1,1,1,1.0
470,Thursday,3,7,Morning Rush,1,1,0,0.0
470,Thursday,3,9,Morning Rush,1,1,1,1.0
470,Thursday,3,15,Evening Rush,1,1,0,0.0
470,Thursday,3,19,Evening,1,1,0,0.0
470,Tuesday,1,15,Evening Rush,1,1,0,0.0
470,Tuesday,1,16,Evening Rush,1,1,0,0.0
470,Tuesday,1,17,Evening Rush,1,1,0,0.0
471,Friday,4,8,Morning Rush,1,1,1,1.0
471,Friday,4,10,Midday,1,1,1,1.0
471,Friday,4,11,Midday,1,1,0,0.0
471,Friday,4,12,Midday,1,1,1,1.0
471,Friday,4,13,Midday,3,3,1,0.3333333333333333
471,Friday,4,14,Midday,2,2,0,0.0
471,Friday,4,15,Evening Rush,1,1,0,0.0
471,Monday,0,8,Morning Rush,1,1,0,0.0
471,Monday,0,10,Midday,3,3,0,0.0
471,Monday,0,11,Midday,1,1,0,0.0
471,Monday,0,13,Midday,1,1,0,0.0
471,Monday,0,16,Evening Rush,1,1,0,0.0
471,Monday,0,18,Evening Rush,1,1,1,1.0
471,Saturday,5,4,Night,1,1,0,0.0
471,Saturday,5,13,Midday,1,1,0,0.0
471,Saturday,5,14,Midday,1,1,1,1.0
471,Sunday,6,7,Morning Rush,1,1,0,0.0
471,Sunday,6,10,Midday,1,1,0,0.0
471,Sunday,6,11,Midday,1,1,1,1.0
471,Sunday,6,14,Midday,1,1,1,1.0
471,Sunday,6,17,Evening Rush,1,1,0,0.0
471,Thursday,3,6,Morning Rush,1,1,1,1.0
471,Thursday,3,8,Morning Rush,1,1,1,1.0
471,Thursday,3,11,Midday,1,1,0,0.0
471,Thursday,3,15,Evening Rush,1,1,0,0.0
471,Thursday,3,18,Evening Rush,1,1,0,0.0
471,Thursday,3,22,Evening,1,1,0,0.0
471,Thursday,3,23,Evening,1,1,0,0.0
471,Tuesday,1,13,Midday,1,1,0,0.0
471,Tuesday,1,18,Evening Rush,2,2,0,0.0
471,Tuesday,1,23,Evening,1,1,0,0.0
471,Wednesday,2,12,Midday,1,1,0,0.0
471,Wednesday,2,15,Evening Rush,1,1,0,0.0
471,Wednesday,2,16,Evening Rush,2,2,1,0.5
471,Wednesday,2,21,Evening,1,1,1,1.0
472,Friday,4,0,Night,1,1,0,0.0
472,Friday,4,12,Midday,1,1,0,0.0
472,Friday,4,15,Evening Rush,1,1,1,1.0
472,Friday,4,18,Evening Rush,1,1,1,1.0
472,Friday,4,22,Evening,2,2,0,0.0
472,Friday,4,23,Evening,1,1,1,1.0
472,Monday,0,8,Morning Rush,1,1,0,0.0
472,Saturday,5,0,Night,1,1,0,0.0
472,Saturday,5,14,Midday,2,2,1,0.5
472,Saturday,5,17,Evening Rush,1,1,0,0.0
472,Saturday,5,18,Evening Rush,1,1,0,0.0
472,Sunday,6,11,Midday,2,2,2,1.0
472,Sunday,6,12,Midday,1,1,0,0.0
472,Sunday,6,14,Midday,1,1,1,1.0
472,Thursday,3,11,Midday,1,1,1,1.0
472,Thursday,3,21,Evening,1,1,0,0.0
472,Thursday,3,22,Evening,1,1,1,1.0
472,Tuesday,1,7,Morning Rush,1,1,1,1.0
472,Tuesday,1,10,Midday,1,1,0,0.0
472,Tuesday,1,14,Midday,1,1,0,0.0
472,Tuesday,1,20,Evening,1,1,1,1.0
472,Tuesday,1,21,Evening,1,1,0,0.0
472,Wednesday,2,7,Morning Rush,1,1,0,0.0
472,Wednesday,2,8,Morning Rush,1,1,1,1.0
472,Wednesday,2,11,Midday,3,3,0,0.0
472,Wednesday,2,14,Midday,1,1,1,1.0
472,Wednesday,2,15,Evening Rush,1,1,1,1.0
472,Wednesday,2,16,Evening Rush,2,2,1,0.5
472,Wednesday,2,17,Evening Rush,1,1,0,0.0
472,Wednesday,2,22,Evening,1,1,1,1.0
473,Friday,4,10,Midday,2,2,2,1.0
473,Friday,4,14,Midday,1,1,0,0.0
473,Friday,4,16,Evening Rush,2,2,0,0.0
473,Friday,4,17,Evening Rush,1,1,1,1.0
473,Friday,4,18,Evening Rush,1,1,0,0.0
473,Saturday,5,4,Night,1,1,0,0.0
473,Sunday,6,17,Evening Rush,1,1,0,0.0
473,Sunday,6,22,Evening,1,1,0,0.0
473,Thursday,3,7,Morning Rush,1,1,1,1.0
473,Thursday,3,12,Midday,1,1,0,0.0
473,Thursday,3,13,Midday,2,2,1,0.5
473,Tuesday,1,8,Morning Rush,3,3,3,1.0
473,Tuesday,1,16,Evening Rush,2,2,1,0.5
473,Tuesday,1,17,Evening Rush,1,1,0,0.0
473,Wednesday,2,15,Evening Rush,1,1,1,1.0
473,Wednesday,2,16,Evening Rush,2,2,0,0.0
473,Wednesday,2,19,Evening,2,2,1,0.5
474,Friday,4,8,Morning Rush,1,1,1,1.0
474,Friday,4,11,Midday,1,1,0,0.0
474,Friday,4,12,Midday,1,1,0,0.0
474,Friday,4,13,Midday,1,1,0,0.0
474,Friday,4,14,Midday,4,4,1,0.25
474,Friday,4,15,Evening Rush,4,4,0,0.0
474,Friday,4,16,Evening Rush,3,3,1,0.3333333333333333
474,Friday,4,17,Evening Rush,3,3,1,0.3333333333333333
474,Friday,4,18,Evening Rush,1,1,1,1.0
474,Monday,0,7,Morning Rush,1,1,1,1.0
474,Monday,0,8,Morning Rush,1,1,0,0.0
474,Monday,0,10,Midday,1,1,1,1.0
474,Monday,0,11,Midday,1,1,0,0.0
474,Monday,0,13,Midday,1,1,1,1.0
474,Monday,0,14,Midday,2,2,1,0.5
474,Monday,0,15,Evening Rush,6,6,1,0.16666666666666666
474,Monday,0,16,Evening Rush,5,5,1,0.2
474,Monday,0,17,Evening Rush,4,4,0,0.0
474,Monday,0,18,Evening Rush,1,1,0,0.0
474,Monday,0,23,Evening,1,1,1,1.0
474,Saturday,5,13,Midday,1,1,1,1.0
474,Saturday,5,15,Evening Rush,2,2,0,0.0
474,Saturday,5,16,Evening Rush,1,1,0,0.0
474,Saturday,5,17,Evening Rush,1,1,1,1.0
474,Saturday,5,20,Evening,1,1,0,0.0
474,Sunday,6,3,Night,1,1,0,0.0
474,Sunday,6,12,Midday,1,1,1,1.0
474,Sunday,6,19,Evening,1,1,0,0.0
474,Thursday,3,7,Morning Rush,2,2,2,1.0
474,Thursday,3,8,Morning Rush,2,2,1,0.5
474,Thursday,3,9,Morning Rush,2,2,1,0.5
474,Thursday,3,11,Midday,1,1,0,0.0
474,Thursday,3,12,Midday,3,3,1,0.3333333333333333
474,Thursday,3,13,Midday,1,1,1,1.0
474,Thursday,3,14,Midday,1,1,0,0.0
474,Thursday,3,15,Evening Rush,4,4,1,0.25
474,Thursday,3,16,Evening Rush,5,5,2,0.4
474,Thursday,3,17,Evening Rush,6,6,2,0.3333333333333333
474,Thursday,3,18,Evening Rush,2,2,2,1.0
474,Thursday,3,22,Evening,1,1,1,1.0
474,Tuesday,1,0,Night,1,1,0,0.0
474,Tuesday,1,7,Morning Rush,3,3,0,0.0
474,Tuesday,1,8,Morning Rush,3,3,2,0.6666666666666666
474,Tuesday,1,9,Morning Rush,1,1,1,1.0
474,Tuesday,1,12,Midday,2,2,0,0.0
474,Tuesday,1,13,Midday,1,1,1,1.0
474,Tuesday,1,14,Midday,1,1,0,0.0
474,Tuesday,1,15,Evening Rush,13,13,3,0.23076923076923078
474,Tuesday,1,16,Evening Rush,7,7,6,0.8571428571428571
474,Tuesday,1,17,Evening Rush,4,4,0,0.0
474,Tuesday,1,21,Evening,1,1,1,1.0
474,Wednesday,2,7,Morning Rush,2,2,0,0.0
474,Wednesday,2,8,Morning Rush,2,2,0,0.0
474,Wednesday,2,12,Midday,1,1,0,0.0
474,Wednesday,2,13,Midday,1,1,0,0.0
474,Wednesday,2,14,Midday,1,1,0,0.0
474,Wednesday,2,15,Evening Rush,12,12,3,0.25
474,Wednesday,2,16,Evening Rush,9,9,1,0.1111111111111111
474,Wednesday,2,17,Evening Rush,7,7,3,0.42857142857142855
474,Wednesday,2,18,Evening Rush,2,2,2,1.0
475,Friday,4,7,Morning Rush,1,1,1,1.0
475,Friday,4,11,Midday,1,1,0,0.0
475,Friday,4,12,Midday,1,1,1,1.0
475,Friday,4,13,Midday,1,1,0,0.0
475,Friday,4,15,Evening Rush,1,1,1,1.0
475,Friday,4,16,Evening Rush,3,3,2,0.6666666666666666
475,Friday,4,17,Evening Rush,1,1,0,0.0
475,Friday,4,18,Evening Rush,1,1,0,0.0
475,Friday,4,21,Evening,1,1,0,0.0
475,Friday,4,22,Evening,2,2,1,0.5
475,Monday,0,7,Morning Rush,1,1,1,1.0
475,Monday,0,8,Morning Rush,1,1,1,1.0
475,Monday,0,9,Morning Rush,1,1,0,0.0
475,Monday,0,12,Midday,2,2,1,0.5
475,Monday,0,14,Midday,1,1,1,1.0
475,Monday,0,15,Evening Rush,2,2,1,0.5
475,Monday,0,16,Evening Rush,3,3,1,0.3333333333333333
475,Monday,0,18,Evening Rush,1,1,0,0.0
475,Monday,0,20,Evening,1,1,1,1.0
475,Saturday,5,10,Midday,1,1,0,0.0
475,Saturday,5,12,Midday,2,2,1,0.5
475,Saturday,5,17,Evening Rush,2,2,0,0.0
475,Saturday,5,18,Evening Rush,1,1,0,0.0
475,Saturday,5,23,Evening,1,1,1,1.0
475,Sunday,6,4,Night,1,1,0,0.0
475,Sunday,6,7,Morning Rush,1,1,1,1.0
475,Sunday,6,12,Midday,1,1,0,0.0
475,Sunday,6,13,Midday,1,1,0,0.0
475,Sunday,6,15,Evening Rush,2,2,1,0.5
475,Sunday,6,16,Evening Rush,1,1,1,1.0
475,Sunday,6,17,Evening Rush,1,1,0,0.0
475,Sunday,6,19,Evening,1,1,0,0.0
475,Sunday,6,23,Evening,1,1,0,0.0
475,Thursday,3,8,Morning Rush,1,1,1,1.0
475,Thursday,3,10,Midday,2,2,2,1.0
475,Thursday,3,11,Midday,1,1,1,1.0
475,Thursday,3,15,Evening Rush,3,3,1,0.3333333333333333
475,Thursday,3,16,Evening Rush,1,1,0,0.0
475,Thursday,3,17,Evening Rush,2,2,0,0.0
475,Thursday,3,18,Evening Rush,3,3,0,0.0
475,Thursday,3,20,Evening,1,1,0,0.0
475,Thursday,3,21,Evening,1,1,1,1.0
475,Tuesday,1,10,Midday,3,3,2,0.6666666666666666
475,Tuesday,1,18,Evening Rush,1,1,1,1.0
475,Tuesday,1,19,Evening,1,1,0,0.0
475,Wednesday,2,1,Night,1,1,1,1.0
475,Wednesday,2,7,Morning Rush,1,1,0,0.0
475,Wednesday,2,8,Morning Rush,1,1,1,1.0
475,Wednesday,2,9,Morning Rush,1,1,1,1.0
475,Wednesday,2,12,Midday,4,4,1,0.25
475,Wednesday,2,15,Evening Rush,2,2,1,0.5
475,Wednesday,2,17,Evening Rush,1,1,0,0.0
475,Wednesday,2,18,Evening Rush,2,2,0,0.0
475,Wednesday,2,20,Evening,1,1,0,0.0
475,Wednesday,2,23,Evening,1,1,0,0.0
476,Friday,4,7,Morning Rush,1,1,0,0.0
476,Friday,4,8,Morning Rush,1,1,0,0.0
476,Friday,4,13,Midday,1,1,0,0.0
476,Monday,0,7,Morning Rush,1,1,1,1.0
476,Monday,0,20,Evening,1,1,1,1.0
476,Saturday,5,12,Midday,1,1,0,0.0
476,Saturday,5,16,Evening Rush,1,1,0,0.0
476,Saturday,5,19,Evening,1,1,0,0.0
476,Sunday,6,16,Evening Rush,1,1,0,0.0
476,Thursday,3,12,Midday,1,1,0,0.0
476,Thursday,3,15,Evening Rush,1,1,1,1.0
476,Thursday,3,16,Evening Rush,1,1,1,1.0
476,Thursday,3,17,Evening Rush,2,2,0,0.0
476,Tuesday,1,8,Morning Rush,1,1,1,1.0
476,Tuesday,1,9,Morning Rush,1,1,1,1.0
476,Tuesday,1,10,Midday,1,1,0,0.0
476,Tuesday,1,13,Midday,1,1,0,0.0
476,Tuesday,1,15,Evening Rush,1,1,0,0.0
476,Tuesday,1,19,Evening,1,1,1,1.0
476,Tuesday,1,20,Evening,1,1,0,0.0
476,Wednesday,2,11,Midday,1,1,1,1.0
476,Wednesday,2,15,Evening Rush,1,1,0,0.0
477,Friday,4,13,Midday,2,2,0,0.0
477,Friday,4,15,Evening Rush,1,1,0,0.0
477,Friday,4,16,Evening Rush,1,1,1,1.0
477,Friday,4,18,Evening Rush,1,1,0,0.0
477,Monday,0,6,Morning Rush,1,1,1,1.0
477,Monday,0,8,Morning Rush,1,1,0,0.0
477,Monday,0,15,Evening Rush,1,1,0,0.0
477,Monday,0,16,Evening Rush,1,1,1,1.0
477,Monday,0,17,Evening Rush,1,1,0,0.0
477,Saturday,5,0,Night,1,1,1,1.0
477,Saturday,5,2,Night,1,1,0,0.0
477,Saturday,5,5,Night,1,1,0,0.0
477,Saturday,5,11,Midday,2,2,1,0.5
477,Saturday,5,13,Midday,1,1,0,0.0
477,Saturday,5,21,Evening,2,2,0,0.0
477,Sunday,6,17,Evening Rush,1,1,0,0.0
477,Thursday,3,14,Midday,1,1,0,0.0
477,Thursday,3,17,Evening Rush,1,1,1,1.0
477,Tuesday,1,12,Midday,1,1,0,0.0
477,Tuesday,1,16,Evening Rush,1,1,0,0.0
477,Tuesday,1,20,Evening,1,1,0,0.0
477,Wednesday,2,2,Night,1,1,1,1.0
477,Wednesday,2,14,Midday,2,2,2,1.0
477,Wednesday,2,15,Evening Rush,1,1,1,1.0
477,Wednesday,2,16,Evening Rush,1,1,0,0.0
477,Wednesday,2,19,Evening,1,1,1,1.0
478,Friday,4,1,Night,1,1,0,0.0
478,Friday,4,13,Midday,1,1,1,1.0
478,Friday,4,15,Evening Rush,1,1,1,1.0
478,Friday,4,19,Evening,1,1,0,0.0
478,Friday,4,22,Evening,2,2,1,0.5
478,Monday,0,2,Night,1,1,1,1.0
478,Monday,0,20,Evening,1,1,1,1.0
478,Monday,0,22,Evening,1,1,0,0.0
478,Saturday,5,16,Evening Rush,1,1,0,0.0
478,Saturday,5,20,Evening,1,1,1,1.0
478,Sunday,6,11,Midday,1,1,1,1.0
478,Sunday,6,15,Evening Rush,1,1,0,0.0
478,Sunday,6,18,Evening Rush,1,1,0,0.0
478,Thursday,3,9,Morning Rush,1,1,1,1.0
478,Thursday,3,12,Midday,1,1,0,0.0
478,Thursday,3,14,Midday,2,2,2,1.0
478,Thursday,3,16,Evening Rush,1,1,0,0.0
478,Tuesday,1,9,Morning Rush,1,1,0,0.0
478,Tuesday,1,11,Midday,1,1,0,0.0
478,Tuesday,1,12,Midday,1,1,1,1.0
478,Wednesday,2,0,Night,1,1,0,0.0
478,Wednesday,2,8,Morning Rush,2,2,1,0.5
478,Wednesday,2,10,Midday,1,1,0,0.0
478,Wednesday,2,19,Evening,1,1,1,1.0
479,Friday,4,7,Morning Rush,1,1,0,0.0
479,Friday,4,13,Midday,1,1,1,1.0
479,Friday,4,21,Evening,1,1,1,1.0
479,Monday,0,10,Midday,1,1,0,0.0
479,Monday,0,13,Midday,1,1,0,0.0
479,Monday,0,15,Evening Rush,1,1,1,1.0
479,Monday,0,23,Evening,1,1,0,0.0
479,Saturday,5,13,Midday,1,1,1,1.0
479,Saturday,5,15,Evening Rush,1,1,0,0.0
479,Saturday,5,18,Evening Rush,1,1,1,1.0
479,Saturday,5,23,Evening,1,1,0,0.0
479,Sunday,6,1,Night,1,1,0,0.0
479,Sunday,6,2,Night,1,1,1,1.0
479,Sunday,6,9,Morning Rush,1,1,0,0.0
479,Sunday,6,16,Evening Rush,1,1,1,1.0
479,Thursday,3,2,Night,1,1,1,1.0
479,Tuesday,1,0,Night,2,2,1,0.5
479,Tuesday,1,5,Night,1,1,1,1.0
479,Tuesday,1,7,Morning Rush,1,1,0,0.0
479,Wednesday,2,1,Night,1,1,0,0.0
479,Wednesday,2,6,Morning Rush,1,1,0,0.0
480,Friday,4,3,Night,1,1,1,1.0
480,Friday,4,6,Morning Rush,1,1,1,1.0
480,Friday,4,7,Morning Rush,1,1,1,1.0
480,Friday,4,9,Morning Rush,1,1,1,1.0
480,Friday,4,10,Midday,1,1,0,0.0
480,Friday,4,13,Midday,1,1,0,0.0
480,Friday,4,14,Midday,1,1,0,0.0
480,Friday,4,15,Evening Rush,4,4,0,0.0
480,Friday,4,17,Evening Rush,3,3,2,0.6666666666666666
480,Friday,4,20,Evening,1,1,1,1.0
480,Monday,0,12,Midday,1,1,1,1.0
480,Monday,0,13,Midday,1,1,1,1.0
480,Monday,0,14,Midday,2,2,0,0.0
480,Monday,0,17,Evening Rush,1,1,0,0.0
480,Monday,0,18,Evening Rush,1,1,1,1.0
480,Monday,0,19,Evening,1,1,0,0.0
480,Saturday,5,2,Night,1,1,0,0.0
480,Saturday,5,7,Morning Rush,1,1,0,0.0
480,Saturday,5,12,Midday,1,1,0,0.0
480,Saturday,5,13,Midday,4,4,0,0.0
480,Saturday,5,14,Midday,4,4,0,0.0
480,Sunday,6,7,Morning Rush,1,1,1,1.0
480,Sunday,6,13,Midday,2,2,2,1.0
480,Sunday,6,16,Evening Rush,2,2,1,0.5
480,Sunday,6,18,Evening Rush,1,1,0,0.0
480,Thursday,3,1,Night,1,1,1,1.0
480,Thursday,3,6,Morning Rush,1,1,0,0.0
480,Thursday,3,11,Midday,1,1,1,1.0
480,Thursday,3,13,Midday,1,1,0,0.0
480,Thursday,3,16,Evening Rush,2,2,0,0.0
480,Thursday,3,17,Evening Rush,2,2,0,0.0
480,Tuesday,1,7,Morning Rush,1,1,0,0.0
480,Tuesday,1,8,Morning Rush,2,2,0,0.0
480,Tuesday,1,9,Morning Rush,2,2,1,0.5
480,Tuesday,1,14,Midday,1,1,0,0.0
480,Tuesday,1,15,Evening Rush,4,4,1,0.25
480,Tuesday,1,16,Evening Rush,2,2,1,0.5
480,Tuesday,1,17,Evening Rush,2,2,1,0.5
480,Tuesday,1,18,Evening Rush,3,3,1,0.3333333333333333
480,Tuesday,1,20,Evening,1,1,1,1.0
480,Tuesday,1,21,Evening,1,1,0,0.0
480,Tuesday,1,22,Evening,1,1,0,0.0
480,Wednesday,2,6,Morning Rush,1,1,1,1.0
480,Wednesday,2,9,Morning Rush,1,1,1,1.0
480,Wednesday,2,14,Midday,2,2,2,1.0
480,Wednesday,2,15,Evening Rush,1,1,1,1.0
480,Wednesday,2,16,Evening Rush,2,2,0,0.0
480,Wednesday,2,17,Evening Rush,1,1,0,0.0
480,Wednesday,2,18,Evening Rush,3,3,2,0.6666666666666666
480,Wednesday,2,20,Evening,1,1,0,0.0
480,Wednesday,2,23,Evening,1,1,0,0.0
481,Friday,4,7,Morning Rush,1,1,0,0.0
481,Friday,4,9,Morning Rush,1,1,1,1.0
481,Friday,4,14,Midday,1,1,1,1.0
481,Friday,4,15,Evening Rush,1,1,0,0.0
481,Monday,0,5,Night,1,1,1,1.0
481,Monday,0,6,Morning Rush,1,1,1,1.0
481,Monday,0,7,Morning Rush,1,1,0,0.0
481,Monday,0,9,Morning Rush,2,2,0,0.0
481,Monday,0,10,Midday,1,1,1,1.0
481,Monday,0,13,Midday,1,1,1,1.0
481,Monday,0,14,Midday,1,1,0,0.0
481,Monday,0,15,Evening Rush,1,1,0,0.0
481,Monday,0,16,Evening Rush,2,2,1,0.5
481,Saturday,5,14,Midday,1,1,0,0.0
481,Saturday,5,21,Evening,1,1,0,0.0
481,Sunday,6,8,Morning Rush,2,2,0,0.0
481,Sunday,6,12,Midday,1,1,0,0.0
481,Sunday,6,17,Evening Rush,1,1,0,0.0
481,Thursday,3,0,Night,1,1,0,0.0
481,Thursday,3,1,Night,1,1,1,1.0
481,Thursday,3,12,Midday,1,1,0,0.0
481,Thursday,3,14,Midday,1,1,0,0.0
481,Thursday,3,15,Evening Rush,2,2,0,0.0
481,Thursday,3,16,Evening Rush,3,3,0,0.0
481,Thursday,3,23,Evening,1,1,0,0.0
481,Tuesday,1,16,Evening Rush,1,1,0,0.0
481,Tuesday,1,18,Evening Rush,1,1,1,1.0
481,Wednesday,2,11,Midday,2,2,0,0.0
481,Wednesday,2,14,Midday,2,2,1,0.5
481,Wednesday,2,15,Evening Rush,1,1,0,0.0
481,Wednesday,2,17,Evening Rush,1,1,0,0.0
481,Wednesday,2,18,Evening Rush,1,1,1,1.0
481,Wednesday,2,19,Evening,2,2,0,0.0
482,Friday,4,6,Morning Rush,1,1,0,0.0
482,Friday,4,7,Morning Rush,1,1,0,0.0
482,Friday,4,8,Morning Rush,1,1,1,1.0
482,Friday,4,10,Midday,3,3,3,1.0
482,Friday,4,14,Midday,2,2,2,1.0
482,Friday,4,15,Evening Rush,1,1,0,0.0
482,Friday,4,16,Evening Rush,3,3,0,0.0
482,Friday,4,17,Evening Rush,3,3,2,0.6666666666666666
482,Friday,4,20,Evening,1,1,0,0.0
482,Monday,0,2,Night,1,1,0,0.0
482,Monday,0,5,Night,1,1,1,1.0
482,Monday,0,6,Morning Rush,4,4,1,0.25
482,Monday,0,7,Morning Rush,1,1,1,1.0
482,Monday,0,8,Morning Rush,1,1,1,1.0
482,Monday,0,13,Midday,2,2,1,0.5
482,Monday,0,16,Evening Rush,2,2,1,0.5
482,Monday,0,17,Evening Rush,1,1,1,1.0
482,Monday,0,19,Evening,1,1,1,1.0
482,Saturday,5,4,Night,2,2,0,0.0
482,Saturday,5,7,Morning Rush,1,1,1,1.0
482,Saturday,5,12,Midday,2,2,1,0.5
482,Sunday,6,9,Morning Rush,1,1,1,1.0
482,Sunday,6,14,Midday,2,2,0,0.0
482,Sunday,6,17,Evening Rush,1,1,0,0.0
482,Sunday,6,19,Evening,1,1,0,0.0
482,Thursday,3,7,Morning Rush,1,1,1,1.0
482,Thursday,3,8,Morning Rush,2,2,1,0.5
482,Thursday,3,10,Midday,2,2,1,0.5
482,Thursday,3,11,Midday,1,1,0,0.0
482,Thursday,3,13,Midday,1,1,1,1.0
482,Thursday,3,15,Evening Rush,2,2,2,1.0
482,Thursday,3,17,Evening Rush,3,3,2,0.6666666666666666
482,Thursday,3,19,Evening,1,1,1,1.0
482,Thursday,3,23,Evening,1,1,1,1.0
482,Tuesday,1,5,Night,1,1,1,1.0
482,Tuesday,1,7,Morning Rush,1,1,0,0.0
482,Tuesday,1,8,Morning Rush,1,1,1,1.0
482,Tuesday,1,9,Morning Rush,2,2,0,0.0
482,Tuesday,1,12,Midday,1,1,0,0.0
482,Tuesday,1,14,Midday,2,2,0,0.0
482,Tuesday,1,15,Evening Rush,1,1,0,0.0
482,Tuesday,1,17,Evening Rush,2,2,0,0.0
482,Tuesday,1,21,Evening,1,1,0,0.0
482,Wednesday,2,7,Morning Rush,1,1,0,0.0
482,Wednesday,2,14,Midday,1,1,0,0.0
482,Wednesday,2,16,Evening Rush,2,2,0,0.0
482,Wednesday,2,17,Evening Rush,1,1,1,1.0
482,Wednesday,2,20,Evening,1,1,0,0.0
482,Wednesday,2,21,Evening,1,1,1,1.0
483,Friday,4,9,Morning Rush,1,1,0,0.0
483,Friday,4,13,Midday,1,1,0,0.0
483,Friday,4,17,Evening Rush,2,2,0,0.0
483,Friday,4,23,Evening,1,1,0,0.0
483,Monday,0,2,Night,1,1,1,1.0
483,Monday,0,8,Morning Rush,1,1,1,1.0
483,Monday,0,9,Morning Rush,1,1,1,1.0
483,Monday,0,17,Evening Rush,1,1,1,1.0
483,Monday,0,19,Evening,1,1,0,0.0
483,Saturday,5,4,Night,1,1,0,0.0
483,Saturday,5,5,Night,1,1,0,0.0
483,Saturday,5,9,Morning Rush,1,1,0,0.0
483,Saturday,5,14,Midday,1,1,0,0.0
483,Saturday,5,19,Evening,1,1,1,1.0
483,Saturday,5,20,Evening,1,1,1,1.0
483,Saturday,5,22,Evening,1,1,1,1.0
483,Saturday,5,23,Evening,1,1,0,0.0
483,Sunday,6,12,Midday,1,1,0,0.0
483,Sunday,6,13,Midday,1,1,0,0.0
483,Sunday,6,17,Evening Rush,1,1,0,0.0
483,Sunday,6,19,Evening,2,2,1,0.5
483,Thursday,3,1,Night,1,1,1,1.0
483,Thursday,3,9,Morning Rush,1,1,0,0.0
483,Thursday,3,14,Midday,1,1,1,1.0
483,Thursday,3,15,Evening Rush,2,2,0,0.0
483,Thursday,3,18,Evening Rush,1,1,0,0.0
483,Thursday,3,19,Evening,1,1,0,0.0
483,Thursday,3,23,Evening,1,1,1,1.0
483,Tuesday,1,0,Night,1,1,0,0.0
483,Tuesday,1,11,Midday,1,1,1,1.0
483,Tuesday,1,13,Midday,1,1,0,0.0
483,Tuesday,1,14,Midday,1,1,0,0.0
483,Tuesday,1,17,Evening Rush,1,1,0,0.0
483,Tuesday,1,18,Evening Rush,1,1,1,1.0
483,Tuesday,1,19,Evening,3,3,1,0.3333333333333333
483,Tuesday,1,21,Evening,1,1,1,1.0
483,Tuesday,1,23,Evening,1,1,1,1.0
483,Wednesday,2,9,Morning Rush,1,1,0,0.0
483,Wednesday,2,11,Midday,2,2,1,0.5
484,Friday,4,15,Evening Rush,1,1,0,0.0
484,Friday,4,16,Evening Rush,1,1,1,1.0
484,Friday,4,19,Evening,1,1,0,0.0
484,Friday,4,22,Evening,1,1,0,0.0
484,Monday,0,7,Morning Rush,1,1,1,1.0
484,Monday,0,15,Evening Rush,1,1,1,1.0
484,Monday,0,16,Evening Rush,1,1,1,1.0
484,Monday,0,17,Evening Rush,2,2,1,0.5
484,Monday,0,23,Evening,1,1,1,1.0
484,Saturday,5,12,Midday,1,1,0,0.0
484,Saturday,5,18,Evening Rush,1,1,0,0.0
484,Sunday,6,1,Night,1,1,0,0.0
484,Sunday,6,6,Morning Rush,1,1,0,0.0
484,Thursday,3,8,Morning Rush,1,1,0,0.0
484,Thursday,3,17,Evening Rush,1,1,1,1.0
484,Tuesday,1,7,Morning Rush,1,1,0,0.0
484,Tuesday,1,8,Morning Rush,1,1,0,0.0
484,Tuesday,1,16,Evening Rush,1,1,0,0.0
484,Wednesday,2,7,Morning Rush,2,2,2,1.0
484,Wednesday,2,12,Midday,1,1,0,0.0
484,Wednesday,2,14,Midday,3,3,2,0.6666666666666666
484,Wednesday,2,15,Evening Rush,1,1,0,0.0
485,Friday,4,3,Night,2,2,2,1.0
485,Friday,4,9,Morning Rush,1,1,1,1.0
485,Friday,4,18,Evening Rush,1,1,1,1.0
485,Monday,0,14,Midday,1,1,1,1.0
485,Saturday,5,6,Morning Rush,1,1,0,0.0
485,Saturday,5,10,Midday,1,1,1,1.0
485,Saturday,5,12,Midday,1,1,1,1.0
485,Saturday,5,15,Evening Rush,1,1,0,0.0
485,Saturday,5,16,Evening Rush,1,1,0,0.0
485,Saturday,5,18,Evening Rush,1,1,1,1.0
485,Thursday,3,13,Midday,1,1,0,0.0
485,Thursday,3,16,Evening Rush,2,2,1,0.5
485,Thursday,3,20,Evening,1,1,0,0.0
485,Tuesday,1,5,Night,1,1,1,1.0
485,Tuesday,1,9,Morning Rush,1,1,1,1.0
485,Tuesday,1,13,Midday,1,1,0,0.0
485,Tuesday,1,16,Evening Rush,1,1,0,0.0
485,Tuesday,1,19,Evening,1,1,1,1.0
486,Friday,4,6,Morning Rush,1,1,1,1.0
486,Friday,4,7,Morning Rush,1,1,1,1.0
486,Friday,4,9,Morning Rush,1,1,0,0.0
486,Friday,4,10,Midday,1,1,0,0.0
486,Friday,4,18,Evening Rush,2,2,1,0.5
486,Friday,4,19,Evening,2,2,1,0.5
486,Friday,4,20,Evening,1,1,0,0.0
486,Monday,0,1,Night,1,1,0,0.0
486,Monday,0,5,Night,1,1,1,1.0
486,Monday,0,7,Morning Rush,1,1,0,0.0
486,Monday,0,8,Morning Rush,2,2,1,0.5
486,Monday,0,14,Midday,1,1,0,0.0
486,Monday,0,19,Evening,1,1,0,0.0
486,Saturday,5,10,Midday,1,1,1,1.0
486,Saturday,5,11,Midday,1,1,1,1.0
486,Saturday,5,12,Midday,1,1,0,0.0
486,Saturday,5,13,Midday,3,3,3,1.0
486,Saturday,5,14,Midday,2,2,1,0.5
486,Saturday,5,15,Evening Rush,3,3,0,0.0
486,Saturday,5,16,Evening Rush,1,1,0,0.0
486,Saturday,5,19,Evening,1,1,1,1.0
486,Saturday,5,21,Evening,1,1,0,0.0
486,Saturday,5,23,Evening,2,2,0,0.0
486,Sunday,6,14,Midday,1,1,0,0.0
486,Thursday,3,8,Morning Rush,1,1,0,0.0
486,Thursday,3,9,Morning Rush,1,1,1,1.0
486,Thursday,3,16,Evening Rush,1,1,1,1.0
486,Thursday,3,17,Evening Rush,2,2,1,0.5
486,Tuesday,1,11,Midday,2,2,0,0.0
486,Tuesday,1,12,Midday,2,2,0,0.0
486,Tuesday,1,14,Midday,1,1,0,0.0
486,Tuesday,1,17,Evening Rush,2,2,1,0.5
486,Wednesday,2,9,Morning Rush,1,1,1,1.0
486,Wednesday,2,12,Midday,1,1,0,0.0
486,Wednesday,2,13,Midday,2,2,0,0.0
486,Wednesday,2,15,Evening Rush,1,1,1,1.0
486,Wednesday,2,16,Evening Rush,1,1,0,0.0
486,Wednesday,2,18,Evening Rush,2,2,2,1.0
487,Friday,4,9,Morning Rush,1,1,0,0.0
487,Friday,4,13,Midday,1,1,1,1.0
487,Friday,4,14,Midday,1,1,1,1.0
487,Friday,4,15,Evening Rush,1,1,0,0.0
487,Monday,0,8,Morning Rush,1,1,1,1.0
487,Monday,0,12,Midday,1,1,0,0.0
487,Monday,0,13,Midday,1,1,0,0.0
487,Monday,0,15,Evening Rush,1,1,0,0.0
487,Monday,0,16,Evening Rush,1,1,1,1.0
487,Monday,0,17,Evening Rush,1,1,1,1.0
487,Monday,0,20,Evening,1,1,0,0.0
487,Saturday,5,14,Midday,2,2,0,0.0
487,Sunday,6,4,Night,1,1,0,0.0
487,Sunday,6,11,Midday,1,1,0,0.0
487,Sunday,6,15,Evening Rush,1,1,1,1.0
487,Sunday,6,22,Evening,1,1,0,0.0
487,Thursday,3,9,Morning Rush,2,2,1,0.5
487,Thursday,3,12,Midday,1,1,0,0.0
487,Thursday,3,13,Midday,1,1,0,0.0
487,Thursday,3,16,Evening Rush,1,1,0,0.0
487,Thursday,3,19,Evening,1,1,1,1.0
487,Tuesday,1,15,Evening Rush,1,1,0,0.0
487,Wednesday,2,9,Morning Rush,1,1,0,0.0
487,Wednesday,2,10,Midday,1,1,0,0.0
487,Wednesday,2,12,Midday,1,1,1,1.0
487,Wednesday,2,14,Midday,1,1,0,0.0
487,Wednesday,2,15,Evening Rush,1,1,0,0.0
487,Wednesday,2,16,Evening Rush,1,1,0,0.0
488,Friday,4,9,Morning Rush,1,1,0,0.0
488,Friday,4,10,Midday,1,1,1,1.0
488,Friday,4,12,Midday,1,1,0,0.0
488,Friday,4,14,Midday,1,1,0,0.0
488,Friday,4,15,Evening Rush,1,1,0,0.0
488,Friday,4,16,Evening Rush,2,2,1,0.5
488,Friday,4,17,Evening Rush,2,2,0,0.0
488,Monday,0,5,Night,1,1,0,0.0
488,Monday,0,7,Morning Rush,1,1,0,0.0
488,Monday,0,9,Morning Rush,1,1,0,0.0
488,Monday,0,12,Midday,1,1,1,1.0
488,Monday,0,17,Evening Rush,1,1,0,0.0
488,Saturday,5,1,Night,1,1,0,0.0
488,Saturday,5,7,Morning Rush,1,1,1,1.0
488,Saturday,5,13,Midday,1,1,1,1.0
488,Saturday,5,15,Evening Rush,2,2,0,0.0
488,Saturday,5,16,Evening Rush,1,1,0,0.0
488,Saturday,5,18,Evening Rush,1,1,0,0.0
488,Sunday,6,13,Midday,1,1,0,0.0
488,Sunday,6,16,Evening Rush,3,3,0,0.0
488,Thursday,3,7,Morning Rush,1,1,1,1.0
488,Thursday,3,8,Morning Rush,2,2,1,0.5
488,Thursday,3,10,Midday,1,1,1,1.0
488,Thursday,3,12,Midday,2,2,0,0.0
488,Thursday,3,14,Midday,1,1,1,1.0
488,Thursday,3,16,Evening Rush,1,1,0,0.0
488,Thursday,3,17,Evening Rush,1,1,0,0.0
488,Thursday,3,23,Evening,1,1,0,0.0
488,Tuesday,1,3,Night,1,1,1,1.0
488,Tuesday,1,14,Midday,1,1,0,0.0
488,Tuesday,1,15,Evening Rush,1,1,0,0.0
488,Tuesday,1,16,Evening Rush,1,1,0,0.0
488,Tuesday,1,19,Evening,1,1,0,0.0
488,Tuesday,1,20,Evening,1,1,1,1.0
488,Wednesday,2,8,Morning Rush,2,2,2,1.0
488,Wednesday,2,11,Midday,2,2,2,1.0
488,Wednesday,2,14,Midday,1,1,0,0.0
488,Wednesday,2,15,Evening Rush,1,1,0,0.0
488,Wednesday,2,17,Evening Rush,1,1,0,0.0
489,Friday,4,1,Night,1,1,1,1.0
489,Friday,4,12,Midday,1,1,0,0.0
489,Friday,4,15,Evening Rush,1,1,0,0.0
489,Friday,4,16,Evening Rush,1,1,0,0.0
489,Friday,4,19,Evening,1,1,0,0.0
489,Friday,4,20,Evening,1,1,0,0.0
489,Friday,4,22,Evening,1,1,0,0.0
489,Monday,0,11,Midday,1,1,1,1.0
489,Monday,0,12,Midday,1,1,0,0.0
489,Monday,0,13,Midday,1,1,0,0.0
489,Monday,0,15,Evening Rush,1,1,0,0.0
489,Monday,0,16,Evening Rush,2,2,0,0.0
489,Monday,0,17,Evening Rush,1,1,0,0.0
489,Monday,0,18,Evening Rush,1,1,0,0.0
489,Saturday,5,0,Night,3,3,2,0.6666666666666666
489,Saturday,5,10,Midday,1,1,1,1.0
489,Saturday,5,11,Midday,1,1,0,0.0
489,Saturday,5,12,Midday,1,1,1,1.0
489,Saturday,5,13,Midday,1,1,0,0.0
489,Saturday,5,14,Midday,2,2,0,0.0
489,Saturday,5,15,Evening Rush,1,1,0,0.0
489,Saturday,5,17,Evening Rush,2,2,1,0.5
489,Saturday,5,18,Evening Rush,1,1,0,0.0
489,Sunday,6,4,Night,1,1,0,0.0
489,Sunday,6,5,Night,2,2,2,1.0
489,Sunday,6,14,Midday,2,2,1,0.5
489,Sunday,6,18,Evening Rush,1,1,1,1.0
489,Sunday,6,19,Evening,1,1,0,0.0
489,Sunday,6,22,Evening,1,1,1,1.0
489,Thursday,3,7,Morning Rush,1,1,0,0.0
489,Thursday,3,12,Midday,1,1,1,1.0
489,Thursday,3,15,Evening Rush,1,1,1,1.0
489,Thursday,3,16,Evening Rush,1,1,0,0.0
489,Thursday,3,17,Evening Rush,1,1,1,1.0
489,Thursday,3,20,Evening,2,2,1,0.5
489,Thursday,3,22,Evening,1,1,1,1.0
489,Tuesday,1,9,Morning Rush,2,2,1,0.5
489,Tuesday,1,14,Midday,1,1,1,1.0
489,Tuesday,1,16,Evening Rush,3,3,0,0.0
489,Tuesday,1,17,Evening Rush,2,2,1,0.5
489,Tuesday,1,18,Evening Rush,2,2,0,0.0
489,Tuesday,1,20,Evening,1,1,1,1.0
489,Wednesday,2,8,Morning Rush,1,1,1,1.0
489,Wednesday,2,9,Morning Rush,1,1,0,0.0
489,Wednesday,2,11,Midday,1,1,0,0.0
489,Wednesday,2,14,Midday,2,2,0,0.0
489,Wednesday,2,15,Evening Rush,2,2,1,0.5
489,Wednesday,2,17,Evening Rush,2,2,1,0.5
490,Friday,4,8,Morning Rush,1,1,1,1.0
490,Friday,4,10,Midday,1,1,0,0.0
490,Friday,4,14,Midday,1,1,1,1.0
490,Friday,4,16,Evening Rush,1,1,0,0.0
490,Friday,4,18,Evening Rush,1,1,0,0.0
490,Monday,0,12,Midday,1,1,0,0.0
490,Monday,0,16,Evening Rush,1,1,0,0.0
490,Monday,0,17,Evening Rush,1,1,1,1.0
490,Thursday,3,10,Midday,1,1,1,1.0
490,Thursday,3,11,Midday,1,1,0,0.0
490,Thursday,3,15,Evening Rush,1,1,0,0.0
490,Thursday,3,18,Evening Rush,2,2,2,1.0
490,Thursday,3,19,Evening,1,1,0,0.0
490,Tuesday,1,8,Morning Rush,1,1,1,1.0
490,Tuesday,1,14,Midday,2,2,1,0.5
490,Tuesday,1,15,Evening Rush,1,1,0,0.0
490,Tuesday,1,17,Evening Rush,1,1,1,1.0
490,Tuesday,1,18,Evening Rush,2,2,1,0.5
490,Tuesday,1,23,Evening,1,1,0,0.0
491,Friday,4,0,Night,1,1,0,0.0
491,Friday,4,11,Midday,1,1,0,0.0
491,Friday,4,15,Evening Rush,1,1,0,0.0
491,Friday,4,18,Evening Rush,1,1,0,0.0
491,Monday,0,9,Morning Rush,1,1,0,0.0
491,Monday,0,10,Midday,1,1,0,0.0
491,Monday,0,16,Evening Rush,1,1,0,0.0
491,Monday,0,18,Evening Rush,1,1,0,0.0
491,Saturday,5,3,Night,1,1,0,0.0
491,Saturday,5,5,Night,1,1,1,1.0
491,Saturday,5,15,Evening Rush,1,1,1,1.0
491,Saturday,5,18,Evening Rush,1,1,1,1.0
491,Saturday,5,20,Evening,1,1,1,1.0
491,Sunday,6,5,Night,1,1,0,0.0
491,Sunday,6,8,Morning Rush,1,1,0,0.0
491,Sunday,6,13,Midday,2,2,1,0.5
491,Sunday,6,17,Evening Rush,1,1,0,0.0
491,Sunday,6,18,Evening Rush,1,1,1,1.0
491,Thursday,3,9,Morning Rush,1,1,0,0.0
491,Thursday,3,10,Midday,1,1,0,0.0
491,Thursday,3,14,Midday,1,1,0,0.0
491,Thursday,3,16,Evening Rush,1,1,0,0.0
491,Thursday,3,18,Evening Rush,1,1,0,0.0
491,Thursday,3,22,Evening,1,1,1,1.0
491,Thursday,3,23,Evening,1,1,0,0.0
491,Tuesday,1,16,Evening Rush,1,1,0,0.0
491,Tuesday,1,20,Evening,1,1,0,0.0
491,Tuesday,1,23,Evening,1,1,0,0.0
491,Wednesday,2,7,Morning Rush,1,1,1,1.0
491,Wednesday,2,11,Midday,1,1,0,0.0
491,Wednesday,2,14,Midday,1,1,0,0.0
491,Wednesday,2,15,Evening Rush,1,1,0,0.0
491,Wednesday,2,17,Evening Rush,3,3,1,0.3333333333333333
491,Wednesday,2,19,Evening,1,1,1,1.0
491,Wednesday,2,21,Evening,1,1,0,0.0
491,Wednesday,2,23,Evening,1,1,1,1.0
492,Friday,4,15,Evening Rush,1,1,1,1.0
492,Friday,4,17,Evening Rush,1,1,1,1.0
492,Monday,0,19,Evening,1,1,1,1.0
492,Saturday,5,0,Night,1,1,1,1.0
492,Saturday,5,1,Night,1,1,1,1.0
492,Saturday,5,16,Evening Rush,1,1,1,1.0
492,Saturday,5,19,Evening,1,1,0,0.0
492,Saturday,5,20,Evening,1,1,0,0.0
492,Sunday,6,5,Night,1,1,0,0.0
492,Sunday,6,19,Evening,1,1,0,0.0
492,Thursday,3,2,Night,1,1,0,0.0
492,Thursday,3,9,Morning Rush,2,2,1,0.5
492,Thursday,3,17,Evening Rush,1,1,1,1.0
492,Tuesday,1,14,Midday,1,1,0,0.0
492,Tuesday,1,15,Evening Rush,1,1,0,0.0
492,Tuesday,1,17,Evening Rush,2,2,1,0.5
492,Wednesday,2,6,Morning Rush,2,2,2,1.0
492,Wednesday,2,8,Morning Rush,1,1,0,0.0
492,Wednesday,2,14,Midday,2,2,1,0.5
493,Friday,4,12,Midday,1,1,1,1.0
493,Friday,4,15,Evening Rush,5,5,0,0.0
493,Friday,4,16,Evening Rush,2,2,0,0.0
493,Friday,4,17,Evening Rush,2,2,2,1.0
493,Friday,4,19,Evening,1,1,0,0.0
493,Monday,0,7,Morning Rush,1,1,1,1.0
493,Monday,0,8,Morning Rush,1,1,1,1.0
493,Monday,0,13,Midday,1,1,0,0.0
493,Monday,0,16,Evening Rush,2,2,0,0.0
493,Monday,0,18,Evening Rush,1,1,1,1.0
493,Monday,0,19,Evening,1,1,0,0.0
493,Monday,0,20,Evening,2,2,2,1.0
493,Saturday,5,8,Morning Rush,1,1,0,0.0
493,Saturday,5,16,Evening Rush,1,1,1,1.0
493,Saturday,5,17,Evening Rush,1,1,1,1.0
493,Saturday,5,19,Evening,1,1,1,1.0
493,Sunday,6,10,Midday,1,1,0,0.0
493,Sunday,6,12,Midday,2,2,0,0.0
493,Sunday,6,16,Evening Rush,1,1,1,1.0
493,Thursday,3,7,Morning Rush,2,2,0,0.0
493,Thursday,3,11,Midday,1,1,1,1.0
493,Thursday,3,14,Midday,1,1,0,0.0
493,Thursday,3,15,Evening Rush,1,1,0,0.0
493,Thursday,3,16,Evening Rush,2,2,1,0.5
493,Thursday,3,17,Evening Rush,3,3,1,0.3333333333333333
493,Thursday,3,18,Evening Rush,1,1,0,0.0
493,Thursday,3,19,Evening,1,1,0,0.0
493,Thursday,3,22,Evening,1,1,0,0.0
493,Tuesday,1,9,Morning Rush,1,1,0,0.0
493,Tuesday,1,14,Midday,1,1,0,0.0
493,Tuesday,1,15,Evening Rush,1,1,0,0.0
493,Tuesday,1,16,Evening Rush,4,4,0,0.0
493,Tuesday,1,17,Evening Rush,1,1,0,0.0
493,Tuesday,1,18,Evening Rush,3,3,0,0.0
493,Tuesday,1,20,Evening,1,1,0,0.0
493,Wednesday,2,8,Morning Rush,1,1,0,0.0
493,Wednesday,2,12,Midday,1,1,1,1.0
493,Wednesday,2,15,Evening Rush,2,2,2,1.0
493,Wednesday,2,16,Evening Rush,1,1,0,0.0
493,Wednesday,2,17,Evening Rush,4,4,1,0.25
493,Wednesday,2,18,Evening Rush,2,2,0,0.0
493,Wednesday,2,22,Evening,1,1,1,1.0
494,Friday,4,4,Night,1,1,0,0.0
494,Friday,4,15,Evening Rush,1,1,0,0.0
494,Friday,4,17,Evening Rush,2,2,0,0.0
494,Friday,4,20,Evening,1,1,1,1.0
494,Friday,4,23,Evening,1,1,1,1.0
494,Monday,0,7,Morning Rush,1,1,1,1.0
494,Monday,0,15,Evening Rush,1,1,0,0.0
494,Monday,0,16,Evening Rush,1,1,0,0.0
494,Monday,0,17,Evening Rush,2,2,0,0.0
494,Monday,0,18,Evening Rush,1,1,0,0.0
494,Monday,0,20,Evening,1,1,1,1.0
494,Saturday,5,14,Midday,1,1,0,0.0
494,Saturday,5,17,Evening Rush,1,1,0,0.0
494,Thursday,3,14,Midday,1,1,1,1.0
494,Thursday,3,15,Evening Rush,1,1,0,0.0
494,Tuesday,1,8,Morning Rush,1,1,1,1.0
494,Tuesday,1,10,Midday,2,2,0,0.0
494,Tuesday,1,13,Midday,1,1,1,1.0
494,Tuesday,1,14,Midday,1,1,1,1.0
494,Tuesday,1,15,Evening Rush,1,1,1,1.0
494,Tuesday,1,16,Evening Rush,1,1,0,0.0
494,Tuesday,1,17,Evening Rush,2,2,0,0.0
494,Wednesday,2,7,Morning Rush,2,2,2,1.0
494,Wednesday,2,8,Morning Rush,2,2,1,0.5
494,Wednesday,2,13,Midday,1,1,1,1.0
494,Wednesday,2,15,Evening Rush,1,1,0,0.0
494,Wednesday,2,17,Evening Rush,1,1,0,0.0
494,Wednesday,2,18,Evening Rush,1,1,0,0.0
495,Friday,4,7,Morning Rush,1,1,1,1.0
495,Friday,4,8,Morning Rush,1,1,1,1.0
495,Friday,4,16,Evening Rush,1,1,0,0.0
495,Friday,4,18,Evening Rush,2,2,0,0.0
495,Friday,4,19,Evening,1,1,1,1.0
495,Monday,0,0,Night,1,1,1,1.0
495,Monday,0,13,Midday,1,1,0,0.0
495,Monday,0,14,Midday,2,2,1,0.5
495,Monday,0,18,Evening Rush,1,1,1,1.0
495,Monday,0,21,Evening,1,1,0,0.0
495,Saturday,5,12,Midday,2,2,0,0.0
495,Saturday,5,14,Midday,1,1,1,1.0
495,Saturday,5,15,Evening Rush,1,1,0,0.0
495,Saturday,5,17,Evening Rush,1,1,0,0.0
495,Sunday,6,7,Morning Rush,1,1,1,1.0
495,Sunday,6,14,Midday,1,1,0,0.0
495,Sunday,6,16,Evening Rush,1,1,1,1.0
495,Sunday,6,19,Evening,1,1,1,1.0
495,Sunday,6,20,Evening,1,1,0,0.0
495,Thursday,3,8,Morning Rush,1,1,0,0.0
495,Thursday,3,13,Midday,1,1,1,1.0
495,Thursday,3,15,Evening Rush,1,1,0,0.0
495,Thursday,3,16,Evening Rush,1,1,1,1.0
495,Thursday,3,17,Evening Rush,1,1,0,0.0
495,Thursday,3,18,Evening Rush,2,2,0,0.0
495,Thursday,3,20,Evening,2,2,0,0.0
495,Thursday,3,21,Evening,1,1,1,1.0
495,Tuesday,1,3,Night,1,1,1,1.0
495,Tuesday,1,6,Morning Rush,1,1,0,0.0
495,Tuesday,1,15,Evening Rush,1,1,1,1.0
495,Tuesday,1,19,Evening,1,1,0,0.0
495,Wednesday,2,1,Night,2,2,0,0.0
495,Wednesday,2,5,Night,1,1,1,1.0
495,Wednesday,2,9,Morning Rush,1,1,0,0.0
495,Wednesday,2,10,Midday,3,3,0,0.0
495,Wednesday,2,12,Midday,1,1,1,1.0
495,Wednesday,2,13,Midday,1,1,0,0.0
495,Wednesday,2,16,Evening Rush,1,1,1,1.0
495,Wednesday,2,20,Evening,1,1,0,0.0
495,Wednesday,2,21,Evening,1,1,0,0.0
496,Friday,4,6,Morning Rush,2,2,0,0.0
496,Friday,4,7,Morning Rush,2,2,2,1.0
496,Friday,4,9,Morning Rush,1,1,1,1.0
496,Friday,4,11,Midday,1,1,0,0.0
496,Friday,4,12,Midday,1,1,0,0.0
496,Friday,4,13,Midday,2,2,0,0.0
496,Friday,4,14,Midday,1,1,1,1.0
496,Friday,4,15,Evening Rush,1,1,0,0.0
496,Friday,4,16,Evening Rush,3,3,2,0.6666666666666666
496,Friday,4,17,Evening Rush,1,1,0,0.0
496,Friday,4,23,Evening,1,1,0,0.0
496,Monday,0,9,Morning Rush,1,1,1,1.0
496,Monday,0,12,Midday,1,1,0,0.0
496,Monday,0,15,Evening Rush,2,2,2,1.0
496,Monday,0,16,Evening Rush,1,1,1,1.0
496,Monday,0,17,Evening Rush,1,1,1,1.0
496,Monday,0,18,Evening Rush,2,2,1,0.5
496,Monday,0,20,Evening,1,1,1,1.0
496,Monday,0,22,Evening,3,3,3,1.0
496,Saturday,5,6,Morning Rush,2,2,2,1.0
496,Saturday,5,11,Midday,2,2,1,0.5
496,Saturday,5,12,Midday,1,1,0,0.0
496,Saturday,5,13,Midday,3,3,0,0.0
496,Saturday,5,14,Midday,3,3,0,0.0
496,Saturday,5,15,Evening Rush,3,3,0,0.0
496,Saturday,5,16,Evening Rush,3,3,0,0.0
496,Saturday,5,17,Evening Rush,1,1,0,0.0
496,Saturday,5,19,Evening,1,1,1,1.0
496,Saturday,5,20,Evening,2,2,1,0.5
496,Saturday,5,21,Evening,2,2,0,0.0
496,Saturday,5,22,Evening,2,2,2,1.0
496,Sunday,6,0,Night,1,1,1,1.0
496,Sunday,6,5,Night,1,1,0,0.0
496,Sunday,6,10,Midday,1,1,0,0.0
496,Sunday,6,11,Midday,1,1,0,0.0
496,Sunday,6,12,Midday,2,2,1,0.5
496,Sunday,6,13,Midday,1,1,0,0.0
496,Sunday,6,14,Midday,1,1,1,1.0
496,Sunday,6,15,Evening Rush,1,1,0,0.0
496,Sunday,6,16,Evening Rush,1,1,0,0.0
496,Sunday,6,17,Evening Rush,1,1,0,0.0
496,Sunday,6,18,Evening Rush,1,1,1,1.0
496,Sunday,6,20,Evening,1,1,1,1.0
496,Thursday,3,8,Morning Rush,1,1,1,1.0
496,Thursday,3,11,Midday,2,2,0,0.0
496,Thursday,3,12,Midday,3,3,1,0.3333333333333333
496,Thursday,3,13,Midday,1,1,1,1.0
496,Thursday,3,14,Midday,2,2,0,0.0
496,Thursday,3,15,Evening Rush,3,3,0,0.0
496,Thursday,3,17,Evening Rush,2,2,0,0.0
496,Thursday,3,18,Evening Rush,1,1,0,0.0
496,Thursday,3,19,Evening,1,1,1,1.0
496,Thursday,3,21,Evening,3,3,0,0.0
496,Tuesday,1,1,Night,1,1,0,0.0
496,Tuesday,1,11,Midday,1,1,1,1.0
496,Tuesday,1,12,Midday,1,1,0,0.0
496,Tuesday,1,13,Midday,2,2,1,0.5
496,Tuesday,1,14,Midday,1,1,0,0.0
496,Tuesday,1,15,Evening Rush,2,2,0,0.0
496,Tuesday,1,16,Evening Rush,4,4,1,0.25
496,Tuesday,1,17,Evening Rush,1,1,0,0.0
496,Tuesday,1,18,Evening Rush,1,1,0,0.0
496,Tuesday,1,23,Evening,1,1,0,0.0
496,Wednesday,2,1,Night,1,1,0,0.0
496,Wednesday,2,5,Night,1,1,0,0.0
496,Wednesday,2,7,Morning Rush,2,2,2,1.0
496,Wednesday,2,11,Midday,1,1,0,0.0
496,Wednesday,2,12,Midday,1,1,0,0.0
496,Wednesday,2,13,Midday,1,1,1,1.0
496,Wednesday,2,16,Evening Rush,3,3,0,0.0
496,Wednesday,2,20,Evening,1,1,0,0.0
496,Wednesday,2,21,Evening,2,2,1,0.5
497,Friday,4,9,Morning Rush,1,1,1,1.0
497,Friday,4,12,Midday,1,1,1,1.0
497,Friday,4,14,Midday,1,1,1,1.0
497,Friday,4,17,Evening Rush,1,1,1,1.0
497,Friday,4,19,Evening,1,1,0,0.0
497,Friday,4,20,Evening,1,1,0,0.0
497,Friday,4,21,Evening,1,1,0,0.0
497,Friday,4,22,Evening,1,1,0,0.0
497,Monday,0,8,Morning Rush,1,1,0,0.0
497,Monday,0,14,Midday,1,1,0,0.0
497,Monday,0,17,Evening Rush,3,3,1,0.3333333333333333
497,Monday,0,18,Evening Rush,1,1,0,0.0
497,Monday,0,21,Evening,1,1,1,1.0
497,Saturday,5,9,Morning Rush,1,1,0,0.0
497,Saturday,5,12,Midday,1,1,0,0.0
497,Saturday,5,13,Midday,1,1,1,1.0
497,Saturday,5,14,Midday,1,1,0,0.0
497,Saturday,5,17,Evening Rush,1,1,0,0.0
497,Saturday,5,18,Evening Rush,1,1,1,1.0
497,Saturday,5,19,Evening,2,2,0,0.0
497,Saturday,5,20,Evening,1,1,0,0.0
497,Sunday,6,16,Evening Rush,1,1,0,0.0
497,Sunday,6,17,Evening Rush,1,1,0,0.0
497,Thursday,3,11,Midday,1,1,0,0.0
497,Thursday,3,15,Evening Rush,1,1,0,0.0
497,Thursday,3,16,Evening Rush,1,1,0,0.0
497,Thursday,3,17,Evening Rush,2,2,1,0.5
497,Thursday,3,19,Evening,3,3,2,0.6666666666666666
497,Tuesday,1,14,Midday,1,1,1,1.0
497,Tuesday,1,15,Evening Rush,2,2,0,0.0
497,Tuesday,1,16,Evening Rush,2,2,1,0.5
497,Tuesday,1,17,Evening Rush,2,2,0,0.0
497,Tuesday,1,18,Evening Rush,1,1,1,1.0
497,Tuesday,1,19,Evening,2,2,1,0.5
497,Tuesday,1,22,Evening,1,1,0,0.0
497,Wednesday,2,9,Morning Rush,1,1,1,1.0
497,Wednesday,2,10,Midday,1,1,1,1.0
497,Wednesday,2,12,Midday,1,1,1,1.0
497,Wednesday,2,14,Midday,1,1,0,0.0
497,Wednesday,2,15,Evening Rush,3,3,1,0.3333333333333333
497,Wednesday,2,16,Evening Rush,2,2,1,0.5
497,Wednesday,2,18,Evening Rush,2,2,0,0.0
497,Wednesday,2,20,Evening,1,1,0,0.0
498,Friday,4,6,Morning Rush,1,1,0,0.0
498,Friday,4,14,Midday,1,1,0,0.0
498,Friday,4,15,Evening Rush,4,4,1,0.25
498,Friday,4,17,Evening Rush,2,2,0,0.0
498,Friday,4,21,Evening,1,1,1,1.0
498,Monday,0,7,Morning Rush,1,1,0,0.0
498,Monday,0,8,Morning Rush,1,1,1,1.0
498,Monday,0,14,Midday,1,1,0,0.0
498,Monday,0,16,Evening Rush,1,1,1,1.0
498,Monday,0,20,Evening,1,1,0,0.0
498,Monday,0,23,Evening,1,1,0,0.0
498,Saturday,5,0,Night,1,1,0,0.0
498,Saturday,5,12,Midday,1,1,1,1.0
498,Saturday,5,15,Evening Rush,1,1,0,0.0
498,Saturday,5,19,Evening,2,2,0,0.0
498,Saturday,5,20,Evening,1,1,0,0.0
498,Sunday,6,1,Night,1,1,0,0.0
498,Sunday,6,20,Evening,1,1,1,1.0
498,Thursday,3,8,Morning Rush,1,1,0,0.0
498,Thursday,3,13,Midday,1,1,1,1.0
498,Thursday,3,18,Evening Rush,1,1,0,0.0
498,Thursday,3,21,Evening,1,1,1,1.0
498,Thursday,3,22,Evening,1,1,0,0.0
498,Tuesday,1,5,Night,1,1,0,0.0
498,Tuesday,1,6,Morning Rush,1,1,0,0.0
498,Tuesday,1,8,Morning Rush,1,1,0,0.0
498,Tuesday,1,15,Evening Rush,1,1,1,1.0
498,Tuesday,1,17,Evening Rush,1,1,1,1.0
498,Tuesday,1,19,Evening,1,1,0,0.0
498,Wednesday,2,5,Night,1,1,1,1.0
498,Wednesday,2,7,Morning Rush,1,1,1,1.0
498,Wednesday,2,8,Morning Rush,1,1,0,0.0
498,Wednesday,2,12,Midday,2,2,0,0.0
498,Wednesday,2,13,Midday,1,1,0,0.0
498,Wednesday,2,14,Midday,1,1,1,1.0
498,Wednesday,2,15,Evening Rush,2,2,0,0.0
498,Wednesday,2,16,Evening Rush,2,2,1,0.5
498,Wednesday,2,19,Evening,2,2,0,0.0
498,Wednesday,2,21,Evening,2,2,0,0.0
499,Friday,4,0,Night,1,1,0,0.0
499,Friday,4,5,Night,2,2,0,0.0
499,Friday,4,13,Midday,1,1,0,0.0
499,Friday,4,14,Midday,2,2,0,0.0
499,Friday,4,16,Evening Rush,1,1,0,0.0
499,Friday,4,21,Evening,1,1,0,0.0
499,Monday,0,18,Evening Rush,1,1,0,0.0
499,Monday,0,19,Evening,1,1,0,0.0
499,Monday,0,20,Evening,1,1,0,0.0
499,Saturday,5,1,Night,2,2,0,0.0
499,Saturday,5,2,Night,1,1,0,0.0
499,Saturday,5,10,Midday,1,1,0,0.0
499,Saturday,5,11,Midday,1,1,0,0.0
499,Saturday,5,13,Midday,1,1,0,0.0
499,Saturday,5,15,Evening Rush,1,1,1,1.0
499,Saturday,5,16,Evening Rush,1,1,0,0.0
499,Saturday,5,17,Evening Rush,1,1,0,0.0
499,Saturday,5,19,Evening,1,1,0,0.0
499,Saturday,5,21,Evening,1,1,0,0.0
499,Sunday,6,15,Evening Rush,2,2,0,0.0
499,Sunday,6,17,Evening Rush,1,1,0,0.0
499,Sunday,6,23,Evening,2,2,0,0.0
499,Thursday,3,10,Midday,1,1,0,0.0
499,Thursday,3,15,Evening Rush,1,1,0,0.0
499,Thursday,3,17,Evening Rush,1,1,0,0.0
499,Thursday,3,23,Evening,1,1,0,0.0
499,Tuesday,1,8,Morning Rush,2,2,2,1.0
499,Tuesday,1,11,Midday,1,1,0,0.0
499,Tuesday,1,18,Evening Rush,1,1,1,1.0
499,Tuesday,1,21,Evening,1,1,1,1.0
499,Wednesday,2,5,Night,1,1,1,1.0
499,Wednesday,2,6,Morning Rush,1,1,0,0.0
499,Wednesday,2,10,Midday,1,1,0,0.0
499,Wednesday,2,18,Evening Rush,1,1,0,0.0
500,Friday,4,0,Night,1,1,0,0.0
500,Friday,4,9,Morning Rush,1,1,1,1.0
500,Friday,4,16,Evening Rush,1,1,1,1.0
500,Monday,0,0,Night,1,1,1,1.0
500,Monday,0,5,Night,1,1,1,1.0
500,Monday,0,19,Evening,1,1,0,0.0
500,Saturday,5,6,Morning Rush,1,1,0,0.0
500,Saturday,5,9,Morning Rush,1,1,0,0.0
500,Saturday,5,10,Midday,2,2,0,0.0
500,Saturday,5,16,Evening Rush,1,1,0,0.0
500,Saturday,5,20,Evening,1,1,0,0.0
500,Saturday,5,21,Evening,1,1,0,0.0
500,Sunday,6,4,Night,1,1,1,1.0
500,Sunday,6,13,Midday,1,1,0,0.0
500,Sunday,6,15,Evening Rush,2,2,2,1.0
500,Sunday,6,16,Evening Rush,1,1,0,0.0
500,Thursday,3,0,Night,1,1,1,1.0
500,Thursday,3,10,Midday,2,2,1,0.5
500,Thursday,3,13,Midday,1,1,0,0.0
500,Tuesday,1,0,Night,1,1,0,0.0
500,Tuesday,1,4,Night,1,1,1,1.0
500,Tuesday,1,5,Night,1,1,0,0.0
500,Tuesday,1,14,Midday,1,1,0,0.0
500,Tuesday,1,20,Evening,1,1,0,0.0
500,Wednesday,2,9,Morning Rush,1,1,1,1.0
500,Wednesday,2,10,Midday,1,1,1,1.0
500,Wednesday,2,12,Midday,1,1,1,1.0
500,Wednesday,2,16,Evening Rush,1,1,0,0.0
500,Wednesday,2,21,Evening,1,1,0,0.0
500,Wednesday,2,23,Evening,1,1,1,1.0
501,Friday,4,5,Night,1,1,1,1.0
501,Friday,4,16,Evening Rush,1,1,0,0.0
501,Friday,4,17,Evening Rush,1,1,1,1.0
501,Friday,4,21,Evening,1,1,1,1.0
501,Monday,0,17,Evening Rush,1,1,0,0.0
501,Monday,0,18,Evening Rush,1,1,0,0.0
501,Monday,0,21,Evening,1,1,1,1.0
501,Saturday,5,10,Midday,1,1,0,0.0
501,Sunday,6,7,Morning Rush,1,1,0,0.0
501,Thursday,3,13,Midday,1,1,0,0.0
501,Thursday,3,16,Evening Rush,1,1,0,0.0
501,Thursday,3,17,Evening Rush,1,1,1,1.0
501,Thursday,3,21,Evening,1,1,1,1.0
501,Tuesday,1,7,Morning Rush,1,1,0,0.0
501,Tuesday,1,12,Midday,1,1,1,1.0
501,Tuesday,1,14,Midday,1,1,0,0.0
501,Tuesday,1,16,Evening Rush,1,1,1,1.0
501,Tuesday,1,23,Evening,1,1,1,1.0
501,Wednesday,2,8,Morning Rush,1,1,1,1.0
501,Wednesday,2,14,Midday,2,2,2,1.0
502,Friday,4,1,Night,1,1,0,0.0
502,Friday,4,9,Morning Rush,1,1,0,0.0
502,Friday,4,15,Evening Rush,1,1,0,0.0
502,Friday,4,17,Evening Rush,1,1,0,0.0
502,Friday,4,20,Evening,1,1,0,0.0
502,Monday,0,11,Midday,1,1,0,0.0
502,Monday,0,15,Evening Rush,1,1,0,0.0
502,Monday,0,20,Evening,1,1,0,0.0
502,Saturday,5,5,Night,1,1,1,1.0
502,Saturday,5,13,Midday,1,1,1,1.0
502,Saturday,5,15,Evening Rush,1,1,0,0.0
502,Saturday,5,16,Evening Rush,1,1,0,0.0
502,Saturday,5,23,Evening,1,1,1,1.0
502,Sunday,6,1,Night,1,1,0,0.0
502,Sunday,6,3,Night,1,1,0,0.0
502,Sunday,6,13,Midday,1,1,0,0.0
502,Sunday,6,16,Evening Rush,1,1,0,0.0
502,Thursday,3,8,Morning Rush,2,2,1,0.5
502,Thursday,3,19,Evening,2,2,1,0.5
502,Tuesday,1,7,Morning Rush,1,1,1,1.0
502,Tuesday,1,10,Midday,1,1,0,0.0
502,Wednesday,2,8,Morning Rush,2,2,2,1.0
502,Wednesday,2,9,Morning Rush,1,1,1,1.0
502,Wednesday,2,10,Midday,1,1,0,0.0
502,Wednesday,2,11,Midday,1,1,0,0.0
502,Wednesday,2,13,Midday,1,1,0,0.0
502,Wednesday,2,14,Midday,1,1,0,0.0
502,Wednesday,2,15,Evening Rush,1,1,0,0.0
502,Wednesday,2,16,Evening Rush,2,2,0,0.0
502,Wednesday,2,17,Evening Rush,1,1,1,1.0
503,Friday,4,7,Morning Rush,1,1,1,1.0
503,Friday,4,8,Morning Rush,2,2,2,1.0
503,Friday,4,13,Midday,1,1,1,1.0
503,Friday,4,16,Evening Rush,1,1,0,0.0
503,Friday,4,21,Evening,1,1,1,1.0
503,Monday,0,9,Morning Rush,2,2,1,0.5
503,Monday,0,14,Midday,1,1,1,1.0
503,Monday,0,18,Evening Rush,1,1,1,1.0
503,Monday,0,19,Evening,2,2,2,1.0
503,Saturday,5,17,Evening Rush,1,1,1,1.0
503,Saturday,5,19,Evening,1,1,0,0.0
503,Sunday,6,3,Night,1,1,0,0.0
503,Sunday,6,13,Midday,1,1,0,0.0
503,Sunday,6,20,Evening,1,1,0,0.0
503,Thursday,3,10,Midday,1,1,0,0.0
503,Thursday,3,13,Midday,2,2,0,0.0
503,Thursday,3,14,Midday,1,1,0,0.0
503,Thursday,3,15,Evening Rush,1,1,0,0.0
503,Thursday,3,16,Evening Rush,1,1,0,0.0
503,Thursday,3,17,Evening Rush,1,1,0,0.0
503,Thursday,3,19,Evening,2,2,2,1.0
503,Thursday,3,20,Evening,1,1,1,1.0
503,Tuesday,1,7,Morning Rush,1,1,0,0.0
503,Tuesday,1,11,Midday,1,1,0,0.0
503,Tuesday,1,16,Evening Rush,1,1,0,0.0
503,Tuesday,1,17,Evening Rush,1,1,0,0.0
503,Tuesday,1,18,Evening Rush,1,1,0,0.0
503,Wednesday,2,14,Midday,1,1,0,0.0
503,Wednesday,2,16,Evening Rush,2,2,0,0.0
503,Wednesday,2,17,Evening Rush,1,1,0,0.0
503,Wednesday,2,18,Evening Rush,1,1,1,1.0
503,Wednesday,2,19,Evening,1,1,0,0.0
503,Wednesday,2,20,Evening,2,2,1,0.5
504,Friday,4,13,Midday,2,2,0,0.0
504,Friday,4,15,Evening Rush,1,1,0,0.0
504,Friday,4,20,Evening,1,1,0,0.0
504,Monday,0,11,Midday,1,1,0,0.0
504,Saturday,5,5,Night,1,1,1,1.0
504,Saturday,5,9,Morning Rush,1,1,1,1.0
504,Saturday,5,22,Evening,1,1,1,1.0
504,Sunday,6,0,Night,1,1,1,1.0
504,Sunday,6,3,Night,1,1,0,0.0
504,Sunday,6,17,Evening Rush,1,1,1,1.0
504,Thursday,3,8,Morning Rush,1,1,0,0.0
504,Thursday,3,9,Morning Rush,1,1,0,0.0
504,Thursday,3,12,Midday,1,1,0,0.0
504,Thursday,3,14,Midday,1,1,0,0.0
504,Tuesday,1,7,Morning Rush,1,1,1,1.0
504,Tuesday,1,13,Midday,1,1,0,0.0
504,Tuesday,1,20,Evening,1,1,1,1.0
504,Tuesday,1,21,Evening,1,1,0,0.0
504,Wednesday,2,1,Night,1,1,0,0.0
504,Wednesday,2,15,Evening Rush,1,1,0,0.0
504,Wednesday,2,17,Evening Rush,1,1,0,0.0
504,Wednesday,2,19,Evening,2,2,1,0.5
505,Friday,4,7,Morning Rush,1,1,0,0.0
505,Friday,4,11,Midday,1,1,0,0.0
505,Monday,0,8,Morning Rush,1,1,1,1.0
505,Monday,0,11,Midday,1,1,0,0.0
505,Monday,0,14,Midday,1,1,0,0.0
505,Monday,0,16,Evening Rush,1,1,0,0.0
505,Monday,0,17,Evening Rush,1,1,0,0.0
505,Monday,0,19,Evening,1,1,1,1.0
505,Monday,0,23,Evening,1,1,1,1.0
505,Saturday,5,0,Night,1,1,0,0.0
505,Saturday,5,2,Night,1,1,1,1.0
505,Saturday,5,11,Midday,1,1,0,0.0
505,Saturday,5,16,Evening Rush,1,1,0,0.0
505,Sunday,6,6,Morning Rush,1,1,1,1.0
505,Sunday,6,11,Midday,1,1,0,0.0
505,Thursday,3,9,Morning Rush,1,1,1,1.0
505,Thursday,3,12,Midday,1,1,1,1.0
505,Thursday,3,16,Evening Rush,1,1,0,0.0
505,Thursday,3,17,Evening Rush,1,1,1,1.0
505,Wednesday,2,9,Morning Rush,1,1,1,1.0
505,Wednesday,2,14,Midday,1,1,0,0.0
506,Friday,4,14,Midday,1,1,0,0.0
506,Friday,4,16,Evening Rush,1,1,0,0.0
506,Friday,4,17,Evening Rush,1,1,0,0.0
506,Friday,4,18,Evening Rush,1,1,1,1.0
506,Monday,0,9,Morning Rush,1,1,1,1.0
506,Monday,0,12,Midday,1,1,0,0.0
506,Monday,0,13,Midday,2,2,1,0.5
506,Monday,0,16,Evening Rush,1,1,0,0.0
506,Saturday,5,13,Midday,3,3,1,0.3333333333333333
506,Saturday,5,22,Evening,1,1,0,0.0
506,Sunday,6,14,Midday,1,1,0,0.0
506,Thursday,3,11,Midday,1,1,1,1.0
506,Thursday,3,22,Evening,1,1,1,1.0
506,Tuesday,1,19,Evening,1,1,1,1.0
506,Wednesday,2,3,Night,1,1,0,0.0
506,Wednesday,2,6,Morning Rush,1,1,0,0.0
506,Wednesday,2,19,Evening,1,1,0,0.0
507,Friday,4,6,Morning Rush,1,1,0,0.0
507,Friday,4,7,Morning Rush,1,1,1,1.0
507,Friday,4,9,Morning Rush,1,1,0,0.0
507,Friday,4,10,Midday,1,1,0,0.0
507,Friday,4,13,Midday,1,1,0,0.0
507,Friday,4,18,Evening Rush,1,1,0,0.0
507,Friday,4,20,Evening,1,1,0,0.0
507,Monday,0,0,Night,1,1,0,0.0
507,Monday,0,7,Morning Rush,1,1,0,0.0
507,Monday,0,9,Morning Rush,1,1,0,0.0
507,Monday,0,17,Evening Rush,1,1,0,0.0
507,Monday,0,18,Evening Rush,1,1,1,1.0
507,Saturday,5,0,Night,1,1,1,1.0
507,Saturday,5,5,Night,1,1,0,0.0
507,Saturday,5,13,Midday,1,1,0,0.0
507,Saturday,5,16,Evening Rush,2,2,0,0.0
507,Saturday,5,17,Evening Rush,1,1,0,0.0
507,Saturday,5,18,Evening Rush,1,1,0,0.0
507,Saturday,5,19,Evening,1,1,0,0.0
507,Saturday,5,21,Evening,1,1,0,0.0
507,Saturday,5,22,Evening,1,1,0,0.0
507,Sunday,6,11,Midday,1,1,0,0.0
507,Sunday,6,14,Midday,1,1,0,0.0
507,Sunday,6,15,Evening Rush,1,1,0,0.0
507,Sunday,6,16,Evening Rush,1,1,1,1.0
507,Sunday,6,18,Evening Rush,1,1,1,1.0
507,Sunday,6,19,Evening,1,1,0,0.0
507,Sunday,6,23,Evening,1,1,0,0.0
507,Thursday,3,8,Morning Rush,2,2,1,0.5
507,Thursday,3,9,Morning Rush,1,1,1,1.0
507,Thursday,3,13,Midday,1,1,1,1.0
507,Thursday,3,15,Evening Rush,1,1,0,0.0
507,Thursday,3,16,Evening Rush,1,1,0,0.0
507,Thursday,3,18,Evening Rush,2,2,1,0.5
507,Tuesday,1,9,Morning Rush,1,1,1,1.0
507,Tuesday,1,10,Midday,2,2,1,0.5
507,Tuesday,1,11,Midday,1,1,0,0.0
507,Tuesday,1,14,Midday,1,1,0,0.0
507,Tuesday,1,15,Evening Rush,2,2,1,0.5
507,Tuesday,1,16,Evening Rush,1,1,0,0.0
507,Tuesday,1,19,Evening,1,1,1,1.0
507,Tuesday,1,23,Evening,1,1,0,0.0
507,Wednesday,2,6,Morning Rush,1,1,1,1.0
507,Wednesday,2,7,Morning Rush,1,1,1,1.0
507,Wednesday,2,8,Morning Rush,3,3,0,0.0
507,Wednesday,2,10,Midday,2,2,1,0.5
507,Wednesday,2,12,Midday,1,1,1,1.0
507,Wednesday,2,13,Midday,1,1,1,1.0
507,Wednesday,2,14,Midday,2,2,2,1.0
507,Wednesday,2,16,Evening Rush,1,1,0,0.0
507,Wednesday,2,18,Evening Rush,1,1,1,1.0
507,Wednesday,2,21,Evening,1,1,1,1.0
507,Wednesday,2,23,Evening,1,1,0,0.0
508,Friday,4,1,Night,1,1,1,1.0
508,Friday,4,14,Midday,1,1,0,0.0
508,Friday,4,20,Evening,2,2,1,0.5
508,Monday,0,14,Midday,2,2,0,0.0
508,Monday,0,20,Evening,1,1,1,1.0
508,Saturday,5,3,Night,1,1,0,0.0
508,Saturday,5,19,Evening,2,2,1,0.5
508,Saturday,5,21,Evening,1,1,0,0.0
508,Sunday,6,2,Night,1,1,1,1.0
508,Sunday,6,14,Midday,1,1,1,1.0
508,Sunday,6,19,Evening,1,1,0,0.0
508,Sunday,6,22,Evening,1,1,1,1.0
508,Thursday,3,7,Morning Rush,1,1,0,0.0
508,Thursday,3,9,Morning Rush,1,1,0,0.0
508,Thursday,3,10,Midday,1,1,0,0.0
508,Thursday,3,14,Midday,1,1,1,1.0
508,Thursday,3,16,Evening Rush,2,2,1,0.5
508,Thursday,3,19,Evening,1,1,0,0.0
508,Thursday,3,22,Evening,1,1,0,0.0
508,Tuesday,1,0,Night,1,1,0,0.0
508,Tuesday,1,6,Morning Rush,1,1,0,0.0
508,Tuesday,1,12,Midday,1,1,1,1.0
508,Tuesday,1,16,Evening Rush,1,1,0,0.0
508,Tuesday,1,17,Evening Rush,1,1,1,1.0
508,Tuesday,1,23,Evening,1,1,1,1.0
508,Wednesday,2,8,Morning Rush,1,1,0,0.0
508,Wednesday,2,9,Morning Rush,1,1,1,1.0
508,Wednesday,2,14,Midday,1,1,0,0.0
508,Wednesday,2,16,Evening Rush,1,1,0,0.0
508,Wednesday,2,18,Evening Rush,2,2,1,0.5
508,Wednesday,2,19,Evening,1,1,0,0.0
508,Wednesday,2,22,Evening,1,1,0,0.0
509,Friday,4,17,Evening Rush,1,1,1,1.0
509,Friday,4,18,Evening Rush,1,1,0,0.0
509,Monday,0,3,Night,1,1,1,1.0
509,Monday,0,8,Morning Rush,1,1,0,0.0
509,Monday,0,13,Midday,1,1,1,1.0
509,Monday,0,19,Evening,1,1,1,1.0
509,Monday,0,22,Evening,1,1,0,0.0
509,Saturday,5,0,Night,1,1,0,0.0
509,Saturday,5,10,Midday,1,1,0,0.0
509,Saturday,5,17,Evening Rush,1,1,1,1.0
509,Thursday,3,7,Morning Rush,1,1,0,0.0
509,Thursday,3,10,Midday,1,1,0,0.0
509,Thursday,3,14,Midday,1,1,0,0.0
509,Thursday,3,16,Evening Rush,1,1,0,0.0
509,Thursday,3,19,Evening,1,1,1,1.0
509,Tuesday,1,13,Midday,1,1,0,0.0
509,Tuesday,1,15,Evening Rush,1,1,1,1.0
509,Wednesday,2,8,Morning Rush,1,1,0,0.0
509,Wednesday,2,9,Morning Rush,1,1,0,0.0
509,Wednesday,2,20,Evening,1,1,1,1.0
510,Friday,4,13,Midday,1,1,0,0.0
510,Friday,4,16,Evening Rush,1,1,0,0.0
510,Friday,4,22,Evening,1,1,0,0.0
510,Monday,0,8,Morning Rush,1,1,1,1.0
510,Saturday,5,0,Night,1,1,1,1.0
510,Saturday,5,1,Night,1,1,0,0.0
510,Saturday,5,3,Night,1,1,0,0.0
510,Saturday,5,8,Morning Rush,1,1,1,1.0
510,Saturday,5,10,Midday,1,1,0,0.0
510,Saturday,5,12,Midday,1,1,1,1.0
510,Saturday,5,18,Evening Rush,1,1,0,0.0
510,Saturday,5,19,Evening,1,1,1,1.0
510,Saturday,5,22,Evening,1,1,1,1.0
510,Sunday,6,10,Midday,1,1,1,1.0
510,Sunday,6,14,Midday,1,1,0,0.0
510,Sunday,6,20,Evening,1,1,0,0.0
510,Thursday,3,7,Morning Rush,1,1,1,1.0
510,Thursday,3,8,Morning Rush,1,1,0,0.0
510,Thursday,3,14,Midday,1,1,1,1.0
510,Thursday,3,16,Evening Rush,1,1,1,1.0
510,Thursday,3,22,Evening,1,1,0,0.0
510,Tuesday,1,19,Evening,2,2,2,1.0
510,Wednesday,2,8,Morning Rush,2,2,2,1.0
511,Friday,4,8,Morning Rush,1,1,1,1.0
511,Friday,4,13,Midday,1,1,0,0.0
511,Friday,4,15,Evening Rush,1,1,0,0.0
511,Friday,4,19,Evening,1,1,1,1.0
511,Friday,4,21,Evening,1,1,0,0.0
511,Friday,4,23,Evening,1,1,1,1.0
511,Monday,0,6,Morning Rush,1,1,1,1.0
511,Monday,0,18,Evening Rush,1,1,0,0.0
511,Saturday,5,9,Morning Rush,1,1,1,1.0
511,Saturday,5,10,Midday,1,1,1,1.0
511,Saturday,5,13,Midday,1,1,0,0.0
511,Saturday,5,17,Evening Rush,2,2,0,0.0
511,Saturday,5,18,Evening Rush,1,1,1,1.0
511,Sunday,6,9,Morning Rush,1,1,0,0.0
511,Sunday,6,13,Midday,2,2,1,0.5
511,Sunday,6,15,Evening Rush,2,2,0,0.0
511,Thursday,3,10,Midday,1,1,0,0.0
511,Thursday,3,15,Evening Rush,1,1,0,0.0
511,Thursday,3,16,Evening Rush,2,2,1,0.5
511,Thursday,3,17,Evening Rush,1,1,0,0.0
511,Thursday,3,19,Evening,1,1,0,0.0
511,Thursday,3,21,Evening,1,1,1,1.0
511,Tuesday,1,3,Night,1,1,0,0.0
511,Tuesday,1,7,Morning Rush,1,1,0,0.0
511,Tuesday,1,8,Morning Rush,1,1,0,0.0
511,Tuesday,1,9,Morning Rush,1,1,0,0.0
511,Tuesday,1,11,Midday,1,1,0,0.0
511,Tuesday,1,13,Midday,1,1,1,1.0
511,Tuesday,1,14,Midday,1,1,0,0.0
511,Tuesday,1,15,Evening Rush,1,1,0,0.0
511,Tuesday,1,17,Evening Rush,1,1,1,1.0
511,Tuesday,1,19,Evening,1,1,1,1.0
511,Tuesday,1,22,Evening,1,1,0,0.0
511,Wednesday,2,8,Morning Rush,2,2,0,0.0
511,Wednesday,2,9,Morning Rush,1,1,0,0.0
511,Wednesday,2,10,Midday,1,1,0,0.0
511,Wednesday,2,13,Midday,1,1,0,0.0
511,Wednesday,2,14,Midday,2,2,2,1.0
511,Wednesday,2,16,Evening Rush,1,1,0,0.0
511,Wednesday,2,19,Evening,1,1,0,0.0
511,Wednesday,2,21,Evening,1,1,1,1.0
512,Friday,4,9,Morning Rush,1,1,0,0.0
512,Friday,4,13,Midday,1,1,0,0.0
512,Friday,4,17,Evening Rush,1,1,0,0.0
512,Friday,4,23,Evening,1,1,0,0.0
512,Monday,0,9,Morning Rush,1,1,0,0.0
512,Monday,0,11,Midday,1,1,0,0.0
512,Monday,0,17,Evening Rush,1,1,0,0.0
512,Monday,0,18,Evening Rush,4,4,3,0.75
512,Saturday,5,0,Night,2,2,0,0.0
512,Saturday,5,15,Evening Rush,1,1,1,1.0
512,Saturday,5,17,Evening Rush,1,1,0,0.0
512,Saturday,5,18,Evening Rush,1,1,0,0.0
512,Saturday,5,19,Evening,1,1,0,0.0
512,Sunday,6,1,Night,2,2,0,0.0
512,Sunday,6,10,Midday,2,2,0,0.0
512,Sunday,6,15,Evening Rush,1,1,1,1.0
512,Sunday,6,17,Evening Rush,1,1,0,0.0
512,Thursday,3,7,Morning Rush,1,1,1,1.0
512,Thursday,3,8,Morning Rush,1,1,1,1.0
512,Thursday,3,13,Midday,2,2,1,0.5
512,Thursday,3,15,Evening Rush,1,1,1,1.0
512,Thursday,3,16,Evening Rush,1,1,0,0.0
512,Thursday,3,19,Evening,1,1,1,1.0
512,Tuesday,1,7,Morning Rush,3,3,2,0.6666666666666666
512,Tuesday,1,12,Midday,1,1,0,0.0
512,Tuesday,1,14,Midday,1,1,1,1.0
512,Tuesday,1,17,Evening Rush,1,1,1,1.0
512,Tuesday,1,19,Evening,1,1,1,1.0
512,Tuesday,1,21,Evening,1,1,1,1.0
512,Wednesday,2,0,Night,1,1,0,0.0
512,Wednesday,2,1,Night,1,1,0,0.0
512,Wednesday,2,6,Morning Rush,1,1,0,0.0
512,Wednesday,2,7,Morning Rush,2,2,0,0.0
512,Wednesday,2,8,Morning Rush,1,1,1,1.0
512,Wednesday,2,9,Morning Rush,2,2,0,0.0
512,Wednesday,2,11,Midday,1,1,0,0.0
512,Wednesday,2,12,Midday,1,1,0,0.0
512,Wednesday,2,14,Midday,1,1,1,1.0
512,Wednesday,2,18,Evening Rush,1,1,1,1.0
512,Wednesday,2,20,Evening,1,1,0,0.0
512,Wednesday,2,21,Evening,1,1,0,0.0
512,Wednesday,2,22,Evening,1,1,0,0.0
512,Wednesday,2,23,Evening,1,1,0,0.0
513,Friday,4,13,Midday,1,1,0,0.0
513,Friday,4,16,Evening Rush,1,1,0,0.0
513,Monday,0,0,Night,1,1,0,0.0
513,Monday,0,1,Night,1,1,1,1.0
513,Monday,0,11,Midday,1,1,0,0.0
513,Monday,0,16,Evening Rush,1,1,0,0.0
513,Saturday,5,18,Evening Rush,1,1,1,1.0
513,Saturday,5,21,Evening,1,1,0,0.0
513,Sunday,6,1,Night,1,1,0,0.0
513,Sunday,6,10,Midday,1,1,1,1.0
513,Sunday,6,18,Evening Rush,1,1,0,0.0
513,Sunday,6,21,Evening,1,1,0,0.0
513,Thursday,3,12,Midday,1,1,0,0.0
513,Thursday,3,14,Midday,1,1,0,0.0
513,Thursday,3,15,Evening Rush,1,1,1,1.0
513,Thursday,3,16,Evening Rush,1,1,1,1.0
513,Thursday,3,19,Evening,1,1,1,1.0
513,Tuesday,1,3,Night,1,1,1,1.0
513,Tuesday,1,7,Morning Rush,1,1,1,1.0
513,Tuesday,1,17,Evening Rush,1,1,1,1.0
513,Wednesday,2,15,Evening Rush,2,2,0,0.0
513,Wednesday,2,20,Evening,1,1,1,1.0
514,Friday,4,2,Night,1,1,0,0.0
514,Friday,4,4,Night,1,1,1,1.0
514,Friday,4,9,Morning Rush,2,2,2,1.0
514,Friday,4,11,Midday,1,1,0,0.0
514,Friday,4,14,Midday,1,1,0,0.0
514,Friday,4,15,Evening Rush,1,1,0,0.0
514,Friday,4,16,Evening Rush,2,2,1,0.5
514,Friday,4,18,Evening Rush,1,1,1,1.0
514,Friday,4,22,Evening,1,1,1,1.0
514,Friday,4,23,Evening,1,1,0,0.0
514,Monday,0,8,Morning Rush,1,1,0,0.0
514,Monday,0,9,Morning Rush,1,1,1,1.0
514,Monday,0,16,Evening Rush,1,1,0,0.0
514,Monday,0,19,Evening,1,1,1,1.0
514,Saturday,5,6,Morning Rush,1,1,1,1.0
514,Saturday,5,7,Morning Rush,1,1,1,1.0
514,Saturday,5,10,Midday,1,1,1,1.0
514,Saturday,5,12,Midday,1,1,0,0.0
514,Saturday,5,13,Midday,1,1,1,1.0
514,Saturday,5,18,Evening Rush,1,1,1,1.0
514,Sunday,6,0,Night,2,2,2,1.0
514,Sunday,6,11,Midday,1,1,0,0.0
514,Sunday,6,13,Midday,1,1,0,0.0
514,Sunday,6,18,Evening Rush,1,1,1,1.0
514,Sunday,6,23,Evening,1,1,1,1.0
514,Thursday,3,6,Morning Rush,2,2,2,1.0
514,Thursday,3,7,Morning Rush,2,2,2,1.0
514,Thursday,3,8,Morning Rush,1,1,1,1.0
514,Thursday,3,9,Morning Rush,1,1,0,0.0
514,Thursday,3,15,Evening Rush,2,2,0,0.0
514,Thursday,3,16,Evening Rush,1,1,0,0.0
514,Thursday,3,17,Evening Rush,4,4,1,0.25
514,Thursday,3,20,Evening,1,1,1,1.0
514,Thursday,3,23,Evening,1,1,1,1.0
514,Tuesday,1,1,Night,1,1,0,0.0
514,Tuesday,1,6,Morning Rush,1,1,0,0.0
514,Tuesday,1,7,Morning Rush,1,1,0,0.0
514,Tuesday,1,9,Morning Rush,1,1,0,0.0
514,Tuesday,1,10,Midday,1,1,1,1.0
514,Tuesday,1,11,Midday,1,1,1,1.0
514,Tuesday,1,12,Midday,1,1,1,1.0
514,Tuesday,1,15,Evening Rush,1,1,1,1.0
514,Tuesday,1,17,Evening Rush,1,1,1,1.0
514,Tuesday,1,23,Evening,1,1,1,1.0
514,Wednesday,2,7,Morning Rush,1,1,0,0.0
514,Wednesday,2,8,Morning Rush,1,1,1,1.0
514,Wednesday,2,14,Midday,1,1,0,0.0
514,Wednesday,2,15,Evening Rush,1,1,0,0.0
514,Wednesday,2,16,Evening Rush,5,5,2,0.4
514,Wednesday,2,17,Evening Rush,2,2,1,0.5
514,Wednesday,2,19,Evening,1,1,0,0.0
514,Wednesday,2,23,Evening,1,1,1,1.0
515,Friday,4,1,Night,1,1,1,1.0
515,Friday,4,8,Morning Rush,1,1,1,1.0
515,Friday,4,9,Morning Rush,1,1,1,1.0
515,Monday,0,4,Night,1,1,1,1.0
515,Monday,0,5,Night,1,1,0,0.0
515,Monday,0,6,Morning Rush,1,1,0,0.0
515,Monday,0,8,Morning Rush,1,1,1,1.0
515,Monday,0,10,Midday,1,1,1,1.0
515,Monday,0,12,Midday,1,1,1,1.0
515,Monday,0,13,Midday,1,1,0,0.0
515,Saturday,5,7,Morning Rush,1,1,0,0.0
515,Saturday,5,9,Morning Rush,1,1,1,1.0
515,Saturday,5,12,Midday,1,1,0,0.0
515,Saturday,5,14,Midday,1,1,1,1.0
515,Saturday,5,15,Evening Rush,2,2,0,0.0
515,Saturday,5,17,Evening Rush,1,1,0,0.0
515,Saturday,5,20,Evening,1,1,1,1.0
515,Saturday,5,23,Evening,3,3,0,0.0
515,Sunday,6,1,Night,3,3,0,0.0
515,Sunday,6,23,Evening,1,1,1,1.0
515,Thursday,3,1,Night,2,2,1,0.5
515,Thursday,3,5,Night,1,1,1,1.0
515,Thursday,3,12,Midday,1,1,0,0.0
515,Thursday,3,13,Midday,1,1,0,0.0
515,Thursday,3,16,Evening Rush,1,1,0,0.0
515,Thursday,3,20,Evening,2,2,1,0.5
515,Thursday,3,23,Evening,1,1,0,0.0
515,Tuesday,1,6,Morning Rush,1,1,1,1.0
515,Tuesday,1,20,Evening,1,1,0,0.0
515,Wednesday,2,5,Night,1,1,0,0.0
515,Wednesday,2,7,Morning Rush,1,1,0,0.0
515,Wednesday,2,15,Evening Rush,1,1,0,0.0
515,Wednesday,2,18,Evening Rush,1,1,0,0.0
515,Wednesday,2,22,Evening,1,1,0,0.0
515,Wednesday,2,23,Evening,1,1,0,0.0
516,Friday,4,6,Morning Rush,1,1,0,0.0
516,Friday,4,9,Morning Rush,1,1,0,0.0
516,Friday,4,11,Midday,1,1,0,0.0
516,Monday,0,7,Morning Rush,1,1,1,1.0
516,Monday,0,10,Midday,1,1,0,0.0
516,Monday,0,15,Evening Rush,1,1,0,0.0
516,Saturday,5,17,Evening Rush,1,1,0,0.0
516,Saturday,5,18,Evening Rush,1,1,1,1.0
516,Saturday,5,21,Evening,1,1,0,0.0
516,Sunday,6,19,Evening,1,1,0,0.0
516,Thursday,3,12,Midday,1,1,1,1.0
516,Thursday,3,14,Midday,1,1,0,0.0
516,Thursday,3,20,Evening,1,1,0,0.0
516,Tuesday,1,11,Midday,1,1,0,0.0
516,Tuesday,1,12,Midday,1,1,0,0.0
516,Tuesday,1,16,Evening Rush,1,1,0,0.0
516,Wednesday,2,0,Night,1,1,1,1.0
516,Wednesday,2,6,Morning Rush,1,1,0,0.0
516,Wednesday,2,16,Evening Rush,1,1,0,0.0
516,Wednesday,2,18,Evening Rush,1,1,0,0.0
517,Friday,4,1,Night,1,1,0,0.0
517,Friday,4,11,Midday,1,1,0,0.0
517,Friday,4,12,Midday,2,2,1,0.5
517,Friday,4,13,Midday,1,1,0,0.0
517,Friday,4,14,Midday,2,2,0,0.0
517,Friday,4,15,Evening Rush,2,2,1,0.5
517,Friday,4,17,Evening Rush,1,1,1,1.0
517,Friday,4,22,Evening,1,1,0,0.0
517,Monday,0,6,Morning Rush,1,1,1,1.0
517,Monday,0,7,Morning Rush,1,1,0,0.0
517,Monday,0,17,Evening Rush,2,2,0,0.0
517,Monday,0,19,Evening,1,1,0,0.0
517,Saturday,5,19,Evening,1,1,0,0.0
517,Sunday,6,11,Midday,1,1,1,1.0
517,Thursday,3,4,Night,1,1,1,1.0
517,Thursday,3,10,Midday,1,1,1,1.0
517,Thursday,3,11,Midday,1,1,0,0.0
517,Thursday,3,12,Midday,2,2,2,1.0
517,Thursday,3,13,Midday,1,1,0,0.0
517,Thursday,3,15,Evening Rush,1,1,1,1.0
517,Thursday,3,17,Evening Rush,2,2,0,0.0
517,Tuesday,1,10,Midday,1,1,1,1.0
517,Tuesday,1,14,Midday,1,1,0,0.0
517,Tuesday,1,16,Evening Rush,1,1,0,0.0
517,Tuesday,1,17,Evening Rush,1,1,0,0.0
517,Tuesday,1,21,Evening,1,1,1,1.0
517,Wednesday,2,12,Midday,1,1,0,0.0
517,Wednesday,2,16,Evening Rush,1,1,0,0.0
517,Wednesday,2,18,Evening Rush,1,1,0,0.0
517,Wednesday,2,19,Evening,1,1,0,0.0
518,Friday,4,11,Midday,1,1,1,1.0
518,Friday,4,22,Evening,1,1,0,0.0
518,Monday,0,11,Midday,1,1,1,1.0
518,Monday,0,12,Midday,1,1,0,0.0
518,Monday,0,15,Evening Rush,1,1,0,0.0
518,Monday,0,18,Evening Rush,1,1,0,0.0
518,Monday,0,19,Evening,1,1,1,1.0
518,Monday,0,20,Evening,1,1,0,0.0
518,Saturday,5,1,Night,1,1,0,0.0
518,Saturday,5,5,Night,1,1,0,0.0
518,Saturday,5,11,Midday,1,1,0,0.0
518,Saturday,5,16,Evening Rush,1,1,1,1.0
518,Saturday,5,17,Evening Rush,1,1,1,1.0
518,Saturday,5,22,Evening,1,1,0,0.0
518,Saturday,5,23,Evening,1,1,1,1.0
518,Sunday,6,2,Night,1,1,1,1.0
518,Sunday,6,9,Morning Rush,2,2,1,0.5
518,Sunday,6,10,Midday,1,1,0,0.0
518,Sunday,6,13,Midday,1,1,0,0.0
518,Sunday,6,19,Evening,1,1,0,0.0
518,Thursday,3,9,Morning Rush,1,1,0,0.0
518,Thursday,3,12,Midday,1,1,0,0.0
518,Thursday,3,15,Evening Rush,1,1,1,1.0
518,Thursday,3,16,Evening Rush,1,1,0,0.0
518,Thursday,3,19,Evening,1,1,0,0.0
518,Tuesday,1,10,Midday,1,1,1,1.0
518,Tuesday,1,11,Midday,1,1,1,1.0
518,Tuesday,1,18,Evening Rush,2,2,0,0.0
518,Tuesday,1,22,Evening,1,1,1,1.0
518,Wednesday,2,10,Midday,1,1,0,0.0
518,Wednesday,2,11,Midday,1,1,0,0.0
518,Wednesday,2,16,Evening Rush,1,1,0,0.0
518,Wednesday,2,17,Evening Rush,1,1,0,0.0
519,Friday,4,9,Morning Rush,1,1,1,1.0
519,Friday,4,10,Midday,1,1,0,0.0
519,Friday,4,15,Evening Rush,1,1,1,1.0
519,Friday,4,17,Evening Rush,1,1,0,0.0
519,Friday,4,19,Evening,1,1,1,1.0
519,Monday,0,9,Morning Rush,1,1,1,1.0
519,Monday,0,10,Midday,3,3,0,0.0
519,Monday,0,11,Midday,1,1,0,0.0
519,Monday,0,17,Evening Rush,1,1,0,0.0
519,Monday,0,19,Evening,1,1,0,0.0
519,Monday,0,22,Evening,1,1,0,0.0
519,Saturday,5,9,Morning Rush,1,1,0,0.0
519,Saturday,5,14,Midday,3,3,0,0.0
519,Saturday,5,18,Evening Rush,1,1,0,0.0
519,Saturday,5,19,Evening,1,1,1,1.0
519,Sunday,6,3,Night,1,1,0,0.0
519,Sunday,6,19,Evening,3,3,0,0.0
519,Thursday,3,6,Morning Rush,1,1,1,1.0
519,Thursday,3,8,Morning Rush,1,1,1,1.0
519,Thursday,3,11,Midday,1,1,0,0.0
519,Thursday,3,16,Evening Rush,1,1,0,0.0
519,Thursday,3,21,Evening,1,1,1,1.0
519,Tuesday,1,7,Morning Rush,1,1,0,0.0
519,Tuesday,1,11,Midday,1,1,0,0.0
519,Tuesday,1,16,Evening Rush,1,1,0,0.0
519,Tuesday,1,18,Evening Rush,1,1,1,1.0
519,Tuesday,1,21,Evening,1,1,0,0.0
519,Wednesday,2,8,Morning Rush,1,1,0,0.0
519,Wednesday,2,9,Morning Rush,1,1,0,0.0
519,Wednesday,2,11,Midday,1,1,0,0.0
519,Wednesday,2,17,Evening Rush,1,1,0,0.0
519,Wednesday,2,18,Evening Rush,1,1,1,1.0
519,Wednesday,2,19,Evening,2,2,0,0.0
519,Wednesday,2,20,Evening,1,1,0,0.0
520,Friday,4,11,Midday,1,1,0,0.0
520,Friday,4,12,Midday,1,1,0,0.0
520,Friday,4,16,Evening Rush,2,2,0,0.0
520,Monday,0,7,Morning Rush,2,2,1,0.5
520,Monday,0,8,Morning Rush,1,1,0,0.0
520,Monday,0,10,Midday,1,1,0,0.0
520,Monday,0,12,Midday,1,1,0,0.0
520,Saturday,5,9,Morning Rush,1,1,0,0.0
520,Saturday,5,12,Midday,1,1,1,1.0
520,Thursday,3,10,Midday,1,1,1,1.0
520,Thursday,3,15,Evening Rush,1,1,0,0.0
520,Thursday,3,16,Evening Rush,1,1,0,0.0
520,Thursday,3,17,Evening Rush,1,1,1,1.0
520,Tuesday,1,16,Evening Rush,1,1,1,1.0
520,Wednesday,2,7,Morning Rush,1,1,1,1.0
520,Wednesday,2,11,Midday,1,1,1,1.0
520,Wednesday,2,12,Midday,1,1,0,0.0
520,Wednesday,2,15,Evening Rush,1,1,0,0.0
521,Friday,4,9,Morning Rush,1,1,0,0.0
521,Friday,4,11,Midday,1,1,1,1.0
521,Friday,4,18,Evening Rush,1,1,0,0.0
521,Monday,0,6,Morning Rush,1,1,1,1.0
521,Saturday,5,13,Midday,1,1,0,0.0
521,Saturday,5,16,Evening Rush,1,1,1,1.0
521,Sunday,6,9,Morning Rush,1,1,1,1.0
521,Sunday,6,12,Midday,1,1,0,0.0
521,Sunday,6,13,Midday,1,1,0,0.0
521,Thursday,3,1,Night,1,1,0,0.0
521,Thursday,3,15,Evening Rush,1,1,0,0.0
521,Thursday,3,17,Evening Rush,1,1,1,1.0
521,Thursday,3,18,Evening Rush,2,2,0,0.0
521,Tuesday,1,8,Morning Rush,1,1,1,1.0
521,Tuesday,1,16,Evening Rush,1,1,1,1.0
521,Tuesday,1,17,Evening Rush,1,1,0,0.0
521,Wednesday,2,10,Midday,1,1,0,0.0
521,Wednesday,2,12,Midday,1,1,0,0.0
521,Wednesday,2,13,Midday,1,1,1,1.0
522,Friday,4,1,Night,1,1,0,0.0
522,Friday,4,4,Night,1,1,1,1.0
522,Friday,4,8,Morning Rush,1,1,1,1.0
522,Friday,4,10,Midday,1,1,1,1.0
522,Friday,4,13,Midday,1,1,0,0.0
522,Friday,4,14,Midday,2,2,0,0.0
522,Friday,4,16,Evening Rush,1,1,1,1.0
522,Friday,4,17,Evening Rush,1,1,0,0.0
522,Friday,4,21,Evening,1,1,0,0.0
522,Monday,0,6,Morning Rush,1,1,0,0.0
522,Monday,0,7,Morning Rush,1,1,0,0.0
522,Monday,0,8,Morning Rush,1,1,1,1.0
522,Monday,0,16,Evening Rush,1,1,0,0.0
522,Monday,0,17,Evening Rush,3,3,0,0.0
522,Saturday,5,5,Night,1,1,0,0.0
522,Saturday,5,9,Morning Rush,1,1,1,1.0
522,Saturday,5,14,Midday,1,1,0,0.0
522,Saturday,5,15,Evening Rush,1,1,0,0.0
522,Saturday,5,16,Evening Rush,1,1,0,0.0
522,Saturday,5,17,Evening Rush,2,2,0,0.0
522,Saturday,5,21,Evening,1,1,1,1.0
522,Saturday,5,23,Evening,1,1,1,1.0
522,Sunday,6,2,Night,1,1,0,0.0
522,Sunday,6,7,Morning Rush,1,1,1,1.0
522,Sunday,6,10,Midday,1,1,1,1.0
522,Sunday,6,12,Midday,1,1,0,0.0
522,Thursday,3,7,Morning Rush,1,1,0,0.0
522,Thursday,3,11,Midday,2,2,0,0.0
522,Thursday,3,13,Midday,1,1,1,1.0
522,Thursday,3,16,Evening Rush,3,3,1,0.3333333333333333
522,Thursday,3,18,Evening Rush,1,1,0,0.0
522,Thursday,3,19,Evening,1,1,0,0.0
522,Thursday,3,20,Evening,2,2,0,0.0
522,Thursday,3,23,Evening,1,1,0,0.0
522,Tuesday,1,7,Morning Rush,1,1,1,1.0
522,Tuesday,1,8,Morning Rush,1,1,0,0.0
522,Tuesday,1,9,Morning Rush,1,1,0,0.0
522,Tuesday,1,12,Midday,1,1,0,0.0
522,Tuesday,1,15,Evening Rush,1,1,0,0.0
522,Tuesday,1,16,Evening Rush,1,1,1,1.0
522,Tuesday,1,17,Evening Rush,1,1,0,0.0
522,Wednesday,2,1,Night,3,3,1,0.3333333333333333
522,Wednesday,2,5,Night,1,1,1,1.0
522,Wednesday,2,15,Evening Rush,1,1,1,1.0
522,Wednesday,2,16,Evening Rush,1,1,0,0.0
522,Wednesday,2,17,Evening Rush,1,1,1,1.0
522,Wednesday,2,18,Evening Rush,1,1,1,1.0
522,Wednesday,2,19,Evening,1,1,0,0.0
523,Friday,4,3,Night,1,1,0,0.0
523,Friday,4,7,Morning Rush,1,1,1,1.0
523,Friday,4,9,Morning Rush,1,1,1,1.0
523,Friday,4,10,Midday,1,1,1,1.0
523,Friday,4,14,Midday,2,2,1,0.5
523,Friday,4,15,Evening Rush,1,1,0,0.0
523,Friday,4,16,Evening Rush,1,1,0,0.0
523,Friday,4,17,Evening Rush,3,3,1,0.3333333333333333
523,Friday,4,18,Evening Rush,1,1,1,1.0
523,Friday,4,20,Evening,2,2,0,0.0
523,Friday,4,22,Evening,1,1,0,0.0
523,Friday,4,23,Evening,1,1,1,1.0
523,Monday,0,4,Night,1,1,1,1.0
523,Monday,0,5,Night,1,1,1,1.0
523,Monday,0,6,Morning Rush,1,1,1,1.0
523,Monday,0,7,Morning Rush,3,3,1,0.3333333333333333
523,Monday,0,10,Midday,1,1,1,1.0
523,Monday,0,12,Midday,1,1,1,1.0
523,Monday,0,13,Midday,1,1,0,0.0
523,Monday,0,15,Evening Rush,1,1,0,0.0
523,Monday,0,18,Evening Rush,1,1,1,1.0
523,Saturday,5,5,Night,1,1,0,0.0
523,Saturday,5,6,Morning Rush,1,1,0,0.0
523,Saturday,5,7,Morning Rush,1,1,1,1.0
523,Saturday,5,12,Midday,1,1,0,0.0
523,Saturday,5,13,Midday,3,3,3,1.0
523,Saturday,5,14,Midday,1,1,0,0.0
523,Saturday,5,16,Evening Rush,2,2,0,0.0
523,Saturday,5,17,Evening Rush,1,1,0,0.0
523,Saturday,5,20,Evening,1,1,0,0.0
523,Saturday,5,21,Evening,1,1,0,0.0
523,Sunday,6,0,Night,1,1,0,0.0
523,Sunday,6,13,Midday,1,1,0,0.0
523,Sunday,6,14,Midday,1,1,1,1.0
523,Sunday,6,16,Evening Rush,1,1,0,0.0
523,Sunday,6,21,Evening,1,1,1,1.0
523,Sunday,6,22,Evening,1,1,0,0.0
523,Sunday,6,23,Evening,2,2,0,0.0
523,Thursday,3,6,Morning Rush,1,1,0,0.0
523,Thursday,3,8,Morning Rush,1,1,0,0.0
523,Thursday,3,9,Morning Rush,1,1,0,0.0
523,Thursday,3,10,Midday,1,1,0,0.0
523,Thursday,3,13,Midday,1,1,0,0.0
523,Thursday,3,14,Midday,1,1,0,0.0
523,Thursday,3,15,Evening Rush,1,1,0,0.0
523,Thursday,3,16,Evening Rush,2,2,0,0.0
523,Thursday,3,17,Evening Rush,4,4,0,0.0
523,Thursday,3,18,Evening Rush,1,1,0,0.0
523,Thursday,3,19,Evening,1,1,0,0.0
523,Thursday,3,21,Evening,2,2,2,1.0
523,Thursday,3,22,Evening,2,2,0,0.0
523,Tuesday,1,2,Night,1,1,0,0.0
523,Tuesday,1,7,Morning Rush,3,3,3,1.0
523,Tuesday,1,8,Morning Rush,4,4,3,0.75
523,Tuesday,1,9,Morning Rush,2,2,2,1.0
523,Tuesday,1,11,Midday,1,1,1,1.0
523,Tuesday,1,15,Evening Rush,2,2,0,0.0
523,Tuesday,1,16,Evening Rush,3,3,1,0.3333333333333333
523,Tuesday,1,17,Evening Rush,2,2,1,0.5
523,Tuesday,1,19,Evening,2,2,1,0.5
523,Tuesday,1,20,Evening,4,4,0,0.0
523,Tuesday,1,21,Evening,3,3,1,0.3333333333333333
523,Wednesday,2,0,Night,1,1,1,1.0
523,Wednesday,2,7,Morning Rush,1,1,0,0.0
523,Wednesday,2,8,Morning Rush,1,1,0,0.0
523,Wednesday,2,9,Morning Rush,1,1,0,0.0
523,Wednesday,2,10,Midday,1,1,0,0.0
523,Wednesday,2,15,Evening Rush,2,2,0,0.0
523,Wednesday,2,16,Evening Rush,2,2,1,0.5
523,Wednesday,2,18,Evening Rush,1,1,0,0.0
523,Wednesday,2,21,Evening,1,1,1,1.0
524,Friday,4,8,Morning Rush,1,1,1,1.0
524,Friday,4,10,Midday,1,1,1,1.0
524,Friday,4,12,Midday,1,1,0,0.0
524,Friday,4,14,Midday,2,2,1,0.5
524,Friday,4,18,Evening Rush,1,1,0,0.0
524,Monday,0,8,Morning Rush,1,1,0,0.0
524,Monday,0,13,Midday,2,2,0,0.0
524,Monday,0,15,Evening Rush,1,1,1,1.0
524,Monday,0,17,Evening Rush,2,2,0,0.0
524,Saturday,5,7,Morning Rush,1,1,0,0.0
524,Saturday,5,15,Evening Rush,1,1,1,1.0
524,Sunday,6,12,Midday,1,1,0,0.0
524,Thursday,3,15,Evening Rush,1,1,0,0.0
524,Thursday,3,17,Evening Rush,2,2,1,0.5
524,Tuesday,1,11,Midday,1,1,0,0.0
524,Wednesday,2,6,Morning Rush,1,1,0,0.0
524,Wednesday,2,8,Morning Rush,1,1,1,1.0
524,Wednesday,2,15,Evening Rush,1,1,0,0.0
524,Wednesday,2,18,Evening Rush,1,1,0,0.0
525,Friday,4,7,Morning Rush,1,1,0,0.0
525,Friday,4,8,Morning Rush,1,1,0,0.0
525,Friday,4,10,Midday,1,1,1,1.0
525,Friday,4,12,Midday,1,1,1,1.0
525,Friday,4,15,Evening Rush,1,1,1,1.0
525,Friday,4,19,Evening,2,2,1,0.5
525,Friday,4,20,Evening,1,1,0,0.0
525,Friday,4,22,Evening,1,1,1,1.0
525,Friday,4,23,Evening,1,1,0,0.0
525,Monday,0,9,Morning Rush,1,1,1,1.0
525,Monday,0,10,Midday,2,2,1,0.5
525,Monday,0,13,Midday,1,1,0,0.0
525,Monday,0,14,Midday,1,1,0,0.0
525,Monday,0,15,Evening Rush,1,1,0,0.0
525,Monday,0,16,Evening Rush,1,1,0,0.0
525,Monday,0,17,Evening Rush,3,3,0,0.0
525,Saturday,5,10,Midday,1,1,1,1.0
525,Saturday,5,11,Midday,2,2,0,0.0
525,Saturday,5,16,Evening Rush,1,1,1,1.0
525,Saturday,5,18,Evening Rush,1,1,1,1.0
525,Sunday,6,16,Evening Rush,1,1,0,0.0
525,Thursday,3,2,Night,1,1,0,0.0
525,Thursday,3,6,Morning Rush,2,2,2,1.0
525,Thursday,3,7,Morning Rush,1,1,1,1.0
525,Thursday,3,8,Morning Rush,2,2,1,0.5
525,Thursday,3,9,Morning Rush,1,1,1,1.0
525,Thursday,3,13,Midday,1,1,0,0.0
525,Thursday,3,18,Evening Rush,1,1,0,0.0
525,Thursday,3,19,Evening,1,1,1,1.0
525,Thursday,3,23,Evening,1,1,1,1.0
525,Tuesday,1,7,Morning Rush,1,1,1,1.0
525,Tuesday,1,8,Morning Rush,1,1,0,0.0
525,Tuesday,1,12,Midday,1,1,0,0.0
525,Tuesday,1,13,Midday,1,1,0,0.0
525,Tuesday,1,14,Midday,1,1,0,0.0
525,Tuesday,1,18,Evening Rush,2,2,0,0.0
525,Tuesday,1,19,Evening,2,2,1,0.5
525,Wednesday,2,2,Night,1,1,0,0.0
525,Wednesday,2,7,Morning Rush,1,1,0,0.0
525,Wednesday,2,19,Evening,1,1,1,1.0
526,Friday,4,13,Midday,1,1,0,0.0
526,Friday,4,14,Midday,1,1,0,0.0
526,Friday,4,17,Evening Rush,3,3,0,0.0
526,Friday,4,22,Evening,2,2,0,0.0
526,Monday,0,10,Midday,2,2,0,0.0
526,Monday,0,18,Evening Rush,1,1,0,0.0
526,Monday,0,19,Evening,1,1,0,0.0
526,Monday,0,20,Evening,2,2,1,0.5
526,Saturday,5,13,Midday,1,1,0,0.0
526,Saturday,5,19,Evening,1,1,1,1.0
526,Sunday,6,17,Evening Rush,1,1,1,1.0
526,Thursday,3,10,Midday,1,1,0,0.0
526,Thursday,3,12,Midday,1,1,0,0.0
526,Thursday,3,15,Evening Rush,2,2,0,0.0
526,Thursday,3,16,Evening Rush,1,1,1,1.0
526,Thursday,3,18,Evening Rush,1,1,0,0.0
526,Thursday,3,22,Evening,2,2,2,1.0
526,Tuesday,1,8,Morning Rush,2,2,1,0.5
526,Tuesday,1,10,Midday,1,1,0,0.0
526,Tuesday,1,15,Evening Rush,1,1,1,1.0
526,Tuesday,1,16,Evening Rush,1,1,0,0.0
526,Tuesday,1,17,Evening Rush,1,1,0,0.0
526,Wednesday,2,1,Night,1,1,1,1.0
526,Wednesday,2,7,Morning Rush,1,1,0,0.0
526,Wednesday,2,9,Morning Rush,1,1,0,0.0
526,Wednesday,2,11,Midday,1,1,1,1.0
526,Wednesday,2,16,Evening Rush,2,2,0,0.0
527,Friday,4,7,Morning Rush,1,1,1,1.0
527,Friday,4,15,Evening Rush,1,1,1,1.0
527,Friday,4,18,Evening Rush,1,1,1,1.0
527,Monday,0,7,Morning Rush,1,1,0,0.0
527,Saturday,5,21,Evening,1,1,1,1.0
527,Sunday,6,8,Morning Rush,1,1,0,0.0
527,Sunday,6,13,Midday,1,1,0,0.0
527,Sunday,6,17,Evening Rush,1,1,0,0.0
527,Sunday,6,18,Evening Rush,1,1,1,1.0
527,Thursday,3,11,Midday,1,1,0,0.0
527,Thursday,3,14,Midday,1,1,1,1.0
527,Thursday,3,16,Evening Rush,2,2,2,1.0
527,Thursday,3,17,Evening Rush,1,1,1,1.0
527,Thursday,3,18,Evening Rush,1,1,1,1.0
527,Tuesday,1,11,Midday,1,1,0,0.0
527,Tuesday,1,15,Evening Rush,1,1,0,0.0
527,Tuesday,1,17,Evening Rush,1,1,1,1.0
527,Wednesday,2,6,Morning Rush,1,1,0,0.0
527,Wednesday,2,7,Morning Rush,1,1,1,1.0
527,Wednesday,2,12,Midday,1,1,0,0.0
527,Wednesday,2,13,Midday,2,2,2,1.0
527,Wednesday,2,15,Evening Rush,1,1,0,0.0
527,Wednesday,2,17,Evening Rush,2,2,2,1.0
527,Wednesday,2,22,Evening,1,1,1,1.0
528,Friday,4,7,Morning Rush,1,1,0,0.0
528,Friday,4,9,Morning Rush,2,2,1,0.5
528,Friday,4,10,Midday,2,2,0,0.0
528,Friday,4,13,Midday,1,1,1,1.0
528,Friday,4,22,Evening,1,1,1,1.0
528,Monday,0,6,Morning Rush,1,1,1,1.0
528,Monday,0,9,Morning Rush,1,1,1,1.0
528,Monday,0,10,Midday,2,2,1,0.5
528,Monday,0,12,Midday,1,1,1,1.0
528,Saturday,5,2,Night,1,1,0,0.0
528,Saturday,5,17,Evening Rush,1,1,1,1.0
528,Saturday,5,18,Evening Rush,1,1,1,1.0
528,Sunday,6,11,Midday,1,1,1,1.0
528,Sunday,6,12,Midday,2,2,0,0.0
528,Thursday,3,6,Morning Rush,1,1,0,0.0
528,Thursday,3,10,Midday,2,2,1,0.5
528,Thursday,3,14,Midday,1,1,1,1.0
528,Thursday,3,18,Evening Rush,1,1,0,0.0
528,Thursday,3,22,Evening,1,1,1,1.0
528,Tuesday,1,5,Night,1,1,1,1.0
528,Tuesday,1,14,Midday,3,3,2,0.6666666666666666
528,Tuesday,1,23,Evening,1,1,0,0.0
528,Wednesday,2,0,Night,1,1,0,0.0
528,Wednesday,2,6,Morning Rush,1,1,0,0.0
528,Wednesday,2,10,Midday,1,1,0,0.0
528,Wednesday,2,11,Midday,1,1,0,0.0
528,Wednesday,2,13,Midday,1,1,0,0.0
528,Wednesday,2,14,Midday,1,1,1,1.0
528,Wednesday,2,16,Evening Rush,1,1,0,0.0
528,Wednesday,2,17,Evening Rush,1,1,0,0.0
528,Wednesday,2,22,Evening,1,1,1,1.0
529,Friday,4,2,Night,1,1,0,0.0
529,Friday,4,8,Morning Rush,1,1,0,0.0
529,Friday,4,12,Midday,1,1,0,0.0
529,Friday,4,13,Midday,1,1,0,0.0
529,Friday,4,14,Midday,1,1,0,0.0
529,Friday,4,15,Evening Rush,10,10,1,0.1
529,Friday,4,16,Evening Rush,1,1,0,0.0
529,Friday,4,17,Evening Rush,1,1,0,0.0
529,Monday,0,7,Morning Rush,8,8,6,0.75
529,Monday,0,8,Morning Rush,1,1,0,0.0
529,Monday,0,10,Midday,1,1,0,0.0
529,Monday,0,11,Midday,1,1,0,0.0
529,Monday,0,12,Midday,1,1,0,0.0
529,Monday,0,15,Evening Rush,1,1,0,0.0
529,Monday,0,18,Evening Rush,1,1,0,0.0
529,Saturday,5,0,Night,1,1,1,1.0
529,Saturday,5,9,Morning Rush,1,1,1,1.0
529,Saturday,5,10,Midday,2,2,1,0.5
529,Saturday,5,13,Midday,2,2,1,0.5
529,Sunday,6,5,Night,1,1,1,1.0
529,Sunday,6,9,Morning Rush,1,1,1,1.0
529,Sunday,6,13,Midday,2,2,0,0.0
529,Sunday,6,14,Midday,1,1,0,0.0
529,Sunday,6,16,Evening Rush,1,1,1,1.0
529,Sunday,6,19,Evening,1,1,0,0.0
529,Thursday,3,2,Night,1,1,0,0.0
529,Thursday,3,6,Morning Rush,1,1,0,0.0
529,Thursday,3,7,Morning Rush,1,1,0,0.0
529,Thursday,3,8,Morning Rush,2,2,2,1.0
529,Thursday,3,10,Midday,1,1,0,0.0
529,Thursday,3,11,Midday,1,1,1,1.0
529,Thursday,3,15,Evening Rush,2,2,0,0.0
529,Thursday,3,16,Evening Rush,6,6,1,0.16666666666666666
529,Thursday,3,17,Evening Rush,5,5,0,0.0
529,Thursday,3,21,Evening,1,1,1,1.0
529,Thursday,3,22,Evening,1,1,1,1.0
529,Tuesday,1,6,Morning Rush,2,2,0,0.0
529,Tuesday,1,7,Morning Rush,1,1,1,1.0
529,Tuesday,1,9,Morning Rush,2,2,2,1.0
529,Tuesday,1,10,Midday,1,1,1,1.0
529,Tuesday,1,11,Midday,1,1,1,1.0
529,Tuesday,1,12,Midday,3,3,1,0.3333333333333333
529,Tuesday,1,13,Midday,2,2,0,0.0
529,Tuesday,1,14,Midday,2,2,1,0.5
529,Tuesday,1,15,Evening Rush,3,3,2,0.6666666666666666
529,Tuesday,1,16,Evening Rush,2,2,0,0.0
529,Tuesday,1,17,Evening Rush,2,2,0,0.0
529,Tuesday,1,18,Evening Rush,3,3,0,0.0
529,Wednesday,2,7,Morning Rush,1,1,1,1.0
529,Wednesday,2,8,Morning Rush,1,1,0,0.0
529,Wednesday,2,9,Morning Rush,3,3,0,0.0
529,Wednesday,2,11,Midday,2,2,2,1.0
529,Wednesday,2,12,Midday,1,1,1,1.0
529,Wednesday,2,14,Midday,2,2,1,0.5
529,Wednesday,2,15,Evening Rush,2,2,0,0.0
529,Wednesday,2,16,Evening Rush,2,2,0,0.0
529,Wednesday,2,17,Evening Rush,2,2,0,0.0
529,Wednesday,2,18,Evening Rush,2,2,0,0.0
530,Friday,4,11,Midday,1,1,1,1.0
530,Friday,4,18,Evening Rush,1,1,0,0.0
530,Friday,4,21,Evening,1,1,0,0.0
530,Monday,0,6,Morning Rush,1,1,0,0.0
530,Monday,0,10,Midday,1,1,1,1.0
530,Monday,0,12,Midday,2,2,1,0.5
530,Monday,0,21,Evening,1,1,1,1.0
530,Saturday,5,7,Morning Rush,1,1,1,1.0
530,Saturday,5,23,Evening,1,1,0,0.0
530,Sunday,6,9,Morning Rush,1,1,1,1.0
530,Thursday,3,15,Evening Rush,2,2,0,0.0
530,Thursday,3,16,Evening Rush,1,1,1,1.0
530,Thursday,3,22,Evening,1,1,0,0.0
530,Thursday,3,23,Evening,1,1,0,0.0
530,Tuesday,1,7,Morning Rush,2,2,2,1.0
530,Tuesday,1,16,Evening Rush,1,1,1,1.0
530,Tuesday,1,18,Evening Rush,1,1,0,0.0
530,Wednesday,2,11,Midday,1,1,1,1.0
530,Wednesday,2,16,Evening Rush,1,1,0,0.0
530,Wednesday,2,22,Evening,2,2,0,0.0
531,Friday,4,3,Night,1,1,0,0.0
531,Friday,4,10,Midday,1,1,1,1.0
531,Friday,4,12,Midday,1,1,1,1.0
531,Friday,4,18,Evening Rush,1,1,0,0.0
531,Friday,4,21,Evening,1,1,1,1.0
531,Monday,0,5,Night,1,1,1,1.0
531,Monday,0,10,Midday,1,1,1,1.0
531,Monday,0,14,Midday,2,2,1,0.5
531,Monday,0,19,Evening,1,1,0,0.0
531,Saturday,5,1,Night,1,1,0,0.0
531,Saturday,5,3,Night,1,1,1,1.0
531,Saturday,5,11,Midday,1,1,0,0.0
531,Saturday,5,12,Midday,1,1,1,1.0
531,Saturday,5,15,Evening Rush,1,1,0,0.0
531,Saturday,5,17,Evening Rush,1,1,0,0.0
531,Sunday,6,8,Morning Rush,1,1,1,1.0
531,Sunday,6,15,Evening Rush,1,1,0,0.0
531,Sunday,6,17,Evening Rush,1,1,1,1.0
531,Thursday,3,1,Night,2,2,2,1.0
531,Thursday,3,6,Morning Rush,1,1,0,0.0
531,Thursday,3,7,Morning Rush,2,2,0,0.0
531,Thursday,3,11,Midday,2,2,1,0.5
531,Thursday,3,13,Midday,1,1,0,0.0
531,Thursday,3,14,Midday,1,1,1,1.0
531,Thursday,3,15,Evening Rush,1,1,1,1.0
531,Tuesday,1,8,Morning Rush,2,2,0,0.0
531,Tuesday,1,14,Midday,1,1,0,0.0
531,Tuesday,1,15,Evening Rush,1,1,0,0.0
531,Tuesday,1,17,Evening Rush,1,1,1,1.0
531,Tuesday,1,22,Evening,1,1,1,1.0
531,Wednesday,2,6,Morning Rush,2,2,0,0.0
531,Wednesday,2,7,Morning Rush,1,1,0,0.0
531,Wednesday,2,8,Morning Rush,2,2,0,0.0
531,Wednesday,2,17,Evening Rush,1,1,0,0.0
531,Wednesday,2,19,Evening,1,1,0,0.0
532,Friday,4,9,Morning Rush,1,1,1,1.0
532,Friday,4,17,Evening Rush,2,2,0,0.0
532,Monday,0,8,Morning Rush,1,1,1,1.0
532,Monday,0,12,Midday,1,1,0,0.0
532,Monday,0,14,Midday,1,1,0,0.0
532,Monday,0,16,Evening Rush,1,1,0,0.0
532,Monday,0,17,Evening Rush,1,1,1,1.0
532,Saturday,5,13,Midday,1,1,0,0.0
532,Saturday,5,15,Evening Rush,1,1,0,0.0
532,Saturday,5,17,Evening Rush,1,1,0,0.0
532,Saturday,5,20,Evening,1,1,1,1.0
532,Sunday,6,4,Night,1,1,0,0.0
532,Sunday,6,13,Midday,2,2,1,0.5
532,Sunday,6,14,Midday,1,1,0,0.0
532,Thursday,3,8,Morning Rush,2,2,1,0.5
532,Thursday,3,12,Midday,1,1,0,0.0
532,Tuesday,1,20,Evening,1,1,1,1.0
532,Wednesday,2,7,Morning Rush,2,2,1,0.5
532,Wednesday,2,16,Evening Rush,1,1,1,1.0
532,Wednesday,2,21,Evening,1,1,0,0.0
533,Friday,4,10,Midday,1,1,1,1.0
533,Friday,4,14,Midday,1,1,1,1.0
533,Friday,4,16,Evening Rush,1,1,0,0.0
533,Friday,4,18,Evening Rush,1,1,1,1.0
533,Friday,4,23,Evening,1,1,0,0.0
533,Monday,0,8,Morning Rush,2,2,2,1.0
533,Monday,0,13,Midday,1,1,1,1.0
533,Monday,0,15,Evening Rush,3,3,0,0.0
533,Monday,0,16,Evening Rush,2,2,1,0.5
533,Monday,0,17,Evening Rush,1,1,0,0.0
533,Saturday,5,11,Midday,1,1,1,1.0
533,Saturday,5,14,Midday,1,1,0,0.0
533,Saturday,5,17,Evening Rush,2,2,0,0.0
533,Saturday,5,18,Evening Rush,1,1,1,1.0
533,Sunday,6,11,Midday,1,1,0,0.0
533,Sunday,6,16,Evening Rush,1,1,1,1.0
533,Thursday,3,13,Midday,1,1,0,0.0
533,Thursday,3,14,Midday,1,1,0,0.0
533,Thursday,3,17,Evening Rush,1,1,1,1.0
533,Thursday,3,21,Evening,3,3,1,0.3333333333333333
533,Tuesday,1,16,Evening Rush,1,1,0,0.0
533,Tuesday,1,17,Evening Rush,2,2,0,0.0
533,Tuesday,1,18,Evening Rush,4,4,3,0.75
533,Tuesday,1,19,Evening,2,2,2,1.0
533,Tuesday,1,20,Evening,1,1,1,1.0
533,Tuesday,1,21,Evening,1,1,1,1.0
533,Wednesday,2,8,Morning Rush,1,1,1,1.0
533,Wednesday,2,16,Evening Rush,1,1,0,0.0
533,Wednesday,2,17,Evening Rush,1,1,1,1.0
533,Wednesday,2,19,Evening,1,1,0,0.0
533,Wednesday,2,20,Evening,1,1,0,0.0
534,Friday,4,13,Midday,2,2,1,0.5
534,Monday,0,9,Morning Rush,1,1,0,0.0
534,Monday,0,10,Midday,1,1,0,0.0
534,Monday,0,21,Evening,1,1,0,0.0
534,Saturday,5,13,Midday,1,1,0,0.0
534,Sunday,6,14,Midday,1,1,0,0.0
534,Sunday,6,16,Evening Rush,1,1,0,0.0
534,Sunday,6,17,Evening Rush,1,1,0,0.0
534,Thursday,3,3,Night,1,1,0,0.0
534,Thursday,3,15,Evening Rush,1,1,1,1.0
534,Thursday,3,16,Evening Rush,1,1,0,0.0
534,Thursday,3,17,Evening Rush,1,1,0,0.0
534,Tuesday,1,1,Night,1,1,0,0.0
534,Tuesday,1,14,Midday,1,1,0,0.0
534,Tuesday,1,18,Evening Rush,1,1,1,1.0
534,Wednesday,2,8,Morning Rush,1,1,1,1.0
534,Wednesday,2,17,Evening Rush,1,1,0,0.0
534,Wednesday,2,18,Evening Rush,1,1,0,0.0
534,Wednesday,2,20,Evening,1,1,0,0.0
535,Friday,4,10,Midday,3,3,1,0.3333333333333333
535,Friday,4,11,Midday,1,1,0,0.0
535,Friday,4,12,Midday,1,1,1,1.0
535,Friday,4,14,Midday,1,1,0,0.0
535,Friday,4,16,Evening Rush,1,1,0,0.0
535,Friday,4,17,Evening Rush,1,1,1,1.0
535,Friday,4,19,Evening,1,1,1,1.0
535,Friday,4,20,Evening,1,1,0,0.0
535,Friday,4,21,Evening,1,1,0,0.0
535,Monday,0,8,Morning Rush,2,2,0,0.0
535,Monday,0,12,Midday,1,1,0,0.0
535,Monday,0,13,Midday,3,3,0,0.0
535,Monday,0,15,Evening Rush,2,2,0,0.0
535,Saturday,5,13,Midday,1,1,0,0.0
535,Saturday,5,14,Midday,1,1,0,0.0
535,Saturday,5,16,Evening Rush,1,1,1,1.0
535,Saturday,5,18,Evening Rush,1,1,0,0.0
535,Sunday,6,0,Night,2,2,0,0.0
535,Sunday,6,9,Morning Rush,1,1,0,0.0
535,Sunday,6,11,Midday,2,2,1,0.5
535,Sunday,6,12,Midday,2,2,0,0.0
535,Sunday,6,15,Evening Rush,1,1,1,1.0
535,Sunday,6,16,Evening Rush,3,3,3,1.0
535,Sunday,6,18,Evening Rush,1,1,0,0.0
535,Sunday,6,20,Evening,1,1,1,1.0
535,Thursday,3,9,Morning Rush,1,1,0,0.0
535,Thursday,3,10,Midday,2,2,2,1.0
535,Thursday,3,11,Midday,1,1,1,1.0
535,Thursday,3,12,Midday,1,1,1,1.0
535,Thursday,3,15,Evening Rush,4,4,0,0.0
535,Thursday,3,16,Evening Rush,1,1,1,1.0
535,Thursday,3,21,Evening,1,1,0,0.0
535,Thursday,3,22,Evening,2,2,2,1.0
535,Tuesday,1,9,Morning Rush,1,1,0,0.0
535,Tuesday,1,19,Evening,2,2,2,1.0
535,Wednesday,2,8,Morning Rush,1,1,1,1.0
535,Wednesday,2,13,Midday,2,2,0,0.0
535,Wednesday,2,14,Midday,3,3,3,1.0
535,Wednesday,2,20,Evening,1,1,1,1.0
535,Wednesday,2,21,Evening,2,2,1,0.5
536,Friday,4,7,Morning Rush,1,1,0,0.0
536,Friday,4,10,Midday,1,1,1,1.0
536,Friday,4,15,Evening Rush,1,1,0,0.0
536,Friday,4,17,Evening Rush,1,1,0,0.0
536,Friday,4,18,Evening Rush,1,1,1,1.0
536,Friday,4,19,Evening,2,2,2,1.0
536,Monday,0,6,Morning Rush,1,1,0,0.0
536,Monday,0,7,Morning Rush,2,2,2,1.0
536,Monday,0,11,Midday,1,1,0,0.0
536,Saturday,5,7,Morning Rush,1,1,0,0.0
536,Saturday,5,13,Midday,1,1,0,0.0
536,Saturday,5,16,Evening Rush,1,1,0,0.0
536,Saturday,5,18,Evening Rush,1,1,0,0.0
536,Saturday,5,20,Evening,1,1,0,0.0
536,Sunday,6,14,Midday,1,1,0,0.0
536,Thursday,3,8,Morning Rush,1,1,1,1.0
536,Thursday,3,13,Midday,1,1,0,0.0
536,Thursday,3,16,Evening Rush,4,4,0,0.0
536,Thursday,3,22,Evening,1,1,0,0.0
536,Tuesday,1,10,Midday,2,2,2,1.0
536,Tuesday,1,18,Evening Rush,1,1,1,1.0
536,Tuesday,1,19,Evening,1,1,0,0.0
536,Tuesday,1,21,Evening,1,1,0,0.0
536,Wednesday,2,7,Morning Rush,1,1,1,1.0
536,Wednesday,2,8,Morning Rush,1,1,1,1.0
536,Wednesday,2,13,Midday,1,1,0,0.0
536,Wednesday,2,16,Evening Rush,2,2,0,0.0
536,Wednesday,2,17,Evening Rush,3,3,1,0.3333333333333333
536,Wednesday,2,21,Evening,1,1,1,1.0
537,Friday,4,6,Morning Rush,1,1,1,1.0
537,Friday,4,7,Morning Rush,1,1,0,0.0
537,Friday,4,15,Evening Rush,1,1,1,1.0
537,Monday,0,10,Midday,1,1,0,0.0
537,Monday,0,12,Midday,1,1,1,1.0
537,Monday,0,14,Midday,1,1,0,0.0
537,Monday,0,16,Evening Rush,2,2,0,0.0
537,Monday,0,17,Evening Rush,3,3,2,0.6666666666666666
537,Saturday,5,9,Morning Rush,2,2,1,0.5
537,Saturday,5,11,Midday,1,1,0,0.0
537,Sunday,6,6,Morning Rush,1,1,1,1.0
537,Thursday,3,5,Night,1,1,0,0.0
537,Thursday,3,7,Morning Rush,1,1,1,1.0
537,Thursday,3,9,Morning Rush,1,1,0,0.0
537,Thursday,3,15,Evening Rush,1,1,0,0.0
537,Tuesday,1,5,Night,3,3,2,0.6666666666666666
537,Tuesday,1,9,Morning Rush,1,1,0,0.0
537,Tuesday,1,15,Evening Rush,1,1,0,0.0
537,Tuesday,1,21,Evening,1,1,1,1.0
537,Tuesday,1,22,Evening,1,1,1,1.0
537,Tuesday,1,23,Evening,1,1,0,0.0
537,Wednesday,2,7,Morning Rush,1,1,1,1.0
537,Wednesday,2,8,Morning Rush,2,2,1,0.5
537,Wednesday,2,16,Evening Rush,3,3,1,0.3333333333333333
538,Friday,4,1,Night,1,1,0,0.0
538,Friday,4,14,Midday,1,1,1,1.0
538,Friday,4,16,Evening Rush,1,1,0,0.0
538,Friday,4,19,Evening,1,1,0,0.0
538,Friday,4,23,Evening,1,1,1,1.0
538,Monday,0,10,Midday,1,1,1,1.0
538,Saturday,5,12,Midday,1,1,0,0.0
538,Saturday,5,14,Midday,1,1,1,1.0
538,Saturday,5,20,Evening,1,1,1,1.0
538,Sunday,6,15,Evening Rush,1,1,1,1.0
538,Sunday,6,19,Evening,1,1,0,0.0
538,Thursday,3,7,Morning Rush,2,2,2,1.0
538,Thursday,3,8,Morning Rush,1,1,0,0.0
538,Thursday,3,9,Morning Rush,1,1,1,1.0
538,Thursday,3,18,Evening Rush,1,1,0,0.0
538,Tuesday,1,17,Evening Rush,2,2,0,0.0
538,Tuesday,1,19,Evening,1,1,1,1.0
538,Wednesday,2,7,Morning Rush,4,4,4,1.0
538,Wednesday,2,10,Midday,2,2,2,1.0
538,Wednesday,2,16,Evening Rush,1,1,1,1.0
538,Wednesday,2,17,Evening Rush,1,1,0,0.0
538,Wednesday,2,18,Evening Rush,2,2,1,0.5
539,Friday,4,11,Midday,1,1,0,0.0
539,Friday,4,12,Midday,1,1,0,0.0
539,Friday,4,21,Evening,1,1,0,0.0
539,Monday,0,13,Midday,1,1,0,0.0
539,Monday,0,14,Midday,1,1,0,0.0
539,Monday,0,16,Evening Rush,1,1,0,0.0
539,Monday,0,22,Evening,1,1,1,1.0
539,Saturday,5,13,Midday,1,1,0,0.0
539,Saturday,5,16,Evening Rush,1,1,0,0.0
539,Saturday,5,18,Evening Rush,3,3,1,0.3333333333333333
539,Sunday,6,13,Midday,1,1,0,0.0
539,Sunday,6,14,Midday,1,1,0,0.0
539,Sunday,6,15,Evening Rush,2,2,0,0.0
539,Sunday,6,17,Evening Rush,3,3,0,0.0
539,Sunday,6,19,Evening,1,1,0,0.0
539,Thursday,3,9,Morning Rush,1,1,0,0.0
539,Thursday,3,10,Midday,1,1,1,1.0
539,Thursday,3,15,Evening Rush,1,1,0,0.0
539,Thursday,3,20,Evening,1,1,0,0.0
539,Thursday,3,21,Evening,1,1,0,0.0
539,Thursday,3,22,Evening,1,1,0,0.0
539,Tuesday,1,8,Morning Rush,1,1,0,0.0
539,Tuesday,1,12,Midday,1,1,0,0.0
539,Tuesday,1,15,Evening Rush,2,2,0,0.0
539,Tuesday,1,16,Evening Rush,1,1,0,0.0
539,Tuesday,1,22,Evening,2,2,0,0.0
539,Wednesday,2,7,Morning Rush,3,3,0,0.0
539,Wednesday,2,9,Morning Rush,1,1,0,0.0
539,Wednesday,2,21,Evening,1,1,0,0.0
540,Friday,4,0,Night,1,1,1,1.0
540,Friday,4,19,Evening,1,1,0,0.0
540,Friday,4,22,Evening,1,1,0,0.0
540,Monday,0,17,Evening Rush,1,1,0,0.0
540,Monday,0,21,Evening,1,1,0,0.0
540,Saturday,5,10,Midday,1,1,0,0.0
540,Saturday,5,18,Evening Rush,1,1,1,1.0
540,Sunday,6,3,Night,1,1,0,0.0
540,Sunday,6,9,Morning Rush,2,2,1,0.5
540,Sunday,6,10,Midday,2,2,0,0.0
540,Sunday,6,14,Midday,1,1,0,0.0
540,Sunday,6,15,Evening Rush,1,1,1,1.0
540,Sunday,6,18,Evening Rush,1,1,0,0.0
540,Thursday,3,14,Midday,1,1,0,0.0
540,Thursday,3,22,Evening,1,1,0,0.0
540,Tuesday,1,14,Midday,1,1,0,0.0
540,Wednesday,2,2,Night,1,1,1,1.0
540,Wednesday,2,7,Morning Rush,1,1,1,1.0
540,Wednesday,2,19,Evening,1,1,0,0.0
541,Friday,4,1,Night,1,1,0,0.0
541,Friday,4,6,Morning Rush,1,1,1,1.0
541,Friday,4,7,Morning Rush,2,2,1,0.5
541,Friday,4,8,Morning Rush,2,2,1,0.5
541,Friday,4,9,Morning Rush,1,1,1,1.0
541,Friday,4,10,Midday,1,1,0,0.0
541,Friday,4,11,Midday,5,5,0,0.0
541,Friday,4,12,Midday,3,3,1,0.3333333333333333
541,Friday,4,13,Midday,3,3,0,0.0
541,Friday,4,14,Midday,10,10,4,0.4
541,Friday,4,15,Evening Rush,4,4,1,0.25
541,Friday,4,17,Evening Rush,1,1,1,1.0
541,Friday,4,18,Evening Rush,1,1,1,1.0
541,Friday,4,19,Evening,5,5,4,0.8
541,Friday,4,20,Evening,2,2,2,1.0
541,Friday,4,21,Evening,1,1,1,1.0
541,Friday,4,22,Evening,2,2,0,0.0
541,Friday,4,23,Evening,1,1,0,0.0
541,Monday,0,5,Night,1,1,0,0.0
541,Monday,0,6,Morning Rush,1,1,1,1.0
541,Monday,0,7,Morning Rush,1,1,1,1.0
541,Monday,0,10,Midday,3,3,3,1.0
541,Monday,0,11,Midday,2,2,2,1.0
541,Monday,0,12,Midday,3,3,0,0.0
541,Monday,0,13,Midday,2,2,1,0.5
541,Monday,0,15,Evening Rush,4,4,1,0.25
541,Monday,0,16,Evening Rush,2,2,1,0.5
541,Monday,0,17,Evening Rush,5,5,1,0.2
541,Monday,0,20,Evening,1,1,0,0.0
541,Monday,0,22,Evening,1,1,0,0.0
541,Saturday,5,7,Morning Rush,1,1,1,1.0
541,Saturday,5,9,Morning Rush,2,2,2,1.0
541,Saturday,5,12,Midday,1,1,0,0.0
541,Saturday,5,13,Midday,2,2,2,1.0
541,Saturday,5,15,Evening Rush,2,2,1,0.5
541,Saturday,5,16,Evening Rush,2,2,0,0.0
541,Saturday,5,17,Evening Rush,1,1,0,0.0
541,Saturday,5,18,Evening Rush,1,1,1,1.0
541,Saturday,5,20,Evening,1,1,0,0.0
541,Saturday,5,21,Evening,1,1,1,1.0
541,Saturday,5,22,Evening,2,2,0,0.0
541,Saturday,5,23,Evening,1,1,0,0.0
541,Sunday,6,2,Night,1,1,0,0.0
541,Sunday,6,9,Morning Rush,1,1,1,1.0
541,Sunday,6,12,Midday,1,1,0,0.0
541,Sunday,6,20,Evening,1,1,1,1.0
541,Sunday,6,22,Evening,1,1,1,1.0
541,Thursday,3,5,Night,1,1,1,1.0
541,Thursday,3,6,Morning Rush,2,2,2,1.0
541,Thursday,3,8,Morning Rush,3,3,1,0.3333333333333333
541,Thursday,3,9,Morning Rush,1,1,1,1.0
541,Thursday,3,11,Midday,1,1,1,1.0
541,Thursday,3,12,Midday,3,3,0,0.0
541,Thursday,3,13,Midday,3,3,1,0.3333333333333333
541,Thursday,3,14,Midday,3,3,0,0.0
541,Thursday,3,15,Evening Rush,3,3,0,0.0
541,Thursday,3,16,Evening Rush,2,2,0,0.0
541,Thursday,3,17,Evening Rush,3,3,0,0.0
541,Thursday,3,18,Evening Rush,5,5,0,0.0
541,Thursday,3,19,Evening,1,1,0,0.0
541,Thursday,3,21,Evening,1,1,0,0.0
541,Thursday,3,22,Evening,1,1,1,1.0
541,Tuesday,1,2,Night,1,1,0,0.0
541,Tuesday,1,6,Morning Rush,1,1,0,0.0
541,Tuesday,1,8,Morning Rush,3,3,3,1.0
541,Tuesday,1,9,Morning Rush,1,1,0,0.0
541,Tuesday,1,11,Midday,4,4,4,1.0
541,Tuesday,1,12,Midday,1,1,0,0.0
541,Tuesday,1,13,Midday,5,5,4,0.8
541,Tuesday,1,14,Midday,3,3,0,0.0
541,Tuesday,1,15,Evening Rush,3,3,0,0.0
541,Tuesday,1,16,Evening Rush,2,2,0,0.0
541,Tuesday,1,17,Evening Rush,4,4,2,0.5
541,Tuesday,1,18,Evening Rush,2,2,1,0.5
541,Tuesday,1,22,Evening,1,1,1,1.0
541,Wednesday,2,4,Night,1,1,1,1.0
541,Wednesday,2,6,Morning Rush,1,1,1,1.0
541,Wednesday,2,7,Morning Rush,2,2,2,1.0
541,Wednesday,2,8,Morning Rush,2,2,0,0.0
541,Wednesday,2,10,Midday,2,2,1,0.5
541,Wednesday,2,11,Midday,4,4,0,0.0
541,Wednesday,2,13,Midday,3,3,1,0.3333333333333333
541,Wednesday,2,14,Midday,5,5,1,0.2
541,Wednesday,2,15,Evening Rush,2,2,0,0.0
541,Wednesday,2,16,Evening Rush,3,3,1,0.3333333333333333
541,Wednesday,2,17,Evening Rush,1,1,0,0.0
541,Wednesday,2,18,Evening Rush,1,1,1,1.0
541,Wednesday,2,20,Evening,3,3,0,0.0
541,Wednesday,2,21,Evening,1,1,1,1.0
542,Friday,4,17,Evening Rush,1,1,0,0.0
542,Monday,0,14,Midday,1,1,1,1.0
542,Monday,0,18,Evening Rush,2,2,1,0.5
542,Monday,0,23,Evening,1,1,0,0.0
542,Saturday,5,17,Evening Rush,2,2,1,0.5
542,Saturday,5,20,Evening,2,2,1,0.5
542,Saturday,5,23,Evening,1,1,0,0.0
542,Sunday,6,10,Midday,1,1,0,0.0
542,Sunday,6,18,Evening Rush,1,1,0,0.0
542,Thursday,3,11,Midday,1,1,1,1.0
542,Thursday,3,19,Evening,1,1,1,1.0
542,Thursday,3,20,Evening,1,1,0,0.0
542,Tuesday,1,8,Morning Rush,1,1,0,0.0
542,Tuesday,1,16,Evening Rush,1,1,0,0.0
542,Tuesday,1,19,Evening,1,1,0,0.0
542,Wednesday,2,8,Morning Rush,1,1,1,1.0
542,Wednesday,2,11,Midday,1,1,0,0.0
542,Wednesday,2,15,Evening Rush,1,1,0,0.0
542,Wednesday,2,17,Evening Rush,1,1,0,0.0
542,Wednesday,2,18,Evening Rush,1,1,1,1.0
542,Wednesday,2,19,Evening,1,1,1,1.0
543,Friday,4,16,Evening Rush,1,1,0,0.0
543,Monday,0,12,Midday,1,1,0,0.0
543,Monday,0,13,Midday,2,2,0,0.0
543,Saturday,5,12,Midday,1,1,0,0.0
543,Saturday,5,13,Midday,1,1,0,0.0
543,Saturday,5,16,Evening Rush,4,4,0,0.0
543,Saturday,5,18,Evening Rush,2,2,0,0.0
543,Saturday,5,21,Evening,1,1,0,0.0
543,Saturday,5,23,Evening,1,1,1,1.0
543,Sunday,6,11,Midday,1,1,0,0.0
543,Thursday,3,6,Morning Rush,1,1,0,0.0
543,Thursday,3,7,Morning Rush,2,2,0,0.0
543,Thursday,3,10,Midday,1,1,0,0.0
543,Thursday,3,12,Midday,2,2,0,0.0
543,Thursday,3,15,Evening Rush,1,1,1,1.0
543,Thursday,3,16,Evening Rush,1,1,0,0.0
543,Thursday,3,17,Evening Rush,1,1,0,0.0
543,Thursday,3,19,Evening,3,3,0,0.0
543,Thursday,3,21,Evening,1,1,0,0.0
543,Tuesday,1,7,Morning Rush,1,1,0,0.0
543,Tuesday,1,15,Evening Rush,1,1,0,0.0
543,Wednesday,2,8,Morning Rush,2,2,2,1.0
543,Wednesday,2,9,Morning Rush,1,1,0,0.0
543,Wednesday,2,16,Evening Rush,1,1,0,0.0
543,Wednesday,2,18,Evening Rush,1,1,0,0.0
544,Friday,4,15,Evening Rush,1,1,0,0.0
544,Friday,4,17,Evening Rush,2,2,1,0.5
544,Monday,0,11,Midday,1,1,0,0.0
544,Monday,0,15,Evening Rush,1,1,0,0.0
544,Saturday,5,14,Midday,1,1,0,0.0
544,Sunday,6,11,Midday,1,1,0,0.0
544,Sunday,6,12,Midday,1,1,1,1.0
544,Sunday,6,21,Evening,1,1,1,1.0
544,Thursday,3,9,Morning Rush,1,1,0,0.0
544,Tuesday,1,7,Morning Rush,1,1,1,1.0
544,Tuesday,1,9,Morning Rush,1,1,0,0.0
544,Tuesday,1,10,Midday,1,1,0,0.0
544,Tuesday,1,12,Midday,1,1,0,0.0
544,Tuesday,1,13,Midday,1,1,1,1.0
544,Tuesday,1,19,Evening,1,1,1,1.0
544,Wednesday,2,13,Midday,2,2,0,0.0
544,Wednesday,2,17,Evening Rush,1,1,1,1.0
544,Wednesday,2,19,Evening,1,1,0,0.0
545,Friday,4,13,Midday,1,1,0,0.0
545,Friday,4,15,Evening Rush,1,1,0,0.0
545,Friday,4,16,Evening Rush,1,1,0,0.0
545,Friday,4,18,Evening Rush,1,1,1,1.0
545,Friday,4,21,Evening,2,2,0,0.0
545,Monday,0,0,Night,1,1,1,1.0
545,Monday,0,9,Morning Rush,1,1,1,1.0
545,Monday,0,11,Midday,2,2,1,0.5
545,Monday,0,13,Midday,1,1,1,1.0
545,Monday,0,19,Evening,1,1,1,1.0
545,Monday,0,21,Evening,1,1,0,0.0
545,Saturday,5,10,Midday,1,1,0,0.0
545,Saturday,5,15,Evening Rush,1,1,0,0.0
545,Saturday,5,17,Evening Rush,1,1,0,0.0
545,Saturday,5,18,Evening Rush,1,1,0,0.0
545,Saturday,5,20,Evening,2,2,0,0.0
545,Sunday,6,12,Midday,2,2,1,0.5
545,Sunday,6,14,Midday,1,1,1,1.0
545,Sunday,6,15,Evening Rush,1,1,0,0.0
545,Sunday,6,21,Evening,1,1,1,1.0
545,Thursday,3,8,Morning Rush,1,1,0,0.0
545,Thursday,3,14,Midday,1,1,0,0.0
545,Thursday,3,16,Evening Rush,1,1,1,1.0
545,Thursday,3,17,Evening Rush,1,1,0,0.0
545,Thursday,3,18,Evening Rush,1,1,0,0.0
545,Tuesday,1,0,Night,1,1,1,1.0
545,Tuesday,1,9,Morning Rush,1,1,0,0.0
545,Tuesday,1,10,Midday,1,1,1,1.0
545,Tuesday,1,17,Evening Rush,2,2,0,0.0
545,Tuesday,1,18,Evening Rush,1,1,0,0.0
545,Tuesday,1,20,Evening,1,1,0,0.0
545,Tuesday,1,21,Evening,2,2,2,1.0
545,Wednesday,2,1,Night,1,1,1,1.0
545,Wednesday,2,6,Morning Rush,1,1,1,1.0
545,Wednesday,2,8,Morning Rush,1,1,1,1.0
545,Wednesday,2,9,Morning Rush,1,1,0,0.0
545,Wednesday,2,11,Midday,2,2,1,0.5
545,Wednesday,2,13,Midday,1,1,0,0.0
545,Wednesday,2,14,Midday,2,2,0,0.0
545,Wednesday,2,18,Evening Rush,1,1,1,1.0
545,Wednesday,2,19,Evening,1,1,1,1.0
545,Wednesday,2,21,Evening,1,1,0,0.0
546,Friday,4,8,Morning Rush,1,1,0,0.0
546,Friday,4,17,Evening Rush,1,1,0,0.0
546,Friday,4,19,Evening,1,1,0,0.0
546,Monday,0,12,Midday,1,1,1,1.0
546,Monday,0,17,Evening Rush,1,1,0,0.0
546,Monday,0,19,Evening,1,1,1,1.0
546,Saturday,5,12,Midday,1,1,0,0.0
546,Saturday,5,13,Midday,1,1,1,1.0
546,Saturday,5,14,Midday,1,1,0,0.0
546,Saturday,5,19,Evening,1,1,1,1.0
546,Sunday,6,16,Evening Rush,1,1,0,0.0
546,Sunday,6,17,Evening Rush,1,1,1,1.0
546,Sunday,6,22,Evening,1,1,1,1.0
546,Thursday,3,18,Evening Rush,1,1,1,1.0
546,Thursday,3,19,Evening,1,1,0,0.0
546,Tuesday,1,12,Midday,2,2,1,0.5
546,Tuesday,1,14,Midday,1,1,0,0.0
546,Tuesday,1,17,Evening Rush,1,1,1,1.0
546,Tuesday,1,18,Evening Rush,1,1,0,0.0
546,Tuesday,1,20,Evening,1,1,0,0.0
546,Wednesday,2,18,Evening Rush,1,1,1,1.0
547,Friday,4,6,Morning Rush,1,1,1,1.0
547,Friday,4,8,Morning Rush,1,1,0,0.0
547,Friday,4,16,Evening Rush,1,1,1,1.0
547,Monday,0,16,Evening Rush,3,3,0,0.0
547,Monday,0,17,Evening Rush,1,1,0,0.0
547,Monday,0,19,Evening,1,1,0,0.0
547,Saturday,5,3,Night,1,1,0,0.0
547,Saturday,5,15,Evening Rush,1,1,1,1.0
547,Saturday,5,17,Evening Rush,1,1,0,0.0
547,Saturday,5,20,Evening,1,1,0,0.0
547,Saturday,5,22,Evening,1,1,0,0.0
547,Sunday,6,16,Evening Rush,1,1,0,0.0
547,Sunday,6,21,Evening,1,1,1,1.0
547,Thursday,3,14,Midday,1,1,0,0.0
547,Thursday,3,15,Evening Rush,1,1,0,0.0
547,Thursday,3,18,Evening Rush,1,1,1,1.0
547,Tuesday,1,8,Morning Rush,1,1,0,0.0
547,Tuesday,1,21,Evening,1,1,1,1.0
547,Wednesday,2,7,Morning Rush,1,1,0,0.0
547,Wednesday,2,17,Evening Rush,4,4,1,0.25
547,Wednesday,2,18,Evening Rush,1,1,0,0.0
547,Wednesday,2,19,Evening,1,1,1,1.0
548,Friday,4,1,Night,1,1,1,1.0
548,Friday,4,8,Morning Rush,1,1,1,1.0
548,Friday,4,13,Midday,1,1,0,0.0
548,Friday,4,16,Evening Rush,1,1,1,1.0
548,Monday,0,17,Evening Rush,1,1,1,1.0
548,Saturday,5,11,Midday,1,1,0,0.0
548,Saturday,5,13,Midday,2,2,1,0.5
548,Saturday,5,15,Evening Rush,1,1,1,1.0
548,Saturday,5,16,Evening Rush,2,2,1,0.5
548,Sunday,6,10,Midday,1,1,0,0.0
548,Thursday,3,13,Midday,1,1,1,1.0
548,Thursday,3,16,Evening Rush,1,1,0,0.0
548,Tuesday,1,10,Midday,1,1,1,1.0
548,Tuesday,1,14,Midday,2,2,0,0.0
548,Tuesday,1,16,Evening Rush,1,1,1,1.0
548,Tuesday,1,18,Evening Rush,1,1,1,1.0
548,Wednesday,2,0,Night,1,1,0,0.0
548,Wednesday,2,10,Midday,1,1,0,0.0
549,Friday,4,2,Night,1,1,0,0.0
549,Friday,4,15,Evening Rush,1,1,0,0.0
549,Monday,0,1,Night,1,1,1,1.0
549,Monday,0,7,Morning Rush,1,1,0,0.0
549,Monday,0,11,Midday,1,1,1,1.0
549,Monday,0,16,Evening Rush,1,1,0,0.0
549,Saturday,5,7,Morning Rush,1,1,0,0.0
549,Saturday,5,12,Midday,1,1,0,0.0
549,Saturday,5,13,Midday,1,1,1,1.0
549,Saturday,5,15,Evening Rush,1,1,0,0.0
549,Saturday,5,16,Evening Rush,1,1,1,1.0
549,Saturday,5,18,Evening Rush,1,1,1,1.0
549,Sunday,6,3,Night,1,1,0,0.0
549,Sunday,6,16,Evening Rush,1,1,0,0.0
549,Sunday,6,18,Evening Rush,1,1,0,0.0
549,Thursday,3,2,Night,1,1,1,1.0
549,Thursday,3,7,Morning Rush,1,1,1,1.0
549,Thursday,3,16,Evening Rush,1,1,0,0.0
549,Thursday,3,18,Evening Rush,1,1,0,0.0
549,Thursday,3,19,Evening,1,1,1,1.0
549,Tuesday,1,9,Morning Rush,1,1,0,0.0
549,Tuesday,1,16,Evening Rush,1,1,0,0.0
549,Tuesday,1,17,Evening Rush,2,2,1,0.5
549,Wednesday,2,9,Morning Rush,1,1,1,1.0
550,Friday,4,9,Morning Rush,2,2,1,0.5
550,Friday,4,11,Midday,1,1,1,1.0
550,Friday,4,12,Midday,1,1,1,1.0
550,Friday,4,15,Evening Rush,1,1,1,1.0
550,Friday,4,19,Evening,1,1,1,1.0
550,Monday,0,13,Midday,1,1,0,0.0
550,Monday,0,15,Evening Rush,1,1,1,1.0
550,Monday,0,23,Evening,1,1,0,0.0
550,Saturday,5,19,Evening,1,1,1,1.0
550,Saturday,5,20,Evening,1,1,0,0.0
550,Sunday,6,3,Night,1,1,1,1.0
550,Sunday,6,20,Evening,2,2,2,1.0
550,Thursday,3,8,Morning Rush,1,1,0,0.0
550,Thursday,3,10,Midday,1,1,0,0.0
550,Thursday,3,16,Evening Rush,1,1,0,0.0
550,Thursday,3,18,Evening Rush,1,1,0,0.0
550,Thursday,3,19,Evening,1,1,1,1.0
550,Tuesday,1,8,Morning Rush,1,1,0,0.0
550,Tuesday,1,9,Morning Rush,1,1,0,0.0
550,Tuesday,1,14,Midday,1,1,0,0.0
550,Tuesday,1,18,Evening Rush,1,1,1,1.0
550,Tuesday,1,23,Evening,1,1,1,1.0
550,Wednesday,2,7,Morning Rush,1,1,1,1.0
550,Wednesday,2,13,Midday,1,1,0,0.0
550,Wednesday,2,14,Midday,1,1,0,0.0
550,Wednesday,2,15,Evening Rush,1,1,1,1.0
550,Wednesday,2,17,Evening Rush,1,1,0,0.0
550,Wednesday,2,18,Evening Rush,1,1,1,1.0
550,Wednesday,2,21,Evening,1,1,1,1.0
551,Friday,4,10,Midday,1,1,1,1.0
551,Friday,4,20,Evening,1,1,1,1.0
551,Monday,0,7,Morning Rush,1,1,1,1.0
551,Monday,0,8,Morning Rush,1,1,1,1.0
551,Monday,0,11,Midday,1,1,0,0.0
551,Monday,0,23,Evening,1,1,1,1.0
551,Saturday,5,10,Midday,1,1,0,0.0
551,Sunday,6,13,Midday,3,3,0,0.0
551,Sunday,6,14,Midday,2,2,0,0.0
551,Sunday,6,17,Evening Rush,1,1,0,0.0
551,Sunday,6,22,Evening,1,1,0,0.0
551,Thursday,3,1,Night,1,1,0,0.0
551,Thursday,3,10,Midday,1,1,1,1.0
551,Thursday,3,15,Evening Rush,1,1,0,0.0
551,Thursday,3,19,Evening,1,1,0,0.0
551,Tuesday,1,0,Night,1,1,1,1.0
551,Tuesday,1,1,Night,1,1,1,1.0
551,Tuesday,1,9,Morning Rush,1,1,0,0.0
551,Tuesday,1,19,Evening,1,1,0,0.0
551,Tuesday,1,23,Evening,1,1,0,0.0
551,Wednesday,2,4,Night,1,1,0,0.0
551,Wednesday,2,7,Morning Rush,1,1,0,0.0
552,Friday,4,9,Morning Rush,1,1,1,1.0
552,Friday,4,13,Midday,2,2,0,0.0
552,Friday,4,17,Evening Rush,1,1,0,0.0
552,Friday,4,19,Evening,1,1,0,0.0
552,Friday,4,21,Evening,1,1,0,0.0
552,Friday,4,23,Evening,1,1,0,0.0
552,Monday,0,5,Night,1,1,1,1.0
552,Monday,0,6,Morning Rush,1,1,0,0.0
552,Monday,0,9,Morning Rush,1,1,0,0.0
552,Monday,0,18,Evening Rush,1,1,1,1.0
552,Saturday,5,10,Midday,1,1,1,1.0
552,Saturday,5,13,Midday,1,1,1,1.0
552,Saturday,5,22,Evening,1,1,1,1.0
552,Saturday,5,23,Evening,1,1,0,0.0
552,Sunday,6,4,Night,1,1,1,1.0
552,Sunday,6,17,Evening Rush,1,1,1,1.0
552,Thursday,3,17,Evening Rush,1,1,1,1.0
552,Thursday,3,18,Evening Rush,1,1,1,1.0
552,Thursday,3,19,Evening,1,1,1,1.0
552,Tuesday,1,16,Evening Rush,2,2,0,0.0
552,Wednesday,2,8,Morning Rush,2,2,2,1.0
552,Wednesday,2,13,Midday,1,1,0,0.0
552,Wednesday,2,15,Evening Rush,2,2,0,0.0
552,Wednesday,2,17,Evening Rush,1,1,0,0.0
552,Wednesday,2,18,Evening Rush,1,1,0,0.0
552,Wednesday,2,19,Evening,1,1,0,0.0
552,Wednesday,2,20,Evening,1,1,1,1.0
552,Wednesday,2,21,Evening,1,1,1,1.0
553,Friday,4,2,Night,1,1,1,1.0
553,Friday,4,12,Midday,1,1,0,0.0
553,Friday,4,16,Evening Rush,1,1,0,0.0
553,Friday,4,20,Evening,1,1,1,1.0
553,Friday,4,21,Evening,1,1,1,1.0
553,Monday,0,12,Midday,1,1,0,0.0
553,Monday,0,16,Evening Rush,1,1,1,1.0
553,Monday,0,18,Evening Rush,1,1,1,1.0
553,Monday,0,19,Evening,1,1,0,0.0
553,Saturday,5,4,Night,1,1,1,1.0
553,Saturday,5,12,Midday,1,1,1,1.0
553,Saturday,5,13,Midday,1,1,0,0.0
553,Saturday,5,14,Midday,1,1,0,0.0
553,Saturday,5,19,Evening,2,2,1,0.5
553,Sunday,6,11,Midday,1,1,0,0.0
553,Sunday,6,14,Midday,1,1,0,0.0
553,Sunday,6,15,Evening Rush,1,1,0,0.0
553,Sunday,6,21,Evening,1,1,0,0.0
553,Sunday,6,22,Evening,1,1,0,0.0
553,Thursday,3,16,Evening Rush,1,1,1,1.0
553,Thursday,3,17,Evening Rush,1,1,1,1.0
553,Thursday,3,22,Evening,1,1,1,1.0
553,Tuesday,1,13,Midday,1,1,0,0.0
553,Wednesday,2,4,Night,2,2,0,0.0
553,Wednesday,2,8,Morning Rush,1,1,0,0.0
553,Wednesday,2,11,Midday,1,1,1,1.0
553,Wednesday,2,17,Evening Rush,1,1,0,0.0
553,Wednesday,2,20,Evening,1,1,0,0.0
554,Friday,4,7,Morning Rush,1,1,1,1.0
554,Friday,4,9,Morning Rush,2,2,0,0.0
554,Friday,4,15,Evening Rush,2,2,0,0.0
554,Friday,4,17,Evening Rush,1,1,0,0.0
554,Friday,4,18,Evening Rush,1,1,1,1.0
554,Friday,4,19,Evening,1,1,0,0.0
554,Friday,4,21,Evening,1,1,1,1.0
554,Monday,0,8,Morning Rush,1,1,0,0.0
554,Monday,0,14,Midday,1,1,1,1.0
554,Monday,0,16,Evening Rush,1,1,1,1.0
554,Monday,0,17,Evening Rush,1,1,0,0.0
554,Monday,0,18,Evening Rush,1,1,0,0.0
554,Monday,0,23,Evening,2,2,1,0.5
554,Saturday,5,0,Night,1,1,1,1.0
554,Saturday,5,13,Midday,2,2,0,0.0
554,Saturday,5,15,Evening Rush,3,3,2,0.6666666666666666
554,Saturday,5,19,Evening,1,1,1,1.0
554,Saturday,5,20,Evening,1,1,1,1.0
554,Saturday,5,21,Evening,2,2,0,0.0
554,Saturday,5,22,Evening,1,1,0,0.0
554,Sunday,6,12,Midday,1,1,0,0.0
554,Sunday,6,14,Midday,1,1,1,1.0
554,Sunday,6,16,Evening Rush,2,2,1,0.5
554,Sunday,6,17,Evening Rush,1,1,1,1.0
554,Sunday,6,19,Evening,1,1,1,1.0
554,Thursday,3,6,Morning Rush,1,1,1,1.0
554,Thursday,3,13,Midday,1,1,0,0.0
554,Thursday,3,17,Evening Rush,1,1,1,1.0
554,Thursday,3,20,Evening,1,1,0,0.0
554,Thursday,3,22,Evening,1,1,0,0.0
554,Tuesday,1,9,Morning Rush,2,2,0,0.0
554,Tuesday,1,15,Evening Rush,1,1,0,0.0
554,Tuesday,1,16,Evening Rush,2,2,1,0.5
554,Tuesday,1,20,Evening,1,1,1,1.0
554,Tuesday,1,22,Evening,1,1,0,0.0
554,Wednesday,2,18,Evening Rush,1,1,1,1.0
554,Wednesday,2,19,Evening,2,2,0,0.0
554,Wednesday,2,20,Evening,2,2,0,0.0
555,Friday,4,7,Morning Rush,2,2,2,1.0
555,Friday,4,8,Morning Rush,1,1,1,1.0
555,Friday,4,13,Midday,1,1,1,1.0
555,Friday,4,16,Evening Rush,3,3,2,0.6666666666666666
555,Friday,4,17,Evening Rush,1,1,1,1.0
555,Friday,4,19,Evening,1,1,1,1.0
555,Monday,0,3,Night,1,1,1,1.0
555,Monday,0,8,Morning Rush,1,1,1,1.0
555,Monday,0,16,Evening Rush,1,1,0,0.0
555,Monday,0,17,Evening Rush,2,2,0,0.0
555,Monday,0,20,Evening,1,1,0,0.0
555,Saturday,5,4,Night,1,1,0,0.0
555,Saturday,5,12,Midday,2,2,1,0.5
555,Saturday,5,13,Midday,1,1,0,0.0
555,Saturday,5,19,Evening,1,1,0,0.0
555,Saturday,5,22,Evening,1,1,0,0.0
555,Sunday,6,3,Night,1,1,0,0.0
555,Sunday,6,10,Midday,1,1,1,1.0
555,Sunday,6,16,Evening Rush,3,3,0,0.0
555,Sunday,6,18,Evening Rush,1,1,0,0.0
555,Thursday,3,8,Morning Rush,1,1,0,0.0
555,Thursday,3,17,Evening Rush,3,3,1,0.3333333333333333
555,Thursday,3,18,Evening Rush,1,1,1,1.0
555,Thursday,3,19,Evening,1,1,0,0.0
555,Tuesday,1,6,Morning Rush,1,1,1,1.0
555,Tuesday,1,7,Morning Rush,1,1,0,0.0
555,Tuesday,1,10,Midday,1,1,0,0.0
555,Tuesday,1,17,Evening Rush,2,2,1,0.5
555,Tuesday,1,22,Evening,1,1,1,1.0
555,Tuesday,1,23,Evening,1,1,1,1.0
555,Wednesday,2,8,Morning Rush,1,1,1,1.0
555,Wednesday,2,9,Morning Rush,1,1,0,0.0
555,Wednesday,2,11,Midday,2,2,1,0.5
555,Wednesday,2,17,Evening Rush,1,1,0,0.0
555,Wednesday,2,23,Evening,1,1,0,0.0
556,Friday,4,16,Evening Rush,1,1,1,1.0
556,Friday,4,20,Evening,2,2,0,0.0
556,Friday,4,21,Evening,1,1,0,0.0
556,Monday,0,3,Night,1,1,0,0.0
556,Saturday,5,8,Morning Rush,1,1,0,0.0
556,Saturday,5,15,Evening Rush,1,1,0,0.0
556,Saturday,5,23,Evening,2,2,0,0.0
556,Sunday,6,19,Evening,1,1,1,1.0
556,Sunday,6,20,Evening,1,1,0,0.0
556,Thursday,3,10,Midday,1,1,0,0.0
556,Thursday,3,22,Evening,2,2,0,0.0
556,Tuesday,1,8,Morning Rush,1,1,1,1.0
556,Tuesday,1,13,Midday,1,1,0,0.0
556,Tuesday,1,14,Midday,1,1,0,0.0
556,Wednesday,2,11,Midday,1,1,0,0.0
556,Wednesday,2,12,Midday,1,1,0,0.0
556,Wednesday,2,16,Evening Rush,1,1,0,0.0
556,Wednesday,2,19,Evening,1,1,1,1.0
557,Friday,4,8,Morning Rush,3,3,1,0.3333333333333333
557,Friday,4,10,Midday,1,1,1,1.0
557,Friday,4,16,Evening Rush,1,1,0,0.0
557,Friday,4,18,Evening Rush,1,1,1,1.0
557,Friday,4,20,Evening,1,1,0,0.0
557,Monday,0,9,Morning Rush,1,1,0,0.0
557,Monday,0,17,Evening Rush,1,1,0,0.0
557,Monday,0,21,Evening,1,1,0,0.0
557,Monday,0,23,Evening,1,1,1,1.0
557,Saturday,5,14,Midday,1,1,1,1.0
557,Saturday,5,16,Evening Rush,1,1,1,1.0
557,Saturday,5,19,Evening,2,2,0,0.0
557,Sunday,6,7,Morning Rush,1,1,0,0.0
557,Sunday,6,9,Morning Rush,1,1,0,0.0
557,Sunday,6,10,Midday,1,1,0,0.0
557,Sunday,6,11,Midday,2,2,0,0.0
557,Thursday,3,7,Morning Rush,1,1,0,0.0
557,Thursday,3,12,Midday,1,1,0,0.0
557,Thursday,3,16,Evening Rush,1,1,0,0.0
557,Thursday,3,17,Evening Rush,1,1,0,0.0
557,Thursday,3,18,Evening Rush,1,1,0,0.0
557,Thursday,3,20,Evening,2,2,0,0.0
557,Tuesday,1,15,Evening Rush,2,2,0,0.0
557,Tuesday,1,16,Evening Rush,1,1,1,1.0
557,Tuesday,1,17,Evening Rush,3,3,1,0.3333333333333333
557,Wednesday,2,0,Night,1,1,1,1.0
557,Wednesday,2,9,Morning Rush,1,1,1,1.0
557,Wednesday,2,15,Evening Rush,1,1,0,0.0
557,Wednesday,2,16,Evening Rush,1,1,1,1.0
557,Wednesday,2,19,Evening,1,1,1,1.0
557,Wednesday,2,20,Evening,1,1,1,1.0
558,Friday,4,5,Night,1,1,1,1.0
558,Friday,4,16,Evening Rush,1,1,0,0.0
558,Friday,4,18,Evening Rush,1,1,1,1.0
558,Friday,4,23,Evening,1,1,0,0.0
558,Monday,0,4,Night,1,1,1,1.0
558,Monday,0,7,Morning Rush,1,1,0,0.0
558,Monday,0,9,Morning Rush,2,2,2,1.0
558,Monday,0,12,Midday,1,1,0,0.0
558,Monday,0,14,Midday,1,1,0,0.0
558,Monday,0,22,Evening,1,1,0,0.0
558,Saturday,5,5,Night,1,1,0,0.0
558,Saturday,5,7,Morning Rush,1,1,0,0.0
558,Saturday,5,12,Midday,1,1,1,1.0
558,Saturday,5,13,Midday,1,1,1,1.0
558,Saturday,5,14,Midday,2,2,1,0.5
558,Saturday,5,18,Evening Rush,1,1,1,1.0
558,Saturday,5,20,Evening,1,1,0,0.0
558,Saturday,5,22,Evening,2,2,1,0.5
558,Sunday,6,5,Night,1,1,0,0.0
558,Sunday,6,12,Midday,1,1,0,0.0
558,Sunday,6,13,Midday,1,1,0,0.0
558,Sunday,6,14,Midday,2,2,1,0.5
558,Sunday,6,15,Evening Rush,1,1,1,1.0
558,Sunday,6,17,Evening Rush,1,1,0,0.0
558,Sunday,6,22,Evening,1,1,1,1.0
558,Thursday,3,0,Night,2,2,0,0.0
558,Thursday,3,9,Morning Rush,1,1,1,1.0
558,Thursday,3,12,Midday,1,1,0,0.0
558,Thursday,3,15,Evening Rush,1,1,0,0.0
558,Thursday,3,18,Evening Rush,1,1,1,1.0
558,Thursday,3,20,Evening,1,1,0,0.0
558,Tuesday,1,6,Morning Rush,1,1,0,0.0
558,Tuesday,1,15,Evening Rush,1,1,0,0.0
558,Tuesday,1,17,Evening Rush,1,1,1,1.0
558,Wednesday,2,6,Morning Rush,1,1,1,1.0
558,Wednesday,2,7,Morning Rush,1,1,0,0.0
558,Wednesday,2,11,Midday,1,1,0,0.0
558,Wednesday,2,16,Evening Rush,1,1,1,1.0
558,Wednesday,2,17,Evening Rush,4,4,0,0.0
558,Wednesday,2,22,Evening,1,1,0,0.0
559,Friday,4,16,Evening Rush,1,1,0,0.0
559,Monday,0,6,Morning Rush,1,1,0,0.0
559,Monday,0,8,Morning Rush,2,2,2,1.0
559,Monday,0,10,Midday,2,2,0,0.0
559,Monday,0,12,Midday,1,1,0,0.0
559,Monday,0,15,Evening Rush,1,1,0,0.0
559,Saturday,5,14,Midday,1,1,0,0.0
559,Saturday,5,18,Evening Rush,2,2,0,0.0
559,Sunday,6,13,Midday,1,1,1,1.0
559,Thursday,3,0,Night,1,1,0,0.0
559,Thursday,3,4,Night,1,1,0,0.0
559,Thursday,3,8,Morning Rush,1,1,0,0.0
559,Thursday,3,14,Midday,1,1,0,0.0
559,Tuesday,1,7,Morning Rush,3,3,0,0.0
559,Tuesday,1,11,Midday,1,1,1,1.0
559,Tuesday,1,16,Evening Rush,1,1,0,0.0
559,Tuesday,1,17,Evening Rush,1,1,0,0.0
559,Wednesday,2,8,Morning Rush,1,1,1,1.0
559,Wednesday,2,16,Evening Rush,1,1,0,0.0
559,Wednesday,2,17,Evening Rush,1,1,0,0.0
559,Wednesday,2,18,Evening Rush,1,1,0,0.0
560,Friday,4,8,Morning Rush,1,1,1,1.0
560,Friday,4,9,Morning Rush,1,1,0,0.0
560,Friday,4,10,Midday,1,1,0,0.0
560,Friday,4,19,Evening,2,2,1,0.5
560,Monday,0,7,Morning Rush,1,1,1,1.0
560,Monday,0,10,Midday,2,2,1,0.5
560,Monday,0,12,Midday,1,1,0,0.0
560,Monday,0,18,Evening Rush,1,1,1,1.0
560,Monday,0,19,Evening,1,1,1,1.0
560,Saturday,5,20,Evening,2,2,0,0.0
560,Sunday,6,7,Morning Rush,1,1,0,0.0
560,Sunday,6,23,Evening,1,1,1,1.0
560,Thursday,3,7,Morning Rush,1,1,0,0.0
560,Thursday,3,8,Morning Rush,1,1,1,1.0
560,Thursday,3,17,Evening Rush,1,1,0,0.0
560,Thursday,3,20,Evening,1,1,0,0.0
560,Thursday,3,21,Evening,1,1,0,0.0
560,Tuesday,1,1,Night,1,1,0,0.0
560,Tuesday,1,7,Morning Rush,1,1,1,1.0
560,Tuesday,1,9,Morning Rush,2,2,2,1.0
560,Tuesday,1,10,Midday,1,1,1,1.0
560,Tuesday,1,13,Midday,1,1,0,0.0
560,Tuesday,1,16,Evening Rush,1,1,0,0.0
560,Tuesday,1,17,Evening Rush,1,1,1,1.0
560,Tuesday,1,18,Evening Rush,1,1,1,1.0
560,Wednesday,2,7,Morning Rush,2,2,1,0.5
560,Wednesday,2,14,Midday,2,2,0,0.0
560,Wednesday,2,15,Evening Rush,1,1,0,0.0
560,Wednesday,2,20,Evening,1,1,0,0.0
561,Friday,4,16,Evening Rush,2,2,0,0.0
561,Friday,4,17,Evening Rush,1,1,0,0.0
561,Monday,0,0,Night,1,1,0,0.0
561,Monday,0,10,Midday,1,1,1,1.0
561,Monday,0,19,Evening,1,1,0,0.0
561,Saturday,5,12,Midday,1,1,0,0.0
561,Saturday,5,16,Evening Rush,1,1,0,0.0
561,Sunday,6,20,Evening,1,1,1,1.0
561,Thursday,3,16,Evening Rush,1,1,0,0.0
561,Thursday,3,18,Evening Rush,1,1,0,0.0
561,Thursday,3,19,Evening,1,1,0,0.0
561,Tuesday,1,7,Morning Rush,2,2,0,0.0
561,Tuesday,1,8,Morning Rush,1,1,0,0.0
561,Tuesday,1,14,Midday,1,1,0,0.0
561,Tuesday,1,16,Evening Rush,1,1,0,0.0
561,Tuesday,1,23,Evening,1,1,1,1.0
561,Wednesday,2,8,Morning Rush,1,1,1,1.0
561,Wednesday,2,16,Evening Rush,1,1,1,1.0
562,Friday,4,16,Evening Rush,1,1,1,1.0
562,Friday,4,20,Evening,2,2,1,0.5
562,Monday,0,6,Morning Rush,1,1,1,1.0
562,Monday,0,19,Evening,1,1,0,0.0
562,Monday,0,20,Evening,1,1,0,0.0
562,Saturday,5,3,Night,1,1,0,0.0
562,Saturday,5,13,Midday,1,1,0,0.0
562,Saturday,5,17,Evening Rush,1,1,1,1.0
562,Saturday,5,20,Evening,1,1,0,0.0
562,Saturday,5,21,Evening,1,1,1,1.0
562,Sunday,6,11,Midday,1,1,1,1.0
562,Sunday,6,16,Evening Rush,1,1,0,0.0
562,Thursday,3,12,Midday,1,1,0,0.0
562,Thursday,3,17,Evening Rush,1,1,1,1.0
562,Tuesday,1,1,Night,1,1,0,0.0
562,Tuesday,1,8,Morning Rush,1,1,0,0.0
562,Tuesday,1,10,Midday,1,1,1,1.0
562,Tuesday,1,17,Evening Rush,1,1,0,0.0
562,Tuesday,1,21,Evening,1,1,1,1.0
562,Wednesday,2,9,Morning Rush,1,1,0,0.0
562,Wednesday,2,11,Midday,2,2,0,0.0
562,Wednesday,2,14,Midday,1,1,0,0.0
562,Wednesday,2,15,Evening Rush,1,1,0,0.0
562,Wednesday,2,17,Evening Rush,1,1,1,1.0
563,Friday,4,2,Night,1,1,0,0.0
563,Friday,4,11,Midday,1,1,1,1.0
563,Friday,4,14,Midday,1,1,0,0.0
563,Monday,0,14,Midday,1,1,1,1.0
563,Monday,0,16,Evening Rush,1,1,0,0.0
563,Thursday,3,7,Morning Rush,1,1,1,1.0
563,Thursday,3,15,Evening Rush,2,2,0,0.0
563,Thursday,3,16,Evening Rush,4,4,1,0.25
563,Tuesday,1,17,Evening Rush,2,2,2,1.0
563,Tuesday,1,19,Evening,1,1,0,0.0
563,Wednesday,2,9,Morning Rush,3,3,0,0.0
563,Wednesday,2,14,Midday,1,1,0,0.0
563,Wednesday,2,15,Evening Rush,1,1,0,0.0
563,Wednesday,2,16,Evening Rush,2,2,2,1.0
563,Wednesday,2,17,Evening Rush,1,1,1,1.0
564,Friday,4,8,Morning Rush,1,1,0,0.0
564,Friday,4,9,Morning Rush,1,1,0,0.0
564,Friday,4,11,Midday,1,1,1,1.0
564,Friday,4,13,Midday,1,1,0,0.0
564,Friday,4,14,Midday,1,1,0,0.0
564,Friday,4,17,Evening Rush,1,1,0,0.0
564,Friday,4,18,Evening Rush,1,1,0,0.0
564,Friday,4,20,Evening,1,1,1,1.0
564,Monday,0,9,Morning Rush,1,1,1,1.0
564,Monday,0,15,Evening Rush,1,1,0,0.0
564,Saturday,5,17,Evening Rush,2,2,1,0.5
564,Saturday,5,18,Evening Rush,1,1,1,1.0
564,Saturday,5,21,Evening,1,1,0,0.0
564,Sunday,6,12,Midday,1,1,0,0.0
564,Sunday,6,15,Evening Rush,1,1,1,1.0
564,Sunday,6,18,Evening Rush,1,1,0,0.0
564,Sunday,6,22,Evening,1,1,1,1.0
564,Thursday,3,12,Midday,1,1,0,0.0
564,Thursday,3,14,Midday,1,1,0,0.0
564,Thursday,3,19,Evening,1,1,0,0.0
564,Thursday,3,20,Evening,1,1,1,1.0
564,Tuesday,1,8,Morning Rush,2,2,1,0.5
564,Tuesday,1,12,Midday,1,1,1,1.0
564,Tuesday,1,17,Evening Rush,1,1,0,0.0
564,Wednesday,2,16,Evening Rush,1,1,1,1.0
564,Wednesday,2,18,Evening Rush,1,1,0,0.0
564,Wednesday,2,19,Evening,1,1,1,1.0
565,Friday,4,1,Night,1,1,0,0.0
565,Friday,4,15,Evening Rush,1,1,0,0.0
565,Friday,4,16,Evening Rush,1,1,0,0.0
565,Friday,4,19,Evening,1,1,0,0.0
565,Monday,0,7,Morning Rush,1,1,1,1.0
565,Monday,0,8,Morning Rush,1,1,1,1.0
565,Monday,0,20,Evening,2,2,0,0.0
565,Saturday,5,11,Midday,1,1,0,0.0
565,Saturday,5,17,Evening Rush,1,1,0,0.0
565,Saturday,5,22,Evening,1,1,1,1.0
565,Sunday,6,15,Evening Rush,1,1,0,0.0
565,Sunday,6,22,Evening,1,1,0,0.0
565,Thursday,3,7,Morning Rush,1,1,0,0.0
565,Thursday,3,12,Midday,1,1,1,1.0
565,Thursday,3,15,Evening Rush,1,1,1,1.0
565,Thursday,3,19,Evening,1,1,0,0.0
565,Tuesday,1,7,Morning Rush,2,2,1,0.5
565,Tuesday,1,11,Midday,1,1,0,0.0
565,Tuesday,1,15,Evening Rush,1,1,1,1.0
565,Tuesday,1,19,Evening,1,1,0,0.0
565,Wednesday,2,8,Morning Rush,1,1,0,0.0
565,Wednesday,2,18,Evening Rush,1,1,0,0.0
566,Friday,4,13,Midday,1,1,0,0.0
566,Friday,4,16,Evening Rush,1,1,0,0.0
566,Friday,4,23,Evening,1,1,0,0.0
566,Monday,0,7,Morning Rush,1,1,0,0.0
566,Monday,0,8,Morning Rush,2,2,2,1.0
566,Monday,0,19,Evening,1,1,0,0.0
566,Monday,0,20,Evening,1,1,1,1.0
566,Saturday,5,12,Midday,1,1,0,0.0
566,Sunday,6,2,Night,1,1,0,0.0
566,Thursday,3,8,Morning Rush,1,1,1,1.0
566,Thursday,3,10,Midday,1,1,1,1.0
566,Tuesday,1,5,Night,1,1,1,1.0
566,Tuesday,1,8,Morning Rush,1,1,1,1.0
566,Tuesday,1,22,Evening,1,1,0,0.0
566,Wednesday,2,8,Morning Rush,1,1,0,0.0
566,Wednesday,2,16,Evening Rush,1,1,0,0.0
566,Wednesday,2,17,Evening Rush,2,2,0,0.0
566,Wednesday,2,21,Evening,1,1,0,0.0
566,Wednesday,2,23,Evening,1,1,0,0.0
567,Friday,4,7,Morning Rush,1,1,0,0.0
567,Friday,4,9,Morning Rush,1,1,1,1.0
567,Friday,4,12,Midday,1,1,0,0.0
567,Friday,4,18,Evening Rush,2,2,0,0.0
567,Monday,0,7,Morning Rush,1,1,1,1.0
567,Monday,0,19,Evening,1,1,1,1.0
567,Monday,0,20,Evening,1,1,1,1.0
567,Saturday,5,9,Morning Rush,2,2,1,0.5
567,Saturday,5,12,Midday,1,1,0,0.0
567,Saturday,5,19,Evening,1,1,1,1.0
567,Sunday,6,13,Midday,1,1,0,0.0
567,Thursday,3,7,Morning Rush,1,1,0,0.0
567,Thursday,3,8,Morning Rush,1,1,1,1.0
567,Thursday,3,16,Evening Rush,1,1,0,0.0
567,Thursday,3,17,Evening Rush,1,1,0,0.0
567,Thursday,3,19,Evening,1,1,0,0.0
567,Tuesday,1,6,Morning Rush,1,1,1,1.0
567,Wednesday,2,8,Morning Rush,1,1,0,0.0
567,Wednesday,2,11,Midday,2,2,2,1.0
567,Wednesday,2,14,Midday,1,1,0,0.0
568,Friday,4,0,Night,1,1,1,1.0
568,Friday,4,6,Morning Rush,3,3,3,1.0
568,Friday,4,12,Midday,2,2,0,0.0
568,Friday,4,15,Evening Rush,1,1,0,0.0
568,Friday,4,16,Evening Rush,2,2,0,0.0
568,Friday,4,17,Evening Rush,1,1,0,0.0
568,Friday,4,18,Evening Rush,2,2,2,1.0
568,Friday,4,20,Evening,1,1,1,1.0
568,Monday,0,9,Morning Rush,1,1,0,0.0
568,Monday,0,16,Evening Rush,2,2,1,0.5
568,Monday,0,17,Evening Rush,1,1,0,0.0
568,Monday,0,21,Evening,3,3,0,0.0
568,Saturday,5,6,Morning Rush,1,1,0,0.0
568,Saturday,5,8,Morning Rush,1,1,0,0.0
568,Saturday,5,12,Midday,1,1,0,0.0
568,Saturday,5,13,Midday,1,1,0,0.0
568,Saturday,5,14,Midday,1,1,1,1.0
568,Saturday,5,15,Evening Rush,5,5,3,0.6
568,Saturday,5,23,Evening,1,1,0,0.0
568,Sunday,6,5,Night,1,1,0,0.0
568,Sunday,6,17,Evening Rush,2,2,0,0.0
568,Sunday,6,18,Evening Rush,3,3,0,0.0
568,Sunday,6,19,Evening,1,1,0,0.0
568,Thursday,3,5,Night,1,1,1,1.0
568,Thursday,3,6,Morning Rush,3,3,1,0.3333333333333333
568,Thursday,3,7,Morning Rush,5,5,4,0.8
568,Thursday,3,9,Morning Rush,1,1,1,1.0
568,Thursday,3,11,Midday,1,1,1,1.0
568,Thursday,3,13,Midday,1,1,0,0.0
568,Thursday,3,14,Midday,1,1,0,0.0
568,Thursday,3,15,Evening Rush,1,1,0,0.0
568,Thursday,3,16,Evening Rush,2,2,1,0.5
568,Thursday,3,17,Evening Rush,1,1,0,0.0
568,Thursday,3,18,Evening Rush,2,2,0,0.0
568,Thursday,3,19,Evening,2,2,1,0.5
568,Thursday,3,21,Evening,1,1,0,0.0
568,Tuesday,1,6,Morning Rush,1,1,1,1.0
568,Tuesday,1,7,Morning Rush,1,1,0,0.0
568,Tuesday,1,8,Morning Rush,1,1,1,1.0
568,Tuesday,1,9,Morning Rush,1,1,1,1.0
568,Tuesday,1,11,Midday,1,1,1,1.0
568,Tuesday,1,12,Midday,1,1,0,0.0
568,Tuesday,1,13,Midday,1,1,1,1.0
568,Tuesday,1,14,Midday,1,1,1,1.0
568,Tuesday,1,17,Evening Rush,7,7,7,1.0
568,Tuesday,1,18,Evening Rush,2,2,2,1.0
568,Wednesday,2,7,Morning Rush,2,2,1,0.5
568,Wednesday,2,8,Morning Rush,1,1,1,1.0
568,Wednesday,2,9,Morning Rush,1,1,1,1.0
568,Wednesday,2,13,Midday,1,1,1,1.0
568,Wednesday,2,14,Midday,1,1,1,1.0
568,Wednesday,2,15,Evening Rush,2,2,2,1.0
568,Wednesday,2,17,Evening Rush,1,1,0,0.0
568,Wednesday,2,18,Evening Rush,3,3,3,1.0
568,Wednesday,2,19,Evening,1,1,1,1.0
569,Friday,4,7,Morning Rush,1,1,1,1.0
569,Friday,4,13,Midday,1,1,1,1.0
569,Friday,4,19,Evening,2,2,1,0.5
569,Monday,0,7,Morning Rush,1,1,1,1.0
569,Monday,0,8,Morning Rush,1,1,1,1.0
569,Monday,0,15,Evening Rush,2,2,0,0.0
569,Saturday,5,0,Night,1,1,0,0.0
569,Saturday,5,11,Midday,1,1,0,0.0
569,Saturday,5,15,Evening Rush,1,1,1,1.0
569,Saturday,5,16,Evening Rush,1,1,0,0.0
569,Saturday,5,18,Evening Rush,1,1,0,0.0
569,Saturday,5,20,Evening,1,1,0,0.0
569,Saturday,5,23,Evening,1,1,0,0.0
569,Sunday,6,14,Midday,1,1,0,0.0
569,Sunday,6,18,Evening Rush,1,1,0,0.0
569,Thursday,3,13,Midday,1,1,0,0.0
569,Thursday,3,14,Midday,2,2,0,0.0
569,Thursday,3,19,Evening,1,1,1,1.0
569,Tuesday,1,6,Morning Rush,1,1,1,1.0
569,Tuesday,1,16,Evening Rush,1,1,0,0.0
569,Wednesday,2,6,Morning Rush,1,1,1,1.0
569,Wednesday,2,16,Evening Rush,1,1,1,1.0
569,Wednesday,2,17,Evening Rush,1,1,1,1.0
569,Wednesday,2,18,Evening Rush,1,1,0,0.0
570,Friday,4,12,Midday,1,1,0,0.0
570,Friday,4,14,Midday,1,1,0,0.0
570,Friday,4,19,Evening,2,2,1,0.5
570,Monday,0,12,Midday,2,2,1,0.5
570,Monday,0,17,Evening Rush,1,1,1,1.0
570,Saturday,5,10,Midday,2,2,2,1.0
570,Saturday,5,13,Midday,1,1,1,1.0
570,Saturday,5,14,Midday,2,2,0,0.0
570,Saturday,5,17,Evening Rush,1,1,1,1.0
570,Saturday,5,21,Evening,1,1,0,0.0
570,Sunday,6,13,Midday,2,2,0,0.0
570,Sunday,6,15,Evening Rush,1,1,0,0.0
570,Sunday,6,17,Evening Rush,1,1,1,1.0
570,Thursday,3,15,Evening Rush,1,1,0,0.0
570,Tuesday,1,5,Night,1,1,0,0.0
570,Tuesday,1,11,Midday,1,1,1,1.0
570,Tuesday,1,13,Midday,3,3,2,0.6666666666666666
570,Tuesday,1,14,Midday,2,2,0,0.0
570,Tuesday,1,18,Evening Rush,2,2,1,0.5
570,Wednesday,2,7,Morning Rush,1,1,1,1.0
570,Wednesday,2,10,Midday,1,1,1,1.0
570,Wednesday,2,12,Midday,1,1,0,0.0
570,Wednesday,2,15,Evening Rush,1,1,1,1.0
571,Friday,4,7,Morning Rush,2,2,2,1.0
571,Friday,4,8,Morning Rush,1,1,0,0.0
571,Friday,4,12,Midday,1,1,1,1.0
571,Friday,4,13,Midday,1,1,0,0.0
571,Monday,0,1,Night,1,1,1,1.0
571,Monday,0,4,Night,1,1,0,0.0
571,Monday,0,6,Morning Rush,1,1,0,0.0
571,Monday,0,7,Morning Rush,1,1,1,1.0
571,Monday,0,17,Evening Rush,1,1,1,1.0
571,Saturday,5,3,Night,1,1,0,0.0
571,Saturday,5,8,Morning Rush,1,1,1,1.0
571,Saturday,5,11,Midday,1,1,0,0.0
571,Sunday,6,8,Morning Rush,1,1,1,1.0
571,Sunday,6,14,Midday,1,1,1,1.0
571,Thursday,3,6,Morning Rush,1,1,1,1.0
571,Thursday,3,9,Morning Rush,1,1,1,1.0
571,Thursday,3,11,Midday,3,3,3,1.0
571,Thursday,3,15,Evening Rush,1,1,0,0.0
571,Tuesday,1,9,Morning Rush,5,5,0,0.0
571,Tuesday,1,13,Midday,2,2,2,1.0
571,Tuesday,1,14,Midday,1,1,0,0.0
571,Tuesday,1,16,Evening Rush,1,1,0,0.0
571,Tuesday,1,18,Evening Rush,2,2,2,1.0
571,Wednesday,2,6,Morning Rush,1,1,0,0.0
571,Wednesday,2,8,Morning Rush,1,1,0,0.0
571,Wednesday,2,12,Midday,1,1,1,1.0
571,Wednesday,2,14,Midday,1,1,0,0.0
571,Wednesday,2,16,Evening Rush,1,1,0,0.0
571,Wednesday,2,18,Evening Rush,1,1,1,1.0
571,Wednesday,2,19,Evening,1,1,1,1.0
572,Friday,4,9,Morning Rush,1,1,1,1.0
572,Friday,4,12,Midday,1,1,0,0.0
572,Friday,4,18,Evening Rush,1,1,0,0.0
572,Monday,0,9,Morning Rush,1,1,1,1.0
572,Monday,0,17,Evening Rush,1,1,1,1.0
572,Saturday,5,11,Midday,2,2,1,0.5
572,Saturday,5,15,Evening Rush,1,1,1,1.0
572,Thursday,3,15,Evening Rush,2,2,0,0.0
572,Tuesday,1,6,Morning Rush,1,1,0,0.0
572,Wednesday,2,14,Midday,1,1,0,0.0
572,Wednesday,2,16,Evening Rush,1,1,1,1.0
573,Friday,4,0,Night,1,1,1,1.0
573,Friday,4,1,Night,1,1,1,1.0
573,Friday,4,3,Night,1,1,1,1.0
573,Friday,4,7,Morning Rush,3,3,3,1.0
573,Friday,4,8,Morning Rush,1,1,0,0.0
573,Friday,4,11,Midday,2,2,0,0.0
573,Friday,4,13,Midday,1,1,0,0.0
573,Friday,4,14,Midday,1,1,0,0.0
573,Friday,4,15,Evening Rush,2,2,0,0.0
573,Friday,4,17,Evening Rush,1,1,1,1.0
573,Friday,4,18,Evening Rush,1,1,0,0.0
573,Friday,4,19,Evening,2,2,1,0.5
573,Monday,0,7,Morning Rush,1,1,0,0.0
573,Monday,0,8,Morning Rush,2,2,2,1.0
573,Monday,0,9,Morning Rush,1,1,1,1.0
573,Monday,0,11,Midday,1,1,0,0.0
573,Monday,0,13,Midday,1,1,0,0.0
573,Monday,0,15,Evening Rush,1,1,0,0.0
573,Monday,0,16,Evening Rush,1,1,0,0.0
573,Monday,0,17,Evening Rush,1,1,0,0.0
573,Monday,0,20,Evening,2,2,0,0.0
573,Saturday,5,9,Morning Rush,1,1,1,1.0
573,Saturday,5,10,Midday,1,1,0,0.0
573,Saturday,5,11,Midday,1,1,0,0.0
573,Saturday,5,12,Midday,4,4,0,0.0
573,Saturday,5,13,Midday,1,1,0,0.0
573,Saturday,5,19,Evening,2,2,1,0.5
573,Sunday,6,2,Night,2,2,2,1.0
573,Sunday,6,8,Morning Rush,1,1,1,1.0
573,Sunday,6,21,Evening,1,1,1,1.0
573,Sunday,6,22,Evening,1,1,1,1.0
573,Thursday,3,2,Night,1,1,0,0.0
573,Thursday,3,7,Morning Rush,1,1,1,1.0
573,Thursday,3,13,Midday,1,1,0,0.0
573,Thursday,3,14,Midday,1,1,0,0.0
573,Thursday,3,16,Evening Rush,1,1,0,0.0
573,Thursday,3,17,Evening Rush,1,1,0,0.0
573,Thursday,3,20,Evening,1,1,1,1.0
573,Thursday,3,21,Evening,1,1,1,1.0
573,Thursday,3,22,Evening,1,1,0,0.0
573,Tuesday,1,3,Night,1,1,1,1.0
573,Tuesday,1,6,Morning Rush,1,1,1,1.0
573,Tuesday,1,7,Morning Rush,3,3,2,0.6666666666666666
573,Tuesday,1,8,Morning Rush,3,3,0,0.0
573,Tuesday,1,14,Midday,1,1,0,0.0
573,Tuesday,1,16,Evening Rush,1,1,1,1.0
573,Tuesday,1,17,Evening Rush,1,1,1,1.0
573,Tuesday,1,18,Evening Rush,1,1,0,0.0
573,Tuesday,1,21,Evening,1,1,0,0.0
573,Tuesday,1,22,Evening,1,1,0,0.0
573,Wednesday,2,4,Night,1,1,0,0.0
573,Wednesday,2,5,Night,1,1,1,1.0
573,Wednesday,2,7,Morning Rush,1,1,0,0.0
573,Wednesday,2,10,Midday,1,1,0,0.0
573,Wednesday,2,16,Evening Rush,2,2,2,1.0
573,Wednesday,2,20,Evening,1,1,0,0.0
573,Wednesday,2,21,Evening,1,1,0,0.0
574,Friday,4,12,Midday,1,1,0,0.0
574,Friday,4,14,Midday,2,2,0,0.0
574,Friday,4,16,Evening Rush,1,1,1,1.0
574,Friday,4,19,Evening,1,1,0,0.0
574,Monday,0,16,Evening Rush,3,3,2,0.6666666666666666
574,Saturday,5,9,Morning Rush,1,1,0,0.0
574,Saturday,5,11,Midday,1,1,1,1.0
574,Saturday,5,18,Evening Rush,1,1,1,1.0
574,Thursday,3,9,Morning Rush,1,1,1,1.0
574,Thursday,3,12,Midday,1,1,0,0.0
574,Thursday,3,15,Evening Rush,1,1,0,0.0
574,Thursday,3,16,Evening Rush,2,2,0,0.0
574,Thursday,3,17,Evening Rush,1,1,1,1.0
574,Tuesday,1,8,Morning Rush,1,1,0,0.0
574,Tuesday,1,14,Midday,1,1,0,0.0
574,Tuesday,1,15,Evening Rush,1,1,0,0.0
574,Tuesday,1,16,Evening Rush,3,3,2,0.6666666666666666
574,Tuesday,1,17,Evening Rush,1,1,0,0.0
574,Tuesday,1,18,Evening Rush,4,4,0,0.0
574,Wednesday,2,8,Morning Rush,1,1,0,0.0
574,Wednesday,2,9,Morning Rush,1,1,1,1.0
574,Wednesday,2,12,Midday,2,2,0,0.0
574,Wednesday,2,15,Evening Rush,4,4,0,0.0
574,Wednesday,2,16,Evening Rush,1,1,0,0.0
574,Wednesday,2,17,Evening Rush,2,2,2,1.0
574,Wednesday,2,18,Evening Rush,1,1,0,0.0
575,Friday,4,0,Night,1,1,0,0.0
575,Friday,4,4,Night,1,1,0,0.0
575,Friday,4,8,Morning Rush,2,2,1,0.5
575,Friday,4,9,Morning Rush,1,1,1,1.0
575,Friday,4,16,Evening Rush,1,1,0,0.0
575,Friday,4,17,Evening Rush,1,1,0,0.0
575,Friday,4,20,Evening,1,1,0,0.0
575,Monday,0,6,Morning Rush,1,1,0,0.0
575,Monday,0,9,Morning Rush,1,1,0,0.0
575,Monday,0,18,Evening Rush,1,1,0,0.0
575,Monday,0,21,Evening,1,1,1,1.0
575,Monday,0,22,Evening,1,1,0,0.0
575,Saturday,5,18,Evening Rush,1,1,0,0.0
575,Sunday,6,12,Midday,1,1,0,0.0
575,Sunday,6,23,Evening,1,1,0,0.0
575,Thursday,3,16,Evening Rush,1,1,0,0.0
575,Thursday,3,17,Evening Rush,1,1,0,0.0
575,Tuesday,1,1,Night,1,1,1,1.0
575,Tuesday,1,5,Night,1,1,1,1.0
575,Tuesday,1,6,Morning Rush,1,1,1,1.0
575,Tuesday,1,8,Morning Rush,1,1,0,0.0
575,Tuesday,1,14,Midday,1,1,0,0.0
575,Tuesday,1,21,Evening,1,1,0,0.0
575,Wednesday,2,1,Night,2,2,0,0.0
575,Wednesday,2,12,Midday,1,1,0,0.0
575,Wednesday,2,18,Evening Rush,1,1,0,0.0
576,Friday,4,7,Morning Rush,1,1,1,1.0
576,Friday,4,11,Midday,1,1,0,0.0
576,Friday,4,13,Midday,2,2,0,0.0
576,Friday,4,15,Evening Rush,1,1,0,0.0
576,Friday,4,16,Evening Rush,2,2,0,0.0
576,Friday,4,17,Evening Rush,1,1,1,1.0
576,Monday,0,11,Midday,1,1,1,1.0
576,Monday,0,12,Midday,1,1,0,0.0
576,Monday,0,14,Midday,1,1,0,0.0
576,Monday,0,15,Evening Rush,2,2,1,0.5
576,Monday,0,16,Evening Rush,2,2,0,0.0
576,Monday,0,21,Evening,1,1,0,0.0
576,Saturday,5,9,Morning Rush,1,1,0,0.0
576,Saturday,5,12,Midday,1,1,1,1.0
576,Saturday,5,18,Evening Rush,1,1,1,1.0
576,Saturday,5,21,Evening,4,4,0,0.0
576,Thursday,3,8,Morning Rush,2,2,2,1.0
576,Thursday,3,12,Midday,1,1,1,1.0
576,Thursday,3,14,Midday,2,2,0,0.0
576,Thursday,3,15,Evening Rush,2,2,0,0.0
576,Thursday,3,16,Evening Rush,2,2,1,0.5
576,Thursday,3,18,Evening Rush,1,1,1,1.0
576,Thursday,3,22,Evening,1,1,0,0.0
576,Tuesday,1,4,Night,1,1,0,0.0
576,Tuesday,1,9,Morning Rush,1,1,0,0.0
576,Tuesday,1,15,Evening Rush,2,2,2,1.0
576,Tuesday,1,16,Evening Rush,1,1,0,0.0
576,Tuesday,1,17,Evening Rush,1,1,0,0.0
576,Tuesday,1,18,Evening Rush,1,1,0,0.0
576,Wednesday,2,8,Morning Rush,4,4,3,0.75
576,Wednesday,2,11,Midday,1,1,1,1.0
576,Wednesday,2,12,Midday,1,1,1,1.0
576,Wednesday,2,14,Midday,1,1,0,0.0
576,Wednesday,2,16,Evening Rush,1,1,0,0.0
577,Friday,4,1,Night,1,1,1,1.0
577,Friday,4,16,Evening Rush,1,1,1,1.0
577,Friday,4,21,Evening,1,1,0,0.0
577,Monday,0,2,Night,1,1,1,1.0
577,Monday,0,6,Morning Rush,2,2,2,1.0
577,Monday,0,19,Evening,1,1,0,0.0
577,Monday,0,22,Evening,2,2,1,0.5
577,Saturday,5,15,Evening Rush,1,1,1,1.0
577,Saturday,5,17,Evening Rush,2,2,0,0.0
577,Sunday,6,13,Midday,1,1,1,1.0
577,Sunday,6,15,Evening Rush,1,1,0,0.0
577,Sunday,6,16,Evening Rush,1,1,0,0.0
577,Sunday,6,17,Evening Rush,1,1,0,0.0
577,Sunday,6,18,Evening Rush,1,1,0,0.0
577,Thursday,3,0,Night,1,1,1,1.0
577,Thursday,3,11,Midday,1,1,1,1.0
577,Thursday,3,16,Evening Rush,2,2,0,0.0
577,Thursday,3,18,Evening Rush,1,1,1,1.0
577,Thursday,3,20,Evening,1,1,0,0.0
577,Thursday,3,21,Evening,1,1,1,1.0
577,Tuesday,1,7,Morning Rush,1,1,0,0.0
577,Tuesday,1,8,Morning Rush,1,1,0,0.0
577,Tuesday,1,19,Evening,1,1,0,0.0
577,Tuesday,1,20,Evening,1,1,0,0.0
577,Wednesday,2,13,Midday,1,1,0,0.0
577,Wednesday,2,15,Evening Rush,1,1,1,1.0
577,Wednesday,2,17,Evening Rush,1,1,1,1.0
577,Wednesday,2,18,Evening Rush,1,1,1,1.0
578,Friday,4,15,Evening Rush,1,1,0,0.0
578,Friday,4,18,Evening Rush,1,1,0,0.0
578,Friday,4,21,Evening,1,1,0,0.0
578,Monday,0,7,Morning Rush,2,2,1,0.5
578,Monday,0,9,Morning Rush,1,1,1,1.0
578,Thursday,3,1,Night,1,1,0,0.0
578,Thursday,3,7,Morning Rush,2,2,2,1.0
578,Thursday,3,8,Morning Rush,1,1,0,0.0
578,Thursday,3,14,Midday,2,2,2,1.0
578,Thursday,3,16,Evening Rush,1,1,0,0.0
578,Thursday,3,20,Evening,2,2,2,1.0
578,Tuesday,1,5,Night,2,2,2,1.0
578,Tuesday,1,8,Morning Rush,2,2,1,0.5
578,Tuesday,1,15,Evening Rush,1,1,0,0.0
578,Tuesday,1,16,Evening Rush,1,1,0,0.0
578,Tuesday,1,17,Evening Rush,1,1,0,0.0
578,Tuesday,1,18,Evening Rush,1,1,0,0.0
578,Wednesday,2,4,Night,1,1,1,1.0
578,Wednesday,2,13,Midday,1,1,0,0.0
579,Friday,4,10,Midday,1,1,1,1.0
579,Friday,4,17,Evening Rush,1,1,0,0.0
579,Friday,4,18,Evening Rush,2,2,1,0.5
579,Monday,0,7,Morning Rush,1,1,0,0.0
579,Monday,0,10,Midday,1,1,0,0.0
579,Monday,0,17,Evening Rush,1,1,0,0.0
579,Monday,0,19,Evening,1,1,1,1.0
579,Saturday,5,11,Midday,2,2,1,0.5
579,Saturday,5,16,Evening Rush,1,1,0,0.0
579,Saturday,5,18,Evening Rush,1,1,0,0.0
579,Sunday,6,8,Morning Rush,1,1,1,1.0
579,Sunday,6,17,Evening Rush,1,1,1,1.0
579,Thursday,3,7,Morning Rush,1,1,1,1.0
579,Thursday,3,10,Midday,1,1,1,1.0
579,Thursday,3,19,Evening,1,1,1,1.0
579,Thursday,3,20,Evening,1,1,1,1.0
579,Thursday,3,23,Evening,1,1,1,1.0
579,Tuesday,1,17,Evening Rush,1,1,0,0.0
579,Tuesday,1,18,Evening Rush,1,1,0,0.0
579,Tuesday,1,19,Evening,1,1,0,0.0
579,Wednesday,2,9,Morning Rush,1,1,1,1.0
579,Wednesday,2,15,Evening Rush,2,2,0,0.0
579,Wednesday,2,16,Evening Rush,1,1,0,0.0
579,Wednesday,2,20,Evening,1,1,1,1.0
580,Friday,4,9,Morning Rush,1,1,1,1.0
580,Friday,4,11,Midday,2,2,1,0.5
580,Friday,4,13,Midday,1,1,0,0.0
580,Friday,4,14,Midday,1,1,0,0.0
580,Friday,4,17,Evening Rush,1,1,0,0.0
580,Friday,4,18,Evening Rush,1,1,0,0.0
580,Monday,0,10,Midday,1,1,0,0.0
580,Monday,0,14,Midday,1,1,0,0.0
580,Monday,0,16,Evening Rush,1,1,0,0.0
580,Saturday,5,16,Evening Rush,1,1,1,1.0
580,Saturday,5,17,Evening Rush,1,1,1,1.0
580,Sunday,6,9,Morning Rush,1,1,0,0.0
580,Thursday,3,18,Evening Rush,1,1,0,0.0
580,Wednesday,2,12,Midday,3,3,0,0.0
580,Wednesday,2,14,Midday,1,1,0,0.0
580,Wednesday,2,15,Evening Rush,1,1,0,0.0
580,Wednesday,2,16,Evening Rush,1,1,0,0.0
581,Friday,4,12,Midday,1,1,0,0.0
581,Friday,4,14,Midday,1,1,0,0.0
581,Friday,4,15,Evening Rush,1,1,0,0.0
581,Monday,0,3,Night,1,1,0,0.0
581,Monday,0,8,Morning Rush,1,1,0,0.0
581,Monday,0,11,Midday,1,1,0,0.0
581,Saturday,5,7,Morning Rush,1,1,0,0.0
581,Saturday,5,9,Morning Rush,1,1,0,0.0
581,Saturday,5,11,Midday,2,2,1,0.5
581,Saturday,5,15,Evening Rush,1,1,0,0.0
581,Saturday,5,16,Evening Rush,1,1,0,0.0
581,Sunday,6,11,Midday,1,1,0,0.0
581,Thursday,3,9,Morning Rush,1,1,1,1.0
581,Thursday,3,15,Evening Rush,1,1,0,0.0
581,Thursday,3,18,Evening Rush,1,1,0,0.0
581,Thursday,3,19,Evening,1,1,0,0.0
581,Tuesday,1,13,Midday,1,1,1,1.0
581,Tuesday,1,16,Evening Rush,1,1,0,0.0
581,Tuesday,1,17,Evening Rush,1,1,0,0.0
581,Wednesday,2,14,Midday,1,1,0,0.0
581,Wednesday,2,15,Evening Rush,1,1,0,0.0
581,Wednesday,2,21,Evening,1,1,1,1.0
582,Friday,4,17,Evening Rush,1,1,0,0.0
582,Friday,4,20,Evening,2,2,1,0.5
582,Saturday,5,15,Evening Rush,1,1,0,0.0
582,Saturday,5,16,Evening Rush,1,1,0,0.0
582,Sunday,6,13,Midday,1,1,1,1.0
582,Sunday,6,16,Evening Rush,1,1,0,0.0
582,Sunday,6,18,Evening Rush,1,1,0,0.0
582,Sunday,6,19,Evening,1,1,0,0.0
582,Sunday,6,23,Evening,1,1,1,1.0
582,Thursday,3,3,Night,1,1,0,0.0
582,Thursday,3,14,Midday,1,1,0,0.0
582,Thursday,3,16,Evening Rush,1,1,0,0.0
582,Tuesday,1,9,Morning Rush,1,1,1,1.0
582,Tuesday,1,12,Midday,1,1,1,1.0
582,Tuesday,1,19,Evening,1,1,1,1.0
582,Wednesday,2,12,Midday,1,1,0,0.0
582,Wednesday,2,13,Midday,1,1,0,0.0
582,Wednesday,2,18,Evening Rush,1,1,1,1.0
582,Wednesday,2,19,Evening,1,1,0,0.0
583,Friday,4,11,Midday,2,2,1,0.5
583,Friday,4,12,Midday,2,2,1,0.5
583,Friday,4,20,Evening,1,1,1,1.0
583,Monday,0,11,Midday,1,1,1,1.0
583,Monday,0,13,Midday,1,1,0,0.0
583,Monday,0,15,Evening Rush,1,1,1,1.0
583,Monday,0,16,Evening Rush,1,1,0,0.0
583,Monday,0,17,Evening Rush,1,1,0,0.0
583,Saturday,5,6,Morning Rush,1,1,1,1.0
583,Saturday,5,9,Morning Rush,2,2,0,0.0
583,Saturday,5,13,Midday,1,1,1,1.0
583,Saturday,5,14,Midday,1,1,0,0.0
583,Saturday,5,20,Evening,1,1,1,1.0
583,Sunday,6,1,Night,1,1,1,1.0
583,Sunday,6,10,Midday,1,1,0,0.0
583,Sunday,6,20,Evening,1,1,1,1.0
583,Thursday,3,10,Midday,1,1,0,0.0
583,Thursday,3,22,Evening,1,1,0,0.0
583,Tuesday,1,11,Midday,1,1,0,0.0
583,Tuesday,1,16,Evening Rush,1,1,1,1.0
583,Tuesday,1,17,Evening Rush,1,1,0,0.0
583,Tuesday,1,18,Evening Rush,1,1,1,1.0
583,Tuesday,1,20,Evening,2,2,2,1.0
584,Friday,4,7,Morning Rush,1,1,1,1.0
584,Friday,4,9,Morning Rush,1,1,0,0.0
584,Friday,4,14,Midday,2,2,1,0.5
584,Friday,4,21,Evening,1,1,0,0.0
584,Monday,0,21,Evening,1,1,0,0.0
584,Saturday,5,2,Night,2,2,0,0.0
584,Sunday,6,0,Night,2,2,1,0.5
584,Sunday,6,2,Night,1,1,0,0.0
584,Sunday,6,13,Midday,1,1,1,1.0
584,Thursday,3,11,Midday,1,1,0,0.0
584,Thursday,3,12,Midday,1,1,1,1.0
584,Thursday,3,16,Evening Rush,1,1,0,0.0
584,Thursday,3,18,Evening Rush,1,1,0,0.0
584,Tuesday,1,12,Midday,1,1,0,0.0
584,Tuesday,1,16,Evening Rush,1,1,0,0.0
584,Tuesday,1,18,Evening Rush,1,1,0,0.0
584,Tuesday,1,20,Evening,1,1,1,1.0
584,Tuesday,1,21,Evening,1,1,1,1.0
584,Wednesday,2,9,Morning Rush,1,1,1,1.0
584,Wednesday,2,11,Midday,1,1,1,1.0
584,Wednesday,2,12,Midday,1,1,0,0.0
584,Wednesday,2,17,Evening Rush,1,1,0,0.0
584,Wednesday,2,18,Evening Rush,1,1,0,0.0
585,Friday,4,6,Morning Rush,1,1,1,1.0
585,Friday,4,7,Morning Rush,1,1,1,1.0
585,Friday,4,8,Morning Rush,1,1,1,1.0
585,Friday,4,13,Midday,2,2,1,0.5
585,Friday,4,15,Evening Rush,3,3,0,0.0
585,Friday,4,16,Evening Rush,5,5,4,0.8
585,Friday,4,17,Evening Rush,7,7,0,0.0
585,Friday,4,18,Evening Rush,3,3,1,0.3333333333333333
585,Friday,4,19,Evening,1,1,0,0.0
585,Friday,4,21,Evening,1,1,1,1.0
585,Monday,0,6,Morning Rush,2,2,1,0.5
585,Monday,0,7,Morning Rush,3,3,2,0.6666666666666666
585,Monday,0,9,Morning Rush,1,1,1,1.0
585,Monday,0,10,Midday,1,1,1,1.0
585,Monday,0,11,Midday,1,1,1,1.0
585,Monday,0,12,Midday,3,3,2,0.6666666666666666
585,Monday,0,16,Evening Rush,2,2,0,0.0
585,Monday,0,17,Evening Rush,4,4,0,0.0
585,Monday,0,19,Evening,2,2,1,0.5
585,Monday,0,23,Evening,1,1,1,1.0
585,Saturday,5,0,Night,1,1,0,0.0
585,Saturday,5,8,Morning Rush,1,1,1,1.0
585,Saturday,5,11,Midday,1,1,1,1.0
585,Saturday,5,12,Midday,2,2,0,0.0
585,Saturday,5,15,Evening Rush,2,2,0,0.0
585,Saturday,5,17,Evening Rush,4,4,2,0.5
585,Saturday,5,18,Evening Rush,3,3,2,0.6666666666666666
585,Saturday,5,20,Evening,1,1,0,0.0
585,Sunday,6,0,Night,1,1,1,1.0
585,Sunday,6,13,Midday,1,1,0,0.0
585,Sunday,6,14,Midday,1,1,0,0.0
585,Sunday,6,18,Evening Rush,3,3,1,0.3333333333333333
585,Sunday,6,21,Evening,1,1,0,0.0
585,Sunday,6,23,Evening,1,1,0,0.0
585,Thursday,3,7,Morning Rush,4,4,2,0.5
585,Thursday,3,8,Morning Rush,1,1,1,1.0
585,Thursday,3,9,Morning Rush,1,1,0,0.0
585,Thursday,3,10,Midday,1,1,1,1.0
585,Thursday,3,15,Evening Rush,5,5,2,0.4
585,Thursday,3,16,Evening Rush,2,2,0,0.0
585,Thursday,3,17,Evening Rush,3,3,2,0.6666666666666666
585,Thursday,3,19,Evening,1,1,0,0.0
585,Thursday,3,20,Evening,1,1,0,0.0
585,Thursday,3,21,Evening,1,1,1,1.0
585,Tuesday,1,7,Morning Rush,2,2,1,0.5
585,Tuesday,1,9,Morning Rush,3,3,3,1.0
585,Tuesday,1,11,Midday,2,2,2,1.0
585,Tuesday,1,12,Midday,1,1,0,0.0
585,Tuesday,1,15,Evening Rush,1,1,0,0.0
585,Tuesday,1,16,Evening Rush,5,5,1,0.2
585,Tuesday,1,17,Evening Rush,5,5,1,0.2
585,Tuesday,1,18,Evening Rush,1,1,0,0.0
585,Tuesday,1,21,Evening,1,1,0,0.0
585,Wednesday,2,6,Morning Rush,1,1,1,1.0
585,Wednesday,2,7,Morning Rush,1,1,0,0.0
585,Wednesday,2,8,Morning Rush,1,1,0,0.0
585,Wednesday,2,9,Morning Rush,3,3,1,0.3333333333333333
585,Wednesday,2,11,Midday,1,1,1,1.0
585,Wednesday,2,12,Midday,1,1,1,1.0
585,Wednesday,2,15,Evening Rush,5,5,3,0.6
585,Wednesday,2,16,Evening Rush,4,4,1,0.25
585,Wednesday,2,17,Evening Rush,3,3,0,0.0
585,Wednesday,2,18,Evening Rush,2,2,1,0.5
585,Wednesday,2,19,Evening,1,1,0,0.0
585,Wednesday,2,20,Evening,2,2,1,0.5
585,Wednesday,2,23,Evening,1,1,0,0.0
586,Friday,4,8,Morning Rush,1,1,1,1.0
586,Friday,4,18,Evening Rush,1,1,0,0.0
586,Monday,0,8,Morning Rush,1,1,0,0.0
586,Monday,0,9,Morning Rush,1,1,1,1.0
586,Monday,0,15,Evening Rush,1,1,1,1.0
586,Monday,0,16,Evening Rush,1,1,0,0.0
586,Monday,0,19,Evening,1,1,0,0.0
586,Monday,0,20,Evening,1,1,0,0.0
586,Saturday,5,10,Midday,1,1,1,1.0
586,Saturday,5,11,Midday,1,1,0,0.0
586,Saturday,5,13,Midday,1,1,0,0.0
586,Saturday,5,14,Midday,2,2,0,0.0
586,Saturday,5,17,Evening Rush,2,2,0,0.0
586,Saturday,5,19,Evening,1,1,0,0.0
586,Saturday,5,22,Evening,1,1,1,1.0
586,Sunday,6,2,Night,1,1,0,0.0
586,Sunday,6,3,Night,3,3,1,0.3333333333333333
586,Sunday,6,5,Night,2,2,2,1.0
586,Sunday,6,15,Evening Rush,1,1,1,1.0
586,Sunday,6,18,Evening Rush,1,1,1,1.0
586,Thursday,3,8,Morning Rush,1,1,0,0.0
586,Thursday,3,14,Midday,1,1,0,0.0
586,Thursday,3,16,Evening Rush,3,3,0,0.0
586,Thursday,3,22,Evening,1,1,0,0.0
586,Tuesday,1,6,Morning Rush,1,1,0,0.0
586,Tuesday,1,8,Morning Rush,1,1,1,1.0
586,Tuesday,1,9,Morning Rush,1,1,1,1.0
586,Tuesday,1,19,Evening,1,1,1,1.0
586,Tuesday,1,20,Evening,1,1,1,1.0
586,Wednesday,2,7,Morning Rush,1,1,0,0.0
586,Wednesday,2,10,Midday,1,1,1,1.0
586,Wednesday,2,11,Midday,1,1,1,1.0
586,Wednesday,2,15,Evening Rush,1,1,0,0.0
586,Wednesday,2,17,Evening Rush,1,1,0,0.0
586,Wednesday,2,20,Evening,1,1,0,0.0
587,Friday,4,5,Night,1,1,0,0.0
587,Friday,4,8,Morning Rush,1,1,1,1.0
587,Friday,4,12,Midday,1,1,1,1.0
587,Friday,4,13,Midday,1,1,0,0.0
587,Monday,0,3,Night,1,1,1,1.0
587,Monday,0,14,Midday,1,1,1,1.0
587,Monday,0,16,Evening Rush,1,1,1,1.0
587,Saturday,5,1,Night,1,1,0,0.0
587,Saturday,5,9,Morning Rush,1,1,1,1.0
587,Saturday,5,10,Midday,1,1,1,1.0
587,Sunday,6,19,Evening,1,1,0,0.0
587,Sunday,6,22,Evening,1,1,1,1.0
587,Thursday,3,8,Morning Rush,1,1,1,1.0
587,Thursday,3,13,Midday,1,1,0,0.0
587,Tuesday,1,6,Morning Rush,1,1,0,0.0
587,Tuesday,1,17,Evening Rush,1,1,1,1.0
587,Tuesday,1,19,Evening,1,1,1,1.0
587,Tuesday,1,21,Evening,1,1,0,0.0
587,Wednesday,2,8,Morning Rush,1,1,1,1.0
587,Wednesday,2,17,Evening Rush,2,2,0,0.0
588,Friday,4,12,Midday,1,1,1,1.0
588,Friday,4,13,Midday,1,1,0,0.0
588,Friday,4,14,Midday,1,1,1,1.0
588,Friday,4,15,Evening Rush,1,1,0,0.0
588,Friday,4,19,Evening,1,1,0,0.0
588,Monday,0,13,Midday,1,1,1,1.0
588,Monday,0,18,Evening Rush,1,1,0,0.0
588,Saturday,5,11,Midday,1,1,0,0.0
588,Sunday,6,3,Night,1,1,1,1.0
588,Sunday,6,8,Morning Rush,1,1,0,0.0
588,Sunday,6,14,Midday,1,1,1,1.0
588,Sunday,6,15,Evening Rush,1,1,0,0.0
588,Thursday,3,10,Midday,1,1,1,1.0
588,Thursday,3,15,Evening Rush,1,1,1,1.0
588,Thursday,3,16,Evening Rush,1,1,0,0.0
588,Thursday,3,22,Evening,1,1,1,1.0
588,Tuesday,1,2,Night,1,1,1,1.0
588,Tuesday,1,3,Night,1,1,0,0.0
588,Tuesday,1,8,Morning Rush,1,1,1,1.0
588,Tuesday,1,16,Evening Rush,1,1,0,0.0
588,Tuesday,1,17,Evening Rush,1,1,1,1.0
588,Tuesday,1,22,Evening,1,1,1,1.0
588,Wednesday,2,6,Morning Rush,1,1,1,1.0
588,Wednesday,2,7,Morning Rush,2,2,1,0.5
588,Wednesday,2,17,Evening Rush,1,1,0,0.0
589,Friday,4,11,Midday,1,1,0,0.0
589,Monday,0,6,Morning Rush,1,1,0,0.0
589,Monday,0,17,Evening Rush,1,1,0,0.0
589,Monday,0,20,Evening,1,1,1,1.0
589,Saturday,5,6,Morning Rush,1,1,0,0.0
589,Saturday,5,8,Morning Rush,1,1,0,0.0
589,Saturday,5,13,Midday,1,1,0,0.0
589,Sunday,6,10,Midday,1,1,0,0.0
589,Sunday,6,14,Midday,1,1,1,1.0
589,Sunday,6,15,Evening Rush,1,1,0,0.0
589,Thursday,3,6,Morning Rush,1,1,0,0.0
589,Thursday,3,16,Evening Rush,1,1,0,0.0
589,Tuesday,1,15,Evening Rush,1,1,0,0.0
589,Tuesday,1,16,Evening Rush,1,1,0,0.0
589,Tuesday,1,17,Evening Rush,1,1,0,0.0
589,Tuesday,1,20,Evening,2,2,1,0.5
589,Wednesday,2,10,Midday,1,1,1,1.0
589,Wednesday,2,12,Midday,1,1,0,0.0
589,Wednesday,2,16,Evening Rush,1,1,0,0.0
590,Friday,4,9,Morning Rush,1,1,0,0.0
590,Friday,4,11,Midday,1,1,0,0.0
590,Friday,4,15,Evening Rush,2,2,1,0.5
590,Friday,4,16,Evening Rush,1,1,0,0.0
590,Monday,0,10,Midday,1,1,1,1.0
590,Monday,0,11,Midday,1,1,1,1.0
590,Saturday,5,7,Morning Rush,1,1,0,0.0
590,Saturday,5,12,Midday,1,1,1,1.0
590,Saturday,5,13,Midday,1,1,0,0.0
590,Saturday,5,14,Midday,1,1,0,0.0
590,Sunday,6,8,Morning Rush,1,1,1,1.0
590,Sunday,6,11,Midday,1,1,1,1.0
590,Thursday,3,14,Midday,2,2,1,0.5
590,Thursday,3,15,Evening Rush,1,1,0,0.0
590,Thursday,3,18,Evening Rush,1,1,1,1.0
590,Tuesday,1,16,Evening Rush,1,1,0,0.0
590,Wednesday,2,16,Evening Rush,1,1,1,1.0
590,Wednesday,2,23,Evening,1,1,0,0.0
591,Friday,4,13,Midday,1,1,1,1.0
591,Friday,4,15,Evening Rush,1,1,0,0.0
591,Friday,4,18,Evening Rush,1,1,1,1.0
591,Friday,4,20,Evening,1,1,1,1.0
591,Friday,4,21,Evening,1,1,0,0.0
591,Monday,0,6,Morning Rush,1,1,1,1.0
591,Monday,0,8,Morning Rush,1,1,1,1.0
591,Monday,0,12,Midday,1,1,0,0.0
591,Monday,0,16,Evening Rush,1,1,1,1.0
591,Monday,0,17,Evening Rush,1,1,1,1.0
591,Monday,0,18,Evening Rush,1,1,0,0.0
591,Monday,0,19,Evening,1,1,0,0.0
591,Monday,0,20,Evening,1,1,1,1.0
591,Saturday,5,15,Evening Rush,1,1,0,0.0
591,Saturday,5,20,Evening,1,1,1,1.0
591,Saturday,5,22,Evening,2,2,0,0.0
591,Thursday,3,7,Morning Rush,1,1,0,0.0
591,Thursday,3,8,Morning Rush,1,1,0,0.0
591,Thursday,3,9,Morning Rush,1,1,0,0.0
591,Thursday,3,11,Midday,1,1,0,0.0
591,Thursday,3,13,Midday,1,1,1,1.0
591,Thursday,3,16,Evening Rush,1,1,0,0.0
591,Thursday,3,22,Evening,1,1,0,0.0
591,Tuesday,1,7,Morning Rush,1,1,0,0.0
591,Tuesday,1,15,Evening Rush,1,1,0,0.0
591,Tuesday,1,17,Evening Rush,1,1,0,0.0
591,Tuesday,1,20,Evening,2,2,0,0.0
591,Wednesday,2,16,Evening Rush,1,1,0,0.0
591,Wednesday,2,17,Evening Rush,1,1,1,1.0
591,Wednesday,2,18,Evening Rush,1,1,1,1.0
592,Friday,4,5,Night,1,1,0,0.0
592,Friday,4,10,Midday,2,2,1,0.5
592,Monday,0,12,Midday,1,1,1,1.0
592,Monday,0,18,Evening Rush,1,1,0,0.0
592,Saturday,5,7,Morning Rush,1,1,0,0.0
592,Saturday,5,11,Midday,1,1,1,1.0
592,Saturday,5,17,Evening Rush,1,1,0,0.0
592,Sunday,6,0,Night,1,1,0,0.0
592,Sunday,6,2,Night,1,1,1,1.0
592,Sunday,6,9,Morning Rush,1,1,0,0.0
592,Sunday,6,15,Evening Rush,1,1,0,0.0
592,Sunday,6,16,Evening Rush,1,1,0,0.0
592,Thursday,3,10,Midday,1,1,0,0.0
592,Thursday,3,11,Midday,2,2,2,1.0
592,Thursday,3,16,Evening Rush,1,1,0,0.0
592,Thursday,3,17,Evening Rush,1,1,0,0.0
592,Thursday,3,19,Evening,1,1,1,1.0
592,Thursday,3,20,Evening,1,1,0,0.0
592,Tuesday,1,5,Night,2,2,1,0.5
592,Tuesday,1,7,Morning Rush,1,1,0,0.0
592,Tuesday,1,11,Midday,1,1,1,1.0
592,Tuesday,1,13,Midday,1,1,0,0.0
592,Tuesday,1,14,Midday,1,1,0,0.0
592,Tuesday,1,15,Evening Rush,2,2,0,0.0
592,Tuesday,1,18,Evening Rush,1,1,0,0.0
592,Tuesday,1,20,Evening,1,1,0,0.0
593,Friday,4,10,Midday,1,1,1,1.0
593,Friday,4,13,Midday,1,1,1,1.0
593,Friday,4,14,Midday,1,1,0,0.0
593,Friday,4,22,Evening,2,2,0,0.0
593,Monday,0,6,Morning Rush,1,1,0,0.0
593,Monday,0,9,Morning Rush,1,1,0,0.0
593,Monday,0,17,Evening Rush,1,1,1,1.0
593,Monday,0,20,Evening,1,1,1,1.0
593,Monday,0,22,Evening,1,1,0,0.0
593,Saturday,5,9,Morning Rush,1,1,0,0.0
593,Thursday,3,17,Evening Rush,1,1,0,0.0
593,Thursday,3,21,Evening,1,1,1,1.0
593,Tuesday,1,10,Midday,1,1,1,1.0
593,Tuesday,1,13,Midday,1,1,0,0.0
593,Tuesday,1,17,Evening Rush,2,2,1,0.5
593,Tuesday,1,18,Evening Rush,1,1,0,0.0
593,Wednesday,2,1,Night,1,1,1,1.0
593,Wednesday,2,10,Midday,1,1,0,0.0
593,Wednesday,2,11,Midday,1,1,0,0.0
593,Wednesday,2,12,Midday,2,2,0,0.0
593,Wednesday,2,16,Evening Rush,1,1,1,1.0
593,Wednesday,2,18,Evening Rush,1,1,0,0.0
593,Wednesday,2,19,Evening,1,1,0,0.0
594,Friday,4,8,Morning Rush,1,1,0,0.0
594,Friday,4,10,Midday,1,1,0,0.0
594,Friday,4,11,Midday,1,1,1,1.0
594,Friday,4,12,Midday,1,1,0,0.0
594,Friday,4,15,Evening Rush,1,1,0,0.0
594,Friday,4,17,Evening Rush,1,1,0,0.0
594,Friday,4,18,Evening Rush,1,1,1,1.0
594,Monday,0,10,Midday,1,1,0,0.0
594,Monday,0,14,Midday,2,2,0,0.0
594,Monday,0,16,Evening Rush,2,2,0,0.0
594,Monday,0,17,Evening Rush,1,1,0,0.0
594,Monday,0,21,Evening,1,1,0,0.0
594,Saturday,5,17,Evening Rush,1,1,0,0.0
594,Saturday,5,21,Evening,2,2,0,0.0
594,Sunday,6,16,Evening Rush,1,1,0,0.0
594,Thursday,3,7,Morning Rush,1,1,1,1.0
594,Thursday,3,16,Evening Rush,2,2,1,0.5
594,Thursday,3,17,Evening Rush,1,1,1,1.0
594,Thursday,3,18,Evening Rush,1,1,0,0.0
594,Tuesday,1,10,Midday,1,1,0,0.0
594,Tuesday,1,12,Midday,1,1,0,0.0
594,Tuesday,1,15,Evening Rush,2,2,0,0.0
594,Tuesday,1,16,Evening Rush,1,1,0,0.0
594,Tuesday,1,18,Evening Rush,1,1,0,0.0
594,Wednesday,2,7,Morning Rush,1,1,1,1.0
595,Friday,4,14,Midday,1,1,1,1.0
595,Monday,0,6,Morning Rush,1,1,0,0.0
595,Saturday,5,10,Midday,1,1,0,0.0
595,Saturday,5,15,Evening Rush,2,2,2,1.0
595,Sunday,6,12,Midday,1,1,1,1.0
595,Sunday,6,13,Midday,1,1,1,1.0
595,Thursday,3,9,Morning Rush,1,1,1,1.0
595,Thursday,3,21,Evening,1,1,0,0.0
595,Tuesday,1,8,Morning Rush,2,2,1,0.5
595,Tuesday,1,9,Morning Rush,3,3,1,0.3333333333333333
595,Tuesday,1,11,Midday,1,1,0,0.0
595,Tuesday,1,17,Evening Rush,1,1,1,1.0
595,Wednesday,2,3,Night,1,1,0,0.0
595,Wednesday,2,10,Midday,1,1,0,0.0
595,Wednesday,2,11,Midday,1,1,0,0.0
595,Wednesday,2,12,Midday,1,1,0,0.0
595,Wednesday,2,13,Midday,1,1,0,0.0
596,Friday,4,15,Evening Rush,1,1,1,1.0
596,Friday,4,16,Evening Rush,1,1,1,1.0
596,Monday,0,7,Morning Rush,1,1,1,1.0
596,Monday,0,12,Midday,1,1,0,0.0
596,Saturday,5,10,Midday,1,1,1,1.0
596,Saturday,5,12,Midday,1,1,0,0.0
596,Saturday,5,18,Evening Rush,1,1,1,1.0
596,Sunday,6,15,Evening Rush,1,1,0,0.0
596,Thursday,3,6,Morning Rush,1,1,0,0.0
596,Thursday,3,7,Morning Rush,1,1,1,1.0
596,Thursday,3,16,Evening Rush,1,1,0,0.0
596,Thursday,3,23,Evening,1,1,0,0.0
596,Tuesday,1,14,Midday,1,1,0,0.0
596,Tuesday,1,15,Evening Rush,2,2,1,0.5
596,Tuesday,1,16,Evening Rush,1,1,1,1.0
596,Tuesday,1,17,Evening Rush,1,1,1,1.0
596,Tuesday,1,18,Evening Rush,1,1,1,1.0
596,Wednesday,2,12,Midday,2,2,1,0.5
596,Wednesday,2,16,Evening Rush,1,1,0,0.0
596,Wednesday,2,18,Evening Rush,1,1,0,0.0
597,Friday,4,6,Morning Rush,2,2,2,1.0
597,Friday,4,7,Morning Rush,1,1,1,1.0
597,Friday,4,10,Midday,1,1,0,0.0
597,Friday,4,11,Midday,2,2,2,1.0
597,Friday,4,17,Evening Rush,1,1,0,0.0
597,Monday,0,2,Night,1,1,1,1.0
597,Monday,0,7,Morning Rush,1,1,1,1.0
597,Monday,0,14,Midday,1,1,0,0.0
597,Saturday,5,10,Midday,3,3,1,0.3333333333333333
597,Saturday,5,11,Midday,2,2,1,0.5
597,Saturday,5,14,Midday,1,1,0,0.0
597,Sunday,6,13,Midday,1,1,0,0.0
597,Sunday,6,17,Evening Rush,1,1,0,0.0
597,Thursday,3,8,Morning Rush,1,1,1,1.0
597,Thursday,3,11,Midday,1,1,0,0.0
597,Thursday,3,18,Evening Rush,1,1,0,0.0
597,Tuesday,1,6,Morning Rush,1,1,0,0.0
597,Tuesday,1,7,Morning Rush,1,1,1,1.0
597,Tuesday,1,15,Evening Rush,1,1,0,0.0
597,Tuesday,1,16,Evening Rush,1,1,0,0.0
597,Tuesday,1,17,Evening Rush,1,1,0,0.0
597,Tuesday,1,18,Evening Rush,2,2,1,0.5
597,Wednesday,2,2,Night,1,1,0,0.0
597,Wednesday,2,7,Morning Rush,2,2,2,1.0
597,Wednesday,2,9,Morning Rush,1,1,0,0.0
597,Wednesday,2,12,Midday,1,1,0,0.0
597,Wednesday,2,15,Evening Rush,2,2,1,0.5
597,Wednesday,2,16,Evening Rush,1,1,0,0.0
598,Friday,4,6,Morning Rush,1,1,0,0.0
598,Friday,4,10,Midday,1,1,1,1.0
598,Friday,4,16,Evening Rush,1,1,1,1.0
598,Friday,4,18,Evening Rush,1,1,0,0.0
598,Friday,4,20,Evening,1,1,0,0.0
598,Monday,0,6,Morning Rush,1,1,1,1.0
598,Monday,0,9,Morning Rush,1,1,1,1.0
598,Monday,0,11,Midday,1,1,0,0.0
598,Monday,0,14,Midday,3,3,0,0.0
598,Monday,0,19,Evening,1,1,0,0.0
598,Saturday,5,11,Midday,1,1,1,1.0
598,Saturday,5,17,Evening Rush,1,1,1,1.0
598,Saturday,5,18,Evening Rush,1,1,0,0.0
598,Sunday,6,14,Midday,1,1,1,1.0
598,Sunday,6,15,Evening Rush,1,1,1,1.0
598,Thursday,3,1,Night,1,1,0,0.0
598,Thursday,3,14,Midday,1,1,0,0.0
598,Thursday,3,15,Evening Rush,2,2,0,0.0
598,Tuesday,1,13,Midday,1,1,1,1.0
598,Wednesday,2,12,Midday,1,1,0,0.0
598,Wednesday,2,16,Evening Rush,1,1,0,0.0
598,Wednesday,2,17,Evening Rush,1,1,1,1.0
598,Wednesday,2,18,Evening Rush,1,1,0,0.0
599,Friday,4,12,Midday,1,1,0,0.0
599,Friday,4,13,Midday,1,1,0,0.0
599,Friday,4,15,Evening Rush,2,2,1,0.5
599,Monday,0,11,Midday,1,1,0,0.0
599,Monday,0,14,Midday,2,2,0,0.0
599,Monday,0,16,Evening Rush,1,1,0,0.0
599,Monday,0,17,Evening Rush,1,1,0,0.0
599,Monday,0,20,Evening,1,1,0,0.0
599,Saturday,5,13,Midday,1,1,0,0.0
599,Saturday,5,20,Evening,1,1,1,1.0
599,Sunday,6,13,Midday,1,1,1,1.0
599,Sunday,6,14,Midday,1,1,0,0.0
599,Sunday,6,19,Evening,1,1,0,0.0
599,Thursday,3,11,Midday,1,1,1,1.0
599,Thursday,3,15,Evening Rush,1,1,0,0.0
599,Thursday,3,19,Evening,1,1,1,1.0
599,Tuesday,1,8,Morning Rush,1,1,1,1.0
599,Tuesday,1,10,Midday,2,2,0,0.0
599,Tuesday,1,11,Midday,1,1,0,0.0
599,Tuesday,1,14,Midday,1,1,0,0.0
599,Tuesday,1,15,Evening Rush,1,1,0,0.0
599,Tuesday,1,16,Evening Rush,1,1,1,1.0
599,Tuesday,1,17,Evening Rush,2,2,1,0.5
599,Tuesday,1,18,Evening Rush,2,2,0,0.0
599,Wednesday,2,9,Morning Rush,1,1,0,0.0
599,Wednesday,2,15,Evening Rush,1,1,0,0.0
599,Wednesday,2,17,Evening Rush,1,1,0,0.0
600,Friday,4,8,Morning Rush,1,1,0,0.0
600,Friday,4,12,Midday,1,1,0,0.0
600,Friday,4,16,Evening Rush,1,1,0,0.0
600,Monday,0,12,Midday,1,1,0,0.0
600,Monday,0,13,Midday,1,1,1,1.0
600,Monday,0,15,Evening Rush,1,1,0,0.0
600,Monday,0,16,Evening Rush,2,2,0,0.0
600,Monday,0,17,Evening Rush,2,2,1,0.5
600,Saturday,5,14,Midday,1,1,1,1.0
600,Saturday,5,15,Evening Rush,2,2,0,0.0
600,Saturday,5,17,Evening Rush,1,1,0,0.0
600,Sunday,6,14,Midday,1,1,0,0.0
600,Thursday,3,7,Morning Rush,1,1,0,0.0
600,Thursday,3,9,Morning Rush,2,2,0,0.0
600,Thursday,3,12,Midday,1,1,0,0.0
600,Thursday,3,13,Midday,1,1,0,0.0
600,Thursday,3,14,Midday,1,1,0,0.0
600,Thursday,3,17,Evening Rush,4,4,1,0.25
600,Thursday,3,18,Evening Rush,1,1,1,1.0
600,Thursday,3,21,Evening,2,2,2,1.0
600,Tuesday,1,7,Morning Rush,1,1,0,0.0
600,Tuesday,1,10,Midday,1,1,0,0.0
600,Tuesday,1,14,Midday,2,2,0,0.0
600,Tuesday,1,15,Evening Rush,4,4,0,0.0
600,Tuesday,1,16,Evening Rush,3,3,2,0.6666666666666666
600,Tuesday,1,17,Evening Rush,2,2,0,0.0
600,Tuesday,1,19,Evening,1,1,1,1.0
600,Wednesday,2,6,Morning Rush,1,1,1,1.0
600,Wednesday,2,11,Midday,1,1,0,0.0
600,Wednesday,2,15,Evening Rush,1,1,0,0.0
600,Wednesday,2,16,Evening Rush,1,1,0,0.0
600,Wednesday,2,17,Evening Rush,4,4,1,0.25
600,Wednesday,2,18,Evening Rush,1,1,1,1.0
601,Friday,4,10,Midday,1,1,0,0.0
601,Friday,4,12,Midday,2,2,2,1.0
601,Friday,4,14,Midday,1,1,0,0.0
601,Friday,4,15,Evening Rush,3,3,0,0.0
601,Friday,4,17,Evening Rush,1,1,0,0.0
601,Friday,4,19,Evening,1,1,1,1.0
601,Monday,0,7,Morning Rush,4,4,2,0.5
601,Monday,0,9,Morning Rush,1,1,1,1.0
601,Monday,0,12,Midday,1,1,0,0.0
601,Monday,0,15,Evening Rush,3,3,0,0.0
601,Monday,0,16,Evening Rush,1,1,0,0.0
601,Monday,0,18,Evening Rush,3,3,1,0.3333333333333333
601,Saturday,5,7,Morning Rush,1,1,1,1.0
601,Saturday,5,12,Midday,1,1,1,1.0
601,Saturday,5,17,Evening Rush,1,1,0,0.0
601,Saturday,5,19,Evening,1,1,1,1.0
601,Sunday,6,10,Midday,1,1,0,0.0
601,Thursday,3,7,Morning Rush,2,2,2,1.0
601,Thursday,3,8,Morning Rush,1,1,1,1.0
601,Thursday,3,9,Morning Rush,1,1,0,0.0
601,Thursday,3,16,Evening Rush,1,1,0,0.0
601,Thursday,3,18,Evening Rush,1,1,0,0.0
601,Thursday,3,21,Evening,1,1,1,1.0
601,Tuesday,1,7,Morning Rush,1,1,0,0.0
601,Tuesday,1,8,Morning Rush,2,2,1,0.5
601,Tuesday,1,10,Midday,2,2,1,0.5
601,Tuesday,1,12,Midday,2,2,2,1.0
601,Tuesday,1,14,Midday,2,2,1,0.5
601,Tuesday,1,16,Evening Rush,2,2,1,0.5
601,Tuesday,1,17,Evening Rush,1,1,0,0.0
601,Wednesday,2,7,Morning Rush,1,1,0,0.0
601,Wednesday,2,8,Morning Rush,5,5,4,0.8
601,Wednesday,2,9,Morning Rush,1,1,1,1.0
601,Wednesday,2,11,Midday,2,2,2,1.0
601,Wednesday,2,12,Midday,1,1,0,0.0
601,Wednesday,2,14,Midday,1,1,1,1.0
601,Wednesday,2,15,Evening Rush,1,1,0,0.0
601,Wednesday,2,17,Evening Rush,1,1,0,0.0
601,Wednesday,2,18,Evening Rush,1,1,0,0.0
601,Wednesday,2,21,Evening,1,1,1,1.0
602,Friday,4,6,Morning Rush,1,1,1,1.0
602,Friday,4,14,Midday,1,1,1,1.0
602,Friday,4,16,Evening Rush,2,2,2,1.0
602,Friday,4,18,Evening Rush,3,3,2,0.6666666666666666
602,Friday,4,19,Evening,1,1,1,1.0
602,Friday,4,20,Evening,1,1,0,0.0
602,Friday,4,22,Evening,1,1,0,0.0
602,Friday,4,23,Evening,1,1,0,0.0
602,Monday,0,7,Morning Rush,1,1,1,1.0
602,Monday,0,9,Morning Rush,1,1,0,0.0
602,Monday,0,10,Midday,1,1,1,1.0
602,Monday,0,13,Midday,1,1,0,0.0
602,Monday,0,14,Midday,1,1,0,0.0
602,Monday,0,18,Evening Rush,1,1,0,0.0
602,Monday,0,21,Evening,1,1,0,0.0
602,Saturday,5,0,Night,2,2,2,1.0
602,Saturday,5,5,Night,1,1,0,0.0
602,Saturday,5,17,Evening Rush,1,1,0,0.0
602,Saturday,5,19,Evening,1,1,0,0.0
602,Sunday,6,3,Night,1,1,0,0.0
602,Sunday,6,12,Midday,1,1,0,0.0
602,Sunday,6,15,Evening Rush,1,1,0,0.0
602,Thursday,3,14,Midday,1,1,0,0.0
602,Thursday,3,15,Evening Rush,1,1,0,0.0
602,Thursday,3,19,Evening,1,1,0,0.0
602,Thursday,3,23,Evening,1,1,1,1.0
602,Tuesday,1,7,Morning Rush,2,2,1,0.5
602,Tuesday,1,8,Morning Rush,1,1,1,1.0
602,Tuesday,1,16,Evening Rush,1,1,1,1.0
602,Wednesday,2,8,Morning Rush,2,2,0,0.0
602,Wednesday,2,13,Midday,2,2,2,1.0
602,Wednesday,2,14,Midday,3,3,0,0.0
602,Wednesday,2,15,Evening Rush,2,2,0,0.0
602,Wednesday,2,17,Evening Rush,1,1,0,0.0
602,Wednesday,2,18,Evening Rush,1,1,1,1.0
602,Wednesday,2,19,Evening,1,1,0,0.0
602,Wednesday,2,20,Evening,1,1,0,0.0
602,Wednesday,2,23,Evening,1,1,0,0.0
603,Friday,4,13,Midday,1,1,0,0.0
603,Friday,4,14,Midday,2,2,1,0.5
603,Friday,4,15,Evening Rush,1,1,0,0.0
603,Friday,4,17,Evening Rush,1,1,0,0.0
603,Monday,0,12,Midday,2,2,1,0.5
603,Monday,0,14,Midday,1,1,0,0.0
603,Monday,0,15,Evening Rush,1,1,0,0.0
603,Saturday,5,11,Midday,1,1,1,1.0
603,Saturday,5,14,Midday,2,2,1,0.5
603,Saturday,5,15,Evening Rush,2,2,0,0.0
603,Saturday,5,17,Evening Rush,3,3,2,0.6666666666666666
603,Sunday,6,15,Evening Rush,2,2,2,1.0
603,Sunday,6,16,Evening Rush,1,1,1,1.0
603,Sunday,6,19,Evening,1,1,0,0.0
603,Thursday,3,9,Morning Rush,1,1,0,0.0
603,Thursday,3,12,Midday,2,2,1,0.5
603,Thursday,3,15,Evening Rush,3,3,0,0.0
603,Thursday,3,16,Evening Rush,2,2,0,0.0
603,Thursday,3,17,Evening Rush,1,1,1,1.0
603,Thursday,3,18,Evening Rush,1,1,1,1.0
603,Thursday,3,20,Evening,1,1,0,0.0
603,Tuesday,1,5,Night,1,1,0,0.0
603,Tuesday,1,9,Morning Rush,1,1,0,0.0
603,Tuesday,1,11,Midday,1,1,1,1.0
603,Tuesday,1,12,Midday,1,1,0,0.0
603,Tuesday,1,14,Midday,1,1,1,1.0
603,Tuesday,1,20,Evening,1,1,0,0.0
603,Tuesday,1,21,Evening,1,1,0,0.0
603,Wednesday,2,8,Morning Rush,1,1,0,0.0
603,Wednesday,2,14,Midday,1,1,0,0.0
603,Wednesday,2,16,Evening Rush,2,2,1,0.5
604,Friday,4,0,Night,1,1,1,1.0
604,Friday,4,6,Morning Rush,1,1,1,1.0
604,Friday,4,8,Morning Rush,1,1,0,0.0
604,Friday,4,10,Midday,1,1,0,0.0
604,Friday,4,13,Midday,1,1,0,0.0
604,Friday,4,14,Midday,3,3,0,0.0
604,Friday,4,15,Evening Rush,2,2,2,1.0
604,Friday,4,16,Evening Rush,1,1,0,0.0
604,Friday,4,17,Evening Rush,2,2,2,1.0
604,Friday,4,18,Evening Rush,2,2,1,0.5
604,Friday,4,19,Evening,3,3,1,0.3333333333333333
604,Friday,4,21,Evening,1,1,0,0.0
604,Monday,0,5,Night,1,1,0,0.0
604,Monday,0,7,Morning Rush,2,2,2,1.0
604,Monday,0,8,Morning Rush,1,1,0,0.0
604,Monday,0,9,Morning Rush,1,1,0,0.0
604,Monday,0,10,Midday,2,2,1,0.5
604,Monday,0,11,Midday,1,1,1,1.0
604,Monday,0,12,Midday,2,2,0,0.0
604,Monday,0,14,Midday,2,2,0,0.0
604,Monday,0,15,Evening Rush,2,2,0,0.0
604,Monday,0,17,Evening Rush,1,1,1,1.0
604,Monday,0,18,Evening Rush,1,1,0,0.0
604,Monday,0,21,Evening,2,2,0,0.0
604,Monday,0,22,Evening,1,1,1,1.0
604,Saturday,5,7,Morning Rush,2,2,2,1.0
604,Saturday,5,10,Midday,1,1,1,1.0
604,Saturday,5,13,Midday,1,1,1,1.0
604,Saturday,5,15,Evening Rush,1,1,0,0.0
604,Saturday,5,17,Evening Rush,3,3,1,0.3333333333333333
604,Saturday,5,18,Evening Rush,1,1,1,1.0
604,Saturday,5,21,Evening,3,3,2,0.6666666666666666
604,Saturday,5,22,Evening,2,2,0,0.0
604,Sunday,6,0,Night,1,1,0,0.0
604,Sunday,6,5,Night,1,1,1,1.0
604,Sunday,6,9,Morning Rush,1,1,0,0.0
604,Sunday,6,11,Midday,1,1,1,1.0
604,Sunday,6,12,Midday,1,1,0,0.0
604,Sunday,6,13,Midday,1,1,0,0.0
604,Sunday,6,16,Evening Rush,1,1,0,0.0
604,Sunday,6,18,Evening Rush,1,1,0,0.0
604,Sunday,6,21,Evening,1,1,0,0.0
604,Sunday,6,22,Evening,2,2,0,0.0
604,Sunday,6,23,Evening,3,3,0,0.0
604,Thursday,3,0,Night,1,1,0,0.0
604,Thursday,3,1,Night,1,1,1,1.0
604,Thursday,3,6,Morning Rush,2,2,2,1.0
604,Thursday,3,7,Morning Rush,1,1,1,1.0
604,Thursday,3,12,Midday,2,2,1,0.5
604,Thursday,3,16,Evening Rush,4,4,4,1.0
604,Thursday,3,17,Evening Rush,4,4,2,0.5
604,Thursday,3,19,Evening,1,1,1,1.0
604,Thursday,3,21,Evening,1,1,1,1.0
604,Tuesday,1,0,Night,1,1,1,1.0
604,Tuesday,1,5,Night,1,1,0,0.0
604,Tuesday,1,8,Morning Rush,1,1,1,1.0
604,Tuesday,1,9,Morning Rush,3,3,1,0.3333333333333333
604,Tuesday,1,13,Midday,1,1,0,0.0
604,Tuesday,1,14,Midday,1,1,0,0.0
604,Tuesday,1,15,Evening Rush,2,2,0,0.0
604,Tuesday,1,16,Evening Rush,3,3,0,0.0
604,Tuesday,1,17,Evening Rush,4,4,1,0.25
604,Tuesday,1,18,Evening Rush,2,2,1,0.5
604,Tuesday,1,20,Evening,1,1,0,0.0
604,Tuesday,1,21,Evening,1,1,0,0.0
604,Wednesday,2,2,Night,1,1,0,0.0
604,Wednesday,2,7,Morning Rush,1,1,1,1.0
604,Wednesday,2,8,Morning Rush,1,1,1,1.0
604,Wednesday,2,9,Morning Rush,2,2,1,0.5
604,Wednesday,2,11,Midday,2,2,2,1.0
604,Wednesday,2,12,Midday,1,1,1,1.0
604,Wednesday,2,15,Evening Rush,1,1,0,0.0
604,Wednesday,2,16,Evening Rush,2,2,0,0.0
604,Wednesday,2,17,Evening Rush,5,5,1,0.2
604,Wednesday,2,18,Evening Rush,2,2,0,0.0
604,Wednesday,2,22,Evening,3,3,0,0.0
605,Friday,4,10,Midday,1,1,0,0.0
605,Friday,4,15,Evening Rush,5,5,0,0.0
605,Friday,4,17,Evening Rush,1,1,0,0.0
605,Friday,4,21,Evening,1,1,1,1.0
605,Monday,0,7,Morning Rush,1,1,1,1.0
605,Monday,0,8,Morning Rush,1,1,0,0.0
605,Monday,0,12,Midday,1,1,1,1.0
605,Monday,0,15,Evening Rush,1,1,1,1.0
605,Monday,0,17,Evening Rush,1,1,0,0.0
605,Saturday,5,7,Morning Rush,1,1,1,1.0
605,Saturday,5,15,Evening Rush,1,1,1,1.0
605,Saturday,5,20,Evening,1,1,0,0.0
605,Sunday,6,11,Midday,1,1,1,1.0
605,Sunday,6,15,Evening Rush,1,1,0,0.0
605,Sunday,6,22,Evening,1,1,0,0.0
605,Thursday,3,3,Night,2,2,0,0.0
605,Thursday,3,15,Evening Rush,1,1,0,0.0
605,Thursday,3,16,Evening Rush,1,1,0,0.0
605,Thursday,3,17,Evening Rush,3,3,0,0.0
605,Thursday,3,18,Evening Rush,2,2,1,0.5
605,Thursday,3,19,Evening,1,1,0,0.0
605,Tuesday,1,6,Morning Rush,1,1,0,0.0
605,Tuesday,1,7,Morning Rush,1,1,1,1.0
605,Tuesday,1,8,Morning Rush,1,1,1,1.0
605,Tuesday,1,13,Midday,1,1,0,0.0
605,Tuesday,1,16,Evening Rush,2,2,0,0.0
605,Tuesday,1,17,Evening Rush,1,1,1,1.0
605,Tuesday,1,18,Evening Rush,1,1,0,0.0
605,Wednesday,2,8,Morning Rush,2,2,0,0.0
605,Wednesday,2,9,Morning Rush,1,1,1,1.0
605,Wednesday,2,13,Midday,1,1,0,0.0
605,Wednesday,2,14,Midday,2,2,0,0.0
605,Wednesday,2,15,Evening Rush,1,1,0,0.0
605,Wednesday,2,16,Evening Rush,4,4,1,0.25
605,Wednesday,2,17,Evening Rush,2,2,0,0.0
605,Wednesday,2,19,Evening,1,1,0,0.0
605,Wednesday,2,21,Evening,1,1,0,0.0
606,Friday,4,6,Morning Rush,1,1,1,1.0
606,Friday,4,14,Midday,1,1,1,1.0
606,Friday,4,19,Evening,1,1,0,0.0
606,Monday,0,6,Morning Rush,1,1,0,0.0
606,Monday,0,8,Morning Rush,2,2,0,0.0
606,Monday,0,19,Evening,1,1,1,1.0
606,Monday,0,20,Evening,1,1,0,0.0
606,Saturday,5,9,Morning Rush,1,1,1,1.0
606,Saturday,5,23,Evening,1,1,0,0.0
606,Sunday,6,13,Midday,1,1,0,0.0
606,Sunday,6,14,Midday,2,2,1,0.5
606,Thursday,3,6,Morning Rush,1,1,0,0.0
606,Thursday,3,11,Midday,1,1,1,1.0
606,Thursday,3,12,Midday,1,1,1,1.0
606,Thursday,3,17,Evening Rush,1,1,0,0.0
606,Thursday,3,21,Evening,1,1,1,1.0
606,Tuesday,1,8,Morning Rush,1,1,1,1.0
606,Tuesday,1,15,Evening Rush,2,2,0,0.0
606,Tuesday,1,16,Evening Rush,2,2,2,1.0
606,Wednesday,2,9,Morning Rush,1,1,1,1.0
606,Wednesday,2,11,Midday,1,1,1,1.0
606,Wednesday,2,13,Midday,1,1,1,1.0
606,Wednesday,2,15,Evening Rush,1,1,0,0.0
607,Friday,4,9,Morning Rush,1,1,0,0.0
607,Friday,4,13,Midday,1,1,0,0.0
607,Friday,4,14,Midday,1,1,0,0.0
607,Friday,4,17,Evening Rush,1,1,1,1.0
607,Friday,4,23,Evening,1,1,0,0.0
607,Monday,0,0,Night,1,1,0,0.0
607,Monday,0,15,Evening Rush,2,2,0,0.0
607,Saturday,5,2,Night,1,1,0,0.0
607,Saturday,5,10,Midday,1,1,1,1.0
607,Sunday,6,16,Evening Rush,1,1,1,1.0
607,Sunday,6,17,Evening Rush,1,1,0,0.0
607,Thursday,3,17,Evening Rush,1,1,1,1.0
607,Tuesday,1,10,Midday,1,1,1,1.0
607,Tuesday,1,11,Midday,1,1,1,1.0
607,Tuesday,1,14,Midday,2,2,0,0.0
607,Tuesday,1,18,Evening Rush,1,1,1,1.0
607,Wednesday,2,9,Morning Rush,2,2,2,1.0
607,Wednesday,2,10,Midday,1,1,0,0.0
607,Wednesday,2,11,Midday,1,1,0,0.0
607,Wednesday,2,12,Midday,2,2,1,0.5
607,Wednesday,2,13,Midday,1,1,1,1.0
607,Wednesday,2,15,Evening Rush,1,1,0,0.0
607,Wednesday,2,19,Evening,1,1,1,1.0
608,Friday,4,6,Morning Rush,1,1,1,1.0
608,Friday,4,10,Midday,2,2,0,0.0
608,Friday,4,16,Evening Rush,1,1,0,0.0
608,Friday,4,18,Evening Rush,3,3,0,0.0
608,Friday,4,23,Evening,2,2,0,0.0
608,Monday,0,6,Morning Rush,1,1,1,1.0
608,Monday,0,8,Morning Rush,1,1,1,1.0
608,Monday,0,9,Morning Rush,1,1,1,1.0
608,Monday,0,10,Midday,1,1,1,1.0
608,Monday,0,14,Midday,1,1,0,0.0
608,Monday,0,17,Evening Rush,1,1,0,0.0
608,Monday,0,18,Evening Rush,1,1,0,0.0
608,Saturday,5,10,Midday,1,1,0,0.0
608,Saturday,5,12,Midday,2,2,0,0.0
608,Saturday,5,14,Midday,1,1,0,0.0
608,Saturday,5,15,Evening Rush,2,2,0,0.0
608,Thursday,3,6,Morning Rush,1,1,0,0.0
608,Thursday,3,7,Morning Rush,1,1,1,1.0
608,Thursday,3,8,Morning Rush,1,1,0,0.0
608,Thursday,3,9,Morning Rush,2,2,2,1.0
608,Thursday,3,11,Midday,1,1,1,1.0
608,Thursday,3,13,Midday,1,1,1,1.0
608,Thursday,3,17,Evening Rush,2,2,0,0.0
608,Thursday,3,18,Evening Rush,1,1,1,1.0
608,Thursday,3,20,Evening,1,1,1,1.0
608,Thursday,3,21,Evening,1,1,0,0.0
608,Tuesday,1,7,Morning Rush,4,4,0,0.0
608,Tuesday,1,8,Morning Rush,3,3,2,0.6666666666666666
608,Tuesday,1,9,Morning Rush,1,1,0,0.0
608,Tuesday,1,14,Midday,2,2,0,0.0
608,Tuesday,1,16,Evening Rush,2,2,2,1.0
608,Tuesday,1,17,Evening Rush,1,1,0,0.0
608,Tuesday,1,18,Evening Rush,3,3,1,0.3333333333333333
608,Tuesday,1,20,Evening,2,2,1,0.5
608,Tuesday,1,21,Evening,1,1,1,1.0
608,Tuesday,1,22,Evening,1,1,0,0.0
608,Wednesday,2,8,Morning Rush,1,1,1,1.0
608,Wednesday,2,13,Midday,1,1,1,1.0
608,Wednesday,2,14,Midday,1,1,0,0.0
608,Wednesday,2,15,Evening Rush,2,2,0,0.0
608,Wednesday,2,21,Evening,1,1,0,0.0
609,Friday,4,9,Morning Rush,1,1,0,0.0
609,Friday,4,17,Evening Rush,1,1,0,0.0
609,Monday,0,0,Night,1,1,0,0.0
609,Monday,0,6,Morning Rush,1,1,0,0.0
609,Monday,0,14,Midday,1,1,1,1.0
609,Monday,0,16,Evening Rush,1,1,0,0.0
609,Monday,0,17,Evening Rush,2,2,0,0.0
609,Monday,0,21,Evening,1,1,0,0.0
609,Saturday,5,13,Midday,1,1,0,0.0
609,Saturday,5,19,Evening,1,1,0,0.0
609,Sunday,6,0,Night,1,1,1,1.0
609,Sunday,6,7,Morning Rush,1,1,0,0.0
609,Thursday,3,12,Midday,1,1,0,0.0
609,Thursday,3,15,Evening Rush,1,1,0,0.0
609,Thursday,3,19,Evening,2,2,1,0.5
609,Tuesday,1,12,Midday,1,1,0,0.0
609,Tuesday,1,15,Evening Rush,1,1,0,0.0
609,Tuesday,1,16,Evening Rush,1,1,1,1.0
609,Tuesday,1,17,Evening Rush,1,1,0,0.0
609,Wednesday,2,11,Midday,1,1,0,0.0
609,Wednesday,2,13,Midday,1,1,0,0.0
609,Wednesday,2,18,Evening Rush,1,1,0,0.0
609,Wednesday,2,19,Evening,1,1,0,0.0
609,Wednesday,2,21,Evening,1,1,1,1.0
610,Friday,4,9,Morning Rush,1,1,1,1.0
610,Friday,4,13,Midday,1,1,0,0.0
610,Friday,4,21,Evening,2,2,2,1.0
610,Monday,0,10,Midday,1,1,0,0.0
610,Monday,0,12,Midday,2,2,1,0.5
610,Saturday,5,3,Night,1,1,1,1.0
610,Saturday,5,11,Midday,1,1,0,0.0
610,Saturday,5,14,Midday,1,1,1,1.0
610,Saturday,5,19,Evening,1,1,1,1.0
610,Sunday,6,17,Evening Rush,1,1,0,0.0
610,Thursday,3,12,Midday,1,1,1,1.0
610,Thursday,3,13,Midday,1,1,1,1.0
610,Thursday,3,17,Evening Rush,1,1,0,0.0
610,Tuesday,1,10,Midday,1,1,1,1.0
610,Tuesday,1,13,Midday,1,1,0,0.0
610,Tuesday,1,14,Midday,1,1,0,0.0
610,Tuesday,1,16,Evening Rush,2,2,0,0.0
610,Tuesday,1,17,Evening Rush,1,1,0,0.0
610,Tuesday,1,21,Evening,1,1,1,1.0
610,Wednesday,2,8,Morning Rush,1,1,0,0.0
610,Wednesday,2,16,Evening Rush,1,1,0,0.0
610,Wednesday,2,18,Evening Rush,1,1,1,1.0
611,Friday,4,5,Night,1,1,1,1.0
611,Friday,4,9,Morning Rush,1,1,0,0.0
611,Friday,4,10,Midday,1,1,1,1.0
611,Friday,4,23,Evening,1,1,1,1.0
611,Monday,0,3,Night,1,1,0,0.0
611,Monday,0,9,Morning Rush,2,2,2,1.0
611,Monday,0,12,Midday,1,1,0,0.0
611,Monday,0,13,Midday,1,1,0,0.0
611,Monday,0,14,Midday,1,1,0,0.0
611,Monday,0,18,Evening Rush,1,1,0,0.0
611,Saturday,5,0,Night,1,1,1,1.0
611,Saturday,5,2,Night,1,1,0,0.0
611,Saturday,5,9,Morning Rush,1,1,0,0.0
611,Saturday,5,19,Evening,1,1,1,1.0
611,Sunday,6,10,Midday,1,1,0,0.0
611,Sunday,6,11,Midday,1,1,0,0.0
611,Sunday,6,16,Evening Rush,1,1,0,0.0
611,Sunday,6,18,Evening Rush,1,1,0,0.0
611,Thursday,3,7,Morning Rush,1,1,0,0.0
611,Thursday,3,8,Morning Rush,1,1,1,1.0
611,Thursday,3,10,Midday,2,2,2,1.0
611,Thursday,3,11,Midday,1,1,0,0.0
611,Thursday,3,14,Midday,1,1,0,0.0
611,Thursday,3,15,Evening Rush,1,1,0,0.0
611,Thursday,3,16,Evening Rush,2,2,0,0.0
611,Thursday,3,17,Evening Rush,2,2,0,0.0
611,Thursday,3,18,Evening Rush,1,1,1,1.0
611,Tuesday,1,10,Midday,1,1,0,0.0
611,Tuesday,1,11,Midday,1,1,1,1.0
611,Tuesday,1,14,Midday,1,1,1,1.0
611,Tuesday,1,15,Evening Rush,2,2,1,0.5
611,Tuesday,1,16,Evening Rush,1,1,0,0.0
611,Tuesday,1,17,Evening Rush,1,1,0,0.0
611,Tuesday,1,19,Evening,1,1,1,1.0
611,Tuesday,1,20,Evening,1,1,0,0.0
611,Wednesday,2,8,Morning Rush,1,1,1,1.0
611,Wednesday,2,10,Midday,1,1,0,0.0
611,Wednesday,2,12,Midday,1,1,1,1.0
611,Wednesday,2,15,Evening Rush,1,1,0,0.0
611,Wednesday,2,17,Evening Rush,1,1,0,0.0
612,Friday,4,7,Morning Rush,2,2,2,1.0
612,Monday,0,6,Morning Rush,1,1,0,0.0
612,Monday,0,12,Midday,1,1,0,0.0
612,Monday,0,16,Evening Rush,1,1,0,0.0
612,Monday,0,17,Evening Rush,1,1,0,0.0
612,Saturday,5,3,Night,1,1,0,0.0
612,Saturday,5,12,Midday,1,1,0,0.0
612,Saturday,5,18,Evening Rush,1,1,0,0.0
612,Thursday,3,12,Midday,1,1,0,0.0
612,Thursday,3,13,Midday,1,1,0,0.0
612,Thursday,3,14,Midday,1,1,1,1.0
612,Thursday,3,16,Evening Rush,1,1,0,0.0
612,Thursday,3,17,Evening Rush,2,2,0,0.0
612,Tuesday,1,0,Night,1,1,1,1.0
612,Tuesday,1,4,Night,1,1,0,0.0
612,Tuesday,1,7,Morning Rush,1,1,1,1.0
612,Tuesday,1,16,Evening Rush,2,2,0,0.0
612,Tuesday,1,18,Evening Rush,1,1,0,0.0
612,Wednesday,2,16,Evening Rush,2,2,0,0.0
612,Wednesday,2,17,Evening Rush,1,1,0,0.0
613,Friday,4,17,Evening Rush,2,2,0,0.0
613,Friday,4,18,Evening Rush,1,1,0,0.0
613,Monday,0,6,Morning Rush,1,1,0,0.0
613,Monday,0,8,Morning Rush,2,2,1,0.5
613,Monday,0,12,Midday,1,1,0,0.0
613,Monday,0,13,Midday,1,1,0,0.0
613,Monday,0,17,Evening Rush,1,1,0,0.0
613,Saturday,5,15,Evening Rush,1,1,0,0.0
613,Saturday,5,17,Evening Rush,1,1,0,0.0
613,Sunday,6,9,Morning Rush,1,1,0,0.0
613,Thursday,3,8,Morning Rush,1,1,0,0.0
613,Tuesday,1,9,Morning Rush,1,1,0,0.0
613,Tuesday,1,15,Evening Rush,1,1,0,0.0
613,Tuesday,1,19,Evening,1,1,1,1.0
613,Wednesday,2,12,Midday,1,1,1,1.0
613,Wednesday,2,13,Midday,1,1,0,0.0
613,Wednesday,2,19,Evening,1,1,1,1.0
613,Wednesday,2,20,Evening,1,1,0,0.0
614,Friday,4,6,Morning Rush,1,1,0,0.0
614,Friday,4,8,Morning Rush,2,2,0,0.0
614,Friday,4,9,Morning Rush,1,1,0,0.0
614,Friday,4,12,Midday,1,1,1,1.0
614,Friday,4,16,Evening Rush,3,3,1,0.3333333333333333
614,Friday,4,17,Evening Rush,1,1,0,0.0
614,Monday,0,5,Night,1,1,0,0.0
614,Monday,0,7,Morning Rush,1,1,0,0.0
614,Monday,0,8,Morning Rush,2,2,2,1.0
614,Monday,0,10,Midday,2,2,2,1.0
614,Monday,0,12,Midday,1,1,0,0.0
614,Monday,0,16,Evening Rush,2,2,1,0.5
614,Monday,0,17,Evening Rush,2,2,0,0.0
614,Monday,0,18,Evening Rush,1,1,0,0.0
614,Saturday,5,12,Midday,2,2,0,0.0
614,Thursday,3,6,Morning Rush,3,3,1,0.3333333333333333
614,Thursday,3,9,Morning Rush,1,1,1,1.0
614,Thursday,3,10,Midday,1,1,0,0.0
614,Thursday,3,14,Midday,1,1,0,0.0
614,Thursday,3,15,Evening Rush,1,1,1,1.0
614,Thursday,3,17,Evening Rush,4,4,0,0.0
614,Thursday,3,18,Evening Rush,1,1,0,0.0
614,Thursday,3,20,Evening,1,1,0,0.0
614,Tuesday,1,7,Morning Rush,3,3,1,0.3333333333333333
614,Tuesday,1,9,Morning Rush,1,1,0,0.0
614,Tuesday,1,14,Midday,1,1,1,1.0
614,Tuesday,1,16,Evening Rush,1,1,0,0.0
614,Tuesday,1,17,Evening Rush,1,1,1,1.0
614,Tuesday,1,18,Evening Rush,1,1,1,1.0
614,Tuesday,1,21,Evening,1,1,1,1.0
614,Wednesday,2,6,Morning Rush,1,1,1,1.0
614,Wednesday,2,7,Morning Rush,2,2,2,1.0
614,Wednesday,2,8,Morning Rush,2,2,0,0.0
614,Wednesday,2,12,Midday,1,1,1,1.0
614,Wednesday,2,16,Evening Rush,2,2,0,0.0
614,Wednesday,2,17,Evening Rush,1,1,0,0.0
614,Wednesday,2,22,Evening,1,1,0,0.0
615,Friday,4,15,Evening Rush,1,1,1,1.0
615,Friday,4,17,Evening Rush,3,3,0,0.0
615,Monday,0,12,Midday,2,2,0,0.0
615,Monday,0,15,Evening Rush,1,1,0,0.0
615,Monday,0,16,Evening Rush,1,1,0,0.0
615,Monday,0,17,Evening Rush,1,1,1,1.0
615,Monday,0,20,Evening,1,1,0,0.0
615,Monday,0,23,Evening,1,1,0,0.0
615,Saturday,5,19,Evening,1,1,1,1.0
615,Saturday,5,21,Evening,1,1,1,1.0
615,Sunday,6,18,Evening Rush,1,1,0,0.0
615,Thursday,3,4,Night,1,1,1,1.0
615,Thursday,3,6,Morning Rush,2,2,1,0.5
615,Thursday,3,14,Midday,2,2,1,0.5
615,Tuesday,1,6,Morning Rush,1,1,0,0.0
615,Tuesday,1,7,Morning Rush,1,1,1,1.0
615,Tuesday,1,9,Morning Rush,1,1,1,1.0
615,Tuesday,1,11,Midday,1,1,0,0.0
615,Tuesday,1,12,Midday,1,1,0,0.0
615,Wednesday,2,10,Midday,1,1,0,0.0
615,Wednesday,2,15,Evening Rush,1,1,0,0.0
615,Wednesday,2,16,Evening Rush,1,1,0,0.0
615,Wednesday,2,17,Evening Rush,1,1,0,0.0
615,Wednesday,2,21,Evening,2,2,0,0.0
616,Friday,4,1,Night,1,1,1,1.0
616,Friday,4,15,Evening Rush,2,2,0,0.0
616,Friday,4,16,Evening Rush,1,1,0,0.0
616,Friday,4,17,Evening Rush,2,2,1,0.5
616,Friday,4,18,Evening Rush,1,1,0,0.0
616,Monday,0,5,Night,1,1,1,1.0
616,Monday,0,12,Midday,1,1,0,0.0
616,Monday,0,14,Midday,1,1,0,0.0
616,Monday,0,16,Evening Rush,1,1,1,1.0
616,Monday,0,17,Evening Rush,1,1,0,0.0
616,Saturday,5,1,Night,1,1,0,0.0
616,Saturday,5,13,Midday,1,1,1,1.0
616,Saturday,5,14,Midday,1,1,0,0.0
616,Saturday,5,15,Evening Rush,1,1,1,1.0
616,Sunday,6,13,Midday,1,1,0,0.0
616,Sunday,6,15,Evening Rush,1,1,0,0.0
616,Sunday,6,21,Evening,2,2,0,0.0
616,Thursday,3,6,Morning Rush,1,1,0,0.0
616,Thursday,3,10,Midday,1,1,0,0.0
616,Thursday,3,15,Evening Rush,1,1,0,0.0
616,Thursday,3,16,Evening Rush,1,1,1,1.0
616,Thursday,3,17,Evening Rush,3,3,1,0.3333333333333333
616,Thursday,3,19,Evening,2,2,0,0.0
616,Thursday,3,22,Evening,1,1,1,1.0
616,Tuesday,1,14,Midday,1,1,0,0.0
616,Tuesday,1,17,Evening Rush,1,1,0,0.0
616,Tuesday,1,18,Evening Rush,4,4,1,0.25
616,Wednesday,2,7,Morning Rush,2,2,2,1.0
616,Wednesday,2,10,Midday,1,1,0,0.0
616,Wednesday,2,15,Evening Rush,2,2,1,0.5
616,Wednesday,2,16,Evening Rush,1,1,1,1.0
616,Wednesday,2,17,Evening Rush,1,1,0,0.0
616,Wednesday,2,18,Evening Rush,1,1,1,1.0
616,Wednesday,2,21,Evening,1,1,1,1.0
617,Friday,4,7,Morning Rush,1,1,1,1.0
617,Friday,4,10,Midday,1,1,1,1.0
617,Friday,4,14,Midday,1,1,0,0.0
617,Friday,4,17,Evening Rush,1,1,0,0.0
617,Friday,4,19,Evening,1,1,0,0.0
617,Friday,4,22,Evening,2,2,1,0.5
617,Monday,0,8,Morning Rush,1,1,1,1.0
617,Monday,0,13,Midday,1,1,0,0.0
617,Monday,0,14,Midday,1,1,0,0.0
617,Monday,0,16,Evening Rush,1,1,0,0.0
617,Monday,0,20,Evening,1,1,0,0.0
617,Saturday,5,12,Midday,2,2,0,0.0
617,Sunday,6,2,Night,1,1,0,0.0
617,Sunday,6,22,Evening,1,1,0,0.0
617,Thursday,3,8,Morning Rush,2,2,1,0.5
617,Thursday,3,14,Midday,1,1,1,1.0
617,Thursday,3,15,Evening Rush,1,1,1,1.0
617,Thursday,3,16,Evening Rush,1,1,1,1.0
617,Thursday,3,17,Evening Rush,1,1,1,1.0
617,Thursday,3,20,Evening,1,1,0,0.0
617,Tuesday,1,7,Morning Rush,1,1,0,0.0
617,Tuesday,1,11,Midday,2,2,2,1.0
617,Tuesday,1,13,Midday,1,1,1,1.0
617,Tuesday,1,14,Midday,2,2,0,0.0
617,Tuesday,1,15,Evening Rush,2,2,0,0.0
617,Tuesday,1,17,Evening Rush,1,1,0,0.0
617,Tuesday,1,19,Evening,1,1,0,0.0
617,Wednesday,2,13,Midday,1,1,0,0.0
617,Wednesday,2,14,Midday,1,1,0,0.0
617,Wednesday,2,16,Evening Rush,1,1,0,0.0
617,Wednesday,2,17,Evening Rush,2,2,0,0.0
617,Wednesday,2,22,Evening,1,1,0,0.0
618,Friday,4,14,Midday,2,2,0,0.0
618,Friday,4,15,Evening Rush,1,1,0,0.0
618,Friday,4,16,Evening Rush,1,1,1,1.0
618,Friday,4,17,Evening Rush,4,4,1,0.25
618,Friday,4,18,Evening Rush,1,1,1,1.0
618,Friday,4,21,Evening,1,1,0,0.0
618,Monday,0,15,Evening Rush,1,1,1,1.0
618,Monday,0,16,Evening Rush,1,1,0,0.0
618,Monday,0,17,Evening Rush,1,1,0,0.0
618,Monday,0,20,Evening,2,2,0,0.0
618,Monday,0,23,Evening,1,1,1,1.0
618,Saturday,5,11,Midday,1,1,0,0.0
618,Saturday,5,15,Evening Rush,1,1,0,0.0
618,Saturday,5,17,Evening Rush,1,1,0,0.0
618,Sunday,6,9,Morning Rush,1,1,0,0.0
618,Sunday,6,16,Evening Rush,1,1,0,0.0
618,Sunday,6,22,Evening,1,1,0,0.0
618,Sunday,6,23,Evening,1,1,0,0.0
618,Thursday,3,11,Midday,1,1,1,1.0
618,Thursday,3,12,Midday,1,1,1,1.0
618,Thursday,3,16,Evening Rush,1,1,0,0.0
618,Thursday,3,17,Evening Rush,1,1,0,0.0
618,Thursday,3,19,Evening,1,1,0,0.0
618,Tuesday,1,0,Night,1,1,0,0.0
618,Tuesday,1,8,Morning Rush,1,1,0,0.0
618,Tuesday,1,12,Midday,1,1,1,1.0
618,Tuesday,1,14,Midday,1,1,0,0.0
618,Tuesday,1,15,Evening Rush,1,1,0,0.0
618,Wednesday,2,12,Midday,1,1,0,0.0
618,Wednesday,2,15,Evening Rush,1,1,0,0.0
618,Wednesday,2,16,Evening Rush,1,1,0,0.0
619,Friday,4,0,Night,1,1,0,0.0
619,Monday,0,18,Evening Rush,1,1,0,0.0
619,Monday,0,19,Evening,1,1,0,0.0
619,Saturday,5,0,Night,2,2,0,0.0
619,Saturday,5,4,Night,1,1,0,0.0
619,Saturday,5,7,Morning Rush,1,1,1,1.0
619,Saturday,5,14,Midday,1,1,0,0.0
619,Saturday,5,18,Evening Rush,2,2,0,0.0
619,Saturday,5,21,Evening,1,1,0,0.0
619,Sunday,6,11,Midday,2,2,2,1.0
619,Sunday,6,18,Evening Rush,1,1,0,0.0
619,Thursday,3,8,Morning Rush,1,1,0,0.0
619,Thursday,3,23,Evening,1,1,1,1.0
619,Tuesday,1,16,Evening Rush,1,1,0,0.0
619,Wednesday,2,8,Morning Rush,1,1,1,1.0
619,Wednesday,2,13,Midday,1,1,0,0.0
619,Wednesday,2,15,Evening Rush,2,2,0,0.0
620,Friday,4,3,Night,2,2,0,0.0
620,Friday,4,11,Midday,1,1,0,0.0
620,Monday,0,22,Evening,1,1,0,0.0
620,Saturday,5,11,Midday,1,1,0,0.0
620,Saturday,5,15,Evening Rush,1,1,0,0.0
620,Saturday,5,16,Evening Rush,1,1,0,0.0
620,Sunday,6,15,Evening Rush,1,1,0,0.0
620,Sunday,6,18,Evening Rush,3,3,0,0.0
620,Thursday,3,6,Morning Rush,1,1,0,0.0
620,Thursday,3,8,Morning Rush,1,1,1,1.0
620,Thursday,3,13,Midday,1,1,0,0.0
620,Thursday,3,14,Midday,1,1,0,0.0
620,Thursday,3,23,Evening,1,1,0,0.0
620,Tuesday,1,8,Morning Rush,3,3,0,0.0
620,Tuesday,1,15,Evening Rush,1,1,0,0.0
620,Tuesday,1,16,Evening Rush,1,1,0,0.0
620,Tuesday,1,17,Evening Rush,1,1,0,0.0
620,Wednesday,2,7,Morning Rush,1,1,1,1.0
620,Wednesday,2,9,Morning Rush,1,1,0,0.0
620,Wednesday,2,11,Midday,1,1,0,0.0
620,Wednesday,2,14,Midday,3,3,0,0.0
620,Wednesday,2,18,Evening Rush,1,1,1,1.0
621,Friday,4,15,Evening Rush,2,2,1,0.5
621,Friday,4,16,Evening Rush,1,1,0,0.0
621,Friday,4,17,Evening Rush,1,1,0,0.0
621,Friday,4,20,Evening,1,1,0,0.0
621,Friday,4,22,Evening,2,2,2,1.0
621,Monday,0,16,Evening Rush,1,1,0,0.0
621,Sunday,6,13,Midday,2,2,2,1.0
621,Sunday,6,19,Evening,3,3,0,0.0
621,Thursday,3,10,Midday,1,1,1,1.0
621,Thursday,3,17,Evening Rush,1,1,0,0.0
621,Tuesday,1,7,Morning Rush,2,2,1,0.5
621,Tuesday,1,8,Morning Rush,1,1,1,1.0
621,Tuesday,1,15,Evening Rush,1,1,0,0.0
621,Tuesday,1,19,Evening,1,1,0,0.0
621,Wednesday,2,6,Morning Rush,1,1,1,1.0
621,Wednesday,2,9,Morning Rush,2,2,0,0.0
621,Wednesday,2,17,Evening Rush,1,1,0,0.0
622,Friday,4,8,Morning Rush,1,1,0,0.0
622,Friday,4,9,Morning Rush,1,1,0,0.0
622,Monday,0,6,Morning Rush,1,1,0,0.0
622,Monday,0,9,Morning Rush,3,3,0,0.0
622,Monday,0,11,Midday,1,1,1,1.0
622,Monday,0,16,Evening Rush,1,1,0,0.0
622,Monday,0,20,Evening,1,1,0,0.0
622,Saturday,5,16,Evening Rush,1,1,0,0.0
622,Saturday,5,21,Evening,1,1,0,0.0
622,Saturday,5,22,Evening,1,1,1,1.0
622,Sunday,6,0,Night,1,1,0,0.0
622,Sunday,6,7,Morning Rush,1,1,1,1.0
622,Sunday,6,9,Morning Rush,1,1,0,0.0
622,Sunday,6,13,Midday,1,1,0,0.0
622,Thursday,3,21,Evening,1,1,0,0.0
622,Tuesday,1,17,Evening Rush,1,1,1,1.0
622,Wednesday,2,8,Morning Rush,3,3,2,0.6666666666666666
622,Wednesday,2,23,Evening,1,1,0,0.0
623,Friday,4,4,Night,1,1,1,1.0
623,Friday,4,8,Morning Rush,1,1,0,0.0
623,Friday,4,9,Morning Rush,1,1,0,0.0
623,Friday,4,14,Midday,1,1,0,0.0
623,Friday,4,19,Evening,1,1,0,0.0
623,Friday,4,23,Evening,1,1,1,1.0
623,Monday,0,6,Morning Rush,1,1,0,0.0
623,Monday,0,8,Morning Rush,1,1,0,0.0
623,Monday,0,10,Midday,1,1,1,1.0
623,Monday,0,12,Midday,1,1,1,1.0
623,Monday,0,13,Midday,1,1,0,0.0
623,Monday,0,18,Evening Rush,1,1,0,0.0
623,Saturday,5,6,Morning Rush,1,1,1,1.0
623,Saturday,5,7,Morning Rush,1,1,0,0.0
623,Saturday,5,11,Midday,1,1,0,0.0
623,Saturday,5,15,Evening Rush,1,1,1,1.0
623,Saturday,5,16,Evening Rush,1,1,0,0.0
623,Saturday,5,18,Evening Rush,2,2,1,0.5
623,Saturday,5,19,Evening,1,1,1,1.0
623,Saturday,5,22,Evening,1,1,0,0.0
623,Sunday,6,18,Evening Rush,1,1,0,0.0
623,Sunday,6,19,Evening,1,1,0,0.0
623,Sunday,6,22,Evening,1,1,0,0.0
623,Thursday,3,10,Midday,2,2,1,0.5
623,Thursday,3,16,Evening Rush,1,1,0,0.0
623,Tuesday,1,11,Midday,1,1,0,0.0
623,Tuesday,1,14,Midday,2,2,0,0.0
623,Tuesday,1,17,Evening Rush,2,2,1,0.5
623,Tuesday,1,23,Evening,1,1,1,1.0
623,Wednesday,2,8,Morning Rush,1,1,0,0.0
623,Wednesday,2,10,Midday,1,1,0,0.0
623,Wednesday,2,11,Midday,2,2,0,0.0
623,Wednesday,2,14,Midday,1,1,1,1.0
623,Wednesday,2,16,Evening Rush,1,1,0,0.0
623,Wednesday,2,17,Evening Rush,1,1,1,1.0
623,Wednesday,2,21,Evening,1,1,0,0.0
623,Wednesday,2,23,Evening,1,1,0,0.0
624,Friday,4,8,Morning Rush,1,1,1,1.0
624,Friday,4,9,Morning Rush,1,1,0,0.0
624,Friday,4,14,Midday,1,1,1,1.0
624,Friday,4,18,Evening Rush,1,1,0,0.0
624,Friday,4,19,Evening,1,1,0,0.0
624,Monday,0,3,Night,1,1,0,0.0
624,Monday,0,7,Morning Rush,1,1,1,1.0
624,Monday,0,14,Midday,1,1,0,0.0
624,Monday,0,18,Evening Rush,1,1,0,0.0
624,Monday,0,22,Evening,1,1,1,1.0
624,Saturday,5,1,Night,1,1,0,0.0
624,Saturday,5,12,Midday,1,1,1,1.0
624,Saturday,5,14,Midday,1,1,0,0.0
624,Sunday,6,1,Night,2,2,1,0.5
624,Sunday,6,4,Night,1,1,0,0.0
624,Sunday,6,11,Midday,1,1,0,0.0
624,Sunday,6,13,Midday,1,1,0,0.0
624,Sunday,6,15,Evening Rush,2,2,0,0.0
624,Thursday,3,7,Morning Rush,1,1,1,1.0
624,Thursday,3,18,Evening Rush,1,1,0,0.0
624,Tuesday,1,13,Midday,1,1,0,0.0
624,Tuesday,1,22,Evening,1,1,0,0.0
624,Wednesday,2,10,Midday,1,1,1,1.0
624,Wednesday,2,16,Evening Rush,1,1,0,0.0
624,Wednesday,2,18,Evening Rush,1,1,0,0.0
625,Friday,4,18,Evening Rush,1,1,0,0.0
625,Monday,0,3,Night,2,2,1,0.5
625,Monday,0,9,Morning Rush,1,1,0,0.0
625,Monday,0,19,Evening,3,3,0,0.0
625,Saturday,5,10,Midday,1,1,0,0.0
625,Saturday,5,14,Midday,2,2,1,0.5
625,Saturday,5,18,Evening Rush,1,1,0,0.0
625,Saturday,5,19,Evening,1,1,0,0.0
625,Sunday,6,10,Midday,1,1,0,0.0
625,Thursday,3,6,Morning Rush,1,1,1,1.0
625,Thursday,3,14,Midday,1,1,0,0.0
625,Thursday,3,19,Evening,1,1,1,1.0
625,Tuesday,1,7,Morning Rush,1,1,1,1.0
625,Tuesday,1,9,Morning Rush,1,1,1,1.0
625,Tuesday,1,12,Midday,1,1,0,0.0
625,Tuesday,1,13,Midday,1,1,0,0.0
625,Tuesday,1,16,Evening Rush,1,1,0,0.0
625,Tuesday,1,20,Evening,1,1,0,0.0
625,Wednesday,2,6,Morning Rush,1,1,0,0.0
625,Wednesday,2,15,Evening Rush,1,1,0,0.0
625,Wednesday,2,16,Evening Rush,1,1,0,0.0
626,Friday,4,5,Night,1,1,1,1.0
626,Friday,4,6,Morning Rush,1,1,0,0.0
626,Friday,4,7,Morning Rush,1,1,1,1.0
626,Friday,4,11,Midday,1,1,0,0.0
626,Friday,4,15,Evening Rush,1,1,0,0.0
626,Friday,4,18,Evening Rush,1,1,0,0.0
626,Friday,4,20,Evening,1,1,0,0.0
626,Monday,0,6,Morning Rush,1,1,0,0.0
626,Monday,0,16,Evening Rush,3,3,1,0.3333333333333333
626,Monday,0,17,Evening Rush,2,2,1,0.5
626,Monday,0,18,Evening Rush,1,1,1,1.0
626,Saturday,5,0,Night,1,1,0,0.0
626,Saturday,5,8,Morning Rush,1,1,0,0.0
626,Saturday,5,10,Midday,1,1,0,0.0
626,Saturday,5,13,Midday,3,3,0,0.0
626,Saturday,5,14,Midday,1,1,1,1.0
626,Saturday,5,20,Evening,1,1,0,0.0
626,Sunday,6,2,Night,1,1,1,1.0
626,Sunday,6,15,Evening Rush,1,1,0,0.0
626,Sunday,6,16,Evening Rush,1,1,0,0.0
626,Sunday,6,18,Evening Rush,1,1,1,1.0
626,Sunday,6,19,Evening,2,2,2,1.0
626,Sunday,6,23,Evening,1,1,1,1.0
626,Thursday,3,7,Morning Rush,1,1,1,1.0
626,Thursday,3,9,Morning Rush,2,2,1,0.5
626,Thursday,3,14,Midday,1,1,0,0.0
626,Thursday,3,15,Evening Rush,4,4,4,1.0
626,Thursday,3,16,Evening Rush,4,4,0,0.0
626,Thursday,3,19,Evening,1,1,1,1.0
626,Tuesday,1,3,Night,3,3,0,0.0
626,Tuesday,1,5,Night,1,1,0,0.0
626,Tuesday,1,8,Morning Rush,2,2,1,0.5
626,Tuesday,1,9,Morning Rush,1,1,1,1.0
626,Tuesday,1,11,Midday,1,1,0,0.0
626,Tuesday,1,12,Midday,1,1,0,0.0
626,Tuesday,1,14,Midday,3,3,0,0.0
626,Tuesday,1,16,Evening Rush,1,1,0,0.0
626,Tuesday,1,17,Evening Rush,1,1,0,0.0
626,Tuesday,1,19,Evening,2,2,0,0.0
626,Tuesday,1,23,Evening,2,2,0,0.0
626,Wednesday,2,5,Night,1,1,0,0.0
626,Wednesday,2,7,Morning Rush,1,1,1,1.0
626,Wednesday,2,8,Morning Rush,2,2,1,0.5
626,Wednesday,2,15,Evening Rush,2,2,0,0.0
626,Wednesday,2,17,Evening Rush,1,1,1,1.0
626,Wednesday,2,18,Evening Rush,2,2,0,0.0
626,Wednesday,2,19,Evening,1,1,0,0.0
627,Friday,4,16,Evening Rush,1,1,0,0.0
627,Monday,0,9,Morning Rush,1,1,1,1.0
627,Monday,0,21,Evening,1,1,0,0.0
627,Saturday,5,0,Night,1,1,0,0.0
627,Saturday,5,19,Evening,1,1,0,0.0
627,Sunday,6,1,Night,1,1,1,1.0
627,Sunday,6,7,Morning Rush,1,1,1,1.0
627,Sunday,6,9,Morning Rush,1,1,1,1.0
627,Sunday,6,15,Evening Rush,1,1,0,0.0
627,Sunday,6,16,Evening Rush,1,1,0,0.0
627,Sunday,6,20,Evening,2,2,1,0.5
627,Sunday,6,23,Evening,1,1,0,0.0
627,Thursday,3,16,Evening Rush,1,1,0,0.0
627,Thursday,3,17,Evening Rush,1,1,0,0.0
627,Thursday,3,18,Evening Rush,1,1,1,1.0
627,Thursday,3,21,Evening,1,1,1,1.0
627,Thursday,3,23,Evening,1,1,0,0.0
627,Tuesday,1,14,Midday,2,2,0,0.0
627,Tuesday,1,16,Evening Rush,1,1,0,0.0
627,Tuesday,1,17,Evening Rush,1,1,0,0.0
627,Wednesday,2,1,Night,1,1,1,1.0
627,Wednesday,2,8,Morning Rush,1,1,1,1.0
627,Wednesday,2,12,Midday,1,1,1,1.0
627,Wednesday,2,16,Evening Rush,1,1,1,1.0
627,Wednesday,2,17,Evening Rush,1,1,0,0.0
627,Wednesday,2,20,Evening,1,1,0,0.0
628,Friday,4,9,Morning Rush,1,1,1,1.0
628,Friday,4,16,Evening Rush,2,2,0,0.0
628,Friday,4,18,Evening Rush,1,1,1,1.0
628,Friday,4,21,Evening,2,2,0,0.0
628,Friday,4,22,Evening,2,2,1,0.5
628,Monday,0,13,Midday,1,1,1,1.0
628,Monday,0,17,Evening Rush,1,1,0,0.0
628,Monday,0,18,Evening Rush,1,1,0,0.0
628,Saturday,5,0,Night,2,2,0,0.0
628,Saturday,5,11,Midday,1,1,0,0.0
628,Saturday,5,14,Midday,1,1,0,0.0
628,Saturday,5,15,Evening Rush,2,2,0,0.0
628,Saturday,5,18,Evening Rush,1,1,1,1.0
628,Saturday,5,19,Evening,2,2,2,1.0
628,Saturday,5,21,Evening,1,1,0,0.0
628,Sunday,6,13,Midday,1,1,0,0.0
628,Sunday,6,15,Evening Rush,1,1,0,0.0
628,Thursday,3,16,Evening Rush,1,1,0,0.0
628,Thursday,3,17,Evening Rush,2,2,1,0.5
628,Thursday,3,19,Evening,1,1,0,0.0
628,Thursday,3,21,Evening,2,2,1,0.5
628,Tuesday,1,7,Morning Rush,1,1,0,0.0
628,Tuesday,1,15,Evening Rush,1,1,0,0.0
628,Tuesday,1,16,Evening Rush,1,1,1,1.0
628,Tuesday,1,21,Evening,1,1,0,0.0
628,Tuesday,1,22,Evening,1,1,0,0.0
628,Wednesday,2,6,Morning Rush,1,1,1,1.0
628,Wednesday,2,9,Morning Rush,1,1,1,1.0
628,Wednesday,2,14,Midday,1,1,0,0.0
628,Wednesday,2,15,Evening Rush,1,1,0,0.0
629,Friday,4,10,Midday,1,1,0,0.0
629,Friday,4,21,Evening,1,1,1,1.0
629,Monday,0,6,Morning Rush,1,1,1,1.0
629,Monday,0,7,Morning Rush,1,1,1,1.0
629,Monday,0,21,Evening,1,1,0,0.0
629,Saturday,5,18,Evening Rush,1,1,0,0.0
629,Sunday,6,19,Evening,1,1,0,0.0
629,Thursday,3,6,Morning Rush,1,1,1,1.0
629,Thursday,3,8,Morning Rush,1,1,0,0.0
629,Thursday,3,9,Morning Rush,1,1,0,0.0
629,Thursday,3,11,Midday,1,1,0,0.0
629,Tuesday,1,0,Night,1,1,0,0.0
629,Tuesday,1,8,Morning Rush,1,1,1,1.0
629,Tuesday,1,17,Evening Rush,1,1,1,1.0
629,Tuesday,1,19,Evening,3,3,1,0.3333333333333333
629,Wednesday,2,9,Morning Rush,1,1,0,0.0
629,Wednesday,2,18,Evening Rush,1,1,1,1.0
629,Wednesday,2,19,Evening,1,1,0,0.0
630,Friday,4,8,Morning Rush,1,1,0,0.0
630,Friday,4,12,Midday,1,1,0,0.0
630,Friday,4,16,Evening Rush,1,1,0,0.0
630,Monday,0,3,Night,1,1,0,0.0
630,Monday,0,7,Morning Rush,1,1,1,1.0
630,Monday,0,22,Evening,1,1,0,0.0
630,Saturday,5,4,Night,1,1,1,1.0
630,Saturday,5,23,Evening,1,1,0,0.0
630,Sunday,6,3,Night,1,1,1,1.0
630,Thursday,3,9,Morning Rush,1,1,0,0.0
630,Thursday,3,11,Midday,1,1,1,1.0
630,Thursday,3,13,Midday,1,1,0,0.0
630,Thursday,3,14,Midday,1,1,1,1.0
630,Tuesday,1,7,Morning Rush,1,1,1,1.0
630,Tuesday,1,12,Midday,3,3,2,0.6666666666666666
630,Tuesday,1,16,Evening Rush,1,1,0,0.0
630,Tuesday,1,17,Evening Rush,1,1,0,0.0
630,Tuesday,1,19,Evening,1,1,0,0.0
630,Tuesday,1,20,Evening,1,1,1,1.0
630,Wednesday,2,7,Morning Rush,1,1,1,1.0
630,Wednesday,2,8,Morning Rush,1,1,1,1.0
630,Wednesday,2,13,Midday,1,1,0,0.0
630,Wednesday,2,16,Evening Rush,1,1,0,0.0
630,Wednesday,2,19,Evening,1,1,1,1.0
631,Friday,4,19,Evening,1,1,0,0.0
631,Friday,4,20,Evening,1,1,0,0.0
631,Monday,0,13,Midday,1,1,1,1.0
631,Monday,0,15,Evening Rush,2,2,0,0.0
631,Saturday,5,10,Midday,1,1,0,0.0
631,Saturday,5,13,Midday,1,1,1,1.0
631,Saturday,5,15,Evening Rush,1,1,0,0.0
631,Saturday,5,18,Evening Rush,1,1,0,0.0
631,Sunday,6,16,Evening Rush,1,1,0,0.0
631,Sunday,6,22,Evening,1,1,1,1.0
631,Thursday,3,0,Night,1,1,0,0.0
631,Thursday,3,6,Morning Rush,1,1,1,1.0
631,Thursday,3,8,Morning Rush,1,1,0,0.0
631,Thursday,3,10,Midday,1,1,0,0.0
631,Thursday,3,13,Midday,1,1,0,0.0
631,Thursday,3,15,Evening Rush,1,1,0,0.0
631,Thursday,3,16,Evening Rush,2,2,0,0.0
631,Tuesday,1,7,Morning Rush,3,3,3,1.0
631,Tuesday,1,8,Morning Rush,1,1,0,0.0
631,Tuesday,1,9,Morning Rush,1,1,0,0.0
631,Tuesday,1,11,Midday,1,1,0,0.0
631,Tuesday,1,14,Midday,1,1,1,1.0
631,Wednesday,2,6,Morning Rush,1,1,0,0.0
631,Wednesday,2,12,Midday,1,1,1,1.0
631,Wednesday,2,15,Evening Rush,1,1,0,0.0
631,Wednesday,2,16,Evening Rush,3,3,0,0.0
632,Friday,4,10,Midday,1,1,1,1.0
632,Friday,4,14,Midday,1,1,0,0.0
632,Friday,4,15,Evening Rush,1,1,1,1.0
632,Friday,4,18,Evening Rush,1,1,1,1.0
632,Monday,0,0,Night,1,1,0,0.0
632,Monday,0,8,Morning Rush,1,1,1,1.0
632,Monday,0,11,Midday,1,1,0,0.0
632,Saturday,5,10,Midday,1,1,0,0.0
632,Saturday,5,11,Midday,1,1,1,1.0
632,Saturday,5,13,Midday,1,1,0,0.0
632,Sunday,6,6,Morning Rush,1,1,0,0.0
632,Sunday,6,8,Morning Rush,1,1,0,0.0
632,Sunday,6,13,Midday,1,1,1,1.0
632,Sunday,6,14,Midday,2,2,1,0.5
632,Sunday,6,17,Evening Rush,1,1,1,1.0
632,Thursday,3,14,Midday,1,1,0,0.0
632,Thursday,3,16,Evening Rush,1,1,0,0.0
632,Tuesday,1,15,Evening Rush,1,1,0,0.0
632,Tuesday,1,16,Evening Rush,2,2,0,0.0
632,Wednesday,2,6,Morning Rush,1,1,1,1.0
632,Wednesday,2,12,Midday,1,1,1,1.0
632,Wednesday,2,17,Evening Rush,1,1,0,0.0
633,Friday,4,3,Night,1,1,1,1.0
633,Friday,4,9,Morning Rush,1,1,1,1.0
633,Friday,4,10,Midday,1,1,1,1.0
633,Friday,4,13,Midday,1,1,0,0.0
633,Friday,4,14,Midday,2,2,0,0.0
633,Friday,4,15,Evening Rush,2,2,1,0.5
633,Friday,4,16,Evening Rush,3,3,0,0.0
633,Friday,4,17,Evening Rush,2,2,0,0.0
633,Friday,4,18,Evening Rush,2,2,0,0.0
633,Friday,4,19,Evening,1,1,0,0.0
633,Friday,4,20,Evening,1,1,0,0.0
633,Friday,4,21,Evening,1,1,0,0.0
633,Friday,4,23,Evening,1,1,1,1.0
633,Monday,0,6,Morning Rush,1,1,1,1.0
633,Monday,0,7,Morning Rush,2,2,0,0.0
633,Monday,0,8,Morning Rush,2,2,0,0.0
633,Monday,0,10,Midday,1,1,0,0.0
633,Monday,0,15,Evening Rush,1,1,0,0.0
633,Monday,0,16,Evening Rush,1,1,0,0.0
633,Monday,0,17,Evening Rush,1,1,0,0.0
633,Monday,0,20,Evening,1,1,0,0.0
633,Monday,0,21,Evening,1,1,1,1.0
633,Saturday,5,7,Morning Rush,1,1,1,1.0
633,Saturday,5,10,Midday,1,1,0,0.0
633,Saturday,5,12,Midday,2,2,0,0.0
633,Saturday,5,13,Midday,2,2,1,0.5
633,Saturday,5,14,Midday,1,1,0,0.0
633,Saturday,5,15,Evening Rush,1,1,1,1.0
633,Saturday,5,16,Evening Rush,3,3,3,1.0
633,Saturday,5,17,Evening Rush,2,2,1,0.5
633,Saturday,5,19,Evening,2,2,0,0.0
633,Saturday,5,21,Evening,1,1,1,1.0
633,Saturday,5,22,Evening,1,1,1,1.0
633,Sunday,6,2,Night,1,1,0,0.0
633,Sunday,6,6,Morning Rush,1,1,1,1.0
633,Sunday,6,8,Morning Rush,3,3,3,1.0
633,Sunday,6,13,Midday,2,2,0,0.0
633,Sunday,6,14,Midday,1,1,0,0.0
633,Sunday,6,15,Evening Rush,1,1,0,0.0
633,Sunday,6,22,Evening,1,1,0,0.0
633,Thursday,3,2,Night,1,1,0,0.0
633,Thursday,3,3,Night,1,1,0,0.0
633,Thursday,3,8,Morning Rush,1,1,0,0.0
633,Thursday,3,9,Morning Rush,1,1,1,1.0
633,Thursday,3,11,Midday,2,2,1,0.5
633,Thursday,3,13,Midday,1,1,0,0.0
633,Thursday,3,14,Midday,1,1,0,0.0
633,Thursday,3,15,Evening Rush,3,3,0,0.0
633,Thursday,3,16,Evening Rush,4,4,2,0.5
633,Thursday,3,17,Evening Rush,3,3,0,0.0
633,Thursday,3,18,Evening Rush,1,1,1,1.0
633,Thursday,3,19,Evening,1,1,0,0.0
633,Thursday,3,21,Evening,1,1,1,1.0
633,Thursday,3,23,Evening,1,1,1,1.0
633,Tuesday,1,2,Night,1,1,1,1.0
633,Tuesday,1,5,Night,1,1,1,1.0
633,Tuesday,1,6,Morning Rush,1,1,1,1.0
633,Tuesday,1,7,Morning Rush,4,4,2,0.5
633,Tuesday,1,10,Midday,1,1,1,1.0
633,Tuesday,1,11,Midday,1,1,1,1.0
633,Tuesday,1,14,Midday,1,1,0,0.0
633,Tuesday,1,15,Evening Rush,3,3,1,0.3333333333333333
633,Tuesday,1,16,Evening Rush,2,2,0,0.0
633,Tuesday,1,17,Evening Rush,1,1,0,0.0
633,Wednesday,2,6,Morning Rush,1,1,0,0.0
633,Wednesday,2,7,Morning Rush,1,1,0,0.0
633,Wednesday,2,8,Morning Rush,1,1,0,0.0
633,Wednesday,2,9,Morning Rush,2,2,1,0.5
633,Wednesday,2,10,Midday,1,1,0,0.0
633,Wednesday,2,12,Midday,2,2,2,1.0
633,Wednesday,2,13,Midday,1,1,0,0.0
633,Wednesday,2,15,Evening Rush,2,2,0,0.0
633,Wednesday,2,16,Evening Rush,7,7,0,0.0
633,Wednesday,2,17,Evening Rush,2,2,0,0.0
633,Wednesday,2,21,Evening,2,2,2,1.0
634,Friday,4,13,Midday,1,1,0,0.0
634,Friday,4,15,Evening Rush,1,1,0,0.0
634,Monday,0,6,Morning Rush,1,1,1,1.0
634,Monday,0,18,Evening Rush,1,1,1,1.0
634,Saturday,5,0,Night,1,1,1,1.0
634,Saturday,5,13,Midday,1,1,1,1.0
634,Sunday,6,2,Night,1,1,0,0.0
634,Sunday,6,8,Morning Rush,1,1,1,1.0
634,Thursday,3,7,Morning Rush,1,1,1,1.0
634,Thursday,3,18,Evening Rush,1,1,1,1.0
634,Thursday,3,23,Evening,1,1,1,1.0
634,Tuesday,1,0,Night,1,1,0,0.0
634,Tuesday,1,11,Midday,1,1,0,0.0
634,Tuesday,1,13,Midday,1,1,0,0.0
634,Tuesday,1,15,Evening Rush,1,1,0,0.0
634,Tuesday,1,16,Evening Rush,1,1,0,0.0
634,Tuesday,1,19,Evening,1,1,1,1.0
634,Tuesday,1,20,Evening,1,1,0,0.0
634,Wednesday,2,2,Night,1,1,0,0.0
634,Wednesday,2,8,Morning Rush,1,1,1,1.0
634,Wednesday,2,14,Midday,2,2,0,0.0
634,Wednesday,2,16,Evening Rush,1,1,0,0.0
634,Wednesday,2,17,Evening Rush,1,1,0,0.0
635,Monday,0,16,Evening Rush,1,1,0,0.0
635,Monday,0,17,Evening Rush,1,1,0,0.0
635,Saturday,5,2,Night,1,1,0,0.0
635,Saturday,5,16,Evening Rush,1,1,0,0.0
635,Saturday,5,19,Evening,3,3,1,0.3333333333333333
635,Saturday,5,22,Evening,1,1,1,1.0
635,Saturday,5,23,Evening,1,1,1,1.0
635,Sunday,6,5,Night,1,1,0,0.0
635,Sunday,6,9,Morning Rush,1,1,0,0.0
635,Sunday,6,15,Evening Rush,1,1,0,0.0
635,Sunday,6,16,Evening Rush,2,2,1,0.5
635,Sunday,6,18,Evening Rush,1,1,1,1.0
635,Sunday,6,22,Evening,1,1,1,1.0
635,Thursday,3,15,Evening Rush,1,1,1,1.0
635,Thursday,3,22,Evening,1,1,0,0.0
635,Tuesday,1,19,Evening,1,1,1,1.0
635,Tuesday,1,23,Evening,1,1,0,0.0
635,Wednesday,2,14,Midday,1,1,0,0.0
635,Wednesday,2,18,Evening Rush,1,1,0,0.0
636,Friday,4,12,Midday,1,1,0,0.0
636,Friday,4,14,Midday,2,2,0,0.0
636,Friday,4,15,Evening Rush,1,1,0,0.0
636,Friday,4,16,Evening Rush,1,1,0,0.0
636,Friday,4,17,Evening Rush,2,2,0,0.0
636,Friday,4,22,Evening,1,1,0,0.0
636,Monday,0,16,Evening Rush,1,1,0,0.0
636,Monday,0,19,Evening,1,1,1,1.0
636,Saturday,5,19,Evening,1,1,0,0.0
636,Saturday,5,20,Evening,1,1,0,0.0
636,Sunday,6,7,Morning Rush,1,1,1,1.0
636,Sunday,6,10,Midday,1,1,1,1.0
636,Sunday,6,12,Midday,1,1,1,1.0
636,Sunday,6,16,Evening Rush,1,1,0,0.0
636,Sunday,6,20,Evening,1,1,0,0.0
636,Sunday,6,21,Evening,1,1,1,1.0
636,Thursday,3,6,Morning Rush,1,1,1,1.0
636,Thursday,3,7,Morning Rush,1,1,0,0.0
636,Thursday,3,8,Morning Rush,1,1,1,1.0
636,Thursday,3,9,Morning Rush,1,1,0,0.0
636,Thursday,3,10,Midday,1,1,0,0.0
636,Thursday,3,18,Evening Rush,1,1,0,0.0
636,Thursday,3,23,Evening,1,1,0,0.0
636,Tuesday,1,11,Midday,1,1,1,1.0
636,Tuesday,1,22,Evening,1,1,0,0.0
636,Wednesday,2,7,Morning Rush,1,1,0,0.0
636,Wednesday,2,8,Morning Rush,1,1,1,1.0
636,Wednesday,2,9,Morning Rush,1,1,1,1.0
636,Wednesday,2,16,Evening Rush,1,1,0,0.0
636,Wednesday,2,17,Evening Rush,1,1,0,0.0
637,Friday,4,5,Night,1,1,0,0.0
637,Friday,4,7,Morning Rush,1,1,0,0.0
637,Friday,4,11,Midday,1,1,0,0.0
637,Friday,4,14,Midday,1,1,1,1.0
637,Friday,4,16,Evening Rush,3,3,0,0.0
637,Monday,0,12,Midday,1,1,1,1.0
637,Monday,0,13,Midday,1,1,0,0.0
637,Saturday,5,0,Night,1,1,1,1.0
637,Saturday,5,3,Night,2,2,2,1.0
637,Saturday,5,15,Evening Rush,1,1,0,0.0
637,Sunday,6,13,Midday,1,1,0,0.0
637,Sunday,6,19,Evening,1,1,1,1.0
637,Thursday,3,6,Morning Rush,1,1,0,0.0
637,Thursday,3,12,Midday,3,3,0,0.0
637,Thursday,3,14,Midday,1,1,1,1.0
637,Tuesday,1,14,Midday,1,1,1,1.0
637,Wednesday,2,10,Midday,1,1,0,0.0
637,Wednesday,2,16,Evening Rush,1,1,0,0.0
637,Wednesday,2,18,Evening Rush,3,3,2,0.6666666666666666
638,Friday,4,14,Midday,1,1,0,0.0
638,Friday,4,17,Evening Rush,1,1,0,0.0
638,Friday,4,20,Evening,1,1,1,1.0
638,Friday,4,21,Evening,1,1,0,0.0
638,Monday,0,7,Morning Rush,2,2,2,1.0
638,Monday,0,10,Midday,1,1,0,0.0
638,Monday,0,11,Midday,1,1,0,0.0
638,Monday,0,15,Evening Rush,1,1,0,0.0
638,Monday,0,16,Evening Rush,1,1,0,0.0
638,Monday,0,19,Evening,1,1,0,0.0
638,Saturday,5,15,Evening Rush,1,1,0,0.0
638,Saturday,5,16,Evening Rush,1,1,0,0.0
638,Saturday,5,18,Evening Rush,3,3,0,0.0
638,Saturday,5,19,Evening,2,2,1,0.5
638,Sunday,6,8,Morning Rush,1,1,1,1.0
638,Sunday,6,22,Evening,2,2,0,0.0
638,Thursday,3,14,Midday,1,1,0,0.0
638,Thursday,3,15,Evening Rush,1,1,1,1.0
638,Tuesday,1,16,Evening Rush,1,1,0,0.0
638,Tuesday,1,19,Evening,1,1,1,1.0
638,Tuesday,1,20,Evening,2,2,1,0.5
638,Tuesday,1,21,Evening,2,2,1,0.5
638,Wednesday,2,15,Evening Rush,1,1,0,0.0
639,Friday,4,9,Morning Rush,1,1,0,0.0
639,Friday,4,10,Midday,1,1,1,1.0
639,Friday,4,15,Evening Rush,1,1,0,0.0
639,Friday,4,16,Evening Rush,1,1,1,1.0
639,Friday,4,17,Evening Rush,1,1,0,0.0
639,Friday,4,21,Evening,1,1,1,1.0
639,Friday,4,23,Evening,1,1,1,1.0
639,Monday,0,12,Midday,1,1,0,0.0
639,Monday,0,16,Evening Rush,1,1,0,0.0
639,Monday,0,20,Evening,1,1,1,1.0
639,Monday,0,23,Evening,1,1,0,0.0
639,Saturday,5,6,Morning Rush,1,1,0,0.0
639,Saturday,5,11,Midday,1,1,0,0.0
639,Thursday,3,14,Midday,1,1,0,0.0
639,Thursday,3,19,Evening,1,1,1,1.0
639,Tuesday,1,12,Midday,2,2,0,0.0
639,Tuesday,1,21,Evening,1,1,1,1.0
639,Wednesday,2,7,Morning Rush,1,1,1,1.0
639,Wednesday,2,10,Midday,1,1,0,0.0
639,Wednesday,2,12,Midday,1,1,0,0.0
639,Wednesday,2,14,Midday,2,2,1,0.5
639,Wednesday,2,19,Evening,1,1,0,0.0
640,Friday,4,13,Midday,1,1,1,1.0
640,Friday,4,16,Evening Rush,1,1,1,1.0
640,Friday,4,20,Evening,1,1,0,0.0
640,Monday,0,8,Morning Rush,1,1,0,0.0
640,Monday,0,12,Midday,1,1,0,0.0
640,Monday,0,15,Evening Rush,1,1,0,0.0
640,Monday,0,16,Evening Rush,1,1,0,0.0
640,Monday,0,17,Evening Rush,1,1,0,0.0
640,Saturday,5,20,Evening,2,2,1,0.5
640,Sunday,6,13,Midday,1,1,0,0.0
640,Sunday,6,16,Evening Rush,1,1,0,0.0
640,Thursday,3,11,Midday,1,1,1,1.0
640,Thursday,3,19,Evening,1,1,0,0.0
640,Tuesday,1,21,Evening,1,1,1,1.0
640,Wednesday,2,0,Night,1,1,1,1.0
640,Wednesday,2,16,Evening Rush,1,1,0,0.0
640,Wednesday,2,18,Evening Rush,2,2,0,0.0
640,Wednesday,2,21,Evening,1,1,0,0.0
640,Wednesday,2,23,Evening,1,1,1,1.0
641,Friday,4,4,Night,1,1,0,0.0
641,Friday,4,5,Night,1,1,0,0.0
641,Friday,4,17,Evening Rush,1,1,0,0.0
641,Friday,4,21,Evening,1,1,1,1.0
641,Monday,0,7,Morning Rush,2,2,0,0.0
641,Monday,0,20,Evening,1,1,1,1.0
641,Sunday,6,14,Midday,1,1,0,0.0
641,Thursday,3,12,Midday,1,1,1,1.0
641,Thursday,3,14,Midday,2,2,0,0.0
641,Thursday,3,21,Evening,1,1,0,0.0
641,Tuesday,1,8,Morning Rush,1,1,1,1.0
641,Tuesday,1,11,Midday,1,1,0,0.0
641,Tuesday,1,14,Midday,1,1,1,1.0
641,Tuesday,1,15,Evening Rush,1,1,0,0.0
641,Tuesday,1,17,Evening Rush,1,1,1,1.0
641,Tuesday,1,19,Evening,1,1,0,0.0
641,Wednesday,2,8,Morning Rush,1,1,0,0.0
641,Wednesday,2,11,Midday,1,1,0,0.0
641,Wednesday,2,14,Midday,1,1,0,0.0
642,Friday,4,0,Night,2,2,0,0.0
642,Friday,4,5,Night,2,2,1,0.5
642,Friday,4,6,Morning Rush,1,1,0,0.0
642,Friday,4,7,Morning Rush,1,1,1,1.0
642,Friday,4,11,Midday,1,1,0,0.0
642,Friday,4,13,Midday,1,1,1,1.0
642,Friday,4,15,Evening Rush,1,1,0,0.0
642,Friday,4,16,Evening Rush,1,1,0,0.0
642,Friday,4,18,Evening Rush,2,2,0,0.0
642,Friday,4,19,Evening,2,2,0,0.0
642,Friday,4,20,Evening,1,1,0,0.0
642,Friday,4,21,Evening,1,1,1,1.0
642,Friday,4,22,Evening,1,1,0,0.0
642,Friday,4,23,Evening,1,1,0,0.0
642,Monday,0,0,Night,1,1,0,0.0
642,Monday,0,10,Midday,1,1,0,0.0
642,Monday,0,13,Midday,1,1,0,0.0
642,Monday,0,14,Midday,2,2,1,0.5
642,Monday,0,15,Evening Rush,1,1,0,0.0
642,Monday,0,16,Evening Rush,2,2,0,0.0
642,Monday,0,17,Evening Rush,1,1,0,0.0
642,Monday,0,18,Evening Rush,1,1,1,1.0
642,Monday,0,19,Evening,2,2,0,0.0
642,Monday,0,20,Evening,1,1,0,0.0
642,Monday,0,22,Evening,1,1,0,0.0
642,Monday,0,23,Evening,1,1,0,0.0
642,Saturday,5,2,Night,1,1,1,1.0
642,Saturday,5,7,Morning Rush,2,2,0,0.0
642,Saturday,5,12,Midday,1,1,0,0.0
642,Saturday,5,13,Midday,2,2,0,0.0
642,Saturday,5,14,Midday,1,1,0,0.0
642,Saturday,5,15,Evening Rush,1,1,0,0.0
642,Saturday,5,16,Evening Rush,1,1,0,0.0
642,Saturday,5,18,Evening Rush,2,2,0,0.0
642,Saturday,5,22,Evening,2,2,0,0.0
642,Saturday,5,23,Evening,1,1,1,1.0
642,Sunday,6,0,Night,1,1,1,1.0
642,Sunday,6,13,Midday,1,1,0,0.0
642,Sunday,6,14,Midday,1,1,0,0.0
642,Sunday,6,15,Evening Rush,1,1,0,0.0
642,Sunday,6,16,Evening Rush,1,1,0,0.0
642,Sunday,6,17,Evening Rush,1,1,0,0.0
642,Sunday,6,18,Evening Rush,1,1,1,1.0
642,Sunday,6,19,Evening,1,1,0,0.0
642,Sunday,6,20,Evening,1,1,0,0.0
642,Sunday,6,22,Evening,2,2,0,0.0
642,Thursday,3,6,Morning Rush,2,2,2,1.0
642,Thursday,3,9,Morning Rush,2,2,0,0.0
642,Thursday,3,12,Midday,1,1,1,1.0
642,Thursday,3,14,Midday,1,1,1,1.0
642,Thursday,3,16,Evening Rush,1,1,0,0.0
642,Thursday,3,17,Evening Rush,1,1,0,0.0
642,Thursday,3,18,Evening Rush,2,2,1,0.5
642,Thursday,3,20,Evening,1,1,0,0.0
642,Thursday,3,21,Evening,1,1,0,0.0
642,Thursday,3,22,Evening,1,1,0,0.0
642,Tuesday,1,3,Night,1,1,1,1.0
642,Tuesday,1,4,Night,1,1,0,0.0
642,Tuesday,1,5,Night,1,1,0,0.0
642,Tuesday,1,6,Morning Rush,1,1,0,0.0
642,Tuesday,1,7,Morning Rush,1,1,1,1.0
642,Tuesday,1,8,Morning Rush,3,3,3,1.0
642,Tuesday,1,9,Morning Rush,2,2,2,1.0
642,Tuesday,1,12,Midday,1,1,0,0.0
642,Tuesday,1,13,Midday,1,1,0,0.0
642,Tuesday,1,18,Evening Rush,3,3,1,0.3333333333333333
642,Tuesday,1,20,Evening,1,1,0,0.0
642,Tuesday,1,21,Evening,1,1,0,0.0
642,Tuesday,1,22,Evening,2,2,2,1.0
642,Wednesday,2,2,Night,1,1,0,0.0
642,Wednesday,2,5,Night,1,1,0,0.0
642,Wednesday,2,6,Morning Rush,1,1,1,1.0
642,Wednesday,2,7,Morning Rush,3,3,3,1.0
642,Wednesday,2,8,Morning Rush,2,2,1,0.5
642,Wednesday,2,9,Morning Rush,1,1,1,1.0
642,Wednesday,2,12,Midday,1,1,0,0.0
642,Wednesday,2,14,Midday,1,1,1,1.0
642,Wednesday,2,18,Evening Rush,4,4,2,0.5
642,Wednesday,2,19,Evening,4,4,1,0.25
642,Wednesday,2,21,Evening,1,1,0,0.0
642,Wednesday,2,22,Evening,1,1,1,1.0
643,Friday,4,9,Morning Rush,3,3,2,0.6666666666666666
643,Friday,4,19,Evening,1,1,0,0.0
643,Monday,0,7,Morning Rush,1,1,0,0.0
643,Monday,0,15,Evening Rush,2,2,0,0.0
643,Sunday,6,22,Evening,1,1,0,0.0
643,Thursday,3,1,Night,1,1,0,0.0
643,Thursday,3,15,Evening Rush,1,1,0,0.0
643,Thursday,3,16,Evening Rush,2,2,0,0.0
643,Thursday,3,19,Evening,1,1,0,0.0
643,Thursday,3,22,Evening,1,1,1,1.0
643,Tuesday,1,8,Morning Rush,1,1,1,1.0
643,Tuesday,1,9,Morning Rush,1,1,0,0.0
643,Wednesday,2,7,Morning Rush,1,1,1,1.0
643,Wednesday,2,8,Morning Rush,2,2,1,0.5
643,Wednesday,2,10,Midday,1,1,0,0.0
643,Wednesday,2,12,Midday,2,2,2,1.0
643,Wednesday,2,14,Midday,1,1,0,0.0
643,Wednesday,2,15,Evening Rush,1,1,0,0.0
643,Wednesday,2,17,Evening Rush,1,1,0,0.0
644,Friday,4,0,Night,1,1,1,1.0
644,Friday,4,12,Midday,1,1,1,1.0
644,Friday,4,14,Midday,1,1,1,1.0
644,Friday,4,17,Evening Rush,1,1,0,0.0
644,Monday,0,7,Morning Rush,1,1,0,0.0
644,Monday,0,9,Morning Rush,2,2,0,0.0
644,Monday,0,22,Evening,1,1,0,0.0
644,Saturday,5,17,Evening Rush,2,2,0,0.0
644,Sunday,6,11,Midday,1,1,1,1.0
644,Sunday,6,15,Evening Rush,1,1,1,1.0
644,Thursday,3,7,Morning Rush,1,1,1,1.0
644,Thursday,3,8,Morning Rush,1,1,0,0.0
644,Thursday,3,13,Midday,1,1,0,0.0
644,Thursday,3,17,Evening Rush,1,1,0,0.0
644,Thursday,3,18,Evening Rush,1,1,1,1.0
644,Thursday,3,19,Evening,1,1,0,0.0
644,Thursday,3,20,Evening,1,1,0,0.0
644,Thursday,3,23,Evening,1,1,0,0.0
644,Tuesday,1,8,Morning Rush,2,2,2,1.0
644,Tuesday,1,11,Midday,1,1,0,0.0
644,Tuesday,1,17,Evening Rush,1,1,1,1.0
644,Tuesday,1,18,Evening Rush,2,2,0,0.0
644,Wednesday,2,8,Morning Rush,1,1,0,0.0
644,Wednesday,2,10,Midday,2,2,0,0.0
644,Wednesday,2,13,Midday,1,1,1,1.0
644,Wednesday,2,14,Midday,2,2,1,0.5
644,Wednesday,2,18,Evening Rush,1,1,1,1.0
645,Friday,4,8,Morning Rush,1,1,1,1.0
645,Friday,4,9,Morning Rush,1,1,0,0.0
645,Friday,4,22,Evening,1,1,1,1.0
645,Monday,0,8,Morning Rush,1,1,0,0.0
645,Monday,0,14,Midday,1,1,1,1.0
645,Monday,0,15,Evening Rush,1,1,0,0.0
645,Monday,0,17,Evening Rush,2,2,0,0.0
645,Monday,0,19,Evening,1,1,0,0.0
645,Saturday,5,8,Morning Rush,1,1,1,1.0
645,Saturday,5,9,Morning Rush,1,1,1,1.0
645,Saturday,5,12,Midday,1,1,1,1.0
645,Saturday,5,13,Midday,1,1,0,0.0
645,Sunday,6,10,Midday,1,1,0,0.0
645,Sunday,6,19,Evening,1,1,0,0.0
645,Thursday,3,8,Morning Rush,1,1,0,0.0
645,Thursday,3,12,Midday,1,1,1,1.0
645,Tuesday,1,7,Morning Rush,1,1,1,1.0
645,Tuesday,1,13,Midday,2,2,2,1.0
645,Tuesday,1,14,Midday,1,1,0,0.0
645,Tuesday,1,15,Evening Rush,1,1,0,0.0
645,Tuesday,1,16,Evening Rush,1,1,0,0.0
645,Tuesday,1,18,Evening Rush,1,1,0,0.0
645,Wednesday,2,12,Midday,1,1,1,1.0
645,Wednesday,2,16,Evening Rush,1,1,0,0.0
646,Friday,4,13,Midday,1,1,1,1.0
646,Friday,4,14,Midday,2,2,0,0.0
646,Friday,4,15,Evening Rush,1,1,0,0.0
646,Friday,4,17,Evening Rush,1,1,0,0.0
646,Friday,4,18,Evening Rush,1,1,0,0.0
646,Monday,0,11,Midday,1,1,1,1.0
646,Monday,0,15,Evening Rush,1,1,0,0.0
646,Monday,0,16,Evening Rush,3,3,1,0.3333333333333333
646,Monday,0,18,Evening Rush,1,1,0,0.0
646,Monday,0,19,Evening,1,1,0,0.0
646,Saturday,5,18,Evening Rush,1,1,1,1.0
646,Sunday,6,12,Midday,1,1,1,1.0
646,Sunday,6,13,Midday,1,1,0,0.0
646,Sunday,6,18,Evening Rush,1,1,0,0.0
646,Thursday,3,13,Midday,1,1,0,0.0
646,Thursday,3,15,Evening Rush,1,1,0,0.0
646,Thursday,3,16,Evening Rush,1,1,1,1.0
646,Thursday,3,18,Evening Rush,1,1,1,1.0
646,Tuesday,1,9,Morning Rush,3,3,0,0.0
646,Tuesday,1,14,Midday,1,1,0,0.0
646,Tuesday,1,17,Evening Rush,2,2,1,0.5
646,Wednesday,2,6,Morning Rush,1,1,0,0.0
646,Wednesday,2,8,Morning Rush,1,1,0,0.0
646,Wednesday,2,9,Morning Rush,1,1,0,0.0
646,Wednesday,2,15,Evening Rush,2,2,0,0.0
646,Wednesday,2,20,Evening,1,1,0,0.0
647,Friday,4,6,Morning Rush,1,1,1,1.0
647,Friday,4,7,Morning Rush,1,1,0,0.0
647,Friday,4,8,Morning Rush,1,1,1,1.0
647,Friday,4,9,Morning Rush,3,3,3,1.0
647,Friday,4,10,Midday,1,1,0,0.0
647,Friday,4,11,Midday,1,1,0,0.0
647,Friday,4,14,Midday,1,1,0,0.0
647,Friday,4,15,Evening Rush,1,1,0,0.0
647,Friday,4,21,Evening,1,1,1,1.0
647,Monday,0,7,Morning Rush,1,1,1,1.0
647,Monday,0,8,Morning Rush,1,1,1,1.0
647,Monday,0,17,Evening Rush,2,2,2,1.0
647,Monday,0,23,Evening,1,1,1,1.0
647,Saturday,5,7,Morning Rush,1,1,1,1.0
647,Saturday,5,8,Morning Rush,1,1,0,0.0
647,Saturday,5,13,Midday,1,1,1,1.0
647,Saturday,5,15,Evening Rush,1,1,0,0.0
647,Saturday,5,17,Evening Rush,1,1,0,0.0
647,Sunday,6,3,Night,1,1,0,0.0
647,Sunday,6,11,Midday,2,2,0,0.0
647,Sunday,6,13,Midday,1,1,0,0.0
647,Sunday,6,17,Evening Rush,1,1,1,1.0
647,Sunday,6,21,Evening,1,1,0,0.0
647,Thursday,3,2,Night,1,1,0,0.0
647,Thursday,3,7,Morning Rush,1,1,1,1.0
647,Thursday,3,8,Morning Rush,1,1,1,1.0
647,Thursday,3,10,Midday,1,1,1,1.0
647,Thursday,3,14,Midday,1,1,0,0.0
647,Thursday,3,15,Evening Rush,1,1,0,0.0
647,Thursday,3,16,Evening Rush,1,1,0,0.0
647,Thursday,3,17,Evening Rush,1,1,1,1.0
647,Thursday,3,18,Evening Rush,1,1,1,1.0
647,Thursday,3,22,Evening,1,1,1,1.0
647,Tuesday,1,8,Morning Rush,1,1,0,0.0
647,Tuesday,1,9,Morning Rush,1,1,0,0.0
647,Tuesday,1,19,Evening,1,1,1,1.0
647,Tuesday,1,20,Evening,1,1,1,1.0
647,Wednesday,2,12,Midday,1,1,1,1.0
647,Wednesday,2,18,Evening Rush,1,1,0,0.0
648,Friday,4,10,Midday,1,1,0,0.0
648,Friday,4,13,Midday,1,1,0,0.0
648,Friday,4,16,Evening Rush,3,3,1,0.3333333333333333
648,Friday,4,17,Evening Rush,1,1,0,0.0
648,Friday,4,19,Evening,1,1,0,0.0
648,Friday,4,20,Evening,2,2,1,0.5
648,Monday,0,6,Morning Rush,1,1,0,0.0
648,Monday,0,8,Morning Rush,1,1,0,0.0
648,Monday,0,16,Evening Rush,1,1,0,0.0
648,Monday,0,17,Evening Rush,1,1,0,0.0
648,Saturday,5,0,Night,1,1,0,0.0
648,Saturday,5,5,Night,2,2,1,0.5
648,Saturday,5,11,Midday,1,1,1,1.0
648,Saturday,5,15,Evening Rush,2,2,1,0.5
648,Saturday,5,19,Evening,1,1,1,1.0
648,Saturday,5,21,Evening,1,1,1,1.0
648,Sunday,6,1,Night,1,1,1,1.0
648,Sunday,6,8,Morning Rush,1,1,1,1.0
648,Sunday,6,16,Evening Rush,1,1,0,0.0
648,Sunday,6,23,Evening,1,1,1,1.0
648,Thursday,3,8,Morning Rush,1,1,1,1.0
648,Thursday,3,13,Midday,1,1,0,0.0
648,Thursday,3,15,Evening Rush,1,1,0,0.0
648,Thursday,3,16,Evening Rush,1,1,0,0.0
648,Thursday,3,19,Evening,1,1,0,0.0
648,Tuesday,1,8,Morning Rush,2,2,2,1.0
648,Tuesday,1,9,Morning Rush,1,1,0,0.0
648,Tuesday,1,16,Evening Rush,1,1,1,1.0
648,Tuesday,1,17,Evening Rush,2,2,0,0.0
648,Tuesday,1,18,Evening Rush,2,2,0,0.0
648,Tuesday,1,19,Evening,1,1,0,0.0
648,Wednesday,2,9,Morning Rush,1,1,0,0.0
648,Wednesday,2,11,Midday,1,1,1,1.0
648,Wednesday,2,13,Midday,2,2,0,0.0
648,Wednesday,2,14,Midday,1,1,0,0.0
648,Wednesday,2,16,Evening Rush,1,1,1,1.0
648,Wednesday,2,17,Evening Rush,2,2,0,0.0
649,Friday,4,11,Midday,1,1,0,0.0
649,Friday,4,13,Midday,1,1,1,1.0
649,Friday,4,15,Evening Rush,1,1,0,0.0
649,Friday,4,19,Evening,1,1,0,0.0
649,Monday,0,7,Morning Rush,2,2,2,1.0
649,Monday,0,8,Morning Rush,1,1,0,0.0
649,Monday,0,16,Evening Rush,3,3,0,0.0
649,Monday,0,18,Evening Rush,1,1,1,1.0
649,Saturday,5,16,Evening Rush,1,1,1,1.0
649,Saturday,5,19,Evening,1,1,1,1.0
649,Sunday,6,12,Midday,1,1,1,1.0
649,Sunday,6,14,Midday,1,1,1,1.0
649,Sunday,6,23,Evening,1,1,0,0.0
649,Thursday,3,8,Morning Rush,1,1,1,1.0
649,Thursday,3,17,Evening Rush,2,2,0,0.0
649,Thursday,3,20,Evening,1,1,1,1.0
649,Tuesday,1,16,Evening Rush,1,1,0,0.0
649,Tuesday,1,17,Evening Rush,2,2,0,0.0
649,Tuesday,1,19,Evening,1,1,0,0.0
649,Wednesday,2,8,Morning Rush,1,1,1,1.0
649,Wednesday,2,9,Morning Rush,2,2,2,1.0
649,Wednesday,2,11,Midday,1,1,0,0.0
649,Wednesday,2,13,Midday,1,1,0,0.0
649,Wednesday,2,19,Evening,1,1,1,1.0
650,Friday,4,6,Morning Rush,1,1,1,1.0
650,Friday,4,13,Midday,1,1,0,0.0
650,Friday,4,17,Evening Rush,1,1,0,0.0
650,Monday,0,7,Morning Rush,2,2,1,0.5
650,Monday,0,9,Morning Rush,2,2,2,1.0
650,Sunday,6,2,Night,1,1,1,1.0
650,Sunday,6,7,Morning Rush,1,1,1,1.0
650,Sunday,6,12,Midday,1,1,0,0.0
650,Sunday,6,13,Midday,1,1,0,0.0
650,Thursday,3,14,Midday,1,1,1,1.0
650,Thursday,3,19,Evening,1,1,1,1.0
650,Thursday,3,21,Evening,1,1,1,1.0
650,Tuesday,1,8,Morning Rush,1,1,0,0.0
650,Tuesday,1,13,Midday,1,1,0,0.0
650,Tuesday,1,14,Midday,1,1,0,0.0
650,Tuesday,1,17,Evening Rush,1,1,1,1.0
650,Tuesday,1,20,Evening,1,1,1,1.0
650,Wednesday,2,8,Morning Rush,1,1,1,1.0
650,Wednesday,2,9,Morning Rush,1,1,0,0.0
650,Wednesday,2,17,Evening Rush,2,2,0,0.0
651,Friday,4,14,Midday,2,2,0,0.0
651,Friday,4,16,Evening Rush,2,2,0,0.0
651,Friday,4,19,Evening,1,1,1,1.0
651,Monday,0,20,Evening,1,1,1,1.0
651,Saturday,5,1,Night,1,1,0,0.0
651,Saturday,5,13,Midday,1,1,1,1.0
651,Saturday,5,14,Midday,1,1,1,1.0
651,Saturday,5,18,Evening Rush,1,1,0,0.0
651,Sunday,6,7,Morning Rush,1,1,1,1.0
651,Sunday,6,10,Midday,1,1,1,1.0
651,Sunday,6,14,Midday,1,1,0,0.0
651,Sunday,6,19,Evening,1,1,1,1.0
651,Thursday,3,18,Evening Rush,1,1,0,0.0
651,Tuesday,1,6,Morning Rush,1,1,1,1.0
651,Tuesday,1,7,Morning Rush,1,1,0,0.0
651,Tuesday,1,10,Midday,1,1,0,0.0
651,Tuesday,1,16,Evening Rush,1,1,1,1.0
651,Tuesday,1,17,Evening Rush,1,1,0,0.0
651,Tuesday,1,22,Evening,2,2,2,1.0
651,Wednesday,2,18,Evening Rush,1,1,0,0.0
652,Friday,4,2,Night,1,1,0,0.0
652,Friday,4,14,Midday,1,1,0,0.0
652,Monday,0,6,Morning Rush,1,1,0,0.0
652,Monday,0,7,Morning Rush,1,1,0,0.0
652,Saturday,5,16,Evening Rush,1,1,0,0.0
652,Saturday,5,18,Evening Rush,1,1,1,1.0
652,Saturday,5,22,Evening,1,1,1,1.0
652,Sunday,6,13,Midday,1,1,0,0.0
652,Thursday,3,16,Evening Rush,1,1,0,0.0
652,Thursday,3,20,Evening,1,1,0,0.0
652,Wednesday,2,2,Night,1,1,0,0.0
653,Friday,4,11,Midday,2,2,1,0.5
653,Friday,4,17,Evening Rush,1,1,1,1.0
653,Friday,4,20,Evening,1,1,1,1.0
653,Friday,4,22,Evening,1,1,1,1.0
653,Monday,0,14,Midday,1,1,1,1.0
653,Monday,0,15,Evening Rush,1,1,0,0.0
653,Monday,0,19,Evening,1,1,1,1.0
653,Monday,0,21,Evening,1,1,0,0.0
653,Saturday,5,1,Night,1,1,1,1.0
653,Saturday,5,2,Night,1,1,1,1.0
653,Saturday,5,3,Night,1,1,0,0.0
653,Saturday,5,6,Morning Rush,1,1,0,0.0
653,Sunday,6,17,Evening Rush,1,1,0,0.0
653,Thursday,3,1,Night,2,2,2,1.0
653,Thursday,3,8,Morning Rush,1,1,1,1.0
653,Thursday,3,15,Evening Rush,1,1,0,0.0
653,Thursday,3,17,Evening Rush,1,1,0,0.0
653,Thursday,3,21,Evening,1,1,0,0.0
653,Thursday,3,22,Evening,1,1,1,1.0
653,Tuesday,1,9,Morning Rush,1,1,0,0.0
653,Tuesday,1,14,Midday,2,2,2,1.0
653,Tuesday,1,16,Evening Rush,2,2,0,0.0
653,Wednesday,2,17,Evening Rush,1,1,1,1.0
653,Wednesday,2,20,Evening,1,1,1,1.0
653,Wednesday,2,23,Evening,1,1,1,1.0
654,Friday,4,7,Morning Rush,1,1,1,1.0
654,Friday,4,8,Morning Rush,1,1,1,1.0
654,Friday,4,9,Morning Rush,1,1,0,0.0
654,Friday,4,13,Midday,2,2,2,1.0
654,Friday,4,15,Evening Rush,2,2,0,0.0
654,Monday,0,6,Morning Rush,1,1,0,0.0
654,Monday,0,11,Midday,1,1,1,1.0
654,Monday,0,13,Midday,1,1,0,0.0
654,Monday,0,14,Midday,1,1,0,0.0
654,Monday,0,19,Evening,2,2,0,0.0
654,Monday,0,22,Evening,1,1,1,1.0
654,Saturday,5,0,Night,1,1,0,0.0
654,Saturday,5,3,Night,1,1,1,1.0
654,Saturday,5,10,Midday,1,1,0,0.0
654,Saturday,5,13,Midday,1,1,0,0.0
654,Saturday,5,16,Evening Rush,1,1,1,1.0
654,Saturday,5,18,Evening Rush,3,3,2,0.6666666666666666
654,Sunday,6,6,Morning Rush,1,1,1,1.0
654,Sunday,6,12,Midday,2,2,1,0.5
654,Sunday,6,14,Midday,1,1,1,1.0
654,Sunday,6,15,Evening Rush,1,1,0,0.0
654,Sunday,6,18,Evening Rush,2,2,0,0.0
654,Thursday,3,7,Morning Rush,1,1,0,0.0
654,Thursday,3,8,Morning Rush,1,1,1,1.0
654,Thursday,3,9,Morning Rush,1,1,1,1.0
654,Thursday,3,11,Midday,1,1,1,1.0
654,Thursday,3,13,Midday,2,2,2,1.0
654,Thursday,3,16,Evening Rush,1,1,0,0.0
654,Thursday,3,20,Evening,1,1,0,0.0
654,Tuesday,1,9,Morning Rush,1,1,1,1.0
654,Tuesday,1,17,Evening Rush,2,2,0,0.0
654,Wednesday,2,7,Morning Rush,1,1,0,0.0
654,Wednesday,2,8,Morning Rush,2,2,1,0.5
654,Wednesday,2,11,Midday,1,1,1,1.0
654,Wednesday,2,14,Midday,1,1,1,1.0
654,Wednesday,2,15,Evening Rush,1,1,0,0.0
654,Wednesday,2,18,Evening Rush,1,1,0,0.0
654,Wednesday,2,19,Evening,1,1,1,1.0
655,Friday,4,0,Night,1,1,0,0.0
655,Friday,4,4,Night,1,1,1,1.0
655,Friday,4,7,Morning Rush,1,1,0,0.0
655,Friday,4,8,Morning Rush,1,1,1,1.0
655,Friday,4,13,Midday,1,1,0,0.0
655,Monday,0,6,Morning Rush,2,2,1,0.5
655,Monday,0,8,Morning Rush,1,1,0,0.0
655,Monday,0,11,Midday,1,1,0,0.0
655,Monday,0,16,Evening Rush,1,1,1,1.0
655,Monday,0,17,Evening Rush,2,2,2,1.0
655,Monday,0,18,Evening Rush,1,1,0,0.0
655,Monday,0,19,Evening,2,2,0,0.0
655,Monday,0,21,Evening,1,1,1,1.0
655,Saturday,5,5,Night,1,1,0,0.0
655,Saturday,5,13,Midday,1,1,0,0.0
655,Saturday,5,19,Evening,1,1,0,0.0
655,Sunday,6,15,Evening Rush,1,1,0,0.0
655,Sunday,6,18,Evening Rush,2,2,0,0.0
655,Thursday,3,6,Morning Rush,2,2,2,1.0
655,Thursday,3,8,Morning Rush,1,1,0,0.0
655,Thursday,3,9,Morning Rush,1,1,1,1.0
655,Thursday,3,18,Evening Rush,1,1,0,0.0
655,Thursday,3,21,Evening,1,1,0,0.0
655,Tuesday,1,6,Morning Rush,1,1,0,0.0
655,Tuesday,1,7,Morning Rush,1,1,0,0.0
655,Tuesday,1,8,Morning Rush,1,1,0,0.0
655,Tuesday,1,10,Midday,2,2,0,0.0
655,Tuesday,1,15,Evening Rush,1,1,1,1.0
655,Tuesday,1,16,Evening Rush,1,1,0,0.0
655,Tuesday,1,17,Evening Rush,2,2,0,0.0
655,Tuesday,1,18,Evening Rush,4,4,3,0.75
655,Tuesday,1,19,Evening,5,5,2,0.4
655,Tuesday,1,21,Evening,1,1,0,0.0
655,Tuesday,1,23,Evening,1,1,0,0.0
655,Wednesday,2,16,Evening Rush,1,1,1,1.0
655,Wednesday,2,17,Evening Rush,1,1,0,0.0
655,Wednesday,2,19,Evening,1,1,0,0.0
655,Wednesday,2,21,Evening,1,1,1,1.0
656,Friday,4,0,Night,1,1,0,0.0
656,Friday,4,21,Evening,1,1,1,1.0
656,Monday,0,3,Night,1,1,1,1.0
656,Monday,0,13,Midday,1,1,0,0.0
656,Monday,0,17,Evening Rush,1,1,0,0.0
656,Saturday,5,13,Midday,1,1,1,1.0
656,Saturday,5,14,Midday,1,1,0,0.0
656,Saturday,5,17,Evening Rush,1,1,0,0.0
656,Sunday,6,13,Midday,1,1,0,0.0
656,Sunday,6,15,Evening Rush,1,1,0,0.0
656,Thursday,3,6,Morning Rush,1,1,1,1.0
656,Thursday,3,13,Midday,1,1,1,1.0
656,Thursday,3,18,Evening Rush,1,1,1,1.0
656,Thursday,3,19,Evening,1,1,0,0.0
656,Tuesday,1,15,Evening Rush,2,2,1,0.5
656,Tuesday,1,17,Evening Rush,1,1,1,1.0
656,Tuesday,1,18,Evening Rush,1,1,0,0.0
656,Wednesday,2,8,Morning Rush,1,1,1,1.0
656,Wednesday,2,17,Evening Rush,1,1,0,0.0
656,Wednesday,2,19,Evening,1,1,1,1.0
657,Friday,4,6,Morning Rush,1,1,0,0.0
657,Friday,4,7,Morning Rush,1,1,1,1.0
657,Friday,4,9,Morning Rush,1,1,0,0.0
657,Friday,4,10,Midday,2,2,0,0.0
657,Friday,4,15,Evening Rush,1,1,1,1.0
657,Monday,0,9,Morning Rush,1,1,1,1.0
657,Monday,0,21,Evening,2,2,1,0.5
657,Saturday,5,15,Evening Rush,1,1,1,1.0
657,Saturday,5,19,Evening,1,1,0,0.0
657,Saturday,5,20,Evening,1,1,1,1.0
657,Thursday,3,6,Morning Rush,1,1,0,0.0
657,Thursday,3,7,Morning Rush,1,1,0,0.0
657,Thursday,3,17,Evening Rush,1,1,0,0.0
657,Thursday,3,18,Evening Rush,1,1,1,1.0
657,Tuesday,1,4,Night,1,1,0,0.0
657,Tuesday,1,9,Morning Rush,1,1,0,0.0
657,Tuesday,1,10,Midday,1,1,1,1.0
657,Tuesday,1,17,Evening Rush,1,1,1,1.0
657,Wednesday,2,14,Midday,1,1,0,0.0
657,Wednesday,2,16,Evening Rush,1,1,0,0.0
658,Friday,4,17,Evening Rush,1,1,0,0.0
658,Friday,4,22,Evening,1,1,1,1.0
658,Monday,0,17,Evening Rush,1,1,0,0.0
658,Monday,0,20,Evening,1,1,0,0.0
658,Monday,0,22,Evening,1,1,0,0.0
658,Saturday,5,4,Night,1,1,0,0.0
658,Saturday,5,9,Morning Rush,1,1,1,1.0
658,Saturday,5,11,Midday,1,1,0,0.0
658,Sunday,6,8,Morning Rush,1,1,1,1.0
658,Sunday,6,10,Midday,1,1,1,1.0
658,Sunday,6,14,Midday,1,1,1,1.0
658,Sunday,6,15,Evening Rush,1,1,1,1.0
658,Sunday,6,23,Evening,1,1,0,0.0
658,Thursday,3,17,Evening Rush,2,2,1,0.5
658,Tuesday,1,15,Evening Rush,1,1,1,1.0
658,Wednesday,2,8,Morning Rush,1,1,1,1.0
658,Wednesday,2,10,Midday,1,1,0,0.0
658,Wednesday,2,11,Midday,1,1,0,0.0
659,Friday,4,13,Midday,1,1,0,0.0
659,Friday,4,18,Evening Rush,1,1,0,0.0
659,Monday,0,11,Midday,2,2,1,0.5
659,Monday,0,16,Evening Rush,3,3,1,0.3333333333333333
659,Monday,0,18,Evening Rush,1,1,1,1.0
659,Saturday,5,8,Morning Rush,1,1,1,1.0
659,Saturday,5,10,Midday,1,1,0,0.0
659,Saturday,5,13,Midday,1,1,0,0.0
659,Sunday,6,12,Midday,1,1,0,0.0
659,Sunday,6,16,Evening Rush,1,1,1,1.0
659,Thursday,3,8,Morning Rush,1,1,1,1.0
659,Thursday,3,11,Midday,1,1,1,1.0
659,Thursday,3,19,Evening,1,1,0,0.0
659,Tuesday,1,6,Morning Rush,1,1,1,1.0
659,Tuesday,1,7,Morning Rush,1,1,0,0.0
659,Tuesday,1,16,Evening Rush,2,2,0,0.0
659,Tuesday,1,17,Evening Rush,2,2,0,0.0
659,Tuesday,1,18,Evening Rush,1,1,0,0.0
659,Tuesday,1,23,Evening,1,1,0,0.0
659,Wednesday,2,9,Morning Rush,1,1,0,0.0
659,Wednesday,2,14,Midday,1,1,0,0.0
659,Wednesday,2,17,Evening Rush,2,2,1,0.5
660,Friday,4,3,Night,1,1,0,0.0
660,Friday,4,6,Morning Rush,1,1,1,1.0
660,Friday,4,13,Midday,1,1,0,0.0
660,Monday,0,7,Morning Rush,1,1,1,1.0
660,Monday,0,12,Midday,1,1,0,0.0
660,Monday,0,17,Evening Rush,2,2,1,0.5
660,Saturday,5,0,Night,1,1,0,0.0
660,Saturday,5,9,Morning Rush,1,1,0,0.0
660,Saturday,5,11,Midday,1,1,0,0.0
660,Saturday,5,12,Midday,1,1,0,0.0
660,Saturday,5,14,Midday,1,1,0,0.0
660,Sunday,6,9,Morning Rush,1,1,0,0.0
660,Sunday,6,13,Midday,1,1,1,1.0
660,Sunday,6,17,Evening Rush,1,1,0,0.0
660,Thursday,3,8,Morning Rush,1,1,1,1.0
660,Thursday,3,9,Morning Rush,1,1,1,1.0
660,Thursday,3,15,Evening Rush,1,1,1,1.0
660,Tuesday,1,16,Evening Rush,1,1,0,0.0
660,Tuesday,1,17,Evening Rush,1,1,0,0.0
660,Tuesday,1,18,Evening Rush,1,1,0,0.0
660,Wednesday,2,22,Evening,1,1,1,1.0
661,Friday,4,7,Morning Rush,2,2,0,0.0
661,Friday,4,15,Evening Rush,1,1,1,1.0
661,Friday,4,16,Evening Rush,1,1,0,0.0
661,Friday,4,18,Evening Rush,2,2,0,0.0
661,Friday,4,23,Evening,1,1,0,0.0
661,Monday,0,14,Midday,2,2,0,0.0
661,Saturday,5,8,Morning Rush,2,2,2,1.0
661,Saturday,5,14,Midday,1,1,1,1.0
661,Saturday,5,17,Evening Rush,1,1,0,0.0
661,Sunday,6,12,Midday,1,1,1,1.0
661,Sunday,6,16,Evening Rush,3,3,0,0.0
661,Sunday,6,20,Evening,1,1,0,0.0
661,Thursday,3,9,Morning Rush,2,2,2,1.0
661,Thursday,3,10,Midday,1,1,0,0.0
661,Thursday,3,11,Midday,1,1,1,1.0
661,Thursday,3,12,Midday,1,1,1,1.0
661,Thursday,3,15,Evening Rush,1,1,0,0.0
661,Tuesday,1,10,Midday,1,1,0,0.0
661,Tuesday,1,15,Evening Rush,4,4,0,0.0
661,Tuesday,1,16,Evening Rush,1,1,0,0.0
661,Wednesday,2,7,Morning Rush,2,2,0,0.0
661,Wednesday,2,11,Midday,1,1,0,0.0
661,Wednesday,2,14,Midday,1,1,1,1.0
661,Wednesday,2,17,Evening Rush,1,1,0,0.0
661,Wednesday,2,19,Evening,1,1,0,0.0
661,Wednesday,2,21,Evening,1,1,0,0.0
662,Friday,4,7,Morning Rush,1,1,1,1.0
662,Friday,4,16,Evening Rush,1,1,0,0.0
662,Friday,4,21,Evening,1,1,0,0.0
662,Monday,0,7,Morning Rush,1,1,1,1.0
662,Monday,0,14,Midday,2,2,1,0.5
662,Monday,0,21,Evening,1,1,0,0.0
662,Saturday,5,22,Evening,1,1,0,0.0
662,Sunday,6,1,Night,1,1,0,0.0
662,Thursday,3,17,Evening Rush,2,2,2,1.0
662,Thursday,3,23,Evening,1,1,1,1.0
662,Tuesday,1,11,Midday,3,3,2,0.6666666666666666
662,Tuesday,1,16,Evening Rush,1,1,0,0.0
662,Tuesday,1,17,Evening Rush,2,2,1,0.5
662,Wednesday,2,8,Morning Rush,3,3,2,0.6666666666666666
663,Friday,4,14,Midday,1,1,0,0.0
663,Friday,4,17,Evening Rush,2,2,0,0.0
663,Friday,4,18,Evening Rush,2,2,0,0.0
663,Monday,0,8,Morning Rush,1,1,0,0.0
663,Monday,0,14,Midday,1,1,1,1.0
663,Monday,0,17,Evening Rush,1,1,1,1.0
663,Saturday,5,6,Morning Rush,1,1,1,1.0
663,Saturday,5,9,Morning Rush,1,1,1,1.0
663,Saturday,5,17,Evening Rush,1,1,0,0.0
663,Thursday,3,15,Evening Rush,2,2,0,0.0
663,Thursday,3,17,Evening Rush,1,1,1,1.0
663,Tuesday,1,6,Morning Rush,2,2,2,1.0
663,Tuesday,1,13,Midday,1,1,0,0.0
663,Tuesday,1,14,Midday,1,1,1,1.0
663,Tuesday,1,17,Evening Rush,1,1,0,0.0
663,Wednesday,2,12,Midday,2,2,0,0.0
664,Friday,4,1,Night,1,1,0,0.0
664,Friday,4,13,Midday,2,2,0,0.0
664,Friday,4,16,Evening Rush,1,1,1,1.0
664,Monday,0,3,Night,1,1,0,0.0
664,Monday,0,9,Morning Rush,1,1,0,0.0
664,Sunday,6,12,Midday,2,2,0,0.0
664,Sunday,6,18,Evening Rush,1,1,0,0.0
664,Thursday,3,15,Evening Rush,1,1,0,0.0
664,Thursday,3,16,Evening Rush,1,1,0,0.0
664,Thursday,3,17,Evening Rush,2,2,0,0.0
664,Tuesday,1,8,Morning Rush,1,1,1,1.0
664,Tuesday,1,17,Evening Rush,1,1,0,0.0
664,Tuesday,1,18,Evening Rush,1,1,0,0.0
664,Tuesday,1,19,Evening,1,1,0,0.0
664,Wednesday,2,6,Morning Rush,1,1,1,1.0
664,Wednesday,2,11,Midday,3,3,2,0.6666666666666666
664,Wednesday,2,14,Midday,1,1,0,0.0
664,Wednesday,2,21,Evening,1,1,1,1.0
665,Friday,4,14,Midday,1,1,1,1.0
665,Friday,4,15,Evening Rush,1,1,0,0.0
665,Friday,4,16,Evening Rush,1,1,0,0.0
665,Friday,4,19,Evening,1,1,0,0.0
665,Friday,4,20,Evening,1,1,0,0.0
665,Monday,0,14,Midday,1,1,1,1.0
665,Monday,0,18,Evening Rush,1,1,0,0.0
665,Monday,0,19,Evening,1,1,0,0.0
665,Monday,0,20,Evening,1,1,0,0.0
665,Saturday,5,9,Morning Rush,1,1,1,1.0
665,Saturday,5,14,Midday,1,1,0,0.0
665,Thursday,3,9,Morning Rush,1,1,1,1.0
665,Thursday,3,11,Midday,1,1,1,1.0
665,Thursday,3,17,Evening Rush,1,1,0,0.0
665,Tuesday,1,11,Midday,1,1,0,0.0
665,Tuesday,1,16,Evening Rush,1,1,1,1.0
665,Wednesday,2,7,Morning Rush,1,1,0,0.0
665,Wednesday,2,9,Morning Rush,1,1,1,1.0
665,Wednesday,2,11,Midday,1,1,0,0.0
665,Wednesday,2,18,Evening Rush,1,1,0,0.0
666,Friday,4,0,Night,1,1,1,1.0
666,Monday,0,13,Midday,1,1,1,1.0
666,Monday,0,17,Evening Rush,1,1,1,1.0
666,Saturday,5,13,Midday,1,1,0,0.0
666,Sunday,6,3,Night,1,1,0,0.0
666,Thursday,3,13,Midday,2,2,2,1.0
666,Thursday,3,14,Midday,1,1,0,0.0
666,Thursday,3,15,Evening Rush,1,1,1,1.0
666,Thursday,3,16,Evening Rush,1,1,1,1.0
666,Thursday,3,17,Evening Rush,1,1,0,0.0
666,Tuesday,1,16,Evening Rush,3,3,1,0.3333333333333333
666,Tuesday,1,17,Evening Rush,2,2,0,0.0
666,Wednesday,2,6,Morning Rush,1,1,0,0.0
666,Wednesday,2,8,Morning Rush,2,2,2,1.0
666,Wednesday,2,16,Evening Rush,2,2,1,0.5
667,Friday,4,5,Night,1,1,0,0.0
667,Friday,4,12,Midday,1,1,0,0.0
667,Friday,4,20,Evening,1,1,0,0.0
667,Friday,4,22,Evening,1,1,0,0.0
667,Monday,0,8,Morning Rush,1,1,1,1.0
667,Monday,0,13,Midday,1,1,0,0.0
667,Monday,0,16,Evening Rush,1,1,1,1.0
667,Monday,0,17,Evening Rush,1,1,0,0.0
667,Monday,0,22,Evening,1,1,0,0.0
667,Saturday,5,3,Night,1,1,1,1.0
667,Sunday,6,13,Midday,1,1,1,1.0
667,Sunday,6,16,Evening Rush,1,1,0,0.0
667,Sunday,6,17,Evening Rush,1,1,0,0.0
667,Sunday,6,19,Evening,1,1,0,0.0
667,Sunday,6,20,Evening,1,1,1,1.0
667,Thursday,3,7,Morning Rush,1,1,1,1.0
667,Thursday,3,22,Evening,1,1,1,1.0
667,Tuesday,1,15,Evening Rush,1,1,0,0.0
667,Tuesday,1,16,Evening Rush,1,1,1,1.0
667,Wednesday,2,5,Night,1,1,0,0.0
667,Wednesday,2,6,Morning Rush,1,1,0,0.0
667,Wednesday,2,10,Midday,1,1,1,1.0
667,Wednesday,2,17,Evening Rush,1,1,1,1.0
667,Wednesday,2,21,Evening,1,1,0,0.0
668,Friday,4,2,Night,1,1,0,0.0
668,Friday,4,10,Midday,1,1,0,0.0
668,Friday,4,15,Evening Rush,1,1,0,0.0
668,Friday,4,20,Evening,1,1,1,1.0
668,Monday,0,8,Morning Rush,1,1,1,1.0
668,Monday,0,18,Evening Rush,1,1,1,1.0
668,Saturday,5,6,Morning Rush,1,1,1,1.0
668,Saturday,5,7,Morning Rush,1,1,1,1.0
668,Saturday,5,9,Morning Rush,1,1,1,1.0
668,Saturday,5,21,Evening,1,1,0,0.0
668,Sunday,6,0,Night,1,1,0,0.0
668,Sunday,6,2,Night,1,1,0,0.0
668,Sunday,6,6,Morning Rush,1,1,1,1.0
668,Sunday,6,9,Morning Rush,1,1,1,1.0
668,Sunday,6,14,Midday,1,1,0,0.0
668,Thursday,3,15,Evening Rush,1,1,1,1.0
668,Thursday,3,16,Evening Rush,2,2,2,1.0
668,Tuesday,1,7,Morning Rush,1,1,0,0.0
668,Tuesday,1,12,Midday,1,1,0,0.0
668,Tuesday,1,14,Midday,1,1,0,0.0
668,Tuesday,1,16,Evening Rush,2,2,1,0.5
668,Tuesday,1,17,Evening Rush,1,1,0,0.0
668,Tuesday,1,23,Evening,1,1,0,0.0
668,Wednesday,2,8,Morning Rush,1,1,1,1.0
668,Wednesday,2,9,Morning Rush,1,1,1,1.0
668,Wednesday,2,16,Evening Rush,1,1,0,0.0
669,Friday,4,12,Midday,1,1,1,1.0
669,Friday,4,16,Evening Rush,1,1,0,0.0
669,Monday,0,7,Morning Rush,1,1,0,0.0
669,Monday,0,17,Evening Rush,1,1,1,1.0
669,Saturday,5,0,Night,1,1,1,1.0
669,Saturday,5,8,Morning Rush,2,2,0,0.0
669,Saturday,5,9,Morning Rush,1,1,1,1.0
669,Saturday,5,14,Midday,2,2,1,0.5
669,Saturday,5,16,Evening Rush,2,2,0,0.0
669,Saturday,5,19,Evening,1,1,0,0.0
669,Saturday,5,22,Evening,2,2,0,0.0
669,Sunday,6,18,Evening Rush,1,1,0,0.0
669,Sunday,6,19,Evening,1,1,0,0.0
669,Sunday,6,23,Evening,1,1,0,0.0
669,Thursday,3,0,Night,1,1,0,0.0
669,Thursday,3,1,Night,1,1,1,1.0
669,Thursday,3,8,Morning Rush,1,1,1,1.0
669,Thursday,3,9,Morning Rush,1,1,0,0.0
669,Thursday,3,17,Evening Rush,1,1,0,0.0
669,Thursday,3,19,Evening,1,1,0,0.0
669,Thursday,3,21,Evening,1,1,0,0.0
669,Tuesday,1,9,Morning Rush,1,1,0,0.0
669,Tuesday,1,10,Midday,1,1,0,0.0
669,Tuesday,1,16,Evening Rush,1,1,0,0.0
669,Tuesday,1,18,Evening Rush,1,1,0,0.0
669,Tuesday,1,22,Evening,1,1,1,1.0
669,Wednesday,2,11,Midday,1,1,0,0.0
669,Wednesday,2,14,Midday,1,1,0,0.0
669,Wednesday,2,15,Evening Rush,1,1,1,1.0
669,Wednesday,2,18,Evening Rush,1,1,1,1.0
669,Wednesday,2,19,Evening,1,1,0,0.0
669,Wednesday,2,23,Evening,1,1,0,0.0
670,Friday,4,13,Midday,1,1,0,0.0
670,Monday,0,7,Morning Rush,1,1,0,0.0
670,Monday,0,19,Evening,1,1,0,0.0
670,Saturday,5,2,Night,1,1,0,0.0
670,Saturday,5,6,Morning Rush,1,1,1,1.0
670,Saturday,5,11,Midday,1,1,1,1.0
670,Saturday,5,15,Evening Rush,2,2,0,0.0
670,Sunday,6,3,Night,1,1,0,0.0
670,Thursday,3,13,Midday,1,1,0,0.0
670,Thursday,3,14,Midday,1,1,1,1.0
670,Thursday,3,15,Evening Rush,2,2,0,0.0
670,Tuesday,1,19,Evening,1,1,1,1.0
670,Wednesday,2,9,Morning Rush,1,1,0,0.0
670,Wednesday,2,14,Midday,1,1,0,0.0
670,Wednesday,2,18,Evening Rush,3,3,1,0.3333333333333333
670,Wednesday,2,21,Evening,1,1,1,1.0
671,Friday,4,6,Morning Rush,1,1,1,1.0
671,Friday,4,7,Morning Rush,1,1,1,1.0
671,Friday,4,12,Midday,1,1,0,0.0
671,Friday,4,22,Evening,1,1,1,1.0
671,Monday,0,6,Morning Rush,1,1,0,0.0
671,Monday,0,10,Midday,1,1,1,1.0
671,Monday,0,19,Evening,1,1,0,0.0
671,Saturday,5,10,Midday,1,1,0,0.0
671,Sunday,6,1,Night,1,1,0,0.0
671,Sunday,6,2,Night,1,1,0,0.0
671,Sunday,6,11,Midday,1,1,1,1.0
671,Sunday,6,16,Evening Rush,1,1,0,0.0
671,Sunday,6,19,Evening,1,1,0,0.0
671,Thursday,3,0,Night,1,1,1,1.0
671,Thursday,3,8,Morning Rush,1,1,0,0.0
671,Thursday,3,10,Midday,1,1,1,1.0
671,Tuesday,1,14,Midday,1,1,1,1.0
671,Tuesday,1,23,Evening,1,1,1,1.0
671,Wednesday,2,14,Midday,1,1,1,1.0
671,Wednesday,2,22,Evening,1,1,1,1.0
672,Friday,4,8,Morning Rush,1,1,1,1.0
672,Friday,4,15,Evening Rush,1,1,0,0.0
672,Friday,4,16,Evening Rush,1,1,1,1.0
672,Friday,4,19,Evening,1,1,0,0.0
672,Monday,0,0,Night,1,1,0,0.0
672,Monday,0,9,Morning Rush,1,1,1,1.0
672,Monday,0,11,Midday,1,1,1,1.0
672,Monday,0,12,Midday,1,1,0,0.0
672,Monday,0,15,Evening Rush,1,1,1,1.0
672,Monday,0,17,Evening Rush,1,1,1,1.0
672,Saturday,5,6,Morning Rush,1,1,1,1.0
672,Saturday,5,16,Evening Rush,1,1,0,0.0
672,Saturday,5,18,Evening Rush,1,1,1,1.0
672,Sunday,6,16,Evening Rush,1,1,1,1.0
672,Thursday,3,5,Night,1,1,0,0.0
672,Thursday,3,13,Midday,1,1,0,0.0
672,Tuesday,1,9,Morning Rush,1,1,0,0.0
672,Tuesday,1,11,Midday,1,1,1,1.0
672,Tuesday,1,15,Evening Rush,1,1,0,0.0
672,Wednesday,2,20,Evening,1,1,1,1.0
672,Wednesday,2,22,Evening,2,2,0,0.0
673,Friday,4,0,Night,1,1,1,1.0
673,Friday,4,3,Night,1,1,0,0.0
673,Friday,4,11,Midday,1,1,0,0.0
673,Friday,4,17,Evening Rush,1,1,0,0.0
673,Friday,4,21,Evening,1,1,1,1.0
673,Monday,0,6,Morning Rush,1,1,0,0.0
673,Monday,0,8,Morning Rush,3,3,1,0.3333333333333333
673,Saturday,5,14,Midday,1,1,1,1.0
673,Saturday,5,22,Evening,1,1,0,0.0
673,Thursday,3,4,Night,1,1,1,1.0
673,Thursday,3,7,Morning Rush,1,1,0,0.0
673,Thursday,3,9,Morning Rush,1,1,0,0.0
673,Thursday,3,10,Midday,1,1,0,0.0
673,Thursday,3,14,Midday,1,1,0,0.0
673,Tuesday,1,4,Night,1,1,0,0.0
673,Tuesday,1,13,Midday,1,1,1,1.0
673,Wednesday,2,7,Morning Rush,1,1,0,0.0
673,Wednesday,2,11,Midday,3,3,3,1.0
673,Wednesday,2,22,Evening,2,2,0,0.0
673,Wednesday,2,23,Evening,1,1,0,0.0
674,Friday,4,14,Midday,1,1,1,1.0
674,Friday,4,16,Evening Rush,1,1,0,0.0
674,Monday,0,8,Morning Rush,1,1,0,0.0
674,Monday,0,11,Midday,1,1,0,0.0
674,Monday,0,15,Evening Rush,1,1,0,0.0
674,Monday,0,19,Evening,1,1,0,0.0
674,Saturday,5,11,Midday,1,1,0,0.0
674,Saturday,5,22,Evening,1,1,1,1.0
674,Thursday,3,9,Morning Rush,2,2,2,1.0
674,Thursday,3,15,Evening Rush,1,1,0,0.0
674,Thursday,3,16,Evening Rush,1,1,0,0.0
674,Thursday,3,18,Evening Rush,1,1,0,0.0
674,Tuesday,1,8,Morning Rush,1,1,1,1.0
674,Tuesday,1,15,Evening Rush,2,2,0,0.0
674,Wednesday,2,1,Night,1,1,1,1.0
674,Wednesday,2,8,Morning Rush,1,1,1,1.0
674,Wednesday,2,10,Midday,1,1,1,1.0
674,Wednesday,2,15,Evening Rush,3,3,0,0.0
675,Friday,4,15,Evening Rush,2,2,1,0.5
675,Friday,4,23,Evening,1,1,0,0.0
675,Monday,0,8,Morning Rush,1,1,1,1.0
675,Monday,0,10,Midday,1,1,1,1.0
675,Monday,0,13,Midday,1,1,0,0.0
675,Monday,0,16,Evening Rush,1,1,1,1.0
675,Monday,0,17,Evening Rush,1,1,0,0.0
675,Monday,0,20,Evening,1,1,0,0.0
675,Saturday,5,7,Morning Rush,1,1,0,0.0
675,Sunday,6,14,Midday,1,1,0,0.0
675,Sunday,6,18,Evening Rush,1,1,1,1.0
675,Thursday,3,5,Night,1,1,1,1.0
675,Thursday,3,8,Morning Rush,1,1,1,1.0
675,Thursday,3,23,Evening,1,1,0,0.0
675,Tuesday,1,8,Morning Rush,2,2,1,0.5
675,Tuesday,1,11,Midday,1,1,1,1.0
675,Tuesday,1,18,Evening Rush,2,2,0,0.0
675,Tuesday,1,19,Evening,1,1,1,1.0
675,Wednesday,2,6,Morning Rush,1,1,1,1.0
675,Wednesday,2,8,Morning Rush,1,1,0,0.0
675,Wednesday,2,18,Evening Rush,1,1,1,1.0
675,Wednesday,2,22,Evening,1,1,0,0.0
676,Friday,4,7,Morning Rush,3,3,1,0.3333333333333333
676,Friday,4,12,Midday,1,1,0,0.0
676,Monday,0,16,Evening Rush,1,1,1,1.0
676,Monday,0,20,Evening,1,1,1,1.0
676,Saturday,5,11,Midday,1,1,1,1.0
676,Saturday,5,17,Evening Rush,2,2,1,0.5
676,Saturday,5,20,Evening,1,1,1,1.0
676,Thursday,3,2,Night,2,2,0,0.0
676,Thursday,3,8,Morning Rush,1,1,0,0.0
676,Thursday,3,10,Midday,1,1,0,0.0
676,Thursday,3,17,Evening Rush,1,1,0,0.0
676,Tuesday,1,6,Morning Rush,1,1,1,1.0
676,Tuesday,1,8,Morning Rush,1,1,1,1.0
676,Tuesday,1,14,Midday,1,1,0,0.0
676,Tuesday,1,15,Evening Rush,1,1,1,1.0
676,Tuesday,1,17,Evening Rush,1,1,1,1.0
676,Wednesday,2,0,Night,1,1,0,0.0
676,Wednesday,2,8,Morning Rush,1,1,1,1.0
676,Wednesday,2,10,Midday,1,1,1,1.0
676,Wednesday,2,17,Evening Rush,1,1,0,0.0
676,Wednesday,2,22,Evening,1,1,0,0.0
677,Friday,4,9,Morning Rush,1,1,1,1.0
677,Friday,4,14,Midday,1,1,1,1.0
677,Friday,4,18,Evening Rush,1,1,1,1.0
677,Monday,0,8,Morning Rush,1,1,0,0.0
677,Saturday,5,10,Midday,1,1,0,0.0
677,Sunday,6,1,Night,1,1,0,0.0
677,Sunday,6,16,Evening Rush,1,1,0,0.0
677,Tuesday,1,7,Morning Rush,2,2,2,1.0
677,Tuesday,1,15,Evening Rush,1,1,1,1.0
677,Tuesday,1,22,Evening,2,2,0,0.0
677,Tuesday,1,23,Evening,1,1,0,0.0
677,Wednesday,2,5,Night,1,1,0,0.0
677,Wednesday,2,6,Morning Rush,1,1,0,0.0
677,Wednesday,2,7,Morning Rush,1,1,1,1.0
677,Wednesday,2,8,Morning Rush,2,2,1,0.5
677,Wednesday,2,9,Morning Rush,1,1,0,0.0
677,Wednesday,2,10,Midday,1,1,0,0.0
677,Wednesday,2,12,Midday,1,1,0,0.0
678,Friday,4,18,Evening Rush,1,1,0,0.0
678,Friday,4,19,Evening,3,3,1,0.3333333333333333
678,Monday,0,9,Morning Rush,1,1,1,1.0
678,Monday,0,10,Midday,1,1,0,0.0
678,Monday,0,17,Evening Rush,1,1,0,0.0
678,Saturday,5,12,Midday,1,1,1,1.0
678,Saturday,5,13,Midday,1,1,0,0.0
678,Saturday,5,15,Evening Rush,1,1,1,1.0
678,Sunday,6,11,Midday,1,1,0,0.0
678,Sunday,6,15,Evening Rush,1,1,1,1.0
678,Sunday,6,17,Evening Rush,1,1,0,0.0
678,Sunday,6,19,Evening,2,2,1,0.5
678,Thursday,3,8,Morning Rush,1,1,0,0.0
678,Thursday,3,12,Midday,1,1,0,0.0
678,Thursday,3,14,Midday,1,1,0,0.0
678,Thursday,3,16,Evening Rush,3,3,0,0.0
678,Tuesday,1,10,Midday,1,1,1,1.0
678,Tuesday,1,19,Evening,1,1,1,1.0
678,Tuesday,1,21,Evening,1,1,0,0.0
678,Wednesday,2,3,Night,1,1,1,1.0
678,Wednesday,2,11,Midday,1,1,1,1.0
678,Wednesday,2,16,Evening Rush,3,3,0,0.0
679,Friday,4,7,Morning Rush,1,1,0,0.0
679,Friday,4,8,Morning Rush,1,1,1,1.0
679,Monday,0,12,Midday,1,1,0,0.0
679,Monday,0,18,Evening Rush,1,1,0,0.0
679,Monday,0,22,Evening,1,1,1,1.0
679,Saturday,5,7,Morning Rush,1,1,1,1.0
679,Sunday,6,5,Night,1,1,1,1.0
679,Sunday,6,14,Midday,1,1,1,1.0
679,Sunday,6,15,Evening Rush,1,1,1,1.0
679,Sunday,6,18,Evening Rush,1,1,1,1.0
679,Thursday,3,6,Morning Rush,2,2,1,0.5
679,Thursday,3,9,Morning Rush,1,1,0,0.0
679,Thursday,3,18,Evening Rush,1,1,0,0.0
679,Tuesday,1,2,Night,1,1,0,0.0
679,Tuesday,1,8,Morning Rush,1,1,0,0.0
679,Tuesday,1,15,Evening Rush,1,1,1,1.0
679,Tuesday,1,18,Evening Rush,1,1,1,1.0
679,Wednesday,2,7,Morning Rush,1,1,1,1.0
679,Wednesday,2,18,Evening Rush,1,1,1,1.0
680,Friday,4,16,Evening Rush,1,1,1,1.0
680,Friday,4,20,Evening,1,1,0,0.0
680,Monday,0,9,Morning Rush,1,1,0,0.0
680,Monday,0,14,Midday,1,1,0,0.0
680,Saturday,5,11,Midday,1,1,0,0.0
680,Sunday,6,8,Morning Rush,1,1,1,1.0
680,Sunday,6,12,Midday,1,1,0,0.0
680,Thursday,3,15,Evening Rush,1,1,0,0.0
680,Thursday,3,16,Evening Rush,2,2,0,0.0
680,Thursday,3,17,Evening Rush,1,1,1,1.0
680,Thursday,3,20,Evening,1,1,1,1.0
680,Tuesday,1,7,Morning Rush,2,2,0,0.0
680,Tuesday,1,15,Evening Rush,1,1,0,0.0
680,Tuesday,1,17,Evening Rush,1,1,0,0.0
680,Tuesday,1,19,Evening,1,1,0,0.0
680,Wednesday,2,8,Morning Rush,2,2,1,0.5
680,Wednesday,2,13,Midday,1,1,0,0.0
680,Wednesday,2,17,Evening Rush,1,1,0,0.0
680,Wednesday,2,20,Evening,1,1,1,1.0
680,Wednesday,2,21,Evening,1,1,1,1.0
681,Friday,4,9,Morning Rush,1,1,0,0.0
681,Friday,4,18,Evening Rush,1,1,0,0.0
681,Monday,0,7,Morning Rush,1,1,0,0.0
681,Monday,0,12,Midday,1,1,0,0.0
681,Monday,0,14,Midday,1,1,0,0.0
681,Saturday,5,16,Evening Rush,1,1,0,0.0
681,Saturday,5,20,Evening,1,1,0,0.0
681,Sunday,6,12,Midday,1,1,0,0.0
681,Sunday,6,18,Evening Rush,1,1,0,0.0
681,Sunday,6,19,Evening,1,1,0,0.0
681,Thursday,3,9,Morning Rush,2,2,0,0.0
681,Thursday,3,12,Midday,1,1,1,1.0
681,Thursday,3,17,Evening Rush,1,1,0,0.0
681,Tuesday,1,7,Morning Rush,1,1,1,1.0
681,Tuesday,1,22,Evening,5,5,4,0.8
681,Wednesday,2,8,Morning Rush,1,1,0,0.0
682,Friday,4,6,Morning Rush,1,1,0,0.0
682,Friday,4,15,Evening Rush,1,1,0,0.0
682,Monday,0,18,Evening Rush,1,1,1,1.0
682,Monday,0,20,Evening,1,1,0,0.0
682,Monday,0,23,Evening,1,1,1,1.0
682,Saturday,5,0,Night,1,1,0,0.0
682,Saturday,5,11,Midday,1,1,1,1.0
682,Sunday,6,11,Midday,1,1,1,1.0
682,Thursday,3,6,Morning Rush,1,1,1,1.0
682,Thursday,3,7,Morning Rush,1,1,0,0.0
682,Thursday,3,23,Evening,1,1,1,1.0
682,Tuesday,1,14,Midday,2,2,2,1.0
682,Tuesday,1,15,Evening Rush,2,2,0,0.0
682,Tuesday,1,16,Evening Rush,1,1,0,0.0
682,Tuesday,1,19,Evening,1,1,1,1.0
682,Tuesday,1,22,Evening,1,1,0,0.0
682,Wednesday,2,11,Midday,1,1,1,1.0
682,Wednesday,2,15,Evening Rush,1,1,0,0.0
683,Friday,4,15,Evening Rush,1,1,1,1.0
683,Friday,4,18,Evening Rush,1,1,0,0.0
683,Monday,0,17,Evening Rush,1,1,0,0.0
683,Monday,0,18,Evening Rush,1,1,0,0.0
683,Saturday,5,17,Evening Rush,1,1,0,0.0
683,Sunday,6,20,Evening,1,1,1,1.0
683,Thursday,3,13,Midday,1,1,0,0.0
683,Thursday,3,15,Evening Rush,2,2,0,0.0
683,Thursday,3,17,Evening Rush,1,1,0,0.0
683,Tuesday,1,9,Morning Rush,1,1,1,1.0
683,Tuesday,1,12,Midday,1,1,0,0.0
683,Tuesday,1,15,Evening Rush,1,1,0,0.0
683,Tuesday,1,16,Evening Rush,1,1,0,0.0
683,Tuesday,1,18,Evening Rush,1,1,0,0.0
683,Wednesday,2,8,Morning Rush,1,1,1,1.0
683,Wednesday,2,15,Evening Rush,2,2,1,0.5
683,Wednesday,2,16,Evening Rush,1,1,0,0.0
683,Wednesday,2,17,Evening Rush,1,1,0,0.0
684,Friday,4,10,Midday,1,1,0,0.0
684,Friday,4,11,Midday,1,1,0,0.0
684,Friday,4,12,Midday,2,2,2,1.0
684,Friday,4,13,Midday,1,1,0,0.0
684,Friday,4,15,Evening Rush,1,1,0,0.0
684,Friday,4,17,Evening Rush,1,1,0,0.0
684,Friday,4,18,Evening Rush,1,1,0,0.0
684,Monday,0,0,Night,1,1,1,1.0
684,Monday,0,7,Morning Rush,1,1,1,1.0
684,Monday,0,12,Midday,1,1,1,1.0
684,Monday,0,14,Midday,2,2,0,0.0
684,Monday,0,15,Evening Rush,1,1,1,1.0
684,Monday,0,16,Evening Rush,1,1,0,0.0
684,Monday,0,20,Evening,2,2,0,0.0
684,Saturday,5,7,Morning Rush,1,1,1,1.0
684,Saturday,5,8,Morning Rush,1,1,1,1.0
684,Saturday,5,9,Morning Rush,1,1,0,0.0
684,Saturday,5,13,Midday,1,1,0,0.0
684,Saturday,5,17,Evening Rush,1,1,1,1.0
684,Sunday,6,13,Midday,1,1,1,1.0
684,Sunday,6,15,Evening Rush,1,1,0,0.0
684,Thursday,3,7,Morning Rush,2,2,1,0.5
684,Thursday,3,9,Morning Rush,1,1,1,1.0
684,Thursday,3,12,Midday,1,1,1,1.0
684,Thursday,3,13,Midday,1,1,1,1.0
684,Thursday,3,17,Evening Rush,2,2,0,0.0
684,Thursday,3,18,Evening Rush,2,2,0,0.0
684,Tuesday,1,6,Morning Rush,1,1,0,0.0
684,Tuesday,1,10,Midday,1,1,0,0.0
684,Tuesday,1,11,Midday,2,2,1,0.5
684,Tuesday,1,15,Evening Rush,1,1,0,0.0
684,Tuesday,1,18,Evening Rush,1,1,0,0.0
684,Wednesday,2,5,Night,1,1,0,0.0
684,Wednesday,2,8,Morning Rush,2,2,1,0.5
684,Wednesday,2,9,Morning Rush,1,1,1,1.0
684,Wednesday,2,10,Midday,1,1,0,0.0
684,Wednesday,2,14,Midday,1,1,0,0.0
684,Wednesday,2,15,Evening Rush,2,2,0,0.0
685,Friday,4,6,Morning Rush,1,1,1,1.0
685,Friday,4,9,Morning Rush,1,1,0,0.0
685,Friday,4,13,Midday,1,1,1,1.0
685,Friday,4,14,Midday,1,1,0,0.0
685,Friday,4,18,Evening Rush,1,1,0,0.0
685,Friday,4,21,Evening,1,1,0,0.0
685,Monday,0,14,Midday,1,1,0,0.0
685,Saturday,5,10,Midday,1,1,1,1.0
685,Thursday,3,11,Midday,1,1,0,0.0
685,Thursday,3,18,Evening Rush,1,1,1,1.0
685,Tuesday,1,6,Morning Rush,1,1,1,1.0
685,Tuesday,1,8,Morning Rush,1,1,1,1.0
685,Tuesday,1,10,Midday,1,1,0,0.0
685,Tuesday,1,12,Midday,2,2,1,0.5
685,Wednesday,2,6,Morning Rush,1,1,1,1.0
685,Wednesday,2,8,Morning Rush,1,1,0,0.0
685,Wednesday,2,16,Evening Rush,1,1,0,0.0
685,Wednesday,2,17,Evening Rush,2,2,0,0.0
685,Wednesday,2,18,Evening Rush,1,1,1,1.0
686,Monday,0,8,Morning Rush,1,1,1,1.0
686,Monday,0,13,Midday,1,1,1,1.0
686,Monday,0,16,Evening Rush,1,1,1,1.0
686,Monday,0,20,Evening,1,1,1,1.0
686,Saturday,5,0,Night,1,1,0,0.0
686,Saturday,5,7,Morning Rush,1,1,1,1.0
686,Saturday,5,12,Midday,1,1,0,0.0
686,Saturday,5,17,Evening Rush,1,1,1,1.0
686,Saturday,5,20,Evening,1,1,1,1.0
686,Saturday,5,21,Evening,1,1,1,1.0
686,Sunday,6,2,Night,1,1,0,0.0
686,Sunday,6,5,Night,1,1,1,1.0
686,Sunday,6,13,Midday,1,1,0,0.0
686,Sunday,6,16,Evening Rush,1,1,1,1.0
686,Sunday,6,21,Evening,1,1,1,1.0
686,Sunday,6,23,Evening,1,1,1,1.0
686,Thursday,3,8,Morning Rush,1,1,1,1.0
686,Thursday,3,14,Midday,1,1,0,0.0
686,Thursday,3,18,Evening Rush,1,1,0,0.0
686,Thursday,3,19,Evening,1,1,1,1.0
686,Tuesday,1,4,Night,1,1,1,1.0
686,Tuesday,1,14,Midday,1,1,0,0.0
686,Tuesday,1,17,Evening Rush,1,1,1,1.0
686,Tuesday,1,19,Evening,1,1,0,0.0
686,Wednesday,2,13,Midday,1,1,0,0.0
686,Wednesday,2,21,Evening,1,1,1,1.0
687,Friday,4,16,Evening Rush,1,1,1,1.0
687,Monday,0,8,Morning Rush,1,1,0,0.0
687,Monday,0,9,Morning Rush,1,1,1,1.0
687,Monday,0,10,Midday,1,1,0,0.0
687,Monday,0,14,Midday,1,1,0,0.0
687,Monday,0,22,Evening,1,1,1,1.0
687,Saturday,5,1,Night,1,1,0,0.0
687,Saturday,5,9,Morning Rush,1,1,0,0.0
687,Saturday,5,11,Midday,1,1,0,0.0
687,Saturday,5,19,Evening,1,1,0,0.0
687,Sunday,6,9,Morning Rush,1,1,1,1.0
687,Sunday,6,11,Midday,1,1,0,0.0
687,Sunday,6,21,Evening,1,1,1,1.0
687,Thursday,3,9,Morning Rush,1,1,1,1.0
687,Thursday,3,10,Midday,1,1,0,0.0
687,Thursday,3,14,Midday,1,1,1,1.0
687,Thursday,3,22,Evening,2,2,1,0.5
687,Tuesday,1,1,Night,1,1,1,1.0
687,Tuesday,1,10,Midday,1,1,1,1.0
687,Tuesday,1,15,Evening Rush,1,1,0,0.0
687,Wednesday,2,11,Midday,1,1,1,1.0
687,Wednesday,2,12,Midday,1,1,0,0.0
687,Wednesday,2,14,Midday,1,1,0,0.0
687,Wednesday,2,17,Evening Rush,2,2,1,0.5
687,Wednesday,2,20,Evening,1,1,0,0.0
687,Wednesday,2,22,Evening,1,1,0,0.0
688,Friday,4,15,Evening Rush,1,1,0,0.0
688,Friday,4,16,Evening Rush,1,1,1,1.0
688,Friday,4,20,Evening,1,1,0,0.0
688,Friday,4,22,Evening,1,1,0,0.0
688,Monday,0,9,Morning Rush,1,1,0,0.0
688,Monday,0,12,Midday,1,1,0,0.0
688,Saturday,5,15,Evening Rush,1,1,1,1.0
688,Saturday,5,18,Evening Rush,1,1,1,1.0
688,Saturday,5,19,Evening,1,1,1,1.0
688,Sunday,6,17,Evening Rush,2,2,1,0.5
688,Thursday,3,12,Midday,1,1,0,0.0
688,Thursday,3,15,Evening Rush,2,2,1,0.5
688,Thursday,3,17,Evening Rush,1,1,1,1.0
688,Thursday,3,18,Evening Rush,1,1,0,0.0
688,Thursday,3,19,Evening,1,1,0,0.0
688,Tuesday,1,11,Midday,1,1,0,0.0
688,Tuesday,1,12,Midday,1,1,1,1.0
688,Tuesday,1,13,Midday,1,1,0,0.0
688,Tuesday,1,19,Evening,1,1,0,0.0
688,Wednesday,2,9,Morning Rush,1,1,1,1.0
688,Wednesday,2,18,Evening Rush,1,1,0,0.0
689,Friday,4,19,Evening,1,1,1,1.0
689,Monday,0,5,Night,1,1,1,1.0
689,Monday,0,7,Morning Rush,2,2,1,0.5
689,Monday,0,8,Morning Rush,1,1,1,1.0
689,Monday,0,12,Midday,1,1,1,1.0
689,Monday,0,15,Evening Rush,1,1,0,0.0
689,Monday,0,17,Evening Rush,1,1,1,1.0
689,Monday,0,20,Evening,1,1,1,1.0
689,Saturday,5,8,Morning Rush,1,1,0,0.0
689,Thursday,3,6,Morning Rush,1,1,1,1.0
689,Thursday,3,7,Morning Rush,1,1,0,0.0
689,Thursday,3,8,Morning Rush,1,1,0,0.0
689,Thursday,3,11,Midday,1,1,0,0.0
689,Tuesday,1,9,Morning Rush,1,1,0,0.0
689,Tuesday,1,17,Evening Rush,1,1,0,0.0
689,Tuesday,1,20,Evening,1,1,0,0.0
689,Tuesday,1,21,Evening,1,1,1,1.0
689,Wednesday,2,16,Evening Rush,2,2,1,0.5
690,Friday,4,7,Morning Rush,1,1,0,0.0
690,Friday,4,9,Morning Rush,1,1,1,1.0
690,Friday,4,17,Evening Rush,1,1,0,0.0
690,Friday,4,19,Evening,1,1,0,0.0
690,Monday,0,17,Evening Rush,2,2,1,0.5
690,Monday,0,19,Evening,1,1,0,0.0
690,Monday,0,23,Evening,1,1,1,1.0
690,Saturday,5,8,Morning Rush,1,1,1,1.0
690,Saturday,5,11,Midday,1,1,0,0.0
690,Saturday,5,23,Evening,1,1,0,0.0
690,Sunday,6,11,Midday,1,1,0,0.0
690,Thursday,3,6,Morning Rush,1,1,0,0.0
690,Thursday,3,8,Morning Rush,1,1,1,1.0
690,Tuesday,1,16,Evening Rush,1,1,0,0.0
690,Tuesday,1,17,Evening Rush,1,1,0,0.0
690,Wednesday,2,3,Night,1,1,0,0.0
690,Wednesday,2,17,Evening Rush,2,2,0,0.0
690,Wednesday,2,18,Evening Rush,1,1,0,0.0
691,Friday,4,7,Morning Rush,1,1,0,0.0
691,Friday,4,12,Midday,1,1,1,1.0
691,Friday,4,13,Midday,1,1,0,0.0
691,Friday,4,17,Evening Rush,1,1,1,1.0
691,Monday,0,20,Evening,1,1,1,1.0
691,Saturday,5,9,Morning Rush,1,1,1,1.0
691,Saturday,5,12,Midday,1,1,0,0.0
691,Saturday,5,20,Evening,1,1,1,1.0
691,Sunday,6,20,Evening,1,1,0,0.0
691,Thursday,3,17,Evening Rush,2,2,1,0.5
691,Thursday,3,18,Evening Rush,1,1,0,0.0
691,Thursday,3,21,Evening,1,1,1,1.0
691,Thursday,3,22,Evening,1,1,1,1.0
691,Tuesday,1,10,Midday,1,1,1,1.0
691,Tuesday,1,15,Evening Rush,1,1,0,0.0
691,Tuesday,1,22,Evening,1,1,0,0.0
691,Wednesday,2,1,Night,1,1,1,1.0
691,Wednesday,2,11,Midday,1,1,0,0.0
691,Wednesday,2,17,Evening Rush,1,1,0,0.0
691,Wednesday,2,19,Evening,2,2,1,0.5
692,Friday,4,4,Night,1,1,0,0.0
692,Friday,4,8,Morning Rush,1,1,1,1.0
692,Friday,4,11,Midday,1,1,0,0.0
692,Monday,0,11,Midday,1,1,1,1.0
692,Monday,0,18,Evening Rush,1,1,1,1.0
692,Monday,0,20,Evening,1,1,1,1.0
692,Monday,0,21,Evening,1,1,1,1.0
692,Saturday,5,8,Morning Rush,1,1,0,0.0
692,Saturday,5,13,Midday,1,1,1,1.0
692,Saturday,5,16,Evening Rush,1,1,1,1.0
692,Saturday,5,23,Evening,1,1,0,0.0
692,Sunday,6,15,Evening Rush,1,1,1,1.0
692,Sunday,6,18,Evening Rush,1,1,1,1.0
692,Thursday,3,8,Morning Rush,1,1,0,0.0
692,Tuesday,1,6,Morning Rush,1,1,1,1.0
692,Tuesday,1,7,Morning Rush,2,2,2,1.0
692,Tuesday,1,21,Evening,1,1,1,1.0
692,Tuesday,1,22,Evening,1,1,1,1.0
692,Wednesday,2,17,Evening Rush,1,1,0,0.0
693,Friday,4,17,Evening Rush,1,1,0,0.0
693,Friday,4,21,Evening,1,1,0,0.0
693,Monday,0,9,Morning Rush,1,1,1,1.0
693,Monday,0,10,Midday,2,2,1,0.5
693,Monday,0,12,Midday,1,1,1,1.0
693,Monday,0,18,Evening Rush,1,1,1,1.0
693,Saturday,5,9,Morning Rush,1,1,1,1.0
693,Saturday,5,10,Midday,1,1,1,1.0
693,Saturday,5,12,Midday,1,1,0,0.0
693,Saturday,5,17,Evening Rush,1,1,0,0.0
693,Sunday,6,20,Evening,1,1,1,1.0
693,Thursday,3,7,Morning Rush,1,1,1,1.0
693,Thursday,3,8,Morning Rush,1,1,0,0.0
693,Thursday,3,9,Morning Rush,1,1,1,1.0
693,Thursday,3,16,Evening Rush,1,1,0,0.0
693,Thursday,3,17,Evening Rush,1,1,1,1.0
693,Tuesday,1,8,Morning Rush,1,1,0,0.0
693,Wednesday,2,7,Morning Rush,1,1,1,1.0
693,Wednesday,2,17,Evening Rush,1,1,1,1.0
694,Friday,4,7,Morning Rush,1,1,0,0.0
694,Friday,4,16,Evening Rush,1,1,1,1.0
694,Monday,0,9,Morning Rush,1,1,0,0.0
694,Monday,0,10,Midday,1,1,1,1.0
694,Monday,0,14,Midday,1,1,1,1.0
694,Monday,0,21,Evening,1,1,1,1.0
694,Saturday,5,15,Evening Rush,1,1,0,0.0
694,Saturday,5,21,Evening,1,1,0,0.0
694,Sunday,6,8,Morning Rush,1,1,1,1.0
694,Sunday,6,13,Midday,1,1,0,0.0
694,Thursday,3,7,Morning Rush,2,2,2,1.0
694,Thursday,3,13,Midday,1,1,1,1.0
694,Thursday,3,15,Evening Rush,2,2,1,0.5
694,Thursday,3,19,Evening,2,2,0,0.0
694,Tuesday,1,21,Evening,1,1,0,0.0
694,Wednesday,2,15,Evening Rush,2,2,2,1.0
694,Wednesday,2,17,Evening Rush,2,2,0,0.0
694,Wednesday,2,23,Evening,1,1,1,1.0
695,Friday,4,20,Evening,1,1,1,1.0
695,Monday,0,7,Morning Rush,1,1,1,1.0
695,Sunday,6,19,Evening,1,1,0,0.0
695,Thursday,3,8,Morning Rush,2,2,1,0.5
695,Thursday,3,14,Midday,1,1,0,0.0
695,Tuesday,1,6,Morning Rush,1,1,0,0.0
695,Tuesday,1,13,Midday,1,1,1,1.0
695,Wednesday,2,16,Evening Rush,1,1,0,0.0
