signal_id,mist_no,install_date,first_road,second_road,intersection_name,quadrant,control_type,ped_buttons,ped_timer,accessible_pedestrian_signal,latitude,longitude
1109000525,0909,2000-11-02 00:00:00,CROWCHILD TRAIL,12 MILE COULEE ROAD,CROWCHILD TRAIL & 12 MILE COULEE ROAD,NW,Traffic signal,Yes,Yes,Yes,51.143437057929184,-114.25697672047087
1109000526,0892,2006-01-11 00:00:00,TUSCANY BOULEVARD,TUSCANY WAY,TUSCANY BOULEVARD & TUSCANY WAY,NW,Traffic signal,Yes,No,No,51.12396527877512,-114.24605944631342
1109000527,0891,2005-08-16 00:00:00,TUSCANY BOULEVARD,TUSCANY VALLEY VIEW,TUSCANY BOULEVARD & TUSCANY VALLEY VIEW,NW,Traffic signal,Yes,No,No,51.12499686263266,-114.2428221514615
1109000528,0868,2007-05-07 00:00:00,5029,NOSE HILL DRIVE,5029 & NOSE HILL DRIVE,NW,Traffic signal T intersection,Yes,No,No,51.10708626185194,-114.23981309677168
1109000529,0890,2005-10-06 00:00:00,TUSCANY BOULEVARD,TUSCANY SPRINGS BOULEVARD,TUSCANY BOULEVARD & TUSCANY SPRINGS BOULEVARD,NW,Traffic signal T intersection,Yes,No,No,51.12547299203851,-114.23861042506545
1109000539,0241,2008-01-07 00:00:00,SCENIC ACRES BOULEVARD,SCURFIELD DRIVE,SCENIC ACRES BOULEVARD & SCURFIELD DRIVE,NW,Traffic signal,Yes,Yes,Yes,51.11951397904076,-114.21096710544954
1109000540,0913,1997-10-09 00:00:00,NOSE HILL DRIVE,87 STREET,NOSE HILL DRIVE & 87 STREET,NW,Traffic signal T intersection,Yes,Yes,No,51.10477293130126,-114.2171258159458
1109000541,0811,2004-04-29 00:00:00,8888,COUNTRY HILLS BOULEVARD,8888 & COUNTRY HILLS BOULEVARD,NW,Traffic signal,Yes,No,No,51.15219129580288,-114.21576735749402
1109000542,0810,2004-08-25 00:00:00,112 AVENUE/ROYAL BIRCH BOULEVARD,COUNTRY HILLS BOULEVARD,112 AVENUE/ROYAL BIRCH BOULEVARD & COUNTRY HILLS BOULEVARD,NW,Traffic signal,Yes,Yes,Yes,51.14985977500757,-114.21334963597197
1109000543,0683,2012-12-24 00:00:00,14 AVENUE,85 STREET,14 AVENUE & 85 STREET,SW,Traffic signal,Yes,Yes,Yes,51.04517887300272,-114.21096863680984
1109000544,0632,2016-12-15 00:00:00,OLD BANFF COACH ROAD,77 STREET,OLD BANFF COACH ROAD & 77 STREET,SW,Traffic signal,Yes,Yes,No,51.06701833173613,-114.19936183547148
1109000545,0494,2010-12-06 00:00:00,9 AVENUE,85 STREET,9 AVENUE & 85 STREET,SW,Traffic signal,Yes,Yes,Yes,51.05965924412269,-114.21097114304816
1109000546,0684,2006-01-09 00:00:00,OLD BANFF COACH ROAD,85 STREET,OLD BANFF COACH ROAD & 85 STREET,SW,Traffic signal,Yes,No,No,51.06700300763886,-114.21096125754796
1109000547,B2549,1967-11-01 00:00:00,85 STREET,46 AVENUE,85 STREET & 46 AVENUE,NW,Overhead Flasher,Yes,No,No,51.0940174764575,-114.21094612156983
1109000548,B2520,1967-11-01 00:00:00,BOWNESS ROAD/85 STREET,44 AVENUE,BOWNESS ROAD/85 STREET & 44 AVENUE,NW,Overhead Flasher,Yes,No,No,51.09194120539777,-114.21074445488456
1109000549,0189,1979-01-01 00:00:00,TRANS CANADA HIGHWAY,BOWFORT ROAD/CANADA OLYMPIC DRIVE,TRANS CANADA HIGHWAY & BOWFORT ROAD/CANADA OLYMPIC DRIVE,NW,Traffic signal,Yes,Yes,No,51.08316754468204,-114.20933511274828
1109000550,0807,2004-07-08 00:00:00,ARBOUR LAKE ROAD/CROWFOOT WAY,ARBOUR GROVE CL/CROWFOOT RS,ARBOUR LAKE ROAD/CROWFOOT WAY & ARBOUR GROVE CL/CROWFOOT RS,NW,Traffic signal,Yes,No,No,51.12655216807964,-114.209268588281
1109000551,0064,1994-12-19 00:00:00,NOSE HILL DRIVE,SCENIC ACRES GT/SILVERCREEK DR,NOSE HILL DRIVE & SCENIC ACRES GT/SILVERCREEK DR,NW,Traffic signal,Yes,No,No,51.11399980971038,-114.20916269837876
1109000552,0973,2009-06-11 00:00:00,SCENIC ACRES PARADE,CROWFOOT PARADE,SCENIC ACRES PARADE & CROWFOOT PARADE,NW,Traffic signal,Yes,Yes,No,51.12222596590082,-114.21055539541962
1109000553,0972,2009-06-10 00:00:00,CROWCHILD TRAIL RAMP,CROWFOOT PARADE,CROWCHILD TRAIL RAMP & CROWFOOT PARADE,NW,Traffic signal,No,No,No,51.12377985437976,-114.20888032406484
1109000555,0126,2001-09-10 00:00:00,CROWFOOT WAY,CROWFOOT CRES/CROWFOOT CIR,CROWFOOT WAY & CROWFOOT CRES/CROWFOOT CIR,NW,Traffic signal,Yes,No,Yes,51.12559607012854,-114.20704002629924
1109000556,0067,1990-11-19 00:00:00,NOSE HILL DRIVE,SILVER SPRINGS BOULEVARD,NOSE HILL DRIVE & SILVER SPRINGS BOULEVARD,NW,Traffic signal T intersection,Yes,No,No,51.11617768721993,-114.20679889682556
1109000557,0066,1990-11-19 00:00:00,NOSE HILL DRIVE,SCENIC ACRES BOULEVARD,NOSE HILL DRIVE & SCENIC ACRES BOULEVARD,NW,Traffic signal T intersection,Yes,Yes,Yes,51.11780554801421,-114.20506270062212
1109000559,B2516,1994-10-01 00:00:00,8119,SILVER SPRINGS ROAD,8119 & SILVER SPRINGS ROAD,NW,Overhead Flasher,Yes,No,No,51.109196507991264,-114.20332522459957
1109000561,0125,1999-10-29 00:00:00,CROWFOOT CIRCLE,CROWFOOT WAY,CROWFOOT CIRCLE & CROWFOOT WAY,NW,Traffic signal,Yes,No,No,51.124336034622345,-114.20257032912431
1109000562,0965,2007-07-11 00:00:00,CROWCHILD TRAIL,NOSE HILL DRIVE,CROWCHILD TRAIL & NOSE HILL DRIVE,NW,Traffic signal,Yes,No,No,51.12011660042873,-114.20258742445264
1109000566,0964,2007-10-04 00:00:00,CROWCHILD TRAIL,NOSE HILL DRIVE,CROWCHILD TRAIL & NOSE HILL DRIVE,NW,Traffic signal,Yes,No,No,51.121271758009016,-114.20133582305448
1109000567,0063,1992-11-24 00:00:00,CROWFOOT CRESCENT,CROWFOOT WAY,CROWFOOT CRESCENT & CROWFOOT WAY,NW,Traffic signal,Yes,No,No,51.124897570167015,-114.20016989229406
1109000568,0150,1971-01-01 00:00:00,BOWNESS ROAD,77 STREET,BOWNESS ROAD & 77 STREET,NW,Traffic signal,Yes,Yes,Yes,51.08892530800494,-114.1992840250694
1109000569,0065,1984-01-01 00:00:00,NOSE HILL DRIVE,CROWFOOT WAY/RANCHLAND BV,NOSE HILL DRIVE & CROWFOOT WAY/RANCHLAND BV,NW,Traffic signal,Yes,Yes,Yes,51.1242924677924,-114.1982134457202
1109000570,0112,1997-12-01 00:00:00,CROWFOOT CRESCENT,CROWFOOT RD/CROWFOOT TERRACE,CROWFOOT CRESCENT & CROWFOOT RD/CROWFOOT TERRACE,NW,Traffic signal,Yes,No,No,51.12662641387101,-114.19795023397064
1109000571,0111,1997-12-01 00:00:00,CROWFOOT CRESCENT,100 CROWFOOT GATE,CROWFOOT CRESCENT & 100 CROWFOOT GATE,NW,Traffic signal,Yes,No,No,51.12792884800441,-114.19816440773434
1109000572,0124,1999-08-06 00:00:00,JOHN LAURIE BOULEVARD,100 CROWFOOT GATE,JOHN LAURIE BOULEVARD & 100 CROWFOOT GATE,NW,Traffic signal,Yes,No,No,51.12879545428239,-114.1971680600404
1109000573,0113,1996-11-04 00:00:00,CROWFOOT RD/RANGE DR,NOSE HILL DRIVE,CROWFOOT RD/RANGE DR & NOSE HILL DRIVE,NW,Traffic signal,Yes,No,No,51.12597618081399,-114.19637908197944
1109000574,0918,2004-12-15 00:00:00,COUNTRY HILLS BOULEVARD,CITADEL WAY,COUNTRY HILLS BOULEVARD & CITADEL WAY,NW,Traffic signal T intersection,Yes,No,No,51.14272526664736,-114.19543951248708
1109000575,0040,1990-09-27 00:00:00,JOHN LAURIE BOULEVARD,NOSE HILL DRIVE,JOHN LAURIE BOULEVARD & NOSE HILL DRIVE,NW,Traffic signal,Yes,No,No,51.12771216809178,-114.19450621769306
1109000576,B2518,1977-08-01 00:00:00,7318,SILVER SPRINGS BOULEVARD,7318 & SILVER SPRINGS BOULEVARD,NW,Overhead Flasher,Yes,No,No,51.10870862560888,-114.19418367662549
1109000577,0552,2005-11-01 00:00:00,17 AVENUE,73 STREET,17 AVENUE & 73 STREET,SW,Traffic signal,Yes,Yes,No,51.03776306923549,-114.19348775236467
1109000578,B2505,1966-08-01 00:00:00,BOWNESS ROAD,73 STREET,BOWNESS ROAD & 73 STREET,NW,Overhead Flasher,Yes,No,No,51.08896467469226,-114.19338022765471
1109000579,B2545,1981-01-01 00:00:00,34 AVENUE,73 STREET,34 AVENUE & 73 STREET,NW,Overhead Flasher,Yes,No,No,51.08381745931529,-114.19345145013482
1109000580,1170,2020-10-22 00:00:00,SPRINGBANK BOULEVARD,69 STREET,SPRINGBANK BOULEVARD & 69 STREET,SW,Traffic signal,Yes,Yes,Yes,51.01759251581458,-114.19147303342534
1109000581,0985,2008-01-22 00:00:00,HAWKWOOD ROAD,NOSE HILL DRIVE,HAWKWOOD ROAD & NOSE HILL DRIVE,NW,Traffic signal,Yes,Yes,No,51.13017171806501,-114.19178135134425
1109000582,B2523,1966-08-01 00:00:00,BOWNESS ROAD,70 STREET,BOWNESS ROAD & 70 STREET,NW,Overhead Flasher,Yes,No,No,51.08895584774611,-114.19023263264754
1109000584,0116,1977-01-01 00:00:00,56 AVENUE/SILVER RIDGE DRIVE,SILVER SPRINGS BOULEVARD,56 AVENUE/SILVER RIDGE DRIVE & SILVER SPRINGS BOULEVARD,NW,Traffic signal,Yes,Yes,Yes,51.10352055881023,-114.18933573102396
1109000585,0187,1998-06-28 00:00:00,16 AVENUE WB RAMP,SARCEE TRAIL,16 AVENUE WB RAMP & SARCEE TRAIL,NW,Traffic signal,No,No,No,51.08145818262745,-114.18909042545388
1109000586,0047,1992-09-03 00:00:00,JOHN LAURIE BOULEVARD,RANCHERO DR/HAWKWOOD DR,JOHN LAURIE BOULEVARD & RANCHERO DR/HAWKWOOD DR,NW,Traffic signal,Yes,No,No,51.12538087229421,-114.18898390481816
1109000587,0115,1977-01-01 00:00:00,SILVER SPRGS DR/SLVRMD RD,SILVER SPRINGS BOULEVARD,SILVER SPRGS DR/SLVRMD RD & SILVER SPRINGS BOULEVARD,NW,Traffic signal,Yes,Yes,Yes,51.10616467551272,-114.1886182766786
1109000588,0528,2006-02-23 00:00:00,34 AVENUE,69 STREET,34 AVENUE & 69 STREET,SW,Traffic signal,Yes,No,No,51.023281171050606,-114.1875975523734
1109000589,0970,2009-06-22 00:00:00,SPRINGBOROUGH BOULEVARD,69 STREET,SPRINGBOROUGH BOULEVARD & 69 STREET,SW,Traffic signal,Yes,Yes,Yes,51.035507311958526,-114.18756136638083
1109000590,0472,1996-07-11 00:00:00,17 AVENUE,69 STREET,17 AVENUE & 69 STREET,SW,Traffic signal,Yes,Yes,No,51.03790806504081,-114.18756906814605
1109000591,0362,1993-01-29 00:00:00,STRATHCONA DRIVE,STRATHCONA BOULEVARD,STRATHCONA DRIVE & STRATHCONA BOULEVARD,SW,Traffic signal,Yes,Yes,No,51.04698208506237,-114.186145329842
1109000592,0118,1997-10-06 00:00:00,NOSE HILL DRIVE,ARBOUR LK WAY/HAWKSTONE DRIVE,NOSE HILL DRIVE & ARBOUR LK WAY/HAWKSTONE DRIVE,NW,Traffic signal,Yes,Yes,Yes,51.13747275162636,-114.18473054973896
1109000594,0363,1981-01-01 00:00:00,BOW TRAIL,OLD BANFF COACH RD/STRATHCONA BV,BOW TRAIL & OLD BANFF COACH RD/STRATHCONA BV,SW,Traffic signal,Yes,Yes,No,51.05218936705476,-114.18169693137258
1109000595,0921,2000-06-19 00:00:00,CITADEL GATE/NOSE HILL DRIVE,COUNTRY HILLS BOULEVARD,CITADEL GATE/NOSE HILL DRIVE & COUNTRY HILLS BOULEVARD,NW,Traffic signal,Yes,No,Yes,51.1411269175427,-114.1819299401113
1109000596,B2546,1974-03-01 00:00:00,BOWNESS ROAD,63 STREET,BOWNESS ROAD & 63 STREET,NW,Overhead Flasher,Yes,No,No,51.085699785387696,-114.18001391325288
1109000597,0682,2002-11-12 00:00:00,OLD BANFF COACH ROAD,PATTERSON BV,OLD BANFF COACH ROAD & PATTERSON BV,SW,Traffic signal T intersection,Yes,No,No,51.05996258485471,-114.17981423278812
1109000598,0042,1985-01-01 00:00:00,JOHN LAURIE BOULEVARD,HAWKWOOD HL/RANCHLANDS BV,JOHN LAURIE BOULEVARD & HAWKWOOD HL/RANCHLANDS BV,NW,Traffic signal,Yes,No,No,51.12405062974938,-114.17936297021215
1109000599,0471,1996-07-02 00:00:00,17 AVENUE,CHRISTIE PARK GATE/SIMCOE BV,17 AVENUE & CHRISTIE PARK GATE/SIMCOE BV,SW,Traffic signal,Yes,Yes,Yes,51.03688124539524,-114.17858256289912
1109000600,0951,2005-11-28 00:00:00,CROWCHILD TRAIL,SARCEE TRAIL,CROWCHILD TRAIL & SARCEE TRAIL,NW,Traffic signal T intersection,Yes,No,No,51.10954737300694,-114.17913266367776
1109000601,0681,1991-08-28 00:00:00,OLD BANFF COACH ROAD,COACH HILL ROAD,OLD BANFF COACH ROAD & COACH HILL ROAD,SW,Traffic signal,Yes,Yes,No,51.05656484540962,-114.17819969957796
1109000602,0068,1982-01-01 00:00:00,RANCHLANDS BOULEVARD,RANCHVIEW DRIVE,RANCHLANDS BOULEVARD & RANCHVIEW DRIVE,NW,Traffic signal,Yes,Yes,No,51.120069648889874,-114.1784333901602
1109000604,0950,2005-11-28 00:00:00,CROWCHILD TRAIL,SARCEE TRAIL,CROWCHILD TRAIL & SARCEE TRAIL,NW,Traffic signal,No,No,No,51.1114393238044,-114.17775589474236
1109000606,0535,2003-10-16 00:00:00,SIERRA MORENA BOULEVARD,SIERRA MORENA CIRCLE,SIERRA MORENA BOULEVARD & SIERRA MORENA CIRCLE,SW,Traffic signal,Yes,No,No,51.01809406143594,-114.17604637319776
1109000607,B2547,1981-02-01 00:00:00,BOWNESS ROAD,33 AVENUE,BOWNESS ROAD & 33 AVENUE,NW,Overhead Flasher,Yes,No,No,51.08238020320419,-114.17329045085856
1109000608,B2544,1986-10-01 00:00:00,BOW CRESCENT/BOWWOOD DRIVE,BOWNESS ROAD,BOW CRESCENT/BOWWOOD DRIVE & BOWNESS ROAD,NW,Overhead Flasher,Yes,No,No,51.08022274797902,-114.1733056265967
1109000609,0536,1997-05-16 00:00:00,RICHMOND ROAD,WESTHILLS WAY,RICHMOND ROAD & WESTHILLS WAY,SW,Traffic signal,Yes,Yes,Yes,51.01656808110064,-114.17275605910464
1109000610,0922,1998-07-16 00:00:00,COUNTRY HILLS BOULEVARD,CITADEL LINK/HAWKSTONE GATE,COUNTRY HILLS BOULEVARD & CITADEL LINK/HAWKSTONE GATE,NW,Traffic signal,Yes,Yes,Yes,51.13736023157173,-114.17211117464976
1109000611,0627,1993-03-26 00:00:00,RICHMOND ROAD,STEWART GREEN,RICHMOND ROAD & STEWART GREEN,SW,Traffic signal,Yes,Yes,Yes,51.01717677529648,-114.17095808303186
1109000612,B2548,1975-02-01 00:00:00,BOWNESS ROAD,52 STREET,BOWNESS ROAD & 52 STREET,NW,Overhead Flasher,Yes,No,No,51.077394001556215,-114.17074249150016
1109000613,0439,1995-10-26 00:00:00,17 AVENUE,COSTELLO BV/SIROCCO DRIVE,17 AVENUE & COSTELLO BV/SIROCCO DRIVE,SW,Traffic signal,Yes,Yes,Yes,51.03759549384864,-114.17003554835016
1109000614,0041,1988-06-29 00:00:00,JOHN LAURIE BOULEVARD,HAWKWOOD BOULEVARD,JOHN LAURIE BOULEVARD & HAWKWOOD BOULEVARD,NW,Traffic signal T intersection,Yes,No,No,51.12308673714725,-114.17018311815644
1109000615,0537,1997-05-16 00:00:00,RICHMOND ROAD,STEWART GREEN,RICHMOND ROAD & STEWART GREEN,SW,Traffic signal,Yes,Yes,Yes,51.01784408170639,-114.16801007962968
1109000616,0435,2000-01-01 00:00:00,SIROCCO DRIVE,SIGNATURE WAY,SIROCCO DRIVE & SIGNATURE WAY,SW,Traffic signal,Yes,Yes,Yes,51.03595954383373,-114.16802980279176
1109000617,0954,2006-03-28 00:00:00,CITADEL BOULEVARD/CITADEL GREEN,SARCEE TRAIL,CITADEL BOULEVARD/CITADEL GREEN & SARCEE TRAIL,NW,Traffic signal,Yes,No,No,51.14466238291091,-114.1682097918503
1109000618,B2512,1977-01-01 00:00:00,DALHOUSIE DRIVE,66 AVENUE,DALHOUSIE DRIVE & 66 AVENUE,NW,Overhead Flasher,Yes,No,No,51.11236396238165,-114.16733559307728
1109000619,0043,1981-01-01 00:00:00,JOHN LAURIE BOULEVARD,SARCEE TRAIL,JOHN LAURIE BOULEVARD & SARCEE TRAIL,NW,Traffic signal,No,No,No,51.12079946127334,-114.16668438204456
1109000620,0896,2006-12-22 00:00:00,BOWNESS ROAD,49 STREET,BOWNESS ROAD & 49 STREET,NW,Traffic signal T intersection,Yes,No,No,51.07529057531264,-114.16682660296432
1109000621,0538,1997-05-16 00:00:00,RICHMOND ROAD,SARCEE TRAIL,RICHMOND ROAD & SARCEE TRAIL,SW,Traffic signal,Yes,Yes,Yes,51.01804005815844,-114.16602432693558
1109000622,B2687,1999-06-10 00:00:00,VARSITY ESTATES DRIVE,VARSITY ESTATES ROAD,VARSITY ESTATES DRIVE & VARSITY ESTATES ROAD,NW,Overhead Flasher,Yes,No,No,51.10335864308217,-114.16571814637432
1109000623,0102,2002-09-29 00:00:00,CROWCHILD TRAIL,53 STREET,CROWCHILD TRAIL & 53 STREET,NW,Traffic signal,Yes,Yes,Yes,51.105496823223845,-114.16476369916352
1109000624,0806,2002-09-12 00:00:00,CROWCHILD TRAIL,53 STREET,CROWCHILD TRAIL & 53 STREET,NW,Traffic signal,Yes,Yes,No,51.10471372800696,-114.16558518125856
1109000627,0013,1995-10-23 00:00:00,COUNTRY HILLS BOULEVARD,SARCEE TRAIL,COUNTRY HILLS BOULEVARD & SARCEE TRAIL,NW,Traffic signal,Yes,Yes,Yes,51.13764694558496,-114.16438782401464
1109000628,0190,1968-01-01 00:00:00,16 AVENUE,HOME ROAD,16 AVENUE & HOME ROAD,NW,Traffic signal,Yes,Yes,Yes,51.07273708075287,-114.16443151290925
1109000629,0539,1975-01-01 00:00:00,RICHMOND ROAD,SARCEE TRAIL,RICHMOND ROAD & SARCEE TRAIL,SW,Traffic signal,Yes,Yes,Yes,51.018040968321294,-114.16429653271248
1109000630,0152,1976-01-01 00:00:00,BOWNESS ROAD,HOME ROAD,BOWNESS ROAD & HOME ROAD,NW,Traffic signal,Yes,Yes,Yes,51.07527676204417,-114.1644048699927
1109000632,0364,1967-01-01 00:00:00,BOW TRAIL,SARCEE TRAIL,BOW TRAIL & SARCEE TRAIL,SW,Traffic signal,Yes,Yes,No,51.052623224252,-114.1642449535903
1109000633,B2686,1999-08-11 00:00:00,40 AVENUE,53 STREET,40 AVENUE & 53 STREET,NW,Overhead Flasher,Yes,No,No,51.08851880052308,-114.16423769999471
1109000634,0955,2007-12-17 00:00:00,112 AVENUE,SARCEE TRAIL,112 AVENUE & SARCEE TRAIL,NW,Traffic signal,Yes,Yes,Yes,51.15998598406292,-114.16243357239044
1109000637,0956,2006-07-03 00:00:00,SARCEE TRAIL,SHERWOOD S.C. DRIVE,SARCEE TRAIL & SHERWOOD S.C. DRIVE,NW,Traffic signal T intersection,Yes,No,No,51.15734508666789,-114.16238418638788
1109000638,0070,1977-01-01 00:00:00,DALHOUSIE DRIVE,53 STREET,DALHOUSIE DRIVE & 53 STREET,NW,Traffic signal,Yes,Yes,Yes,51.1079304450215,-114.16210735483058
1109000639,B2524,1978-08-01 00:00:00,40 AVENUE,VARSCLIFF ROAD/52 STREET,40 AVENUE & VARSCLIFF ROAD/52 STREET,NW,Overhead Flasher,Yes,No,No,51.08827037560434,-114.16188160632431
1109000640,0011,1994-08-11 00:00:00,COUNTRY HILLS BOULEVARD,SUPERSTORE ENTRANCE,COUNTRY HILLS BOULEVARD & SUPERSTORE ENTRANCE,NW,Traffic signal T intersection,Yes,Yes,No,51.13874847626729,-114.160117661473
1109000641,B2521,1975-02-01 00:00:00,BOWNESS ROAD,46 STREET,BOWNESS ROAD & 46 STREET,NW,Overhead Flasher,Yes,No,No,51.07264282992109,-114.16055105395104
1109000642,0808,2003-11-26 00:00:00,DALHOUSIE STN PARK'n'RIDE,CROWCHILD TRAIL RAMP,DALHOUSIE STN PARK'n'RIDE & CROWCHILD TRAIL RAMP,NW,Traffic signal,Yes,Yes,No,51.10458861708833,-114.16042501723472
1109000644,0540,1981-01-01 00:00:00,RICHMOND ROAD,50 STREET/51 STREET,RICHMOND ROAD & 50 STREET/51 STREET,SW,Traffic signal,Yes,Yes,Yes,51.01799163120912,-114.15974119897626
1109000645,0526,2007-08-08 00:00:00,BOW TRAIL,WESTWOOD DRIVE,BOW TRAIL & WESTWOOD DRIVE,SW,1/2 signal,Yes,Yes,Yes,51.05088842934693,-114.15949256587132
1109000646,0957,2006-11-13 00:00:00,SHERWOOD S.C. DRIVE,SHERWOOD S.C. ROAD,SHERWOOD S.C. DRIVE & SHERWOOD S.C. ROAD,NW,Traffic signal,Yes,No,No,51.157290179937725,-114.15995519337106
1109000647,0792,1996-10-18 00:00:00,DALHOUSIE DRIVE,DALHAM CRESCENT,DALHOUSIE DRIVE & DALHAM CRESCENT,NW,Traffic signal,Yes,Yes,Yes,51.10655746554,-114.15880760325496
1109000648,B2511,1990-05-01 00:00:00,3719,49 STREET,3719 & 49 STREET,NW,Overhead Flasher,Yes,No,No,51.08635961815238,-114.1589346090842
1109000649,0793,1996-10-30 00:00:00,DALHART ROAD,53 STREET,DALHART ROAD & 53 STREET,NW,Traffic signal,Yes,No,No,51.11114830670805,-114.15877682918828
1109000650,0121,1978-01-01 00:00:00,40 AVENUE,49 STREET,40 AVENUE & 49 STREET,NW,Traffic signal,Yes,No,No,51.08826434780853,-114.15848749856268
1109000651,0123,1976-01-01 00:00:00,34 AVENUE/MARKET MALL ENTRANCE,49 STREET,34 AVENUE/MARKET MALL ENTRANCE & 49 STREET,NW,Traffic signal,Yes,Yes,Yes,51.08310616368891,-114.15833829078969
1109000653,0541,2001-10-05 00:00:00,RICHMOND ROAD,48 STREET,RICHMOND ROAD & 48 STREET,SW,Traffic signal T intersection,Yes,No,No,51.01836881187352,-114.15669628324262
1109000654,0028,1997-03-31 00:00:00,COUNTRY HILLS BOULEVARD,EDGEPARK BV/HAMPTONS BV,COUNTRY HILLS BOULEVARD & EDGEPARK BV/HAMPTONS BV,NW,Traffic signal,Yes,Yes,No,51.13877777912297,-114.15700403225216
1109000655,0794,2003-11-17 00:00:00,DALFORD ROAD,DALHOUSIE DRIVE,DALFORD ROAD & DALHOUSIE DRIVE,NW,Traffic signal,Yes,Yes,No,51.10554706587,-114.15633016342012
1109000657,0120,1970-01-01 00:00:00,SHAGANAPPI TRAIL,VARSITY DRIVE,SHAGANAPPI TRAIL & VARSITY DRIVE,NW,Traffic signal,Yes,Yes,Yes,51.093338797322666,-114.15488599037516
1109000658,0127,1986-12-04 00:00:00,32 AVENUE,MARKET MALL,32 AVENUE & MARKET MALL,NW,Traffic signal T intersection,Yes,No,No,51.08148314099173,-114.15450192942248
1109000659,B2517,1983-04-01 00:00:00,DALHOUSIE DRIVE,DALGLEISH ROAD,DALHOUSIE DRIVE & DALGLEISH ROAD,NW,Overhead Flasher,Yes,No,No,51.10483903300131,-114.15471423409136
1109000661,0044,1980-01-01 00:00:00,JOHN LAURIE BOULEVARD,53 STREET/EDGEMONT DRIVE,JOHN LAURIE BOULEVARD & 53 STREET/EDGEMONT DRIVE,NW,Traffic signal,Yes,Yes,No,51.11517744981787,-114.15446310984126
1109000662,0122,1971-01-01 00:00:00,40 AVENUE,SHAGANAPPI TRAIL,40 AVENUE & SHAGANAPPI TRAIL,NW,Traffic signal,Yes,Yes,Yes,51.08826335960703,-114.15375966421584
1109000663,0441,1981-01-01 00:00:00,17 AVENUE,45 STREET,17 AVENUE & 45 STREET,SW,Traffic signal,Yes,Yes,No,51.03780533794444,-114.1528226461322
1109000664,0365,1966-01-01 00:00:00,BOW TRAIL,45 STREET,BOW TRAIL & 45 STREET,SW,Traffic signal,Yes,Yes,Yes,51.04881967983008,-114.15279687261096
1109000665,0542,1978-01-01 00:00:00,RICHMOND ROAD,45 STREET,RICHMOND ROAD & 45 STREET,SW,Traffic signal,Yes,Yes,Yes,51.018913308679146,-114.15279745934733
1109000666,0128,1971-01-01 00:00:00,32 AVENUE,SHAGANAPPI TRAIL,32 AVENUE & SHAGANAPPI TRAIL,NW,Traffic signal,Yes,Yes,No,51.08147103662381,-114.15221620677082
1109000667,0924,2005-11-09 00:00:00,COUNTRY HILLS BOULEVARD,HAMPTONS BOULEVARD,COUNTRY HILLS BOULEVARD & HAMPTONS BOULEVARD,NW,Traffic signal T intersection,Yes,No,No,51.138768009798255,-114.14977454083908
1109000669,0801,2000-11-15 00:00:00,CROWCHILD TRAIL,SHAGANAPPI TRAIL,CROWCHILD TRAIL & SHAGANAPPI TRAIL,NW,Traffic signal,Yes,No,No,51.098744828452176,-114.1493920383714
1109000670,0802,2000-11-15 00:00:00,CROWCHILD TRAIL,SHAGANAPPI TRAIL,CROWCHILD TRAIL & SHAGANAPPI TRAIL,NW,Traffic signal,Yes,No,No,51.09811362602181,-114.14822654159413
1109000671,0803,2000-11-15 00:00:00,CROWCHILD TRAIL,SHAGANAPPI TRAIL,CROWCHILD TRAIL & SHAGANAPPI TRAIL,NW,Traffic signal,Yes,No,No,51.09724617531816,-114.1495383044234
1109000672,0804,2000-11-15 00:00:00,CROWCHILD TRAIL,SHAGANAPPI TRAIL,CROWCHILD TRAIL & SHAGANAPPI TRAIL,NW,Traffic signal,Yes,No,No,51.09792017783259,-114.150703937807
1109000673,0154,1970-01-01 00:00:00,BOWNESS ROAD,SHAGANAPPI TRAIL,BOWNESS ROAD & SHAGANAPPI TRAIL,NW,Traffic signal,Yes,Yes,Yes,51.06339585103037,-114.1491148389958
1109000674,0048,1992-10-19 00:00:00,JOHN LAURIE BOULEVARD,EDGEMONT DRIVE,JOHN LAURIE BOULEVARD & EDGEMONT DRIVE,NW,Traffic signal T intersection,No,No,No,51.11235609531453,-114.14803071630128
1109000675,0071,1975-01-01 00:00:00,DALHOUSIE DRIVE,DALTON DRIVE,DALHOUSIE DRIVE & DALTON DRIVE,NW,Traffic signal,Yes,Yes,Yes,51.10339189029377,-114.14761290042372
1109000676,B2525,1970-10-01 00:00:00,40 AVENUE,40 STREET,40 AVENUE & 40 STREET,NW,Overhead Flasher,Yes,No,No,51.08828207483928,-114.14734053871553
1109000677,0527,2007-11-05 00:00:00,BOW TRAIL,ROSSCARROCK GA,BOW TRAIL & ROSSCARROCK GA,SW,Traffic signal T intersection,Yes,Yes,No,51.04700231332452,-114.14688974444728
1109000678,1013,2010-12-09 00:00:00,BOWNESS ROAD,POINT DRIVE,BOWNESS ROAD & POINT DRIVE,NW,Traffic signal,Yes,Yes,Yes,51.06223875086313,-114.14632644284296
1109000680,0967,2006-09-27 00:00:00,OKI DRIVE/PHYSICAL PLANT ROAD,McLAURIN STREET,OKI DRIVE/PHYSICAL PLANT ROAD & McLAURIN STREET,NW,Traffic signal,Yes,No,No,51.07515798838308,-114.14549671545372
1109000681,B2635,1985-08-01 00:00:00,RICHMOND ROAD,40 STREET,RICHMOND ROAD & 40 STREET,SW,Overhead Flasher,Yes,No,No,51.02112275713509,-114.14510624035248
1109000682,0477,2004-01-21 00:00:00,32 AVENUE,39 STREET,32 AVENUE & 39 STREET,NW,Traffic signal,Yes,Yes,No,51.0814784229511,-114.1449456625896
1109000683,0055,1995-06-12 00:00:00,EDGEMONT BOULEVARD,EDGEVALLEY DR/EDENWOLD DR,EDGEMONT BOULEVARD & EDGEVALLEY DR/EDENWOLD DR,NW,Traffic signal,Yes,Yes,No,51.12722518531923,-114.14492024679936
1109000684,0966,2006-09-27 00:00:00,24 AVENUE,McLAURIN ST/WEST CAMPUS PL,24 AVENUE & McLAURIN ST/WEST CAMPUS PL,NW,Traffic signal,Yes,No,No,51.07398170548436,-114.14439426568904
1109000685,B2620,1991-12-01 00:00:00,17 AVENUE,39 STREET,17 AVENUE & 39 STREET,SW,Overhead Flasher,Yes,No,No,51.03778053394429,-114.14403932678157
1109000686,0153,1991-11-14 00:00:00,BOWNESS ROAD,POINT DR/VETERANS WAY,BOWNESS ROAD & POINT DR/VETERANS WAY,NW,Traffic signal,Yes,Yes,Yes,51.06093909907232,-114.14321244195308
1109000687,0072,1973-01-01 00:00:00,DALHOUSIE DRIVE/NORTHLAND DRIVE,SHAGANAPPI TRAIL,DALHOUSIE DRIVE/NORTHLAND DRIVE & SHAGANAPPI TRAIL,NW,Traffic signal,Yes,Yes,Yes,51.10261193268877,-114.14274173787456
1109000691,0564,1994-08-02 00:00:00,45 AVENUE/GRAFTON DRIVE,37 STREET,45 AVENUE/GRAFTON DRIVE & 37 STREET,SW,Traffic signal,Yes,Yes,Yes,51.0147457635796,-114.14115267064804
1109000692,B2636,1976-04-01 00:00:00,41 AVENUE,37 STREET,41 AVENUE & 37 STREET,SW,Overhead Flasher,Yes,No,No,51.01768694630494,-114.14116534141247
1109000693,0575,1972-01-01 00:00:00,46 AVENUE/RICHARDSON WAY,37 STREET,46 AVENUE/RICHARDSON WAY & 37 STREET,SW,Traffic signal,Yes,Yes,Yes,51.01245088579863,-114.1411534567695
1109000694,0543,1965-01-01 00:00:00,RICHMOND ROAD,37 STREET,RICHMOND ROAD & 37 STREET,SW,Traffic signal,Yes,Yes,Yes,51.022444881822274,-114.1411334026708
1109000695,0073,1980-01-01 00:00:00,52 AVENUE,NORTHLAND DRIVE,52 AVENUE & NORTHLAND DRIVE,NW,Traffic signal,Yes,Yes,No,51.10096338013352,-114.141394267454
1109000697,0155,1991-11-14 00:00:00,BOWNESS ROAD/3 AVENUE,37 STREET,BOWNESS ROAD/3 AVENUE & 37 STREET,NW,Traffic signal,Yes,Yes,No,51.06010159640167,-114.14116695063002
1109000698,0505,1965-01-01 00:00:00,26 AVENUE,37 STREET,26 AVENUE & 37 STREET,SW,Traffic signal,Yes,Yes,Yes,51.03005139225351,-114.14115166262852
1109000700,0074,1975-01-01 00:00:00,NORTHLAND DRIVE,NORTHMOUNT DRIVE,NORTHLAND DRIVE & NORTHMOUNT DRIVE,NW,Traffic signal,Yes,Yes,Yes,51.09602816367231,-114.14130783326924
1109000701,0442,1963-01-01 00:00:00,17 AVENUE,37 STREET,17 AVENUE & 37 STREET,SW,Traffic signal,Yes,Yes,Yes,51.03781626840185,-114.14118434856574
1109000702,B2699,2001-05-29 00:00:00,10 AVENUE,37 STREET,10 AVENUE & 37 STREET,SW,Overhead Flasher,Yes,No,No,51.04325719663049,-114.14112405065524
1109000703,0069,1988-08-08 00:00:00,NORTHLAND MALL ENTRANCE,NORTHLAND DRIVE,NORTHLAND MALL ENTRANCE & NORTHLAND DRIVE,NW,Traffic signal,Yes,No,No,51.09889587102211,-114.1413022973937
1109000704,0426,1981-01-01 00:00:00,13 AVENUE,37 STREET,13 AVENUE & 37 STREET,SW,Traffic signal,Yes,Yes,Yes,51.04150584124224,-114.14112765068144
1109000705,0366,1964-01-01 00:00:00,BOW TRAIL,37 STREET,BOW TRAIL & 37 STREET,SW,Traffic signal,Yes,Yes,Yes,51.04511668894475,-114.14118604481855
1109000707,1036,2018-06-12 00:00:00,80 AVENUE,36 STREET,80 AVENUE & 36 STREET,NE,Traffic signal,Yes,Yes,No,51.12527106672787,-113.98163729259436
1109000708,0045,1980-01-01 00:00:00,JOHN LAURIE BOULEVARD,SHAGANAPPI TRAIL,JOHN LAURIE BOULEVARD & SHAGANAPPI TRAIL,NW,Traffic signal,Yes,Yes,No,51.109107360761975,-114.1400826350122
1109000712,0573,1991-07-15 00:00:00,LINCOLN WAY/SARCEE ROAD,RICHARDSON WAY,LINCOLN WAY/SARCEE ROAD & RICHARDSON WAY,SW,Traffic signal,Yes,Yes,Yes,51.01246087099027,-114.13874306336017
1109000713,0117,1990-08-30 00:00:00,40 AVENUE,36 STREET,40 AVENUE & 36 STREET,NW,Traffic signal T intersection,Yes,Yes,Yes,51.08727515106685,-114.13886890337744
1109000714,0046,1992-12-12 00:00:00,EDGEMONT BOULEVARD,EDGEBROOK DR/EDENWOLD DR,EDGEMONT BOULEVARD & EDGEBROOK DR/EDENWOLD DR,NW,Traffic signal,Yes,Yes,Yes,51.12774804462512,-114.13856943210884
1109000716,B2634,1973-08-01 00:00:00,3 AVENUE/BOWNESS ROAD,34 STREET,3 AVENUE/BOWNESS ROAD & 34 STREET,NW,Overhead Flasher,Yes,No,No,51.05802291625936,-114.13698765338444
1109000717,0129,1989-11-16 00:00:00,32 AVENUE,COLLEGIATE BOULEVARD,32 AVENUE & COLLEGIATE BOULEVARD,NW,Traffic signal T intersection,Yes,No,No,51.08146701601065,-114.13752955137926
1109000718,0581,2004-08-03 00:00:00,RICHARDSON WAY,RICHARDSON ROAD,RICHARDSON WAY & RICHARDSON ROAD,SW,Traffic signal,Yes,No,No,51.01328313855899,-114.13646239023444
1109000719,0506,1970-01-01 00:00:00,26 AVENUE,33 STREET,26 AVENUE & 33 STREET,SW,Traffic signal,Yes,Yes,Yes,51.03006854146828,-114.1355045088788
1109000721,0443,1960-01-01 00:00:00,17 AVENUE,33 STREET,17 AVENUE & 33 STREET,SW,Traffic signal,Yes,Yes,Yes,51.03781379296565,-114.13548240639489
1109000722,0367,1961-01-01 00:00:00,BOW TRAIL,SPRUCE DRIVE/33 STREET,BOW TRAIL & SPRUCE DRIVE/33 STREET,SW,Traffic signal,Yes,Yes,Yes,51.04159538368479,-114.13545594691276
1109000723,0105,2002-09-26 00:00:00,40 AVENUE,CROWCHILD TRAIL RAMP,40 AVENUE & CROWCHILD TRAIL RAMP,NW,Traffic signal,Yes,Yes,Yes,51.08836874561633,-114.13545039146707
1109000725,0226,2005-03-31 00:00:00,34 AVENUE,32 STREET,34 AVENUE & 32 STREET,NE,Traffic signal,Yes,No,No,51.0836453400393,-113.9886604047066
1109000726,B2724,2004-07-06 00:00:00,32 AVENUE,33 STREET,32 AVENUE & 33 STREET,NW,Overhead Flasher,Yes,No,No,51.08150924835683,-114.1341847165945
1109000727,B2526,1974-03-01 00:00:00,NORTHMOUNT DRIVE,BULYEA ROAD,NORTHMOUNT DRIVE & BULYEA ROAD,NW,Overhead Flasher,Yes,No,No,51.09540197356047,-114.13425505178516
1109000729,0099,2002-10-29 00:00:00,BRISEBOIS DRIVE,BRENTWOOD RD/CROWCHILD TR RAMP,BRISEBOIS DRIVE & BRENTWOOD RD/CROWCHILD TR RAMP,NW,Traffic signal,Yes,No,Yes,51.08957414026342,-114.133527516448
1109000730,0050,1993-11-29 00:00:00,EDGEMONT BOULEVARD,SHAGANAPPI TRAIL,EDGEMONT BOULEVARD & SHAGANAPPI TRAIL,NW,Traffic signal,Yes,Yes,Yes,51.12678837300977,-114.13314862299276
1109000731,B2640,1968-11-01 00:00:00,66 AVENUE,LAKEVIEW DRIVE/LINDEN DRIVE,66 AVENUE & LAKEVIEW DRIVE/LINDEN DRIVE,SW,Overhead Flasher,Yes,No,No,50.99457205992245,-114.13183979586078
1109000732,B2886,2017-06-12 00:00:00,HIDDEN RANCH CRESCENT,HIDDEN VALLEY DRIVE,HIDDEN RANCH CRESCENT & HIDDEN VALLEY DRIVE,NW,Pedestrian RRFB,Yes,No,No,51.1506376062345,-114.11842300634146
1109000733,0926,1998-08-19 00:00:00,COUNTRY HILLS BOULEVARD,EDGEBROOK BV/HAMPTONS DR,COUNTRY HILLS BOULEVARD & EDGEBROOK BV/HAMPTONS DR,NW,Traffic signal,Yes,No,No,51.140389766142725,-114.13192971659724
1109000734,0130,1971-01-01 00:00:00,32 AVENUE,31 STREET/CAMPUS DRIVE,32 AVENUE & 31 STREET/CAMPUS DRIVE,NW,Traffic signal,Yes,Yes,Yes,51.081481494806845,-114.130592170317
1109000735,B2728,2004-12-07 00:00:00,1120,29 STREET,1120 & 29 STREET,NW,Overhead Flasher,Yes,No,No,51.06252660056383,-114.1310198229832
1109000736,0214,1982-01-01 00:00:00,13 AVENUE,29 STREET,13 AVENUE & 29 STREET,NW,Traffic signal T intersection,Yes,No,No,51.06459690763472,-114.13078656945564
1109000737,0507,1986-10-30 00:00:00,26 AVENUE,29 STREET,26 AVENUE & 29 STREET,SW,Traffic signal,Yes,No,No,51.03006627762564,-114.12957395063304
1109000738,0544,1981-01-01 00:00:00,33 AVENUE,29 STREET,33 AVENUE & 29 STREET,SW,Traffic signal,Yes,No,No,51.02524138198426,-114.12955302704094
1109000740,0593,2004-08-26 00:00:00,MOUNT ROYAL GATE,RICHARD ROAD,MOUNT ROYAL GATE & RICHARD ROAD,SW,Traffic signal,Yes,Yes,Yes,51.00870187327241,-114.12939518517496
1109000741,0444,1989-05-25 00:00:00,17 AVENUE,29 STREET,17 AVENUE & 29 STREET,SW,Traffic signal,Yes,Yes,Yes,51.03780454685071,-114.12956340746793
1109000742,0644,1999-09-22 00:00:00,PEACEKEEPERS WAY/RICHARD WAY,RICHARD ROAD,PEACEKEEPERS WAY/RICHARD WAY & RICHARD ROAD,SW,Traffic signal,Yes,No,No,51.00582102837882,-114.12940665412192
1109000743,B2584,1980-10-01 00:00:00,29 STREET,7 AVENUE,29 STREET & 7 AVENUE,NW,Overhead Flasher,Yes,No,No,51.05865804925405,-114.12951038552087
1109000744,0260,1972-01-01 00:00:00,PARKDALE BOULEVARD,29 STREET,PARKDALE BOULEVARD & 29 STREET,NW,Traffic signal T intersection,Yes,Yes,No,51.05539045759584,-114.12950197376333
1109000745,0958,2007-10-16 00:00:00,SYMONS VALLEY ROAD,KINCORA GLEN ROAD/CREEKSIDE S.C.,SYMONS VALLEY ROAD & KINCORA GLEN ROAD/CREEKSIDE S.C.,NW,Traffic signal,Yes,No,No,51.165602086154365,-114.1302117412004
1109000746,0217,1990-11-05 00:00:00,HOSPITAL DRIVE,29 STREET,HOSPITAL DRIVE & 29 STREET,NW,Traffic signal T intersection,Yes,No,No,51.06637054003353,-114.12927826259605
1109000747,0191,1964-01-01 00:00:00,16 AVENUE,UXBRIDGE DRIVE/29 STREET,16 AVENUE & UXBRIDGE DRIVE/29 STREET,NW,Traffic signal,Yes,Yes,Yes,51.06851014599292,-114.1291627071488
1109000748,0075,1971-01-01 00:00:00,NORTHMOUNT DRIVE,BRISEBOIS DRIVE,NORTHMOUNT DRIVE & BRISEBOIS DRIVE,NW,Traffic signal,Yes,Yes,Yes,51.09309394630944,-114.12885065072348
1109000749,0166,1968-01-01 00:00:00,24 AVENUE,UNIVERSITY DRIVE,24 AVENUE & UNIVERSITY DRIVE,NW,Traffic signal,Yes,Yes,No,51.07442196327599,-114.1283656622933
1109000750,0098,1989-10-13 00:00:00,BRENTWOOD ROAD,CROWCHILD TR RAMP/MALL ENT,BRENTWOOD ROAD & CROWCHILD TR RAMP/MALL ENT,NW,Traffic signal,Yes,No,No,51.08575880033654,-114.12832975657226
1109000751,0959,2007-10-10 00:00:00,SYMONS VALLEY ROAD,CREEKSIDE S.C.,SYMONS VALLEY ROAD & CREEKSIDE S.C.,NW,Traffic signal T intersection,Yes,No,No,51.16312187194434,-114.12769433199514
1109000752,0582,2012-05-08 00:00:00,RICHARD ROAD,WESTMOUNT WAY,RICHARD ROAD & WESTMOUNT WAY,SW,Traffic signal,Yes,Yes,Yes,51.011001900199794,-114.12689876985006
1109000753,B2641,1968-11-01 00:00:00,66 AVENUE,LEGARE DRIVE,66 AVENUE & LEGARE DRIVE,SW,Overhead Flasher,Yes,No,No,50.99453643404854,-114.12662289967597
1109000754,0106,1989-10-13 00:00:00,32 AVENUE/CHARLESWOOD DRIVE,CROWCHILD TR SB RAMP,32 AVENUE/CHARLESWOOD DRIVE & CROWCHILD TR SB RAMP,NW,Traffic signal T intersection,Yes,No,No,51.08213205060844,-114.12715838772117
1109000755,0179,1989-09-01 00:00:00,UNIVERSITY DRIVE,UNWIN ROAD,UNIVERSITY DRIVE & UNWIN ROAD,NW,Traffic signal,Yes,No,No,51.07218275735743,-114.12641046110416
1109000756,B2555,1987-10-01 00:00:00,PARKDALE BOULEVARD,27 STREET,PARKDALE BOULEVARD & 27 STREET,NW,Overhead Flasher,Yes,No,No,51.05417220026636,-114.12551905002576
1109000757,B2707,2001-06-19 00:00:00,2011,UNIVERSITY DRIVE,2011 & UNIVERSITY DRIVE,NW,Overhead Flasher,Yes,No,No,51.070646392494325,-114.12500653642608
1109000758,0960,2007-10-04 00:00:00,SYMONS VALLEY ROAD,CREEKSIDE S.C.,SYMONS VALLEY ROAD & CREEKSIDE S.C.,NW,Traffic signal T intersection,Yes,No,No,51.15986955096059,-114.12343545523224
1109000759,0114,1989-10-13 00:00:00,32 AVENUE/CHARLESWOOD DRIVE,CROWCHILD TRAIL NB RAMP,32 AVENUE/CHARLESWOOD DRIVE & CROWCHILD TRAIL NB RAMP,NW,Traffic signal,Yes,Yes,No,51.083446261552766,-114.1251682946518
1109000760,0445,1980-01-01 00:00:00,17 AVENUE,26 STREET,17 AVENUE & 26 STREET,SW,Traffic signal,Yes,Yes,Yes,51.03779832514512,-114.12367521617956
1109000761,0368,1961-01-01 00:00:00,BOW TRAIL,26 STREET,BOW TRAIL & 26 STREET,SW,Traffic signal,Yes,Yes,No,51.04167334460777,-114.12363555272044
1109000762,B2527,1970-10-11 00:00:00,NORTHMOUNT DRIVE,BOWLEN STREET,NORTHMOUNT DRIVE & BOWLEN STREET,NW,Overhead Flasher,Yes,No,No,51.09085207197958,-114.12371976305724
1109000763,0097,1979-01-01 00:00:00,CHARLESWOOD DRIVE,BRENTWOOD MALL ENT,CHARLESWOOD DRIVE & BRENTWOOD MALL ENT,NW,Traffic signal T intersection,Yes,No,Yes,51.08456853603535,-114.12348890774692
1109000764,0791,1995-09-25 00:00:00,RICHARDSON WAY,RICHARD ROAD,RICHARDSON WAY & RICHARD ROAD,SW,Traffic signal,Yes,No,No,51.01231847152459,-114.12238684600564
1109000765,0584,2003-09-10 00:00:00,50 AVENUE/MOUNT ROYAL GATE,CROWCHILD TRAIL/FORAND STREET,50 AVENUE/MOUNT ROYAL GATE & CROWCHILD TRAIL/FORAND STREET,SW,Traffic signal,Yes,No,No,51.00869869963617,-114.12010968430069
1109000766,0178,1997-04-16 00:00:00,13 AVENUE,UNIVERSITY DRIVE,13 AVENUE & UNIVERSITY DRIVE,NW,Traffic signal,Yes,No,No,51.06453533997735,-114.11972625293154
1109000767,0545,1982-01-01 00:00:00,33 AVENUE,CROWCHILD TRAIL SB RAMP,33 AVENUE & CROWCHILD TRAIL SB RAMP,SW,Traffic signal,Yes,Yes,No,51.02399449961298,-114.11848902607966
1109000769,0784,1992-08-06 00:00:00,WOODGLEN RISE/WOODPARK AV,24 STREET,WOODGLEN RISE/WOODPARK AV & 24 STREET,SW,Traffic signal,Yes,No,No,50.94631187912407,-114.11797192372028
1109000770,0720,1982-01-01 00:00:00,ANDERSON ROAD,24 STREET,ANDERSON ROAD & 24 STREET,SW,Traffic signal,Yes,Yes,Yes,50.95050053351531,-114.1179661870448
1109000771,0729,1982-01-01 00:00:00,WOODVIEW DRIVE,24 STREET,WOODVIEW DRIVE & 24 STREET,SW,Traffic signal,Yes,Yes,Yes,50.94124050860223,-114.1179791199495
1109000772,1093,2014-03-26 00:00:00,17 AVENUE,84 STREET,17 AVENUE & 84 STREET,SE,Traffic signal,Yes,No,Yes,51.03780012902651,-113.90767595888867
1109000774,0690,1978-01-01 00:00:00,SOUTHLAND DRIVE,24 STREET,SOUTHLAND DRIVE & 24 STREET,SW,Traffic signal,Yes,No,Yes,50.96130176075732,-114.11795182616382
1109000775,0927,1998-11-06 00:00:00,COUNTRY HILLS BOULEVARD,SHAGANAPPI TRAIL,COUNTRY HILLS BOULEVARD & SHAGANAPPI TRAIL,NW,Traffic signal,Yes,No,No,51.14263466636091,-114.12367476947306
1109000776,0680,1980-01-01 00:00:00,PALLISER DRIVE,24 STREET,PALLISER DRIVE & 24 STREET,SW,Traffic signal,Yes,No,No,50.96946032796803,-114.11794401146184
1109000777,0671,1989-06-29 00:00:00,90 AVENUE,24 STREET,90 AVENUE & 24 STREET,SW,Traffic signal,Yes,Yes,Yes,50.97221620935814,-114.11792509165096
1109000778,0585,2003-09-10 00:00:00,50 AVENUE,CROWCHILD TRAIL,50 AVENUE & CROWCHILD TRAIL,SW,Traffic signal,Yes,No,No,51.00872257511867,-114.11716171273048
1109000779,0642,1987-10-28 00:00:00,63 AVENUE,CROWCHILD TRAIL,63 AVENUE & CROWCHILD TRAIL,SW,Traffic signal T intersection,Yes,No,Yes,50.9971670199639,-114.11791451247016
1109000780,0107,1965-01-01 00:00:00,24 AVENUE,CROWCHILD TRAIL,24 AVENUE & CROWCHILD TRAIL,NW,Traffic signal,Yes,Yes,No,51.0742762480533,-114.11839142364114
1109000781,0631,1981-01-01 00:00:00,CROWCHILD TRAIL,GLENMORE TRAIL,CROWCHILD TRAIL & GLENMORE TRAIL,SW,Traffic signal T intersection,Yes,Yes,Yes,51.000021454654494,-114.11802518568722
1109000782,0630,1981-01-01 00:00:00,CROWCHILD TRAIL,GLENMORE TRAIL,CROWCHILD TRAIL & GLENMORE TRAIL,SW,Traffic signal,Yes,Yes,Yes,51.0006826835796,-114.1180341321622
1109000783,0110,1987-09-04 00:00:00,23 AVENUE,CROWCHILD TRAIL,23 AVENUE & CROWCHILD TRAIL,NW,Traffic signal,No,No,No,51.07104181859014,-114.1179205565291
1109000784,0446,1983-01-01 00:00:00,17 AVENUE,24 STREET,17 AVENUE & 24 STREET,SW,Traffic signal,Yes,Yes,Yes,51.03781096336453,-114.11791418915986
1109000785,0109,1959-01-01 00:00:00,KENSINGTON ROAD,CROWCHILD TRAIL,KENSINGTON ROAD & CROWCHILD TRAIL,NW,Traffic signal,Yes,Yes,Yes,51.05247113906854,-114.11795567670436
1109000786,0108,1967-01-01 00:00:00,5 AVENUE,CROWCHILD TRAIL,5 AVENUE & CROWCHILD TRAIL,NW,Traffic signal,Yes,Yes,Yes,51.057186585649085,-114.1180423628214
1109000787,0076,1967-01-01 00:00:00,NORTHMOUNT DRIVE,CHARLESWOOD DRIVE,NORTHMOUNT DRIVE & CHARLESWOOD DRIVE,NW,Traffic signal,Yes,Yes,Yes,51.08927648674131,-114.11732066068308
1109000788,0785,1985-10-03 00:00:00,BRAESIDE DRIVE/OAKFIELD DRIVE,24 STREET,BRAESIDE DRIVE/OAKFIELD DRIVE & 24 STREET,SW,Traffic signal,Yes,No,Yes,50.9540994072258,-114.11798220066495
1109000789,0546,1982-01-01 00:00:00,33 AVENUE,CROWCHILD TRAIL,33 AVENUE & CROWCHILD TRAIL,SW,Traffic signal,Yes,Yes,No,51.02395278865973,-114.11728440795429
1109000790,0192,1980-01-01 00:00:00,16 AVENUE,MOTEL VILLAGE ENTRANCE,16 AVENUE & MOTEL VILLAGE ENTRANCE,NW,Traffic signal T intersection,Yes,Yes,Yes,51.06699826748198,-114.11538782268129
1109000791,0551,2000-09-29 00:00:00,33 AVENUE,22 STREET,33 AVENUE & 22 STREET,SW,Traffic signal,Yes,Yes,Yes,51.02398658126632,-114.11434351719726
1109000792,B2627,1969-02-01 00:00:00,26 AVENUE,22 STREET,26 AVENUE & 22 STREET,SW,Overhead Flasher,Yes,No,No,51.030423735102936,-114.11439204937474
1109000793,B2528,1968-09-16 00:00:00,NORTHMOUNT DRIVE,CHILCOTIN ROAD,NORTHMOUNT DRIVE & CHILCOTIN ROAD,NW,Overhead Flasher,Yes,No,No,51.08867695432031,-114.11452141198671
1109000794,0871,2013-10-07 00:00:00,PEIGAN TRAIL,84 STREET,PEIGAN TRAIL & 84 STREET,SE,Traffic signal,No,No,No,51.01589471785292,-113.91198707433654
1109000795,B2626,1969-02-01 00:00:00,RICHMOND ROAD,22 STREET,RICHMOND ROAD & 22 STREET,SW,Overhead Flasher,Yes,No,No,51.03126049003806,-114.11366702779068
1109000796,B2597,1969-04-01 00:00:00,KENSINGTON ROAD,22 STREET,KENSINGTON ROAD & 22 STREET,NW,Overhead Flasher,Yes,No,No,51.05248253027506,-114.11285840716084
1109000797,0790,1985-01-01 00:00:00,16 AVENUE,BANFF TRAIL,16 AVENUE & BANFF TRAIL,NW,Traffic signal T intersection,Yes,Yes,Yes,51.06699543202661,-114.1126999850018
1109000799,0679,1990-11-14 00:00:00,90 AVENUE,BAYVIEW DRIVE,90 AVENUE & BAYVIEW DRIVE,SW,Traffic signal,Yes,No,No,50.97223535289289,-114.11168613500742
1109000800,0447,1953-01-01 00:00:00,17 AVENUE,RICHMOND ROAD,17 AVENUE & RICHMOND ROAD,SW,Traffic signal T intersection,Yes,Yes,Yes,51.03781825143864,-114.11129220323927
1109000801,0479,1998-07-14 00:00:00,RICHMOND ROAD,CROWCHILD TRAIL,RICHMOND ROAD & CROWCHILD TRAIL,SW,Traffic signal T intersection,Yes,Yes,No,51.03693453449851,-114.11121617587868
1109000802,0889,2007-04-13 00:00:00,162 AVENUE,BRIDLERIDGE WAY/EVERSYDE BV,162 AVENUE & BRIDLERIDGE WAY/EVERSYDE BV,SW,Traffic signal,Yes,No,Yes,50.90675408930795,-114.11046299712892
1109000806,0547,1963-01-01 00:00:00,33 AVENUE,20 STREET,33 AVENUE & 20 STREET,SW,Traffic signal,Yes,Yes,Yes,51.02399772059392,-114.10944528418894
1109000807,0508,1970-01-01 00:00:00,26 AVENUE,20 STREET,26 AVENUE & 20 STREET,SW,Traffic signal,Yes,Yes,No,51.030428459215344,-114.10945940106556
1109000808,B2676,1982-10-01 00:00:00,WOODPARK BOULEVARD,WOODGREEN DRIVE,WOODPARK BOULEVARD & WOODGREEN DRIVE,SW,Overhead Flasher,Yes,No,No,50.93858865507169,-114.10914404649348
1109000809,0721,1981-01-01 00:00:00,ANDERSON ROAD,WOODPARK BOULEVARD,ANDERSON ROAD & WOODPARK BOULEVARD,SW,Traffic signal T intersection,Yes,Yes,Yes,50.95053345623767,-114.10895351218194
1109000811,0730,1984-01-01 00:00:00,WOODVIEW DRIVE,WOODPARK BOULEVARD,WOODVIEW DRIVE & WOODPARK BOULEVARD,SW,Traffic signal,Yes,No,No,50.941519581350974,-114.10890901467702
1109000812,0077,1967-01-01 00:00:00,NORTHMOUNT DRIVE,19 STREET,NORTHMOUNT DRIVE & 19 STREET,NW,Traffic signal,Yes,Yes,Yes,51.08754941896965,-114.10912313306392
1109000813,0018,1995-06-30 00:00:00,MACEWAN DRIVE/SANDARAC DR,14 STREET,MACEWAN DRIVE/SANDARAC DR & 14 STREET,NW,Traffic signal,Yes,Yes,Yes,51.14025590048291,-114.10881864014952
1109000814,0019,1993-10-28 00:00:00,COUNTRY HILLS BOULEVARD,14 STREET,COUNTRY HILLS BOULEVARD & 14 STREET,NW,Traffic signal,Yes,Yes,Yes,51.1433690489604,-114.10794464053716
1109000815,0940,1998-11-17 00:00:00,MacEWAN DRIVE,14 STREET,MacEWAN DRIVE & 14 STREET,NW,Traffic signal T intersection,Yes,No,No,51.13483698334677,-114.10721884644532
1109000816,0193,1960-01-01 00:00:00,16 AVENUE,19 STREET,16 AVENUE & 19 STREET,NW,Traffic signal,Yes,Yes,No,51.066970925449866,-114.10629442594843
1109000817,0691,1982-01-01 00:00:00,SOUTHLAND DRIVE,19 STREET,SOUTHLAND DRIVE & 19 STREET,SW,Traffic signal,Yes,Yes,Yes,50.96141654484929,-114.1063504984295
1109000818,B2701,2002-05-01 00:00:00,90 AVENUE,19 STREET,90 AVENUE & 19 STREET,SW,Overhead Flasher,Yes,No,No,50.97222183162496,-114.10632741802502
1109000819,1246,2022-06-02 00:00:00,HARVEST HILLS BOULEVARD,PANATELLA GATE,HARVEST HILLS BOULEVARD & PANATELLA GATE,NW,Traffic signal,Yes,Yes,Yes,51.16671655767008,-114.06840387237972
1109000820,0180,1975-01-01 00:00:00,20 AVENUE,19 STREET,20 AVENUE & 19 STREET,NW,Traffic signal,Yes,Yes,Yes,51.07054633761847,-114.10629610786408
1109000821,B2688,1999-10-13 00:00:00,17 AVENUE,19 STREET,17 AVENUE & 19 STREET,SW,Overhead Flasher,Yes,No,No,51.03779746113671,-114.10630803224636
1109000822,B2553,1967-11-01 00:00:00,19 STREET,22 AVENUE,19 STREET & 22 AVENUE,NW,Overhead Flasher,Yes,No,No,51.07238614755317,-114.1062955081088
1109000823,B2580,1969-01-01 00:00:00,12 AVENUE,19 STREET,12 AVENUE & 19 STREET,NW,Overhead Flasher,Yes,No,No,51.06336975833369,-114.10629860341535
1109000824,0213,1964-01-01 00:00:00,14 AVENUE,19 STREET,14 AVENUE & 19 STREET,NW,Traffic signal,Yes,No,No,51.065140726743145,-114.10630265940618
1109000825,0167,1967-01-01 00:00:00,24 AVENUE,19 STREET,24 AVENUE & 19 STREET,NW,Traffic signal,Yes,No,No,51.074280187988165,-114.10629801217269
1109000826,0016,1992-08-18 00:00:00,BERKSHIRE BOULEVARD/MACEWAN GLEN DR,14 STREET,BERKSHIRE BOULEVARD/MACEWAN GLEN DR & 14 STREET,NW,Traffic signal,Yes,No,Yes,51.13161024070369,-114.10628374233994
1109000827,0919,2012-12-21 00:00:00,112 AVENUE,69 STREET,112 AVENUE & 69 STREET,NW,Traffic signal,Yes,Yes,No,51.15418806673532,-114.18770287238964
1109000828,0243,2003-03-27 00:00:00,BEDDINGTON TRAIL,HIDDEN VALLEY LINK/HIDDEN CREEK,BEDDINGTON TRAIL & HIDDEN VALLEY LINK/HIDDEN CREEK,NW,Traffic signal,Yes,Yes,Yes,51.153652994207214,-114.10596272345728
1109000829,0235,1968-01-01 00:00:00,5 AVENUE/6 AVENUE,19 STREET,5 AVENUE/6 AVENUE & 19 STREET,NW,Traffic signal,Yes,Yes,No,51.05741348310981,-114.10554901951792
1109000830,0245,1957-01-01 00:00:00,KENSINGTON ROAD,19 STREET,KENSINGTON ROAD & 19 STREET,NW,Traffic signal,Yes,Yes,Yes,51.05250186072144,-114.10556057114572
1109000831,B2529,1968-12-01 00:00:00,NORTHMOUNT DRIVE,COLLINGWOOD DRIVE,NORTHMOUNT DRIVE & COLLINGWOOD DRIVE,NW,Overhead Flasher,Yes,No,No,51.08652896372636,-114.10433911601852
1109000832,B2706,2001-08-14 00:00:00,SANDARAC DRIVE,SANDALWOOD GATE,SANDARAC DRIVE & SANDALWOOD GATE,NW,Overhead Flasher,Yes,No,No,51.13986975072724,-114.10430257275624
1109000833,0692,1977-01-01 00:00:00,SOUTHLAND DRIVE,BRAESIDE DRIVE/PALLISER DR,SOUTHLAND DRIVE & BRAESIDE DRIVE/PALLISER DR,SW,Traffic signal,Yes,No,No,50.961419253575926,-114.10333266067332
1109000834,B2628,1974-11-01 00:00:00,26 AVENUE,17A STREET,26 AVENUE & 17A STREET,SW,Overhead Flasher,Yes,No,No,51.03043351699294,-114.10334739210944
1109000835,0789,1997-08-14 00:00:00,16 AVENUE,FIRE HALL #10,16 AVENUE & FIRE HALL #10,NW,Fire signal,No,No,No,51.06694803424137,-114.10417720414044
1109000836,B2669,1980-09-01 00:00:00,BRAESIDE DRIVE,107 AVENUE,BRAESIDE DRIVE & 107 AVENUE,SW,Overhead Flasher,Yes,No,No,50.95708640958336,-114.10302414144606
1109000837,B2583,1986-10-01 00:00:00,1726,14 AVENUE,1726 & 14 AVENUE,NW,Overhead Flasher,Yes,No,No,51.06518273375245,-114.102527607352
1109000838,B2698,2001-02-07 00:00:00,KENSINGTON ROAD,18 STREET,KENSINGTON ROAD & 18 STREET,NW,Overhead Flasher,Yes,No,No,51.05251878884082,-114.10241647025902
1109000839,B2585,1971-12-01 00:00:00,6 AVENUE,18 STREET,6 AVENUE & 18 STREET,NW,Overhead Flasher,Yes,No,No,51.05760180135171,-114.10244822283867
1109000840,0094,2000-08-23 00:00:00,NORTHMOUNT DRIVE,CALANDAR ROAD,NORTHMOUNT DRIVE & CALANDAR ROAD,NW,Traffic signal,Yes,No,No,51.08567721112341,-114.10176802056397
1109000841,0788,2001-12-05 00:00:00,16 AVENUE,17 STREET,16 AVENUE & 17 STREET,NW,Traffic signal,No,No,No,51.066941585060334,-114.10208623277688
1109000842,0674,1985-01-01 00:00:00,90 AVENUE,JERUSALEM ROAD/16 STREET,90 AVENUE & JERUSALEM ROAD/16 STREET,SW,Traffic signal,Yes,Yes,Yes,50.97222813139327,-114.1004465975384
1109000843,0820,2005-10-07 00:00:00,JAMES McKEVITT ROAD,SHAWNESSY BOULEVARD,JAMES McKEVITT ROAD & SHAWNESSY BOULEVARD,SW,Traffic signal,Yes,No,No,50.9140273577102,-114.10004225555778
1109000844,B2621,1981-01-01 00:00:00,17 AVENUE,16A STREET,17 AVENUE & 16A STREET,SW,Overhead Flasher,Yes,No,No,51.03783008548415,-114.10027974309055
1109000845,0017,1995-07-10 00:00:00,BERKSHIRE BOULEVARD,BERKLEY DRIVE/SANDARAC DRIVE,BERKSHIRE BOULEVARD & BERKLEY DRIVE/SANDARAC DRIVE,NW,Traffic signal,Yes,Yes,No,51.13210778262914,-114.0996898880402
1109000846,0194,1980-01-01 00:00:00,16 AVENUE,NORTH HILL MALL,16 AVENUE & NORTH HILL MALL,NW,Traffic signal,Yes,Yes,Yes,51.06691943083007,-114.09805580548796
1109000847,B2609,1966-08-01 00:00:00,11 AVENUE,16 STREET,11 AVENUE & 16 STREET,SW,Overhead Flasher,Yes,No,No,51.0433918014372,-114.0992511090114
1109000848,0772,2002-08-19 00:00:00,162 AVENUE,JAMES McKEVITT ROAD,162 AVENUE & JAMES McKEVITT ROAD,SW,Traffic signal,Yes,Yes,Yes,50.9052168485366,-114.09896728396524
1109000849,0030,1998-09-10 00:00:00,BERKLEY GATE,14 STREET,BERKLEY GATE & 14 STREET,NW,Traffic signal,Yes,No,No,51.12580903844746,-114.09878924135026
1109000852,B2530,1970-11-01 00:00:00,NORTHMOUNT DRIVE,CAROL DRIVE,NORTHMOUNT DRIVE & CAROL DRIVE,NW,Overhead Flasher,Yes,No,No,51.08317164012816,-114.09733210867287
1109000853,0865,2006-12-18 00:00:00,75 AVENUE,EAGLE RIDGE DRIVE,75 AVENUE & EAGLE RIDGE DRIVE,SW,Traffic signal,Yes,Yes,Yes,50.98811614611797,-114.09625604185618
1109000855,0266,1972-01-01 00:00:00,MEMORIAL DRIVE,EDMONTON TRAIL,MEMORIAL DRIVE & EDMONTON TRAIL,NE,Traffic signal,Yes,Yes,Yes,51.05071378251401,-114.05031797333064
1109000856,0250,1972-01-01 00:00:00,1 AVENUE,EDMONTON TRAIL,1 AVENUE & EDMONTON TRAIL,NE,Traffic signal,No,Yes,No,51.05325987372745,-114.0502731259955
1109000857,0666,1967-01-01 00:00:00,BLACKFOOT TRAIL,HERITAGE DRIVE,BLACKFOOT TRAIL & HERITAGE DRIVE,SE,Traffic signal,Yes,Yes,Yes,50.98078243118014,-114.050000251053
1109000858,0500,1983-01-01 00:00:00,25 AVENUE,SPILLER ROAD,25 AVENUE & SPILLER ROAD,SE,Traffic signal,Yes,No,No,51.029688750020725,-114.05000444620283
1109000859,0133,1988-07-14 00:00:00,32 AVENUE CONNECTOR,6 STREET,32 AVENUE CONNECTOR & 6 STREET,NE,Traffic signal T intersection,Yes,No,No,51.08840818159177,-114.04888863491414
1109000860,0743,1982-01-01 00:00:00,CANYON MEADOWS DRIVE,ACADIA DRIVE,CANYON MEADOWS DRIVE & ACADIA DRIVE,SE,Traffic signal T intersection,Yes,No,No,50.92981942758485,-114.04873743841232
1109000861,0595,1971-01-01 00:00:00,53 AVENUE,BLACKFOOT TRAIL,53 AVENUE & BLACKFOOT TRAIL,SE,Traffic signal T intersection,No,No,No,51.00594546666246,-114.04870216475857
1109000862,0605,1968-01-01 00:00:00,58 AVENUE,BLACKFOOT TRAIL,58 AVENUE & BLACKFOOT TRAIL,SE,Traffic signal,Yes,Yes,No,51.0013891834011,-114.0487723411524
1109000863,0576,1968-01-01 00:00:00,46 AVENUE/MANHATTAN ROAD,BLACKFOOT TRAIL,46 AVENUE/MANHATTAN ROAD & BLACKFOOT TRAIL,SE,Traffic signal,Yes,No,No,51.01121351077416,-114.04863643006811
1109000864,0569,1962-01-01 00:00:00,42 AVENUE,BLACKFOOT TRAIL,42 AVENUE & BLACKFOOT TRAIL,SE,Traffic signal,Yes,Yes,Yes,51.01595839049507,-114.0485520787628
1109000865,0700,1968-01-01 00:00:00,SOUTHLAND DRIVE,ACADIA DRIVE,SOUTHLAND DRIVE & ACADIA DRIVE,SE,Traffic signal,Yes,Yes,No,50.96400803463053,-114.04844476595962
1109000866,B2702,2001-06-21 00:00:00,ACADIA DRIVE,94 AVENUE,ACADIA DRIVE & 94 AVENUE,SE,Overhead Flasher,Yes,No,No,50.9685209458566,-114.04843522276389
1109000867,0203,1971-01-01 00:00:00,16 AVENUE,6 STREET,16 AVENUE & 6 STREET,NE,Traffic signal,Yes,Yes,Yes,51.06698600242878,-114.0483239013108
1109000868,B2684,1994-08-01 00:00:00,SUNMILLS DRIVE,SUNBANK ROAD,SUNMILLS DRIVE & SUNBANK ROAD,SE,Overhead Flasher,Yes,No,No,50.90464210883994,-114.04787077590224
1109000869,0554,1990-11-05 00:00:00,BLACKFOOT TRAIL,HIGHFIELD ROAD,BLACKFOOT TRAIL & HIGHFIELD ROAD,SE,Traffic signal,Yes,No,No,51.02087540888765,-114.04782798493366
1109000870,0733,1978-01-01 00:00:00,LAKE BONAVISTA DRIVE,ACADIA DRIVE,LAKE BONAVISTA DRIVE & ACADIA DRIVE,SE,Traffic signal,Yes,Yes,Yes,50.93747904793244,-114.04808995709396
1109000871,0932,1999-08-27 00:00:00,COUNTRY HILLS BOULEVARD,HARVEST HILLS GATE,COUNTRY HILLS BOULEVARD & HARVEST HILLS GATE,NE,Traffic signal T intersection,Yes,No,No,51.15422361168797,-114.048067538067
1109000872,B2683,1993-09-01 00:00:00,SUNMILLS DRIVE,SUNVALE DRIVE,SUNMILLS DRIVE & SUNVALE DRIVE,SE,Overhead Flasher,Yes,No,No,50.89992838733023,-114.04742574888628
1109000873,0762,1989-05-09 00:00:00,MIDLAKE BOULEVARD/SUNMILLS DRIVE,SUN VALLEY BOULEVARD,MIDLAKE BOULEVARD/SUNMILLS DRIVE & SUN VALLEY BOULEVARD,SE,Traffic signal,Yes,No,No,50.90660532828363,-114.04738647217675
1109000874,0797,2003-11-27 00:00:00,SUN VALLEY BOULEVARD,SUNMILLS DRIVE,SUN VALLEY BOULEVARD & SUNMILLS DRIVE,SE,Traffic signal T intersection,Yes,No,No,50.904250163358434,-114.03015296292098
1109000875,0025,1987-11-18 00:00:00,64 AVENUE,DEERFOOT TRAIL,64 AVENUE & DEERFOOT TRAIL,NE,Traffic signal T intersection,Yes,Yes,No,51.1105949858546,-114.04804304909096
1109000876,B2666,1971-05-05 00:00:00,MAPLETON DRIVE,ACADIA DRIVE,MAPLETON DRIVE & ACADIA DRIVE,SE,Overhead Flasher,Yes,No,No,50.96112938199161,-114.0468073500316
1109000877,0501,1983-01-01 00:00:00,25 AVENUE,MANCHESTER YARD,25 AVENUE & MANCHESTER YARD,SE,Traffic signal,Yes,No,No,51.02910401045873,-114.0466025038817
1109000878,0134,1977-01-01 00:00:00,32 AVENUE CONNECTOR,36 AVENUE/SPRING GARDENS ENT,32 AVENUE CONNECTOR & 36 AVENUE/SPRING GARDENS ENT,NE,Traffic signal,Yes,Yes,No,51.0849661802784,-114.04633014046672
1109000879,B2650,1970-11-13 00:00:00,23 AVENUE,SPILLER ROAD,23 AVENUE & SPILLER ROAD,SE,Overhead Flasher,Yes,No,No,51.03296110988982,-114.04528027733458
1109000880,0606,1975-01-01 00:00:00,58 AVENUE,BURBANK ROAD,58 AVENUE & BURBANK ROAD,SE,Traffic signal,Yes,No,No,51.00140701269645,-114.04523530899618
1109000881,0031,2011-02-22 00:00:00,64 AVENUE,DEERFOOT TRAIL,64 AVENUE & DEERFOOT TRAIL,NE,1/4 signal,No,No,No,51.11060503791721,-114.04501131056186
1109000882,0844,2004-09-24 00:00:00,11 STREET,SOUTH IKEA ENTRANCE,11 STREET & SOUTH IKEA ENTRANCE,SE,Traffic signal T intersection,Yes,No,No,50.97989452525437,-114.04485838395853
1109000883,0732,1976-01-01 00:00:00,LAKE BONAVISTA DRIVE,ACADIA DRIVE,LAKE BONAVISTA DRIVE & ACADIA DRIVE,SE,Traffic signal,Yes,Yes,Yes,50.942065303751775,-114.04453738848028
1109000884,B2667,1979-12-01 00:00:00,ACADIA DRIVE,WILLOW PARK DRIVE,ACADIA DRIVE & WILLOW PARK DRIVE,SE,Overhead Flasher,Yes,No,No,50.95998304684262,-114.04412083773232
1109000885,0672,2003-01-23 00:00:00,HERITAGE DRIVE,HERITAGE GATE/HERITAGE MDWS WY,HERITAGE DRIVE & HERITAGE GATE/HERITAGE MDWS WY,SE,Traffic signal,Yes,No,No,50.987166431056025,-114.0441016793985
1109000886,0843,2004-09-16 00:00:00,11 STREET,NORTH IKEA ENTRANCE,11 STREET & NORTH IKEA ENTRANCE,SE,Traffic signal,Yes,No,No,50.982633613110366,-114.04387768544998
1109000887,0502,1983-01-01 00:00:00,25 AVENUE,DARTMOUTH ROAD,25 AVENUE & DARTMOUTH ROAD,SE,Traffic signal T intersection,Yes,No,No,51.02833196859438,-114.04375041830092
1109000888,B2675,1977-08-01 00:00:00,ACADIA DRIVE,LAKE SYLVAN DRIVE,ACADIA DRIVE & LAKE SYLVAN DRIVE,SE,Overhead Flasher,Yes,No,No,50.94360317150444,-114.04294513501924
1109000889,B2603,2013-11-07 00:00:00,1 AVENUE,8 STREET,1 AVENUE & 8 STREET,NE,Overhead Flasher,Yes,No,No,51.0532607885846,-114.04301795094032
1109000890,B2674,1977-08-01 00:00:00,ACADIA DRIVE,120 AVENUE,ACADIA DRIVE & 120 AVENUE,SE,Overhead Flasher,Yes,No,No,50.94505070968985,-114.042491105149
1109000891,0204,1969-01-01 00:00:00,16 AVENUE,MONCTON ROAD/RUSSET ROAD,16 AVENUE & MONCTON ROAD/RUSSET ROAD,NE,Traffic signal,Yes,Yes,Yes,51.066988279393385,-114.04245997535983
1109000892,0933,1998-07-26 00:00:00,COUNTRY HILLS BOULEVARD,COVENTRY BOULEVARD,COUNTRY HILLS BOULEVARD & COVENTRY BOULEVARD,NE,Traffic signal,Yes,No,No,51.15426504610739,-114.04245754216444
1109000893,0726,1974-01-01 00:00:00,ANDERSON ROAD,ACADIA DRIVE,ANDERSON ROAD & ACADIA DRIVE,SE,Traffic signal,Yes,Yes,Yes,50.94820635901795,-114.04193897019115
1109000894,0840,2004-09-17 00:00:00,HERITAGE MEADOWS WAY,11 STREET,HERITAGE MEADOWS WAY & 11 STREET,SE,Traffic signal,Yes,No,No,50.98421072191572,-114.0419571595398
1109000895,0422,1972-01-01 00:00:00,MacDONALD AVENUE,8 STREET,MacDONALD AVENUE & 8 STREET,SE,Traffic signal T intersection,Yes,Yes,No,51.0412217019875,-114.0419424339778
1109000896,0885,2007-03-30 00:00:00,McKENZIE TOWNE BV/NEW BRIGHTON GT,52 STREET,McKENZIE TOWNE BV/NEW BRIGHTON GT & 52 STREET,SE,Traffic signal,Yes,No,No,50.91823211503861,-113.95818840957214
1109000897,0886,2007-01-18 00:00:00,ERIN WOODS DRIVE,52 STREET,ERIN WOODS DRIVE & 52 STREET,SE,Traffic signal T intersection,Yes,No,No,51.019058524458046,-113.95839704296355
1109000898,B2671,1978-05-01 00:00:00,ACADIA DRIVE,MAPLEGLADE DRIVE/WILLINGDON BV,ACADIA DRIVE & MAPLEGLADE DRIVE/WILLINGDON BV,SE,Overhead Flasher,Yes,No,No,50.95168562944613,-114.0414155122678
1109000899,0382,1962-01-01 00:00:00,9 AVENUE,8 STREET,9 AVENUE & 8 STREET,SE,Traffic signal,Yes,Yes,Yes,51.043329214029214,-114.04146550382038
1109000900,0027,1981-01-01 00:00:00,64 AVENUE,9 STREET,64 AVENUE & 9 STREET,NE,Traffic signal,Yes,Yes,Yes,51.11057057257683,-114.04135742812856
1109000901,0135,1977-01-01 00:00:00,32 AVENUE,9 STREET,32 AVENUE & 9 STREET,NE,Traffic signal,Yes,No,No,51.08147928603548,-114.04149584604328
1109000902,B2712,2001-12-19 00:00:00,42 AVENUE,9 STREET,42 AVENUE & 9 STREET,SE,Overhead Flasher,Yes,No,No,51.01601709685532,-114.04067468823038
1109000903,B0097,2025-01-13 00:00:00,1 AVENUE,9 STREET,1 AVENUE & 9 STREET,NE,Pedestrian RRFB,Yes,No,No,51.05323547019993,-114.04037361567228
1109000904,0795,1996-06-13 00:00:00,70 AVENUE,11 STREET,70 AVENUE & 11 STREET,SE,Traffic signal,Yes,No,No,50.99099500938086,-114.0399105324572
1109000905,0842,2004-10-27 00:00:00,33,HERITAGE MEADOWS WAY,33 & HERITAGE MEADOWS WAY,SE,Traffic signal,Yes,No,No,50.9835192385246,-114.03986298193344
1109000906,0667,1982-01-01 00:00:00,HERITAGE DRIVE,11 STREET,HERITAGE DRIVE & 11 STREET,SE,Traffic signal,Yes,No,No,50.98720510951202,-114.03973795180995
1109000907,1206,2020-08-28 00:00:00,144 AVENUE,1 STREET,144 AVENUE & 1 STREET,NE,Traffic signal,Yes,Yes,Yes,51.183388532008685,-114.06916222239369
1109000908,0119,2010-06-07 00:00:00,McKNIGHT BOULEVARD,DEERFOOT TRAIL,McKNIGHT BOULEVARD & DEERFOOT TRAIL,NE,1/4 signal,No,No,No,51.096107065198495,-114.03894608500008
1109000909,0744,1978-01-01 00:00:00,CANYON MEADOWS DRIVE,LAKE CRIMSON DR/PARKLAND BLVD,CANYON MEADOWS DRIVE & LAKE CRIMSON DR/PARKLAND BLVD,SE,Traffic signal,Yes,Yes,Yes,50.93024571267205,-114.03855135167464
1109000910,0908,2001-06-28 00:00:00,AIRPORT TRAIL/96 AVENUE,DEERFOOT TRAIL,AIRPORT TRAIL/96 AVENUE & DEERFOOT TRAIL,NE,Traffic signal,No,No,No,51.14165766821977,-114.03832703861372
1109000911,0701,1974-01-01 00:00:00,BLACKFOOT TRAIL,SOUTHLAND DRIVE,BLACKFOOT TRAIL & SOUTHLAND DRIVE,SE,Traffic signal,Yes,Yes,No,50.96577559609459,-114.03859521406991
1109000912,0607,1989-07-10 00:00:00,58 AVENUE,11 STREET,58 AVENUE & 11 STREET,SE,Traffic signal T intersection,Yes,No,No,51.00175824917187,-114.0372890615277
1109000913,0534,2008-02-06 00:00:00,59 AVENUE,11 STREET,59 AVENUE & 11 STREET,SE,Traffic signal T intersection,Yes,No,No,50.99954412331085,-114.0371782519761
1109000915,0514,1969-01-01 00:00:00,26 AVENUE,11 STREET,26 AVENUE & 11 STREET,SE,Traffic signal T intersection,Yes,No,No,51.03059080334141,-114.03676696403755
1109000916,0485,1980-01-01 00:00:00,21 AVENUE,11 STREET,21 AVENUE & 11 STREET,SE,Traffic signal T intersection,Yes,Yes,Yes,51.03458074635488,-114.03676216553374
1109000917,B2731,2012-02-01 00:00:00,CHURCHILL DRIVE,HERITAGE DRIVE,CHURCHILL DRIVE & HERITAGE DRIVE,SW,Overhead Flasher,Yes,No,No,50.97961342722315,-114.09165911269169
1109000918,0777,2001-09-17 00:00:00,53 AVENUE/AVIATION PARK,11 STREET,53 AVENUE/AVIATION PARK & 11 STREET,NE,Traffic signal,Yes,Yes,No,51.10009028949854,-114.03643656489815
1109000919,0093,2001-09-24 00:00:00,57 AVENUE,11 STREET,57 AVENUE & 11 STREET,NE,Traffic signal,Yes,No,No,51.10620009327685,-114.03641910792764
1109000920,0888,2007-10-10 00:00:00,64 AVENUE,11 STREET,64 AVENUE & 11 STREET,NE,Traffic signal,Yes,Yes,No,51.11051827350452,-114.03643048330338
1109000921,0812,2004-04-01 00:00:00,11 STREET,DEERFOOT CITY ENTRANCE,11 STREET & DEERFOOT CITY ENTRANCE,NE,Traffic signal T intersection,Yes,No,No,51.108459656881216,-114.03640030444951
1109000922,0196,1980-01-01 00:00:00,16 AVENUE,14 STREET NB RAMP,16 AVENUE & 14 STREET NB RAMP,NW,Traffic signal,Yes,Yes,Yes,51.06689926647839,-114.09401634062225
1109000923,B2725,2004-07-01 00:00:00,25 AVENUE,14 STREET,25 AVENUE & 14 STREET,SW,Overhead Flasher,Yes,No,No,51.03145086626567,-114.094712729998
1109000924,0770,1980-01-01 00:00:00,14 AVENUE,14 STREET SB RAMP,14 AVENUE & 14 STREET SB RAMP,NW,Traffic signal,Yes,Yes,No,51.06440349340435,-114.09531675993304
1109000925,0693,1971-01-01 00:00:00,SOUTHLAND DRIVE,14 STREET,SOUTHLAND DRIVE & 14 STREET,SW,Traffic signal,Yes,Yes,Yes,50.96152096530602,-114.09520288692936
1109000926,0675,1970-01-01 00:00:00,90 AVENUE,14 STREET,90 AVENUE & 14 STREET,SW,Traffic signal T intersection,Yes,Yes,Yes,50.97225053129984,-114.09512760812623
1109000927,0722,1978-01-01 00:00:00,ANDERSON ROAD,14 STREET,ANDERSON ROAD & 14 STREET,SW,Traffic signal,No,No,No,50.95048065641064,-114.09478695419892
1109000928,0660,1969-01-01 00:00:00,HERITAGE DRIVE,14 STREET,HERITAGE DRIVE & 14 STREET,SW,Traffic signal,Yes,Yes,Yes,50.97957656534306,-114.09486058613012
1109000929,0654,1969-01-01 00:00:00,75 AVENUE,14 STREET,75 AVENUE & 14 STREET,SW,Traffic signal,No,No,No,50.98813100666187,-114.09480325796108
1109000930,0181,1959-01-01 00:00:00,20 AVENUE,14 STREET,20 AVENUE & 14 STREET,NW,Traffic signal,Yes,No,No,51.070526878254846,-114.09473612348144
1109000931,0436,1989-11-09 00:00:00,16 AVENUE,14 STREET,16 AVENUE & 14 STREET,SW,Traffic signal,No,Yes,No,51.03849574861387,-114.09472445111356
1109000932,0548,1956-01-01 00:00:00,33 AVENUE/COUNCIL WAY,14 STREET,33 AVENUE/COUNCIL WAY & 14 STREET,SW,Traffic signal,Yes,No,No,51.02400468828319,-114.09469110204968
1109000933,B2710,2001-06-20 00:00:00,23 AVENUE,14 STREET,23 AVENUE & 14 STREET,SW,Overhead Flasher,Yes,No,No,51.03322816735135,-114.0947098970755
1109000935,B2619,1992-06-01 00:00:00,14 STREET,15 AVENUE,14 STREET & 15 AVENUE,SW,Overhead Flasher,Yes,No,No,51.03946705410602,-114.0947083569082
1109000936,0261,2003-06-22 00:00:00,14 AVENUE,14 STREET,14 AVENUE & 14 STREET,SW,Traffic signal,No,No,No,51.04041097556309,-114.09471028133127
1109000937,0411,1954-01-01 00:00:00,12 AVENUE,14 STREET,12 AVENUE & 14 STREET,SW,Traffic signal,No,Yes,No,51.04230780774161,-114.09471414881926
1109000938,0480,1952-01-01 00:00:00,21 AVENUE,14 STREET,21 AVENUE & 14 STREET,SW,Traffic signal T intersection,Yes,Yes,Yes,51.03498117765656,-114.09469921273592
1109000939,0509,1957-01-01 00:00:00,26 AVENUE,14 STREET,26 AVENUE & 14 STREET,SW,Traffic signal T intersection,Yes,Yes,No,51.03044135928621,-114.09468996100053
1109000940,0165,1987-01-01 00:00:00,24 AVENUE,14 STREET,24 AVENUE & 14 STREET,NW,Traffic signal T intersection,Yes,Yes,Yes,51.07426620200176,-114.0947651030027
1109000941,0400,1956-01-01 00:00:00,11 AVENUE,14 STREET,11 AVENUE & 14 STREET,SW,Traffic signal,No,Yes,No,51.04324135893407,-114.09466964410176
1109000942,0448,1951-01-01 00:00:00,17 AVENUE,14 STREET,17 AVENUE & 14 STREET,SW,Traffic signal,No,Yes,Yes,51.03782416874682,-114.09471004382436
1109000943,0236,1955-01-01 00:00:00,5 AVENUE/6 AVENUE,14 STREET,5 AVENUE/6 AVENUE & 14 STREET,NW,Traffic signal,Yes,Yes,Yes,51.05746539994621,-114.09473650889412
1109000944,B2616,1975-09-01 00:00:00,2 AVENUE,14 STREET,2 AVENUE & 14 STREET,NW,Overhead Flasher,Yes,No,No,51.05464477463182,-114.09470394068084
1109000945,0246,1954-01-01 00:00:00,KENSINGTON ROAD,14 STREET,KENSINGTON ROAD & 14 STREET,NW,Traffic signal,No,Yes,No,51.05252778419731,-114.09469607853136
1109000946,0079,1963-01-01 00:00:00,NORTHMOUNT DRIVE,14 STREET,NORTHMOUNT DRIVE & 14 STREET,NW,Traffic signal,Yes,Yes,Yes,51.08303117483868,-114.09472592003333
1109000948,0029,1980-01-01 00:00:00,NORTH HAVEN DRIVE,14 STREET,NORTH HAVEN DRIVE & 14 STREET,NW,Traffic signal,Yes,Yes,No,51.09216467532207,-114.09473030269515
1109000949,0775,1980-01-01 00:00:00,14 AVENUE,14 STREET NB RAMP,14 AVENUE & 14 STREET NB RAMP,NW,Traffic signal,Yes,Yes,No,51.06440612395444,-114.093965237571
1109000950,B2662,1992-09-01 00:00:00,SOUTHLAND DRIVE,14 STREET,SOUTHLAND DRIVE & 14 STREET,SW,Overhead Flasher,Yes,No,No,50.96227304344095,-114.09114963173514
1109000951,0195,1980-01-01 00:00:00,16 AVENUE,14 STREET,16 AVENUE & 14 STREET,NW,Traffic signal,Yes,Yes,No,51.06692052165827,-114.09544195282449
1109000952,0095,1989-12-06 00:00:00,NORTHMOUNT DRIVE,CAMBRIAN DRIVE,NORTHMOUNT DRIVE & CAMBRIAN DRIVE,NW,Traffic signal,Yes,Yes,Yes,51.08301862575959,-114.0925965809316
1109000954,B2598,1969-04-01 00:00:00,KENSINGTON ROAD,12 STREET,KENSINGTON ROAD & 12 STREET,NW,Overhead Flasher,Yes,No,No,51.05251352531171,-114.09173973038232
1109000955,B2586,1974-11-01 00:00:00,5 AVENUE,12 STREET,5 AVENUE & 12 STREET,NW,Overhead Flasher,Yes,No,No,51.05708031831733,-114.09172022541335
1109000956,0470,1996-07-18 00:00:00,17 AVENUE,12 STREET,17 AVENUE & 12 STREET,SW,Traffic signal,No,Yes,Yes,51.03782038520885,-114.09164380220024
1109000957,0427,1999-08-27 00:00:00,12 AVENUE,12 STREET,12 AVENUE & 12 STREET,SW,Traffic signal,No,Yes,Yes,51.04221709537763,-114.09137908487266
1109000958,0428,2000-06-29 00:00:00,11 AVENUE,12 STREET,11 AVENUE & 12 STREET,SW,Traffic signal,Yes,Yes,Yes,51.04318104632701,-114.09131101378657
1109000959,B2651,1980-11-01 00:00:00,75 AVENUE,CHURCHILL DRIVE,75 AVENUE & CHURCHILL DRIVE,SW,Overhead Flasher,Yes,No,No,50.98571172924884,-114.09016950472216
1109000960,0835,2003-07-25 00:00:00,162 AVENUE,SHAWBROOKE DRIVE/SOMERCREST ST,162 AVENUE & SHAWBROOKE DRIVE/SOMERCREST ST,SW,Traffic signal,Yes,Yes,Yes,50.90399411284138,-114.08954238546308
1109000961,0197,1981-01-01 00:00:00,16 AVENUE,12 STREET,16 AVENUE & 12 STREET,NW,Traffic signal,Yes,Yes,No,51.06687466398426,-114.08978822675677
1109000962,B2531,1968-12-01 00:00:00,NORTHMOUNT DRIVE,CORNWALLIS DRIVE,NORTHMOUNT DRIVE & CORNWALLIS DRIVE,NW,Overhead Flasher,Yes,No,No,51.08536345955597,-114.0897065450997
1109000963,0834,2003-06-19 00:00:00,SHAWNESSY BOULEVARD,SHAWINIGAN DRIVE,SHAWNESSY BOULEVARD & SHAWINIGAN DRIVE,SW,Traffic signal T intersection,Yes,Yes,Yes,50.914045009447705,-114.08936258117495
1109000964,0819,2005-12-16 00:00:00,JAMES McKEVITT ROAD,MILLRISE HILL/SHAWNEE LINK,JAMES McKEVITT ROAD & MILLRISE HILL/SHAWNEE LINK,SW,Traffic signal,Yes,No,No,50.92132784259118,-114.08916576624746
1109000965,0449,1958-01-01 00:00:00,17 AVENUE,11 STREET,17 AVENUE & 11 STREET,SW,Traffic signal T intersection,No,Yes,Yes,51.03781726311827,-114.08921546806556
1109000966,B2737,2006-10-05 00:00:00,HERITAGE DRIVE,10 STREET,HERITAGE DRIVE & 10 STREET,SW,Overhead Flasher,Yes,No,No,50.9795854598707,-114.08813569623229
1109000967,B2612,1968-10-01 00:00:00,13 AVENUE,11 STREET,13 AVENUE & 11 STREET,SW,Overhead Flasher,Yes,No,No,51.04124595362943,-114.0889811947483
1109000968,0412,1956-01-01 00:00:00,12 AVENUE,11 STREET,12 AVENUE & 11 STREET,SW,Traffic signal,No,Yes,No,51.04214797534042,-114.08891006914124
1109000969,0401,1959-01-01 00:00:00,11 AVENUE,11 STREET,11 AVENUE & 11 STREET,SW,Traffic signal,No,Yes,No,51.04307441480904,-114.0888874006078
1109000970,0390,1976-01-01 00:00:00,10 AVENUE,11 STREET,10 AVENUE & 11 STREET,SW,Traffic signal,No,Yes,Yes,51.04404748127981,-114.08878536133992
1109000971,0370,1957-01-01 00:00:00,9 AVENUE,11 STREET,9 AVENUE & 11 STREET,SW,Traffic signal,Yes,Yes,Yes,51.04533306571349,-114.08871651476696
1109000972,0006,1990-06-20 00:00:00,BEDDINGTON BV/SANDSTONE DR,BERKSHIRE BOULEVARD,BEDDINGTON BV/SANDSTONE DR & BERKSHIRE BOULEVARD,NW,Traffic signal,Yes,Yes,Yes,51.13354418559415,-114.0890773143938
1109000973,0316,1956-01-01 00:00:00,6 AVENUE,11 STREET,6 AVENUE & 11 STREET,SW,Traffic signal,No,Yes,No,51.04817057698124,-114.08850742516826
1109000974,B2693,2000-08-28 00:00:00,SHAWINIGAN DRIVE,SHAWBROOKE CLOSE,SHAWINIGAN DRIVE & SHAWBROOKE CLOSE,SW,Overhead Flasher,Yes,No,No,50.90740629259453,-114.08806011106309
1109000975,0388,2012-10-02 00:00:00,7 AVENUE,11 STREET,7 AVENUE & 11 STREET,SW,Traffic signal,Yes,Yes,Yes,51.04722650302485,-114.08858377701668
1109000977,0244,2003-02-01 00:00:00,KENSINGTON ROAD,10A STREET,KENSINGTON ROAD & 10A STREET,NW,Traffic signal,Yes,Yes,Yes,51.05249894321794,-114.08730390370012
1109000978,0438,1987-11-26 00:00:00,17 AVENUE,10 STREET,17 AVENUE & 10 STREET,SW,Traffic signal,Yes,Yes,Yes,51.0378191306479,-114.0867344912186
1109000979,B2500,1983-01-01 00:00:00,BEDDINGTON BOULEVARD,BERWICK DRIVE,BEDDINGTON BOULEVARD & BERWICK DRIVE,NW,Overhead Flasher,Yes,No,No,51.13170469737165,-114.08663052140616
1109000980,0482,2004-12-23 00:00:00,12 AVENUE,10 STREET,12 AVENUE & 10 STREET,SW,Traffic signal,No,Yes,Yes,51.04208048459208,-114.08644299175135
1109000981,0432,2000-06-05 00:00:00,11 AVENUE,10 STREET,11 AVENUE & 10 STREET,SW,Traffic signal,Yes,Yes,Yes,51.04302812910589,-114.08637947254948
1109000982,0369,1994-05-27 00:00:00,9 AVENUE,10 STREET,9 AVENUE & 10 STREET,SW,Traffic signal T intersection,Yes,Yes,No,51.045251512479446,-114.08622540402486
1109000983,B2566,1986-08-01 00:00:00,CAMBRIAN DRIVE/10 STREET,ROSEHILL DRIVE,CAMBRIAN DRIVE/10 STREET & ROSEHILL DRIVE,NW,Overhead Flasher,Yes,No,No,51.07897445961874,-114.0861692146354
1109000984,0317,1973-01-01 00:00:00,6 AVENUE,10 STREET,6 AVENUE & 10 STREET,SW,Traffic signal,Yes,Yes,Yes,51.04808225789275,-114.08602516770316
1109000985,0357,1999-12-16 00:00:00,5 AVENUE,10 STREET,5 AVENUE & 10 STREET,SW,Traffic signal,Yes,Yes,No,51.04903854547551,-114.08595831347196
1109000986,0237,1954-01-01 00:00:00,5 AVENUE,10 STREET,5 AVENUE & 10 STREET,NW,Traffic signal T intersection,No,Yes,Yes,51.0571116777732,-114.08594319212725
1109000987,0262,1962-01-01 00:00:00,MEMORIAL DRIVE,10 STREET,MEMORIAL DRIVE & 10 STREET,NW,Traffic signal,No,Yes,No,51.05197851017446,-114.08582660412291
1109000988,0247,1952-01-01 00:00:00,KENSINGTON ROAD,10 STREET,KENSINGTON ROAD & 10 STREET,NW,Traffic signal T intersection,No,Yes,No,51.052499434030416,-114.08587808800728
1109000989,0484,2014-12-19 00:00:00,3 AVENUE,10 STREET,3 AVENUE & 10 STREET,NW,Traffic signal,No,Yes,Yes,51.05559578453083,-114.08592292837722
1109000990,0242,1989-11-21 00:00:00,2 AVENUE,10 STREET,2 AVENUE & 10 STREET,NW,Traffic signal T intersection,Yes,Yes,Yes,51.05407319903736,-114.08588051382657
1109000991,0739,1982-01-01 00:00:00,CANYON MEADOWS DRIVE,ELBOW DRIVE,CANYON MEADOWS DRIVE & ELBOW DRIVE,SW,Traffic signal,Yes,No,No,50.93948949455452,-114.08532778807796
1109000992,0080,1974-01-01 00:00:00,40 AVENUE,NORTHMOUNT DRIVE,40 AVENUE & NORTHMOUNT DRIVE,NW,Traffic signal,Yes,Yes,Yes,51.08884560141704,-114.08551666857096
1109000993,0694,1968-01-01 00:00:00,SOUTHLAND DRIVE,ELBOW DRIVE,SOUTHLAND DRIVE & ELBOW DRIVE,SW,Traffic signal,Yes,Yes,Yes,50.9635377733721,-114.08484510869329
1109000994,B2670,1971-08-01 00:00:00,STONEHAVEN ROAD,ELBOW DRIVE,STONEHAVEN ROAD & ELBOW DRIVE,SW,Overhead Flasher,Yes,No,No,50.95615712348091,-114.08480320124166
1109000995,B2668,1971-01-01 00:00:00,SYLVESTER CRESCENT,ELBOW DRIVE,SYLVESTER CRESCENT & ELBOW DRIVE,SW,Overhead Flasher,Yes,No,No,50.95895299001023,-114.08477982152924
1109000996,B2663,1972-06-01 00:00:00,96 AVENUE,ELBOW DRIVE,96 AVENUE & ELBOW DRIVE,SW,Overhead Flasher,Yes,No,No,50.96872498617136,-114.08475489679591
1109000997,0198,1956-01-01 00:00:00,16 AVENUE,10 STREET,16 AVENUE & 10 STREET,NW,Traffic signal,Yes,Yes,No,51.06690677916269,-114.08487700413993
1109000998,0182,1959-01-01 00:00:00,20 AVENUE,10 STREET,20 AVENUE & 10 STREET,NW,Traffic signal,No,No,No,51.070534082430086,-114.08488363867455
1109000999,0723,1974-01-01 00:00:00,ANDERSON ROAD,ELBOW DRIVE,ANDERSON ROAD & ELBOW DRIVE,SW,Traffic signal,Yes,Yes,Yes,50.95048312968235,-114.0845390310349
1109001000,0731,1974-01-01 00:00:00,CANTERBURY DRIVE,ELBOW DRIVE,CANTERBURY DRIVE & ELBOW DRIVE,SW,Traffic signal,Yes,Yes,Yes,50.94785966222744,-114.08453194564729
1109001001,0670,1971-01-01 00:00:00,89 AVENUE,ELBOW DRIVE,89 AVENUE & ELBOW DRIVE,SW,Traffic signal,Yes,No,Yes,50.97353736398431,-114.08451887620753
1109001002,0715,1978-01-01 00:00:00,SACRAMENTO DR/SOUTHAMPTON DR,ELBOW DRIVE,SACRAMENTO DR/SOUTHAMPTON DR & ELBOW DRIVE,SW,Traffic signal,Yes,Yes,Yes,50.95309179694071,-114.0844987387958
1109001003,B2554,1966-08-01 00:00:00,10 STREET,23 AVENUE,10 STREET & 23 AVENUE,NW,Overhead Flasher,Yes,No,No,51.07321322463112,-114.0845888828382
1109001004,B2660,1966-08-01 00:00:00,ELBOW DRIVE,87 AVENUE,ELBOW DRIVE & 87 AVENUE,SW,Overhead Flasher,Yes,No,No,50.97525190583819,-114.08435383600909
1109001005,B2581,1978-08-01 00:00:00,10 STREET,13 AVENUE,10 STREET & 13 AVENUE,NW,Overhead Flasher,Yes,No,No,51.06389999204952,-114.08445777657325
1109001006,0437,1990-03-09 00:00:00,17 AVENUE,9 STREET,17 AVENUE & 9 STREET,SW,Traffic signal,No,Yes,No,51.03782094551152,-114.08425351411051
1109001007,B2656,1966-08-01 00:00:00,ELBOW DRIVE,86 AVENUE/HARCOURT ROAD,ELBOW DRIVE & 86 AVENUE/HARCOURT ROAD,SW,Overhead Flasher,Yes,No,No,50.97665986376565,-114.0838637975648
1109001008,0431,2000-06-01 00:00:00,11 AVENUE,9 STREET,11 AVENUE & 9 STREET,SW,Traffic signal,No,Yes,Yes,51.04296228107131,-114.0839277431488
1109001009,0371,1973-07-13 00:00:00,9 AVENUE,9 STREET,9 AVENUE & 9 STREET,SW,Traffic signal T intersection,No,Yes,No,51.045192891728135,-114.08375349847692
1109001010,B2637,1968-10-01 00:00:00,SIFTON BOULEVARD,8 STREET,SIFTON BOULEVARD & 8 STREET,SW,Overhead Flasher,Yes,No,No,51.019257524629424,-114.08364975395698
1109001011,0345,1976-01-01 00:00:00,8 AVENUE,9 STREET,8 AVENUE & 9 STREET,SW,Traffic signal,No,Yes,No,51.04611888416877,-114.08368386304048
1109001012,B2629,1967-10-01 00:00:00,8 STREET,DORCHESTER AVENUE,8 STREET & DORCHESTER AVENUE,SW,Overhead Flasher,Yes,No,No,51.03049206228839,-114.0836039260484
1109001013,0332,1970-01-01 00:00:00,7 AVENUE,9 STREET,7 AVENUE & 9 STREET,SW,Traffic signal,No,Yes,Yes,51.04709881474072,-114.0836143219583
1109001014,0318,1954-01-01 00:00:00,6 AVENUE,9 STREET,6 AVENUE & 9 STREET,SW,Traffic signal,Yes,Yes,Yes,51.04803746592846,-114.08374846838524
1109001015,B2501,1981-09-01 00:00:00,BEDDINGTON BOULEVARD,BERWICK WAY,BEDDINGTON BOULEVARD & BERWICK WAY,NW,Overhead Flasher,Yes,No,No,51.13015553592396,-114.08361112801326
1109001016,0303,1956-01-01 00:00:00,5 AVENUE,9 STREET,5 AVENUE & 9 STREET,SW,Traffic signal,Yes,Yes,No,51.04897690367857,-114.08353328417572
1109001017,0290,1952-01-01 00:00:00,4 AVENUE,9 STREET,4 AVENUE & 9 STREET,SW,Traffic signal,Yes,Yes,No,51.04992870691976,-114.08348472193754
1109001018,0661,1962-01-01 00:00:00,HERITAGE DRIVE,ELBOW DRIVE,HERITAGE DRIVE & ELBOW DRIVE,SW,Traffic signal,Yes,No,No,50.979572227748434,-114.0831484079234
1109001020,0645,1980-01-01 00:00:00,68 AVENUE,ELBOW DRIVE,68 AVENUE & ELBOW DRIVE,SW,Traffic signal,Yes,No,Yes,50.99238735615127,-114.0831883495135
1109001021,0613,2007-06-23 00:00:00,GLENMORE TRAIL,ELBOW DRIVE,GLENMORE TRAIL & ELBOW DRIVE,SW,Traffic signal,Yes,Yes,Yes,50.99406844935742,-114.0831913549508
1109001022,0612,2007-09-08 00:00:00,GLENMORE TRAIL,ELBOW DRIVE,GLENMORE TRAIL & ELBOW DRIVE,SW,Traffic signal,Yes,Yes,Yes,50.99463889072255,-114.08313960750893
1109001023,B2642,1979-06-01 00:00:00,ELBOW DRIVE,70 AVENUE,ELBOW DRIVE & 70 AVENUE,SW,Overhead Flasher,Yes,No,No,50.99052647645383,-114.08317077898086
1109001025,0616,2002-09-03 00:00:00,ELBOW DRIVE,MALIBOU ROAD,ELBOW DRIVE & MALIBOU ROAD,SW,Traffic signal,Yes,Yes,Yes,50.99550683777361,-114.0831654356384
1109001026,0655,1961-01-01 00:00:00,75 AVENUE,ELBOW DRIVE,75 AVENUE & ELBOW DRIVE,SW,Traffic signal,Yes,Yes,Yes,50.985997975869736,-114.0831490678732
1109001027,B2535,1981-03-02 00:00:00,JOHN LAURIE BOULEVARD,McKNIGHT BOULEVARD,JOHN LAURIE BOULEVARD & McKNIGHT BOULEVARD,NW,Overhead Flasher,Yes,No,No,51.09735144712518,-114.08326234514767
1109001028,0615,1976-01-01 00:00:00,BEL-AIRE DRIVE/MAYFAIR ROAD,ELBOW DRIVE,BEL-AIRE DRIVE/MAYFAIR ROAD & ELBOW DRIVE,SW,Traffic signal,Yes,Yes,Yes,50.99979886805615,-114.08314233926758
1109001029,0020,1981-01-01 00:00:00,64 AVENUE,14 STREET,64 AVENUE & 14 STREET,NW,Traffic signal,Yes,Yes,No,51.10917964233843,-114.08346617747596
1109001030,B2504,1980-10-01 00:00:00,HUNTERVIEW DRIVE,HUNTERBURN HILL,HUNTERVIEW DRIVE & HUNTERBURN HILL,NW,Overhead Flasher,Yes,No,No,51.11781190785168,-114.08319913253814
1109001031,B2567,1966-08-01 00:00:00,20 AVENUE,9 STREET,20 AVENUE & 9 STREET,NW,Overhead Flasher,Yes,No,No,51.07054621371207,-114.08316684326702
1109001032,0475,2001-06-15 00:00:00,12 AVENUE,9 STREET,12 AVENUE & 9 STREET,SW,Traffic signal,No,Yes,Yes,51.04200897521644,-114.08398380994696
1109001033,0600,1973-01-01 00:00:00,58 AVENUE,ELBOW DRIVE,58 AVENUE & ELBOW DRIVE,SW,Traffic signal T intersection,Yes,Yes,No,51.001477602608894,-114.08164015814482
1109001034,0450,1951-01-01 00:00:00,17 AVENUE,8 STREET,17 AVENUE & 8 STREET,SW,Traffic signal,Yes,Yes,Yes,51.03781370799746,-114.08178677941414
1109001036,B2631,1975-06-01 00:00:00,30 AVENUE,7 STREET,30 AVENUE & 7 STREET,SW,Overhead Flasher,Yes,No,No,51.02641480306696,-114.08163842377012
1109001038,B2734,2005-05-10 00:00:00,13 AVENUE,8 STREET,13 AVENUE & 8 STREET,SW,Overhead Flasher,Yes,No,No,51.04100520243246,-114.0815927655722
1109001039,0413,1953-01-01 00:00:00,12 AVENUE,8 STREET,12 AVENUE & 8 STREET,SW,Traffic signal,No,Yes,Yes,51.041940183997866,-114.08152310901748
1109001040,0402,1959-01-01 00:00:00,11 AVENUE,8 STREET,11 AVENUE & 8 STREET,SW,Traffic signal,No,Yes,Yes,51.04290213455303,-114.08145349697296
1109001041,B2694,2000-11-29 00:00:00,ELBOW DRIVE,56 AVENUE,ELBOW DRIVE & 56 AVENUE,SW,Overhead Flasher,Yes,No,No,51.00336519156504,-114.0813699960119
1109001042,B2733,2005-08-01 00:00:00,49 AVENUE,ELBOW DRIVE,49 AVENUE & ELBOW DRIVE,SW,Overhead Flasher,Yes,No,No,51.00960410106262,-114.08138091176592
1109001043,0590,1991-06-24 00:00:00,55 AVENUE,ELBOW DRIVE,55 AVENUE & ELBOW DRIVE,SW,Traffic signal,Yes,Yes,No,51.00425521026563,-114.0813288083231
1109001044,0002,1993-11-04 00:00:00,BEDDINGTON TRAIL,BERKSHIRE BV/COUNTRY HILLS CL,BEDDINGTON TRAIL & BERKSHIRE BV/COUNTRY HILLS CL,NW,Traffic signal,Yes,Yes,Yes,51.138254262275176,-114.08150522636387
1109001045,0391,1967-01-01 00:00:00,10 AVENUE,8 STREET,10 AVENUE & 8 STREET,SW,Traffic signal,Yes,Yes,Yes,51.04383711573286,-114.08138383481398
1109001046,0580,1959-01-01 00:00:00,47 AVENUE,ELBOW DRIVE,47 AVENUE & ELBOW DRIVE,SW,Traffic signal,Yes,Yes,No,51.01138413641503,-114.0812985244725
1109001047,0586,1965-01-01 00:00:00,50 AVENUE,ELBOW DRIVE,50 AVENUE & ELBOW DRIVE,SW,Traffic signal,Yes,Yes,Yes,51.00871902688013,-114.0813598196757
1109001048,0346,1955-01-01 00:00:00,8 AVENUE,8 STREET,8 AVENUE & 8 STREET,SW,Traffic signal,No,Yes,Yes,51.04604867705117,-114.08125936073463
1109001049,0333,1954-01-01 00:00:00,7 AVENUE,8 STREET,7 AVENUE & 8 STREET,SW,Traffic signal,No,Yes,Yes,51.047027661301655,-114.08115754203445
1109001050,0319,1954-01-01 00:00:00,6 AVENUE,8 STREET,6 AVENUE & 8 STREET,SW,Traffic signal,No,Yes,Yes,51.04796358657957,-114.08112009503536
1109001052,0304,1956-01-01 00:00:00,5 AVENUE,8 STREET,5 AVENUE & 8 STREET,SW,Traffic signal,No,Yes,No,51.04889856675298,-114.08105041868866
1109001053,0291,1948-01-01 00:00:00,4 AVENUE,8 STREET,4 AVENUE & 8 STREET,SW,Traffic signal,No,Yes,Yes,51.04984253645189,-114.0809807552344
1109001054,B2532,1968-12-01 00:00:00,HOLMWOOD AVENUE,NORTHMOUNT DRIVE,HOLMWOOD AVENUE & NORTHMOUNT DRIVE,NW,Overhead Flasher,Yes,No,No,51.09328129276744,-114.08017151560286
1109001055,B2502,1987-11-01 00:00:00,BEDDINGTON BOULEVARD,BERMUDA ROAD/BERKLEY ROAD,BEDDINGTON BOULEVARD & BERMUDA ROAD/BERKLEY ROAD,NW,Overhead Flasher,Yes,No,No,51.12870042210198,-114.08020424840905
1109001056,0451,1968-01-01 00:00:00,17 AVENUE,7 STREET,17 AVENUE & 7 STREET,SW,Traffic signal,No,Yes,No,51.0378153791161,-114.07936283624733
1109001057,B2639,1993-07-01 00:00:00,ELBOW DRIVE,MADISON AVENUE,ELBOW DRIVE & MADISON AVENUE,SW,Overhead Flasher,Yes,No,No,51.013947593046296,-114.07930784036677
1109001058,0695,1977-01-01 00:00:00,SOUTHLAND DRIVE,HADDON RD/SACRAMENTO DR,SOUTHLAND DRIVE & HADDON RD/SACRAMENTO DR,SW,Traffic signal,Yes,Yes,Yes,50.9646565023741,-114.07916694240734
1109001059,0410,1986-09-16 00:00:00,12 AVENUE,7 STREET,12 AVENUE & 7 STREET,SW,Traffic signal,Yes,Yes,Yes,51.04186995120856,-114.07907030857815
1109001060,0409,1995-04-05 00:00:00,11 AVENUE,7 STREET,11 AVENUE & 7 STREET,SW,Traffic signal,Yes,Yes,Yes,51.0428229106093,-114.07900063055015
1109001061,0372,1969-01-01 00:00:00,9 AVENUE,7 STREET,9 AVENUE & 7 STREET,SW,Traffic signal,Yes,Yes,Yes,51.045055356648845,-114.07879729915442
1109001062,0530,1957-01-01 00:00:00,30 AVENUE,ELBOW DRIVE,30 AVENUE & ELBOW DRIVE,SW,Traffic signal T intersection,Yes,Yes,No,51.02638817767678,-114.0788184114624
1109001063,0347,1964-01-01 00:00:00,8 AVENUE,7 STREET,8 AVENUE & 7 STREET,SW,Traffic signal,Yes,Yes,Yes,51.045990220402686,-114.0787829528188
1109001064,B2632,1969-07-01 00:00:00,ELBOW DRIVE,32 AVENUE,ELBOW DRIVE & 32 AVENUE,SW,Overhead Flasher,Yes,No,No,51.02487837187319,-114.07871045026096
1109001065,0334,1964-01-01 00:00:00,7 AVENUE,7 STREET,7 AVENUE & 7 STREET,SW,Traffic signal,No,Yes,Yes,51.0469583666096,-114.07873669991972
1109001066,0320,1965-01-01 00:00:00,6 AVENUE,7 STREET,6 AVENUE & 7 STREET,SW,Traffic signal,No,Yes,Yes,51.04789334554423,-114.078666977073
1109001067,0566,1964-01-01 00:00:00,LANSDOWNE AVENUE/RIVERDALE AV,ELBOW DRIVE,LANSDOWNE AVENUE/RIVERDALE AV & ELBOW DRIVE,SW,Traffic signal,Yes,Yes,No,51.01690981748437,-114.07823938988628
1109001068,0305,1969-01-01 00:00:00,5 AVENUE,7 STREET,5 AVENUE & 7 STREET,SW,Traffic signal,No,Yes,No,51.04883731400635,-114.0785972666544
1109001069,0292,1977-01-01 00:00:00,4 AVENUE,7 STREET,4 AVENUE & 7 STREET,SW,Traffic signal,No,Yes,No,51.04977229255804,-114.07852753822128
1109001070,0021,1977-01-01 00:00:00,64 AVENUE,HUNTERVIEW DR/NORFOLK DR,64 AVENUE & HUNTERVIEW DR/NORFOLK DR,NW,Traffic signal,Yes,Yes,No,51.11028211537916,-114.07810164952656
1109001071,0560,1960-01-01 00:00:00,ELBOW DRIVE,SIFTON BOULEVARD,ELBOW DRIVE & SIFTON BOULEVARD,SW,Traffic signal T intersection,Yes,Yes,No,51.01917163546919,-114.07784871485502
1109001072,0555,1968-01-01 00:00:00,38 AVENUE,ELBOW DRIVE,38 AVENUE & ELBOW DRIVE,SW,Traffic signal,Yes,Yes,No,51.020106580373366,-114.07783602744288
1109001074,0491,2005-03-23 00:00:00,MEMORIAL DRIVE,7 STREET,MEMORIAL DRIVE & 7 STREET,NW,1/2 signal,Yes,Yes,No,51.05573146234122,-114.07773723211326
1109001075,B2657,1978-07-01 00:00:00,HADDON ROAD,86 AVENUE,HADDON ROAD & 86 AVENUE,SW,Overhead Flasher,Yes,No,No,50.97588601452863,-114.0773918529724
1109001077,0948,2006-11-20 00:00:00,COUNTRY HILLS BOULEVARD,COUNTRY HILLS DR/PANORAMA HILLS WY,COUNTRY HILLS BOULEVARD & COUNTRY HILLS DR/PANORAMA HILLS WY,NW,Traffic signal,Yes,No,No,51.15137163128059,-114.06902447336658
1109001079,0003,1983-01-01 00:00:00,BEDDINGTON BOULEVARD,BERMUDA DR/BERKLEY DR,BEDDINGTON BOULEVARD & BERMUDA DR/BERKLEY DR,NW,Traffic signal,Yes,Yes,Yes,51.12740800519404,-114.07710193191714
1109001080,0452,1956-01-01 00:00:00,17 AVENUE,6 STREET,17 AVENUE & 6 STREET,SW,Traffic signal T intersection,No,Yes,Yes,51.03780805713756,-114.07686758552222
1109001081,0423,1998-10-13 00:00:00,12 AVENUE,6 STREET,12 AVENUE & 6 STREET,SW,Traffic signal,Yes,Yes,Yes,51.04179164783613,-114.07661242153392
1109001082,1040,2011-03-30 00:00:00,COUNTRY HILLS BOULEVARD,36 STREET,COUNTRY HILLS BOULEVARD & 36 STREET,NE,Traffic signal,Yes,No,No,51.154306115642655,-113.98165962844472
1109001083,0398,1991-09-16 00:00:00,11 AVENUE,6 STREET,11 AVENUE & 6 STREET,SW,Traffic signal,No,Yes,Yes,51.04276162397826,-114.0765335420604
1109001084,0767,1999-11-08 00:00:00,162 AVENUE,SHAWINIGAN DRIVE/6 STREET,162 AVENUE & SHAWINIGAN DRIVE/6 STREET,SW,Traffic signal,Yes,No,No,50.90261008189201,-114.07628932746113
1109001085,0617,2007-10-19 00:00:00,GLENMORE TRAIL,5 STREET,GLENMORE TRAIL & 5 STREET,SW,Traffic signal,Yes,No,No,50.99455883251081,-114.07657982595184
1109001086,0618,2007-08-28 00:00:00,GLENMORE TRAIL,5 STREET,GLENMORE TRAIL & 5 STREET,SW,Traffic signal T intersection,Yes,No,No,50.99410937472021,-114.07669969530346
1109001087,0611,2000-08-08 00:00:00,CHINOOK CENTRE,5 STREET,CHINOOK CENTRE & 5 STREET,SW,Traffic signal T intersection,Yes,Yes,No,50.9977366033356,-114.07625989787734
1109001089,0199,1955-01-01 00:00:00,16 AVENUE,6 STREET,16 AVENUE & 6 STREET,NW,Traffic signal T intersection,Yes,Yes,No,51.06691613083526,-114.07645922848904
1109001090,0373,1988-09-12 00:00:00,9 AVENUE,6 STREET,9 AVENUE & 6 STREET,SW,Traffic signal,No,Yes,No,51.04498218900313,-114.07638033326032
1109001091,0608,1999-12-02 00:00:00,CHINOOK CENTRE,5 STREET,CHINOOK CENTRE & 5 STREET,SW,Traffic signal T intersection,Yes,No,No,50.99956111207414,-114.07624651338251
1109001092,0662,1972-01-01 00:00:00,HERITAGE DRIVE,HADDON ROAD,HERITAGE DRIVE & HADDON ROAD,SW,Traffic signal T intersection,Yes,Yes,Yes,50.979545642559465,-114.07623020297407
1109001093,0620,2000-12-20 00:00:00,CHINOOK CENTRE,5 STREET,CHINOOK CENTRE & 5 STREET,SW,Traffic signal T intersection,Yes,No,No,50.99590522924195,-114.07625700302812
1109001094,0348,1958-01-01 00:00:00,8 AVENUE,6 STREET,8 AVENUE & 6 STREET,SW,Traffic signal,No,Yes,No,51.045908177145655,-114.07631055112822
1109001095,0601,1974-01-01 00:00:00,58 AVENUE,5 STREET,58 AVENUE & 5 STREET,SW,Traffic signal,Yes,Yes,Yes,51.00136394630878,-114.07620896169284
1109001096,0335,1962-01-01 00:00:00,7 AVENUE,6 STREET,7 AVENUE & 6 STREET,SW,Traffic signal,No,Yes,Yes,51.04688810343088,-114.0762408547784
1109001097,0321,1960-01-01 00:00:00,6 AVENUE,6 STREET,6 AVENUE & 6 STREET,SW,Traffic signal,No,Yes,Yes,51.0478230809092,-114.07617108178692
1109001098,0306,1969-01-01 00:00:00,5 AVENUE,6 STREET,5 AVENUE & 6 STREET,SW,Traffic signal,No,Yes,Yes,51.04876704791554,-114.07610132073764
1109001099,0293,1972-01-01 00:00:00,4 AVENUE,6 STREET,4 AVENUE & 6 STREET,SW,Traffic signal,No,Yes,Yes,51.04970569338743,-114.07605415938372
1109001100,0976,2011-04-07 00:00:00,3 AVENUE,6 STREET,3 AVENUE & 6 STREET,SW,Traffic signal,No,Yes,No,51.05066395252153,-114.07599032976958
1109001101,B2533,1969-01-01 00:00:00,NORTHMOUNT DRIVE,NORTHMOUNT CRESCENT,NORTHMOUNT DRIVE & NORTHMOUNT CRESCENT,NW,Overhead Flasher,Yes,No,No,51.0998736254653,-114.07579969749816
1109001102,B2713,2001-10-03 00:00:00,SHAWNEE GATE,SHAWNEE HILL,SHAWNEE GATE & SHAWNEE HILL,SW,Overhead Flasher,Yes,No,No,50.92261406269237,-114.07503267168512
1109001103,0747,2000-07-07 00:00:00,JAMES McKEVITT ROAD,MILLRISE BLVD/SHAWNEE GATE,JAMES McKEVITT ROAD & MILLRISE BLVD/SHAWNEE GATE,SW,Traffic signal,Yes,Yes,Yes,50.92134669539872,-114.07503840753157
1109001105,0633,2019-02-14 00:00:00,9840,HORTON ROAD,9840 & HORTON ROAD,SW,Fire signal,No,No,No,50.96605595409519,-114.07475895291992
1109001106,0833,2001-10-04 00:00:00,SHAWNEE DRIVE,SHAWNEE GATE,SHAWNEE DRIVE & SHAWNEE GATE,SW,Traffic signal,Yes,Yes,No,50.924176758259776,-114.07501334186028
1109001107,0696,1982-01-01 00:00:00,SOUTHLAND DRIVE,HORTON ROAD/SOUTHPORT RD,SOUTHLAND DRIVE & HORTON ROAD/SOUTHPORT RD,SW,Traffic signal,Yes,Yes,Yes,50.965064053355405,-114.074597807015
1109001108,0434,2021-11-30 00:00:00,16 AVENUE,8 STREET,16 AVENUE & 8 STREET,SW,Traffic signal,No,Yes,Yes,51.03814686704427,-114.08179065966574
1109001109,0483,2005-12-05 00:00:00,14 AVENUE,5 STREET,14 AVENUE & 5 STREET,SW,Traffic signal,No,Yes,Yes,51.039841415115966,-114.07427578872722
1109001110,0476,2002-08-06 00:00:00,13 AVENUE,5 STREET,13 AVENUE & 5 STREET,SW,Traffic signal,No,Yes,Yes,51.04079436297559,-114.07422027474236
1109001111,B2630,1980-10-01 00:00:00,5 STREET,22 AVENUE,5 STREET & 22 AVENUE,SW,Overhead Flasher,Yes,No,No,51.03336884899461,-114.07419415604214
1109001112,0453,1966-01-01 00:00:00,17 AVENUE,5 STREET,17 AVENUE & 5 STREET,SW,Traffic signal,No,Yes,Yes,51.03782776890077,-114.07418701826244
1109001113,0414,1966-01-01 00:00:00,12 AVENUE,5 STREET,12 AVENUE & 5 STREET,SW,Traffic signal,Yes,Yes,Yes,51.04172934024098,-114.07415047010116
1109001114,0403,1966-01-01 00:00:00,11 AVENUE,5 STREET,11 AVENUE & 5 STREET,SW,Traffic signal,No,Yes,Yes,51.0427002762302,-114.07408072001856
1109001115,0753,1991-08-26 00:00:00,SHAWNESSY BOULEVARD,MILLRISE BV/SHAWNESSY DR,SHAWNESSY BOULEVARD & MILLRISE BV/SHAWNESSY DR,SW,Traffic signal,Yes,Yes,No,50.912903442194576,-114.07387922520952
1109001116,0392,1979-01-01 00:00:00,10 AVENUE,5 STREET,10 AVENUE & 5 STREET,SW,Traffic signal,No,Yes,Yes,51.04362626338075,-114.07401089541985
1109001117,0374,1980-10-29 00:00:00,9 AVENUE,5 STREET,9 AVENUE & 5 STREET,SW,Traffic signal,No,Yes,Yes,51.04489349969551,-114.07393834419182
1109001118,0863,2005-12-01 00:00:00,MILLRISE BOULEVARD,MILLRISE STATION,MILLRISE BOULEVARD & MILLRISE STATION,SW,Traffic signal T intersection,Yes,No,No,50.91451441965485,-114.07372060290592
1109001119,0349,1956-01-01 00:00:00,8 AVENUE,5 STREET,8 AVENUE & 5 STREET,SW,Traffic signal,No,Yes,No,51.0458577718964,-114.07385569816026
1109001120,0336,1956-01-01 00:00:00,7 AVENUE,5 STREET,7 AVENUE & 5 STREET,SW,Traffic signal,No,Yes,Yes,51.046817741940885,-114.0738163234116
1109001121,0322,1954-01-01 00:00:00,6 AVENUE,5 STREET,6 AVENUE & 5 STREET,SW,Traffic signal,No,Yes,No,51.04775716157139,-114.07373946498411
1109001122,0307,1958-01-01 00:00:00,5 AVENUE,5 STREET,5 AVENUE & 5 STREET,SW,Traffic signal,No,Yes,No,51.048696683593946,-114.07367669148184
1109001123,0294,1970-01-01 00:00:00,4 AVENUE,5 STREET,4 AVENUE & 5 STREET,SW,Traffic signal,Yes,Yes,Yes,51.049634338443326,-114.0735750838382
1109001124,0281,1990-09-19 00:00:00,3 AVENUE,5 STREET,3 AVENUE & 5 STREET,SW,Traffic signal,No,Yes,No,51.05059361288285,-114.07352281438864
1109001125,0495,1969-01-01 00:00:00,25 AVENUE,5 STREET,25 AVENUE & 5 STREET,SW,Traffic signal,Yes,Yes,No,51.030582576800434,-114.07332007390532
1109001126,0529,1992-06-16 00:00:00,ELBOW DRIVE,5 STREET,ELBOW DRIVE & 5 STREET,SW,Traffic signal T intersection,Yes,Yes,No,51.02960981901137,-114.0732892345312
1109001127,0928,2000-03-24 00:00:00,COUNTRY HILLS BOULEVARD,PANORAMA HILLS BOULEVARD,COUNTRY HILLS BOULEVARD & PANORAMA HILLS BOULEVARD,NW,Traffic signal,Yes,No,No,51.1485528700828,-114.07361296724687
1109001128,B2514,1980-10-01 00:00:00,64 AVENUE,HUNTS CRESCENT,64 AVENUE & HUNTS CRESCENT,NW,Overhead Flasher,Yes,No,No,51.11157290154843,-114.07567496303876
1109001129,0708,1989-09-26 00:00:00,99 AVENUE,SOUTHPORT ROAD,99 AVENUE & SOUTHPORT ROAD,SW,Traffic signal,Yes,Yes,No,50.96097608674698,-114.07294076526814
1109001130,0799,2001-10-25 00:00:00,SOUTHPORT ROAD,SOUTHPORT WAY,SOUTHPORT ROAD & SOUTHPORT WAY,SW,Traffic signal T intersection,Yes,No,No,50.95779345828442,-114.07296368125876
1109001131,0830,2001-08-31 00:00:00,BANNISTER ROAD/SHAWNEE GATE,SHAWNEE DRIVE,BANNISTER ROAD/SHAWNEE GATE & SHAWNEE DRIVE,SW,Traffic signal,Yes,No,No,50.92656152514475,-114.07275815347144
1109001132,0719,2001-06-06 00:00:00,ANDERSON ROAD,MACLEOD TRAIL,ANDERSON ROAD & MACLEOD TRAIL,SW,1/4 signal,No,No,No,50.95041091428081,-114.07405133560724
1109001133,0621,1972-01-01 00:00:00,61 AVENUE,MACLEOD TRAIL,61 AVENUE & MACLEOD TRAIL,SW,Traffic signal,Yes,Yes,No,50.99771317283047,-114.07155793554575
1109001134,0350,1951-01-01 00:00:00,8 AVENUE,4 STREET,8 AVENUE & 4 STREET,SW,Traffic signal,No,Yes,No,51.04580306884896,-114.07146914109568
1109001135,0676,1973-01-01 00:00:00,90 AVENUE,MACLEOD TRAIL,90 AVENUE & MACLEOD TRAIL,S,Traffic signal,Yes,No,No,50.97224623884056,-114.07157010545129
1109001136,0706,1974-01-01 00:00:00,109 AVENUE/ANDERSON LRT,MACLEOD TRAIL,109 AVENUE/ANDERSON LRT & MACLEOD TRAIL,S,Traffic signal,Yes,Yes,No,50.95557261829578,-114.07162207895314
1109001137,0705,1981-01-01 00:00:00,SOUTHPORT RD/WILLOW PARK,MACLEOD TRAIL,SOUTHPORT RD/WILLOW PARK & MACLEOD TRAIL,S,Traffic signal,Yes,Yes,Yes,50.95761223323144,-114.07165835516264
1109001138,0337,1951-01-01 00:00:00,7 AVENUE,4 STREET,7 AVENUE & 4 STREET,SW,Traffic signal,No,Yes,Yes,51.04673941487157,-114.07150327873916
1109001139,0685,1977-01-01 00:00:00,94 AVENUE,MACLEOD TRAIL,94 AVENUE & MACLEOD TRAIL,S,Traffic signal,Yes,Yes,No,50.9686348934185,-114.07161369008064
1109001140,0697,1966-01-01 00:00:00,MACLEOD TRAIL,SOUTHLAND DRIVE,MACLEOD TRAIL & SOUTHLAND DRIVE,S,Traffic signal,Yes,Yes,Yes,50.96500299540476,-114.07160810605174
1109001141,0602,1960-01-01 00:00:00,58 AVENUE,MACLEOD TRAIL,58 AVENUE & MACLEOD TRAIL,SW,Traffic signal,Yes,Yes,No,51.00138840559556,-114.07157806416076
1109001142,0668,1989-07-24 00:00:00,86 AVENUE/HULL AVENUE,MACLEOD TRAIL,86 AVENUE/HULL AVENUE & MACLEOD TRAIL,S,Traffic signal,Yes,Yes,Yes,50.97591668848108,-114.07158217068464
1109001143,0663,1959-01-01 00:00:00,HERITAGE DRIVE,MACLEOD TRAIL,HERITAGE DRIVE & MACLEOD TRAIL,S,Traffic signal,Yes,No,No,50.97956656805239,-114.07157354186394
1109001144,0656,1975-01-01 00:00:00,75 AVENUE,MACLEOD TRAIL,75 AVENUE & MACLEOD TRAIL,S,Traffic signal T intersection,Yes,No,No,50.985976337229886,-114.07154067016396
1109001145,0650,1974-01-01 00:00:00,71 AVENUE,MACLEOD TRAIL,71 AVENUE & MACLEOD TRAIL,S,Traffic signal,Yes,Yes,Yes,50.98962620175819,-114.0715462807452
1109001147,0634,1960-01-01 00:00:00,GLENMORE TRAIL,MACLEOD TRAIL,GLENMORE TRAIL & MACLEOD TRAIL,SW,Traffic signal,No,No,No,50.99422000223125,-114.07153909887217
1109001148,0619,1999-10-31 00:00:00,CHINOOK TUNNEL ENTRANCE,MACLEOD TRAIL,CHINOOK TUNNEL ENTRANCE & MACLEOD TRAIL,SW,1/4 signal,Yes,Yes,Yes,50.999319890450174,-114.07154299456406
1109001149,0323,1954-01-01 00:00:00,6 AVENUE,4 STREET,6 AVENUE & 4 STREET,SW,Traffic signal,No,Yes,No,51.04769451818346,-114.07150741614946
1109001150,0295,1948-01-01 00:00:00,4 AVENUE,4 STREET,4 AVENUE & 4 STREET,SW,Traffic signal,No,Yes,No,51.04957847032425,-114.07150314180552
1109001151,0308,1956-01-01 00:00:00,5 AVENUE,4 STREET,5 AVENUE & 4 STREET,SW,Traffic signal,No,Yes,No,51.048661985488295,-114.07149003741674
1109001152,0082,1968-01-01 00:00:00,40 AVENUE,4 STREET,40 AVENUE & 4 STREET,NW,Traffic signal,Yes,No,No,51.08737892342722,-114.07162188272778
1109001153,0511,1954-01-01 00:00:00,26 AVENUE/ELBOW DRIVE,4 STREET,26 AVENUE/ELBOW DRIVE & 4 STREET,SW,Traffic signal,No,Yes,Yes,51.02969959513369,-114.0715118034954
1109001155,0496,1965-01-01 00:00:00,25 AVENUE,4 STREET,25 AVENUE & 4 STREET,SW,Traffic signal,Yes,Yes,Yes,51.030574708932434,-114.07150951340138
1109001156,0490,1968-01-01 00:00:00,23 AVENUE,4 STREET,23 AVENUE & 4 STREET,SW,Traffic signal,No,Yes,Yes,51.03248053518191,-114.07151244629983
1109001157,0561,2011-04-26 00:00:00,2 AVENUE,4 STREET,2 AVENUE & 4 STREET,SW,Traffic signal,No,Yes,No,51.05146685429888,-114.07152741937918
1109001158,B2556,1967-11-01 00:00:00,4 STREET,25 AVENUE,4 STREET & 25 AVENUE,NW,Overhead Flasher,Yes,No,No,51.07517332428759,-114.07156542493634
1109001159,B2623,1997-12-04 00:00:00,4 STREET,19 AVENUE,4 STREET & 19 AVENUE,SW,Overhead Flasher,Yes,No,No,51.03600603293008,-114.07151866246508
1109001160,0254,1991-01-21 00:00:00,3 AVENUE,4 STREET,3 AVENUE & 4 STREET,SW,Traffic signal,No,Yes,No,51.05053192379992,-114.07152597928348
1109001161,B2741,2006-08-10 00:00:00,24 AVENUE,4 STREET,24 AVENUE & 4 STREET,NW,Overhead Flasher,Yes,No,No,51.0742377680667,-114.07154824811954
1109001162,0707,1989-09-25 00:00:00,99 AVENUE,MACLEOD TRAIL,99 AVENUE & MACLEOD TRAIL,S,Traffic signal,Yes,Yes,Yes,50.96094736557058,-114.07161932113056
1109001163,0183,1957-01-01 00:00:00,20 AVENUE,4 STREET,20 AVENUE & 4 STREET,NW,Traffic signal,Yes,Yes,Yes,51.07054961203347,-114.07156759694192
1109001164,0200,1952-01-01 00:00:00,16 AVENUE,4 STREET,16 AVENUE & 4 STREET,NW,Traffic signal,Yes,Yes,Yes,51.066901145446565,-114.07151568698308
1109001165,0454,1950-01-01 00:00:00,17 AVENUE,4 STREET,17 AVENUE & 4 STREET,SW,Traffic signal,No,Yes,Yes,51.037830548145976,-114.071500543916
1109001166,0425,1987-01-22 00:00:00,13 AVENUE,4 STREET,13 AVENUE & 4 STREET,SW,Traffic signal,Yes,Yes,Yes,51.04070685554069,-114.07151591937968
1109001167,0429,1999-07-30 00:00:00,14 AVENUE,4 STREET,14 AVENUE & 4 STREET,SW,Traffic signal,No,Yes,Yes,51.03974686038434,-114.07150782668884
1109001168,0415,1953-01-01 00:00:00,12 AVENUE,4 STREET,12 AVENUE & 4 STREET,SW,Traffic signal,No,Yes,Yes,51.04165908373436,-114.07148379670824
1109001169,0404,1959-01-01 00:00:00,11 AVENUE,4 STREET,11 AVENUE & 4 STREET,SW,Traffic signal,No,Yes,Yes,51.04262098484952,-114.07148527700429
1109001170,0393,1966-01-01 00:00:00,10 AVENUE,4 STREET,10 AVENUE & 4 STREET,SW,Traffic signal,No,Yes,Yes,51.043555916621926,-114.07148671587473
1109001171,0051,1972-01-01 00:00:00,McKNIGHT BOULEVARD,4 STREET,McKNIGHT BOULEVARD & 4 STREET,NW,Traffic signal,Yes,Yes,Yes,51.09605572510228,-114.07151053197236
1109001172,B2536,1970-05-01 00:00:00,TRAFFORD DRIVE,4 STREET,TRAFFORD DRIVE & 4 STREET,NW,Overhead Flasher,Yes,No,No,51.09866236665275,-114.07149888225231
1109001173,0081,1970-01-01 00:00:00,NORTHMOUNT DRIVE,4 STREET,NORTHMOUNT DRIVE & 4 STREET,NW,Traffic signal,Yes,Yes,Yes,51.10265414819749,-114.07147787639585
1109001174,0531,1981-01-01 00:00:00,30 AVENUE,MISSION ROAD/4 STREET,30 AVENUE & MISSION ROAD/4 STREET,SW,Traffic signal,Yes,No,No,51.02628669342145,-114.07134611103876
1109001176,0022,1974-01-01 00:00:00,64 AVENUE,4 STREET,64 AVENUE & 4 STREET,NW,Traffic signal,Yes,Yes,Yes,51.110609997207305,-114.07144730541516
1109001177,0979,2010-12-20 00:00:00,68 AVENUE,4 STREET,68 AVENUE & 4 STREET,NW,Traffic signal,Yes,Yes,No,51.11406861029815,-114.07145107777276
1109001178,0005,1980-01-01 00:00:00,78 AVENUE,CENTRE STREET,78 AVENUE & CENTRE STREET,N,Traffic signal,Yes,Yes,Yes,51.12258418172282,-114.07143720562432
1109001179,0004,1981-01-01 00:00:00,BEDDINGTON BOULEVARD,CENTRE STREET,BEDDINGTON BOULEVARD & CENTRE STREET,N,Traffic signal,Yes,Yes,Yes,51.12517319630152,-114.07142691369518
1109001180,0961,2006-12-07 00:00:00,HARVEST HILLS BOULEVARD,SOUTH ROAD,HARVEST HILLS BOULEVARD & SOUTH ROAD,N,Traffic signal T intersection,Yes,No,No,51.13992053130603,-114.0713328474481
1109001182,0942,2004-11-22 00:00:00,COUNTRY VILLAGE RD/PANAMOUNT B,HARVEST HILLS BOULEVARD,COUNTRY VILLAGE RD/PANAMOUNT B & HARVEST HILLS BOULEVARD,N,Traffic signal,Yes,Yes,Yes,51.16016105528144,-114.07076611923264
1109001183,0489,2001-08-30 00:00:00,24 AVENUE,4 STREET,24 AVENUE & 4 STREET,SW,Traffic signal,No,Yes,No,51.03156234002858,-114.07145013194967
1109001184,0375,1964-01-01 00:00:00,9 AVENUE,3 STREET,9 AVENUE & 3 STREET,SW,Traffic signal T intersection,No,Yes,No,51.04482849223333,-114.07047657844583
1109001186,0837,2004-05-20 00:00:00,SHAWVILLE GATE,SOMERVALE COURT,SHAWVILLE GATE & SOMERVALE COURT,SW,Traffic signal,Yes,Yes,No,50.8980740686135,-114.0700411843696
1109001187,0945,2006-07-19 00:00:00,COVENTRY HILLS DR/PANATELLA BV,HARVEST HILLS BOULEVARD,COVENTRY HILLS DR/PANATELLA BV & HARVEST HILLS BOULEVARD,N,Traffic signal,Yes,No,No,51.1642964528392,-114.07042930762596
1109001188,0351,1953-01-01 00:00:00,8 AVENUE,3 STREET,8 AVENUE & 3 STREET,SW,Traffic signal,No,Yes,No,51.04574171347363,-114.0704123567302
1109001189,0338,1952-01-01 00:00:00,7 AVENUE,3 STREET,7 AVENUE & 3 STREET,SW,Traffic signal,No,No,No,51.04670302034541,-114.0703381155196
1109001190,0829,2003-10-24 00:00:00,145 AVENUE,BANNISTER ROAD,145 AVENUE & BANNISTER ROAD,SE,Traffic signal,Yes,Yes,Yes,50.922670622519945,-114.06992165150132
1109001191,0859,2004-05-20 00:00:00,SHAWVILLE BOULEVARD,SHAWVILLE PLACE/LRT PARK'N'RIDE,SHAWVILLE BOULEVARD & SHAWVILLE PLACE/LRT PARK'N'RIDE,SE,Traffic signal,Yes,Yes,No,50.91027404796802,-114.06942762692344
1109001192,0309,1956-01-01 00:00:00,5 AVENUE,3 STREET,5 AVENUE & 3 STREET,SW,Traffic signal,Yes,Yes,Yes,51.04861177256365,-114.07014111707689
1109001193,0324,1954-01-01 00:00:00,6 AVENUE,3 STREET,6 AVENUE & 3 STREET,SW,Traffic signal,No,Yes,Yes,51.04763745667578,-114.07023700468058
1109001194,0251,1996-12-02 00:00:00,2 AVENUE,3 STREET,2 AVENUE & 3 STREET,SW,Traffic signal,No,No,No,51.05143074905904,-114.07003666060692
1109001195,0296,1972-01-01 00:00:00,4 AVENUE,3 STREET,4 AVENUE & 3 STREET,SW,Traffic signal,No,No,Yes,51.04952593305424,-114.07010886636036
1109001196,0836,2003-08-24 00:00:00,SHAWNESSY BOULEVARD,MACLEOD TR RAMP/SHAWVILLE BV,SHAWNESSY BOULEVARD & MACLEOD TR RAMP/SHAWVILLE BV,SE,Traffic signal,Yes,No,No,50.91292570767177,-114.0696368633936
1109001197,0288,1988-11-18 00:00:00,3 AVENUE,3 STREET,3 AVENUE & 3 STREET,SW,Traffic signal,No,No,Yes,51.050487868941296,-114.07005019979177
1109001198,0724,2001-06-06 00:00:00,ANDERSON ROAD,MACLEOD TRAIL,ANDERSON ROAD & MACLEOD TRAIL,SE,1/4 signal,No,No,No,50.95045217474314,-114.06875065971508
1109001199,0941,2004-01-10 00:00:00,HARVEST HILLS BOULEVARD,COUNTRY VILLAGE WY/PANAMOUNT,HARVEST HILLS BOULEVARD & COUNTRY VILLAGE WY/PANAMOUNT,N,Traffic signal,Yes,Yes,Yes,51.15657477447465,-114.06984574803676
1109001200,0740,1988-12-08 00:00:00,LAKE FRASER GATE,MACLEOD TRAIL,LAKE FRASER GATE & MACLEOD TRAIL,S,Traffic signal T intersection,No,No,No,50.93944198443133,-114.06936828614062
1109001201,0624,1995-05-30 00:00:00,61 AVENUE,3 STREET,61 AVENUE & 3 STREET,SW,Traffic signal,Yes,Yes,Yes,50.99770923251114,-114.06957848685694
1109001202,0758,1996-08-16 00:00:00,162 AVENUE,SHAWVILLE RISE/SHAWVILLE WAY,162 AVENUE & SHAWVILLE RISE/SHAWVILLE WAY,SE,Traffic signal,Yes,Yes,Yes,50.9033225629254,-114.06952996779704
1109001203,0010,1973-01-01 00:00:00,72 AVENUE,CENTRE STREET,72 AVENUE & CENTRE STREET,N,Traffic signal,Yes,Yes,Yes,51.11799160232249,-114.06958759434156
1109001205,0497,1970-01-01 00:00:00,25 AVENUE,2 STREET,25 AVENUE & 2 STREET,SW,Traffic signal,Yes,Yes,Yes,51.03050707771601,-114.06903585925951
1109001206,0710,1989-06-02 00:00:00,BONAVENTURE DRIVE,WILLOW PARK DRIVE,BONAVENTURE DRIVE & WILLOW PARK DRIVE,SE,Traffic signal,Yes,No,No,50.957866651873466,-114.06893537470263
1109001207,0935,2002-07-31 00:00:00,96 AVENUE,HARVEST HILLS BOULEVARD,96 AVENUE & HARVEST HILLS BOULEVARD,N,Traffic signal,Yes,Yes,Yes,51.14237165329197,-114.06916694073873
1109001208,0861,2004-09-22 00:00:00,SHAWVILLE BOULEVARD,SUPERSTORE ENTRANCE,SHAWVILLE BOULEVARD & SUPERSTORE ENTRANCE,SE,Traffic signal,Yes,No,No,50.908345680561766,-114.06831376192524
1109001209,0741,1996-11-04 00:00:00,CANYON MEADOWS DRIVE,MACLEOD TRAIL,CANYON MEADOWS DRIVE & MACLEOD TRAIL,SW,Traffic signal,No,No,No,50.9318598118676,-114.06961623204349
1109001210,0713,1996-06-10 00:00:00,94 AVENUE,BONAVENTURE DRIVE,94 AVENUE & BONAVENTURE DRIVE,SE,Traffic signal,Yes,No,No,50.96863425213071,-114.06874878815658
1109001211,0711,1995-08-23 00:00:00,99 AVENUE,BONAVENTURE DRIVE,99 AVENUE & BONAVENTURE DRIVE,SE,Traffic signal,Yes,No,No,50.96097288467765,-114.06883742512116
1109001212,B2625,1987-01-01 00:00:00,23 AVENUE,2 STREET,23 AVENUE & 2 STREET,SW,Overhead Flasher,Yes,No,No,51.03240452628447,-114.0688898239526
1109001213,0947,2006-10-16 00:00:00,COUNTRY HILLS BOULEVARD,COUNTRY HILLS DRIVE,COUNTRY HILLS BOULEVARD & COUNTRY HILLS DRIVE,NW,Traffic signal T intersection,Yes,No,No,51.14749584567157,-114.07734188385554
1109001214,B2661,1977-08-01 00:00:00,240,90 AVENUE,240 & 90 AVENUE,SE,Overhead Flasher,Yes,No,No,50.972244842437846,-114.06557496851828
1109001215,0678,1989-08-21 00:00:00,90 AVENUE,BONAVENTURE DRIVE,90 AVENUE & BONAVENTURE DRIVE,SE,Traffic signal,Yes,No,No,50.972250554198745,-114.0687146124191
1109001216,B2515,1982-09-01 00:00:00,64 AVENUE,TRAVOIS CRESCENT,64 AVENUE & TRAVOIS CRESCENT,NW,Overhead Flasher,Yes,,No,51.1106205459695,-114.06884819837651
1109001217,0712,1996-06-17 00:00:00,86 AVENUE,BONAVENTURE DRIVE,86 AVENUE & BONAVENTURE DRIVE,SE,Traffic signal,Yes,No,Yes,50.97590965911408,-114.06855649972152
1109001218,0455,1966-01-01 00:00:00,17 AVENUE,2 STREET,17 AVENUE & 2 STREET,SW,Traffic signal,No,Yes,No,51.0378312618225,-114.06847274884645
1109001219,0698,1977-01-01 00:00:00,BONAVENTURE DRIVE,SOUTHLAND DRIVE,BONAVENTURE DRIVE & SOUTHLAND DRIVE,SE,Traffic signal,Yes,No,No,50.96506457686188,-114.06809168962394
1109001220,0416,1966-01-01 00:00:00,12 AVENUE,2 STREET,12 AVENUE & 2 STREET,SW,Traffic signal,No,Yes,No,51.04157111304302,-114.06826097848908
1109001221,0714,2000-10-19 00:00:00,BONAVENTURE DRIVE,HEARTHSTONE PLACE,BONAVENTURE DRIVE & HEARTHSTONE PLACE,SE,Traffic signal,Yes,No,No,50.954905506709,-114.06791540804916
1109001222,0405,1966-01-01 00:00:00,11 AVENUE,2 STREET,11 AVENUE & 2 STREET,SW,Traffic signal,No,Yes,No,51.04253305585976,-114.06819109233436
1109001224,0394,2000-06-08 00:00:00,10 AVENUE,2 STREET,10 AVENUE & 2 STREET,SW,Traffic signal,No,Yes,No,51.04346494806752,-114.06812654675112
1109001225,0664,1976-01-01 00:00:00,HERITAGE DRIVE,BONAVENTURE DR/FLINT RD,HERITAGE DRIVE & BONAVENTURE DR/FLINT RD,SE,Traffic signal,Yes,No,No,50.979556469681,-114.0679563301182
1109001226,0376,1957-01-01 00:00:00,9 AVENUE,2 STREET,9 AVENUE & 2 STREET,SW,Traffic signal,No,Yes,No,51.04475361018326,-114.06803748542784
1109001227,0352,1951-01-01 00:00:00,8 AVENUE,2 STREET,8 AVENUE & 2 STREET,SW,Traffic signal,No,Yes,Yes,51.04567060371711,-114.06796752414122
1109001228,0339,1953-01-01 00:00:00,7 AVENUE,2 STREET,7 AVENUE & 2 STREET,SW,Traffic signal,No,Yes,Yes,51.04663201610133,-114.06790087232535
1109001229,0587,1959-01-01 00:00:00,50 AVENUE,MACLEOD TRAIL,50 AVENUE & MACLEOD TRAIL,SW,Traffic signal,Yes,Yes,Yes,51.00872110970034,-114.06778526331262
1109001230,0325,1954-01-01 00:00:00,6 AVENUE,2 STREET,6 AVENUE & 2 STREET,SW,Traffic signal,No,Yes,No,51.04758549772978,-114.06782771149597
1109001231,0310,1956-01-01 00:00:00,5 AVENUE,2 STREET,5 AVENUE & 2 STREET,SW,Traffic signal,No,Yes,No,51.04852945158862,-114.0677720429864
1109001232,0599,1992-10-21 00:00:00,58 AVENUE,1A STREET,58 AVENUE & 1A STREET,SW,Traffic signal,Yes,Yes,No,51.001402165617385,-114.06737941792724
1109001233,0297,1969-01-01 00:00:00,4 AVENUE,2 STREET,4 AVENUE & 2 STREET,SW,Traffic signal,No,Yes,No,51.04947341353035,-114.06770211015927
1109001234,0809,2004-01-15 00:00:00,COUNTRY VILLAGE ROAD,COUNTRY VILLAGE LINK,COUNTRY VILLAGE ROAD & COUNTRY VILLAGE LINK,NE,Traffic signal,Yes,Yes,Yes,51.16041451536566,-114.06780718005184
1109001235,0255,1991-01-18 00:00:00,3 AVENUE,2 STREET,3 AVENUE & 2 STREET,SW,Traffic signal,No,Yes,No,51.05040652150464,-114.06761590815366
1109001236,0253,1994-06-10 00:00:00,2 AVENUE,2 STREET,2 AVENUE & 2 STREET,SW,Traffic signal,No,Yes,No,51.05136686461388,-114.0675373457364
1109001237,0177,1998-08-27 00:00:00,16 AVENUE,2 STREET,16 AVENUE & 2 STREET,NW,Traffic signal,Yes,Yes,No,51.06692898378687,-114.06743478446954
1109001238,0622,1981-01-01 00:00:00,61 AVENUE,1A STREET,61 AVENUE & 1A STREET,SW,Traffic signal,Yes,Yes,Yes,50.9976841460236,-114.06762090990854
1109001239,0838,2004-04-07 00:00:00,SHAWVILLE GATE,BISHOP O'BYRNE HIGH SCHOOL,SHAWVILLE GATE & BISHOP O'BYRNE HIGH SCHOOL,SE,1/2 signal,Yes,No,No,50.89860612235928,-114.06724144022364
1109001240,B2711,2001-10-23 00:00:00,13009,LAKE FRASER DRIVE,13009 & LAKE FRASER DRIVE,SE,Overhead Flasher,Yes,No,No,50.93683717787672,-114.06684219380736
1109001241,0756,2000-03-23 00:00:00,SHAWVILLE BOULEVARD,SHAWVILLE RISE,SHAWVILLE BOULEVARD & SHAWVILLE RISE,SE,Traffic signal,Yes,No,No,50.90577044363916,-114.06677365836757
1109001242,0574,1986-01-01 00:00:00,46 AVENUE,MACLEOD TRAIL,46 AVENUE & MACLEOD TRAIL,SW,Traffic signal,Yes,Yes,Yes,51.01128558187598,-114.06656346963918
1109001243,0929,1999-10-28 00:00:00,COUNTRY HILLS BOULEVARD,HARVEST HILLS BOULEVARD,COUNTRY HILLS BOULEVARD & HARVEST HILLS BOULEVARD,N,Traffic signal,Yes,Yes,Yes,51.15322357048772,-114.06658164691748
1109001244,0742,1992-02-04 00:00:00,CANYON MEADOWS DRIVE,LAKE FRASER DRIVE,CANYON MEADOWS DRIVE & LAKE FRASER DRIVE,SE,Traffic signal,Yes,No,No,50.93041891763343,-114.066025723212
1109001245,0759,1990-12-17 00:00:00,162 AVENUE,SHAWVILLE BOULEVARD,162 AVENUE & SHAWVILLE BOULEVARD,SE,Traffic signal,Yes,Yes,Yes,50.9041079334038,-114.0661125577232
1109001246,0456,1954-01-01 00:00:00,17 AVENUE,1 STREET,17 AVENUE & 1 STREET,SW,Traffic signal T intersection,No,Yes,No,51.03783264527135,-114.06605967471582
1109001247,0572,1992-01-01 00:00:00,45 AVENUE,MACLEOD TRAIL,45 AVENUE & MACLEOD TRAIL,SW,Traffic signal T intersection,Yes,No,Yes,51.01285019886561,-114.06586741773955
1109001248,0417,1953-01-01 00:00:00,12 AVENUE,1 STREET,12 AVENUE & 1 STREET,SW,Traffic signal,No,Yes,No,51.04150060994122,-114.06579395772256
1109001249,0406,1959-01-01 00:00:00,11 AVENUE,1 STREET,11 AVENUE & 1 STREET,SW,Traffic signal,No,Yes,No,51.0424625513131,-114.06572402058184
1109001250,0395,1956-01-01 00:00:00,10 AVENUE,1 STREET,10 AVENUE & 1 STREET,SW,Traffic signal,No,Yes,No,51.043380400253774,-114.06565776439784
1109001251,0377,1956-01-01 00:00:00,9 AVENUE,1 STREET,9 AVENUE & 1 STREET,SW,Traffic signal,No,Yes,No,51.04468310246402,-114.06557029595662
1109001252,0752,1988-01-01 00:00:00,MIDLAKE BOULEVARD,BANNISTER ROAD,MIDLAKE BOULEVARD & BANNISTER ROAD,SE,Traffic signal,Yes,No,No,50.91409152322132,-114.06484015879128
1109001253,0353,1951-01-01 00:00:00,8 AVENUE,1 STREET,8 AVENUE & 1 STREET,SW,Traffic signal,No,Yes,Yes,51.04560009454987,-114.06550028606266
1109001254,0340,1929-01-01 00:00:00,7 AVENUE,1 STREET,7 AVENUE & 1 STREET,SW,Traffic signal,No,Yes,No,51.04656542195599,-114.06541186186436
1109001255,0326,1954-01-01 00:00:00,6 AVENUE,1 STREET,6 AVENUE & 1 STREET,SW,Traffic signal,No,Yes,Yes,51.04751497769537,-114.06537463336844
1109001256,0311,1956-01-01 00:00:00,5 AVENUE,1 STREET,5 AVENUE & 1 STREET,SW,Traffic signal,No,Yes,No,51.04845893838455,-114.06530465331775
1109001257,0298,1948-01-01 00:00:00,4 AVENUE,1 STREET,4 AVENUE & 1 STREET,SW,Traffic signal,No,Yes,Yes,51.04940289887959,-114.06523467043978
1109001258,0286,1990-06-18 00:00:00,3 AVENUE,1 STREET,3 AVENUE & 1 STREET,SW,Traffic signal,No,Yes,Yes,51.050364831520994,-114.06514841235762
1109001259,0769,2002-01-31 00:00:00,SHAWVILLE BOULEVARD,SHAWVILLE ROAD,SHAWVILLE BOULEVARD & SHAWVILLE ROAD,SE,Traffic signal,Yes,No,No,50.901915830592834,-114.06475823947946
1109001260,B2506,1987-01-01 00:00:00,68 AVENUE,CENTRE STREET,68 AVENUE & CENTRE STREET,N,Overhead Flasher,Yes,No,No,51.115870695628814,-114.06765312683636
1109001261,0567,1956-01-01 00:00:00,42 AVENUE,MACLEOD TRAIL,42 AVENUE & MACLEOD TRAIL,S,Traffic signal,Yes,Yes,Yes,51.01595248131761,-114.06441812898646
1109001262,B2510,1977-08-01 00:00:00,CENTRE STREET,68 AVENUE,CENTRE STREET & 68 AVENUE,N,Overhead Flasher,Yes,No,No,51.11341871012191,-114.06459633193936
1109001263,0943,2004-12-22 00:00:00,130,COUNTRY VILLAGE ROAD,130 & COUNTRY VILLAGE ROAD,NE,Traffic signal,Yes,Yes,Yes,51.16054225239239,-114.06447632829745
1109001264,B2708,2001-07-05 00:00:00,108,25 AVENUE,108 & 25 AVENUE,SW,Overhead Flasher,Yes,No,No,51.030381171199366,-114.0639933468524
1109001265,0757,1998-11-25 00:00:00,SHAWVILLE BOULEVARD,SHAWVILLE GATE,SHAWVILLE BOULEVARD & SHAWVILLE GATE,SE,Traffic signal,Yes,Yes,No,50.89942890408335,-114.06324381539554
1109001266,0623,1978-01-01 00:00:00,61 AVENUE,CENTRE STREET,61 AVENUE & CENTRE STREET,S,Traffic signal,Yes,No,No,50.99773465666709,-114.06380298681124
1109001268,0603,1976-01-01 00:00:00,58 AVENUE,CENTRE STREET,58 AVENUE & CENTRE STREET,S,Traffic signal,Yes,No,No,51.00138934533357,-114.0638280666625
1109001269,0984,2008-04-07 00:00:00,FAIRMOUNT DRIVE,FARRELL ROAD,FAIRMOUNT DRIVE & FARRELL ROAD,SE,Traffic signal,Yes,No,No,50.99205373163588,-114.06375828425284
1109001270,B2655,1973-08-01 00:00:00,HERITAGE DRIVE,FAIRVIEW DRIVE,HERITAGE DRIVE & FAIRVIEW DRIVE,SE,Overhead Flasher,Yes,No,No,50.97958007844971,-114.06376967965288
1109001271,0636,1981-01-01 00:00:00,FAIRMOUNT DRIVE,GLENMORE TRAIL EB RAMP,FAIRMOUNT DRIVE & GLENMORE TRAIL EB RAMP,SE,Traffic signal T intersection,No,No,No,50.99377963987197,-114.0638198926605
1109001272,0635,1981-01-01 00:00:00,CENTRE STREET,GLENMORE TRAIL WB RAMP,CENTRE STREET & GLENMORE TRAIL WB RAMP,S,Traffic signal T intersection,Yes,No,No,50.994155403118185,-114.06382014593198
1109001273,0673,2004-02-26 00:00:00,FAIRMOUNT DRIVE,FLINT ROAD,FAIRMOUNT DRIVE & FLINT ROAD,SE,Traffic signal T intersection,Yes,No,No,50.98830030626998,-114.06359646404464
1109001274,0982,2016-02-29 00:00:00,NOLAN HILL BOULEVARD,SHOPPING CENTRE ENT,NOLAN HILL BOULEVARD & SHOPPING CENTRE ENT,NW,Traffic signal,Yes,Yes,No,51.17200620871839,-114.15758947925856
1109001275,0944,2005-07-07 00:00:00,HARVEST HILLS BOULEVARD,HARVEST OAK GATE,HARVEST HILLS BOULEVARD & HARVEST OAK GATE,N,Traffic signal T intersection,Yes,No,No,51.14701335809419,-114.06374287072327
1109001276,0421,1988-05-09 00:00:00,12 AVENUE,CENTRE STREET,12 AVENUE & CENTRE STREET,S,Traffic signal,No,Yes,Yes,51.04143007021125,-114.06329842519048
1109001277,0399,1990-11-27 00:00:00,11 AVENUE,CENTRE STREET,11 AVENUE & CENTRE STREET,S,Traffic signal,No,Yes,No,51.04239201011962,-114.06322843647372
1109001278,0378,1956-01-01 00:00:00,9 AVENUE,CENTRE STREET,9 AVENUE & CENTRE STREET,S,Traffic signal T intersection,No,Yes,Yes,51.044612558056805,-114.06307459276768
1109001279,0354,1953-01-01 00:00:00,8 AVENUE,CENTRE STREET,8 AVENUE & CENTRE STREET,S,Traffic signal,No,Yes,Yes,51.04552954867606,-114.06300453370385
1109001280,0341,1929-01-01 00:00:00,7 AVENUE,CENTRE STREET,7 AVENUE & CENTRE STREET,S,Traffic signal,No,Yes,Yes,51.046478438572905,-114.0629672972552
1109001281,0327,1954-01-01 00:00:00,6 AVENUE,CENTRE STREET,6 AVENUE & CENTRE STREET,S,Traffic signal,No,Yes,Yes,51.04744443686892,-114.06286451684176
1109001282,0312,1956-01-01 00:00:00,5 AVENUE,CENTRE STREET,5 AVENUE & CENTRE STREET,S,Traffic signal,No,Yes,No,51.048388378001306,-114.06279969851953
1109001283,0562,1987-01-01 00:00:00,39 AVENUE,MACLEOD TRAIL,39 AVENUE & MACLEOD TRAIL,S,Traffic signal,Yes,Yes,Yes,51.01862338096509,-114.0626972629763
1109001284,0299,1946-01-01 00:00:00,4 AVENUE,CENTRE STREET,4 AVENUE & CENTRE STREET,S,Traffic signal,No,Yes,Yes,51.04931908667256,-114.06274044899592
1109001286,0718,1992-12-23 00:00:00,CANYON MEADOWS DRIVE,BONAVENTURE DRIVE,CANYON MEADOWS DRIVE & BONAVENTURE DRIVE,SE,Traffic signal T intersection,Yes,No,No,50.93022978698893,-114.06257248706822
1109001287,0289,1966-01-01 00:00:00,3 AVENUE,CENTRE STREET,3 AVENUE & CENTRE STREET,S,Traffic signal,No,Yes,Yes,51.05027630628663,-114.06266867776851
1109001288,0285,1988-02-17 00:00:00,2 AVENUE,CENTRE STREET,2 AVENUE & CENTRE STREET,S,Traffic signal,No,Yes,Yes,51.05122677146608,-114.06262423023804
1109001289,0492,2018-12-04 00:00:00,8A AVENUE,85 STREET,8A AVENUE & 85 STREET,SW,Traffic signal,Yes,Yes,Yes,51.06154216545512,-114.21096718681656
1109001290,0728,1990-08-23 00:00:00,LAKE BONAVISTA DRIVE,BONAVENTURE DRIVE,LAKE BONAVISTA DRIVE & BONAVENTURE DRIVE,SE,Traffic signal,Yes,No,No,50.941470892758566,-114.06246787229844
1109001291,0264,1974-01-01 00:00:00,MEMORIAL DRIVE EASTBOUND,CENTRE STREET CONNECTOR,MEMORIAL DRIVE EASTBOUND & CENTRE STREET CONNECTOR,N,Traffic signal,No,No,No,51.053777604368335,-114.06251312260297
1109001292,0248,1956-01-01 00:00:00,CENTRE STREET,SAMIS ROAD,CENTRE STREET & SAMIS ROAD,N,1/2 signal,Yes,Yes,No,51.05521583590431,-114.06239601011518
1109001293,0222,1953-01-01 00:00:00,10 AVENUE,CENTRE STREET,10 AVENUE & CENTRE STREET,N,Traffic signal,Yes,No,No,51.06155847682931,-114.0625269845708
1109001294,0215,1952-01-01 00:00:00,12 AVENUE,CENTRE STREET,12 AVENUE & CENTRE STREET,N,Traffic signal,Yes,No,No,51.063347427183885,-114.0625293944545
1109001295,B2720,2003-07-16 00:00:00,14 AVENUE,CENTRE STREET,14 AVENUE & CENTRE STREET,N,Overhead Flasher,Yes,No,No,51.06543381634089,-114.06251038824976
1109001296,B2557,1986-07-01 00:00:00,28 AVENUE,CENTRE STREET,28 AVENUE & CENTRE STREET,N,Overhead Flasher,Yes,No,No,51.07784780103968,-114.06253466613984
1109001297,B2563,1979-12-13 00:00:00,CENTRE STREET,24 AVENUE,CENTRE STREET & 24 AVENUE,N,Overhead Flasher,Yes,No,No,51.074297117724605,-114.06251989159064
1109001298,B2574,1980-10-01 00:00:00,CENTRE STREET,18 AVENUE,CENTRE STREET & 18 AVENUE,N,Overhead Flasher,Yes,No,No,51.06874049327215,-114.06251164339638
1109001299,0184,1957-01-01 00:00:00,20 AVENUE,CENTRE STREET,20 AVENUE & CENTRE STREET,N,Traffic signal,Yes,No,No,51.07062010429899,-114.0625106568126
1109001300,0201,1952-01-01 00:00:00,16 AVENUE,CENTRE STREET,16 AVENUE & CENTRE STREET,N,Traffic signal,No,Yes,No,51.06697927966196,-114.0625057527336
1109001301,0131,1970-01-01 00:00:00,32 AVENUE,CENTRE STREET,32 AVENUE & CENTRE STREET,N,Traffic signal,Yes,Yes,Yes,51.08150323464498,-114.06249519126452
1109001302,B2558,1967-11-01 00:00:00,CENTRE STREET,36 AVENUE,CENTRE STREET & 36 AVENUE,N,Overhead Flasher,Yes,No,No,51.084976663509245,-114.0624443666484
1109001303,0083,1978-01-01 00:00:00,40 AVENUE,CENTRE STREET,40 AVENUE & CENTRE STREET,N,Traffic signal,Yes,Yes,Yes,51.0887343500784,-114.06243515228827
1109001304,B2537,1980-01-01 00:00:00,54 AVENUE,CENTRE STREET,54 AVENUE & CENTRE STREET,N,Overhead Flasher,Yes,No,No,51.09978159692578,-114.06245779181393
1109001305,0052,1967-01-01 00:00:00,McKNIGHT BOULEVARD,CENTRE STREET,McKNIGHT BOULEVARD & CENTRE STREET,N,Traffic signal,Yes,Yes,No,51.09606091807294,-114.0624450185327
1109001306,0078,1986-10-23 00:00:00,56 AVENUE/NORTHMOUNT DRIVE,CENTRE STREET,56 AVENUE/NORTHMOUNT DRIVE & CENTRE STREET,N,Traffic signal,Yes,Yes,Yes,51.10264645740333,-114.06241518585344
1109001307,B2519,1976-08-01 00:00:00,CENTRE STREET,TACHE AVENUE,CENTRE STREET & TACHE AVENUE,N,Overhead Flasher,Yes,No,No,51.10799971412943,-114.06247327274038
1109001308,0023,1973-01-01 00:00:00,64 AVENUE,CENTRE STREET,64 AVENUE & CENTRE STREET,N,Traffic signal,Yes,Yes,Yes,51.110606158478525,-114.06245033713208
1109001309,0751,1981-01-01 00:00:00,MIDLAKE BOULEVARD,MIDPARK BOULEVARD/MIDRIDGE DR,MIDLAKE BOULEVARD & MIDPARK BOULEVARD/MIDRIDGE DR,SE,Traffic signal,Yes,Yes,Yes,50.91491701253324,-114.06157657391772
1109001310,0583,2003-06-20 00:00:00,50 AVENUE,1A STREET,50 AVENUE & 1A STREET,SE,Traffic signal T intersection,Yes,No,No,51.00871734405624,-114.0613729457442
1109001311,0263,1981-10-29 00:00:00,MEMORIAL DRIVE WESTBOUND,CENTRE STREET CONNECTOR,MEMORIAL DRIVE WESTBOUND & CENTRE STREET CONNECTOR,NE,Traffic signal T intersection,No,No,No,51.05415249509521,-114.06152605247853
1109001313,0457,1958-01-01 00:00:00,17 AVENUE,1 STREET,17 AVENUE & 1 STREET,SE,Traffic signal,Yes,Yes,Yes,51.03783532965357,-114.0611262335403
1109001314,0433,1989-10-10 00:00:00,15 AVENUE,1 STREET,15 AVENUE & 1 STREET,SE,Traffic signal,Yes,Yes,Yes,51.03850060008749,-114.06107007401071
1109001315,B2673,1978-08-01 00:00:00,BONAVENTURE DRIVE,LAKE MORAINE ROAD,BONAVENTURE DRIVE & LAKE MORAINE ROAD,SE,Overhead Flasher,Yes,No,No,50.94364911947958,-114.06091726567436
1109001316,0418,1954-01-01 00:00:00,12 AVENUE,1 STREET,12 AVENUE & 1 STREET,SE,Traffic signal,No,Yes,No,51.04135944750634,-114.06085993852642
1109001317,0930,2005-02-22 00:00:00,COUNTRY HILLS BOULEVARD,COUNTRY VILLAGE WAY,COUNTRY HILLS BOULEVARD & COUNTRY VILLAGE WAY,NE,Traffic signal T intersection,Yes,No,No,51.15421549203673,-114.06095110072036
1109001318,0407,1959-01-01 00:00:00,11 AVENUE,1 STREET,11 AVENUE & 1 STREET,SE,Traffic signal,No,Yes,No,51.04228962971008,-114.06077611703708
1109001319,0396,1956-01-01 00:00:00,10 AVENUE,1 STREET,10 AVENUE & 1 STREET,SE,Traffic signal,No,Yes,No,51.0432563476598,-114.06073408233138
1109001320,0550,1954-01-01 00:00:00,36 AVENUE/MISSION ROAD,MACLEOD TRAIL,36 AVENUE/MISSION ROAD & MACLEOD TRAIL,S,Traffic signal,Yes,No,Yes,51.021438253537326,-114.06066281163784
1109001321,0379,1956-01-01 00:00:00,9 AVENUE,1 STREET,9 AVENUE & 1 STREET,SE,Traffic signal,Yes,Yes,Yes,51.04454193077667,-114.06063593935716
1109001322,B2653,1969-01-01 00:00:00,FAIRMOUNT DRIVE,78 AVENUE,FAIRMOUNT DRIVE & 78 AVENUE,SE,Overhead Flasher,Yes,No,No,50.98396885526624,-114.06050003093983
1109001323,0355,1953-01-01 00:00:00,8 AVENUE,1 STREET,8 AVENUE & 1 STREET,SE,Traffic signal,No,Yes,Yes,51.04545891996145,-114.06056583225032
1109001324,0342,1954-01-01 00:00:00,7 AVENUE,1 STREET,7 AVENUE & 1 STREET,SE,Traffic signal,No,Yes,Yes,51.0464347520829,-114.0604854240496
1109001325,0328,1954-01-01 00:00:00,6 AVENUE,1 STREET,6 AVENUE & 1 STREET,SE,Traffic signal,No,Yes,Yes,51.04737379791597,-114.06043997647583
1109001326,0716,1980-01-01 00:00:00,BONAVENTURE DRIVE,FAIRMOUNT DRIVE,BONAVENTURE DRIVE & FAIRMOUNT DRIVE,SE,Traffic signal T intersection,Yes,No,No,50.95352093959894,-114.06083604489874
1109001327,0313,1956-01-01 00:00:00,5 AVENUE,1 STREET,5 AVENUE & 1 STREET,SE,Traffic signal,No,Yes,Yes,51.0483409509233,-114.06038745558352
1109001328,B2652,1969-01-01 00:00:00,FYFFE ROAD,FAIRMOUNT DRIVE,FYFFE ROAD & FAIRMOUNT DRIVE,SE,Overhead Flasher,Yes,No,No,50.98497584038349,-114.06025922048192
1109001329,0300,1963-01-01 00:00:00,4 AVENUE,1 STREET,4 AVENUE & 1 STREET,SE,Traffic signal,No,Yes,Yes,51.04926171330314,-114.06029981335284
1109001330,0717,1986-01-01 00:00:00,BONAVENTURE DRIVE,SOUTH CENTRE S.C./FAMILY LEISURE,BONAVENTURE DRIVE & SOUTH CENTRE S.C./FAMILY LEISURE,SE,Traffic signal,Yes,Yes,Yes,50.95224830198365,-114.06025193054808
1109001331,0727,1990-01-01 00:00:00,LAKE BONAVISTA DRIVE,BONAVENTURE DRIVE,LAKE BONAVISTA DRIVE & BONAVENTURE DRIVE,SE,Traffic signal,Yes,No,Yes,50.94607876363194,-114.06003881641789
1109001332,0725,1974-01-01 00:00:00,ANDERSON ROAD,BONAVENTURE DRIVE,ANDERSON ROAD & BONAVENTURE DRIVE,SE,Traffic signal,Yes,Yes,Yes,50.9492090155803,-114.06011336814365
1109001334,B2658,1987-12-01 00:00:00,FAIRMOUNT DRIVE,83 AVENUE,FAIRMOUNT DRIVE & 83 AVENUE,SE,Overhead Flasher,Yes,No,No,50.97817935269192,-114.05994384394944
1109001335,B2659,1970-03-01 00:00:00,FAIRMOUNT DRIVE,86 AVENUE,FAIRMOUNT DRIVE & 86 AVENUE,SE,Overhead Flasher,Yes,No,No,50.97595473230737,-114.05994964749124
1109001336,0665,1965-01-01 00:00:00,HERITAGE DRIVE,FAIRMOUNT DRIVE,HERITAGE DRIVE & FAIRMOUNT DRIVE,SE,Traffic signal,Yes,Yes,Yes,50.97956412707426,-114.05993892102778
1109001337,0474,2001-06-06 00:00:00,13 AVENUE,1 STREET,13 AVENUE & 1 STREET,SE,Traffic signal,No,Yes,No,51.040405014111975,-114.0609304580066
1109001339,0498,1956-01-01 00:00:00,25 AVENUE,MACLEOD TRAIL,25 AVENUE & MACLEOD TRAIL,S,Traffic signal,Yes,Yes,Yes,51.03049157009962,-114.05967215335222
1109001340,B2664,1980-09-01 00:00:00,FAIRMOUNT DRIVE,94 AVENUE,FAIRMOUNT DRIVE & 94 AVENUE,SE,Overhead Flasher,Yes,No,No,50.96863284780499,-114.05921298586784
1109001341,0677,1972-01-01 00:00:00,90 AVENUE/ACADIA DRIVE,FAIRMOUNT DRIVE,90 AVENUE/ACADIA DRIVE & FAIRMOUNT DRIVE,SE,Traffic signal,Yes,Yes,Yes,50.97224678641226,-114.05917486582372
1109001342,0709,1992-11-17 00:00:00,WILLOW PARK DRIVE,FAIRMOUNT DRIVE,WILLOW PARK DRIVE & FAIRMOUNT DRIVE,SE,Traffic signal,Yes,Yes,Yes,50.95835085523974,-114.05908085125468
1109001343,0699,1969-01-01 00:00:00,SOUTHLAND DRIVE,FAIRMOUNT DRIVE,SOUTHLAND DRIVE & FAIRMOUNT DRIVE,SE,Traffic signal,Yes,Yes,Yes,50.96404473648612,-114.05867538650952
1109001344,0458,1953-01-01 00:00:00,17 AVENUE,MACLEOD TRAIL,17 AVENUE & MACLEOD TRAIL,SE,Traffic signal T intersection,No,Yes,No,51.03783659375093,-114.058659512676
1109001345,0419,1953-01-01 00:00:00,12 AVENUE,MACLEOD TRAIL,12 AVENUE & MACLEOD TRAIL,SE,Traffic signal,No,Yes,No,51.04128878104888,-114.05840719967377
1109001346,0408,1959-01-01 00:00:00,11 AVENUE,MACLEOD TRAIL,11 AVENUE & MACLEOD TRAIL,SE,Traffic signal,Yes,Yes,Yes,51.042240756139854,-114.0583721523853
1109001348,0397,1956-01-01 00:00:00,10 AVENUE,MACLEOD TRAIL,10 AVENUE & MACLEOD TRAIL,SE,Traffic signal,No,Yes,No,51.043185685726506,-114.05826698335676
1109001349,0380,1956-01-01 00:00:00,9 AVENUE,MACLEOD TRAIL,9 AVENUE & MACLEOD TRAIL,SE,Traffic signal,Yes,Yes,Yes,51.044462269982425,-114.05818302152171
1109001350,0356,1953-01-01 00:00:00,8 AVENUE,MACLEOD TRAIL,8 AVENUE & MACLEOD TRAIL,SE,Traffic signal,Yes,Yes,Yes,51.0453972371788,-114.0581128886001
1109001351,0343,1954-01-01 00:00:00,7 AVENUE,MACLEOD TRAIL,7 AVENUE & MACLEOD TRAIL,SE,Traffic signal,No,Yes,Yes,51.046349763952655,-114.05804792878595
1109001352,0329,1954-01-01 00:00:00,6 AVENUE,MACLEOD TRAIL,6 AVENUE & MACLEOD TRAIL,SE,Traffic signal,No,Yes,Yes,51.047306253173886,-114.05797578636772
1109001353,0314,1956-01-01 00:00:00,5 AVENUE,MACLEOD TRAIL,5 AVENUE & MACLEOD TRAIL,SE,Traffic signal,Yes,Yes,Yes,51.04824708623376,-114.05790252902683
1109001354,0301,1971-01-01 00:00:00,4 AVENUE,MACLEOD TRAIL,4 AVENUE & MACLEOD TRAIL,SE,Traffic signal,No,Yes,Yes,51.0491910353207,-114.05784665798876
1109001355,0604,1977-01-01 00:00:00,58 AVENUE,3 STREET,58 AVENUE & 3 STREET,SE,Traffic signal,Yes,No,No,51.00137487366293,-114.05704631634164
1109001356,0503,1998-08-12 00:00:00,25 AVENUE,3 STREET/STAMPEDE GRDS,25 AVENUE & 3 STREET/STAMPEDE GRDS,SE,Traffic signal T intersection,Yes,Yes,No,51.030999327979565,-114.05700260333668
1109001357,B2703,2001-06-19 00:00:00,4 STREET,BLACKTHORN ROAD,4 STREET & BLACKTHORN ROAD,NW,Overhead Flasher,Yes,No,No,51.10709102671831,-114.07143880846456
1109001358,0024,1978-01-01 00:00:00,64 AVENUE,4 STREET,64 AVENUE & 4 STREET,NE,Traffic signal,No,Yes,No,51.110591000139735,-114.05692361322212
1109001359,0798,2004-02-23 00:00:00,MIDPARK BOULEVARD,MIDPARK DRIVE,MIDPARK BOULEVARD & MIDPARK DRIVE,SE,Traffic signal,Yes,No,No,50.91261043394671,-114.06128254775624
1109001360,0015,1987-10-20 00:00:00,HUNTERHORN DRIVE/HUNTCHESTER RD,4 STREET,HUNTERHORN DRIVE/HUNTCHESTER RD & 4 STREET,NE,Traffic signal,Yes,Yes,Yes,51.11273066960928,-114.05664061095848
1109001361,0981,2007-12-24 00:00:00,COUNTRY VILLAGE RD/COVENTRY HILLS W,COVENTRY HILLS BV/COVENTRY HILLS WY,COUNTRY VILLAGE RD/COVENTRY HILLS W & COVENTRY HILLS BV/COVENTRY HILLS WY,NE,Traffic signal,Yes,No,No,51.163135408289016,-114.05641637552546
1109001362,B2564,1971-09-01 00:00:00,24 AVENUE,EDMONTON TRAIL,24 AVENUE & EDMONTON TRAIL,NE,Overhead Flasher,Yes,No,No,51.07429404739314,-114.05617385943182
1109001363,0202,1952-01-01 00:00:00,16 AVENUE,EDMONTON TRAIL,16 AVENUE & EDMONTON TRAIL,NE,Traffic signal,No,Yes,No,51.06691542380258,-114.0561638364846
1109001364,B2682,1980-11-01 00:00:00,MIDLAKE BOULEVARD,MIDPARK RISE/MIDRIDGE ROAD,MIDLAKE BOULEVARD & MIDPARK RISE/MIDRIDGE ROAD,SE,Overhead Flasher,Yes,No,No,50.91601263136321,-114.055969598563
1109001365,0185,1963-01-01 00:00:00,20 AVENUE,EDMONTON TRAIL,20 AVENUE & EDMONTON TRAIL,NE,Traffic signal,Yes,Yes,Yes,51.0706233408189,-114.0561326042172
1109001366,0216,1960-01-01 00:00:00,12 AVENUE,EDMONTON TRAIL,12 AVENUE & EDMONTON TRAIL,NE,Traffic signal,Yes,Yes,Yes,51.063305763854025,-114.05605242260678
1109001367,0614,2008-02-04 00:00:00,12 AVENUE,3 STREET,12 AVENUE & 3 STREET,SE,Traffic signal,No,Yes,No,51.0412312435667,-114.05592693181134
1109001368,0381,1987-08-27 00:00:00,9 AVENUE,3 STREET,9 AVENUE & 3 STREET,SE,Traffic signal,No,Yes,Yes,51.04440054396302,-114.05571587311536
1109001370,0925,1998-11-19 00:00:00,COUNTRY HILLS BOULEVARD,COUNTRY HILLS TOWNE CNTR,COUNTRY HILLS BOULEVARD & COUNTRY HILLS TOWNE CNTR,NE,Traffic signal T intersection,Yes,No,No,51.15419922906742,-114.0560302798985
1109001371,0344,1972-01-01 00:00:00,7 AVENUE,3 STREET,7 AVENUE & 3 STREET,SE,Traffic signal,No,Yes,Yes,51.04630643415936,-114.05557554834358
1109001372,0330,1972-01-01 00:00:00,6 AVENUE,3 STREET,6 AVENUE & 3 STREET,SE,Traffic signal,No,Yes,No,51.047236168201806,-114.05550764430195
1109001373,0315,1972-01-01 00:00:00,5 AVENUE,3 STREET,5 AVENUE & 3 STREET,SE,Traffic signal,No,Yes,Yes,51.0482029180878,-114.05540956406756
1109001374,0761,1992-11-16 00:00:00,SUN VALLEY BOULEVARD,MIDPARK BLVD/SUNPARK DR,SUN VALLEY BOULEVARD & MIDPARK BLVD/SUNPARK DR,SE,Traffic signal,Yes,Yes,Yes,50.90658650743268,-114.05523840423272
1109001375,0302,1972-01-01 00:00:00,4 AVENUE,3 STREET,4 AVENUE & 3 STREET,SE,Traffic signal T intersection,Yes,Yes,No,51.04914024782873,-114.05540095149648
1109001376,0832,2012-12-07 00:00:00,1417C,33 STREET,1417C & 33 STREET,SW,Traffic signal T intersection,Yes,Yes,Yes,51.04013636825328,-114.13545415080662
1109001377,0007,1993-09-13 00:00:00,BEDDINGTON BOULEVARD,BEDFORD DRIVE/4 STREET,BEDDINGTON BOULEVARD & BEDFORD DRIVE/4 STREET,NE,Traffic signal,Yes,No,No,51.126188709121934,-114.05542849922216
1109001378,B2559,1971-12-01 00:00:00,29 AVENUE,EDMONTON TRAIL,29 AVENUE & EDMONTON TRAIL,NE,Overhead Flasher,Yes,No,No,51.07871534602227,-114.05524201457548
1109001379,0132,1984-01-01 00:00:00,32 AVENUE,EDMONTON TRAIL,32 AVENUE & EDMONTON TRAIL,NE,Traffic signal,Yes,No,No,51.08151057367819,-114.0546044095154
1109001380,0225,1957-01-01 00:00:00,8 AVENUE,EDMONTON TRAIL,8 AVENUE & EDMONTON TRAIL,NE,Traffic signal,Yes,No,No,51.05973765348265,-114.05435055088432
1109001381,0054,1991-08-13 00:00:00,GODDARD AVENUE,4 STREET,GODDARD AVENUE & 4 STREET,NE,Traffic signal,Yes,No,No,51.09748176419153,-114.05386331255843
1109001382,0053,1972-01-01 00:00:00,MCKNIGHT BOULEVARD,EDMONTON TRAIL/4 STREET,MCKNIGHT BOULEVARD & EDMONTON TRAIL/4 STREET,NE,Traffic signal,Yes,No,No,51.09607412913394,-114.05396484564017
1109001383,0598,1994-08-09 00:00:00,58 AVENUE,4 STREET,58 AVENUE & 4 STREET,SE,Traffic signal,Yes,No,No,51.001378819195445,-114.05376879468842
1109001384,0609,2000-04-04 00:00:00,71 AVENUE,BLACKFOOT TRAIL,71 AVENUE & BLACKFOOT TRAIL,SE,Traffic signal T intersection,No,No,No,50.98834510912845,-114.0535549679853
1109001385,0420,1980-01-01 00:00:00,12 AVENUE,OLYMPIC WAY,12 AVENUE & OLYMPIC WAY,SE,Traffic signal,Yes,Yes,Yes,51.04114730023357,-114.05348748472424
1109001386,0568,1971-01-01 00:00:00,42 AVENUE,CLEVELAND CR/MANHATTAN RD,42 AVENUE & CLEVELAND CR/MANHATTAN RD,SE,Traffic signal,Yes,Yes,Yes,51.01592591017785,-114.05307397133394
1109001387,0224,2001-08-21 00:00:00,7 AVENUE,EDMONTON TRAIL,7 AVENUE & EDMONTON TRAIL,NE,Traffic signal T intersection,Yes,Yes,Yes,51.05843863934382,-114.05430004745074
1109001390,0596,1998-05-10 00:00:00,GLENMORE TRAIL,BLACKFOOT TRAIL,GLENMORE TRAIL & BLACKFOOT TRAIL,SE,Traffic signal T intersection,No,No,No,50.99247906640499,-114.05327311264782
1109001392,0361,2003-05-22 00:00:00,7 AVENUE,4 STREET,7 AVENUE & 4 STREET,SE,Traffic signal,No,Yes,No,51.04619969154958,-114.05313677614252
1109001393,0331,1984-01-01 00:00:00,6 AVENUE,4 STREET,6 AVENUE & 4 STREET,SE,Traffic signal,No,Yes,No,51.04715276882731,-114.05308248397915
1109001394,0287,1987-07-31 00:00:00,RIVERFRONT AVENUE,4 AVENUE/RECONCILIATION BRIDGE,RIVERFRONT AVENUE & 4 AVENUE/RECONCILIATION BRIDGE,SE,Traffic signal,No,Yes,No,51.0493363031233,-114.05285174127016
1109001395,0008,1993-10-22 00:00:00,BEDDINGTON TRAIL,BEDDINGTON BOULEVARD,BEDDINGTON TRAIL & BEDDINGTON BOULEVARD,NE,Traffic signal,Yes,Yes,No,51.12793186018606,-114.05302076793454
1109001396,0026,1990-04-24 00:00:00,64 AVENUE,HUNTERHORN ROAD,64 AVENUE & HUNTERHORN ROAD,NE,Traffic signal T intersection,Yes,Yes,No,51.110619853597306,-114.05291071683884
1109001397,B2665,1976-08-01 00:00:00,SOUTHLAND DRIVE,5 STREET,SOUTHLAND DRIVE & 5 STREET,SE,Overhead Flasher,Yes,No,No,50.96403334045456,-114.05230272334748
1109001398,0983,2007-12-18 00:00:00,COVENTRY HILLS BOULEVARD,COVENTRY DRIVE/COUNTRY VILLAGE LD,COVENTRY HILLS BOULEVARD & COVENTRY DRIVE/COUNTRY VILLAGE LD,NE,Traffic signal,Yes,No,No,51.157258065692034,-114.05249229824337
1109001399,0931,2005-02-09 00:00:00,COUNTRY HILLS BOULEVARD,COVENTRY HILLS BOULEVARD,COUNTRY HILLS BOULEVARD & COVENTRY HILLS BOULEVARD,NE,Traffic signal T intersection,Yes,No,No,51.15421061206683,-114.05247454616008
1109001400,0499,1983-01-01 00:00:00,25 AVENUE,SPILLER ROAD,25 AVENUE & SPILLER ROAD,SE,Traffic signal T intersection,Yes,No,No,51.02967196958797,-114.0520755235976
1109001401,0084,1976-01-01 00:00:00,41 AVENUE/32 AVENUE,EDMONTON TRAIL,41 AVENUE/32 AVENUE & EDMONTON TRAIL,NE,Traffic signal,Yes,No,No,51.089656351034265,-114.05211597402624
1109001402,0087,1980-01-01 00:00:00,36 AVENUE,EDMONTON TRAIL,36 AVENUE & EDMONTON TRAIL,NE,Traffic signal,Yes,Yes,Yes,51.084972755447474,-114.05206789198996
1109001403,0265,1962-01-01 00:00:00,MEMORIAL DRIVE,4 STREET/SB EDMONTON TRAIL,MEMORIAL DRIVE & 4 STREET/SB EDMONTON TRAIL,NE,Traffic signal,Yes,Yes,Yes,51.05094145421357,-114.0516763955843
1109001404,0249,1954-01-01 00:00:00,1 AVENUE,4 STREET,1 AVENUE & 4 STREET,NE,Traffic signal,Yes,Yes,No,51.05341541138542,-114.0516825364453
1109001405,B2596,1985-08-01 00:00:00,2 AVENUE,4 STREET,2 AVENUE & 4 STREET,NE,Overhead Flasher,Yes,No,No,51.054704468389005,-114.05170587606766
1109001406,B2681,1982-01-01 00:00:00,MIDLAKE BOULEVARD,MIDRIDGE DRIVE,MIDLAKE BOULEVARD & MIDRIDGE DRIVE,SE,Overhead Flasher,Yes,No,No,50.914437351095984,-114.0510643199878
1109001407,B2599,1992-08-01 00:00:00,EDMONTON TRAIL,2 AVENUE,EDMONTON TRAIL & 2 AVENUE,NE,Overhead Flasher,Yes,No,No,51.05463303980542,-114.05092129473896
1109001408,0577,1981-01-01 00:00:00,46 AVENUE,11 STREET/12 STREET,46 AVENUE & 11 STREET/12 STREET,SE,Traffic signal,Yes,Yes,No,51.01176647820226,-114.035954049476
1109001409,0841,2004-09-14 00:00:00,HERITAGE MEADOWS WAY,HERITAGE MEADOWS ROAD,HERITAGE MEADOWS WAY & HERITAGE MEADOWS ROAD,SE,Traffic signal T intersection,Yes,No,No,50.98201042663387,-114.03526171625076
1109001410,0516,2010-09-28 00:00:00,42 AVENUE/HIGHFIELD BLVD,12 STREET,42 AVENUE/HIGHFIELD BLVD & 12 STREET,SE,Traffic signal,Yes,No,No,51.01645944538015,-114.03496004171296
1109001411,0136,1979-01-01 00:00:00,32 AVENUE,DEERFOOT TRAIL SB RAMP,32 AVENUE & DEERFOOT TRAIL SB RAMP,NE,Traffic signal,No,No,No,51.081464154130806,-114.03498046818724
1109001412,0383,1956-01-01 00:00:00,9 AVENUE,12 STREET,9 AVENUE & 12 STREET,SE,Traffic signal,No,Yes,Yes,51.04125337831388,-114.0343512777003
1109001413,0702,1982-01-01 00:00:00,SOUTHLAND DRIVE,DEERFOOT TRAIL SB RAMP,SOUTHLAND DRIVE & DEERFOOT TRAIL SB RAMP,SE,Traffic signal,Yes,No,No,50.96712247303422,-114.03444349605304
1109001414,0088,1999-08-26 00:00:00,45 AVENUE,12 STREET,45 AVENUE & 12 STREET,NE,Traffic signal,Yes,No,No,51.09341187054971,-114.03344771713574
1109001415,0056,1973-01-01 00:00:00,McKNIGHT BOULEVARD,AVIATION BLVD/12 STREET,McKNIGHT BOULEVARD & AVIATION BLVD/12 STREET,NE,Traffic signal,Yes,Yes,No,51.09609979346176,-114.03339255063658
1109001416,0703,1982-01-01 00:00:00,SOUTHLAND DRIVE,DEERFOOT TRAIL NB RAMP,SOUTHLAND DRIVE & DEERFOOT TRAIL NB RAMP,SE,Traffic signal T intersection,No,No,No,50.96800583920042,-114.0317965017327
1109001417,0515,1969-01-01 00:00:00,26 AVENUE/BLACKFOOT TR RAMP,OGDEN ROAD/PORTLAND ST,26 AVENUE/BLACKFOOT TR RAMP & OGDEN ROAD/PORTLAND ST,SE,Traffic signal T intersection,Yes,Yes,Yes,51.030259666800376,-114.03224489227792
1109001418,0745,1979-01-01 00:00:00,BOW BOTTOM TRAIL,CANYON MEADOWS DRIVE,BOW BOTTOM TRAIL & CANYON MEADOWS DRIVE,SE,Traffic signal,Yes,No,No,50.93114658236976,-114.0323638445918
1109001419,0137,1979-01-01 00:00:00,32 AVENUE,DEERFOOT TRAIL NB RAMP,32 AVENUE & DEERFOOT TRAIL NB RAMP,NE,Traffic signal,No,No,No,51.08147133489544,-114.03286503690389
1109001420,0267,1982-01-01 00:00:00,MEMORIAL DRIVE,12 STREET,MEMORIAL DRIVE & 12 STREET,NE,Traffic signal T intersection,Yes,Yes,Yes,51.04818974053156,-114.0319194420082
1109001421,0268,1982-01-01 00:00:00,MEMORIAL DRIVE,12 STREET,MEMORIAL DRIVE & 12 STREET,NE,Traffic signal T intersection,Yes,Yes,Yes,51.04748511781138,-114.03193153491358
1109001422,B2611,1976-01-01 00:00:00,9 AVENUE,13 STREET,9 AVENUE & 13 STREET,SE,Overhead Flasher,Yes,No,No,51.040193762212,-114.03161822526457
1109001424,0907,2013-08-07 00:00:00,AIRPORT TRAIL,DEERFOOT TRAIL,AIRPORT TRAIL & DEERFOOT TRAIL,NE,Traffic signal,No,Yes,Yes,51.14081831579769,-114.03327032279128
1109001426,B2679,1982-04-01 00:00:00,PARKLAND BOULEVARD,PARKLAND WAY,PARKLAND BOULEVARD & PARKLAND WAY,SE,Overhead Flasher,Yes,No,No,50.92575322191974,-114.03016957229414
1109001427,0556,1981-01-01 00:00:00,38 AVENUE/HIGHFIELD BOULEVARD,OGDEN ROAD,38 AVENUE/HIGHFIELD BOULEVARD & OGDEN ROAD,SE,Traffic signal,Yes,No,No,51.02005096571211,-114.02999724482852
1109001428,0138,1979-01-01 00:00:00,32 AVENUE,12 STREET,32 AVENUE & 12 STREET,NE,Traffic signal T intersection,Yes,No,No,51.08146563295783,-114.02962850020587
1109001429,0669,1992-07-30 00:00:00,HERITAGE DRIVE,GLENDEER CIRCLE/HERITAGE MEADOWS RD,HERITAGE DRIVE & GLENDEER CIRCLE/HERITAGE MEADOWS RD,SE,Traffic signal,Yes,No,No,50.98708614346783,-114.02920941911376
1109001430,0735,1983-01-01 00:00:00,BOW BOTTOM TRAIL,DIAMOND DRIVE,BOW BOTTOM TRAIL & DIAMOND DRIVE,SE,Traffic signal,Yes,No,No,50.94119325159165,-114.02920376016814
1109001431,0205,1971-01-01 00:00:00,16 AVENUE WB,DEERFOOT TRAIL SB RAMP,16 AVENUE WB & DEERFOOT TRAIL SB RAMP,NE,Traffic signal,No,No,No,51.06738500634805,-114.028118765224
1109001432,0207,1971-01-01 00:00:00,16 AVENUE EB,DEERFOOT TRAIL SB RAMP,16 AVENUE EB & DEERFOOT TRAIL SB RAMP,NE,Traffic signal,No,No,No,51.066381706284005,-114.02818310485564
1109001433,0139,1982-01-01 00:00:00,32 AVENUE,12 STREET,32 AVENUE & 12 STREET,NE,Traffic signal T intersection,Yes,No,No,51.08146618935659,-114.02734499373642
1109001434,0746,1982-01-01 00:00:00,CANYON MEADOWS DRIVE,QUEENSLAND DR/DEER RIDGE DR,CANYON MEADOWS DRIVE & QUEENSLAND DR/DEER RIDGE DR,SE,Traffic signal,Yes,No,No,50.931826483143325,-114.02711327926674
1109001435,0734,1998-06-01 00:00:00,DEER RIDGE DRIVE,DEER VALLEY MALL ENTRANCE,DEER RIDGE DRIVE & DEER VALLEY MALL ENTRANCE,SE,Traffic signal,Yes,Yes,No,50.9300827706267,-114.0271830503995
1109001436,0208,1971-01-01 00:00:00,16 AVENUE EB,DEERFOOT TRAIL NB RAMP,16 AVENUE EB & DEERFOOT TRAIL NB RAMP,NE,Traffic signal,No,No,No,51.06638011510573,-114.02599515689508
1109001438,0206,1971-01-01 00:00:00,16 AVENUE WB,DEERFOOT TRAIL NB RAMP,16 AVENUE WB & DEERFOOT TRAIL NB RAMP,NE,Traffic signal,No,No,No,51.06741676905526,-114.02586310883078
1109001439,B2680,1982-04-01 00:00:00,PARKLAND BOULEVARD,PARK VALLEY DRIVE,PARKLAND BOULEVARD & PARK VALLEY DRIVE,SE,Overhead Flasher,Yes,No,No,50.91922760755793,-114.02569957169682
1109001440,0486,1994-08-29 00:00:00,BLACKFOOT TRAIL,ALYTH ROAD,BLACKFOOT TRAIL & ALYTH ROAD,SE,Traffic signal,Yes,No,No,51.03407011695743,-114.02527240809368
1109001441,0384,1957-01-01 00:00:00,9 AVENUE,15 STREET/17 AVENUE,9 AVENUE & 15 STREET/17 AVENUE,SE,Traffic signal,Yes,Yes,Yes,51.03773898638867,-114.02512227583271
1109001442,0839,2005-04-18 00:00:00,CHAPARRAL BOULEVARD,CHAPARRAL DR/CHAPARRAL RIDGE D,CHAPARRAL BOULEVARD & CHAPARRAL DR/CHAPARRAL RIDGE D,SE,Traffic signal,Yes,Yes,Yes,50.88584812360691,-114.02471478219807
1109001443,1176,2020-05-12 00:00:00,BLACKFOOT TRAIL,15 STREET,BLACKFOOT TRAIL & 15 STREET,SE,Traffic signal T intersection,Yes,Yes,Yes,51.03545193415248,-114.02445148678132
1109001444,0818,2014-03-13 00:00:00,210 AVENUE,MACLEOD TRAIL,210 AVENUE & MACLEOD TRAIL,SE,Traffic signal,No,No,No,50.86655901503969,-114.03810267137204
1109001445,B2678,1982-09-01 00:00:00,CANYON MEADOWS DRIVE,QUEEN CHARLOTTE DR/DEERVIEW DR,CANYON MEADOWS DRIVE & QUEEN CHARLOTTE DR/DEERVIEW DR,SE,Overhead Flasher,Yes,No,No,50.93176010668438,-114.02304620558796
1109001446,0934,1998-10-05 00:00:00,COUNTRY HILLS BOULEVARD,DEERFOOT TRAIL SB RAMP,COUNTRY HILLS BOULEVARD & DEERFOOT TRAIL SB RAMP,NE,Traffic signal T intersection,No,No,No,51.154356571538194,-114.02056133973645
1109001447,0151,2000-05-15 00:00:00,32 AVENUE,15A STREET,32 AVENUE & 15A STREET,NE,Traffic signal T intersection,Yes,No,No,51.08145805587885,-114.02082355581696
1109001448,0385,1959-01-01 00:00:00,9 AVENUE,19 STREET,9 AVENUE & 19 STREET,SE,Traffic signal T intersection,Yes,Yes,Yes,51.03543136598549,-114.01997513859598
1109001450,0269,1975-01-01 00:00:00,MEMORIAL DRIVE,DEERFOOT TRAIL SB RAMP,MEMORIAL DRIVE & DEERFOOT TRAIL SB RAMP,SE,Traffic signal,No,No,No,51.04898334202012,-114.0187962198909
1109001451,0271,1975-01-01 00:00:00,MEMORIAL DRIVE,DEERFOOT TRAIL SB RAMP,MEMORIAL DRIVE & DEERFOOT TRAIL SB RAMP,SE,Traffic signal,No,No,No,51.04787781080294,-114.01825557610796
1109001452,0459,1968-01-01 00:00:00,17 AVENUE/BLACKFOOT TRAIL,17A STREET/19 STREET,17 AVENUE/BLACKFOOT TRAIL & 17A STREET/19 STREET,SE,Traffic signal,Yes,Yes,No,51.03772045819692,-114.01784151079993
1109001453,B2590,1982-07-05 00:00:00,8 AVENUE,17A STREET,8 AVENUE & 17A STREET,NE,Overhead Flasher,Yes,No,No,51.05975795532052,-114.017589043745
1109001454,0748,1989-01-09 00:00:00,CANYON MEADOWS DRIVE,QUEENSLAND DR/DEER RIDGE DR,CANYON MEADOWS DRIVE & QUEENSLAND DR/DEER RIDGE DR,SE,Traffic signal,Yes,No,No,50.93201291135881,-114.01745547421268
1109001455,0270,1984-01-01 00:00:00,MEMORIAL DRIVE,DEERFOOT TRAIL,MEMORIAL DRIVE & DEERFOOT TRAIL,SE,Traffic signal T intersection,No,No,No,51.04902415512263,-114.0163204126869
1109001456,0637,2002-10-26 00:00:00,GLENMORE TRAIL,18 STREET,GLENMORE TRAIL & 18 STREET,SE,Traffic signal,Yes,No,No,50.98164833406413,-114.01588823878508
1109001457,0658,1985-01-01 00:00:00,76 AVENUE,18 STREET,76 AVENUE & 18 STREET,SE,Traffic signal,Yes,Yes,Yes,50.9850442409921,-114.01587967184469
1109001458,0653,1994-09-21 00:00:00,GLENMORE SQUARE,18 STREET,GLENMORE SQUARE & 18 STREET,SE,Traffic signal,Yes,No,No,50.98374596329103,-114.01587471282174
1109001460,0657,1992-06-01 00:00:00,RIVERGLEN DR/RIVERBEND GT,18 STREET,RIVERGLEN DR/RIVERBEND GT & 18 STREET,SE,Traffic signal,Yes,Yes,Yes,50.97569483461511,-114.01573461660794
1109001461,0687,1998-05-19 00:00:00,RIVERVALLEY DR/RIVERGLEN,18 STREET,RIVERVALLEY DR/RIVERGLEN & 18 STREET,SE,Traffic signal,Yes,No,No,50.97284490970995,-114.01573618807774
1109001462,B2643,1980-09-01 00:00:00,18 STREET,69 AVENUE,18 STREET & 69 AVENUE,SE,Overhead Flasher,Yes,No,No,50.990950604621545,-114.01549762389334
1109001463,0570,1982-01-01 00:00:00,42 AVENUE,OGDEN ROAD,42 AVENUE & OGDEN ROAD,SE,Traffic signal,Yes,No,No,51.01550973884706,-114.01552150947664
1109001464,0902,1997-11-21 00:00:00,COUNTRY HILLS BOULEVARD,DEERFOOT TRAIL,COUNTRY HILLS BOULEVARD & DEERFOOT TRAIL,NE,Traffic signal T intersection,Yes,Yes,No,51.15436468741623,-114.01514117649222
1109001465,B2644,1987-01-01 00:00:00,66 AVENUE,19 STREET,66 AVENUE & 19 STREET,SE,Overhead Flasher,Yes,No,No,50.99412425301349,-114.0135328555476
1109001466,0159,1993-09-03 00:00:00,18 AVENUE,19 STREET,18 AVENUE & 19 STREET,NE,Traffic signal,Yes,No,No,51.068885955305824,-114.0134244182888
1109001467,0209,1962-01-01 00:00:00,16 AVENUE,19 STREET,16 AVENUE & 19 STREET,NE,Traffic signal,Yes,Yes,No,51.06694244622658,-114.0133883915014
1109001469,0227,1977-01-01 00:00:00,8 AVENUE,19 STREET,8 AVENUE & 19 STREET,NE,Traffic signal,Yes,No,Yes,51.05960570073589,-114.01326663179988
1109001471,0533,2008-06-27 00:00:00,QUARRY PARK BOULEVARD,18 STREET,QUARRY PARK BOULEVARD & 18 STREET,SE,Traffic signal,Yes,No,No,50.96343311007098,-114.01212883638664
1109001472,0158,1989-06-14 00:00:00,27 AVENUE,19 STREET,27 AVENUE & 19 STREET,NE,Traffic signal,Yes,No,No,51.07690205001096,-114.0116447387659
1109001473,0140,1980-01-01 00:00:00,32 AVENUE,19 STREET,32 AVENUE & 19 STREET,NE,Traffic signal,Yes,No,No,51.08147779832928,-114.0116316155154
1109001474,0057,1977-01-01 00:00:00,McKNIGHT BOULEVARD,McCALL WAY/19 STREET,McKNIGHT BOULEVARD & McCALL WAY/19 STREET,NE,Traffic signal,Yes,Yes,No,51.09279579650831,-114.0115630775134
1109001475,0779,2000-11-13 00:00:00,McCALL WAY,PEGASUS ROAD,McCALL WAY & PEGASUS ROAD,NE,Traffic signal,Yes,No,No,51.09408132597505,-114.01147774331363
1109001476,0588,1998-10-14 00:00:00,50 AVENUE,OGDEN ROAD,50 AVENUE & OGDEN ROAD,SE,Traffic signal T intersection,Yes,No,No,51.00629030715641,-114.01183910784452
1109001477,0915,2006-02-27 00:00:00,FREEPORT BOULEVARD,FREEPORT DRIVE,FREEPORT BOULEVARD & FREEPORT DRIVE,NE,Traffic signal,Yes,No,No,51.15082360113527,-114.00653380177836
1109001478,0610,1975-01-01 00:00:00,MILLICAN ROAD,OGDEN ROAD,MILLICAN ROAD & OGDEN ROAD,SE,Traffic signal T intersection,Yes,No,No,50.99965924405514,-114.00975203406452
1109001479,0594,2008-06-27 00:00:00,QUARRY PARK BOULEVARD/QUARRY PARK R,18 STREET,QUARRY PARK BOULEVARD/QUARRY PARK R & 18 STREET,SE,Traffic signal,Yes,No,No,50.95945085882887,-114.00932360181596
1109001480,0256,1981-01-01 00:00:00,CENTRE AVENUE,19 STREET,CENTRE AVENUE & 19 STREET,E,Traffic signal,Yes,Yes,No,51.05244185432891,-114.00836553296465
1109001482,0917,2005-09-27 00:00:00,COUNTRY HILLS BOULEVARD,FREEPORT DRIVE/STONEHILL DRIVE,COUNTRY HILLS BOULEVARD & FREEPORT DRIVE/STONEHILL DRIVE,NE,Traffic signal,Yes,No,No,51.1543195255401,-114.00653685703732
1109001483,0460,1980-01-01 00:00:00,17 AVENUE,DEERFOOT TRAIL SB RAMP,17 AVENUE & DEERFOOT TRAIL SB RAMP,SE,1/4 signal,No,No,No,51.037002901916296,-114.0067083261149
1109001484,0144,1987-08-31 00:00:00,32 AVENUE,23 STREET,32 AVENUE & 23 STREET,NE,Traffic signal,Yes,Yes,Yes,51.08147826530042,-114.00510934771977
1109001485,0157,1988-09-19 00:00:00,27 AVENUE,23 STREET,27 AVENUE & 23 STREET,NE,Traffic signal,Yes,No,No,51.07686656083751,-114.0050802988047
1109001486,0847,1999-07-30 00:00:00,DOUGLASDALE BOULEVARD,DOUGLASBANK DRIVE,DOUGLASDALE BOULEVARD & DOUGLASBANK DRIVE,SE,Traffic signal T intersection,Yes,No,No,50.94459972844672,-114.00482749630034
1109001487,0883,2005-09-07 00:00:00,DEERFOOT TRAIL SB RAMP,DOUGLASDALE BOULEVARD,DEERFOOT TRAIL SB RAMP & DOUGLASDALE BOULEVARD,SE,Traffic signal T intersection,No,No,No,50.947655214725344,-114.0047970839776
1109001489,0259,2003-09-11 00:00:00,23 AVENUE,23 STREET,23 AVENUE & 23 STREET,NE,Traffic signal T intersection,Yes,No,No,51.0734684966848,-114.00413814256451
1109001490,0592,1999-11-19 00:00:00,50 AVENUE,23 STREET,50 AVENUE & 23 STREET,SE,Traffic signal,Yes,No,No,51.00867485216187,-114.00412047048808
1109001491,0884,2005-09-29 00:00:00,DEERFOOT TRAIL,24 STREET,DEERFOOT TRAIL & 24 STREET,SE,Traffic signal T intersection,Yes,No,No,50.95013766914478,-114.00355791545525
1109001492,0461,1980-01-01 00:00:00,17 AVENUE,DEERFOOT TRAIL NB RAMP,17 AVENUE & DEERFOOT TRAIL NB RAMP,SE,1/4 signal,No,No,No,51.03703241772696,-114.00268873916822
1109001493,0274,1984-01-01 00:00:00,MEMORIAL DRIVE EB RAMP,BARLOW TRAIL,MEMORIAL DRIVE EB RAMP & BARLOW TRAIL,SE,Traffic signal T intersection,Yes,No,No,51.04376576315351,-114.00197889317892
1109001494,0273,1983-01-01 00:00:00,BARLOW TRAIL,MEMORIAL DRIVE WB RAMP,BARLOW TRAIL & MEMORIAL DRIVE WB RAMP,SE,Traffic signal T intersection,No,No,No,51.04573034885917,-114.00175257743632
1109001495,0903,1997-12-31 00:00:00,COUNTRY HILLS BOULEVARD,BARLOW TRAIL,COUNTRY HILLS BOULEVARD & BARLOW TRAIL,NE,Traffic signal,Yes,Yes,No,51.15431175078649,-114.00170471885622
1109001496,0916,2004-12-06 00:00:00,100 AVENUE,BARLOW TRAIL,100 AVENUE & BARLOW TRAIL,NE,Traffic signal,Yes,No,No,51.14338094533293,-114.00170704865302
1109001497,0272,1998-07-10 00:00:00,3 AVENUE,BARLOW TRAIL,3 AVENUE & BARLOW TRAIL,SE,Traffic signal,Yes,No,No,51.047443350435564,-114.0017256365794
1109001498,0914,2003-04-24 00:00:00,BARLOW TRAIL,FREEPORT BOULEVARD,BARLOW TRAIL & FREEPORT BOULEVARD,NE,Traffic signal,Yes,No,No,51.15084207709709,-114.00167384326268
1109001499,0648,1976-01-01 00:00:00,69 AVENUE/OGDEN DALE ROAD,OGDEN ROAD,69 AVENUE/OGDEN DALE ROAD & OGDEN ROAD,SE,Traffic signal,Yes,No,No,50.99105050838136,-114.00168081207792
1109001500,0141,1980-01-01 00:00:00,32 AVENUE,BARLOW TRAIL,32 AVENUE & BARLOW TRAIL,NE,Traffic signal,Yes,No,No,51.08150666275682,-114.0017294010861
1109001501,0085,1986-09-18 00:00:00,37 AVENUE,BARLOW TRAIL,37 AVENUE & BARLOW TRAIL,NE,Traffic signal,Yes,No,No,51.08668338500974,-114.00168427568512
1109001502,0058,1977-01-01 00:00:00,BARLOW TRAIL,McKNIGHT BOULEVARD,BARLOW TRAIL & McKNIGHT BOULEVARD,NE,Traffic signal,Yes,No,No,51.09280534580128,-114.00168449805642
1109001503,0796,2002-12-12 00:00:00,48 AVENUE/PEGASUS ROAD,BARLOW TRAIL,48 AVENUE/PEGASUS ROAD & BARLOW TRAIL,NE,Traffic signal,Yes,No,No,51.09604162223393,-114.00167033923726
1109001504,0589,1975-01-01 00:00:00,50 AVENUE,BARLOW TRAIL,50 AVENUE & BARLOW TRAIL,SE,Traffic signal,Yes,No,No,51.00867433991755,-114.0017527067584
1109001505,0571,1980-01-01 00:00:00,BARLOW TRAIL,PEIGAN TRAIL,BARLOW TRAIL & PEIGAN TRAIL,SE,Traffic signal,No,No,No,51.015195259482574,-114.00248985826886
1109001506,B2540,1987-09-01 00:00:00,TEMPLE DRIVE,64 STREET,TEMPLE DRIVE & 64 STREET,NE,Overhead Flasher,Yes,No,No,51.085003396355965,-113.94107903624906
1109001507,B2722,2003-11-28 00:00:00,17 AVENUE,61 STREET,17 AVENUE & 61 STREET,SE,Overhead Flasher,Yes,No,No,51.03787325267181,-113.94275203480102
1109001508,B2606,1979-11-01 00:00:00,PENBROOK DRIVE,5 AVENUE,PENBROOK DRIVE & 5 AVENUE,SE,Overhead Flasher,Yes,No,No,51.04853998019205,-113.9418377863747
1109001509,0282,1981-01-01 00:00:00,MEMORIAL DRIVE,MADIGAN DR/PENBROOKE DR,MEMORIAL DRIVE & MADIGAN DR/PENBROOKE DR,E,Traffic signal,Yes,Yes,Yes,51.05241819657152,-113.94185127520102
1109001510,B2594,1979-12-11 00:00:00,MADIGAN DRIVE,4 AVENUE,MADIGAN DRIVE & 4 AVENUE,NE,Overhead Flasher,Yes,No,No,51.05576236232253,-113.94183134658158
1109001511,B2593,1979-06-11 00:00:00,MADIGAN DRIVE,8 AVENUE,MADIGAN DRIVE & 8 AVENUE,NE,Overhead Flasher,Yes,No,No,51.05964524856037,-113.94049981682484
1109001512,0776,2001-06-21 00:00:00,32 AVENUE,64 STREET/RUNDLEHORN DRIVE,32 AVENUE & 64 STREET/RUNDLEHORN DRIVE,NE,Traffic signal,Yes,No,No,51.08152446354431,-113.94096000321214
1109001513,0186,1991-05-06 00:00:00,22 AVENUE/CALIFORNIA BOULEVARD,68 STREET,22 AVENUE/CALIFORNIA BOULEVARD & 68 STREET,NE,Traffic signal,Yes,No,No,51.07264040483472,-113.93511388252212
1109001514,0283,1989-10-30 00:00:00,MEMORIAL DRIVE,68 STREET,MEMORIAL DRIVE & 68 STREET,E,Traffic signal,Yes,No,No,51.05242685044716,-113.93514921297609
1109001515,0061,1993-11-29 00:00:00,McKNIGHT BOULEVARD,68 STREET,McKNIGHT BOULEVARD & 68 STREET,NE,Traffic signal,Yes,No,No,51.09605060707814,-113.93512800593498
1109001516,B2742,2006-10-06 00:00:00,37 AVENUE,68 STREET,37 AVENUE & 68 STREET,NE,Overhead Flasher,Yes,No,No,51.08650359315956,-113.93514136113738
1109001517,0230,1989-07-13 00:00:00,8 AVENUE/ABBEYDALE DRIVE,68 STREET,8 AVENUE/ABBEYDALE DRIVE & 68 STREET,NE,Traffic signal,Yes,No,No,51.05964361178916,-113.93510892516706
1109001518,0212,1981-01-01 00:00:00,16 AVENUE,68 STREET,16 AVENUE & 68 STREET,NE,Traffic signal,Yes,Yes,No,51.06697317408672,-113.93515605677298
1109001519,0510,1991-08-07 00:00:00,26 AVENUE,68 STREET,26 AVENUE & 68 STREET,NE,Traffic signal,Yes,Yes,No,51.07612948942338,-113.93511305422058
1109001520,0220,2001-08-28 00:00:00,FALSHIRE DRIVE/CORAL SPRINGS BV,68 STREET,FALSHIRE DRIVE/CORAL SPRINGS BV & 68 STREET,NE,Traffic signal,Yes,No,No,51.10793488568436,-113.93506853072503
1109001521,0164,1993-07-07 00:00:00,MONTEREY SQUARE,68 STREET,MONTEREY SQUARE & 68 STREET,NE,Traffic signal,Yes,No,No,51.070112576024464,-113.93509293114052
1109001522,0147,1993-04-01 00:00:00,32 AVENUE,68 STREET,32 AVENUE & 68 STREET,NE,Traffic signal,Yes,Yes,Yes,51.08152787928409,-113.93512567056467
1109001523,0092,1998-07-31 00:00:00,43 AVENUE,68 STREET,43 AVENUE & 68 STREET,NE,Traffic signal,Yes,Yes,Yes,51.09166361762394,-113.93506276846183
1109001524,0468,1982-01-01 00:00:00,17 AVENUE,68 STREET,17 AVENUE & 68 STREET,SE,Traffic signal,Yes,Yes,Yes,51.03780400571328,-113.93513437581932
1109001525,0473,2000-07-14 00:00:00,APPLEWOOD DRIVE,68 STREET,APPLEWOOD DRIVE & 68 STREET,SE,Traffic signal T intersection,Yes,No,No,51.04266882341417,-113.93512695080912
1109001526,0035,2000-07-21 00:00:00,CORAL SPRINGS BOULEVARD,68 STREET,CORAL SPRINGS BOULEVARD & 68 STREET,NE,Traffic signal T intersection,Yes,No,No,51.09913662913185,-113.93509921597774
1109001527,0900,2001-09-17 00:00:00,FALCONRIDGE DRIVE,68 STREET,FALCONRIDGE DRIVE & 68 STREET,NE,Traffic signal,Yes,No,No,51.10142954407738,-113.93510561614342
1109001528,0822,2005-12-12 00:00:00,SHAWVILLE GATE,SHAWVILLE LINK,SHAWVILLE GATE & SHAWVILLE LINK,SE,Traffic signal,Yes,Yes,Yes,50.89880768386577,-114.06619474965694
1109001529,0504,2007-11-14 00:00:00,17 AVENUE,70 STREET,17 AVENUE & 70 STREET,SE,Traffic signal T intersection,Yes,No,No,51.03783698966408,-113.93020135077454
1109001530,0481,2009-06-06 00:00:00,53 AVENUE,MACLEOD TRAIL,53 AVENUE & MACLEOD TRAIL,SW,Traffic signal,Yes,Yes,No,51.00561322134093,-114.06980419625944
1109001533,0827,2004-03-11 00:00:00,KLEYSEN WAY,84 STREET,KLEYSEN WAY & 84 STREET,SE,Traffic signal T intersection,No,No,No,51.00621907679937,-113.9119138178054
1109001535,0828,2005-05-09 00:00:00,61 AVENUE,84 STREET,61 AVENUE & 84 STREET,SE,Traffic signal,No,No,No,50.99789273310188,-113.91184395177469
1109001548,B2730,2012-01-12 00:00:00,HERITAGE DRIVE,ASHWORTH ROAD,HERITAGE DRIVE & ASHWORTH ROAD,SE,Overhead Flasher,Yes,No,No,50.97988946981226,-114.05345644346698
1109001550,1087,2021-01-28 00:00:00,25,HERITAGE MEADOWS WAY,25 & HERITAGE MEADOWS WAY,SE,Traffic signal,Yes,Yes,Yes,50.98584881184448,-114.04397908557442
1109001558,B2755,2012-12-06 00:00:00,10 AVENUE,16 STREET,10 AVENUE & 16 STREET,SW,Overhead Flasher,Yes,No,No,51.044311780978624,-114.0991627317292
1109001561,B2765,2012-10-29 00:00:00,26 STREET,28 AVENUE,26 STREET & 28 AVENUE,SE,Overhead Flasher,Yes,No,No,51.0272632493454,-113.99597196646376
1109001564,1080,2011-08-08 00:00:00,RIVERVIEW CIRCLE/21 STREET,18 STREET,RIVERVIEW CIRCLE/21 STREET & 18 STREET,SE,Traffic signal,Yes,No,No,50.96641821682319,-114.0132725336772
1109001568,B2689,2010-04-13 00:00:00,4 STREET,22 AVENUE,4 STREET & 22 AVENUE,SW,Overhead Flasher,Yes,No,No,51.03336274025437,-114.07149892957048
1109001569,1001,2012-12-07 00:00:00,114 AVENUE,84 STREET,114 AVENUE & 84 STREET,SE,Traffic signal T intersection,Yes,No,No,50.94759522244682,-113.91193657251598
1109001572,0156,1983-01-01 00:00:00,27 AVENUE/SUNRIDGE BOULEVARD,BARLOW TRAIL,27 AVENUE/SUNRIDGE BOULEVARD & BARLOW TRAIL,NE,Traffic signal,Yes,No,No,51.07687906940335,-114.0016803206987
1109001573,0168,1986-10-01 00:00:00,23 AVENUE/SUNRIDGE WAY,BARLOW TRAIL,23 AVENUE/SUNRIDGE WAY & BARLOW TRAIL,NE,Traffic signal,Yes,No,No,51.07341418178358,-114.001689728629
1109001574,0257,1970-01-01 00:00:00,CENTRE AVENUE,BARLOW TRAIL,CENTRE AVENUE & BARLOW TRAIL,E,Traffic signal,Yes,Yes,No,51.05241020418117,-114.0016556472727
1109001576,0231,1989-12-07 00:00:00,7 AVENUE,BARLOW TRAIL,7 AVENUE & BARLOW TRAIL,NE,1/2 signal,Yes,Yes,Yes,51.05856701582505,-114.001697620132
1109001577,0848,2010-01-18 00:00:00,107 AVENUE/18 STREET,24 STREET,107 AVENUE/18 STREET & 24 STREET,SE,Traffic signal,Yes,Yes,No,50.95653850812319,-114.00116715657946
1109001578,0849,2005-03-28 00:00:00,114 AVENUE/DOUGLASGLEN GATE,24 STREET,114 AVENUE/DOUGLASGLEN GATE & 24 STREET,SE,Traffic signal,Yes,Yes,Yes,50.953607812736415,-114.0008397305752
1109001580,0001,1986-12-09 00:00:00,AIRPORT ROAD,BARLOW TRAIL,AIRPORT ROAD & BARLOW TRAIL,NE,Traffic signal,Yes,No,No,51.13416082416117,-114.00044081958497
1109001582,0986,2008-01-21 00:00:00,DALHOUSIE DRIVE,53 STREET,DALHOUSIE DRIVE & 53 STREET,NW,Traffic signal,Yes,No,No,51.11345210320288,-114.15633609723186
1109001583,0987,2009-10-25 00:00:00,16 AVENUE,1 STREET,16 AVENUE & 1 STREET,NE,Traffic signal,Yes,Yes,No,51.06688810189792,-114.05993556116404
1109001584,0988,2010-06-14 00:00:00,16 AVENUE,5 STREET,16 AVENUE & 5 STREET,NE,Traffic signal,Yes,Yes,No,51.066914531133534,-114.0507953760442
1109001585,0989,2010-05-03 00:00:00,96 AVENUE,HARVEST ROSE PARK,96 AVENUE & HARVEST ROSE PARK,NE,Traffic signal,Yes,No,No,51.14154851256272,-114.0625785821624
1109001587,0991,2020-02-25 00:00:00,11 AVENUE,3 STREET,11 AVENUE & 3 STREET,SE,Traffic signal,No,Yes,Yes,51.04216388448042,-114.05588458215814
1109001588,0992,2014-03-30 00:00:00,21 AVENUE,4 STREET,21 AVENUE & 4 STREET,SW,Traffic signal,No,Yes,Yes,51.03429733720571,-114.07150933707028
1109001590,0994,2008-01-14 00:00:00,114 AVENUE,40 STREET,114 AVENUE & 40 STREET,SE,Traffic signal T intersection,Yes,No,No,50.9504418550385,-113.9781549139186
1109001591,0995,2014-11-24 00:00:00,13 AVENUE,MACLEOD TRAIL,13 AVENUE & MACLEOD TRAIL,SE,Traffic signal T intersection,No,Yes,Yes,51.040345614685855,-114.05847669991908
1109001592,0996,2014-11-24 00:00:00,14 AVENUE,1 STREET,14 AVENUE & 1 STREET,SE,Traffic signal,No,Yes,Yes,51.03947313423339,-114.06100222051528
1109001595,B2615,2017-09-10 00:00:00,610,RANCHLANDS BOULEVARD,610 & RANCHLANDS BOULEVARD,NW,Pedestrian RRFB,Yes,No,No,51.118221662842295,-114.17874425571236
1109001596,0864,2019-05-28 00:00:00,COUNTRY HILLS BOULEVARD,60 STREET,COUNTRY HILLS BOULEVARD & 60 STREET,NE,Traffic signal,Yes,Yes,Yes,51.15430322022456,-113.94675833259612
1109001602,0825,2016-01-04 00:00:00,GLENMORE TRAIL,68 STREET,GLENMORE TRAIL & 68 STREET,SE,Traffic signal,Yes,Yes,Yes,50.979577205981215,-113.93443858990804
1109001605,0553,2009-08-20 00:00:00,17 AVENUE,ASPEN SUMMIT DRIVE,17 AVENUE & ASPEN SUMMIT DRIVE,SW,Traffic signal T intersection,Yes,Yes,Yes,51.03795687978917,-114.20356712201584
1109001606,0559,2008-07-16 00:00:00,17 AVENUE,85 STREET,17 AVENUE & 85 STREET,SW,Traffic signal,Yes,Yes,Yes,51.03795381418941,-114.21096854029348
1109001607,0513,2012-10-04 00:00:00,JOHN LAURIE BOULEVARD,200 CROWFOOT GATE,JOHN LAURIE BOULEVARD & 200 CROWFOOT GATE,NW,Traffic signal T intersection,Yes,Yes,Yes,51.1298941739476,-114.19970008615792
1109001609,1008,2011-05-13 00:00:00,42 AVENUE,39 AVENUE,42 AVENUE & 39 AVENUE,SE,Traffic signal T intersection,Yes,Yes,Yes,51.015931884707385,-114.0575669698771
1109001613,0823,2011-07-25 00:00:00,ARBOUR LAKE DRIVE/ARBOUR WOOD CLOSE,JOHN LAURIE BOULEVARD,ARBOUR LAKE DRIVE/ARBOUR WOOD CLOSE & JOHN LAURIE BOULEVARD,NW,Traffic signal,Yes,Yes,Yes,51.13317982402548,-114.20431743383608
1109001614,0813,2018-09-17 00:00:00,COUNTRY HILLS BOULEVARD,SKYVIEW CIRCLE,COUNTRY HILLS BOULEVARD & SKYVIEW CIRCLE,NE,Traffic signal,Yes,Yes,Yes,51.15429980800346,-113.9524733619558
1109001615,0488,2017-06-21 00:00:00,APPLEWOOD DRIVE,68 STREET,APPLEWOOD DRIVE & 68 STREET,SE,Traffic signal T intersection,Yes,No,No,51.04559406051553,-113.93513298027086
1109001616,0487,2016-04-14 00:00:00,23 AVENUE,52 STREET,23 AVENUE & 52 STREET,SE,Traffic signal T intersection,Yes,Yes,No,51.03215540707816,-113.95838100700736
1109001619,1320,2026-04-28 00:00:00,96 AVENUE,AURORA PARK DR/ HARVEST GOLD MR,96 AVENUE & AURORA PARK DR/ HARVEST GOLD MR,NE,Traffic signal,Yes,No,,51.14162875110941,-114.0656274906947
1109001620,0963,2011-03-11 00:00:00,80 AVENUE,METIS TRAIL,80 AVENUE & METIS TRAIL,NE,Traffic signal,Yes,Yes,No,51.12521851500029,-113.97009589041036
1109001622,0952,2011-09-23 00:00:00,20 AVENUE,2 STREET,20 AVENUE & 2 STREET,NW,Traffic signal,Yes,No,No,51.07061047142981,-114.06745834677454
1109001623,B2888,2017-09-06 00:00:00,MARBANK DRIVE,48 STREET,MARBANK DRIVE & 48 STREET,NE,Pedestrian RRFB,Yes,No,No,51.063281025342576,-113.96394338246836
1109001626,0525,2014-08-19 00:00:00,15 AVENUE,5 STREET,15 AVENUE & 5 STREET,SW,Traffic signal,Yes,Yes,Yes,51.03889656280728,-114.07435035038291
1109001627,0517,2009-11-16 00:00:00,WENTWORTH DRIVE,85 STREET,WENTWORTH DRIVE & 85 STREET,SW,Traffic signal,Yes,Yes,No,51.056945479240646,-114.21096406153922
1109001628,0518,2009-08-21 00:00:00,BOW TRAIL,85 STREET,BOW TRAIL & 85 STREET,SW,Traffic signal,Yes,Yes,Yes,51.052515464717935,-114.21092492537944
1109001629,0519,2009-08-20 00:00:00,ASPEN STONE BOULEVARD,85 STREET,ASPEN STONE BOULEVARD & 85 STREET,SW,Traffic signal,Yes,Yes,Yes,51.04103590804294,-114.21093621985682
1109001630,0493,2008-12-03 00:00:00,16 AVENUE,8 STREET,16 AVENUE & 8 STREET,NW,Traffic signal,Yes,Yes,Yes,51.06692219886655,-114.08137433120348
1109001631,0895,2018-04-17 00:00:00,16 AVENUE/HOSPITAL DRIVE,WEST CAMPUS BOULEVARD,16 AVENUE/HOSPITAL DRIVE & WEST CAMPUS BOULEVARD,NW,Traffic signal,Yes,Yes,Yes,51.06553267854004,-114.1381019742372
1109001632,0786,2001-01-09 00:00:00,39 AVENUE,BARLOW TRAIL,39 AVENUE & BARLOW TRAIL,NE,Traffic signal T intersection,Yes,Yes,Yes,51.08871104539233,-114.001702925703
1109001633,0563,1999-08-28 00:00:00,PEIGAN TRAIL,25 STREET/26 STREET,PEIGAN TRAIL & 25 STREET/26 STREET,SE,Traffic signal,Yes,Yes,Yes,51.01535343558374,-113.9991480684312
1109001634,B2638,1994-08-31 00:00:00,DOVER RIDGE DRIVE/DOVERGLEN CR,26 STREET,DOVER RIDGE DRIVE/DOVERGLEN CR & 26 STREET,SE,Overhead Flasher,Yes,No,No,51.01860350715384,-113.9991024717844
1109001636,0638,1972-01-01 00:00:00,GLENMORE TRAIL,OGDEN ROAD/24 STREET,GLENMORE TRAIL & OGDEN ROAD/24 STREET,SE,Traffic signal,Yes,No,No,50.97954418677114,-113.99882915089948
1109001637,0887,2007-07-03 00:00:00,50 AVENUE,25 STREET,50 AVENUE & 25 STREET,SE,Traffic signal,Yes,No,No,51.00869749290533,-113.99848954510928
1109001638,0866,2009-08-27 00:00:00,23 AVENUE,SUNRIDGE WAY,23 AVENUE & SUNRIDGE WAY,NE,Traffic signal,Yes,No,No,51.0718144566415,-113.99844468461802
1109001639,0817,2007-08-27 00:00:00,SUNRIDGE BOULEVARD,26 STREET,SUNRIDGE BOULEVARD & 26 STREET,NE,Traffic signal,Yes,No,No,51.07685766771025,-113.9982019170603
1109001640,0780,1985-01-01 00:00:00,32 AVENUE,26 STREET,32 AVENUE & 26 STREET,NE,Traffic signal,Yes,No,No,51.08148735279246,-113.99820173760152
1109001641,0787,2002-07-30 00:00:00,37 AVENUE,26 STREET,37 AVENUE & 26 STREET,NE,Traffic signal,Yes,No,No,51.08665640720445,-113.99778760525987
1109001642,0850,2010-07-07 00:00:00,114 AVENUE,29 STREET,114 AVENUE & 29 STREET,SE,Traffic signal,Yes,Yes,No,50.951108555793,-113.9958300362144
1109001643,0462,1962-01-01 00:00:00,17 AVENUE,BARLOW TRAIL/26 STREET,17 AVENUE & BARLOW TRAIL/26 STREET,SE,Traffic signal,Yes,Yes,Yes,51.03752950052369,-113.99557673855035
1109001644,0146,1987-11-26 00:00:00,32 AVENUE,27 STREET,32 AVENUE & 27 STREET,NE,Traffic signal,Yes,Yes,Yes,51.08147826216005,-113.99481929267554
1109001645,0597,1999-09-16 00:00:00,54 AVENUE,BARLOW TRAIL,54 AVENUE & BARLOW TRAIL,SE,Traffic signal T intersection,Yes,Yes,No,51.00452610838809,-113.99447166096223
1109001646,0258,1982-11-17 00:00:00,CENTRE AVENUE,28 STREET,CENTRE AVENUE & 28 STREET,E,Traffic signal,Yes,Yes,No,51.05238752133948,-113.99332492638308
1109001647,0233,1990-09-04 00:00:00,5 AVENUE,28 STREET,5 AVENUE & 28 STREET,NE,Traffic signal,Yes,No,No,51.05649581999685,-113.99328154300758
1109001648,B2614,1982-08-01 00:00:00,28 STREET,14 AVENUE,28 STREET & 14 AVENUE,SE,Overhead Flasher,Yes,No,No,51.0405225946617,-113.99306201241204
1109001649,0463,1979-01-01 00:00:00,17 AVENUE,28 STREET,17 AVENUE & 28 STREET,SE,Traffic signal,Yes,Yes,Yes,51.03784718513182,-113.99307060205211
1109001650,0252,1996-08-30 00:00:00,2 AVENUE,28 STREET,2 AVENUE & 28 STREET,SE,Traffic signal,Yes,No,No,51.049985708832125,-113.99244806256824
1109001652,0175,2003-10-30 00:00:00,SUNRIDGE WAY,29 STREET,SUNRIDGE WAY & 29 STREET,NE,Traffic signal,Yes,No,No,51.06918919068988,-113.99182435507323
1109001654,0148,1999-06-16 00:00:00,32 AVENUE,29 STREET,32 AVENUE & 29 STREET,NE,Traffic signal,Yes,No,No,51.08151404763783,-113.99179363908812
1109001656,0174,1996-11-04 00:00:00,SUNRIDGE BOULEVARD,29 STREET,SUNRIDGE BOULEVARD & 29 STREET,NE,Traffic signal,Yes,No,No,51.07604282788484,-113.9913627805922
1109001657,B2704,2001-08-14 00:00:00,DOUGLASDALE BOULEVARD,DOUGLASVIEW BOULEVARD,DOUGLASDALE BOULEVARD & DOUGLASVIEW BOULEVARD,SE,Overhead Flasher,Yes,No,No,50.9407415771387,-113.99113499934649
1109001658,0275,1980-01-01 00:00:00,MEMORIAL DRIVE,28 STREET,MEMORIAL DRIVE & 28 STREET,SE,Traffic signal,Yes,Yes,No,51.04907017047402,-113.99117184742036
1109001661,0867,2007-10-19 00:00:00,2929,SUNRIDGE WAY,2929 & SUNRIDGE WAY,NE,Traffic signal,Yes,No,No,51.06921048876082,-113.9948463535843
1109001663,0176,2003-10-30 00:00:00,SUNRIDGE WAY,32 STREET,SUNRIDGE WAY & 32 STREET,NE,Traffic signal,Yes,No,No,51.069045150359095,-113.98928465918776
1109001664,0221,2017-11-30 00:00:00,20 AVENUE,32 STREET,20 AVENUE & 32 STREET,NE,Traffic signal T intersection,Yes,Yes,Yes,51.070750331041225,-113.98863024177656
1109001665,0782,1986-05-29 00:00:00,32 AVENUE,32 STREET,32 AVENUE & 32 STREET,NE,Traffic signal,Yes,No,No,51.0814860185228,-113.988670833025
1109001666,0781,2000-06-26 00:00:00,37 AVENUE,32 STREET,37 AVENUE & 32 STREET,NE,Traffic signal,Yes,No,No,51.08666116725331,-113.98867381808743
1109001667,0173,1996-10-28 00:00:00,26 AVENUE,32 STREET,26 AVENUE & 32 STREET,NE,Traffic signal T intersection,Yes,No,Yes,51.07786462502384,-113.98865037685204
1109001668,0163,1990-05-14 00:00:00,SUNRIDGE BLVD/MALL ENT,32 STREET,SUNRIDGE BLVD/MALL ENT & 32 STREET,NE,Traffic signal,Yes,No,No,51.07581432494568,-113.98862666764074
1109001669,B2726,2004-10-22 00:00:00,McKENZIE LAKE BOULEVARD,McKINLEY WAY/MT SPARROWHAWK PL,McKENZIE LAKE BOULEVARD & McKINLEY WAY/MT SPARROWHAWK PL,SE,Overhead Flasher,Yes,No,No,50.90592668429751,-113.98905748685289
1109001670,0649,2001-01-08 00:00:00,61 AVENUE,30 STREET,61 AVENUE & 30 STREET,SE,Traffic signal,Yes,No,No,50.99863716908531,-113.98675076162158
1109001671,0464,1967-01-01 00:00:00,17 AVENUE,33 STREET/RADISSON DRIVE,17 AVENUE & 33 STREET/RADISSON DRIVE,SE,Traffic signal,Yes,Yes,Yes,51.03782894219266,-113.9865995763506
1109001672,0234,1990-05-31 00:00:00,5 AVENUE,33 STREET,5 AVENUE & 33 STREET,NE,Traffic signal,Yes,No,No,51.0570255617812,-113.98594956335788
1109001673,0937,2006-04-03 00:00:00,39 AVENUE,34 STREET,39 AVENUE & 34 STREET,NE,Traffic signal,Yes,No,No,51.08883102975548,-113.98551170342937
1109001674,0783,1988-02-03 00:00:00,32 AVENUE,34 STREET,32 AVENUE & 34 STREET,NE,Traffic signal,Yes,No,No,51.08144151725691,-113.9854854678084
1109001675,0169,1988-11-07 00:00:00,20 AVENUE,34 STREET,20 AVENUE & 34 STREET,NE,Traffic signal,Yes,Yes,Yes,51.07131912974651,-113.9854600966982
1109001676,0160,1994-06-20 00:00:00,26 AVENUE,PETER LOUGHEED HOSPITAL ENT,26 AVENUE & PETER LOUGHEED HOSPITAL ENT,NE,Traffic signal,Yes,No,Yes,51.07785143736587,-113.98520339977894
1109001677,0880,2003-01-22 00:00:00,McKENZIE LAKE BOULEVARD,McKENZIE LAKE WAY,McKENZIE LAKE BOULEVARD & McKENZIE LAKE WAY,SE,Traffic signal,Yes,Yes,Yes,50.90771559826119,-113.98728299881346
1109001678,0625,1980-01-01 00:00:00,61 AVENUE,BARLOW TRAIL,61 AVENUE & BARLOW TRAIL,SE,Traffic signal,Yes,No,No,50.99879868199023,-113.98430031033055
1109001679,0845,2002-08-29 00:00:00,130 AVENUE,DOUGLASDALE BOULEVARD,130 AVENUE & DOUGLASDALE BOULEVARD,SE,Traffic signal,Yes,No,No,50.93195035276013,-113.98363349255378
1109001680,0651,1982-10-07 00:00:00,72 AVENUE,BARLOW TRAIL,72 AVENUE & BARLOW TRAIL,SE,Traffic signal,Yes,No,No,50.98949387058386,-113.9818392904671
1109001681,0688,1999-10-28 00:00:00,90 AVENUE,BARLOW TRAIL,90 AVENUE & BARLOW TRAIL,SE,Traffic signal,No,No,No,50.97232329051108,-113.9818317491972
1109001682,0659,1988-07-18 00:00:00,76 AVENUE,BARLOW TRAIL,76 AVENUE & BARLOW TRAIL,SE,Traffic signal T intersection,Yes,No,No,50.98510683328622,-113.98181251750032
1109001683,0640,1978-01-01 00:00:00,BARLOW TRAIL,GLENMORE TRAIL,BARLOW TRAIL & GLENMORE TRAIL,SE,Traffic signal,Yes,No,No,50.97959213265757,-113.98179390910413
1109001684,0143,1977-01-01 00:00:00,32 AVENUE,36 STREET,32 AVENUE & 36 STREET,NE,Traffic signal,Yes,Yes,No,51.08145897258781,-113.98174622056725
1109001685,0239,1980-01-01 00:00:00,5 AVENUE,36 STREET,5 AVENUE & 36 STREET,NE,Traffic signal,Yes,Yes,Wai,51.057024982455424,-113.98175582917077
1109001686,0086,1985-01-01 00:00:00,39 AVENUE/WHITEFIELD DRIVE,36 STREET,39 AVENUE/WHITEFIELD DRIVE & 36 STREET,NE,Traffic signal,Yes,Yes,No,51.08834505792953,-113.98172923616366
1109001687,0218,1979-01-01 00:00:00,12 AVENUE/MARBANK DRIVE,36 STREET,12 AVENUE/MARBANK DRIVE & 36 STREET,NE,Traffic signal,Yes,Yes,No,51.06263455656037,-113.98172509215829
1109001688,0170,1980-01-01 00:00:00,20 AVENUE/RUNDLEHORN DRIVE,36 STREET,20 AVENUE/RUNDLEHORN DRIVE & 36 STREET,NE,Traffic signal,Yes,Yes,No,51.07145345037176,-113.98172161916634
1109001689,0228,1980-01-01 00:00:00,8 AVENUE/MARLBOROUGH DR,36 STREET,8 AVENUE/MARLBOROUGH DR & 36 STREET,NE,Traffic signal,Yes,Yes,No,51.05951866288999,-113.98170340324936
1109001690,0161,1982-01-01 00:00:00,26 AVENUE,36 STREET,26 AVENUE & 36 STREET,NE,Traffic signal,Yes,Yes,No,51.0778720841518,-113.98170481951036
1109001691,0240,1983-01-01 00:00:00,4 AVENUE,36 STREET,4 AVENUE & 36 STREET,NE,Traffic signal,No,No,No,51.05520905111126,-113.9816994873647
1109001692,0142,1984-01-01 00:00:00,WHITEHORN DRIVE,36 STREET,WHITEHORN DRIVE & 36 STREET,NE,Traffic signal T intersection,Yes,Yes,Yes,51.08490980401532,-113.9817318768963
1109001693,0210,1984-01-01 00:00:00,16 AVENUE/SUNRIDGE WAY,36 STREET,16 AVENUE/SUNRIDGE WAY & 36 STREET,NE,Traffic signal,No,No,No,51.06818631551959,-113.9817078791285
1109001694,0465,1962-01-01 00:00:00,17 AVENUE,36 STREET,17 AVENUE & 36 STREET,SE,Traffic signal,Yes,Yes,Yes,51.0378426606006,-113.9816095893636
1109001695,0284,1987-04-01 00:00:00,RADCLIFFE DRIVE,36 STREET,RADCLIFFE DRIVE & 36 STREET,SE,Traffic signal,Yes,Yes,Yes,51.0481431207983,-113.98164522520884
1109001696,0276,1973-01-01 00:00:00,MEMORIAL DRIVE,36 STREET,MEMORIAL DRIVE & 36 STREET,E,Traffic signal,Yes,Yes,Yes,51.05210494185662,-113.98171913414748
1109001697,0424,1979-01-01 00:00:00,12 AVENUE,36 STREET,12 AVENUE & 36 STREET,SE,Traffic signal,Yes,No,No,51.04248857957276,-113.98164745968242
1109001698,0520,1976-01-01 00:00:00,26 AVENUE,36 STREET,26 AVENUE & 36 STREET,SE,Traffic signal,Yes,No,No,51.03052322856996,-113.98165218557575
1109001699,0358,1989-07-27 00:00:00,8 AVENUE,36 STREET,8 AVENUE & 36 STREET,SE,Traffic signal T intersection,Yes,Yes,Yes,51.0451599167298,-113.9815660904165
1109001701,0149,2011-05-10 00:00:00,40 AVENUE,33 STREET,40 AVENUE & 33 STREET,NW,Traffic signal T intersection,Yes,Yes,No,51.08767266411223,-114.13640650957564
1109001702,0532,1991-08-14 00:00:00,30 AVENUE,36 STREET,30 AVENUE & 36 STREET,SE,Traffic signal,Yes,Yes,Yes,51.02690034963076,-113.98161085038188
1109001703,0558,1985-07-22 00:00:00,DOVER RIDGE DRIVE,36 STREET,DOVER RIDGE DRIVE & 36 STREET,SE,Traffic signal,Yes,No,No,51.02111992872655,-113.98159888374596
1109001704,0211,1984-01-01 00:00:00,16 AVENUE,36 STREET,16 AVENUE & 36 STREET,NE,1/4 signal,No,No,No,51.065663929843794,-113.9816146193965
1109001705,0091,1985-01-01 00:00:00,44 AVENUE,36 STREET,44 AVENUE & 36 STREET,NE,Traffic signal T intersection,Yes,Yes,No,51.09115600797277,-113.98172940905658
1109001708,0704,1987-04-16 00:00:00,106 AVENUE,BARLOW TRAIL,106 AVENUE & BARLOW TRAIL,SE,Traffic signal,Yes,No,No,50.957874351104905,-113.98139784883524
1109001711,0754,1998-07-23 00:00:00,McKENZIE LAKE BOULEVARD,MOUNT McKENZIE DRIVE,McKENZIE LAKE BOULEVARD & MOUNT McKENZIE DRIVE,SE,Traffic signal T intersection,Yes,No,No,50.91642408919818,-113.98135577531563
1109001712,0851,1998-06-30 00:00:00,114 AVENUE,BARLOW TRAIL,114 AVENUE & BARLOW TRAIL,SE,Traffic signal,Yes,Yes,No,50.95048704605488,-113.98142130424296
1109001713,0875,1997-07-02 00:00:00,61 AVENUE,36 STREET,61 AVENUE & 36 STREET,SE,Traffic signal,Yes,No,No,50.99899593652284,-113.98080982606518
1109001714,0557,2000-10-20 00:00:00,ERIN WOODS BOULEVARD,36 STREET,ERIN WOODS BOULEVARD & 36 STREET,SE,Traffic signal,Yes,No,No,51.01764051077043,-113.97934839507144
1109001715,0578,1987-08-17 00:00:00,PEIGAN TRAIL,36 STREET,PEIGAN TRAIL & 36 STREET,SE,Traffic signal,Yes,No,No,51.014969270532895,-113.97707805116852
1109001717,B2604,1979-11-01 00:00:00,407,MARLBOROUGH WAY,407 & MARLBOROUGH WAY,NE,Overhead Flasher,Yes,No,No,51.054679885830346,-113.97693430669568
1109001718,0277,1980-01-01 00:00:00,MEMORIAL DRIVE,MARLBOROUGH WAY/39 STREET,MEMORIAL DRIVE & MARLBOROUGH WAY/39 STREET,E,Traffic signal,Yes,Yes,Yes,51.05262815622334,-113.976922382182
1109001719,0652,1999-09-16 00:00:00,72 AVENUE,40 STREET,72 AVENUE & 40 STREET,SE,Traffic signal,Yes,No,No,50.9895019194561,-113.97655487597648
1109001720,0969,2007-08-30 00:00:00,46 AVENUE,36 STREET,46 AVENUE & 36 STREET,SE,Traffic signal,Yes,No,No,51.012641624013895,-113.9763436999878
1109001721,0521,2009-02-17 00:00:00,90 AVENUE,40 STREET,90 AVENUE & 40 STREET,SE,Traffic signal,Yes,No,No,50.97229522307917,-113.97578042627622
1109001722,0738,2004-09-25 00:00:00,130 AVENUE,DEERFOOT TRAIL,130 AVENUE & DEERFOOT TRAIL,SE,Traffic signal,No,No,No,50.93191993420745,-113.97750006175166
1109001723,0881,2003-10-04 00:00:00,DEERFOOT TRAIL,McKENZIE LAKE BOULEVARD,DEERFOOT TRAIL & McKENZIE LAKE BOULEVARD,SE,Traffic signal T intersection,No,No,No,50.916452199718,-113.97746518416028
1109001724,0882,2003-10-21 00:00:00,McKENZIE TOWNE BOULEVARD,DEERFOOT TRAIL NB RAMP,McKENZIE TOWNE BOULEVARD & DEERFOOT TRAIL NB RAMP,SE,Traffic signal T intersection,No,No,No,50.91644981866173,-113.97328509799226
1109001729,0229,1997-10-20 00:00:00,MARLBOROUGH DRIVE,MARLBOROUGH WAY,MARLBOROUGH DRIVE & MARLBOROUGH WAY,NE,Traffic signal,Yes,No,No,51.05951255594771,-113.9750830315
1109001730,B2570,1980-09-01 00:00:00,RUNDLEHORN DRIVE,40 STREET,RUNDLEHORN DRIVE & 40 STREET,NE,Overhead Flasher,Yes,No,No,51.07096669242202,-113.97467307903818
1109001731,0852,2004-09-28 00:00:00,130 AVENUE,DEERFOOT TRAIL,130 AVENUE & DEERFOOT TRAIL,SE,Traffic signal,Yes,No,No,50.93192977863647,-113.9734328164906
1109001735,B2560,1982-08-01 00:00:00,WHITEHORN DRIVE,42 STREET,WHITEHORN DRIVE & 42 STREET,NE,Overhead Flasher,Yes,No,No,51.084909230600616,-113.97263870335895
1109001736,0938,2006-02-13 00:00:00,WESTWINDS DRIVE,SUPERSTORE ENTRANCE,WESTWINDS DRIVE & SUPERSTORE ENTRANCE,NE,Traffic signal,Yes,No,No,51.10887557439857,-113.9685729232858
1109001737,0466,1971-01-01 00:00:00,17 AVENUE,44 STREET,17 AVENUE & 44 STREET,SE,Traffic signal,Yes,Yes,Yes,51.03783054713709,-113.97001318768407
1109001738,B2605,1976-02-01 00:00:00,4 AVENUE,44 STREET,4 AVENUE & 44 STREET,SE,Overhead Flasher,Yes,No,No,51.0494164633316,-113.97002232369022
1109001739,0359,1980-01-01 00:00:00,8 AVENUE,44 STREET,8 AVENUE & 44 STREET,SE,Traffic signal,Yes,No,No,51.04518309680623,-113.97002387105756
1109001740,0278,1977-01-01 00:00:00,MEMORIAL DRIVE,44 STREET,MEMORIAL DRIVE & 44 STREET,E,Traffic signal,Yes,Yes,No,51.052853419760446,-113.96998023795976
1109001742,B2541,1995-06-07 00:00:00,32 AVENUE,RUNDLESIDE DRIVE,32 AVENUE & RUNDLESIDE DRIVE,NE,Overhead Flasher,Yes,No,No,51.08151047571077,-113.96995758514284
1109001743,0522,2009-03-03 00:00:00,90 AVENUE,44 STREET,90 AVENUE & 44 STREET,SE,Traffic signal,Yes,No,No,50.97228488799589,-113.96998539080164
1109001744,B2569,1987-08-01 00:00:00,RUNDLEHORN DRIVE,RUNDLEWOOD DRIVE,RUNDLEHORN DRIVE & RUNDLEWOOD DRIVE,NE,Overhead Flasher,Yes,No,No,51.07064193756228,-113.9699218163988
1109001745,B2565,1981-07-22 00:00:00,26 AVENUE,RUNDLEHILL DRIVE,26 AVENUE & RUNDLEHILL DRIVE,NE,Overhead Flasher,Yes,No,No,51.07810337690772,-113.96991697895008
1109001746,0232,2003-07-31 00:00:00,14 AVENUE,44 STREET,14 AVENUE & 44 STREET,SE,Traffic signal,Yes,Yes,No,51.04093699599738,-113.970001159442
1109001747,B2538,1982-08-01 00:00:00,44 AVENUE,WHITERIDGE WAY,44 AVENUE & WHITERIDGE WAY,NE,Overhead Flasher,Yes,No,No,51.09245045861541,-113.96828028751392
1109001748,0856,2002-09-24 00:00:00,130 AVENUE,46 STREET,130 AVENUE & 46 STREET,SE,Traffic signal,Yes,Yes,No,50.93198281935928,-113.96827575052302
1109001749,B2561,1979-10-01 00:00:00,WHITEHORN DRIVE,WHITEHORN ROAD,WHITEHORN DRIVE & WHITEHORN ROAD,NE,Overhead Flasher,Yes,No,No,51.08472811386478,-113.96747201265252
1109001750,0936,2005-02-15 00:00:00,CASTLERIDGE BOULEVARD,CASTLERIDGE DR/WESTWINDS DR,CASTLERIDGE BOULEVARD & CASTLERIDGE DR/WESTWINDS DR,NE,Traffic signal,Yes,Yes,Yes,51.10839758770806,-113.9664700666192
1109001751,0279,1995-12-05 00:00:00,MCKNIGHT BOULEVARD,47 STREET,MCKNIGHT BOULEVARD & 47 STREET,NE,Traffic signal T intersection,No,Yes,Yes,51.0960622454737,-113.96591272202406
1109001753,B2592,1986-06-01 00:00:00,8 AVENUE,47 STREET,8 AVENUE & 47 STREET,SE,Overhead Flasher,Yes,No,No,51.04519989236834,-113.96571710739882
1109001754,0854,2003-09-11 00:00:00,SUPERSTORE ENTRANCE,48 STREET,SUPERSTORE ENTRANCE & 48 STREET,SE,1/4 signal,No,No,No,50.93379023378442,-113.96517139625271
1109001755,0034,1998-07-10 00:00:00,64 AVENUE,CASTLERIDGE BV/MARTINDALE GT,64 AVENUE & CASTLERIDGE BV/MARTINDALE GT,NE,Traffic signal,Yes,Yes,Yes,51.110610910323295,-113.96530623318736
1109001757,0855,2002-11-18 00:00:00,130 AVENUE,48 STREET,130 AVENUE & 48 STREET,SE,Traffic signal,Yes,Yes,Yes,50.93198192720044,-113.96514600452922
1109001758,0523,2009-03-31 00:00:00,90 AVENUE,48 STREET,90 AVENUE & 48 STREET,SE,Traffic signal,Yes,No,No,50.97228325090793,-113.9641761127181
1109001759,0857,2004-12-02 00:00:00,130 AVENUE,50 STREET,130 AVENUE & 50 STREET,SE,Traffic signal,Yes,No,No,50.931810142955534,-113.96201639782478
1109001760,0469,1994-08-04 00:00:00,17 AVENUE,50 STREET,17 AVENUE & 50 STREET,SE,Traffic signal,Yes,Yes,Yes,51.0378210915907,-113.9613705758307
1109001761,0626,1995-08-22 00:00:00,54 AVENUE,52 STREET,54 AVENUE & 52 STREET,SE,Traffic signal,Yes,No,No,51.00374775684973,-113.95849221597793
1109001762,0090,1980-01-01 00:00:00,TEMPLE DR/WHITEHORN DR,52 STREET,TEMPLE DR/WHITEHORN DR & 52 STREET,NE,Traffic signal,Yes,No,No,51.08588793818506,-113.9584167208468
1109001763,0089,1981-01-01 00:00:00,44 AVENUE/TEMPLE DRIVE,52 STREET,44 AVENUE/TEMPLE DRIVE & 52 STREET,NE,Traffic signal,Yes,Yes,Yes,51.0914039993552,-113.95839803890787
1109001764,0874,2002-09-17 00:00:00,50 AVENUE,52 STREET,50 AVENUE & 52 STREET,SE,Traffic signal,Yes,No,No,51.00877105306985,-113.9585336720397
1109001765,0877,1998-05-19 00:00:00,68 AVENUE/SMED LANE,52 STREET,68 AVENUE/SMED LANE & 52 STREET,SE,Traffic signal,Yes,No,No,50.99411767783354,-113.95853248677116
1109001766,0060,1981-01-01 00:00:00,MCKNIGHT BOULEVARD,FALCONRIDGE BV/ 52 STREET,MCKNIGHT BOULEVARD & FALCONRIDGE BV/ 52 STREET,NE,Traffic signal,Yes,Yes,Yes,51.09606923655003,-113.9583662350067
1109001767,0219,1975-01-01 00:00:00,MADIGAN DRIVE/MARBANK DR,52 STREET,MADIGAN DRIVE/MARBANK DR & 52 STREET,NE,Traffic signal,Yes,No,Yes,51.062175718853645,-113.95839638173092
1109001768,0876,1998-04-30 00:00:00,61 AVENUE,52 STREET,61 AVENUE & 52 STREET,SE,Traffic signal,Yes,No,No,50.99896317780249,-113.9585139213488
1109001770,0878,2000-06-23 00:00:00,72 AVENUE,52 STREET,72 AVENUE & 52 STREET,SE,Traffic signal,Yes,No,No,50.98952387350778,-113.95850809274764
1109001771,0879,1998-04-30 00:00:00,76 AVENUE,52 STREET,76 AVENUE & 52 STREET,SE,Traffic signal,Yes,No,No,50.98511058939865,-113.95843582894946
1109001772,0162,1980-03-13 00:00:00,26 AVENUE,52 STREET,26 AVENUE & 52 STREET,NE,Traffic signal,Yes,Yes,Yes,51.07626861121187,-113.95840390926358
1109001773,0145,1979-01-01 00:00:00,32 AVENUE,52 STREET,32 AVENUE & 52 STREET,NE,Traffic signal,Yes,No,No,51.08151591817079,-113.95838304381208
1109001774,0036,1992-08-26 00:00:00,CASTLERIDGE S.C. ENTRANCE,FALCONRIDGE BOULEVARD,CASTLERIDGE S.C. ENTRANCE & FALCONRIDGE BOULEVARD,NE,1/4 signal,No,No,No,51.09835944562094,-113.9584719518797
1109001775,0039,1983-01-01 00:00:00,CASTLERIDGE BV/FALCONRIDGE DR,FALCONRIDGE BOULEVARD,CASTLERIDGE BV/FALCONRIDGE DR & FALCONRIDGE BOULEVARD,NE,Traffic signal,Yes,Yes,No,51.09987279795656,-113.9583522877779
1109001776,0171,1976-01-01 00:00:00,RUNDLEHORN DRIVE,52 STREET,RUNDLEHORN DRIVE & 52 STREET,NE,Traffic signal,Yes,Yes,Yes,51.07164301256059,-113.95837763036674
1109001777,B2613,1992-06-17 00:00:00,52 STREET,PENSDALE ROAD,52 STREET & PENSDALE ROAD,SE,Overhead Flasher,Yes,No,No,51.04282964149292,-113.95839447644092
1109001778,0467,1974-01-01 00:00:00,17 AVENUE,52 STREET,17 AVENUE & 52 STREET,SE,Traffic signal,Yes,Yes,Yes,51.037825924178506,-113.95837941782077
1109001779,0978,2008-04-09 00:00:00,MARLBOROUGH DRIVE,52 STREET,MARLBOROUGH DRIVE & 52 STREET,NE,Traffic signal T intersection,Yes,Yes,Yes,51.060030537812814,-113.95834524728738
1109001780,0686,2000-08-23 00:00:00,90 AVENUE,52 STREET,90 AVENUE & 52 STREET,SE,Traffic signal,Yes,No,No,50.97228997438302,-113.9584510862592
1109001782,0430,1980-01-01 00:00:00,14 AVENUE,52 STREET,14 AVENUE & 52 STREET,SE,Traffic signal,Yes,No,No,51.04095805476688,-113.95838773681204
1109001783,0579,1987-06-18 00:00:00,PEIGAN TRAIL,52 STREET,PEIGAN TRAIL & 52 STREET,SE,Traffic signal,Yes,Yes,No,51.01479275455863,-113.95835788610316
1109001784,0549,1987-05-06 00:00:00,ERIN WOODS DRIVE,52 STREET,ERIN WOODS DRIVE & 52 STREET,SE,Traffic signal T intersection,Yes,Yes,No,51.024098487582826,-113.95841209895642
1109001785,0360,1977-01-01 00:00:00,8 AVENUE,52 STREET,8 AVENUE & 52 STREET,SE,Traffic signal,Yes,No,No,51.04517716883912,-113.95820347836344
1109001786,0524,2009-10-01 00:00:00,86 AVENUE,52 STREET,86 AVENUE & 52 STREET,SE,Traffic signal,Yes,No,No,50.97542428975372,-113.9584947782216
1109001787,0641,1991-02-12 00:00:00,GLENMORE TRAIL,52 STREET,GLENMORE TRAIL & 52 STREET,SE,Traffic signal,Yes,No,No,50.97956453989988,-113.95848784885148
1109001788,0826,2014-09-14 00:00:00,17 AVENUE,84 STREET,17 AVENUE & 84 STREET,SE,Traffic signal T intersection,No,No,Yes,51.03774137704299,-113.9119390032111
1109001790,0862,2004-11-12 00:00:00,126 AVENUE,52 STREET,126 AVENUE & 52 STREET,SE,Traffic signal T intersection,Yes,No,No,50.93420128535878,-113.95816495168728
1109001791,0860,2004-11-12 00:00:00,130 AVENUE,52 STREET,130 AVENUE & 52 STREET,SE,Traffic signal,Yes,No,No,50.93136559836629,-113.95814293019356
1109001792,0223,1999-08-20 00:00:00,23 AVENUE,52 STREET,23 AVENUE & 52 STREET,NE,Traffic signal T intersection,Yes,Yes,Yes,51.07396725034735,-113.95840331690796
1109001793,0846,2007-03-26 00:00:00,114 AVENUE,52 STREET,114 AVENUE & 52 STREET,SE,Traffic signal,Yes,No,No,50.95053303720472,-113.95815590429716
1109001794,B2595,1994-10-27 00:00:00,52 STREET,MARYVALE DRIVE,52 STREET & MARYVALE DRIVE,NE,Overhead Flasher,Yes,No,No,51.05690173803495,-113.9572924915383
1109001795,0172,1996-08-30 00:00:00,4 AVENUE,52 STREET,4 AVENUE & 52 STREET,NE,Traffic signal T intersection,Yes,Yes,Yes,51.05513308051851,-113.95652169253712
1109001797,0939,2005-05-30 00:00:00,FALCONRIDGE DRIVE,FALSBRIDGE GATE,FALCONRIDGE DRIVE & FALSBRIDGE GATE,NE,Traffic signal T intersection,Yes,No,No,51.09969779199149,-113.95652716410048
1109001798,0037,1991-08-30 00:00:00,CASTLEBROOK DRIVE/FALWORTH ROAD,FALCONRIDGE BOULEVARD,CASTLEBROOK DRIVE/FALWORTH ROAD & FALCONRIDGE BOULEVARD,NE,Traffic signal,Yes,No,No,51.10296935770082,-113.95623737976857
1109001799,B2607,1987-02-01 00:00:00,5 AVENUE,52 STREET,5 AVENUE & 52 STREET,SE,Overhead Flasher,Yes,No,No,51.04900459188851,-113.95599825263824
1109001800,0898,2004-07-27 00:00:00,64 AVENUE,MARTINDALE DRIVE/54 STREET,64 AVENUE & MARTINDALE DRIVE/54 STREET,NE,Traffic signal,Yes,No,No,51.1106234976905,-113.9558720306614
1109001801,0778,2003-11-20 00:00:00,194 AVENUE,MACLEOD TRAIL,194 AVENUE & MACLEOD TRAIL,SE,Traffic signal,Yes,Yes,No,50.875682705765286,-114.04401914825782
1109001802,0280,1975-01-01 00:00:00,MEMORIAL DRIVE,52 STREET,MEMORIAL DRIVE & 52 STREET,E,Traffic signal,Yes,Yes,Yes,51.05335484409811,-113.95575532020084
1109001804,0977,2007-11-18 00:00:00,32 AVENUE,56 STREET,32 AVENUE & 56 STREET,NE,Traffic signal,Yes,Yes,No,51.08152893451061,-113.95297900867456
1109001805,B2507,1993-09-01 00:00:00,FALCONRIDGE DRIVE,FALCONRIDGE CRESCENT,FALCONRIDGE DRIVE & FALCONRIDGE CRESCENT,NE,Overhead Flasher,Yes,No,No,51.09929261190069,-113.94813366008108
1109001807,B2539,1987-02-01 00:00:00,TEMPLE DRIVE,56 STREET,TEMPLE DRIVE & 56 STREET,NE,Overhead Flasher,Yes,No,No,51.08536111631967,-113.9521565146315
1109001808,B2608,1979-10-01 00:00:00,8 AVENUE,PENSACOLA WAY,8 AVENUE & PENSACOLA WAY,SE,Overhead Flasher,Yes,No,No,51.04518752972848,-113.95089215175244
1109001809,0897,2006-04-13 00:00:00,80 AVENUE,SADDLETOWNE CIRCLE,80 AVENUE & SADDLETOWNE CIRCLE,NE,Traffic signal,Yes,Yes,No,51.12519071856521,-113.94426852499572
1109001810,0038,1990-06-11 00:00:00,CASTLERIDGE DRIVE/FALSHIRE DRIVE,FALCONRIDGE BOULEVARD,CASTLERIDGE DRIVE/FALSHIRE DRIVE & FALCONRIDGE BOULEVARD,NE,Traffic signal,Yes,No,No,51.10664435187994,-113.94981967851072
1109001811,1092,2016-06-15 00:00:00,SARCEE TRAIL,SHERWOOD BOULEVARD,SARCEE TRAIL & SHERWOOD BOULEVARD,NW,Traffic signal T intersection,Yes,No,No,51.16255838238767,-114.1629361182494
1109001812,B2571,1979-10-01 00:00:00,RUNDLEHORN DRIVE,59 STREET/PINEPOINT DRIVE,RUNDLEHORN DRIVE & 59 STREET/PINEPOINT DRIVE,NE,Overhead Flasher,Yes,No,No,51.07155092429869,-113.94740495314376
1109001813,0906,2002-09-12 00:00:00,64 AVENUE,FALCONRIDGE BOULEVARD,64 AVENUE & FALCONRIDGE BOULEVARD,NE,Traffic signal,Yes,No,No,51.1106310495383,-113.94691133036862
1109001814,B2542,1991-08-01 00:00:00,32 AVENUE,60 STREET,32 AVENUE & 60 STREET,NE,Overhead Flasher,Yes,No,No,51.0815381940698,-113.9468084801058
1109001815,0899,2004-06-24 00:00:00,FALCONRIDGE BOULEVARD,MARTINDALE BV/TARADALE DRIVE,FALCONRIDGE BOULEVARD & MARTINDALE BV/TARADALE DRIVE,NE,Traffic signal,Yes,No,No,51.114152620456565,-113.94674248116786
1109001816,1120,2015-09-18 00:00:00,FALCONRIDGE BOULEVARD,SADDLETOWNE CIRCLE,FALCONRIDGE BOULEVARD & SADDLETOWNE CIRCLE,NE,Traffic signal,Yes,Yes,No,51.12141628906624,-113.9467446573472
1109001817,B2582,1980-09-01 00:00:00,MADIGAN DRIVE,MADEIRA DRIVE,MADIGAN DRIVE & MADEIRA DRIVE,NE,Overhead Flasher,Yes,No,No,51.06327091008607,-113.94630156281832
1109001818,B2572,1979-10-01 00:00:00,RUNDLEHORN DRIVE,61 STREET,RUNDLEHORN DRIVE & 61 STREET,NE,Overhead Flasher,Yes,No,No,51.0709293306176,-113.94458045951993
1109001819,B2508,1987-09-01 00:00:00,FALCONRIDGE DRIVE,FALCHURCH ROAD,FALCONRIDGE DRIVE & FALCHURCH ROAD,NE,Overhead Flasher,Yes,No,No,51.09992090815933,-113.94434591940556
1109001823,1517,2011-07-27 00:00:00,114 AVENUE,84 STREET,114 AVENUE & 84 STREET,SE,Traffic signal,Yes,Yes,No,50.95055400707578,-113.9119533924169
1109001824,1119,2014-08-01 00:00:00,114 AVENUE,42 STREET,114 AVENUE & 42 STREET,SE,Traffic signal,Yes,No,No,50.950478616382256,-113.97505341769455
1109001828,1025,2009-10-16 00:00:00,KENSINGTON ROAD,MEMORIAL DRIVE/PARKDALE BV,KENSINGTON ROAD & MEMORIAL DRIVE/PARKDALE BV,NW,1/2 signal,Yes,Yes,Yes,51.05220538079507,-114.1211578776586
1109001829,B2768,2013-08-21 00:00:00,14 STREET,CORNWALLIS DRIVE,14 STREET & CORNWALLIS DRIVE,NW,Overhead Flasher,Yes,No,No,51.087420234241016,-114.09476266006182
1109001855,B2771,2012-05-10 00:00:00,CROWCHILD TRAIL,SHAGANAPPI TRAIL,CROWCHILD TRAIL & SHAGANAPPI TRAIL,NW,Pedestrian RRFB,Yes,No,No,51.09812584546383,-114.14776006074102
1109001859,1126,2014-04-14 00:00:00,8 AVENUE,85 STREET,8 AVENUE & 85 STREET,SW,Traffic signal,Yes,No,Yes,51.06326681391087,-114.21098277218483
1109001863,1510,2011-03-24 00:00:00,64 AVENUE,36 STREET,64 AVENUE & 36 STREET,NE,Traffic signal T intersection,No,No,No,51.11322026044064,-113.98162816863076
1109001882,1035,2010-03-01 00:00:00,ROCKY VALLEY DRIVE,TWELVE MILE COULEE ROAD,ROCKY VALLEY DRIVE & TWELVE MILE COULEE ROAD,NW,Traffic signal T intersection,Yes,No,No,51.14847928975085,-114.25732717207464
1109001884,1037,2009-06-08 00:00:00,ROYAL BIRCH BOULEVARD,ROYAL OAK WAY,ROYAL BIRCH BOULEVARD & ROYAL OAK WAY,NW,Traffic signal,Yes,Yes,Yes,51.148864959272544,-114.2158975753555
1109001885,1041,2015-04-10 00:00:00,91 AVENUE,24 STREET,91 AVENUE & 24 STREET,SE,Traffic signal T intersection,Yes,No,No,50.97101688630836,-114.00167444637133
1109001887,1141,2016-03-07 00:00:00,QUARRY PARK BOULEVARD,QUARRY DRIVE,QUARRY PARK BOULEVARD & QUARRY DRIVE,SE,Traffic signal,Yes,Yes,No,50.95945455973306,-114.01132933437664
1109001900,B2602,1994-12-01 00:00:00,PUMPHOUSE ROAD,BOW RIVER PATHWAY,PUMPHOUSE ROAD & BOW RIVER PATHWAY,SW,Overhead Flasher,Yes,No,No,51.04718095289699,-114.10439853846889
1109001901,B2575,1990-07-01 00:00:00,8 AVENUE,CENTRE STREET,8 AVENUE & CENTRE STREET,N,Overhead Flasher,Yes,No,No,51.05976909789824,-114.06252647163504
1109001902,1076,2012-09-27 00:00:00,94 AVENUE,52 STREET,94 AVENUE & 52 STREET,SE,Traffic signal,Yes,No,Yes,50.968623862991336,-113.95848662581515
1109001904,1027,2013-04-13 00:00:00,AUBURN BAY GATE/SETON WAY,SETON BOULEVARD,AUBURN BAY GATE/SETON WAY & SETON BOULEVARD,SE,Traffic signal,Yes,Yes,Yes,50.88241424457407,-113.95728928884952
1109001905,1028,2012-06-29 00:00:00,SETON BOULEVARD,AUBURN BAY LINK,SETON BOULEVARD & AUBURN BAY LINK,SE,Traffic signal,Yes,Yes,No,50.88333584806247,-113.95328672832328
1109001910,B0071,2023-07-31 00:00:00,15 AVENUE,CENTRE STREET,15 AVENUE & CENTRE STREET,N,Overhead Flasher,Yes,No,No,51.06601431864712,-114.06251298347152
1109001926,B2774,2012-05-24 00:00:00,18 STREET,RIVERVIEW CLOSE/RIVERWOOD CIRCLE,18 STREET & RIVERVIEW CLOSE/RIVERWOOD CIRCLE,SE,Pedestrian RRFB,Yes,No,No,50.97011373008669,-114.01532707842748
1109001927,1240,2023-08-11 00:00:00,COPPERPOND PASSAGE,McIVOR BOULEVARD,COPPERPOND PASSAGE & McIVOR BOULEVARD,SE,Traffic signal T intersection,Yes,Yes,Yes,50.92604754162044,-113.93512359447467
1109001929,1026,2010-11-16 00:00:00,9 AVENUE,6 STREET,9 AVENUE & 6 STREET,SE,Traffic signal T intersection,No,Yes,Yes,51.04408051446817,-114.04835887096736
1109001930,1294,2025-02-06 00:00:00,194 AVENUE,SHERIFF KING STREET,194 AVENUE & SHERIFF KING STREET,SW,Traffic signal T intersection,Yes,Yes,Yes,50.87761890356092,-114.07353097838352
1109001933,B2745,2012-04-18 00:00:00,RADCLIFFE DRIVE,100 RADCLIFFE PLACE,RADCLIFFE DRIVE & 100 RADCLIFFE PLACE,SE,Pedestrian RRFB,Yes,No,No,51.04659575496472,-113.99241376086007
1109001934,B2748,2007-11-24 00:00:00,ROSEVIEW DRIVE,14 STREET,ROSEVIEW DRIVE & 14 STREET,NW,Overhead Flasher,Yes,No,No,51.08136530821496,-114.09472954696838
1109001936,B2743,2007-04-12 00:00:00,84 AVENUE,BONAVENTURE DRIVE,84 AVENUE & BONAVENTURE DRIVE,SE,Overhead Flasher,Yes,No,No,50.97775712886218,-114.06854235124553
1109001937,B2752,2007-09-13 00:00:00,23 AVENUE,CENTRE STREET,23 AVENUE & CENTRE STREET,N,Overhead Flasher,Yes,No,No,51.07339904129997,-114.06251856161276
1109001938,B2753,2008-05-29 00:00:00,16 AVENUE,44 STREET,16 AVENUE & 44 STREET,NW,Overhead Flasher,Yes,No,No,51.0690837949714,-114.15955048188816
1109001939,B2738,2008-12-10 00:00:00,36 STREET,16 AVENUE,36 STREET & 16 AVENUE,SE,Overhead Flasher,Yes,No,No,51.03935067472689,-113.9815986917072
1109001940,B2739,2007-04-22 00:00:00,7 AVENUE,CENTRE STREET,7 AVENUE & CENTRE STREET,N,Overhead Flasher,Yes,No,No,51.05879335454987,-114.0625047043347
1109001941,B2740,2007-10-02 00:00:00,RICHMOND ROAD,42 STREET,RICHMOND ROAD & 42 STREET,SW,Overhead Flasher,Yes,No,No,51.02020533446048,-114.14826655113548
1109001942,B2749,2008-05-06 00:00:00,17 AVENUE,27 STREET,17 AVENUE & 27 STREET,SW,Overhead Flasher,Yes,No,No,51.03781065807911,-114.1267290495396
1109001944,B2754,2007-08-01 00:00:00,32 AVENUE,37 STREET,32 AVENUE & 37 STREET,NW,Overhead Flasher,Yes,No,No,51.08147858054098,-114.14133590938714
1109001946,1029,2011-08-30 00:00:00,QUARRY PARK BOULEVARD,QUARRY PARK ROAD,QUARRY PARK BOULEVARD & QUARRY PARK ROAD,SE,Traffic signal,Yes,No,No,50.96342154837336,-114.00720650293628
1109231604,1125,2019-12-02 00:00:00,AIRPORT TRAIL,60 STREET,AIRPORT TRAIL & 60 STREET,NE,Traffic signal T intersection,Yes,Yes,No,51.13960107957249,-113.94669022455712
1109233627,0998,2008-06-24 00:00:00,COUNTRY HILLS BOULEVARD,14 STREET,COUNTRY HILLS BOULEVARD & 14 STREET,NE,Traffic signal,Yes,No,No,51.15427958967376,-114.02801927608962
1109235027,0999,2011-03-28 00:00:00,RIVERFRONT AVENUE,2 STREET,RIVERFRONT AVENUE & 2 STREET,SW,Traffic signal T intersection,No,Yes,No,51.05230176389139,-114.06749149942328
1109239916,1068,2010-08-12 00:00:00,114 AVENUE,SHEPARD OPERATIONAL CENTRE,114 AVENUE & SHEPARD OPERATIONAL CENTRE,SE,Traffic signal,Yes,No,No,50.95051185500376,-113.94111985408657
1109241290,B2746,2008-06-02 00:00:00,MEMORIAL DRIVE,47 STREET,MEMORIAL DRIVE & 47 STREET,E,Overhead Flasher,Yes,No,No,51.052855378296215,-113.96372758209958
1109242668,1003,2010-07-26 00:00:00,SYMONS VALLEY ROAD,KINCORA BOULEVARD,SYMONS VALLEY ROAD & KINCORA BOULEVARD,NW,Traffic signal T intersection,Yes,No,No,51.16121684351814,-114.12545385762456
1109242674,B2758,2008-06-03 00:00:00,25 AVENUE,ERLTON STREET,25 AVENUE & ERLTON STREET,SW,Overhead Flasher,Yes,No,No,51.03046035732562,-114.06269830708212
1109242675,1000,2008-08-15 00:00:00,NEW BRIGHTON DR/PRESTWICK GT,52 STREET,NEW BRIGHTON DR/PRESTWICK GT & 52 STREET,SE,Traffic signal,Yes,No,No,50.92545445191262,-113.95814903132242
1109243201,1010,2008-11-05 00:00:00,BEDDINGTON TRAIL,COUNTRY HILLS BOULEVARD,BEDDINGTON TRAIL & COUNTRY HILLS BOULEVARD,NW,Traffic signal,Yes,No,No,51.14473822663259,-114.09333903223512
1109243202,1011,2008-11-05 00:00:00,BEDDINGTON TRAIL,COUNTRY HILLS BOULEVARD,BEDDINGTON TRAIL & COUNTRY HILLS BOULEVARD,NW,Traffic signal,No,No,No,51.14294400633106,-114.0915618010701
1109243203,0946,2013-07-29 00:00:00,16 AVENUE,52 STREET,16 AVENUE & 52 STREET,NE,Traffic signal T intersection,No,No,No,51.068166059138704,-113.95837440397406
1109243242,1012,2008-08-12 00:00:00,50 AVENUE,5 STREET,50 AVENUE & 5 STREET,SW,Traffic signal,Yes,Yes,Yes,51.00873770685548,-114.07641974764756
1109243367,1129,2018-03-27 00:00:00,128 AVENUE,REDSTONE STREET/SKYVIEW RANCH ROAD,128 AVENUE & REDSTONE STREET/SKYVIEW RANCH ROAD,NE,Traffic signal,Yes,Yes,Yes,51.16535063822904,-113.96199758968277
1109243375,1006,2008-11-04 00:00:00,SYMONS VALLEY PARKWAY,SYMONS VALLEY ROAD,SYMONS VALLEY PARKWAY & SYMONS VALLEY ROAD,NW,Traffic signal,Yes,Yes,Yes,51.168048524199136,-114.13195704613317
1109243378,1004,2008-08-22 00:00:00,FISH CREEK BOULEVARD/MILLVIEW GT,JAMES McKEVITT ROAD,FISH CREEK BOULEVARD/MILLVIEW GT & JAMES McKEVITT ROAD,SW,Traffic signal,Yes,No,No,50.91763435476709,-114.10005336837052
1109243379,1180,2019-06-25 00:00:00,17 AVENUE,CENTRE STREET,17 AVENUE & CENTRE STREET,S,Traffic signal,Yes,Yes,Yes,51.03783205008069,-114.06358313740232
1109243381,1005,2010-07-22 00:00:00,FISH CREEK BOULEVARD,EVERCREEK BLUFFS GT/EVERRIDGE DR,FISH CREEK BOULEVARD & EVERCREEK BLUFFS GT/EVERRIDGE DR,SW,Traffic signal,Yes,Yes,Yes,50.921325762302445,-114.12330352279297
1109243382,1009,2011-05-10 00:00:00,SHAWVILLE GATE,6 STREET,SHAWVILLE GATE & 6 STREET,SW,Traffic signal T intersection,Yes,Yes,No,50.89772187421862,-114.07224829881032
1109243383,1002,2009-09-11 00:00:00,McIVOR BOULEVARD/McKENZIE TOWNE DR,52 STREET,McIVOR BOULEVARD/McKENZIE TOWNE DR & 52 STREET,SE,Traffic signal,Yes,Yes,Yes,50.912755083062144,-113.95188418043486
1109243828,1051,2019-01-15 00:00:00,AIRPORT TRAIL,METIS TRAIL,AIRPORT TRAIL & METIS TRAIL,NE,Traffic signal,Yes,Yes,Yes,51.13974138973219,-113.97002913525168
1109243829,1016,2011-10-29 00:00:00,COUNTRY HILLS BOULEVARD,METIS TRAIL,COUNTRY HILLS BOULEVARD & METIS TRAIL,NE,Traffic signal,Yes,No,No,51.15408550256706,-113.9700235947814
1109243830,1017,2009-10-26 00:00:00,128 AVENUE,METIS TRAIL,128 AVENUE & METIS TRAIL,NE,Traffic signal,Yes,No,No,51.16535713981713,-113.97001801780128
1109243895,0923,2024-11-09 00:00:00,78 AVENUE,OGDEN ROAD,78 AVENUE & OGDEN ROAD,SE,Traffic signal,Yes,Yes,Yes,50.983220456308445,-113.99877917946748
1109244036,1018,2009-12-14 00:00:00,162 AVENUE,24 STREET,162 AVENUE & 24 STREET,SW,Traffic signal,Yes,Yes,Yes,50.906729285178,-114.11713986255832
1109244299,1019,2008-08-21 00:00:00,17 AVENUE,100 STREET,17 AVENUE & 100 STREET,SE,Traffic signal,No,No,No,51.03781523967712,-113.88865379274289
1109272575,1021,2011-11-01 00:00:00,11 AVENUE,OLYMPIC WAY/4 STREET,11 AVENUE & OLYMPIC WAY/4 STREET,SE,Traffic signal,No,Yes,No,51.04209306096339,-114.0534250961645
1109276930,1023,2009-11-08 00:00:00,4 AVENUE,BARLOW TRAIL,4 AVENUE & BARLOW TRAIL,NE,Traffic signal T intersection,Yes,Yes,Yes,51.05547820130944,-114.00163564025844
1109277398,1024,2009-12-31 00:00:00,QUARRY PARK BOULEVARD,QUARRY MARKET,QUARRY PARK BOULEVARD & QUARRY MARKET,SE,Traffic signal,Yes,No,No,50.96344630450466,-114.00983363909796
1109284119,B0031,2020-02-12 00:00:00,144 AVENUE,LIVINGSTON GATE,144 AVENUE & LIVINGSTON GATE,NE,Pedestrian RRFB,Yes,No,No,51.18346291470348,-114.06469628778667
1109292521,1030,2015-09-04 00:00:00,QUARRY PARK BOULEVARD,24 STREET,QUARRY PARK BOULEVARD & 24 STREET,SE,Traffic signal,Yes,No,No,50.96343116454878,-114.00162614377317
1109379313,1267,1986-07-02 00:00:00,MACLEOD TRAIL,18 AVENUE,MACLEOD TRAIL & 18 AVENUE,SE,Fire signal,No,No,No,51.03669633735733,-114.05877355840316
1109382733,1032,2010-07-07 00:00:00,114 AVENUE,DOUGLAS CENTRE/27 STREET,114 AVENUE & DOUGLAS CENTRE/27 STREET,SE,Traffic signal,Yes,Yes,No,50.95253361172716,-113.99803886156644
1109383209,1033,2010-05-21 00:00:00,112 AVENUE,ROYAL VISTA DRIVE/85 STREET,112 AVENUE & ROYAL VISTA DRIVE/85 STREET,NW,Traffic signal,Yes,Yes,Yes,51.15220388152148,-114.2092085717216
1109385091,1083,2012-12-06 00:00:00,17 AVENUE,PARKADE ENTRANCE,17 AVENUE & PARKADE ENTRANCE,SW,Traffic signal T intersection,Yes,Yes,Yes,51.03790998695594,-114.19044029705816
1109390852,1039,2009-11-13 00:00:00,RIVERFRONT AVENUE,4 STREET,RIVERFRONT AVENUE & 4 STREET,SE,Traffic signal T intersection,No,Yes,Yes,51.04889043394863,-114.05159283322658
1109395420,1042,2010-04-14 00:00:00,14 AVENUE/McKINNON DRIVE,19 STREET,14 AVENUE/McKINNON DRIVE & 19 STREET,NE,Traffic signal,Yes,No,No,51.06539880568348,-114.01335948644348
1109395614,1044,2013-12-12 00:00:00,JOLIET AVENUE,14 STREET,JOLIET AVENUE & 14 STREET,SW,1/2 signal,Yes,No,Yes,51.02606397565941,-114.09467129507004
1109395833,0032,2010-11-27 00:00:00,64 AVENUE,METIS TRAIL,64 AVENUE & METIS TRAIL,NE,Traffic signal,Yes,No,Yes,51.11187051537681,-113.97407637423314
1109395837,1045,2012-08-22 00:00:00,194 AVENUE,CHAPARRAL DR/WALDEN GT,194 AVENUE & CHAPARRAL DR/WALDEN GT,SE,Traffic signal,Yes,Yes,Yes,50.87704752818677,-114.03664182349412
1109395839,1046,2012-06-29 00:00:00,SETON BOULEVARD,AUBURN BAY STREET/45 STREET,SETON BOULEVARD & AUBURN BAY STREET/45 STREET,SE,Traffic signal,Yes,Yes,No,50.88402891030072,-113.94916657096675
1109395841,1047,2011-10-11 00:00:00,10 AVENUE,14 STREET,10 AVENUE & 14 STREET,SW,Traffic signal,No,Yes,No,51.04420683700874,-114.09469728648554
1109400621,1048,2010-03-01 00:00:00,COUNTRY HILLS BOULEVARD,ROCKY RIDGE ROAD,COUNTRY HILLS BOULEVARD & ROCKY RIDGE ROAD,NW,Traffic signal,Yes,Yes,Yes,51.15410311341931,-114.23419867129768
1109400964,1049,2012-08-23 00:00:00,80 AVENUE,SADDLETOWNE CIRCLE,80 AVENUE & SADDLETOWNE CIRCLE,NE,Traffic signal,Yes,Yes,Yes,51.125181045140735,-113.9497071486718
1109400965,1050,2012-08-23 00:00:00,SADDLETOWNE CIRCLE,60 STREET,SADDLETOWNE CIRCLE & 60 STREET,NE,Traffic signal,Yes,Yes,Yes,51.12650401383699,-113.9472152581157
1109407701,1061,2017-02-23 00:00:00,COUNTRY HILLS BOULEVARD,25 STREET,COUNTRY HILLS BOULEVARD & 25 STREET,NE,Traffic signal,Yes,No,No,51.15431189805968,-113.99740613083888
1109407702,1060,2018-03-02 00:00:00,BARLOW TRAIL,STONEHILL GATE,BARLOW TRAIL & STONEHILL GATE,NE,Traffic signal,Yes,No,No,51.15676853019579,-114.00166908155327
1109407780,1052,2010-05-17 00:00:00,McKENZIE TOWNE LINK,52 STREET,McKENZIE TOWNE LINK & 52 STREET,SE,Traffic signal T intersection,Yes,Yes,No,50.914734573516256,-113.95553972529238
1109409542,1053,2013-08-01 00:00:00,96 AVENUE,HARVEST HILLS LINK,96 AVENUE & HARVEST HILLS LINK,NE,Traffic signal,Yes,No,Yes,51.14114927703287,-114.05478214754396
1109409544,1101,2013-10-17 00:00:00,McKENZIE TOWNE AVENUE,52 STREET,McKENZIE TOWNE AVENUE & 52 STREET,SE,Traffic signal T intersection,Yes,Yes,No,50.91640075704648,-113.95758181970352
1109412879,1054,2017-02-22 00:00:00,96 AVENUE,AURORA PARK DRIVE,96 AVENUE & AURORA PARK DRIVE,NE,1/2 signal,Yes,Yes,No,51.14206541776382,-114.05085525713736
1109413135,1055,2013-10-09 00:00:00,AUBURN BAY DRIVE/MAHOGANY GATE,52 STREET,AUBURN BAY DRIVE/MAHOGANY GATE & 52 STREET,SE,Traffic signal,Yes,Yes,Yes,50.8994754975049,-113.94450546411127
1109413136,1056,2012-04-13 00:00:00,KENSINGTON ROAD,21 STREET,KENSINGTON ROAD & 21 STREET,NW,Traffic signal,Yes,Yes,No,51.0524944777928,-114.11045757118984
1109416828,B2760,2010-01-11 00:00:00,12 AVENUE,18 STREET,12 AVENUE & 18 STREET,SW,Overhead Flasher,Yes,No,No,51.04259146232828,-114.1042185093988
1109526490,1067,2010-10-25 00:00:00,FALCONRIDGE BOULEVARD,TARACOVE ESTATE DRIVE,FALCONRIDGE BOULEVARD & TARACOVE ESTATE DRIVE,NE,Traffic signal,Yes,Yes,Yes,51.118855493940224,-113.94672257682066
1109536200,1063,2010-06-16 00:00:00,SADDLETOWNE CIRCLE,TRI SERVICES BUILDING ENTRANCE,SADDLETOWNE CIRCLE & TRI SERVICES BUILDING ENTRANCE,NE,Fire signal,No,No,No,51.12426333832959,-113.9442564586532
1109536628,1064,2010-12-03 00:00:00,13417,52 STREET,13417 & 52 STREET,SE,Traffic signal T intersection,Yes,Yes,Yes,50.92887711087784,-113.9580873908453
1109541496,1066,2010-03-08 00:00:00,106 AVENUE / DUFFERIN PLACE,52 STREET,106 AVENUE / DUFFERIN PLACE & 52 STREET,SE,Traffic signal,Yes,No,No,50.95780392077257,-113.95844689517372
1109550512,0386,2010-01-18 00:00:00,9 AVENUE,4 STREET,9 AVENUE & 4 STREET,SE,Traffic signal,No,Yes,No,51.04428276143604,-114.05321359477352
1109551039,B2762,2010-09-07 00:00:00,CANYON MEADOWS DRIVE,LAKE LUCERNE RD/PARK ESTATES DR,CANYON MEADOWS DRIVE & LAKE LUCERNE RD/PARK ESTATES DR,SE,Overhead Flasher,Yes,No,No,50.92927859892792,-114.04518302425004
1109551040,B2788,2014-10-08 00:00:00,17 AVENUE,42 STREET/GRAND OAKS DRIVE,17 AVENUE & 42 STREET/GRAND OAKS DRIVE,SW,Overhead Flasher,Yes,No,No,51.03778399218191,-114.14828554411856
1109553489,1100,2014-08-14 00:00:00,MOUNT ROYAL GATE,PEACEKEEPERS GATE/WESTMOUNT WAY,MOUNT ROYAL GATE & PEACEKEEPERS GATE/WESTMOUNT WAY,SW,Traffic signal,Yes,Yes,Yes,51.00874081767929,-114.12536373398662
1109553497,B2761,2010-03-22 00:00:00,64 AVENUE,MARTINGROVE DRIVE,64 AVENUE & MARTINGROVE DRIVE,NE,Overhead Flasher,Yes,No,No,51.11064488759148,-113.95212863703222
1109587725,1065,2012-11-21 00:00:00,17 AVENUE,47 STREET,17 AVENUE & 47 STREET,SW,1/2 signal,Yes,Yes,No,51.03782001528052,-114.1557982342032
1109587727,1070,2011-05-19 00:00:00,114 AVENUE,35 STREET,114 AVENUE & 35 STREET,SE,Traffic signal T intersection,Yes,No,No,50.94967306414073,-113.98583710157035
1109594664,1071,2011-12-20 00:00:00,WALDEN GATE,WALDEN LINK,WALDEN GATE & WALDEN LINK,SE,Traffic signal,Yes,No,No,50.875789866286674,-114.03580588905788
1109594665,1072,2021-05-28 00:00:00,100 AVENUE,19 STREET,100 AVENUE & 19 STREET,NE,Traffic signal,Yes,No,Yes,51.14337543977965,-114.01331649763952
1109595320,1073,2012-11-14 00:00:00,7 AVENUE,10 STREET,7 AVENUE & 10 STREET,SW,Traffic signal,Yes,Yes,Yes,51.04716069474149,-114.08607372347984
1109601452,B2763,2011-02-03 00:00:00,4 STREET,18 AVENUE,4 STREET & 18 AVENUE,SW,Overhead Flasher,Yes,No,No,51.03688871210126,-114.07153163027256
1109601453,B2757,2010-12-14 00:00:00,68 STREET,14 AVENUE,68 STREET & 14 AVENUE,SE,Overhead Flasher,Yes,No,No,51.04049688870872,-113.93516700120657
1109617123,1075,2013-11-20 00:00:00,85 AVENUE,BLACKFOOT TRAIL,85 AVENUE & BLACKFOOT TRAIL,SE,Traffic signal T intersection,No,No,No,50.97628815525229,-114.04681928390434
1109626187,B2747,2015-01-26 00:00:00,BOW BOTTOM TRAIL,137 AVENUE,BOW BOTTOM TRAIL & 137 AVENUE,SE,Pedestrian RRFB,Yes,No,No,50.92733962688186,-114.03009524588803
1109628459,0755,2011-10-20 00:00:00,26 AVENUE,69 STREET,26 AVENUE & 69 STREET,SW,Traffic signal,Yes,No,No,51.03051805522576,-114.18759858258998
1109641268,1078,2011-10-29 00:00:00,17 AVENUE,SARCEE TRAIL,17 AVENUE & SARCEE TRAIL,SW,Traffic signal,Yes,Yes,Yes,51.03931653647692,-114.16613964609918
1109641270,1079,2011-10-29 00:00:00,17 AVENUE,SARCEE TRAIL,17 AVENUE & SARCEE TRAIL,SW,Traffic signal,Yes,Yes,No,51.039557246539495,-114.16226876981943
1109641387,1081,2011-07-25 00:00:00,DOUGLAS GLEN BOULEVARD,18 STREET,DOUGLAS GLEN BOULEVARD & 18 STREET,SE,Traffic signal T intersection,Yes,Yes,No,50.95717350568693,-114.0074251343112
1109641388,B2764,2012-04-18 00:00:00,QUARRY PARK BOULEVARD,QUARRY GATE,QUARRY PARK BOULEVARD & QUARRY GATE,SE,Pedestrian RRFB,Yes,No,No,50.96104795966275,-114.0174420648808
1109660679,1085,2013-02-21 00:00:00,ASPENSHIRE DRIVE/STRATHLEA AVENUE,85 STREET,ASPENSHIRE DRIVE/STRATHLEA AVENUE & 85 STREET,SW,Traffic signal,Yes,Yes,Yes,51.04880766263293,-114.210957091132
1109693711,1088,2012-11-19 00:00:00,SOMERSET GATE/SOMERVALE DRIVE,6 STREET,SOMERSET GATE/SOMERVALE DRIVE & 6 STREET,SW,Traffic signal,Yes,No,Yes,50.899912213394536,-114.07527622212326
1109696673,B2766,2012-03-21 00:00:00,DOUGLASDALE BOULEVARD,DOUGLAS PARK BV/DOUGLAS RIDGE CI,DOUGLASDALE BOULEVARD & DOUGLAS PARK BV/DOUGLAS RIDGE CI,SE,Pedestrian RRFB,Yes,No,No,50.93450213857232,-113.98239252718878
1109697011,1306,2024-01-18 00:00:00,STONEY TRAIL,11 STREET,STONEY TRAIL & 11 STREET,NE,Traffic signal,Yes,Yes,Yes,51.17396330920752,-114.03643386694024
1109697136,1089,2015-05-08 00:00:00,COPPERPOND BV/NEW BRIGHTON AV,McIVOR BOULEVARD,COPPERPOND BV/NEW BRIGHTON AV & McIVOR BOULEVARD,SE,Traffic signal,Yes,Yes,No,50.92300039063433,-113.9328597289579
1109698773,B2770,2012-08-30 00:00:00,TARAVISTA DRIVE,TARACOVE ROAD,TARAVISTA DRIVE & TARACOVE ROAD,NE,Overhead Flasher,Yes,No,No,51.12063878077707,-113.93640851410407
1109698774,B2769,2012-08-20 00:00:00,24 STREET,106 AVENUE,24 STREET & 106 AVENUE,SW,Overhead Flasher,Yes,No,No,50.95774129541656,-114.11794018458716
1109698788,1090,2013-04-25 00:00:00,17 AVENUE,60 STREET,17 AVENUE & 60 STREET,SE,Traffic signal,Yes,Yes,Yes,51.03786133070178,-113.94691386596084
1109699097,B2772,2013-10-30 00:00:00,EDGEMONT BOULEVARD,EDGEDALE DRIVE,EDGEMONT BOULEVARD & EDGEDALE DRIVE,NW,Overhead Flasher,Yes,No,No,51.11870340897502,-114.15545196245644
1109699098,B2773,2012-05-30 00:00:00,GLENMORE TRAIL,18 STREET,GLENMORE TRAIL & 18 STREET,SE,Pedestrian RRFB,Yes,No,No,50.98126970916664,-114.01553534562984
1109701001,1091,2020-07-16 00:00:00,SHERVIEW DRIVE,SHERWOOD BOULEVARD,SHERVIEW DRIVE & SHERWOOD BOULEVARD,NW,Traffic signal,Yes,Yes,Yes,51.16261099783549,-114.1596193673354
1109703184,1094,2013-04-11 00:00:00,FRONTIER ROAD,84 STREET,FRONTIER ROAD & 84 STREET,SE,Traffic signal T intersection,No,No,No,51.012964284699045,-113.91198387248352
1109703362,1095,2013-07-11 00:00:00,FRONT STREET,SETON WAY,FRONT STREET & SETON WAY,SE,1/2 signal,Yes,Yes,Yes,50.88065777015342,-113.95667171951096
1109703363,1096,2013-07-11 00:00:00,MARKET STREET/SETON CRESCENT,SETON WAY,MARKET STREET/SETON CRESCENT & SETON WAY,SE,Traffic signal,Yes,Yes,Yes,50.87959906669588,-113.95670758585844
1109705958,B2775,2012-09-25 00:00:00,MEMORIAL DRIVE,PENWORTH DRIVE/59 STREET,MEMORIAL DRIVE & PENWORTH DRIVE/59 STREET,E,Overhead Flasher,Yes,No,No,51.05315889583456,-113.94897389266583
1109712012,1098,2013-03-19 00:00:00,CRANSTON AVENUE,CRANBERRY ROAD/CRANARCH ROAD,CRANSTON AVENUE & CRANBERRY ROAD/CRANARCH ROAD,SE,Traffic signal,Yes,Yes,Yes,50.87915492016285,-113.975999934928
1109712163,1099,2012-11-26 00:00:00,RICHARDSON WAY,RICHARDSON LINK,RICHARDSON WAY & RICHARDSON LINK,SW,Traffic signal,Yes,Yes,Yes,51.015011967745366,-114.13419270815294
1109712165,B2777,2014-09-25 00:00:00,FORAND STREET,CYPRUS GREEN,FORAND STREET & CYPRUS GREEN,SW,Overhead Flasher,Yes,No,No,51.004783547734725,-114.12098240231008
1109712234,1113,2021-05-05 00:00:00,17 AVENUE,35 STREET,17 AVENUE & 35 STREET,SW,Traffic signal,Yes,Yes,Yes,51.03783097389516,-114.1383184156133
1109712237,1108,2014-11-24 00:00:00,EVANSTON DRIVE/EVANSTON WAY,SYMONS VALLEY PARKWAY,EVANSTON DRIVE/EVANSTON WAY & SYMONS VALLEY PARKWAY,NW,Traffic signal,Yes,Yes,Yes,51.17345095000535,-114.10838677737156
1109712544,1102,2014-05-23 00:00:00,77 AVENUE,HERITAGE DRIVE,77 AVENUE & HERITAGE DRIVE,SE,Traffic signal T intersection,Yes,No,Yes,50.9844233103621,-114.04849276577744
1109712613,0975,2022-06-08 00:00:00,106 AVENUE,68 STREET,106 AVENUE & 68 STREET,SE,Traffic signal,Yes,Yes,Yes,50.96243299319588,-113.9351968890628
1109715020,1117,2016-06-06 00:00:00,EAST HILLS BOULEVARD,EAST HILLS SQUARE,EAST HILLS BOULEVARD & EAST HILLS SQUARE,SE,Traffic signal,Yes,Yes,No,51.04019553428759,-113.91096750772188
1109717292,1107,2014-02-13 00:00:00,PANATELLA BOULEVARD,14 STREET,PANATELLA BOULEVARD & 14 STREET,NW,Traffic signal,Yes,Yes,Yes,51.168494133696434,-114.09012430258512
1109717476,1109,2015-01-15 00:00:00,SYMONS VALLEY PARKWAY,EVANSTONE DRIVE,SYMONS VALLEY PARKWAY & EVANSTONE DRIVE,NW,Traffic signal,Yes,Yes,Yes,51.17542785636362,-114.10733123993964
1109718762,B2782,2015-12-02 00:00:00,108,QUARRY PARK ROAD,108 & QUARRY PARK ROAD,SE,Pedestrian RRFB,Yes,No,No,50.96115414664062,-114.00723175102809
1109721420,B2778,2014-06-23 00:00:00,SHERWOOD BOULEVARD,SHERWOOD STREET,SHERWOOD BOULEVARD & SHERWOOD STREET,NW,Overhead Flasher,Yes,No,No,51.16175019653597,-114.15085940690508
1109722239,B2779,2013-04-16 00:00:00,HARVEST HILLS BOULEVARD,HARVEST OAK DRIVE,HARVEST HILLS BOULEVARD & HARVEST OAK DRIVE,NE,Pedestrian RRFB,Yes,No,No,51.15174193473279,-114.06466096258144
1109726088,1110,2014-05-02 00:00:00,AIRPORT TRAIL,36 STREET,AIRPORT TRAIL & 36 STREET,NE,Traffic signal,Yes,Yes,No,51.13978198052112,-113.9817067186856
1109730482,1112,2016-03-28 00:00:00,108 AVENUE,36 STREET,108 AVENUE & 36 STREET,NE,Traffic signal T intersection,Yes,No,No,51.15100799554992,-113.9816300049484
1109730484,1111,2015-10-08 00:00:00,104 AVENUE,36 STREET,104 AVENUE & 36 STREET,NE,Traffic signal T intersection,Yes,No,No,51.14700015130591,-113.98164702143036
1109735799,1114,2013-11-22 00:00:00,114 AVENUE,68 STREET,114 AVENUE & 68 STREET,SE,Traffic signal,Yes,No,Yes,50.950510299722886,-113.93521382501612
1109737890,1115,2014-03-27 00:00:00,EAST HILLS SOUTH ACCESS,84 STREET,EAST HILLS SOUTH ACCESS & 84 STREET,SE,Traffic signal,Yes,Yes,Yes,51.04043579539943,-113.90814048664777
1109737891,1116,2016-07-04 00:00:00,EAST HILLS NORTH ACCESS,84 STREET,EAST HILLS NORTH ACCESS & 84 STREET,SE,Traffic signal T intersection,Yes,Yes,Yes,51.042572904101206,-113.91066901743751
1109738978,1118,2014-07-31 00:00:00,21A AVENUE,52 STREET,21A AVENUE & 52 STREET,SE,Traffic signal,Yes,No,No,51.0345514195346,-113.95838396931563
1109738991,B2780,2014-03-11 00:00:00,44 STREET,11 AVENUE,44 STREET & 11 AVENUE,SE,Overhead Flasher,Yes,No,No,51.04323710491157,-113.9700050486131
1109738994,B2781,2014-03-04 00:00:00,4 STREET,72 AVENUE,4 STREET & 72 AVENUE,NW,Overhead Flasher,Yes,No,No,51.11744193390911,-114.07093834181543
1109739649,1122,2016-10-03 00:00:00,COUNTRY HILLS BOULEVARD,38 STREET,COUNTRY HILLS BOULEVARD & 38 STREET,NE,Traffic signal,Yes,No,No,51.15422719351891,-113.97733094559796
1109739806,1123,2015-01-12 00:00:00,128 AVENUE/SYMONS VALLEY PARKWAY,SHAGANAPPI TRAIL,128 AVENUE/SYMONS VALLEY PARKWAY & SHAGANAPPI TRAIL,NW,Traffic signal,Yes,Yes,No,51.16808548899424,-114.15191351748764
1109743567,0238,2021-08-19 00:00:00,10 AVENUE,9 STREET,10 AVENUE & 9 STREET,SW,Traffic signal,Yes,Yes,Yes,51.04390676300915,-114.0838495517034
1109743952,B2783,2014-02-13 00:00:00,12 AVENUE,16 STREET,12 AVENUE & 16 STREET,SW,Pedestrian RRFB,Yes,No,No,51.04244058336945,-114.09930547880936
1109746215,1124,2015-04-01 00:00:00,SAGE HILL BOULEVARD,SHAGANAPPI TRAIL,SAGE HILL BOULEVARD & SHAGANAPPI TRAIL,NW,Traffic signal T intersection,Yes,Yes,Wai,51.17041519045226,-114.15290301177804
1109750648,1127,2015-08-18 00:00:00,104 AVENUE,METIS TRAIL,104 AVENUE & METIS TRAIL,NE,Traffic signal,Yes,Yes,No,51.14717571553179,-113.97000512771636
1109750925,0387,2015-08-25 00:00:00,ST GEORGES DRIVE,12 STREET,ST GEORGES DRIVE & 12 STREET,NE,Traffic signal T intersection,Yes,Yes,No,51.04898677484682,-114.03146636478496
1109753849,0997,2014-05-15 00:00:00,49 AVENUE,AVIATION BOULEVARD,49 AVENUE & AVIATION BOULEVARD,NE,Traffic signal,Yes,No,Yes,51.097729376382695,-114.03289848363526
1109757963,0962,2020-04-17 00:00:00,MILLRISE BOULEVARD,MILLRISE DRIVE,MILLRISE BOULEVARD & MILLRISE DRIVE,SW,Traffic signal,Yes,Yes,Yes,50.91647259959312,-114.0743380850598
1109759176,1181,2021-02-24 00:00:00,13 AVENUE,1 STREET,13 AVENUE & 1 STREET,SW,Traffic signal,Yes,Yes,Yes,51.040555551525664,-114.06586633145623
1109759185,0033,2018-04-17 00:00:00,52 STREET,WHITEHORN DRIVE,52 STREET & WHITEHORN DRIVE,NE,1/2 signal,Yes,Yes,Yes,51.08860342332076,-113.95839779503264
1109766942,1130,2015-09-14 00:00:00,162 AVENUE,BRIDLEWOOD BV/EVERSTONE DR,162 AVENUE & BRIDLEWOOD BV/EVERSTONE DR,SW,Traffic signal,Yes,Yes,No,50.90672292583032,-114.10551434533517
1109767705,1213,2020-11-26 00:00:00,210 AVENUE,ALDERSYDE GATE/WALDEN COMMON,210 AVENUE & ALDERSYDE GATE/WALDEN COMMON,SE,Traffic signal,Yes,Yes,Yes,50.86577247733397,-114.02905929647092
1109768754,B2786,2014-08-22 00:00:00,TUSCANY SPRINGS BOULEVARD,TUSCANY LRT STATION,TUSCANY SPRINGS BOULEVARD & TUSCANY LRT STATION,NW,Overhead Flasher,Yes,No,No,51.13308775196416,-114.23764481778392
1109769416,0824,2018-04-22 00:00:00,14 AVENUE,8 STREET,14 AVENUE & 8 STREET,SW,Traffic signal,Yes,Yes,Yes,51.04007373513727,-114.08166832170176
1109777284,B2787,2014-12-16 00:00:00,3 AVENUE/PARKDALE BOULEVARD,32 STREET,3 AVENUE/PARKDALE BOULEVARD & 32 STREET,NW,Overhead Flasher,Yes,No,No,51.05664042590489,-114.1342166665268
1109780701,B2785,2014-12-17 00:00:00,EVERRIDGE DRIVE,EVERMEADOW AVENUE,EVERRIDGE DRIVE & EVERMEADOW AVENUE,SW,Overhead Flasher,Yes,No,No,50.91397178442239,-114.12351252036218
1109783454,1131,2016-03-22 00:00:00,112 AVENUE,ROYAL VISTA LINK,112 AVENUE & ROYAL VISTA LINK,NW,Traffic signal T intersection,Yes,No,No,51.15397395028537,-114.20521150221651
1109783915,B2789,2015-03-10 00:00:00,HIDDEN CREEK BOULEVARD,HIDDEN CREEK HT/HIDDEN CREEK WY,HIDDEN CREEK BOULEVARD & HIDDEN CREEK HT/HIDDEN CREEK WY,NW,Pedestrian RRFB,Yes,No,No,51.160117328799885,-114.10087418972893
1109783935,B2790,2015-02-25 00:00:00,JAMES McKEVITT ROAD,SHANNON AVENUE,JAMES McKEVITT ROAD & SHANNON AVENUE,SW,Pedestrian RRFB,Yes,No,No,50.90892123153778,-114.09949199567494
1109783937,B2791,2015-09-18 00:00:00,4624,RICHARD ROAD,4624 & RICHARD ROAD,SW,Overhead Flasher,Yes,No,No,51.0137693010257,-114.12052970154662
1109783938,B2792,2015-01-19 00:00:00,14 STREET RAMP,9 AVENUE,14 STREET RAMP & 9 AVENUE,SW,Pedestrian RRFB,Yes,No,No,51.0458922914576,-114.094549010307
1109783939,B2793,2015-02-25 00:00:00,SUN VALLEY BOULEVARD,SUNCREST WAY,SUN VALLEY BOULEVARD & SUNCREST WAY,SE,Pedestrian RRFB,Yes,No,No,50.906589199056754,-114.0406768915277
1109783940,B2794,2015-03-31 00:00:00,OLD BANFF COACH ROAD,PATTERSON HILL,OLD BANFF COACH ROAD & PATTERSON HILL,SW,Pedestrian RRFB,Yes,No,No,51.062840501618304,-114.18490247689056
1109783941,B2795,2015-01-20 00:00:00,ROYAL OAK WAY,ROYAL BIRKDALE DR/ROYAL OAK ME,ROYAL OAK WAY & ROYAL BIRKDALE DR/ROYAL OAK ME,NW,Pedestrian RRFB,Yes,No,No,51.14938668797879,-114.22517567602134
1109783965,B2796,2015-01-15 00:00:00,SADDLETOWNE CIRCLE,SADDLERIDGE DRIVE,SADDLETOWNE CIRCLE & SADDLERIDGE DRIVE,NE,Pedestrian RRFB,Yes,No,No,51.126044900536485,-113.94910004177054
1109785855,1177,2020-12-22 00:00:00,SAVANNA ROAD,SAVANNA STREET,SAVANNA ROAD & SAVANNA STREET,NE,Traffic signal,Yes,Yes,Yes,51.13373633600914,-113.9523414991548
1109789243,B2797,2025-05-23 00:00:00,CORNERBROOK GREEN,CORNERSTONE BOULEVARD,CORNERBROOK GREEN & CORNERSTONE BOULEVARD,NE,Pedestrian RRFB,Yes,No,No,51.15802535416892,-113.93049225098012
1109791093,1136,2023-10-19 00:00:00,SETON WAY,WATER STREET,SETON WAY & WATER STREET,SE,Traffic signal,Yes,Yes,Yes,50.8740512405616,-113.95718399529848
1109791123,1074,2015-02-04 00:00:00,SYMONS VALLEY PARKWAY,SAGE HILL PASSAGE/KINCORA GATE,SYMONS VALLEY PARKWAY & SAGE HILL PASSAGE/KINCORA GATE,NW,Traffic signal T intersection,Yes,Yes,No,51.16805731171541,-114.14669647022184
1109791923,B2798,2015-01-21 00:00:00,BOWNESS ROAD,79 STREET,BOWNESS ROAD & 79 STREET,NW,Pedestrian RRFB,Yes,No,No,51.08895231619064,-114.20149244448466
1109791925,B2799,2015-12-29 00:00:00,SADDLETOWNE CIRCLE,TARAVISTA DRIVE,SADDLETOWNE CIRCLE & TARAVISTA DRIVE,NE,Pedestrian RRFB,Yes,No,No,51.12175352972982,-113.94465884333113
1109793071,B2808,2015-01-28 00:00:00,TEMPLE DRIVE,64 STREET,TEMPLE DRIVE & 64 STREET,NE,Pedestrian RRFB,Yes,No,No,51.09262597395156,-113.94252912232288
1109793268,1146,2015-11-06 00:00:00,6103,130 AVENUE,6103 & 130 AVENUE,SE,Traffic signal T intersection,No,Yes,Yes,50.92867544569727,-113.94369628563892
1109796014,0990,2019-05-29 00:00:00,SAGE HILL PASSAGE,SAGE HILL PLAZA,SAGE HILL PASSAGE & SAGE HILL PLAZA,NW,Traffic signal,Yes,Yes,Yes,51.16937721835827,-114.146897679871
1109796440,B2887,2017-12-07 00:00:00,RADCLIFFE DRIVE,RADLEY WAY,RADCLIFFE DRIVE & RADLEY WAY,SE,Pedestrian RRFB,Yes,No,No,51.04814300263251,-113.9830720401684
1109797782,B2800,2015-02-12 00:00:00,9 AVENUE,9 STREET,9 AVENUE & 9 STREET,SE,Overhead Flasher,Yes,No,No,51.0428480223107,-114.0394579495304
1109801601,1133,2017-08-03 00:00:00,COUNTRY HILLS BOULEVARD,ROCKY RIDGE RECREATIONAL FACILITY,COUNTRY HILLS BOULEVARD & ROCKY RIDGE RECREATIONAL FACILITY,NW,Traffic signal T intersection,Yes,Yes,Yes,51.15414689656208,-114.22895604796604
1109805758,1148,2020-09-29 00:00:00,6403,130 AVENUE,6403 & 130 AVENUE,SE,Traffic signal T intersection,Yes,Yes,Yes,50.92875715010671,-113.93943746937244
1109806003,1134,2015-07-21 00:00:00,MARTINDALE DRIVE,SADDLETOWNE CIRCLE,MARTINDALE DRIVE & SADDLETOWNE CIRCLE,NE,Traffic signal,Yes,Yes,No,51.12380124183057,-113.94788661177084
1109806012,1135,2015-12-17 00:00:00,EVANSTON VIEW,SYMONS VALLEY PARKWAY,EVANSTON VIEW & SYMONS VALLEY PARKWAY,NW,Traffic signal T intersection,Yes,Yes,No,51.16808941002574,-114.1213971900064
1109806015,B2802,2016-05-11 00:00:00,29 AVENUE/PREMIER WAY,14 STREET,29 AVENUE/PREMIER WAY & 14 STREET,SW,Overhead Flasher,Yes,No,No,51.02768187673854,-114.09468916263032
1109806827,B2809,2015-12-11 00:00:00,EDGEBURN CRESCENT,EDGEPARK BOULEVARD,EDGEBURN CRESCENT & EDGEPARK BOULEVARD,NW,Overhead Flasher,Yes,No,No,51.13406989825279,-114.15791705986923
1109806828,B2803,2016-01-18 00:00:00,BROOKPARK BOULEVARD,SOUTHLAND DRIVE,BROOKPARK BOULEVARD & SOUTHLAND DRIVE,SW,Overhead Flasher,Yes,No,No,50.96131866182605,-114.10945634576782
1109806830,B2804,2015-11-08 00:00:00,13 AVENUE,CENTRE STREET,13 AVENUE & CENTRE STREET,N,Overhead Flasher,Yes,No,No,51.06445539764846,-114.06251899012764
1109806831,B2812,2015-12-31 00:00:00,MCKENZIE TOWNE AVENUE,MCKENZIE TOWNE BOULEVARD,MCKENZIE TOWNE AVENUE & MCKENZIE TOWNE BOULEVARD,SE,Pedestrian RRFB,Yes,No,No,50.91746106603223,-113.96175284211692
1109807023,1138,2020-01-03 00:00:00,COUNTRY HILLS BOULEVARD,11 STREET,COUNTRY HILLS BOULEVARD & 11 STREET,NE,Traffic signal T intersection,Yes,Yes,Yes,51.15428589881958,-114.03203510871396
1109807037,1132,2015-01-23 00:00:00,SAGE HILL GATE,SAGE HILL PARADE,SAGE HILL GATE & SAGE HILL PARADE,NW,Traffic signal T intersection,Yes,Yes,No,51.17079838970496,-114.14327494652348
1109807552,1139,2015-06-18 00:00:00,8 AVENUE,11 STREET,8 AVENUE & 11 STREET,SW,Traffic signal T intersection,No,Yes,Yes,51.04625834466588,-114.08865276101297
1109935810,1140,2015-05-15 00:00:00,4 AVENUE,5 AVENUE,4 AVENUE & 5 AVENUE,SW,1/2 signal,Yes,Yes,No,51.04914588511441,-114.0874494858
1109936494,0774,2016-08-22 00:00:00,15 AVENUE,4 STREET,15 AVENUE & 4 STREET,SW,Traffic signal,Yes,Yes,Yes,51.03882897515384,-114.07152123729423
1109937340,B2811,2015-11-17 00:00:00,10940,BONAVENTURE DRIVE,10940 & BONAVENTURE DRIVE,SE,Overhead Flasher,Yes,No,No,50.954184470318566,-114.06583175227932
1109938535,0478,2020-07-29 00:00:00,10 AVENUE,6 STREET,10 AVENUE & 6 STREET,SW,Traffic signal T intersection,No,Yes,Yes,51.04370062722004,-114.07646343689235
1109938844,0993,2017-02-22 00:00:00,80 AVENUE,OGDEN ROAD,80 AVENUE & OGDEN ROAD,SE,Traffic signal,Yes,Yes,No,50.98139695729101,-113.99876223609414
1109938845,1142,2017-05-28 00:00:00,BARLOW TRAIL,GLENMORE TRAIL,BARLOW TRAIL & GLENMORE TRAIL,SE,Traffic signal,Yes,No,No,50.97872668495052,-113.98178861119273
1109938846,1143,2016-07-10 00:00:00,GLENMORE TRAIL,OGDEN ROAD/24 STREET,GLENMORE TRAIL & OGDEN ROAD/24 STREET,SE,Traffic signal,Yes,No,No,50.978607736755706,-113.99877857701686
1109941341,0773,2015-12-08 00:00:00,18 STREET,QUARRY PARK BOULEVARD,18 STREET & QUARRY PARK BOULEVARD,SE,1/2 signal,Yes,Yes,No,50.96503267267087,-114.01277056294096
1109945158,1082,2019-01-15 00:00:00,NOLAN HILL GATE/SAGE VALLEY DRIVE,SHAGANAPPI TRAIL,NOLAN HILL GATE/SAGE VALLEY DRIVE & SHAGANAPPI TRAIL,NW,Traffic signal,Yes,Yes,Yes,51.18004053331132,-114.1601310148096
1109945498,0980,2016-02-02 00:00:00,COPPERFIELD GATE,52 STREET,COPPERFIELD GATE & 52 STREET,SE,Traffic signal T intersection,Yes,Yes,No,50.910456714862704,-113.9493271843738
1109955827,1145,2019-01-31 00:00:00,WESTWINDS DRIVE,47 STREET,WESTWINDS DRIVE & 47 STREET,NE,Traffic signal,Yes,Yes,Yes,51.10012716665518,-113.96592107653127
1109957110,1186,2019-11-15 00:00:00,SYMONS VALLEY PARKWAY,SAGE HILL DRIVE/37 STREET,SYMONS VALLEY PARKWAY & SAGE HILL DRIVE/37 STREET,NW,Traffic signal,Yes,Yes,Yes,51.16802482190919,-114.14115977204148
1109957111,B0032,2019-09-24 00:00:00,212,TUSCANY WAY,212 & TUSCANY WAY,NW,Pedestrian RRFB,Yes,No,No,51.1249831972535,-114.24684412892724
1109959535,B2813,2016-02-18 00:00:00,SCENIC ACRES PARADE,SCENIC COVE BAY,SCENIC ACRES PARADE & SCENIC COVE BAY,NW,Pedestrian RRFB,Yes,No,No,51.12152295348132,-114.20853816669428
1109959536,B2814,2016-02-18 00:00:00,SCENIC ACRES PARADE,SCENIC COVE CIRCLE,SCENIC ACRES PARADE & SCENIC COVE CIRCLE,NW,Pedestrian RRFB,Yes,No,No,51.12116644350373,-114.2064319854564
1109959832,B2815,2016-04-14 00:00:00,101,CROWFOOT WAY,101 & CROWFOOT WAY,NW,Overhead Flasher,Yes,No,No,51.12473232021074,-114.20500143889012
1109960225,1147,2017-09-15 00:00:00,COUNTRY HILLS BOULEVARD,CITYSCAPE GATE/52 STREET,COUNTRY HILLS BOULEVARD & CITYSCAPE GATE/52 STREET,NE,Traffic signal,Yes,Yes,No,51.15425890016995,-113.95838108509707
1109965637,1150,2017-08-12 00:00:00,162 AVENUE,MACLEOD TRAIL,162 AVENUE & MACLEOD TRAIL,SE,Traffic signal T intersection,Yes,Yes,Yes,50.90465217546755,-114.06337377902346
1109965638,1151,2017-08-12 00:00:00,162 AVENUE/SUN VALLEY BOULEVARD,MACLEOD TRAIL,162 AVENUE/SUN VALLEY BOULEVARD & MACLEOD TRAIL,SE,Traffic signal T intersection,Yes,Yes,Yes,50.905222426797685,-114.0608509596547
1109967353,1152,2016-06-14 00:00:00,4 AVENUE,11 STREET,4 AVENUE & 11 STREET,SW,1/2 signal,Yes,Yes,No,51.048786735043294,-114.08854157577774
1109971126,1157,2017-03-30 00:00:00,AUBURN MEADOWS AVENUE/MAHOGANY ST,52 STREET,AUBURN MEADOWS AVENUE/MAHOGANY ST & 52 STREET,SE,Traffic signal,Yes,Yes,No,50.89657650196935,-113.94321703727064
1109971128,1158,2017-05-29 00:00:00,MAHOGANY GATE,MAHOGANY PLAZA,MAHOGANY GATE & MAHOGANY PLAZA,SE,Traffic signal,Yes,Yes,No,50.89954251427591,-113.9403176298565
1109980149,0800,2016-05-12 00:00:00,194 AVENUE,CHAPARRAL BV/WALDEN BOULEVARD,194 AVENUE & CHAPARRAL BV/WALDEN BOULEVARD,SE,Traffic signal,Yes,Yes,Yes,50.8776934901477,-114.02455366585802
1109980592,1034,2017-11-29 00:00:00,9 AVENUE,84 STREET,9 AVENUE & 84 STREET,SE,Traffic signal T intersection,Yes,No,No,51.04427080114983,-113.91182083443084
1109981125,1154,2016-07-06 00:00:00,SHERIFF KING STREET,SILVERADO BOULEVARD,SHERIFF KING STREET & SILVERADO BOULEVARD,SW,Traffic signal,Yes,Yes,No,50.88683901600595,-114.07115940411572
1109983610,B2820,2017-06-13 00:00:00,PANAMOUNT BOULEVARD,PANORAMA HILLS BOULEVARD,PANAMOUNT BOULEVARD & PANORAMA HILLS BOULEVARD,NW,Pedestrian RRFB,Yes,No,No,51.157879935259366,-114.08019529071493
1109984189,0188,2016-11-09 00:00:00,MEMORIAL DRIVE,9 STREET,MEMORIAL DRIVE & 9 STREET,NW,Traffic signal T intersection,Yes,Yes,Yes,51.05366075871355,-114.08121702753616
1109984736,1281,2024-09-27 00:00:00,144 AVENUE,SHAGANAPPI TRAIL,144 AVENUE & SHAGANAPPI TRAIL,NW,Traffic signal,Yes,Yes,Yes,51.18319798359413,-114.16112333113044
1109985725,B2816,2017-01-25 00:00:00,17 AVENUE,25 STREET,17 AVENUE & 25 STREET,SW,Overhead Flasher,Yes,No,No,51.03780942372723,-114.12077939825414
1109985734,B2552,2017-04-13 00:00:00,8220,CENTRE STREET,8220 & CENTRE STREET,N,Pedestrian RRFB,Yes,No,No,51.126889563414046,-114.07144018821435
1109986458,B2818,2016-12-21 00:00:00,BOWNESS ROAD,64 STREET,BOWNESS ROAD & 64 STREET,NW,Pedestrian RRFB,Yes,No,No,51.08651980198847,-114.18180408396144
1109987818,1190,2020-04-29 00:00:00,AUBURN MEADOWS DRIVE/MAHOGANY ROAD,52 STREET,AUBURN MEADOWS DRIVE/MAHOGANY ROAD & 52 STREET,SE,Traffic signal,Yes,Yes,Yes,50.89389785035907,-113.94265657374348
1109988823,1015,2017-10-26 00:00:00,112 AVENUE,76 STREET,112 AVENUE & 76 STREET,NW,Traffic signal,Yes,No,No,51.15418348163932,-114.1965785717471
1109992281,1155,2024-03-13 00:00:00,STONEHILL GATE/STONEHILL PLACE,STONEHILL DRIVE,STONEHILL GATE/STONEHILL PLACE & STONEHILL DRIVE,NE,Traffic signal,Yes,Yes,Yes,51.15677103276008,-114.00655644755602
1109993205,B2807,2017-11-05 00:00:00,SADDLEHORN DRIVE/SADDLEMONT WAY,SADDLEMONT BOULEVARD,SADDLEHORN DRIVE/SADDLEMONT WAY & SADDLEMONT BOULEVARD,NE,Pedestrian RRFB,Yes,No,No,51.128677285895925,-113.94122658802029
1109993214,B2806,2017-08-21 00:00:00,COVENTRY GARDENS/COVEPARK DRIVE,COVENTRY HILLS WAY,COVENTRY GARDENS/COVEPARK DRIVE & COVENTRY HILLS WAY,NE,Pedestrian RRFB,Yes,No,No,51.16466363136901,-114.05181330725752
1109998085,B2695,2015-12-10 00:00:00,LANSDOWNE AVENUE,CRESCENT BOULEVARD,LANSDOWNE AVENUE & CRESCENT BOULEVARD,SW,Pedestrian RRFB,Yes,No,No,51.01427350237349,-114.07482176795456
1109999560,0101,2016-12-09 00:00:00,SHAGANAPPI TRAIL,UNIVERSITY AVENUE,SHAGANAPPI TRAIL & UNIVERSITY AVENUE,NW,Traffic signal,Yes,Yes,No,51.07677092345422,-114.15214877069076
1110000892,0103,2019-03-21 00:00:00,RIVERFRONT AVENUE,1 STREET,RIVERFRONT AVENUE & 1 STREET,SW,Traffic signal T intersection,Yes,Yes,Yes,51.05226766571009,-114.0650015251168
1110001153,B2573,2016-12-12 00:00:00,EVERRIDGE DRIVE,24 STREET,EVERRIDGE DRIVE & 24 STREET,SW,Pedestrian RRFB,Yes,No,No,50.91084649130486,-114.1170350041252
1110001154,B2821,2016-07-28 00:00:00,ARBOUR CREST DRIVE,ARBOUR LAKE ROAD,ARBOUR CREST DRIVE & ARBOUR LAKE ROAD,NW,Pedestrian RRFB,Yes,No,No,51.13402183823126,-114.20823158985648
1110001156,B2822,2016-09-30 00:00:00,24 AVENUE,UDELL ROAD,24 AVENUE & UDELL ROAD,NW,Pedestrian RRFB,Yes,No,No,51.07436108340571,-114.13128383534456
1110001157,B2823,2016-08-10 00:00:00,OAKFIELD DRIVE,OAKWOOD DRIVE,OAKFIELD DRIVE & OAKWOOD DRIVE,SW,Pedestrian RRFB,Yes,No,No,50.96628072417292,-114.1325776516429
1110001158,B2824,2016-08-09 00:00:00,FALSHIRE CLOSE,FALSHIRE DRIVE,FALSHIRE CLOSE & FALSHIRE DRIVE,NE,Pedestrian RRFB,Yes,No,No,51.105326985907325,-113.94509038864608
1110001159,B2825,2016-12-14 00:00:00,MARLBOROUGH WAY,MARYVALE DRIVE,MARLBOROUGH WAY & MARYVALE DRIVE,NE,Pedestrian RRFB,Yes,No,No,51.05628906971257,-113.97693150027273
1110001160,B2826,2016-09-26 00:00:00,CRANFIELD LINK/CRANLEIGH DRIVE,CRANSTON BOULEVARD,CRANFIELD LINK/CRANLEIGH DRIVE & CRANSTON BOULEVARD,SE,Pedestrian RRFB,Yes,No,No,50.89352407446562,-113.9869594720671
1110001162,B2828,2016-06-22 00:00:00,HAWKSIDE PARK,HAWKWOOD BOULEVARD,HAWKSIDE PARK & HAWKWOOD BOULEVARD,NW,Pedestrian RRFB,Yes,No,No,51.129987553105856,-114.17814607618315
1110001163,B2829,2016-08-05 00:00:00,FALSHIRE DRIVE,FALTON RISE,FALSHIRE DRIVE & FALTON RISE,NE,Pedestrian RRFB,Yes,No,No,51.10606518319965,-113.94218735135578
1110001164,B2830,2017-05-18 00:00:00,SCENIC ACRES BOULEVARD,SCURFIELD WAY,SCENIC ACRES BOULEVARD & SCURFIELD WAY,NW,Pedestrian RRFB,Yes,No,No,51.11933975259064,-114.21465741798522
1110001165,B2831,2016-12-14 00:00:00,SILVER SPRINGS GATE,SILVERDALE DRIVE,SILVER SPRINGS GATE & SILVERDALE DRIVE,NW,Pedestrian RRFB,Yes,No,No,51.10353915908135,-114.18641356227702
1110001166,B2832,2016-08-02 00:00:00,QUEENSLAND CIRCLE,QUEENSLAND DRIVE,QUEENSLAND CIRCLE & QUEENSLAND DRIVE,SE,Pedestrian RRFB,Yes,No,No,50.93973630744027,-114.02455368662342
1110001167,B2833,2016-11-24 00:00:00,43 AVENUE,CENTRE STREET,43 AVENUE & CENTRE STREET,N,Pedestrian RRFB,Yes,No,No,51.09139734328841,-114.06243625405396
1110001168,B2834,2017-05-02 00:00:00,HERITAGE DRIVE,5 STREET,HERITAGE DRIVE & 5 STREET,SW,Pedestrian RRFB,Yes,No,No,50.97956970998453,-114.07912376930446
1110001169,B2835,2016-12-21 00:00:00,SHAWNESSY BOULEVARD,SHAWNESSY DRIVE,SHAWNESSY BOULEVARD & SHAWNESSY DRIVE,SW,Pedestrian RRFB,Yes,No,No,50.914001567007794,-114.0828457041471
1110001171,B2837,2016-11-17 00:00:00,54 AVENUE,4 STREET,54 AVENUE & 4 STREET,NW,Pedestrian RRFB,Yes,No,No,51.10117526329763,-114.07148526349498
1110001174,B2776,2016-12-20 00:00:00,73 AVENUE,ELBOW DRIVE,73 AVENUE & ELBOW DRIVE,SW,Pedestrian RRFB,Yes,No,No,50.98775056258335,-114.0831418427323
1110001180,B2840,2016-09-02 00:00:00,TUSCANY HILLS WAY/TUSCANY DRIVE,TUSCANY RAVINE ROAD/TUSCANY WAY,TUSCANY HILLS WAY/TUSCANY DRIVE & TUSCANY RAVINE ROAD/TUSCANY WAY,NW,Pedestrian RRFB,Yes,No,No,51.11875532825596,-114.24178367909734
1110001181,B2841,2016-12-31 00:00:00,8911,BONAVENTURE DRIVE,8911 & BONAVENTURE DRIVE,SE,Pedestrian RRFB,Yes,No,No,50.9741188801973,-114.0685696812162
1110001182,B2842,2017-01-04 00:00:00,12 AVENUE/ABBOTSFORD DRIVE,68 STREET,12 AVENUE/ABBOTSFORD DRIVE & 68 STREET,NE,Pedestrian RRFB,Yes,No,No,51.06283839525394,-113.93513827262808
1110001183,B2843,2016-06-24 00:00:00,PRESTWICK CIRCLE,PRESTWICK STREET,PRESTWICK CIRCLE & PRESTWICK STREET,SE,Pedestrian RRFB,Yes,No,No,50.926605031500415,-113.96694032139524
1110001184,B2844,2016-12-09 00:00:00,CHARLESWOOD DRIVE,24 STREET,CHARLESWOOD DRIVE & 24 STREET,NW,Pedestrian RRFB,Yes,No,No,51.0869689173301,-114.12002747825083
1110001185,B2845,2016-12-21 00:00:00,MCKENZIE LAKE BOULEVARD,MT MCKENZIE WAY/MCKENZIE LAKE WAY,MCKENZIE LAKE BOULEVARD & MT MCKENZIE WAY/MCKENZIE LAKE WAY,SE,Pedestrian RRFB,Yes,No,No,50.91560678655727,-113.98440960123736
1110001186,B2846,2016-11-17 00:00:00,11900,COUNTRY VILLAGE LINK,11900 & COUNTRY VILLAGE LINK,SE,Pedestrian RRFB,Yes,No,No,51.15861720392172,-114.06779729890629
1110001187,B2847,2016-12-28 00:00:00,33 AVENUE,16 STREET,33 AVENUE & 16 STREET,SW,Pedestrian RRFB,Yes,No,No,51.02399748882327,-114.0995210693439
1110001188,B2848,2016-11-16 00:00:00,1 AVENUE,6 STREET,1 AVENUE & 6 STREET,NE,Pedestrian RRFB,Yes,No,No,51.05327397118559,-114.0483972270498
1110001189,B2849,2016-08-11 00:00:00,COVENTRY DRIVE,COVERDALE ROAD/COVINGTON CLOSE,COVENTRY DRIVE & COVERDALE ROAD/COVINGTON CLOSE,NE,Pedestrian RRFB,Yes,No,No,51.16167768801054,-114.04311052503016
1110001832,1160,2018-11-27 00:00:00,80 AVENUE,MARTHAS WAY/52 STREET,80 AVENUE & MARTHAS WAY/52 STREET,NE,Traffic signal,Yes,Yes,Yes,51.12519934167171,-113.95837216413472
1110001833,B2859,2017-06-12 00:00:00,HIDDEN SPRING CI/HIDDEN SPRING CL,HIDDEN VALLEY DRIVE,HIDDEN SPRING CI/HIDDEN SPRING CL & HIDDEN VALLEY DRIVE,NW,Pedestrian RRFB,Yes,No,No,51.151526505541526,-114.10937387088782
1110004236,1149,2018-10-15 00:00:00,88 AVENUE,METIS TRAIL,88 AVENUE & METIS TRAIL,NE,Traffic signal,Yes,Yes,Yes,51.13258964160277,-113.97010614193849
1110004239,0014,2017-06-27 00:00:00,48 AVENUE,85 STREET,48 AVENUE & 85 STREET,NW,Traffic signal T intersection,Yes,Yes,Yes,51.09587255620259,-114.21096971365868
1110004354,0736,2018-12-12 00:00:00,76 AVENUE,OGDEN ROAD,76 AVENUE & OGDEN ROAD,SE,Traffic signal,Yes,Yes,Yes,50.98506126003526,-113.998783610402
1110006137,1031,2018-06-12 00:00:00,88 AVENUE,36 STREET,88 AVENUE & 36 STREET,NE,Traffic signal,Yes,No,No,51.13197724500153,-113.98165289252832
1110006467,B2839,2016-12-28 00:00:00,TUSCANY DRIVE,TUSCANY WAY,TUSCANY DRIVE & TUSCANY WAY,NW,Pedestrian RRFB,Yes,No,No,51.12907207777697,-114.25017507734354
1110006473,B2735,2018-10-31 00:00:00,8 AVENUE,3 STREET,8 AVENUE & 3 STREET,SE,Overhead Flasher,Yes,No,No,51.04514943030434,-114.05567403768222
1110008324,1243,2022-07-21 00:00:00,SUNRIDGE WAY,34 STREET,SUNRIDGE WAY & 34 STREET,NE,Traffic signal,Yes,Yes,Yes,51.06869145638945,-113.98607894219435
1110008954,0901,2017-08-17 00:00:00,JAMES MCKEVITT ROAD,MILLRISE WAY/SHAWNEE STREET,JAMES MCKEVITT ROAD & MILLRISE WAY/SHAWNEE STREET,SW,Traffic signal,Yes,Yes,No,50.92136931861224,-114.08098991697038
1110009368,1169,2018-07-10 00:00:00,17 AVENUE,31 STREET,17 AVENUE & 31 STREET,SE,Traffic signal T intersection,Yes,Yes,Yes,51.037823731335294,-113.98935746240346
1110009373,1166,2018-09-06 00:00:00,17 AVENUE,38 STREET,17 AVENUE & 38 STREET,SE,Traffic signal,Yes,Yes,Yes,51.03784904929289,-113.97868135429206
1110009376,1162,2018-08-30 00:00:00,17 AVENUE,40 STREET,17 AVENUE & 40 STREET,SE,Traffic signal,Yes,Yes,Yes,51.03784175172418,-113.9757371146635
1110009378,1167,2018-09-19 00:00:00,17 AVENUE,42 STREET,17 AVENUE & 42 STREET,SE,Traffic signal,Yes,Yes,Yes,51.03783453421856,-113.97286466749652
1110009380,1168,2018-08-21 00:00:00,17 AVENUE,47 STREET,17 AVENUE & 47 STREET,SE,Traffic signal,Yes,Yes,Yes,51.03775452678694,-113.96567592527109
1110009383,1161,2018-09-18 00:00:00,17 AVENUE,54 STREET,17 AVENUE & 54 STREET,SE,Traffic signal T intersection,Yes,Yes,Yes,51.03784012092513,-113.95557386890896
1110013000,0049,1993-05-30 00:00:00,JOHN LAURIE BOULEVARD,14 STREET,JOHN LAURIE BOULEVARD & 14 STREET,NW,Traffic signal,Yes,Yes,No,51.08978879357696,-114.09467903270894
1110020863,0737,2017-11-17 00:00:00,79 AVENUE,HERITAGE DRIVE,79 AVENUE & HERITAGE DRIVE,SE,Traffic signal,Yes,Yes,Yes,50.98268408325035,-114.04847129339264
1110025839,0953,2017-12-14 00:00:00,BROADCAST AVENUE,85 STREET,BROADCAST AVENUE & 85 STREET,SW,Traffic signal T intersection,Yes,Yes,Yes,51.06473090244587,-114.21097628779088
1110025843,1215,2021-02-18 00:00:00,ROYAL VISTA DRIVE,ROYAL VISTA WAY,ROYAL VISTA DRIVE & ROYAL VISTA WAY,NW,Traffic signal,Yes,Yes,Yes,51.15119266372757,-114.20749341846982
1110025844,0389,2019-09-07 00:00:00,10 AVENUE,BOW TRAIL,10 AVENUE & BOW TRAIL,SW,Traffic signal T intersection,No,No,No,51.04457058549025,-114.10887607977276
1110025846,0646,2022-06-15 00:00:00,BOWFORT ROAD/GREENBRIAR BOULEVARD,GREENBRIAR WAY,BOWFORT ROAD/GREENBRIAR BOULEVARD & GREENBRIAR WAY,NW,Traffic signal T intersection,Yes,Yes,Yes,51.08628783288061,-114.2176146639789
1110025848,0059,2024-09-26 00:00:00,NA'A DRIVE,MEDICINE HILLS TOWN CENTRE,NA'A DRIVE & MEDICINE HILLS TOWN CENTRE,SW,Traffic signal,Yes,Yes,Yes,51.08010512744877,-114.1956514839075
1110025851,1069,2023-05-18 00:00:00,GREENBRIAR PLACE,GREENBRIAR WAY,GREENBRIAR PLACE & GREENBRIAR WAY,NW,Traffic signal,Yes,Yes,Yes,51.087878178995794,-114.21782439226664
1110028121,B2850,2017-09-27 00:00:00,BOWNESS ROAD,62 STREET,BOWNESS ROAD & 62 STREET,NW,Overhead Flasher,Yes,No,No,51.08487789793554,-114.17816212232457
1110028122,1159,2017-11-24 00:00:00,64 AVENUE,68 STREET,64 AVENUE & 68 STREET,NE,Traffic signal,Yes,Yes,Yes,51.11063162452936,-113.93504989833096
1110035604,0831,2017-08-11 00:00:00,SUN VALLEY BOULEVARD,SUNPARK GATE,SUN VALLEY BOULEVARD & SUNPARK GATE,SE,Traffic signal,Yes,Yes,Yes,50.90604877408244,-114.05806496925835
1110038954,B2851,2017-09-01 00:00:00,32 STREET,SUNRIDGE SPECTRUM DRIVEWAY,32 STREET & SUNRIDGE SPECTRUM DRIVEWAY,NE,Pedestrian RRFB,Yes,No,No,51.0743727639471,-113.98869046710998
1110038955,B2852,2017-04-12 00:00:00,KENSINGTON ROAD,23 STREET,KENSINGTON ROAD & 23 STREET,NW,Pedestrian RRFB,Yes,No,No,51.0524895580262,-114.11546001102514
1110038956,B2853,2017-07-04 00:00:00,SUNPARK DRIVE,SUNPARK PLAZA,SUNPARK DRIVE & SUNPARK PLAZA,SE,Pedestrian RRFB,Yes,No,No,50.90109134340901,-114.05514364910312
1110038957,B2854,2017-11-05 00:00:00,SUNRIDGE BOULEVARD,27 STREET,SUNRIDGE BOULEVARD & 27 STREET,NE,Pedestrian RRFB,Yes,No,No,51.07689954650601,-113.99477294962288
1110038958,0096,2019-03-15 00:00:00,8 AVENUE,12 STREET,8 AVENUE & 12 STREET,SE,Traffic signal,Yes,Yes,Yes,51.04203597000951,-114.03358440828026
1110038959,B2856,2017-12-21 00:00:00,3830,BRENTWOOD ROAD,3830 & BRENTWOOD ROAD,NW,Pedestrian RRFB,Yes,No,No,51.08666091512633,-114.13020458082002
1110038960,B2857,2017-04-13 00:00:00,ELBOW DRIVE,SOUTHGLEN DRIVE,ELBOW DRIVE & SOUTHGLEN DRIVE,SW,Pedestrian RRFB,Yes,No,No,50.95460702110183,-114.08479466839984
1110038961,B2858,2017-12-15 00:00:00,50 AVENUE,21A STREET,50 AVENUE & 21A STREET,SW,Pedestrian RRFB,Yes,No,No,51.008710373435214,-114.1137543626979
1110038964,B2860,2017-06-13 00:00:00,KENSINGTON ROAD,25 STREET,KENSINGTON ROAD & 25 STREET,NW,Pedestrian RRFB,Yes,No,No,51.05246772325128,-114.1201495769514
1110038966,B2861,2017-06-15 00:00:00,19 AVENUE,11 STREET,19 AVENUE & 11 STREET,SE,Pedestrian RRFB,Yes,No,No,51.036227164051446,-114.03676720099904
1110038968,B2862,2017-04-12 00:00:00,OAKFIELD DRIVE,30 STREET,OAKFIELD DRIVE & 30 STREET,SW,Pedestrian RRFB,Yes,No,No,50.95403211830781,-114.12963065534026
1110038969,1171,2019-04-17 00:00:00,140 AVENUE/SYMONS VALLEY PARKWAY,STONEY TRAIL/14 STREET,140 AVENUE/SYMONS VALLEY PARKWAY & STONEY TRAIL/14 STREET,NW,Traffic signal,Yes,Yes,Yes,51.18148294877974,-114.09463069643398
1110038972,B2864,2017-08-09 00:00:00,RIVERBEND DRIVE,RIVERVALLEY DRIVE,RIVERBEND DRIVE & RIVERVALLEY DRIVE,SE,Pedestrian RRFB,Yes,No,No,50.97330625923899,-114.02039944646748
1110038973,B2865,2017-04-12 00:00:00,BRIDLERIDGE WAY,BRIDLEWOOD ROAD,BRIDLERIDGE WAY & BRIDLEWOOD ROAD,SW,Pedestrian RRFB,Yes,No,No,50.90206851486096,-114.10919943838252
1110038974,B2866,2017-05-04 00:00:00,CASTLEBROOK DRIVE,CASTLEBROOK ROAD,CASTLEBROOK DRIVE & CASTLEBROOK ROAD,NE,Pedestrian RRFB,Yes,No,No,51.104415108034544,-113.9620220273224
1110038977,B2868,2017-05-05 00:00:00,DALHOUSIE DRIVE,DALGETTY DRIVE,DALHOUSIE DRIVE & DALGETTY DRIVE,NW,Pedestrian RRFB,Yes,No,No,51.103395385931705,-114.15010455386798
1110038978,B2869,2017-02-27 00:00:00,26 AVENUE,25 STREET,26 AVENUE & 25 STREET,SW,Pedestrian RRFB,Yes,No,No,51.03005675271898,-114.12072790845912
1110038981,B2714,2018-09-27 00:00:00,HARVEST HILLS GATE,HARVEST WOOD GATE,HARVEST HILLS GATE & HARVEST WOOD GATE,NE,Pedestrian RRFB,Yes,No,No,51.15287199852981,-114.04806007035336
1110038982,B2871,2017-06-19 00:00:00,MUNRO DRIVE,19 STREET,MUNRO DRIVE & 19 STREET,NE,Pedestrian RRFB,Yes,No,No,51.05626372561844,-114.01106389682168
1110038984,B2872,2017-06-14 00:00:00,MOUNT DOUGLAS CLOSE,MOUNT MCKENZIE DRIVE,MOUNT DOUGLAS CLOSE & MOUNT MCKENZIE DRIVE,SE,Pedestrian RRFB,Yes,No,No,50.92305931446045,-113.98133633852396
1110046138,1312,2026-09-16 00:00:00,17 AVENUE,9A STREET,17 AVENUE & 9A STREET,SW,Traffic signal T intersection,No,Yes,Yes,51.037817739550654,-114.08566729920813
1110046493,B2873,2017-07-17 00:00:00,19 AVENUE,5 STREET,19 AVENUE & 5 STREET,SW,Pedestrian RRFB,Yes,No,No,51.036249402633146,-114.07418782719508
1110046494,B2716,2018-12-10 00:00:00,HARVEST HILLS DRIVE,HARVEST HILLS WAY,HARVEST HILLS DRIVE & HARVEST HILLS WAY,NE,Pedestrian RRFB,Yes,No,No,51.15002533964003,-114.04538069348276
1110046499,B2876,2017-05-25 00:00:00,ROCKY RIDGE CRESCENT/ROYAL OAK WAY,ROCKY RIDGE ROAD,ROCKY RIDGE CRESCENT/ROYAL OAK WAY & ROCKY RIDGE ROAD,NW,Pedestrian RRFB,Yes,No,No,51.14866631407119,-114.2342294463256
1110046500,B2877,2017-07-12 00:00:00,WOODBINE BOULEVARD,WOODFIELD WAY/WOODMONT DRIVE,WOODBINE BOULEVARD & WOODFIELD WAY/WOODMONT DRIVE,SW,Pedestrian RRFB,Yes,No,No,50.9386661115449,-114.12835808849064
1110046501,B2577,2018-09-12 00:00:00,DALHOUSIE DRIVE,54 STREET,DALHOUSIE DRIVE & 54 STREET,NW,Pedestrian RRFB,Yes,No,No,51.10898688818475,-114.16452674644574
1110046502,B2879,2017-06-14 00:00:00,MILLCREST ROAD,MILLRISE DRIVE,MILLCREST ROAD & MILLRISE DRIVE,SW,Pedestrian RRFB,Yes,No,No,50.91778908066698,-114.08729003890586
1110046503,B2880,2017-12-19 00:00:00,SAGE MEADOWS GREEN,SYMONS VALLEY PARKWAY,SAGE MEADOWS GREEN & SYMONS VALLEY PARKWAY,NW,Pedestrian RRFB,Yes,No,No,51.1681087825734,-114.12523992413284
1110046504,B2881,2017-12-07 00:00:00,SHAWNEE DRIVE,SHAWNEE RISE/6 STREET,SHAWNEE DRIVE & SHAWNEE RISE/6 STREET,SW,Pedestrian RRFB,Yes,No,No,50.92417537688952,-114.07734713425852
1110046505,B2882,2017-05-24 00:00:00,TUSCANY RIDGE HEIGHTS,TUSCANY WAY,TUSCANY RIDGE HEIGHTS & TUSCANY WAY,NW,Pedestrian RRFB,Yes,No,No,51.13063823209636,-114.25148501073372
1110046506,B2883,2017-07-11 00:00:00,CROWCHILD TRAIL,LONGRIDGE DRIVE,CROWCHILD TRAIL & LONGRIDGE DRIVE,SW,Pedestrian RRFB,Yes,No,No,50.99534935967189,-114.1179201741914
1110046507,B2884,2017-05-25 00:00:00,ROCKBOROUGH PARK/ROYAL OAK GARDENS,ROCKY RIDGE ROAD,ROCKBOROUGH PARK/ROYAL OAK GARDENS & ROCKY RIDGE ROAD,NW,Pedestrian RRFB,Yes,No,No,51.15201434408499,-114.23422272903348
1110046508,B2885,2017-06-14 00:00:00,MCKENZIE TOWNE BOULEVARD,TRAFFIC CIRCLE,MCKENZIE TOWNE BOULEVARD & TRAFFIC CIRCLE,SE,Pedestrian RRFB,Yes,No,No,50.91649792068635,-113.9649970535981
1110058807,B2889,2017-12-07 00:00:00,8 AVENUE,40 STREET,8 AVENUE & 40 STREET,SE,Pedestrian RRFB,Yes,No,No,51.04515237178544,-113.9758042502577
1110058808,B2890,2017-08-25 00:00:00,ELBOW DRIVE,SABRINA ROAD,ELBOW DRIVE & SABRINA ROAD,SW,Pedestrian RRFB,Yes,No,No,50.95704294179496,-114.08468117325393
1110058809,B2891,2017-08-16 00:00:00,COPPERFIELD BOULEVARD,COPPERLEAF LINK,COPPERFIELD BOULEVARD & COPPERLEAF LINK,SE,Pedestrian RRFB,Yes,No,No,50.911090012301344,-113.93378290089296
1110058812,B2892,2017-07-04 00:00:00,MILLRISE SQUARE/SHANNON SQUARE,SHAWNESSY BOULEVARD,MILLRISE SQUARE/SHANNON SQUARE & SHAWNESSY BOULEVARD,SW,Pedestrian RRFB,Yes,No,No,50.914019042733294,-114.09686955574008
1110058813,B2893,2017-12-15 00:00:00,CHAPALINA CLOSE,CHAPARRAL DRIVE,CHAPALINA CLOSE & CHAPARRAL DRIVE,SE,Pedestrian RRFB,Yes,No,No,50.88295444765874,-114.04377287016268
1110058815,B2895,2017-09-13 00:00:00,BOWNESS ROAD,66 STREET,BOWNESS ROAD & 66 STREET,NW,Pedestrian RRFB,Yes,No,No,51.088325044363806,-114.18590398758296
1110060182,1062,2018-01-31 00:00:00,AUBURN BAY BOULEVARD,AUBURN BAY GATE,AUBURN BAY BOULEVARD & AUBURN BAY GATE,SE,Traffic signal T intersection,Yes,Yes,Yes,50.884944102889406,-113.95869284313328
1110060543,1163,2018-09-13 00:00:00,114 AVENUE,56 STREET,114 AVENUE & 56 STREET,SE,Traffic signal,Yes,No,No,50.95045709269005,-113.95190586156484
1110061211,0873,2018-04-19 00:00:00,15 AVENUE,8 STREET,15 AVENUE & 8 STREET,SW,Traffic signal,No,Yes,Yes,51.03910827950264,-114.08171776400074
1110061922,B2672,2017-09-29 00:00:00,EDGELAND RISE/EDGEPARK RISE,EDGEPARK BOULEVARD,EDGELAND RISE/EDGEPARK RISE & EDGEPARK BOULEVARD,NW,Pedestrian RRFB,Yes,No,No,51.13253965685746,-114.15818024158332
1110061935,B2721,2017-09-19 00:00:00,72 AVENUE,HUNTRIDGE HILL,72 AVENUE & HUNTRIDGE HILL,NE,Pedestrian RRFB,Yes,No,No,51.117973538791794,-114.06325292412409
1110061936,1172,2019-12-17 00:00:00,BOW TRAIL,77 STREET,BOW TRAIL & 77 STREET,SW,1/2 signal,Yes,Yes,No,51.0524951760778,-114.19876083637548
1110061938,B2709,2017-12-20 00:00:00,37 AVENUE,TEMPLE DRIVE,37 AVENUE & TEMPLE DRIVE,NE,Pedestrian RRFB,Yes,No,No,51.08645393655638,-113.93923356416823
1110061939,B2896,2017-07-27 00:00:00,30 AVENUE,4 STREET,30 AVENUE & 4 STREET,NW,Pedestrian RRFB,Yes,No,No,51.07965252245009,-114.07154040991897
1110061940,B2897,2017-08-15 00:00:00,10 AVENUE,45 STREET,10 AVENUE & 45 STREET,SW,Pedestrian RRFB,Yes,No,No,51.04335210199909,-114.15265693966846
1110061942,B2899,2017-12-21 00:00:00,42 AVENUE,BRANDON STREET,42 AVENUE & BRANDON STREET,SE,Pedestrian RRFB,Yes,No,No,51.01593106108115,-114.05550860809105
1110061945,B2900,2017-12-19 00:00:00,COVENTRY HILLS WAY,COVETTE BAY,COVENTRY HILLS WAY & COVETTE BAY,NE,Pedestrian RRFB,Yes,No,No,51.16519890628919,-114.0445316945572
1110061946,B2901,2017-09-20 00:00:00,SADDLEMONT BOULEVARD,SADDLETOWNE CIRCLE,SADDLEMONT BOULEVARD & SADDLETOWNE CIRCLE,NE,Pedestrian RRFB,Yes,No,No,51.12598464000976,-113.94465583740303
1110061947,B2902,2017-07-13 00:00:00,30 AVENUE,51 STREET,30 AVENUE & 51 STREET,SW,Pedestrian RRFB,Yes,No,No,51.027028498195975,-114.1609674522764
1110061948,B2903,2017-09-10 00:00:00,MEMORIAL DRIVE,14 STREET,MEMORIAL DRIVE & 14 STREET,NW,Pedestrian RRFB,Yes,No,No,51.04978441634562,-114.09451867052296
1110061949,B2904,2017-08-17 00:00:00,16198,McKENZIE LAKE WAY,16198 & McKENZIE LAKE WAY,SE,Pedestrian RRFB,Yes,No,No,50.90692655203195,-113.98384037882846
1110063416,B2905,2018-01-28 00:00:00,17 AVENUE,DEERFOOT TRAIL,17 AVENUE & DEERFOOT TRAIL,SE,Pedestrian RRFB,Yes,No,No,51.03721108633013,-114.00749408788742
1110063420,B2907,2018-02-28 00:00:00,64 AVENUE,DEERFOOT TRAIL,64 AVENUE & DEERFOOT TRAIL,NE,Pedestrian RRFB,Yes,No,No,51.11033421293477,-114.04552384130304
1110063421,B2906,2018-01-23 00:00:00,130 AVENUE,DEERFOOT TRAIL,130 AVENUE & DEERFOOT TRAIL,SE,Pedestrian RRFB,Yes,No,No,50.93168194839665,-113.97283471758156
1110063883,1165,2018-07-26 00:00:00,UNIVERSITY AVENUE,39 STREET,UNIVERSITY AVENUE & 39 STREET,NW,Traffic signal T intersection,Yes,Yes,Yes,51.07840613044379,-114.14482554573412
1110063884,1164,2018-09-25 00:00:00,MCLAURIN STREET,UNIVERSITY AVENUE,MCLAURIN STREET & UNIVERSITY AVENUE,NW,Traffic signal,Yes,Yes,Yes,51.07754341330055,-114.14773617864698
1110067620,B2588,2017-12-15 00:00:00,44 AVENUE,16 STREET,44 AVENUE & 16 STREET,SW,Pedestrian RRFB,Yes,No,No,51.01423916707007,-114.10047652086112
1110067622,B2863,2017-12-15 00:00:00,AMIENS ROAD,FLANDERS AVENUE,AMIENS ROAD & FLANDERS AVENUE,SW,Pedestrian RRFB,Yes,No,No,51.01605425220528,-114.11479435996328
1110067623,B2908,2017-12-19 00:00:00,CASTLERIDGE DRIVE,54 STREET,CASTLERIDGE DRIVE & 54 STREET,NE,Pedestrian RRFB,Yes,No,No,51.10812980407506,-113.9559512166808
1110067625,B2909,2017-11-05 00:00:00,CRANSTON DRIVE,CRANSTON WAY,CRANSTON DRIVE & CRANSTON WAY,SE,Pedestrian RRFB,Yes,No,No,50.886027523061465,-113.9880516602226
1110067626,B2910,2017-09-29 00:00:00,RANCHERO DRIVE,RANCHLANDS BOULEVARD,RANCHERO DRIVE & RANCHLANDS BOULEVARD,NW,Pedestrian RRFB,Yes,No,No,51.12051784730807,-114.1938861984779
1110067627,B2911,2017-12-18 00:00:00,KINCORA GLEN GREEN,KINCORA GLEN ROAD,KINCORA GLEN GREEN & KINCORA GLEN ROAD,NW,Pedestrian RRFB,Yes,No,No,51.16505867357774,-114.13545800152512
1110067645,B2913,2017-10-18 00:00:00,26 AVENUE,51 STREET,26 AVENUE & 51 STREET,SW,Pedestrian RRFB,Yes,No,No,51.03050953612405,-114.16094888173257
1110067646,B2914,2017-10-28 00:00:00,SANDSTONE DRIVE,SANDSTONE HILL,SANDSTONE DRIVE & SANDSTONE HILL,NW,Pedestrian RRFB,Yes,No,No,51.13449025222606,-114.0901151949638
1110067753,B2543,2017-12-28 00:00:00,MARTINBROOK GATE,MARTINDALE BOULEVARD,MARTINBROOK GATE & MARTINDALE BOULEVARD,NE,Pedestrian RRFB,Yes,No,No,51.11428634034504,-113.95541564190025
1110068088,B2915,2018-01-23 00:00:00,130 AVENUE,DEERFOOT TRAIL,130 AVENUE & DEERFOOT TRAIL,SE,Pedestrian RRFB,Yes,No,No,50.93213350213251,-113.9726100125752
1110068089,0689,2018-07-23 00:00:00,MEMORIAL DRIVE,ZOO ROAD,MEMORIAL DRIVE & ZOO ROAD,NE,Traffic signal T intersection,Yes,Yes,Yes,51.04763652025596,-114.0361709226506
1110068402,B2916,2017-09-10 00:00:00,HAWKMOUNT GREEN,HAWKSTONE DRIVE,HAWKMOUNT GREEN & HAWKSTONE DRIVE,NW,Pedestrian RRFB,Yes,No,No,51.13498468467771,-114.1783897409949
1110078125,B2601,2017-12-28 00:00:00,CHAPALA DRIVE,CHAPARRAL DRIVE,CHAPALA DRIVE & CHAPARRAL DRIVE,SE,Pedestrian RRFB,Yes,No,No,50.88529470752629,-114.03007836081515
1110080035,B2610,2017-10-19 00:00:00,ZOO ROAD,ZOO ENTRANCE,ZOO ROAD & ZOO ENTRANCE,NE,Overhead Flasher,Yes,No,No,51.04586697212162,-114.03534435026216
1110080264,1251,2021-12-14 00:00:00,16 AVENUE,43 STREET,16 AVENUE & 43 STREET,NW,Traffic signal,Yes,Yes,Yes,51.06791892299808,-114.1579948079541
1110083534,1212,2021-05-04 00:00:00,ALDERSYDE GATE,LONGVIEW COMMON,ALDERSYDE GATE & LONGVIEW COMMON,SE,Traffic signal T intersection,Yes,Yes,Yes,50.86416088591783,-114.02988411839328
1110083701,B2617,2020-05-08 00:00:00,1928,14 AVENUE,1928 & 14 AVENUE,NW,Overhead Flasher,Yes,No,No,51.06518074351413,-114.10426345978053
1110090619,1084,2017-10-31 00:00:00,SAGE HILL DRIVE,SYMONS VALLEY ROAD,SAGE HILL DRIVE & SYMONS VALLEY ROAD,NW,1/2 signal,Yes,Yes,No,51.16983003389587,-114.13295974980342
1110090649,0012,2018-06-06 00:00:00,SHAGANAPPI TRAIL,SHERWOOD GATE,SHAGANAPPI TRAIL & SHERWOOD GATE,NW,Traffic signal T intersection,Yes,Yes,Yes,51.163378626371085,-114.14372943304714
1110094348,0749,2018-11-09 00:00:00,BRADBURY DRIVE,SOUTHLAND DRIVE,BRADBURY DRIVE & SOUTHLAND DRIVE,SW,Traffic signal,Yes,Yes,Yes,50.96141290608528,-114.09890865321384
1110098966,B2917,2018-12-03 00:00:00,MORLEY TRAIL,28 AVENUE,MORLEY TRAIL & 28 AVENUE,NW,Pedestrian RRFB,Yes,No,No,51.07873057175012,-114.11431421607698
1110105839,B2690,2019-10-01 00:00:00,90 AVENUE,OAKMOUNT DRIVE,90 AVENUE & OAKMOUNT DRIVE,SW,Overhead Flasher,Yes,No,No,50.97667326558076,-114.135836836636
1110105840,0853,2019-01-25 00:00:00,OAKFIELD DRIVE,SOUTHLAND DRIVE,OAKFIELD DRIVE & SOUTHLAND DRIVE,SW,Traffic signal,Yes,Yes,Yes,50.96128301624604,-114.13229558099788
1110106064,0009,2022-12-21 00:00:00,FOOTHILLS HOSPITAL DRIVE,HELIPORT ROAD,FOOTHILLS HOSPITAL DRIVE & HELIPORT ROAD,NW,Traffic signal,Yes,Yes,Yes,51.066553911076944,-114.13240822284308
1110106303,0910,2018-04-30 00:00:00,BRIDLEWOOD ROAD,JAMES McKEVITT ROAD,BRIDLEWOOD ROAD & JAMES McKEVITT ROAD,SW,Traffic signal T intersection,Yes,Yes,Yes,50.90288746369126,-114.0983104858214
1110110950,1144,2021-10-27 00:00:00,28 AVENUE,52 STREET,28 AVENUE & 52 STREET,SE,Traffic signal,Yes,Yes,Yes,51.0281300995275,-113.95838487989406
1110115659,1245,2021-11-05 00:00:00,19 AVENUE,36 STREET,19 AVENUE & 36 STREET,SE,Traffic signal,Yes,Yes,Yes,51.03621725644896,-113.9816107802572
1110119326,0750,2018-06-28 00:00:00,NOLAN HILL DRIVE/SHERVIEW DRIVE,SYMONS VALLEY PARKWAY,NOLAN HILL DRIVE/SHERVIEW DRIVE & SYMONS VALLEY PARKWAY,NW,Traffic signal,Yes,Yes,Yes,51.16803764907753,-114.1606216614286
1110119657,1174,2019-07-09 00:00:00,SKYVIEW CIRCLE,SKYVIEW RANCH DRIVE,SKYVIEW CIRCLE & SKYVIEW RANCH DRIVE,NE,Traffic signal,Yes,Yes,Yes,51.15699908415215,-113.9511704767588
1110119664,1175,2019-09-04 00:00:00,SKYVIEW CIRCLE,SKYVIEW PARADE,SKYVIEW CIRCLE & SKYVIEW PARADE,NE,Traffic signal T intersection,Yes,Yes,Yes,51.1558494421773,-113.95223231545803
1110119671,0765,2018-08-17 00:00:00,TUSCANY VALLEY PARK,TUSCANY WAY,TUSCANY VALLEY PARK & TUSCANY WAY,NW,Fire signal,Yes,No,No,51.126861764947066,-114.2483310544754
1110123173,B2744,2018-01-05 00:00:00,MISSION ROAD,30 AVE & 34 AVE,MISSION ROAD & 30 AVE & 34 AVE,SW,Pedestrian RRFB,Yes,No,No,51.024517287818135,-114.0694912532837
1110123869,0766,2019-02-27 00:00:00,9 AVENUE,16 STREET,9 AVENUE & 16 STREET,SE,Traffic signal,Yes,Yes,Yes,51.03642170222572,-114.02211854750702
1110144648,1234,2020-11-26 00:00:00,OAKMOOR DRIVE,24 STREET,OAKMOOR DRIVE & 24 STREET,SW,Traffic signal,Yes,Yes,Yes,50.96323188450152,-114.11796001322804
1110156134,1156,2022-09-28 00:00:00,16 AVENUE,BOWNESS ROAD,16 AVENUE & BOWNESS ROAD,NW,1/4 signal,No,No,No,51.06601392883261,-114.15076359756942
1110156207,0100,2020-02-10 00:00:00,MEREDITH ROAD,4 STREET,MEREDITH ROAD & 4 STREET,NE,Traffic signal,Yes,Yes,Yes,51.05191102012143,-114.05169274723296
1110156514,B2509,2019-11-22 00:00:00,54 AVENUE,CROWCHILD TRAIL,54 AVENUE & CROWCHILD TRAIL,SW,Pedestrian RRFB,Yes,No,No,51.00500245337159,-114.11761232872752
1110159542,1173,2018-10-22 00:00:00,26 AVENUE,4 STREET,26 AVENUE & 4 STREET,NW,Fire signal,No,No,No,51.07612438473734,-114.07154756859909
1110163097,B2723,2022-09-12 00:00:00,BOWNESS ROAD,45 STREET,BOWNESS ROAD & 45 STREET,NW,Pedestrian RRFB,Yes,No,No,51.07144129164397,-114.15888069213656
1110163881,B0060,2022-01-03 00:00:00,9 AVENUE,81 STREET,9 AVENUE & 81 STREET,SW,Pedestrian RRFB,Yes,No,No,51.05964212379531,-114.20510851800128
1110166328,1179,2019-12-31 00:00:00,88 AVENUE,60 STREET,88 AVENUE & 60 STREET,NE,Traffic signal,Yes,Yes,Yes,51.132529989168965,-113.94675141368506
1110173059,B2719,2019-03-27 00:00:00,CRANFORD WAY,CRANSTON ROUNDABOUT,CRANFORD WAY & CRANSTON ROUNDABOUT,SE,Pedestrian RRFB,Yes,No,No,50.86882438218152,-113.96923357171512
1110173060,B2697,2019-03-27 00:00:00,CRANSTON GATE,CRANSTON ROUNDABOUT,CRANSTON GATE & CRANSTON ROUNDABOUT,SE,Pedestrian RRFB,Yes,No,No,50.86813717835383,-113.96919392428094
1110174211,B2919,2019-03-13 00:00:00,COUNTRY HILLS BOULEVARD,STONEY TRAIL,COUNTRY HILLS BOULEVARD & STONEY TRAIL,NW,Pedestrian RRFB,Yes,No,No,51.14570897416036,-114.20713554051191
1110175195,1137,2020-02-06 00:00:00,128 AVENUE,60 STREET,128 AVENUE & 60 STREET,NE,Traffic signal,Yes,Yes,Yes,51.165344952681785,-113.9467529893026
1110175289,1188,2020-01-21 00:00:00,EVANSPARK BOULEVARD,SYMONS VALLEY PARKWAY,EVANSPARK BOULEVARD & SYMONS VALLEY PARKWAY,NW,Traffic signal T intersection,Yes,Yes,Yes,51.16811582974912,-114.1179199047189
1110175292,1217,2024-12-12 00:00:00,EVANSTON DRIVE,SYMONS VALLEY PARKWAY,EVANSTON DRIVE & SYMONS VALLEY PARKWAY,NW,Traffic signal T intersection,Yes,Yes,Yes,51.178268536200505,-114.10520301041292
1110175294,1311,2026-04-28 00:00:00,144 AVENUE,14 STREET,144 AVENUE & 14 STREET,NW,Traffic signal T intersection,Yes,Yes,Yes,51.18412682335643,-114.09458577415909
1110175295,1252,2024-09-27 00:00:00,144 AVENUE,SYMONS VALLEY ROAD,144 AVENUE & SYMONS VALLEY ROAD,NW,Traffic signal,Yes,Yes,Yes,51.18321981539817,-114.1350722562264
1110175336,1187,2020-08-05 00:00:00,SAGE HILL GATE,37 STREET,SAGE HILL GATE & 37 STREET,NW,Traffic signal,Yes,Yes,Yes,51.170776064090056,-114.14115928415006
1110175375,1189,2019-08-29 00:00:00,EVANSTON LINK/EVANSTON WAY,SYMONS VALLEY PARKWAY,EVANSTON LINK/EVANSTON WAY & SYMONS VALLEY PARKWAY,NW,Traffic signal,Yes,Yes,Yes,51.18075525971263,-114.10054406959374
1110175389,1184,2020-06-02 00:00:00,SARCEE TRAIL,SYMONS VALLEY PARKWAY,SARCEE TRAIL & SYMONS VALLEY PARKWAY,NW,Traffic signal T intersection,Yes,Yes,Yes,51.167472831494976,-114.16454458467882
1110175406,1227,2022-04-14 00:00:00,CORNERSTONE HEIGHTS/SKYVIEW CIRCLE,60 STREET,CORNERSTONE HEIGHTS/SKYVIEW CIRCLE & 60 STREET,NE,Traffic signal,Yes,Yes,Yes,51.158022143746905,-113.94678474486514
1110175407,1226,2023-05-10 00:00:00,CORNERSTONE BOULEVARD,COUNTRY HILLS BOULEVARD,CORNERSTONE BOULEVARD & COUNTRY HILLS BOULEVARD,NE,Traffic signal,Yes,Yes,Yes,51.15430825234896,-113.93808290309065
1110175408,1218,2022-05-10 00:00:00,CORNER MEADOWS GA/CORNERBROOK GA,COUNTRY HILLS BOULEVARD,CORNER MEADOWS GA/CORNERBROOK GA & COUNTRY HILLS BOULEVARD,NE,Traffic signal,Yes,Yes,Yes,51.154311269585214,-113.93364828377578
1110175428,1219,2020-12-17 00:00:00,88 AVENUE,SADDLERIDGE DRIVE/SAVANNA STREET,88 AVENUE & SADDLERIDGE DRIVE/SAVANNA STREET,NE,Traffic signal,Yes,Yes,Yes,51.13254507664083,-113.95242705968552
1110175433,1220,2021-02-04 00:00:00,88 AVENUE,52 STREET,88 AVENUE & 52 STREET,NE,Traffic signal,Yes,Yes,Yes,51.13249200433039,-113.95836616647829
1110175434,1022,2024-09-20 00:00:00,88 AVENUE,46 STREET/GURU NANAK GATE,88 AVENUE & 46 STREET/GURU NANAK GATE,NE,Traffic signal,Yes,Yes,Yes,51.13254985364521,-113.96577701002974
1110175438,0920,2019-05-29 00:00:00,COPPERFIELD BV/NEW BRIGHTON WAY,McIVOR BOULEVARD,COPPERFIELD BV/NEW BRIGHTON WAY & McIVOR BOULEVARD,SE,Traffic signal,Yes,Yes,Yes,50.91407930095876,-113.94308006102274
1110175503,1105,2020-10-27 00:00:00,130 AVENUE,MCIVOR BOULEVARD,130 AVENUE & MCIVOR BOULEVARD,SE,1/2 signal,Yes,Yes,Yes,50.92877567120793,-113.9351953764616
1110175505,1191,2020-03-26 00:00:00,AUBURN BAY AVENUE/MAHOGANY DRIVE,52 STREET,AUBURN BAY AVENUE/MAHOGANY DRIVE & 52 STREET,SE,Traffic signal,Yes,Yes,Yes,50.89099906733178,-113.94245625267388
1110175506,1225,2023-08-18 00:00:00,RANGEVIEW BOULEVARD/SETON BOULEVARD,52 STREET,RANGEVIEW BOULEVARD/SETON BOULEVARD & 52 STREET,SE,Traffic signal,Yes,Yes,Yes,50.88515978713031,-113.9416014828176
1110175508,1185,2020-02-28 00:00:00,NOLAN HILL BOULEVARD,SHAGANAPPI TRAIL,NOLAN HILL BOULEVARD & SHAGANAPPI TRAIL,NW,Traffic signal T intersection,Yes,Yes,Yes,51.17281649622658,-114.15472252526628
1110175565,1221,2024-12-03 00:00:00,SAGE VALLEY BOULEVARD,SHAGANAPPI TRAIL,SAGE VALLEY BOULEVARD & SHAGANAPPI TRAIL,NW,Traffic signal T intersection,Yes,Yes,Yes,51.17522094062687,-114.15677506517174
1110175614,1282,2025-01-17 00:00:00,194 AVENUE,SHERIFF KING STREET,194 AVENUE & SHERIFF KING STREET,SW,Traffic signal,Yes,Yes,Yes,50.8774685262773,-114.07092269678594
1110175636,1194,2019-09-25 00:00:00,COUGAR RIDGE DRIVE/89 STREET,OLD BANFF COACH ROAD,COUGAR RIDGE DRIVE/89 STREET & OLD BANFF COACH ROAD,SW,Traffic signal,Yes,Yes,Yes,51.06699799169043,-114.21678515928473
1110175638,1192,2021-01-06 00:00:00,17 AVENUE,ASPEN STONE BV/ST MORITZ DR,17 AVENUE & ASPEN STONE BV/ST MORITZ DR,SW,Traffic signal,Yes,Yes,Yes,51.037846266125726,-114.21675870339358
1110175639,1222,2021-09-10 00:00:00,17 AVENUE,77 STREET,17 AVENUE & 77 STREET,SW,Traffic signal T intersection,Yes,Yes,Yes,51.03793216065588,-114.19925254379864
1110185504,1128,2020-06-25 00:00:00,SETON CRESCENT/SETON DRIVE,SETON WAY,SETON CRESCENT/SETON DRIVE & SETON WAY,SE,Traffic signal,Yes,Yes,Yes,50.876880262107306,-113.95734197571596
1110185510,1193,2020-07-09 00:00:00,19683,SETON CRESCENT,19683 & SETON CRESCENT,SE,Traffic signal,Yes,Yes,Yes,50.87686010410607,-113.95990956933151
1110185511,1199,2022-12-21 00:00:00,19489,SETON CRESCENT,19489 & SETON CRESCENT,SE,Traffic signal,Yes,Yes,Yes,50.879382371798,-113.95890830723624
1110185512,1200,2023-12-14 00:00:00,19587,SETON CRESCENT,19587 & SETON CRESCENT,SE,Traffic signal,Yes,Yes,Yes,50.87838370126109,-113.95989722957214
1110188198,B2756,2020-02-12 00:00:00,COVENTRY DRIVE,COVENTRY CLOSE,COVENTRY DRIVE & COVENTRY CLOSE,NE,Pedestrian RRFB,Yes,No,No,51.156966057059776,-114.0473432823392
1110188666,1043,2023-12-18 00:00:00,42 AVENUE,1 STREET,42 AVENUE & 1 STREET,SE,Traffic signal T intersection,Yes,Yes,Yes,51.0159439024638,-114.0612206395136
1110189610,1291,2025-06-18 00:00:00,KINCORA GATE,SHAGANAPPI TRAIL,KINCORA GATE & SHAGANAPPI TRAIL,NW,Traffic signal T intersection,Yes,Yes,Yes,51.1655999975993,-114.14868937420268
1110189913,B2855,2019-04-30 00:00:00,PANATELLA BOULEVARD,PANAMOUNT STREET,PANATELLA BOULEVARD & PANAMOUNT STREET,NW,Pedestrian RRFB,Yes,No,No,51.16325285592361,-114.087978474336
1110193633,0591,2019-10-08 00:00:00,8 AVENUE,4 STREET,8 AVENUE & 4 STREET,SE,Traffic signal,No,Yes,Yes,51.04526175994005,-114.05320105886092
1110194585,1178,2019-05-15 00:00:00,CASTLERIDGE BOULEVARD,WESTWINDS DRIVE,CASTLERIDGE BOULEVARD & WESTWINDS DRIVE,NE,Traffic signal T intersection,Yes,Yes,Yes,51.10104660644157,-113.96339676650852
1110195956,1086,2024-10-24 00:00:00,NOLANRIDGE CO/NOLANRIDGE CRESCENT,SARCEE TRAIL,NOLANRIDGE CO/NOLANRIDGE CRESCENT & SARCEE TRAIL,NW,Traffic signal,Yes,Yes,Yes,51.16997039608571,-114.1678272010878
1110202881,1182,2020-12-02 11:53:06,10 AVENUE,CENTRE STREET,10 AVENUE & CENTRE STREET,S,Traffic signal T intersection,Yes,Yes,Yes,51.04332432720736,-114.06316110833004
1110202882,1183,2020-07-29 00:00:00,13 AVENUE,2 STREET,13 AVENUE & 2 STREET,SW,Traffic signal,No,Yes,Yes,51.040625543752654,-114.06833118244842
1110203109,B0001,2019-12-17 00:00:00,EVERSTONE DRIVE,FISH CREEK BOULEVARD,EVERSTONE DRIVE & FISH CREEK BOULEVARD,SW,Overhead Flasher,Yes,No,No,50.9176265895681,-114.10568888564512
1110203116,B0002,2019-12-16 00:00:00,BRIDLERIDGE HEIGHTS,24 STREET,BRIDLERIDGE HEIGHTS & 24 STREET,SW,Pedestrian RRFB,Yes,No,No,50.90315146066095,-114.11710335692368
1110203117,B0003,2020-03-02 00:00:00,9100,BONAVENTURE DRIVE,9100 & BONAVENTURE DRIVE,SE,Overhead Flasher,Yes,No,No,50.97039833242797,-114.06876391593804
1110203119,B0004,2019-10-07 00:00:00,RIDEAU ROAD/ROXBORO ROAD,4 STREET,RIDEAU ROAD/ROXBORO ROAD & 4 STREET,SW,Pedestrian RRFB,Yes,No,No,51.02827462222898,-114.07151022948776
1110203120,B0005,2020-01-24 00:00:00,ELBOW DRIVE,CANATA CLOSE,ELBOW DRIVE & CANATA CLOSE,SW,Overhead Flasher,Yes,No,No,50.94433860807374,-114.08572600692106
1110203121,B0006,2019-06-20 00:00:00,WOODFIELD DRIVE/WOODGLEN GATE,WOODVIEW DRIVE,WOODFIELD DRIVE/WOODGLEN GATE & WOODVIEW DRIVE,SW,Pedestrian RRFB,Yes,No,No,50.94125710861879,-114.1217213150429
1110203122,B0007,2021-02-26 00:00:00,58 AVENUE,2 STREET,58 AVENUE & 2 STREET,SW,Overhead Flasher,Yes,No,No,51.00137292631683,-114.06860596976932
1110203123,B0008,2019-11-21 00:00:00,PRESTWICK BOULEVARD,PRESTWICK CIRCLE,PRESTWICK BOULEVARD & PRESTWICK CIRCLE,SE,Pedestrian RRFB,Yes,No,No,50.91927798275002,-113.96578270262737
1110203124,B0009,2019-04-29 00:00:00,CRANSTON AVENUE,CRANSTON ROAD,CRANSTON AVENUE & CRANSTON ROAD,SE,Pedestrian RRFB,Yes,No,No,50.879769626155024,-113.97896017571904
1110203125,B0010,2019-08-01 00:00:00,DISCOVERY RIDGE BOULEVARD,DISCOVERY RIDGE HILL/LANE,DISCOVERY RIDGE BOULEVARD & DISCOVERY RIDGE HILL/LANE,SW,Pedestrian RRFB,Yes,No,No,51.01521914965069,-114.21393894290316
1110203126,B0094,2024-11-14 00:00:00,33 AVENUE,19 STREET,33 AVENUE & 19 STREET,SW,Pedestrian RRFB,Yes,No,No,51.023983262480485,-114.1069812122286
1110203127,B0012,2019-11-19 00:00:00,23 AVENUE,4 STREET,23 AVENUE & 4 STREET,NW,Pedestrian RRFB,Yes,No,No,51.07324700936309,-114.07154321149952
1110203128,B0013,2020-02-25 00:00:00,5 STREET,ROYAL AVENUE,5 STREET & ROYAL AVENUE,SW,Pedestrian RRFB,Yes,No,No,51.03481950453045,-114.07420676931471
1110203129,B0014,2019-05-13 00:00:00,10 AVENUE,12 STREET,10 AVENUE & 12 STREET,SW,Pedestrian RRFB,Yes,No,No,51.04411449861569,-114.09124509320922
1110203130,B0015,2019-08-06 00:00:00,STRATHCONA DRIVE,STRATHDALE CLOSE,STRATHCONA DRIVE & STRATHDALE CLOSE,SW,Pedestrian RRFB,Yes,No,No,51.04534628427383,-114.18227735149364
1110203131,B0016,2020-10-15 00:00:00,18 AVENUE,2 STREET,18 AVENUE & 2 STREET,SW,Pedestrian RRFB,Yes,No,No,51.03713706375266,-114.0685831828266
1110203132,B0017,2019-06-20 00:00:00,23 AVENUE,5 STREET,23 AVENUE & 5 STREET,SW,Pedestrian RRFB,Yes,No,No,51.03246655429386,-114.07387548583588
1110203133,B0018,2023-03-21 00:00:00,COVENTRY HILLS BV,COUNTRY VILLAGE GA/COVENTRY WAY,COVENTRY HILLS BV & COUNTRY VILLAGE GA/COVENTRY WAY,NE,Overhead Flasher,Yes,No,No,51.16126413467392,-114.0542019327578
1110203134,B0019,2020-01-08 00:00:00,KENSINGTON ROAD,KENSINGTON CRESCENT/11A STREET,KENSINGTON ROAD & KENSINGTON CRESCENT/11A STREET,NW,Overhead Flasher,Yes,No,No,51.05250886348541,-114.0903219300316
1110203135,B0020,2019-05-24 00:00:00,SILVER SPRINGS BOULEVARD,SILVERGROVE DRIVE,SILVER SPRINGS BOULEVARD & SILVERGROVE DRIVE,NW,Pedestrian RRFB,Yes,No,No,51.114922335796926,-114.20387350498136
1110203136,B0021,2019-11-21 00:00:00,650,CROWFOOT CRESCENT,650 & CROWFOOT CRESCENT,NW,Overhead Flasher,Yes,No,No,51.12821094358103,-114.20426234235492
1110203137,B0022,2020-01-27 00:00:00,PANAMOUNT BOULEVARD,PANAMOUNT DRIVE,PANAMOUNT BOULEVARD & PANAMOUNT DRIVE,NW,Pedestrian RRFB,Yes,No,No,51.159857378436456,-114.07385751795296
1110203138,B0023,2019-10-29 00:00:00,8 AVENUE,FORLEE DRIVE,8 AVENUE & FORLEE DRIVE,SE,Pedestrian RRFB,Yes,No,No,51.04517288459215,-113.96133571903344
1110203139,B0024,2020-02-05 00:00:00,SADDLEHORN DRIVE,60 STREET,SADDLEHORN DRIVE & 60 STREET,NE,Overhead Flasher,Yes,No,No,51.12946331189267,-113.94675726754062
1110203140,B0025,2019-04-04 00:00:00,17107,JAMES MCKEVITT ROAD,17107 & JAMES MCKEVITT ROAD,SW,Pedestrian RRFB,Yes,No,No,50.89943973986945,-114.09442033635897
1110203141,B0026,2019-06-20 00:00:00,88 AVENUE,FAIRMOUNT DRIVE,88 AVENUE & FAIRMOUNT DRIVE,SE,Pedestrian RRFB,Yes,No,No,50.97398600737512,-114.0595451443706
1110203142,B0027,2019-06-20 00:00:00,25 AVENUE,1 STREET,25 AVENUE & 1 STREET,SW,Pedestrian RRFB,Yes,No,No,51.030436654676336,-114.06656902140352
1110203143,B0028,2019-08-01 00:00:00,24 AVENUE,UPTON PLACE,24 AVENUE & UPTON PLACE,NW,Pedestrian RRFB,Yes,No,No,51.07435326752402,-114.13555417910248
1110204763,1224,2022-01-19 00:00:00,COPPERSTONE STREET,MCIVOR BOULEVARD,COPPERSTONE STREET & MCIVOR BOULEVARD,SE,Traffic signal T intersection,Yes,Yes,Yes,50.91573743389717,-113.93474204709489
1110214615,1205,2020-08-12 00:00:00,90 AVENUE,BARLOW SQUARE,90 AVENUE & BARLOW SQUARE,SE,Traffic signal T intersection,Yes,Yes,Yes,50.97230106444588,-113.97869006440509
1110218521,1195,2021-10-17 00:00:00,AIRPORT TRAIL,19 STREET,AIRPORT TRAIL & 19 STREET,NE,Traffic signal T intersection,Yes,Yes,Yes,51.13885434831273,-114.01393729060744
1110218522,1196,2020-04-30 00:00:00,AERO DRIVE,19 STREET,AERO DRIVE & 19 STREET,NE,Traffic signal T intersection,Yes,Yes,No,51.13743920359223,-114.01353223106328
1110218523,1197,2022-06-04 00:00:00,AIRPORT TRAIL,BARLOW TRAIL,AIRPORT TRAIL & BARLOW TRAIL,NE,Traffic signal T intersection,No,Yes,Yes,51.14105071893745,-114.00176150014386
1110218525,1198,2022-06-04 00:00:00,AIRPORT TRAIL,BARLOW TRAIL,AIRPORT TRAIL & BARLOW TRAIL,NE,Traffic signal,No,Yes,Yes,51.13854546373178,-114.0016737701135
1110218526,B0043,2021-02-09 00:00:00,80 AVENUE,SADDLEFIELD DRIVE/TARAWOOD ROAD NE,80 AVENUE & SADDLEFIELD DRIVE/TARAWOOD ROAD NE,NE,Overhead Flasher,Yes,No,No,51.12514922140165,-113.9371152999495
1110218845,1201,2020-10-29 00:00:00,58 AVENUE,2 STREET,58 AVENUE & 2 STREET,SE,Traffic signal,Yes,Yes,Yes,51.00138202649042,-114.06001174974716
1110222751,B0029,2020-10-15 00:00:00,21 AVENUE,2 STREET,21 AVENUE & 2 STREET,SW,Pedestrian RRFB,Yes,No,No,51.0343020943495,-114.06878531598709
1110227920,1211,2021-08-13 00:00:00,CAYLEY ROAD,LONGVIEW COMMON,CAYLEY ROAD & LONGVIEW COMMON,SE,Traffic signal,Yes,Yes,Yes,50.86417232118864,-114.031320922863
1110227921,1214,2021-05-04 00:00:00,LEGACY VILLAGE LINK,NAPTHA PLAZA/LEGACY MAIN STREET,LEGACY VILLAGE LINK & NAPTHA PLAZA/LEGACY MAIN STREET,SE,Traffic signal,Yes,Yes,Yes,50.86180397417421,-114.0275323142718
1110228023,0512,2021-06-01 00:00:00,40 AVENUE,MARKET MALL ENTRANCE,40 AVENUE & MARKET MALL ENTRANCE,NW,1/2 signal,Yes,Yes,Yes,51.08824409808203,-114.15594069253878
1110232516,1153,2021-09-17 00:00:00,NOSE HILL DRIVE,TUSCANY HILL,NOSE HILL DRIVE & TUSCANY HILL,NW,Traffic signal,Yes,Yes,Yes,51.10720276571299,-114.24395440886798
1110243636,1104,2020-09-22 00:00:00,5801,130 AVENUE,5801 & 130 AVENUE,SE,Traffic signal T intersection,Yes,Yes,Yes,50.92874177936835,-113.95071314660804
1110245485,1203,2024-07-30 00:00:00,7171,80 AVENUE,7171 & 80 AVENUE,NE,Traffic signal T intersection,Yes,Yes,Yes,51.12519985994635,-113.93249993812805
1110253508,1204,2021-10-12 00:00:00,14 AVENUE,MACLEOD TRAIL,14 AVENUE & MACLEOD TRAIL,SE,Traffic signal T intersection,Yes,Yes,Yes,51.03939785378712,-114.05854556845004
1110254720,B2920,2020-08-19 00:00:00,BOW TRAIL,SARCEE TRAIL,BOW TRAIL & SARCEE TRAIL,SW,Pedestrian RRFB,Yes,No,No,51.0533109792208,-114.16468748396908
1110254721,B2921,2020-08-18 00:00:00,BOW TRAIL,SARCEE TRAIL,BOW TRAIL & SARCEE TRAIL,SW,Pedestrian RRFB,Yes,No,No,51.05245162157174,-114.16456675480067
1110262490,1208,2025-03-19 00:00:00,61 AVENUE,44 STREET,61 AVENUE & 44 STREET,SE,Traffic signal,Yes,Yes,Yes,50.99899317744088,-113.97013367429456
1110262491,1209,2021-03-10 00:00:00,14 AVENUE,EDMONTON TRAIL,14 AVENUE & EDMONTON TRAIL,NE,Traffic signal,Yes,Yes,Yes,51.06509524697096,-114.05623239761248
1110262492,1210,2022-07-06 00:00:00,20 AVENUE,4 STREET,20 AVENUE & 4 STREET,SW,Traffic signal,No,Yes,Yes,51.03524089674328,-114.07150953031878
1110262493,B0033,2020-08-10 00:00:00,SCENIC COVE DRIVE,SCURFIELD DRIVE,SCENIC COVE DRIVE & SCURFIELD DRIVE,NW,Pedestrian RRFB,Yes,No,No,51.12097146086673,-114.21092798447262
1110262494,B0034,2020-12-04 00:00:00,NEW BRIGHTON DRIVE,NEW BRIGHTON HEATH,NEW BRIGHTON DRIVE & NEW BRIGHTON HEATH,SE,Pedestrian RRFB,Yes,No,No,50.92523490222264,-113.95410594865768
1110262495,B0035,2020-05-15 00:00:00,COUNTRY VILLAGE WAY,NOTRE DAME HIGH SCHOOL ENTRANCE,COUNTRY VILLAGE WAY & NOTRE DAME HIGH SCHOOL ENTRANCE,NE,Pedestrian RRFB,Yes,No,No,51.156425514100455,-114.06668227211166
1110262496,B0036,2020-06-15 00:00:00,MAHOGANY BOULEVARD,MAHOGANY VIEW,MAHOGANY BOULEVARD & MAHOGANY VIEW,SE,Overhead Flasher,Yes,No,No,50.90086181024807,-113.93660932482108
1110263200,1207,2024-03-05 00:00:00,17 AVENUE,15 STREET,17 AVENUE & 15 STREET,SW,Traffic signal T intersection,Yes,Yes,Yes,51.037830392057565,-114.09718409376576
1110263578,B0037,2021-11-22 00:00:00,24 AVENUE,22 STREET,24 AVENUE & 22 STREET,NW,Pedestrian RRFB,Yes,No,No,51.07427707415205,-114.1129463634038
1110263614,B0041,2021-08-06 00:00:00,4620,BOWNESS ROAD,4620 & BOWNESS ROAD,NW,Pedestrian RRFB,Yes,No,No,51.072036820918015,-114.15972876336036
1110263706,1241,2022-07-06 00:00:00,16 AVENUE,37 STREET,16 AVENUE & 37 STREET,SW,Traffic signal,Yes,Yes,Yes,51.03900248997553,-114.14112257947772
1110263707,B0038,2021-01-26 00:00:00,23 AVENUE,37 STREET,23 AVENUE & 37 STREET,SW,Overhead Flasher,Yes,No,No,51.03315483595537,-114.1412007873459
1110263709,B0064,2022-03-29 00:00:00,24 AVENUE,15 STREET,24 AVENUE & 15 STREET,NW,Pedestrian RRFB,Yes,No,No,51.074272582533006,-114.09715955601436
1110263713,B0040,2020-10-21 00:00:00,24 AVENUE,23 STREET,24 AVENUE & 23 STREET,NW,Pedestrian RRFB,Yes,,,51.07428373646329,-114.11538847275162
1110263718,B0039,2020-08-06 00:00:00,30 AVENUE,37 STREET,30 AVENUE & 37 STREET,SW,Overhead Flasher,Yes,No,No,51.02694763573578,-114.141145794151
1110263719,B0044,2020-12-04 00:00:00,11 AVENUE,12 STREET,11 AVENUE & 12 STREET,SE,Overhead Flasher,Yes,No,No,51.03973772782554,-114.0358014247234
1110263803,B0042,2021-09-09 00:00:00,23 AVENUE,BANFF TRAIL,23 AVENUE & BANFF TRAIL,NW,Pedestrian RRFB,Yes,No,No,51.07101337580246,-114.11674212294344
1110263804,1216,2022-09-09 00:00:00,10 AVENUE,18 STREET,10 AVENUE & 18 STREET,SW,Traffic signal T intersection,Yes,Yes,Yes,51.04447459712198,-114.1040909102032
1110264684,1242,2021-07-21 00:00:00,19 AVENUE,37 STREET,19 AVENUE & 37 STREET,SW,Traffic signal,Yes,Yes,Yes,51.03625261613199,-114.1411755975126
1110264685,1237,2020-08-31 00:00:00,33 AVENUE,37 STREET,33 AVENUE & 37 STREET,SW,Traffic signal T intersection,Yes,Yes,Yes,51.02386099653411,-114.14114534129384
1110265067,1223,2022-08-17 00:00:00,ASPEN SUMMIT BOULEVARD,85 STREET,ASPEN SUMMIT BOULEVARD & 85 STREET,SW,Traffic signal T intersection,Yes,Yes,Yes,51.04324963544919,-114.2109343741017
1110265068,0911,2024-12-17 00:00:00,14 AVENUE,STRATHCONA BV/69 STREET,14 AVENUE & STRATHCONA BV/69 STREET,SW,Traffic signal T intersection,Yes,Yes,Yes,51.04516507648173,-114.18750769092142
1110271204,1228,2020-11-04 00:00:00,FALCONRIDGE BOULEVARD,FALWORTH WAY,FALCONRIDGE BOULEVARD & FALWORTH WAY,NE,Traffic signal T intersection,Yes,Yes,Yes,51.10511230255435,-113.95242641577973
1110271276,1229,2022-01-13 00:00:00,COPPERFIELD BOULEVARD,MCIVOR BOULEVARD,COPPERFIELD BOULEVARD & MCIVOR BOULEVARD,SE,Traffic signal T intersection,Yes,Yes,Yes,50.919347154268245,-113.93219017662678
1110271714,1231,2022-11-01 00:00:00,CHARLESWOOD DRIVE,JOHN LAURIE BOULEVARD,CHARLESWOOD DRIVE & JOHN LAURIE BOULEVARD,NW,Traffic signal T intersection,No,No,No,51.09685368263923,-114.11654473341476
1110271719,1233,2020-08-12 00:00:00,7 AVENUE,14 STREET,7 AVENUE & 14 STREET,NW,Traffic signal T intersection,Yes,Yes,Yes,51.05889469165085,-114.09472668987864
1110274502,B0045,2022-01-26 00:00:00,AUBURN BAY DRIVE,AUBURN MEADOWS BV/AUBURN MEADOWS PL,AUBURN BAY DRIVE & AUBURN MEADOWS BV/AUBURN MEADOWS PL,SE,Overhead Flasher,Yes,No,No,50.89922113709622,-113.94812971569954
1110275839,1103,2021-10-05 00:00:00,10 AVENUE,19 STREET,10 AVENUE & 19 STREET,SW,1/2 signal,,Yes,Yes,51.044549640258765,-114.10653088322088
1110277302,B0049,2022-06-05 00:00:00,McPHERSON ROAD,9 STREET,McPHERSON ROAD & 9 STREET,NE,Pedestrian RRFB,Yes,No,No,51.050017710840685,-114.0403618713368
1110280697,B0046,2021-09-29 00:00:00,EVERBROOK DRIVE,FISH CREEK BOULEVARD,EVERBROOK DRIVE & FISH CREEK BOULEVARD,SW,Overhead Flasher,Yes,No,No,50.92135384289185,-114.11520447013548
1110282245,B0058,2025-05-30 00:00:00,CORNERSTONE WAY,CORNER MEADOWS AVENUE,CORNERSTONE WAY & CORNER MEADOWS AVENUE,NE,Pedestrian RRFB,Yes,No,No,51.15066089356195,-113.9301128385384
1110285813,1239,2025-11-08 00:00:00,15 AVENUE,MACLEOD TRAIL,15 AVENUE & MACLEOD TRAIL,SE,Traffic signal T intersection,Yes,Yes,Yes,51.03844936629546,-114.0586144888794
1110286432,B0047,2021-08-27 00:00:00,256,EVANSTON WAY,256 & EVANSTON WAY,NW,Pedestrian RRFB,Yes,No,No,51.17601737419377,-114.10173052729029
1110293081,B0048,2021-06-08 00:00:00,ARBOUR LAKE RISE,ARBOUR LAKE ROAD,ARBOUR LAKE RISE & ARBOUR LAKE ROAD,NW,Pedestrian RRFB,Yes,,No,51.12849054219212,-114.21380020321013
1110302517,B0050,2022-03-14 00:00:00,AUBURN BAY DRIVE,AUBURN GLEN GREEN,AUBURN BAY DRIVE & AUBURN GLEN GREEN,SE,Pedestrian RRFB,Yes,No,No,50.89635205169655,-113.95459154103516
1110302518,B0051,2022-09-10 00:00:00,AUBURN SPRINGS BOULEVARD,AUBURN CREST PARK,AUBURN SPRINGS BOULEVARD & AUBURN CREST PARK,SE,Pedestrian RRFB,Yes,No,No,50.8880423386752,-113.94861308848697
1110307067,1247,2022-08-30 00:00:00,34 AVENUE,69 STREET,34 AVENUE & 69 STREET,NW,Traffic signal,Yes,Yes,Yes,51.083784690383055,-114.18764765831013
1110307068,1287,2026-04-22 00:00:00,16 AVENUE,STRATUS DRIVE,16 AVENUE & STRATUS DRIVE,NE,Traffic signal T intersection,Yes,Yes,Yes,51.06700803718777,-114.0391874892032
1110308310,1244,2022-06-06 00:00:00,HIDDEN VALLEY DRIVE,SHAGANAPPI TRAIL,HIDDEN VALLEY DRIVE & SHAGANAPPI TRAIL,NW,Traffic signal T intersection,Yes,Yes,Yes,51.14775045477942,-114.13592395346386
1110309379,B0011,2021-12-16 00:00:00,24 AVENUE,20 STREET,24 AVENUE & 20 STREET,NW,Pedestrian RRFB,Yes,No,No,51.07428411337899,-114.1080254826774
1110309563,1297,2025-09-17 00:00:00,9 AVENUE,11 STREET,9 AVENUE & 11 STREET,SE,Traffic signal,Yes,Yes,Yes,51.042182674182456,-114.03673782089774
1110309603,B0052,2022-02-07 00:00:00,CRANFORD DRIVE,CRANFORD STREET,CRANFORD DRIVE & CRANFORD STREET,SE,Pedestrian RRFB,Yes,No,No,50.87727253838379,-113.97031208158931
1110309604,B0053,2022-03-01 00:00:00,COVENTRY HILLS WAY,COVEHAVEN VW/COVEPARK CL,COVENTRY HILLS WAY & COVEHAVEN VW/COVEPARK CL,NE,Pedestrian RRFB,Yes,No,No,51.16434686085513,-114.05833697265528
1110309605,1249,2021-12-17 00:00:00,10 AVENUE,EDMONTON TRAIL,10 AVENUE & EDMONTON TRAIL,NE,Traffic signal,Yes,Yes,Yes,51.06151878122848,-114.05542031334762
1110309606,1248,2022-01-25 00:00:00,18 AVENUE,EDMONTON TRAIL,18 AVENUE & EDMONTON TRAIL,NE,Traffic signal,Yes,Yes,Yes,51.06878613053316,-114.05605899475194
1110309892,1059,2022-12-16 00:00:00,128 AVENUE,RED EMBERS GATE,128 AVENUE & RED EMBERS GATE,NE,Traffic signal,Yes,Yes,Yes,51.1654290263906,-113.95776220103431
1110310148,B0054,2023-09-21 00:00:00,SIROCCO DRIVE,SIGNAL HILL HEIGHTS,SIROCCO DRIVE & SIGNAL HILL HEIGHTS,SW,Pedestrian RRFB,Yes,No,No,51.03270154734778,-114.16723049729586
1110310149,1250,2021-12-02 00:00:00,3 AVENUE,1 STREET,3 AVENUE & 1 STREET,SE,Traffic signal,,Yes,Yes,51.05021088863708,-114.06023264382122
1110310487,0763,2024-06-19 00:00:00,OLD BANFF COACH ROAD,73 STREET/COULEE WAY,OLD BANFF COACH ROAD & 73 STREET/COULEE WAY,SW,Traffic signal,Yes,Yes,Yes,51.0670139912923,-114.19355927144012
1110311254,1038,2021-08-29 00:00:00,RIVERFRONT AVENUE,1 STREET,RIVERFRONT AVENUE & 1 STREET,SE,1/2 signal,Yes,Yes,Yes,51.05113617360926,-114.06007804085004
1110312060,B0056,2021-12-01 00:00:00,WALDEN BOULEVARD,WALDEN GROVE,WALDEN BOULEVARD & WALDEN GROVE,SE,Pedestrian RRFB,Yes,No,No,50.86963402929621,-114.02979933742608
1110314764,B0059,2021-05-17 00:00:00,20 AVENUE,6 STREET,20 AVENUE & 6 STREET,NW,Pedestrian RRFB,Yes,No,No,51.070539825574535,-114.0763330151588
1110317243,B0057,2021-12-03 00:00:00,EVERRIDGE DRIVE,EVEROAK DRIVE/EVERRIDGE ROAD,EVERRIDGE DRIVE & EVEROAK DRIVE/EVERRIDGE ROAD,SW,Pedestrian RRFB,Yes,No,No,50.91100238034904,-114.11318145855786
1110325597,0893,2025-02-14 00:00:00,128 AVENUE,REDSTONE BV/SKYVIEW RANCH BV,128 AVENUE & REDSTONE BV/SKYVIEW RANCH BV,NE,Traffic signal,Yes,Yes,Yes,51.1653677525748,-113.951021710057
1110325662,1253,2023-06-09 00:00:00,90 AVENUE,BAY RIDGE DRIVE,90 AVENUE & BAY RIDGE DRIVE,SW,Traffic signal,Yes,Yes,Yes,50.972230014422095,-114.10910857272836
1110325663,1263,2023-04-06 00:00:00,BOWNESS ROAD,43 STREET,BOWNESS ROAD & 43 STREET,NW,Traffic signal,Yes,Yes,Yes,51.06907972972771,-114.1557516026646
1110325664,B0061,2022-04-27 00:00:00,COPPERFIELD BOULEVARD,COPPERPOND LI/COPPERSTONE BV,COPPERFIELD BOULEVARD & COPPERPOND LI/COPPERSTONE BV,SE,Pedestrian RRFB,Yes,No,No,50.918254892213625,-113.92685053939036
1110326179,1254,2024-12-18 00:00:00,80 AVENUE,STONEY TRAIL,80 AVENUE & STONEY TRAIL,NE,Traffic signal,,No,No,51.12523900478576,-113.92275058952224
1110326180,1255,2022-07-02 00:00:00,162 AVENUE,CP RAIL CROSSING,162 AVENUE & CP RAIL CROSSING,SE,1/2 signal,No,No,No,50.90316781541557,-114.07038939872164
1110328963,0974,2023-08-09 00:00:00,6635,106 AVENUE,6635 & 106 AVENUE,SE,Traffic signal,Yes,Yes,Yes,50.963080136071305,-113.9401249574022
1110332323,B0062-TEMP,2021-10-01 00:00:00,136 AVENUE,SYMONS VALLEY ROAD,136 AVENUE & SYMONS VALLEY ROAD,NW,Pedestrian RRFB,,No,No,51.17593944961408,-114.133489263154
1110334655,1257,2022-08-24 00:00:00,MCKENZIE LAKE BOULEVARD,MCKENZIE LAKE DR/MOUNTAIN PARK DR,MCKENZIE LAKE BOULEVARD & MCKENZIE LAKE DR/MOUNTAIN PARK DR,SE,Traffic signal,Yes,Yes,Yes,50.90212280898651,-113.99108009695009
1110336214,B0063,2022-07-25 00:00:00,MCKENZIE LAKE BOULEVARD,MCKENZIE LAKE GA/MOUNTAIN PARK CI,MCKENZIE LAKE BOULEVARD & MCKENZIE LAKE GA/MOUNTAIN PARK CI,SE,Pedestrian RRFB,Yes,No,No,50.91149069108831,-113.98656351674045
1110340152,B2759,2020-12-22 00:00:00,LAKE ASPEN ROAD,LAKE FRASER DRIVE,LAKE ASPEN ROAD & LAKE FRASER DRIVE,SE,Pedestrian RRFB,Yes,No,No,50.94636084137463,-114.06845317113084
1110342729,B0065,2023-01-09 00:00:00,PANATELLA BOULEVARD,PANATELLA HILL,PANATELLA BOULEVARD & PANATELLA HILL,NW,Pedestrian RRFB,,No,No,51.16871023752424,-114.0885305899372
1110342730,B0070,2023-01-09 00:00:00,PANATELLA BOULEVARD,PANTON GATE,PANATELLA BOULEVARD & PANTON GATE,NW,Pedestrian RRFB,Yes,No,No,51.169278026224674,-114.08647269579238
1110343006,B0066,2023-05-11 00:00:00,EVERBROOK DRIVE,FISH CREEK BOULEVARD,EVERBROOK DRIVE & FISH CREEK BOULEVARD,SW,Overhead Flasher,Yes,No,No,50.91826239728482,-114.11010953124664
1110343618,1258,2023-02-22 00:00:00,SUN VALLEY BOULEVARD,SUN HARBOUR ROAD/SIKOME ROAD,SUN VALLEY BOULEVARD & SUN HARBOUR ROAD/SIKOME ROAD,SE,Traffic signal,Yes,Yes,Yes,50.90072610296098,-114.02432477615407
1110345319,0764,2022-06-17 00:00:00,100 AVENUE,68 STREET,100 AVENUE & 68 STREET,SE,Traffic signal,Yes,Yes,Yes,50.96742762462421,-113.93514098480728
1110346819,B0067,2022-11-03 00:00:00,NORTHMOUNT DRIVE,CLARENDON ROAD,NORTHMOUNT DRIVE & CLARENDON ROAD,NW,Pedestrian RRFB,,No,No,51.08513488952654,-114.10085276012734
1110347930,0771,2023-07-04 00:00:00,34 AVENUE,36 STREET,34 AVENUE & 36 STREET,SE,Traffic signal T intersection,Yes,Yes,Yes,51.02314065823781,-113.98161314743687
1110354935,1300,2026-07-07 00:00:00,UNIVERSITY AVENUE,SMITH STREET,UNIVERSITY AVENUE & SMITH STREET,NW,Traffic signal,Yes,Yes,Yes,51.07700932603996,-114.14930916095857
1110355720,B0072,2026-04-24 00:00:00,2 AVENUE,19 STREET,2 AVENUE & 19 STREET,NW,Pedestrian RRFB,Yes,No,No,51.054615099906165,-114.10551485083953
1110355736,1259,2022-12-13 00:00:00,COUNTRY HILLS BOULEVARD,ROYAL OAK CENTRE,COUNTRY HILLS BOULEVARD & ROYAL OAK CENTRE,NW,Traffic signal T intersection,Yes,Yes,Yes,51.15358564024981,-114.21804519455216
1110357954,B0068,2023-05-11 00:00:00,EVERGREEN GATE,FISH CREEK BOULEVARD,EVERGREEN GATE & FISH CREEK BOULEVARD,SW,Overhead Flasher,Yes,No,No,50.91762413037644,-114.10775788689612
1110357956,B0069,2023-05-11 00:00:00,EVERGREEN DRIVE,FISH CREEK BOULEVARD,EVERGREEN DRIVE & FISH CREEK BOULEVARD,SW,Overhead Flasher,Yes,No,No,50.917678485348944,-114.10282070243836
1110358029,1260,2023-02-07 00:00:00,CANYON MEADOWS DRIVE,CANTERBURY DRIVE,CANYON MEADOWS DRIVE & CANTERBURY DRIVE,SW,Traffic signal,Yes,Yes,Yes,50.93687484335612,-114.08094045335264
1110358044,1261,2023-12-22 00:00:00,CANYON MEADOWS DRIVE,6 STREET,CANYON MEADOWS DRIVE & 6 STREET,SW,Traffic signal,Yes,Yes,Yes,50.93379224756789,-114.07639758699982
1110358189,1262,2023-11-10 00:00:00,MAPLECREEK DRIVE,SOUTHLAND DRIVE,MAPLECREEK DRIVE & SOUTHLAND DRIVE,SE,Traffic signal T intersection,Yes,Yes,Yes,50.9645579467301,-114.04242957695024
1110359865,B0073,2023-03-15 00:00:00,16 AVENUE,MONTEREY AVENUE,16 AVENUE & MONTEREY AVENUE,NW,Overhead Flasher,Yes,No,No,51.06957239809706,-114.16020304178365
1110359867,1265,2023-01-27 00:00:00,EVANSFORD CIRCLE/EVANSPARK CIRCLE,SYMONS VALLEY PARKWAY,EVANSFORD CIRCLE/EVANSPARK CIRCLE & SYMONS VALLEY PARKWAY,NW,Traffic signal,Yes,Yes,Yes,51.17079690339816,-114.10989690539408
1110359870,B0074,2023-05-30 00:00:00,DOUGLAS WOODS DRIVE,DOUGLASDALE BOULEVARD,DOUGLAS WOODS DRIVE & DOUGLASDALE BOULEVARD,SE,Overhead Flasher,Yes,No,No,50.94307199829836,-114.00297180357455
1110364901,1266,2024-09-09 00:00:00,64 AVENUE,FALTON DRIVE/TARARIDGE DRIVE,64 AVENUE & FALTON DRIVE/TARARIDGE DRIVE,NE,Traffic signal,Yes,Yes,Yes,51.11065979104024,-113.94059930436822
1110364988,1302,2025-12-05 00:00:00,CORNERSTONE AV/SKYVIEW RANCH AV,60 STREET,CORNERSTONE AV/SKYVIEW RANCH AV & 60 STREET,NE,Traffic signal,Yes,Yes,Yes,51.16095204435535,-113.94677706796732
1110368344,1268,2023-04-05 00:00:00,EDMONTON TRAIL,MEREDITH ROAD,EDMONTON TRAIL & MEREDITH ROAD,NE,Traffic signal,,Yes,Yes,51.05190688742789,-114.05027924184652
1110368345,B0075,2024-03-14 00:00:00,9 AVENUE,14 STREET,9 AVENUE & 14 STREET,SE,Overhead Flasher,,No,No,51.03917911552286,-114.0290074046856
1110368346,B0076,2023-07-21 00:00:00,90 AVENUE,OAKSIDE GATE,90 AVENUE & OAKSIDE GATE,SW,Overhead Flasher,Yes,No,No,50.97390870306535,-114.12576459391852
1110368347,B0077,2024-06-04 00:00:00,210 AVENUE,LEGACY VILLAGE LINK,210 AVENUE & LEGACY VILLAGE LINK,SE,Pedestrian RRFB,,No,No,50.8642599942552,-114.02610701838778
1110368348,B0078,2024-06-04 00:00:00,210 AVENUE,LEGACY VILLAGE LINK,210 AVENUE & LEGACY VILLAGE LINK,SE,Pedestrian RRFB,,No,No,50.86382192450586,-114.0259655326042
1110368382,0062,2024-07-24 00:00:00,MAHOGANY BOULEVARD,MAHOGANY ROAD,MAHOGANY BOULEVARD & MAHOGANY ROAD,SE,Traffic signal,Yes,Yes,Yes,50.89461723954527,-113.9365060331255
1110370635,1288,2025-06-04 00:00:00,CORNERSTONE STREET,COUNTRY HILLS BOULEVARD,CORNERSTONE STREET & COUNTRY HILLS BOULEVARD,NE,Traffic signal,Yes,Yes,Yes,51.15430310191157,-113.94236412858864
1110372319,B0079,2022-10-15 00:00:00,16 AVENUE,BOWNESS ROAD,16 AVENUE & BOWNESS ROAD,NW,Pedestrian RRFB,Yes,No,No,51.06518759985573,-114.15132542689948
1110372320,B0080,2022-10-15 00:00:00,16 AVENUE,BOWNESS ROAD,16 AVENUE & BOWNESS ROAD,NW,Pedestrian RRFB,Yes,No,No,51.06453591305639,-114.15198468166086
1110372416,1500,2023-11-20 00:00:00,EAST HILLS FIRE ACCESS,84 STREET,EAST HILLS FIRE ACCESS & 84 STREET,SE,Fire signal,No,No,No,51.041706904274434,-113.90945836578877
1110373082,0629,2026-05-28 00:00:00,98 AVENUE,24 STREET,98 AVENUE & 24 STREET,SW,Traffic signal,Yes,Yes,Yes,50.96501260943506,-114.11787130975512
1110379888,1285,2024-11-08 00:00:00,JAMES McKEVITT ROAD,EVERGREEN STREET,JAMES McKEVITT ROAD & EVERGREEN STREET,SW,Traffic signal T intersection,Yes,Yes,Yes,50.92140934318473,-114.09482596201744
1110380695,B0081,2023-04-27 00:00:00,130,GREENBRIAR DRIVE,130 & GREENBRIAR DRIVE,NW,Pedestrian RRFB,Yes,No,No,51.088796453057945,-114.22119247817274
1110383533,1293,2024-08-14 00:00:00,SKYVIEW RANCH ROAD,SKYVIEW RANCH WAY,SKYVIEW RANCH ROAD & SKYVIEW RANCH WAY,NE,Traffic signal T intersection,Yes,Yes,Yes,51.16415397741999,-113.96196144402288
1110383547,B0082,2023-02-28 00:00:00,MILLRISE DRIVE,SHAWNESSY BOULEVARD,MILLRISE DRIVE & SHAWNESSY BOULEVARD,SW,Pedestrian RRFB,Yes,No,No,50.91401008808892,-114.09252625075749
1110392209,B0088,2024-03-07 00:00:00,SAVANNA CRESCENT,SAVANNA BOULEVARD,SAVANNA CRESCENT & SAVANNA BOULEVARD,NE,Pedestrian RRFB,Yes,No,No,51.13503317457177,-113.94870859943222
1110392437,B0125,2024-11-26 00:00:00,148 AVENUE,CARRINGFORD CLOSE,148 AVENUE & CARRINGFORD CLOSE,NW,Pedestrian RRFB,Yes,No,No,51.18574665404445,-114.08442501638984
1110393262,B0089,2025-11-14 00:00:00,CANADA OLYMPIC COMMON,CANADA OLYMPIC DRIVE,CANADA OLYMPIC COMMON & CANADA OLYMPIC DRIVE,SW,Pedestrian RRFB,,No,No,51.08227794362448,-114.21297192002535
1110398328,1269,2023-11-07 00:00:00,17 AVENUE,93 STREET/CORTINA DRIVE,17 AVENUE & 93 STREET/CORTINA DRIVE,SW,Traffic signal,Yes,Yes,Yes,51.03788382115237,-114.2227058032125
1110403672,1270,2022-11-03 00:00:00,HARVEST HILLS BOULEVARD,STONEY TRAIL,HARVEST HILLS BOULEVARD & STONEY TRAIL,N,Traffic signal T intersection,,No,No,51.174909582412376,-114.06895547141336
1110403674,1271,2022-11-03 00:00:00,HARVEST HILLS BOULEVARD,STONEY TRAIL,HARVEST HILLS BOULEVARD & STONEY TRAIL,N,Traffic signal T intersection,,No,No,51.17210540983351,-114.06884913510508
1110403675,1272,2022-11-06 00:00:00,SHAGANAPPI TRAIL,STONEY TRAIL,SHAGANAPPI TRAIL & STONEY TRAIL,NW,Traffic signal T intersection,,No,No,51.1541324454718,-114.14100261555932
1110403676,1273,2022-11-06 00:00:00,SHAGANAPPI TRAIL,STONEY TRAIL,SHAGANAPPI TRAIL & STONEY TRAIL,NW,Traffic signal T intersection,,No,No,51.150664662474846,-114.13949836780264
1110403686,B0095,2026-04-09 00:00:00,1 AVENUE,6A STREET,1 AVENUE & 6A STREET,NE,Pedestrian RRFB,Yes,No,No,51.05326463606972,-114.04701444532154
1110403687,B0096,2026-04-09 00:00:00,1 AVENUE,7A STREET,1 AVENUE & 7A STREET,NE,Pedestrian RRFB,Yes,No,No,51.05325847048843,-114.04440643872655
1110405213,1278,2023-08-15 00:00:00,34 AVENUE,22 STREET/GARRISON GATE,34 AVENUE & 22 STREET/GARRISON GATE,SW,Traffic signal,Yes,Yes,Yes,51.02317992550914,-114.11430782923831
1110405214,1279,2023-08-15 00:00:00,34 AVENUE,20 STREET,34 AVENUE & 20 STREET,SW,Traffic signal,Yes,Yes,Yes,51.02319675751436,-114.10944413234895
1110405720,1316,2026-01-14 00:00:00,88 AVENUE,SADDLECREST BOULEVARD/SADDLELAND DR,88 AVENUE & SADDLECREST BOULEVARD/SADDLELAND DR,NE,Traffic signal T intersection,,Yes,Yes,51.13251601327677,-113.94089386665576
1110406350,1290,2024-08-21 00:00:00,223,CASTLERIDGE BOULEVARD,223 & CASTLERIDGE BOULEVARD,NE,1/2 signal,Yes,Yes,Yes,51.10349742555191,-113.969032089208
1110406351,B0086,2026-04-01 00:00:00,117 AVENUE,WOODPARK BOULEVARD,117 AVENUE & WOODPARK BOULEVARD,SW,Overhead Flasher,Yes,No,No,50.94731672084742,-114.10893910338127
1110406532,B0087,2024-05-24 00:00:00,MAHOGANY BOULEVARD,MAHOGANY GROVE/MAHOGANY MANOR,MAHOGANY BOULEVARD & MAHOGANY GROVE/MAHOGANY MANOR,SE,Overhead Flasher,,,No,50.902685149098666,-113.93039604132362
1110408797,1020,2024-09-11 00:00:00,SADDLELAND DRIVE,SADDLEMONT BOULEVARD,SADDLELAND DRIVE & SADDLEMONT BOULEVARD,NE,Traffic signal,,Yes,Yes,51.12956750831087,-113.93923523390626
1110409267,B0090-TEMP,2023-08-30 00:00:00,KENSINGTON ROAD,18A STREET,KENSINGTON ROAD & 18A STREET,NW,Pedestrian RRFB,Yes,No,No,51.052501524511776,-114.10403854093072
1110417217,0869,2024-12-11 00:00:00,16 AVENUE,46 STREET,16 AVENUE & 46 STREET,NW,Traffic signal,,Yes,Yes,51.07153270109207,-114.16276912763202
1110417232,B0093,2024-03-26 00:00:00,KENSINGTON ROAD,16 STREET,KENSINGTON ROAD & 16 STREET,NW,Pedestrian RRFB,Yes,No,No,51.0525059780292,-114.09814499023072
1110417234,1283,2026-01-15 00:00:00,CHAPALA WAY/CHAPARRAL RAVINE WAY,CHAPARRAL BOULEVARD,CHAPALA WAY/CHAPARRAL RAVINE WAY & CHAPARRAL BOULEVARD,SE,Traffic signal,Yes,Yes,Yes,50.88071601493109,-114.02459426924818
1110417235,1284,2025-04-30 00:00:00,TUSCANY ESTATES DRIVE,TUSCANY HILL,TUSCANY ESTATES DRIVE & TUSCANY HILL,NW,Traffic signal,Yes,Yes,Yes,51.11450056386708,-114.2467620236736
1110417372,B0099,2024-06-23 00:00:00,CRANSTON DRIVE,CRAMOND DR/CRANFIELD PA,CRANSTON DRIVE & CRAMOND DR/CRANFIELD PA,SE,Pedestrian RRFB,Yes,No,No,50.89231617776335,-113.97953490828732
1110419103,B0102,2023-08-19 00:00:00,112 AVENUE/ROYAL BIRCH BOULEVARD,COUNTRY HILLS BOULEVARD,112 AVENUE/ROYAL BIRCH BOULEVARD & COUNTRY HILLS BOULEVARD,SW,Pedestrian RRFB,Yes,No,No,51.14960864708407,-114.21345524924216
1110419297,B0138,2026-06-02 00:00:00,ROSEVALE DRIVE,14 STREET,ROSEVALE DRIVE & 14 STREET,NW,Overhead Flasher,Yes,No,No,51.08043472460692,-114.09471381024558
1110419298,B0137,2025-12-02 00:00:00,ROSEHILL DRIVE,14 STREET,ROSEHILL DRIVE & 14 STREET,NW,Overhead Flasher,Yes,No,No,51.07780614534902,-114.09469458807716
1110422695,1292,2024-11-19 00:00:00,144 AVENUE,EDITH GATE/NOLAN HILL BV,144 AVENUE & EDITH GATE/NOLAN HILL BV,NW,Traffic signal,Yes,Yes,Yes,51.18310206115291,-114.1702331729931
1110423928,1319,2026-02-06 00:00:00,HEIRLOOM BV/MAGNOLIA ST,RANGEVIEW BOULEVARD,HEIRLOOM BV/MAGNOLIA ST & RANGEVIEW BOULEVARD,SE,Traffic signal,,Yes,Yes,50.884869194600704,-113.91778199450044
1110427756,B0103,2025-03-06 00:00:00,ROCKY RIDGE ROAD,ROCKY VISTA DRIVE/ROYAL OAK DRIVE,ROCKY RIDGE ROAD & ROCKY VISTA DRIVE/ROYAL OAK DRIVE,NW,Overhead Flasher,Yes,No,No,51.13868259941929,-114.2342966353704
1110433842,B0104,2023-11-14 00:00:00,34 AVENUE,71 STREET,34 AVENUE & 71 STREET,NW,Pedestrian RRFB,Yes,No,No,51.08382937950346,-114.1906412870688
1110433843,B0105,2024-01-08 00:00:00,SAGE BLUFF GATE/SAGE HILL WAY,SAGE HILL DRIVE,SAGE BLUFF GATE/SAGE HILL WAY & SAGE HILL DRIVE,NW,Pedestrian RRFB,Yes,No,No,51.17889933259376,-114.14116638962356
1110433846,B0106,2023-12-05 00:00:00,BROOKLYN CRESCENT/CHICOUTIMI DRIVE,CHARLESWOOD DRIVE,BROOKLYN CRESCENT/CHICOUTIMI DRIVE & CHARLESWOOD DRIVE,NW,Pedestrian RRFB,Yes,No,No,51.08625189933514,-114.1210571480852
1110433847,B0107,2023-11-06 00:00:00,36 AVENUE,14 STREET,36 AVENUE & 14 STREET,SW,Pedestrian RRFB,Yes,No,No,51.02170007285437,-114.09466882848032
1110433848,B0108,2023-12-08 00:00:00,MAYLAND DRIVE,19 STREET,MAYLAND DRIVE & 19 STREET,NE,Pedestrian RRFB,Yes,No,No,51.063899608130896,-114.01335323418864
1110433850,B0109,2024-04-02 00:00:00,MIDLAKE BOULEVARD,6 STREET,MIDLAKE BOULEVARD & 6 STREET,SE,Pedestrian RRFB,Yes,No,No,50.91191569368258,-114.04782189122946
1110433898,B0110,2024-10-04 00:00:00,TUSCANY DRIVE,TUSCANY GLEN ROAD,TUSCANY DRIVE & TUSCANY GLEN ROAD,NW,Pedestrian RRFB,Yes,No,No,51.11841186082779,-114.24887926315776
1110433899,B0111,2024-12-20 00:00:00,HIDDEN GREEN/HIDDEN PARK,HIDDEN VALLEY DRIVE,HIDDEN GREEN/HIDDEN PARK & HIDDEN VALLEY DRIVE,NW,Pedestrian RRFB,Yes,No,No,51.14679073250196,-114.11523168781063
1110433901,B0112,2024-11-08 00:00:00,PANAMOUNT BOULEVARD,PANAMOUNT STREET,PANAMOUNT BOULEVARD & PANAMOUNT STREET,NW,Pedestrian RRFB,Yes,No,No,51.15672441435306,-114.08650371512589
1110433903,B0113,2024-12-20 00:00:00,44 AVENUE,4 STREET,44 AVENUE & 4 STREET,NW,Pedestrian RRFB,Yes,No,No,51.09256230016433,-114.07157052792188
1110433905,B0115,2024-09-03 00:00:00,WENTWORTH DRIVE,WENTWORTH ROAD,WENTWORTH DRIVE & WENTWORTH ROAD,SW,Pedestrian RRFB,Yes,No,No,51.05638824502208,-114.20737141616938
1110433906,B0116,2024-09-03 00:00:00,38 AVENUE,20 STREET,38 AVENUE & 20 STREET,SW,Pedestrian RRFB,Yes,No,No,51.01963407547358,-114.10921270063348
1110433907,B0117,2024-11-14 00:00:00,26 AVENUE,39 STREET,26 AVENUE & 39 STREET,SE,Pedestrian RRFB,Yes,No,No,51.030543831290416,-113.97726399696408
1110433909,B0118,2024-10-04 00:00:00,16 AVENUE,ROBSON CRESCENT,16 AVENUE & ROBSON CRESCENT,SE,Pedestrian RRFB,Yes,No,No,51.03935134415904,-113.99097366528044
1110433910,B0119,2024-09-06 00:00:00,5004,MARYVALE DRIVE,5004 & MARYVALE DRIVE,NE,Pedestrian RRFB,Yes,No,No,51.05672604449121,-113.9655621708188
1110433911,B0120,2025-07-30 00:00:00,BRAESIDE DRIVE,BRANIFF ROAD,BRAESIDE DRIVE & BRANIFF ROAD,SW,Pedestrian RRFB,Yes,No,No,50.95451190736931,-114.1031017763071
1110433912,B0121,2024-09-17 00:00:00,ACADIA DRIVE,ANCOURT ROAD,ACADIA DRIVE & ANCOURT ROAD,SE,Pedestrian RRFB,Yes,No,No,50.97217063536445,-114.05331366301188
1110433914,B0122,2024-08-30 00:00:00,BRIDLECREST DRIVE,24 STREET,BRIDLECREST DRIVE & 24 STREET,SW,Pedestrian RRFB,Yes,No,No,50.90499940073553,-114.11712747837194
1110433915,B0123,2024-11-01 00:00:00,130 AVENUE,WOOD VALLEY GATE,130 AVENUE & WOOD VALLEY GATE,SW,Pedestrian RRFB,Yes,No,No,50.93606925181645,-114.13575893895656
1110433916,B0124,2024-12-02 00:00:00,129 AVENUE,BONAVENTURE DRIVE,129 AVENUE & BONAVENTURE DRIVE,SE,Pedestrian RRFB,Yes,No,No,50.93675283789947,-114.06463889404296
1110435236,B0126,2024-04-24 00:00:00,2912,19 STREET,2912 & 19 STREET,NW,Pedestrian RRFB,Yes,No,No,51.07901460912832,-114.10629622609724
1110443608,B0128,2024-09-01 00:00:00,30,SAGE HILL ROW,30 & SAGE HILL ROW,NW,Pedestrian RRFB,Yes,No,No,51.17464712155771,-114.14312434101748
1110452827,B0129,2024-11-26 00:00:00,5 AVENUE,23 STREET,5 AVENUE & 23 STREET,NW,Pedestrian RRFB,Yes,No,No,51.05723674148599,-114.11549886223148
1110452828,B0130,2024-08-09 00:00:00,24 AVENUE,18 STREET,24 AVENUE & 18 STREET,NW,Pedestrian RRFB,Yes,No,No,51.07429798310404,-114.1049918287056
1110453595,1289,2025-11-27 00:00:00,15 AVENUE,2 STREET,15 AVENUE & 2 STREET,SW,Traffic signal,Yes,Yes,Yes,51.03871744046504,-114.06843555769748
1110466013,1299,2025-12-12 00:00:00,18 AVENUE,11 STREET,18 AVENUE & 11 STREET,SE,Traffic signal T intersection,,Yes,Yes,51.03701304059597,-114.0367696037813
1110469904,B0133,2024-12-20 00:00:00,ELBOW DRIVE,SOUTHAMPTON DRIVE,ELBOW DRIVE & SOUTHAMPTON DRIVE,SW,Overhead Flasher,Yes,No,No,50.96064929411011,-114.08479482022643
1110472810,1305,2025-03-21 00:00:00,BISHOP WAY,RICHARDSON WAY,BISHOP WAY & RICHARDSON WAY,SW,Traffic signal,Yes,Yes,Yes,51.01483802877492,-114.12930922417286
1110474987,B2717,2024-09-09 00:00:00,33 AVENUE,21 STREET,33 AVENUE & 21 STREET,SW,Overhead Flasher,Yes,No,No,51.02397830423878,-114.11164369356808
1110482399,1310,2025-09-11 00:00:00,202 AVENUE/SETON GROVE,SETON WAY,202 AVENUE/SETON GROVE & SETON WAY,SE,Traffic signal,Yes,Yes,Yes,50.866283146987215,-113.95192763521176
1110482669,B0135,2026-07-22 00:00:00,EVANSPARK MANOR,EVANSTON DRIVE,EVANSPARK MANOR & EVANSTON DRIVE,NW,Pedestrian RRFB,,No,No,51.17391996886813,-114.11219111311812
1110483515,B0136,2025-05-23 00:00:00,HOME ROAD,52 STREET,HOME ROAD & 52 STREET,NW,Pedestrian RRFB,,No,No,51.08001019031939,-114.16442684873722
1110504793,1264,2024-12-18 00:00:00,80 AVENUE,STONEY TRAIL,80 AVENUE & STONEY TRAIL,NE,Traffic signal,,No,No,51.12520576882304,-113.91762312672928
1110506001,1314,2026-05-29 00:00:00,TUSSLEWOOD DRIVE,TWELVE MILE COULEE ROAD,TUSSLEWOOD DRIVE & TWELVE MILE COULEE ROAD,NW,Traffic signal T intersection,Yes,Yes,Yes,51.13870251616885,-114.25747337926822
1110508575,1315,2026-01-27 00:00:00,194 AVENUE,SILVERADO DRIVE/YORKVILLE BOULEVARD,194 AVENUE & SILVERADO DRIVE/YORKVILLE BOULEVARD,SW,Traffic signal,Yes,Yes,Yes,50.877632803356335,-114.0778317764494
1110514583,B0146-TEMP,2024-10-30 00:00:00,801,144 AVENUE,801 & 144 AVENUE,NW,Pedestrian RRFB,Yes,No,No,51.183344999470506,-114.08285223154938
1110514739,B0091-TEMP,2024-10-23 00:00:00,RIVERCREST DRIVE/RIVERGLEN WAY,RIVERGLEN DRIVE,RIVERCREST DRIVE/RIVERGLEN WAY & RIVERGLEN DRIVE,SE,Pedestrian RRFB,Yes,No,No,50.97625800807359,-114.01239283502352
1110515413,B0148,2025-11-28 00:00:00,12065,COVENTRY HILLS WAY,12065 & COVENTRY HILLS WAY,NE,Pedestrian RRFB,Yes,No,No,51.16725828499701,-114.06218630927845
1110515415,B0150,2026-05-19 00:00:00,HUNTERCREST ROAD,HUNTERVIEW DRIVE,HUNTERCREST ROAD & HUNTERVIEW DRIVE,NW,Pedestrian RRFB,Yes,No,No,51.112951295382416,-114.0798608995191
1110515419,B0153,2025-10-06 00:00:00,SIERRA MORENA BOULEVARD,SIERRA VISTA CIRCLE,SIERRA MORENA BOULEVARD & SIERRA VISTA CIRCLE,SW,Pedestrian RRFB,Yes,No,No,51.02043837992318,-114.18229356332012
1110515428,B0157,2025-08-08 00:00:00,VALLEY CREEK ROAD,VALLEY RIDGE DRIVE,VALLEY CREEK ROAD & VALLEY RIDGE DRIVE,NW,Pedestrian RRFB,Yes,No,No,51.090774091815845,-114.2589563928769
1110515429,B0158,2026-03-27 00:00:00,HAWKSBROW DRIVE/HAWKSBROW ROAD,HAWKWOOD BOULEVARD,HAWKSBROW DRIVE/HAWKSBROW ROAD & HAWKWOOD BOULEVARD,NW,Pedestrian RRFB,Yes,No,No,51.124852085356494,-114.16726814628764
1110515433,B0161,2025-08-22 00:00:00,20 AVENUE,12 STREET,20 AVENUE & 12 STREET,NW,Pedestrian RRFB,Yes,No,No,51.07052751990116,-114.08979772313178
1110515444,B0162,2026-08-26 00:00:00,40 AVENUE,20 STREET,40 AVENUE & 20 STREET,SW,Pedestrian RRFB,Yes,No,No,51.01785983635788,-114.10917391793734
1110515451,B0165,2025-12-19 00:00:00,ERIN DALE CRESCENT/ERIN WOODS COURT,ERIN WOODS BOULEVARD,ERIN DALE CRESCENT/ERIN WOODS COURT & ERIN WOODS BOULEVARD,SE,Pedestrian RRFB,Yes,No,No,51.01852237371087,-113.9783610431252
1110515708,B0170,2026-09-21 00:00:00,AUBURN BAY BOULEVARD,AUBURN BAY STREET,AUBURN BAY BOULEVARD & AUBURN BAY STREET,SE,Pedestrian RRFB,Yes,No,No,50.88665443928887,-113.95097377956898
1110515711,B0171,2025-09-12 00:00:00,NEW BRIGHTON DRIVE,NEW BRIGHTON WAY,NEW BRIGHTON DRIVE & NEW BRIGHTON WAY,SE,Pedestrian RRFB,Yes,No,No,50.91657193121012,-113.9430841211154
1110515712,B0172,2025-10-27 00:00:00,AUBURN BAY AVENUE,AUBURN BAY BV/AUBURN GLEN MR,AUBURN BAY AVENUE & AUBURN BAY BV/AUBURN GLEN MR,SE,Pedestrian RRFB,Yes,No,No,50.89756701751588,-113.96176765490442
1110515732,B0175,2026-02-24 00:00:00,SUNCREST WAY,SUN VALLEY BOULEVARD,SUNCREST WAY & SUN VALLEY BOULEVARD,SE,Pedestrian RRFB,Yes,No,No,50.905784758525165,-114.03574391363412
1110517402,B0177,2026-02-05 00:00:00,210 AVENUE,LEGACY VILLAGE LINK,210 AVENUE & LEGACY VILLAGE LINK,SE,Pedestrian RRFB,Yes,No,No,50.86392792346806,-114.0254617131292
1110517407,B0114-TEMP,2025-04-04 00:00:00,MARTHA'S WAY,MARTINDALE BOULEVARD,MARTHA'S WAY & MARTINDALE BOULEVARD,NE,Pedestrian RRFB,,No,No,51.12272275854739,-113.96073188485552
1110518116,B0179,2025-09-26 00:00:00,NOSE HILL DRIVE,SILVER SPRINGS ROAD,NOSE HILL DRIVE & SILVER SPRINGS ROAD,NW,Pedestrian RRFB,Yes,No,No,51.10983849423057,-114.2111716672724
1110524639,B0166-TEMP,2025-12-19 00:00:00,26 AVENUE,RUNDLESON WAY,26 AVENUE & RUNDLESON WAY,NE,Pedestrian RRFB,Yes,No,No,51.07799415936506,-113.97157268951447
1110528536,B0178-TEMP,2025-01-23 00:00:00,HIDDEN HILLS TC/HIDDEN VALLEY DR,HIDDEN VALLEY DRIVE,HIDDEN HILLS TC/HIDDEN VALLEY DR & HIDDEN VALLEY DRIVE,NW,Pedestrian RRFB,,No,No,51.14934624034213,-114.1296297026734
1110575818,B0195-TEMP,2025-11-17 00:00:00,CHARLESWOOD DRIVE,JOHN LAURIE BOULEVARD,CHARLESWOOD DRIVE & JOHN LAURIE BOULEVARD,NW,Pedestrian RRFB,Yes,No,No,51.0963764849275,-114.11725035254008
1110582109,B0199,2026-04-16 00:00:00,MAHOGANY BOULEVARD,MAHOGANY GATE,MAHOGANY BOULEVARD & MAHOGANY GATE,SE,Pedestrian RRFB,Yes,No,No,50.899518767591424,-113.93749380551286
1110582110,B0198,2026-04-16 00:00:00,MAHOGANY BOULEVARD,MAHOGANY GATE,MAHOGANY BOULEVARD & MAHOGANY GATE,SE,Pedestrian RRFB,Yes,No,No,50.899744564951874,-113.93717754459328
1110582173,B0200-TEMP,2025-11-24 00:00:00,210 AVENUE,BELMONT DRIVE/CREEKSTONE DRIVE,210 AVENUE & BELMONT DRIVE/CREEKSTONE DRIVE,SW,Pedestrian RRFB,,No,No,50.86315026251121,-114.0648134707488
1110582174,B0201-TEMP,2025-11-17 00:00:00,144 AVENUE,AMBLETON STREET/EVANSTON HILL,144 AVENUE & AMBLETON STREET/EVANSTON HILL,NW,Pedestrian RRFB,,No,No,51.18326849942737,-114.11108182340568
1110582224,B0202-TEMP,2025-11-13 00:00:00,144 AVENUE,CARRINGVUE DRIVE/LUCAS WAY,144 AVENUE & CARRINGVUE DRIVE/LUCAS WAY,NW,Pedestrian RRFB,,No,No,51.18340312821623,-114.0799306565916
1110582231,B0176-TEMP,2025-10-23 00:00:00,SUV VALLEY BOULEVARD,SUN VALLEY DRIVE,SUV VALLEY BOULEVARD & SUN VALLEY DRIVE,SE,Pedestrian RRFB,,No,No,50.90659056520091,-114.0445310735367
1110582232,B0151-TEMP,2025-11-17 00:00:00,TARADALE DRIVE,TARALAKE WAY,TARADALE DRIVE & TARALAKE WAY,NE,Pedestrian RRFB,,No,No,51.11893528323152,-113.92719486409268
1110582235,B0205-TEMP,2025-11-12 00:00:00,144 AVENUE,CARRINGTON BV/LUCAS BV,144 AVENUE & CARRINGTON BV/LUCAS BV,NW,Pedestrian RRFB,Yes,No,No,51.18336971623537,-114.07562722240016
1110591888,B0098-TEMP,2025-12-15 00:00:00,SKYVIEW RANCH DRIVE,52 STREET,SKYVIEW RANCH DRIVE & 52 STREET,NE,Pedestrian RRFB,,No,No,51.15803043264573,-113.95874086693404
1110591889,B0160-TEMP,2025-12-15 00:00:00,EVANSCOVE CIRCLE,EVANSTON VIEW,EVANSCOVE CIRCLE & EVANSTON VIEW,NW,Pedestrian RRFB,,No,No,51.164406411090354,-114.11694810432176
1110592126,B0208,2026-09-10 00:00:00,CITYSCAPE BOULEVARD,CITYSCAPE DRIVE,CITYSCAPE BOULEVARD & CITYSCAPE DRIVE,NE,Pedestrian RRFB,,No,No,51.14718930540979,-113.96656800167769
1110626527,B0215,2026-09-01 00:00:00,SANDARAC DRIVE,SANDSTONE DRIVE,SANDARAC DRIVE & SANDSTONE DRIVE,NW,Pedestrian RRFB,Yes,No,No,51.13838014664096,-114.1008984386937
1110626563,B0217,2026-08-24 00:00:00,42 AVENUE,4 STREET,42 AVENUE & 4 STREET,NW,Pedestrian RRFB,Yes,No,No,51.09059189382004,-114.0716029479253
1110626583,B0220,2026-09-08 00:00:00,24 AVENUE,ULRICH ROAD,24 AVENUE & ULRICH ROAD,NW,Pedestrian RRFB,Yes,No,No,51.07433197706105,-114.13844709371304
1110626586,B0221,2026-08-24 00:00:00,BOWNESS ROAD,42 STREET,BOWNESS ROAD & 42 STREET,NW,Pedestrian RRFB,Yes,No,No,51.067883111192,-114.15417832381016
1110626596,B0224,2026-09-11 00:00:00,16 AVENUE,44 STREET,16 AVENUE & 44 STREET,SE,Pedestrian RRFB,Yes,No,No,51.03939303248696,-113.9700121548773
1110626597,B0225,2026-09-08 00:00:00,76 AVENUE,20A STREET,76 AVENUE & 20A STREET,SE,Pedestrian RRFB,Yes,No,No,50.98504403594604,-114.01017185924678
1110626604,B0232,2026-08-26 00:00:00,SILVERADO DRIVE,SILVERADO SADDLE AVENUE,SILVERADO DRIVE & SILVERADO SADDLE AVENUE,SW,Pedestrian RRFB,Yes,No,No,50.88319724424668,-114.07795309266048
1110626606,B0234,2026-08-26 00:00:00,CHAPALA GATE/CHAPALINA TERRACE,CHAPARRAL DRIVE,CHAPALA GATE/CHAPALINA TERRACE & CHAPARRAL DRIVE,SE,Pedestrian RRFB,Yes,No,No,50.87968155686349,-114.0375331813909
