signal_id,mist_no,install_date,first_road,second_road,intersection_name,quadrant,control_type,ped_buttons,ped_timer,accessible_pedestrian_signal,latitude,longitude,matched_incident_count,first_matched_incident,latest_matched_incident,active_years,most_common_weekday,most_common_hour,most_common_time_period,most_common_description,median_match_distance_m
1109001450,0269,1975-01-01 00:00:00,MEMORIAL DRIVE,DEERFOOT TRAIL SB RAMP,MEMORIAL DRIVE & DEERFOOT TRAIL SB RAMP,SE,Traffic signal,No,No,No,51.04898334202012,-114.0187962198909,454,2016-12-09 06:55:00-07:00,2026-09-13 20:48:00-06:00,11,Friday,17.0,Midday,Two vehicle incident.,46.668866091016874
1109001431,0205,1971-01-01 00:00:00,16 AVENUE WB,DEERFOOT TRAIL SB RAMP,16 AVENUE WB & DEERFOOT TRAIL SB RAMP,NE,Traffic signal,No,No,No,51.06738500634805,-114.028118765224,435,2016-12-06 22:48:00-07:00,2026-09-13 22:58:00-06:00,11,Friday,17.0,Evening Rush,Two vehicle incident.,30.229005052157007
1109001467,0209,1962-01-01 00:00:00,16 AVENUE,19 STREET,16 AVENUE & 19 STREET,NE,Traffic signal,Yes,Yes,No,51.06694244622658,-114.0133883915014,220,2016-12-12 12:03:00-07:00,2026-09-24 07:02:28-06:00,11,Thursday,14.0,Evening Rush,Traffic incident. Blocking the right lane,45.68331380115999
1109001147,0634,1960-01-01 00:00:00,GLENMORE TRAIL,MACLEOD TRAIL,GLENMORE TRAIL & MACLEOD TRAIL,SW,Traffic signal,No,No,No,50.99422000223125,-114.07153909887217,205,2016-12-08 22:05:00-07:00,2026-09-15 17:46:00-06:00,11,Friday,16.0,Evening Rush,Two vehicle incident.,41.80024960348949
1109001451,0271,1975-01-01 00:00:00,MEMORIAL DRIVE,DEERFOOT TRAIL SB RAMP,MEMORIAL DRIVE & DEERFOOT TRAIL SB RAMP,SE,Traffic signal,No,No,No,51.04787781080294,-114.01825557610796,183,2017-06-09 18:27:00-06:00,2026-09-25 22:22:08-06:00,10,Wednesday,17.0,Evening Rush,Traffic incident.,33.807053010995205
1109001505,0571,1980-01-01 00:00:00,BARLOW TRAIL,PEIGAN TRAIL,BARLOW TRAIL & PEIGAN TRAIL,SE,Traffic signal,No,No,No,51.015195259482574,-114.00248985826886,183,2017-03-10 09:22:00-07:00,2026-09-15 10:09:00-06:00,10,Tuesday,7.0,Morning Rush,Two vehicle incident.,70.61412329161263
1110254720,B2920,2020-08-19 00:00:00,BOW TRAIL,SARCEE TRAIL,BOW TRAIL & SARCEE TRAIL,SW,Pedestrian RRFB,Yes,No,No,51.0533109792208,-114.16468748396908,147,2016-12-15 13:07:00-07:00,2026-09-10 12:37:00-06:00,11,Tuesday,17.0,Evening Rush,Two vehicle incident.,55.562085586070765
1109000786,0108,1967-01-01 00:00:00,5 AVENUE,CROWCHILD TRAIL,5 AVENUE & CROWCHILD TRAIL,NW,Traffic signal,Yes,Yes,Yes,51.057186585649085,-114.1180423628214,130,2017-04-07 16:08:00-06:00,2026-09-10 16:22:00-06:00,10,Friday,16.0,Evening Rush,Traffic incident.,29.9663136617347
1109001085,0617,2007-10-19 00:00:00,GLENMORE TRAIL,5 STREET,GLENMORE TRAIL & 5 STREET,SW,Traffic signal,Yes,No,No,50.99455883251081,-114.07657982595184,128,2017-02-13 14:26:00-07:00,2026-09-06 22:48:00-06:00,10,Tuesday,19.0,Evening,Two vehicle incident.,33.82094364816409
1109001022,0612,2007-09-08 00:00:00,GLENMORE TRAIL,ELBOW DRIVE,GLENMORE TRAIL & ELBOW DRIVE,SW,Traffic signal,Yes,Yes,Yes,50.99463889072255,-114.08313960750893,126,2016-12-08 16:38:00-07:00,2026-08-29 14:03:00-06:00,11,Tuesday,12.0,Evening Rush,Two vehicle incident.,54.35025390136736
1110004236,1149,2018-10-15 00:00:00,88 AVENUE,METIS TRAIL,88 AVENUE & METIS TRAIL,NE,Traffic signal,Yes,Yes,Yes,51.13258964160277,-113.97010614193849,124,2018-02-12 07:23:00-07:00,2026-08-31 21:49:00-06:00,9,Tuesday,17.0,Evening Rush,Traffic incident.,53.44811191726385
1109001773,0145,1979-01-01 00:00:00,32 AVENUE,52 STREET,32 AVENUE & 52 STREET,NE,Traffic signal,Yes,No,No,51.08151591817079,-113.95838304381208,124,2017-05-20 02:31:00-06:00,2026-09-10 14:47:00-06:00,10,Wednesday,15.0,Evening Rush,Two vehicle incident.,38.76411858978887
1109000855,0266,1972-01-01 00:00:00,MEMORIAL DRIVE,EDMONTON TRAIL,MEMORIAL DRIVE & EDMONTON TRAIL,NE,Traffic signal,Yes,Yes,Yes,51.05071378251401,-114.05031797333064,122,2016-12-10 18:35:00-07:00,2026-09-11 11:50:00-06:00,11,Monday,7.0,Evening Rush,Two vehicle incident.,12.506478806574988
1109001813,0906,2002-09-12 00:00:00,64 AVENUE,FALCONRIDGE BOULEVARD,64 AVENUE & FALCONRIDGE BOULEVARD,NE,Traffic signal,Yes,No,No,51.1106310495383,-113.94691133036862,118,2017-02-24 06:19:00-07:00,2026-08-10 17:34:00-06:00,10,Tuesday,17.0,Evening Rush,Two vehicle incident.,30.640573789656496
1109001382,0053,1972-01-01 00:00:00,MCKNIGHT BOULEVARD,EDMONTON TRAIL/4 STREET,MCKNIGHT BOULEVARD & EDMONTON TRAIL/4 STREET,NE,Traffic signal,Yes,No,No,51.09607412913394,-114.05396484564017,118,2017-04-21 15:20:00-06:00,2026-09-16 08:54:00-06:00,10,Wednesday,16.0,Evening Rush,Traffic incident.,37.27274030890684
1109750648,1127,2015-08-18 00:00:00,104 AVENUE,METIS TRAIL,104 AVENUE & METIS TRAIL,NE,Traffic signal,Yes,Yes,No,51.14717571553179,-113.97000512771636,115,2017-04-27 21:45:00-06:00,2026-09-13 19:10:00-06:00,10,Monday,16.0,Evening Rush,Traffic incident.,27.62053825674934
1109001762,0090,1980-01-01 00:00:00,TEMPLE DR/WHITEHORN DR,52 STREET,TEMPLE DR/WHITEHORN DR & 52 STREET,NE,Traffic signal,Yes,No,No,51.08588793818506,-113.9584167208468,113,2017-06-29 16:03:00-06:00,2026-09-27 20:15:28-06:00,10,Wednesday,16.0,Evening Rush,Traffic incident.,5.844804323707352
1109001363,0202,1952-01-01 00:00:00,16 AVENUE,EDMONTON TRAIL,16 AVENUE & EDMONTON TRAIL,NE,Traffic signal,No,Yes,No,51.06691542380258,-114.0561638364846,112,2016-12-08 15:42:00-07:00,2026-09-24 23:21:36-06:00,11,Friday,21.0,Evening,Two vehicle incident. Blocking the right lane,8.099683840061019
1109001776,0171,1976-01-01 00:00:00,RUNDLEHORN DRIVE,52 STREET,RUNDLEHORN DRIVE & 52 STREET,NE,Traffic signal,Yes,Yes,Yes,51.07164301256059,-113.95837763036674,111,2017-02-12 13:46:00-07:00,2026-09-07 15:14:00-06:00,10,Tuesday,17.0,Evening,Traffic incident.,9.491706634311836
1110166328,1179,2019-12-31 00:00:00,88 AVENUE,60 STREET,88 AVENUE & 60 STREET,NE,Traffic signal,Yes,Yes,Yes,51.132529989168965,-113.94675141368506,111,2018-11-23 13:20:00-07:00,2026-09-15 06:35:00-06:00,9,Wednesday,18.0,Evening,Traffic incident.,39.1334748461977
1109000621,0538,1997-05-16 00:00:00,RICHMOND ROAD,SARCEE TRAIL,RICHMOND ROAD & SARCEE TRAIL,SW,Traffic signal,Yes,Yes,Yes,51.01804005815844,-114.16602432693558,110,2016-12-12 17:11:00-07:00,2026-06-21 17:18:00-06:00,11,Monday,17.0,Midday,Two vehicle incident.,62.12326873203138
1109001415,0056,1973-01-01 00:00:00,McKNIGHT BOULEVARD,AVIATION BLVD/12 STREET,McKNIGHT BOULEVARD & AVIATION BLVD/12 STREET,NE,Traffic signal,Yes,Yes,No,51.09609979346176,-114.03339255063658,107,2017-04-24 09:21:00-06:00,2026-08-27 07:33:00-06:00,10,Monday,16.0,Midday,Traffic incident.,35.21684141535485
1109001766,0060,1981-01-01 00:00:00,MCKNIGHT BOULEVARD,FALCONRIDGE BV/ 52 STREET,MCKNIGHT BOULEVARD & FALCONRIDGE BV/ 52 STREET,NE,Traffic signal,Yes,Yes,Yes,51.09606923655003,-113.9583662350067,107,2017-03-25 13:18:00-06:00,2026-09-13 20:35:00-06:00,10,Wednesday,11.0,Evening,Two vehicle incident.,69.17173513465687
1109001171,0051,1972-01-01 00:00:00,McKNIGHT BOULEVARD,4 STREET,McKNIGHT BOULEVARD & 4 STREET,NW,Traffic signal,Yes,Yes,Yes,51.09605572510228,-114.07151053197236,106,2017-03-21 23:20:00-06:00,2026-09-16 08:54:00-06:00,10,Friday,18.0,Evening Rush,Traffic incident.,42.73323458724523
1109001200,0740,1988-12-08 00:00:00,LAKE FRASER GATE,MACLEOD TRAIL,LAKE FRASER GATE & MACLEOD TRAIL,S,Traffic signal T intersection,No,No,No,50.93944198443133,-114.06936828614062,105,2017-02-08 10:21:00-07:00,2026-08-29 11:07:00-06:00,10,Saturday,14.0,Midday,Two vehicle incident. Blocking the right lane,9.187086722658254
1109001143,0663,1959-01-01 00:00:00,HERITAGE DRIVE,MACLEOD TRAIL,HERITAGE DRIVE & MACLEOD TRAIL,S,Traffic signal,Yes,No,No,50.97956656805239,-114.07157354186394,103,2017-03-15 18:45:00-06:00,2026-09-26 13:14:08-06:00,10,Tuesday,14.0,Midday,Two vehicle incident.,22.510262978511506
1109001775,0039,1983-01-01 00:00:00,CASTLERIDGE BV/FALCONRIDGE DR,FALCONRIDGE BOULEVARD,CASTLERIDGE BV/FALCONRIDGE DR & FALCONRIDGE BOULEVARD,NE,Traffic signal,Yes,Yes,No,51.09987279795656,-113.9583522877779,102,2016-12-19 14:06:00-07:00,2026-08-07 21:21:00-06:00,11,Monday,14.0,Evening,Traffic incident. Blocking the right lane,8.438060812351585
1109001419,0137,1979-01-01 00:00:00,32 AVENUE,DEERFOOT TRAIL NB RAMP,32 AVENUE & DEERFOOT TRAIL NB RAMP,NE,Traffic signal,No,No,No,51.08147133489544,-114.03286503690389,101,2017-10-03 12:35:00-06:00,2026-08-28 14:52:00-06:00,10,Friday,14.0,Midday,Two vehicle incident.,27.295547245023872
1109001428,0138,1979-01-01 00:00:00,32 AVENUE,12 STREET,32 AVENUE & 12 STREET,NE,Traffic signal T intersection,Yes,No,No,51.08146563295783,-114.02962850020587,99,2017-06-06 18:08:00-06:00,2026-09-18 19:56:13-06:00,10,Wednesday,15.0,Midday,Two vehicle incident.,34.85710488311203
1109001802,0280,1975-01-01 00:00:00,MEMORIAL DRIVE,52 STREET,MEMORIAL DRIVE & 52 STREET,E,Traffic signal,Yes,Yes,Yes,51.05335484409811,-113.95575532020084,98,2016-12-11 17:20:00-07:00,2026-09-14 18:58:00-06:00,11,Saturday,18.0,Evening Rush,Two vehicle incident.,37.387320257242706
1109001768,0876,1998-04-30 00:00:00,61 AVENUE,52 STREET,61 AVENUE & 52 STREET,SE,Traffic signal,Yes,No,No,50.99896317780249,-113.9585139213488,97,2017-03-06 10:26:00-07:00,2026-08-27 14:15:00-06:00,10,Monday,7.0,Morning Rush,Traffic incident.,38.84739853428775
1109001207,0935,2002-07-31 00:00:00,96 AVENUE,HARVEST HILLS BOULEVARD,96 AVENUE & HARVEST HILLS BOULEVARD,N,Traffic signal,Yes,Yes,Yes,51.14237165329197,-114.06916694073873,92,2017-04-11 22:39:00-06:00,2026-09-23 15:03:34-06:00,10,Monday,17.0,Evening Rush,Traffic incident.,16.878082591275877
1109000951,0195,1980-01-01 00:00:00,16 AVENUE,14 STREET,16 AVENUE & 14 STREET,NW,Traffic signal,Yes,Yes,No,51.06692052165827,-114.09544195282449,92,2016-12-15 21:31:00-07:00,2026-08-18 15:24:00-06:00,11,Friday,17.0,Evening Rush,Two vehicle incident.,42.97599107138065
1109001514,0283,1989-10-30 00:00:00,MEMORIAL DRIVE,68 STREET,MEMORIAL DRIVE & 68 STREET,E,Traffic signal,Yes,No,No,51.05242685044716,-113.93514921297609,91,2017-02-23 19:25:00-07:00,2026-05-11 15:10:00-06:00,10,Friday,17.0,Evening,Traffic incident.,28.717481185248463
1109001684,0143,1977-01-01 00:00:00,32 AVENUE,36 STREET,32 AVENUE & 36 STREET,NE,Traffic signal,Yes,Yes,No,51.08145897258781,-113.98174622056725,91,2017-04-04 11:45:00-06:00,2026-08-12 17:50:00-06:00,10,Sunday,13.0,Midday,Two vehicle incident.,41.75114326525653
1109001793,0846,2007-03-26 00:00:00,114 AVENUE,52 STREET,114 AVENUE & 52 STREET,SE,Traffic signal,Yes,No,No,50.95053303720472,-113.95815590429716,88,2016-12-07 17:26:00-07:00,2026-07-21 22:36:00-06:00,11,Wednesday,8.0,Morning Rush,Two vehicle incident.,36.72925763065866
1109000780,0107,1965-01-01 00:00:00,24 AVENUE,CROWCHILD TRAIL,24 AVENUE & CROWCHILD TRAIL,NW,Traffic signal,Yes,Yes,No,51.0742762480533,-114.11839142364114,88,2017-06-06 15:04:00-06:00,2026-09-06 09:58:00-06:00,10,Thursday,14.0,Midday,Two vehicle incident. Blocking the right lane,34.59904367051742
1109001694,0465,1962-01-01 00:00:00,17 AVENUE,36 STREET,17 AVENUE & 36 STREET,SE,Traffic signal,Yes,Yes,Yes,51.0378426606006,-113.9816095893636,88,2017-02-22 18:51:00-07:00,2026-08-25 19:16:00-06:00,10,Monday,15.0,Evening Rush,Traffic incident.,11.667024429976907
1109000785,0109,1959-01-01 00:00:00,KENSINGTON ROAD,CROWCHILD TRAIL,KENSINGTON ROAD & CROWCHILD TRAIL,NW,Traffic signal,Yes,Yes,Yes,51.05247113906854,-114.11795567670436,87,2016-12-14 14:42:00-07:00,2026-09-09 12:55:00-06:00,11,Friday,13.0,Midday,Two vehicle incident.,38.217704030097494
1109001395,0008,1993-10-22 00:00:00,BEDDINGTON TRAIL,BEDDINGTON BOULEVARD,BEDDINGTON TRAIL & BEDDINGTON BOULEVARD,NE,Traffic signal,Yes,Yes,No,51.12793186018606,-114.05302076793454,87,2016-12-17 09:13:00-07:00,2026-08-26 13:40:00-06:00,11,Friday,13.0,Midday,Traffic incident.,74.67041702540598
1109001140,0697,1966-01-01 00:00:00,MACLEOD TRAIL,SOUTHLAND DRIVE,MACLEOD TRAIL & SOUTHLAND DRIVE,S,Traffic signal,Yes,Yes,Yes,50.96500299540476,-114.07160810605174,85,2017-02-10 01:35:00-07:00,2026-08-15 16:14:00-06:00,10,Wednesday,8.0,Midday,Two vehicle incident. Blocking the right lane,21.0531313719461
1109001658,0275,1980-01-01 00:00:00,MEMORIAL DRIVE,28 STREET,MEMORIAL DRIVE & 28 STREET,SE,Traffic signal,Yes,Yes,No,51.04907017047402,-113.99117184742036,85,2017-04-14 03:48:00-06:00,2026-08-24 10:01:00-06:00,10,Friday,16.0,Evening Rush,Traffic incident.,45.7686744413341
1109001339,0498,1956-01-01 00:00:00,25 AVENUE,MACLEOD TRAIL,25 AVENUE & MACLEOD TRAIL,S,Traffic signal,Yes,Yes,Yes,51.03049157009962,-114.05967215335222,85,2017-03-01 09:54:00-07:00,2026-09-09 16:32:00-06:00,10,Monday,16.0,Evening Rush,Two vehicle incident.,9.64386969473858
1109001436,0208,1971-01-01 00:00:00,16 AVENUE EB,DEERFOOT TRAIL NB RAMP,16 AVENUE EB & DEERFOOT TRAIL NB RAMP,NE,Traffic signal,No,No,No,51.06638011510573,-114.02599515689508,84,2017-06-02 18:25:00-06:00,2026-09-04 19:54:00-06:00,10,Wednesday,16.0,Evening Rush,Two vehicle incident.,17.02387209527639
1109001504,0589,1975-01-01 00:00:00,50 AVENUE,BARLOW TRAIL,50 AVENUE & BARLOW TRAIL,SE,Traffic signal,Yes,No,No,51.00867433991755,-114.0017527067584,81,2017-02-17 14:18:00-07:00,2026-08-03 20:08:00-06:00,10,Wednesday,16.0,Evening Rush,Traffic incident. Blocking the right lane,10.805424166690104
1109001133,0621,1972-01-01 00:00:00,61 AVENUE,MACLEOD TRAIL,61 AVENUE & MACLEOD TRAIL,SW,Traffic signal,Yes,Yes,No,50.99771317283047,-114.07155793554575,80,2017-02-21 21:22:00-07:00,2026-09-24 00:13:34-06:00,10,Saturday,13.0,Evening Rush,Two vehicle incident.,9.157190509203573
1109000816,0193,1960-01-01 00:00:00,16 AVENUE,19 STREET,16 AVENUE & 19 STREET,NW,Traffic signal,Yes,Yes,No,51.066970925449866,-114.10629442594843,78,2017-03-02 13:59:00-07:00,2026-05-14 15:21:00-06:00,10,Thursday,13.0,Evening Rush,Traffic incident.,8.266852289440967
1109001529,0504,2007-11-14 00:00:00,17 AVENUE,70 STREET,17 AVENUE & 70 STREET,SE,Traffic signal T intersection,Yes,No,No,51.03783698966408,-113.93020135077454,77,2017-03-28 23:36:00-06:00,2026-08-06 06:14:00-06:00,10,Friday,17.0,Evening Rush,Traffic incident.,47.0038332939429
1109001763,0089,1981-01-01 00:00:00,44 AVENUE/TEMPLE DRIVE,52 STREET,44 AVENUE/TEMPLE DRIVE & 52 STREET,NE,Traffic signal,Yes,Yes,Yes,51.0914039993552,-113.95839803890787,77,2017-03-04 23:00:00-07:00,2026-08-28 19:30:00-06:00,10,Monday,16.0,Evening Rush,Traffic incident.,35.530606383107255
1109001308,0023,1973-01-01 00:00:00,64 AVENUE,CENTRE STREET,64 AVENUE & CENTRE STREET,N,Traffic signal,Yes,Yes,Yes,51.110606158478525,-114.06245033713208,77,2017-04-24 19:13:00-06:00,2026-09-16 06:24:00-06:00,10,Tuesday,15.0,Evening Rush,Traffic incident.,32.13333842110706
1109001243,0929,1999-10-28 00:00:00,COUNTRY HILLS BOULEVARD,HARVEST HILLS BOULEVARD,COUNTRY HILLS BOULEVARD & HARVEST HILLS BOULEVARD,N,Traffic signal,Yes,Yes,Yes,51.15322357048772,-114.06658164691748,77,2017-07-03 15:36:00-06:00,2026-09-03 18:21:00-06:00,10,Wednesday,12.0,Evening Rush,Traffic incident.,25.132826896224636
1109001633,0563,1999-08-28 00:00:00,PEIGAN TRAIL,25 STREET/26 STREET,PEIGAN TRAIL & 25 STREET/26 STREET,SE,Traffic signal,Yes,Yes,Yes,51.01535343558374,-113.9991480684312,76,2017-02-15 07:46:00-07:00,2026-08-25 22:28:00-06:00,10,Wednesday,17.0,Evening Rush,Two vehicle incident.,25.80832427424439
1109001788,0826,2014-09-14 00:00:00,17 AVENUE,84 STREET,17 AVENUE & 84 STREET,SE,Traffic signal T intersection,No,No,Yes,51.03774137704299,-113.9119390032111,76,2017-05-25 08:52:00-06:00,2026-09-18 19:46:05-06:00,10,Monday,17.0,Midday,Traffic incident.,14.194920747852391
1109001778,0467,1974-01-01 00:00:00,17 AVENUE,52 STREET,17 AVENUE & 52 STREET,SE,Traffic signal,Yes,Yes,Yes,51.037825924178506,-113.95837941782077,75,2016-12-11 17:06:00-07:00,2026-09-20 00:03:30-06:00,11,Saturday,18.0,Evening Rush,Two vehicle incident. Blocking the right lane,15.988974513529627
1109000910,0908,2001-06-28 00:00:00,AIRPORT TRAIL/96 AVENUE,DEERFOOT TRAIL,AIRPORT TRAIL/96 AVENUE & DEERFOOT TRAIL,NE,Traffic signal,No,No,No,51.14165766821977,-114.03832703861372,75,2016-12-08 09:00:00-07:00,2026-09-15 21:04:00-06:00,11,Monday,20.0,Evening,Traffic incident.,8.709774929378172
1109001573,0168,1986-10-01 00:00:00,23 AVENUE/SUNRIDGE WAY,BARLOW TRAIL,23 AVENUE/SUNRIDGE WAY & BARLOW TRAIL,NE,Traffic signal,Yes,No,No,51.07341418178358,-114.001689728629,75,2017-05-19 18:22:00-06:00,2026-08-06 14:03:00-06:00,10,Friday,16.0,Midday,Traffic incident.,11.069203887702663
1109001767,0219,1975-01-01 00:00:00,MADIGAN DRIVE/MARBANK DR,52 STREET,MADIGAN DRIVE/MARBANK DR & 52 STREET,NE,Traffic signal,Yes,No,Yes,51.062175718853645,-113.95839638173092,75,2016-12-19 14:22:00-07:00,2026-09-08 20:17:00-06:00,11,Saturday,19.0,Evening,Two vehicle incident.,8.372902433505526
1109001438,0206,1971-01-01 00:00:00,16 AVENUE WB,DEERFOOT TRAIL NB RAMP,16 AVENUE WB & DEERFOOT TRAIL NB RAMP,NE,Traffic signal,No,No,No,51.06741676905526,-114.02586310883078,75,2017-02-24 16:40:00-07:00,2026-07-14 16:49:00-06:00,10,Thursday,16.0,Evening Rush,Traffic incident. Blocking the left lane,35.529687768782864
1109000828,0243,2003-03-27 00:00:00,BEDDINGTON TRAIL,HIDDEN VALLEY LINK/HIDDEN CREEK,BEDDINGTON TRAIL & HIDDEN VALLEY LINK/HIDDEN CREEK,NW,Traffic signal,Yes,Yes,Yes,51.153652994207214,-114.10596272345728,74,2017-02-28 19:12:00-07:00,2026-07-02 19:42:00-06:00,10,Wednesday,19.0,Evening,Traffic incident.,6.90620939815892
1109001688,0170,1980-01-01 00:00:00,20 AVENUE/RUNDLEHORN DRIVE,36 STREET,20 AVENUE/RUNDLEHORN DRIVE & 36 STREET,NE,Traffic signal,Yes,Yes,No,51.07145345037176,-113.98172161916634,73,2017-03-19 11:00:00-06:00,2026-08-27 15:33:00-06:00,10,Friday,13.0,Midday,Two vehicle incident.,17.28147799399626
1109000525,0909,2000-11-02 00:00:00,CROWCHILD TRAIL,12 MILE COULEE ROAD,CROWCHILD TRAIL & 12 MILE COULEE ROAD,NW,Traffic signal,Yes,Yes,Yes,51.143437057929184,-114.25697672047087,73,2016-12-10 11:53:00-07:00,2026-09-07 14:16:00-06:00,11,Monday,15.0,Evening Rush,Traffic incident.,68.93024042088749
1109001712,0851,1998-06-30 00:00:00,114 AVENUE,BARLOW TRAIL,114 AVENUE & BARLOW TRAIL,SE,Traffic signal,Yes,Yes,No,50.95048704605488,-113.98142130424296,73,2016-12-09 18:04:00-07:00,2026-08-30 13:57:00-06:00,11,Tuesday,16.0,Evening Rush,Two vehicle incident.,48.53037882303409
1109000848,0772,2002-08-19 00:00:00,162 AVENUE,JAMES McKEVITT ROAD,162 AVENUE & JAMES McKEVITT ROAD,SW,Traffic signal,Yes,Yes,Yes,50.9052168485366,-114.09896728396524,72,2017-06-10 16:09:00-06:00,2026-09-15 12:10:00-06:00,10,Tuesday,21.0,Evening Rush,Traffic incident.,41.97097896696075
1109233627,0998,2008-06-24 00:00:00,COUNTRY HILLS BOULEVARD,14 STREET,COUNTRY HILLS BOULEVARD & 14 STREET,NE,Traffic signal,Yes,No,No,51.15427958967376,-114.02801927608962,72,2017-03-10 08:07:00-07:00,2026-07-13 04:51:00-06:00,10,Monday,8.0,Midday,Traffic incident. Blocking the right lane,36.65789347798649
1109000857,0666,1967-01-01 00:00:00,BLACKFOOT TRAIL,HERITAGE DRIVE,BLACKFOOT TRAIL & HERITAGE DRIVE,SE,Traffic signal,Yes,Yes,Yes,50.98078243118014,-114.050000251053,72,2016-12-12 11:47:00-07:00,2026-06-02 06:43:00-06:00,11,Tuesday,16.0,Midday,Two vehicle incident.,59.941307445184805
1109001305,0052,1967-01-01 00:00:00,McKNIGHT BOULEVARD,CENTRE STREET,McKNIGHT BOULEVARD & CENTRE STREET,N,Traffic signal,Yes,Yes,No,51.09606091807294,-114.0624450185327,71,2017-02-14 17:34:00-07:00,2026-09-27 10:00:23-06:00,10,Wednesday,17.0,Evening Rush,Traffic incident.,4.875310453691878
1109000562,0965,2007-07-11 00:00:00,CROWCHILD TRAIL,NOSE HILL DRIVE,CROWCHILD TRAIL & NOSE HILL DRIVE,NW,Traffic signal,Yes,No,No,51.12011660042873,-114.20258742445264,71,2016-12-09 17:38:00-07:00,2026-07-17 11:28:00-06:00,11,Wednesday,19.0,Midday,Two vehicle incident. Blocking the right lane,66.30157087345411
1109001411,0136,1979-01-01 00:00:00,32 AVENUE,DEERFOOT TRAIL SB RAMP,32 AVENUE & DEERFOOT TRAIL SB RAMP,NE,Traffic signal,No,No,No,51.081464154130806,-114.03498046818724,71,2018-02-27 22:21:00-07:00,2026-04-30 19:13:00-06:00,9,Friday,14.0,Midday,Traffic incident.,39.15560768672963
1109395841,1047,2011-10-11 00:00:00,10 AVENUE,14 STREET,10 AVENUE & 14 STREET,SW,Traffic signal,No,Yes,No,51.04420683700874,-114.09469728648554,71,2017-03-25 20:44:00-06:00,2026-05-16 09:02:00-06:00,10,Thursday,10.0,Evening,Traffic incident.,4.49446655666625
1109001452,0459,1968-01-01 00:00:00,17 AVENUE/BLACKFOOT TRAIL,17A STREET/19 STREET,17 AVENUE/BLACKFOOT TRAIL & 17A STREET/19 STREET,SE,Traffic signal,Yes,Yes,No,51.03772045819692,-114.01784151079993,71,2016-12-09 10:35:00-07:00,2026-08-24 06:12:00-06:00,11,Friday,10.0,Midday,Two vehicle incident.,32.51346122696606
1109001141,0602,1960-01-01 00:00:00,58 AVENUE,MACLEOD TRAIL,58 AVENUE & MACLEOD TRAIL,SW,Traffic signal,Yes,Yes,No,51.00138840559556,-114.07157806416076,70,2017-04-12 15:25:00-06:00,2026-07-22 01:16:00-06:00,10,Thursday,18.0,Evening Rush,Two vehicle incident.,11.504428447600727
1109000781,0631,1981-01-01 00:00:00,CROWCHILD TRAIL,GLENMORE TRAIL,CROWCHILD TRAIL & GLENMORE TRAIL,SW,Traffic signal T intersection,Yes,Yes,Yes,51.000021454654494,-114.11802518568722,69,2016-12-17 14:05:00-07:00,2026-05-19 09:15:00-06:00,11,Tuesday,6.0,Morning Rush,Two vehicle incident.,37.226076053083865
1109001696,0276,1973-01-01 00:00:00,MEMORIAL DRIVE,36 STREET,MEMORIAL DRIVE & 36 STREET,E,Traffic signal,Yes,Yes,Yes,51.05210494185662,-113.98171913414748,69,2017-02-08 22:19:00-07:00,2026-08-05 21:15:00-06:00,10,Saturday,17.0,Evening Rush,Traffic incident.,29.31534084934649
1109001755,0034,1998-07-10 00:00:00,64 AVENUE,CASTLERIDGE BV/MARTINDALE GT,64 AVENUE & CASTLERIDGE BV/MARTINDALE GT,NE,Traffic signal,Yes,Yes,Yes,51.110610910323295,-113.96530623318736,69,2017-02-09 18:48:00-07:00,2026-08-04 13:35:00-06:00,10,Tuesday,18.0,Evening Rush,Traffic incident.,8.812907750708364
1110119326,0750,2018-06-28 00:00:00,NOLAN HILL DRIVE/SHERVIEW DRIVE,SYMONS VALLEY PARKWAY,NOLAN HILL DRIVE/SHERVIEW DRIVE & SYMONS VALLEY PARKWAY,NW,Traffic signal,Yes,Yes,Yes,51.16803764907753,-114.1606216614286,69,2017-02-27 13:10:00-07:00,2026-09-18 09:45:00-06:00,10,Friday,17.0,Evening Rush,Traffic incident.,42.7010859703105
1109001027,B2535,1981-03-02 00:00:00,JOHN LAURIE BOULEVARD,McKNIGHT BOULEVARD,JOHN LAURIE BOULEVARD & McKNIGHT BOULEVARD,NW,Overhead Flasher,Yes,No,No,51.09735144712518,-114.08326234514767,68,2016-12-09 16:46:00-07:00,2026-09-01 12:55:00-06:00,11,Monday,15.0,Evening Rush,Traffic incident.,5.514775839597348
1109001772,0162,1980-03-13 00:00:00,26 AVENUE,52 STREET,26 AVENUE & 52 STREET,NE,Traffic signal,Yes,Yes,Yes,51.07626861121187,-113.95840390926358,68,2016-12-06 18:03:00-07:00,2026-09-09 09:16:00-06:00,11,Wednesday,18.0,Evening Rush,Traffic incident.,8.767208502549714
1109000987,0262,1962-01-01 00:00:00,MEMORIAL DRIVE,10 STREET,MEMORIAL DRIVE & 10 STREET,NW,Traffic signal,No,Yes,No,51.05197851017446,-114.08582660412291,68,2016-12-09 21:31:00-07:00,2026-06-22 19:26:00-06:00,11,Friday,16.0,Evening Rush,Traffic incident. Blocking the right lane,3.0565919570809994
1109001432,0207,1971-01-01 00:00:00,16 AVENUE EB,DEERFOOT TRAIL SB RAMP,16 AVENUE EB & DEERFOOT TRAIL SB RAMP,NE,Traffic signal,No,No,No,51.066381706284005,-114.02818310485564,68,2017-08-04 06:09:00-06:00,2026-09-10 06:00:00-06:00,10,Monday,8.0,Midday,Traffic incident. Blocking the left lane,29.900246241211818
1109000661,0044,1980-01-01 00:00:00,JOHN LAURIE BOULEVARD,53 STREET/EDGEMONT DRIVE,JOHN LAURIE BOULEVARD & 53 STREET/EDGEMONT DRIVE,NW,Traffic signal,Yes,Yes,No,51.11517744981787,-114.15446310984126,68,2017-02-14 18:40:00-07:00,2026-08-27 19:16:00-06:00,10,Thursday,16.0,Evening Rush,Traffic incident.,38.58098603653631
1109001791,0860,2004-11-12 00:00:00,130 AVENUE,52 STREET,130 AVENUE & 52 STREET,SE,Traffic signal,Yes,No,No,50.93136559836629,-113.95814293019356,67,2017-02-12 12:40:00-07:00,2026-08-20 08:45:00-06:00,10,Friday,19.0,Evening,Two vehicle incident.,51.26699249509976
1109000928,0660,1969-01-01 00:00:00,HERITAGE DRIVE,14 STREET,HERITAGE DRIVE & 14 STREET,SW,Traffic signal,Yes,Yes,Yes,50.97957656534306,-114.09486058613012,67,2017-04-11 19:39:00-06:00,2026-05-28 13:49:00-06:00,10,Thursday,16.0,Evening Rush,Traffic signals are flashing red.,52.281914611520456
1109001690,0161,1982-01-01 00:00:00,26 AVENUE,36 STREET,26 AVENUE & 36 STREET,NE,Traffic signal,Yes,Yes,No,51.0778720841518,-113.98170481951036,67,2016-12-12 14:37:00-07:00,2026-07-06 09:20:00-06:00,11,Friday,20.0,Evening Rush,Two vehicle incident.,37.47643951647358
1109001518,0212,1981-01-01 00:00:00,16 AVENUE,68 STREET,16 AVENUE & 68 STREET,NE,Traffic signal,Yes,Yes,No,51.06697317408672,-113.93515605677298,67,2018-07-17 16:27:00-06:00,2026-08-11 12:18:00-06:00,9,Tuesday,16.0,Evening Rush,Traffic incident.,21.527117434718143
1109000765,0584,2003-09-10 00:00:00,50 AVENUE/MOUNT ROYAL GATE,CROWCHILD TRAIL/FORAND STREET,50 AVENUE/MOUNT ROYAL GATE & CROWCHILD TRAIL/FORAND STREET,SW,Traffic signal,Yes,No,No,51.00869869963617,-114.12010968430069,67,2017-02-13 18:18:00-07:00,2026-04-15 15:55:00-06:00,10,Wednesday,15.0,Evening Rush,Traffic incident.,8.379017855354727
1109001689,0228,1980-01-01 00:00:00,8 AVENUE/MARLBOROUGH DR,36 STREET,8 AVENUE/MARLBOROUGH DR & 36 STREET,NE,Traffic signal,Yes,Yes,No,51.05951866288999,-113.98170340324936,67,2017-03-12 11:38:00-06:00,2026-09-11 12:01:00-06:00,10,Thursday,12.0,Evening Rush,Traffic incident. Blocking the right lane,15.204171625475118
1109001420,0267,1982-01-01 00:00:00,MEMORIAL DRIVE,12 STREET,MEMORIAL DRIVE & 12 STREET,NE,Traffic signal T intersection,Yes,Yes,Yes,51.04818974053156,-114.0319194420082,66,2016-12-15 23:15:00-07:00,2026-08-17 19:18:00-06:00,11,Wednesday,19.0,Evening Rush,Two vehicle incident.,31.89342793367501
1109001522,0147,1993-04-01 00:00:00,32 AVENUE,68 STREET,32 AVENUE & 68 STREET,NE,Traffic signal,Yes,Yes,Yes,51.08152787928409,-113.93512567056467,66,2017-03-14 08:55:00-06:00,2026-07-24 16:01:00-06:00,10,Tuesday,18.0,Evening Rush,Traffic incident.,30.804262615288064
1109001524,0468,1982-01-01 00:00:00,17 AVENUE,68 STREET,17 AVENUE & 68 STREET,SE,Traffic signal,Yes,Yes,Yes,51.03780400571328,-113.93513437581932,65,2017-06-03 08:46:00-06:00,2026-07-29 17:22:00-06:00,10,Thursday,17.0,Evening Rush,Traffic incident.,28.496413580305354
1109000657,0120,1970-01-01 00:00:00,SHAGANAPPI TRAIL,VARSITY DRIVE,SHAGANAPPI TRAIL & VARSITY DRIVE,NW,Traffic signal,Yes,Yes,Yes,51.093338797322666,-114.15488599037516,65,2017-02-08 13:11:00-07:00,2026-04-18 22:17:00-06:00,10,Thursday,15.0,Midday,Traffic incident.,6.9238045858513315
1109000997,0198,1956-01-01 00:00:00,16 AVENUE,10 STREET,16 AVENUE & 10 STREET,NW,Traffic signal,Yes,Yes,No,51.06690677916269,-114.08487700413993,64,2017-03-20 18:19:00-06:00,2026-09-10 07:43:00-06:00,10,Thursday,13.0,Midday,Two vehicle incident.,48.4269763935706
1109001815,0899,2004-06-24 00:00:00,FALCONRIDGE BOULEVARD,MARTINDALE BV/TARADALE DRIVE,FALCONRIDGE BOULEVARD & MARTINDALE BV/TARADALE DRIVE,NE,Traffic signal,Yes,No,No,51.114152620456565,-113.94674248116786,64,2017-02-10 19:18:00-07:00,2026-05-15 23:02:00-06:00,10,Tuesday,20.0,Evening,Traffic incident.,8.727743187965356
1109001300,0201,1952-01-01 00:00:00,16 AVENUE,CENTRE STREET,16 AVENUE & CENTRE STREET,N,Traffic signal,No,Yes,No,51.06697927966196,-114.0625057527336,63,2017-11-01 16:42:00-06:00,2026-02-17 07:25:00-07:00,10,Tuesday,16.0,Evening Rush,Two vehicle incident. Blocking the right lane,13.50863900583245
1109000783,0110,1987-09-04 00:00:00,23 AVENUE,CROWCHILD TRAIL,23 AVENUE & CROWCHILD TRAIL,NW,Traffic signal,No,No,No,51.07104181859014,-114.1179205565291,63,2017-04-10 17:47:00-06:00,2026-08-14 06:28:00-06:00,10,Tuesday,15.0,Evening Rush,Two vehicle incident.,8.63411557198361
1109001473,0140,1980-01-01 00:00:00,32 AVENUE,19 STREET,32 AVENUE & 19 STREET,NE,Traffic signal,Yes,No,No,51.08147779832928,-114.0116316155154,63,2017-03-08 13:55:00-07:00,2026-09-08 16:48:00-06:00,10,Thursday,12.0,Midday,Traffic incident.,43.69338756611261
1109001482,0917,2005-09-27 00:00:00,COUNTRY HILLS BOULEVARD,FREEPORT DRIVE/STONEHILL DRIVE,COUNTRY HILLS BOULEVARD & FREEPORT DRIVE/STONEHILL DRIVE,NE,Traffic signal,Yes,No,No,51.1543195255401,-114.00653685703732,62,2017-08-09 23:57:00-06:00,2026-08-29 05:45:00-06:00,10,Wednesday,18.0,Evening Rush,Traffic incident.,16.477134449152004
1109244299,1019,2008-08-21 00:00:00,17 AVENUE,100 STREET,17 AVENUE & 100 STREET,SE,Traffic signal,No,No,No,51.03781523967712,-113.88865379274289,62,2017-06-15 23:15:00-06:00,2026-08-06 17:17:00-06:00,10,Sunday,17.0,Evening Rush,Traffic incident.,2.562650965254707
1109001358,0024,1978-01-01 00:00:00,64 AVENUE,4 STREET,64 AVENUE & 4 STREET,NE,Traffic signal,No,Yes,No,51.110591000139735,-114.05692361322212,61,2017-05-01 10:38:00-06:00,2026-01-13 07:43:00-07:00,10,Wednesday,17.0,Evening Rush,Traffic incident.,35.145844439546195
1109001494,0273,1983-01-01 00:00:00,BARLOW TRAIL,MEMORIAL DRIVE WB RAMP,BARLOW TRAIL & MEMORIAL DRIVE WB RAMP,SE,Traffic signal T intersection,No,No,No,51.04573034885917,-114.00175257743632,61,2016-12-17 13:33:00-07:00,2026-07-12 20:31:00-06:00,11,Tuesday,16.0,Evening Rush,Traffic incident.,64.68410910581754
1109001691,0240,1983-01-01 00:00:00,4 AVENUE,36 STREET,4 AVENUE & 36 STREET,NE,Traffic signal,No,No,No,51.05520905111126,-113.9816994873647,61,2017-09-22 10:43:00-06:00,2026-09-06 09:32:00-06:00,10,Sunday,15.0,Midday,Two vehicle incident. Blocking the right lane,31.50358152447777
1109001750,0936,2005-02-15 00:00:00,CASTLERIDGE BOULEVARD,CASTLERIDGE DR/WESTWINDS DR,CASTLERIDGE BOULEVARD & CASTLERIDGE DR/WESTWINDS DR,NE,Traffic signal,Yes,Yes,Yes,51.10839758770806,-113.9664700666192,61,2017-04-12 09:44:00-06:00,2026-07-04 17:17:00-06:00,10,Tuesday,17.0,Evening Rush,Traffic incident.,32.67351131710381
1109001142,0668,1989-07-24 00:00:00,86 AVENUE/HULL AVENUE,MACLEOD TRAIL,86 AVENUE/HULL AVENUE & MACLEOD TRAIL,S,Traffic signal,Yes,Yes,Yes,50.97591668848108,-114.07158217068464,61,2017-02-11 12:08:00-07:00,2026-08-22 08:56:00-06:00,10,Wednesday,11.0,Midday,Traffic incident.,7.824318302297203
1109000595,0921,2000-06-19 00:00:00,CITADEL GATE/NOSE HILL DRIVE,COUNTRY HILLS BOULEVARD,CITADEL GATE/NOSE HILL DRIVE & COUNTRY HILLS BOULEVARD,NW,Traffic signal,Yes,No,Yes,51.1411269175427,-114.1819299401113,60,2017-02-17 14:50:00-07:00,2026-09-23 15:57:49-06:00,10,Friday,15.0,Evening Rush,Traffic incident.,29.229975089106034
1109001785,0360,1977-01-01 00:00:00,8 AVENUE,52 STREET,8 AVENUE & 52 STREET,SE,Traffic signal,Yes,No,No,51.04517716883912,-113.95820347836344,60,2017-03-31 18:22:00-06:00,2026-07-10 02:50:00-06:00,10,Friday,13.0,Evening Rush,Traffic incident.,38.696664289015565
1109001687,0218,1979-01-01 00:00:00,12 AVENUE/MARBANK DRIVE,36 STREET,12 AVENUE/MARBANK DRIVE & 36 STREET,NE,Traffic signal,Yes,Yes,No,51.06263455656037,-113.98172509215829,60,2017-07-12 08:20:00-06:00,2026-08-29 14:35:00-06:00,10,Saturday,17.0,Evening Rush,Traffic incident. Blocking the right lane,26.8930432001112
1109000894,0840,2004-09-17 00:00:00,HERITAGE MEADOWS WAY,11 STREET,HERITAGE MEADOWS WAY & 11 STREET,SE,Traffic signal,Yes,No,No,50.98421072191572,-114.0419571595398,60,2016-12-14 10:21:00-07:00,2026-08-04 17:58:00-06:00,11,Friday,7.0,Evening Rush,Traffic incident.,40.796001850808146
1109001252,0752,1988-01-01 00:00:00,MIDLAKE BOULEVARD,BANNISTER ROAD,MIDLAKE BOULEVARD & BANNISTER ROAD,SE,Traffic signal,Yes,No,No,50.91409152322132,-114.06484015879128,60,2017-03-17 23:49:00-06:00,2026-03-16 07:08:00-06:00,10,Friday,16.0,Evening Rush,Traffic incident.,34.257765947516454
1109001219,0698,1977-01-01 00:00:00,BONAVENTURE DRIVE,SOUTHLAND DRIVE,BONAVENTURE DRIVE & SOUTHLAND DRIVE,SE,Traffic signal,Yes,No,No,50.96506457686188,-114.06809168962394,59,2017-06-17 15:44:00-06:00,2026-09-05 16:17:00-06:00,10,Friday,16.0,Evening Rush,Two vehicle incident.,11.751626084779645
1109001429,0669,1992-07-30 00:00:00,HERITAGE DRIVE,GLENDEER CIRCLE/HERITAGE MEADOWS RD,HERITAGE DRIVE & GLENDEER CIRCLE/HERITAGE MEADOWS RD,SE,Traffic signal,Yes,No,No,50.98708614346783,-114.02920941911376,59,2017-05-19 16:41:00-06:00,2026-09-26 09:15:31-06:00,10,Friday,15.0,Evening Rush,Traffic incident.,48.71328569117225
1109001327,0313,1956-01-01 00:00:00,5 AVENUE,1 STREET,5 AVENUE & 1 STREET,SE,Traffic signal,No,Yes,Yes,51.0483409509233,-114.06038745558352,58,2016-12-06 22:14:00-07:00,2026-08-03 22:04:00-06:00,11,Saturday,14.0,Evening Rush,Traffic incident.,2.793424113578033
1109000662,0122,1971-01-01 00:00:00,40 AVENUE,SHAGANAPPI TRAIL,40 AVENUE & SHAGANAPPI TRAIL,NW,Traffic signal,Yes,Yes,Yes,51.08826335960703,-114.15375966421584,58,2016-12-18 15:49:00-07:00,2026-07-13 12:07:00-06:00,11,Wednesday,15.0,Evening Rush,Traffic incident.,34.185173760996236
1109001139,0685,1977-01-01 00:00:00,94 AVENUE,MACLEOD TRAIL,94 AVENUE & MACLEOD TRAIL,S,Traffic signal,Yes,Yes,No,50.9686348934185,-114.07161369008064,58,2016-12-09 17:49:00-07:00,2026-09-08 21:55:00-06:00,11,Thursday,15.0,Evening Rush,Traffic incident. Blocking the right lane,6.547242046779844
1109001271,0636,1981-01-01 00:00:00,FAIRMOUNT DRIVE,GLENMORE TRAIL EB RAMP,FAIRMOUNT DRIVE & GLENMORE TRAIL EB RAMP,SE,Traffic signal T intersection,No,No,No,50.99377963987197,-114.0638198926605,58,2016-12-12 08:21:00-07:00,2026-09-26 15:37:30-06:00,11,Tuesday,15.0,Evening Rush,Traffic incident.,8.491568860992405
1109001349,0380,1956-01-01 00:00:00,9 AVENUE,MACLEOD TRAIL,9 AVENUE & MACLEOD TRAIL,SE,Traffic signal,Yes,Yes,Yes,51.044462269982425,-114.05818302152171,58,2016-12-06 16:25:00-07:00,2026-09-09 04:43:00-06:00,11,Wednesday,9.0,Midday,Traffic incident.,1.0198458899629477
1109001695,0284,1987-04-01 00:00:00,RADCLIFFE DRIVE,36 STREET,RADCLIFFE DRIVE & 36 STREET,SE,Traffic signal,Yes,Yes,Yes,51.0481431207983,-113.98164522520884,57,2017-07-21 22:28:00-06:00,2026-03-27 09:59:00-06:00,10,Wednesday,17.0,Evening Rush,Traffic incident.,32.73051585773914
1109000863,0576,1968-01-01 00:00:00,46 AVENUE/MANHATTAN ROAD,BLACKFOOT TRAIL,46 AVENUE/MANHATTAN ROAD & BLACKFOOT TRAIL,SE,Traffic signal,Yes,No,No,51.01121351077416,-114.04863643006811,57,2017-04-04 17:46:00-06:00,2026-08-05 07:02:00-06:00,10,Wednesday,17.0,Midday,Traffic incident.,10.49003937102577
1109000892,0933,1998-07-26 00:00:00,COUNTRY HILLS BOULEVARD,COVENTRY BOULEVARD,COUNTRY HILLS BOULEVARD & COVENTRY BOULEVARD,NE,Traffic signal,Yes,No,No,51.15426504610739,-114.04245754216444,57,2017-06-24 19:23:00-06:00,2026-06-07 15:17:00-06:00,10,Tuesday,17.0,Evening Rush,Traffic incident.,8.85617796962063
1109001693,0210,1984-01-01 00:00:00,16 AVENUE/SUNRIDGE WAY,36 STREET,16 AVENUE/SUNRIDGE WAY & 36 STREET,NE,Traffic signal,No,No,No,51.06818631551959,-113.9817078791285,57,2017-07-21 17:41:00-06:00,2026-08-27 12:25:00-06:00,9,Friday,15.0,Evening Rush,Two vehicle incident. Blocking the left lane,25.620971762252513
1109001500,0141,1980-01-01 00:00:00,32 AVENUE,BARLOW TRAIL,32 AVENUE & BARLOW TRAIL,NE,Traffic signal,Yes,No,No,51.08150666275682,-114.0017294010861,57,2017-05-05 23:50:00-06:00,2026-09-22 08:58:51-06:00,10,Friday,16.0,Midday,Traffic incident.,69.19219169115011
1109000666,0128,1971-01-01 00:00:00,32 AVENUE,SHAGANAPPI TRAIL,32 AVENUE & SHAGANAPPI TRAIL,NW,Traffic signal,Yes,Yes,No,51.08147103662381,-114.15221620677082,57,2017-02-24 21:04:00-07:00,2026-06-29 09:55:00-06:00,10,Tuesday,16.0,Evening Rush,Traffic incident.,33.010214787597555
1109000663,0441,1981-01-01 00:00:00,17 AVENUE,45 STREET,17 AVENUE & 45 STREET,SW,Traffic signal,Yes,Yes,No,51.03780533794444,-114.1528226461322,56,2017-02-11 10:12:00-07:00,2026-05-11 19:16:00-06:00,10,Saturday,18.0,Evening Rush,Traffic incident.,0.5064422106866315
1109001179,0004,1981-01-01 00:00:00,BEDDINGTON BOULEVARD,CENTRE STREET,BEDDINGTON BOULEVARD & CENTRE STREET,N,Traffic signal,Yes,Yes,Yes,51.12517319630152,-114.07142691369518,56,2016-12-09 13:30:00-07:00,2026-08-09 00:16:00-06:00,11,Monday,17.0,Evening Rush,Traffic incident.,22.650655823344717
1109001196,0836,2003-08-24 00:00:00,SHAWNESSY BOULEVARD,MACLEOD TR RAMP/SHAWVILLE BV,SHAWNESSY BOULEVARD & MACLEOD TR RAMP/SHAWVILLE BV,SE,Traffic signal,Yes,No,No,50.91292570767177,-114.0696368633936,55,2016-12-20 07:16:00-07:00,2026-08-11 22:05:00-06:00,11,Tuesday,14.0,Evening,Traffic incident.,11.035550280040049
1109000945,0246,1954-01-01 00:00:00,KENSINGTON ROAD,14 STREET,KENSINGTON ROAD & 14 STREET,NW,Traffic signal,No,Yes,No,51.05252778419731,-114.09469607853136,55,2017-06-17 01:04:00-06:00,2026-06-01 08:21:00-06:00,10,Friday,4.0,Midday,Two vehicle incident.,1.2481026756799587
1109001574,0257,1970-01-01 00:00:00,CENTRE AVENUE,BARLOW TRAIL,CENTRE AVENUE & BARLOW TRAIL,E,Traffic signal,Yes,Yes,No,51.05241020418117,-114.0016556472727,55,2017-02-09 07:20:00-07:00,2026-09-11 16:15:00-06:00,10,Friday,7.0,Midday,Traffic incident.,9.627751271086884
1109000942,0448,1951-01-01 00:00:00,17 AVENUE,14 STREET,17 AVENUE & 14 STREET,SW,Traffic signal,No,Yes,Yes,51.03782416874682,-114.09471004382436,55,2017-05-14 19:07:00-06:00,2026-09-01 17:20:00-06:00,10,Wednesday,13.0,Evening Rush,Two vehicle incident.,0.00330984941450264
1109980149,0800,2016-05-12 00:00:00,194 AVENUE,CHAPARRAL BV/WALDEN BOULEVARD,194 AVENUE & CHAPARRAL BV/WALDEN BOULEVARD,SE,Traffic signal,Yes,Yes,Yes,50.8776934901477,-114.02455366585802,55,2016-12-09 15:30:00-07:00,2026-07-06 07:27:00-06:00,11,Friday,16.0,Evening Rush,Traffic incident.,39.261855029994024
1109000896,0885,2007-03-30 00:00:00,McKENZIE TOWNE BV/NEW BRIGHTON GT,52 STREET,McKENZIE TOWNE BV/NEW BRIGHTON GT & 52 STREET,SE,Traffic signal,Yes,No,No,50.91823211503861,-113.95818840957214,55,2017-06-14 21:45:00-06:00,2026-06-29 17:13:00-06:00,10,Wednesday,17.0,Evening Rush,Traffic incident.,15.181966749533093
1109000747,0191,1964-01-01 00:00:00,16 AVENUE,UXBRIDGE DRIVE/29 STREET,16 AVENUE & UXBRIDGE DRIVE/29 STREET,NW,Traffic signal,Yes,Yes,Yes,51.06851014599292,-114.1291627071488,55,2017-03-05 15:12:00-07:00,2026-08-13 09:36:00-06:00,10,Monday,15.0,Evening Rush,Traffic incident.,48.58203251035097
1109395837,1045,2012-08-22 00:00:00,194 AVENUE,CHAPARRAL DR/WALDEN GT,194 AVENUE & CHAPARRAL DR/WALDEN GT,SE,Traffic signal,Yes,Yes,Yes,50.87704752818677,-114.03664182349412,54,2016-12-11 18:57:00-07:00,2026-09-25 08:15:25-06:00,11,Tuesday,15.0,Evening Rush,Traffic incident.,10.426636890586249
1109001165,0454,1950-01-01 00:00:00,17 AVENUE,4 STREET,17 AVENUE & 4 STREET,SW,Traffic signal,No,Yes,Yes,51.037830548145976,-114.071500543916,54,2017-02-27 06:36:00-07:00,2026-09-01 09:11:00-06:00,10,Thursday,23.0,Evening,Traffic incident.,1.29659519233958
1109001144,0656,1975-01-01 00:00:00,75 AVENUE,MACLEOD TRAIL,75 AVENUE & MACLEOD TRAIL,S,Traffic signal T intersection,Yes,No,No,50.985976337229886,-114.07154067016396,54,2017-07-11 14:04:00-06:00,2026-03-28 10:17:00-06:00,10,Saturday,13.0,Midday,Two vehicle incident.,22.17617817559282
1109001526,0035,2000-07-21 00:00:00,CORAL SPRINGS BOULEVARD,68 STREET,CORAL SPRINGS BOULEVARD & 68 STREET,NE,Traffic signal T intersection,Yes,No,No,51.09913662913185,-113.93509921597774,54,2017-06-05 16:36:00-06:00,2026-09-24 21:25:26-06:00,10,Friday,16.0,Evening Rush,Traffic incident.,10.634239704237645
1109000875,0025,1987-11-18 00:00:00,64 AVENUE,DEERFOOT TRAIL,64 AVENUE & DEERFOOT TRAIL,NE,Traffic signal T intersection,Yes,Yes,No,51.1105949858546,-114.04804304909096,54,2017-07-24 18:52:00-06:00,2026-08-03 12:59:00-06:00,10,Tuesday,16.0,Evening Rush,Traffic incident. Blocking the right lane,37.56616093861261
1109000867,0203,1971-01-01 00:00:00,16 AVENUE,6 STREET,16 AVENUE & 6 STREET,NE,Traffic signal,Yes,Yes,Yes,51.06698600242878,-114.0483239013108,54,2017-04-30 09:37:00-06:00,2026-02-28 10:48:00-07:00,10,Wednesday,15.0,Evening Rush,Traffic incident.,11.487863694110034
1109000761,0368,1961-01-01 00:00:00,BOW TRAIL,26 STREET,BOW TRAIL & 26 STREET,SW,Traffic signal,Yes,Yes,No,51.04167334460777,-114.12363555272044,54,2017-06-24 03:31:00-06:00,2026-09-10 19:53:00-06:00,10,Friday,17.0,Evening Rush,Traffic incident.,18.479161478950655
1109001665,0782,1986-05-29 00:00:00,32 AVENUE,32 STREET,32 AVENUE & 32 STREET,NE,Traffic signal,Yes,No,No,51.0814860185228,-113.988670833025,54,2016-12-07 10:48:00-07:00,2026-06-21 18:45:00-06:00,11,Thursday,18.0,Midday,Two vehicle incident.,30.321590311407753
1109001176,0022,1974-01-01 00:00:00,64 AVENUE,4 STREET,64 AVENUE & 4 STREET,NW,Traffic signal,Yes,Yes,Yes,51.110609997207305,-114.07144730541516,54,2017-08-14 18:18:00-06:00,2026-09-09 07:56:00-06:00,10,Wednesday,7.0,Evening Rush,Traffic incident.,31.855341935881015
1109001353,0314,1956-01-01 00:00:00,5 AVENUE,MACLEOD TRAIL,5 AVENUE & MACLEOD TRAIL,SE,Traffic signal,Yes,Yes,Yes,51.04824708623376,-114.05790252902683,53,2017-04-24 17:54:00-06:00,2026-08-27 16:56:00-06:00,10,Friday,11.0,Midday,Two vehicle incident.,0.50225397518613
1109001272,0635,1981-01-01 00:00:00,CENTRE STREET,GLENMORE TRAIL WB RAMP,CENTRE STREET & GLENMORE TRAIL WB RAMP,S,Traffic signal T intersection,Yes,No,No,50.994155403118185,-114.06382014593198,53,2016-12-10 14:25:00-07:00,2026-05-14 18:18:00-06:00,11,Saturday,16.0,Evening Rush,Traffic incident.,5.670592361972097
1109001261,0567,1956-01-01 00:00:00,42 AVENUE,MACLEOD TRAIL,42 AVENUE & MACLEOD TRAIL,S,Traffic signal,Yes,Yes,Yes,51.01595248131761,-114.06441812898646,53,2017-03-20 13:32:00-06:00,2025-12-02 23:13:00-07:00,9,Thursday,17.0,Midday,Two vehicle incident.,25.410519589961744
1109641268,1078,2011-10-29 00:00:00,17 AVENUE,SARCEE TRAIL,17 AVENUE & SARCEE TRAIL,SW,Traffic signal,Yes,Yes,Yes,51.03931653647692,-114.16613964609918,53,2017-03-07 12:50:00-07:00,2026-07-17 23:44:00-06:00,10,Friday,17.0,Evening Rush,Two vehicle incident.,18.674083651905452
1109231604,1125,2019-12-02 00:00:00,AIRPORT TRAIL,60 STREET,AIRPORT TRAIL & 60 STREET,NE,Traffic signal T intersection,Yes,Yes,No,51.13960107957249,-113.94669022455712,52,2019-12-11 16:38:00-07:00,2026-09-08 16:50:00-06:00,7,Tuesday,19.0,Evening Rush,Traffic incident.,11.133775241212566
1109001403,0265,1962-01-01 00:00:00,MEMORIAL DRIVE,4 STREET/SB EDMONTON TRAIL,MEMORIAL DRIVE & 4 STREET/SB EDMONTON TRAIL,NE,Traffic signal,Yes,Yes,Yes,51.05094145421357,-114.0516763955843,52,2017-03-28 14:42:00-06:00,2026-09-16 12:56:00-06:00,10,Monday,7.0,Midday,Traffic incident. Blocking the right lane,30.222683485555944
1109001418,0745,1979-01-01 00:00:00,BOW BOTTOM TRAIL,CANYON MEADOWS DRIVE,BOW BOTTOM TRAIL & CANYON MEADOWS DRIVE,SE,Traffic signal,Yes,No,No,50.93114658236976,-114.0323638445918,52,2017-06-15 10:41:00-06:00,2026-06-12 13:09:00-06:00,10,Thursday,17.0,Evening Rush,Traffic incident.,44.4921064778416
1109000575,0040,1990-09-27 00:00:00,JOHN LAURIE BOULEVARD,NOSE HILL DRIVE,JOHN LAURIE BOULEVARD & NOSE HILL DRIVE,NW,Traffic signal,Yes,No,No,51.12771216809178,-114.19450621769306,52,2017-02-11 13:00:00-07:00,2026-09-21 08:45:50-06:00,10,Tuesday,16.0,Evening Rush,Traffic incident.,42.30117899631594
1109000891,0204,1969-01-01 00:00:00,16 AVENUE,MONCTON ROAD/RUSSET ROAD,16 AVENUE & MONCTON ROAD/RUSSET ROAD,NE,Traffic signal,Yes,Yes,Yes,51.066988279393385,-114.04245997535983,52,2017-03-08 13:45:00-07:00,2026-09-14 06:57:00-06:00,10,Wednesday,9.0,Evening Rush,Traffic incident.,8.887229046307072
1109000972,0006,1990-06-20 00:00:00,BEDDINGTON BV/SANDSTONE DR,BERKSHIRE BOULEVARD,BEDDINGTON BV/SANDSTONE DR & BERKSHIRE BOULEVARD,NW,Traffic signal,Yes,Yes,Yes,51.13354418559415,-114.0890773143938,51,2017-03-09 10:10:00-07:00,2026-07-09 09:25:00-06:00,10,Monday,7.0,Morning Rush,Traffic incident.,5.509718924499784
1109000585,0187,1998-06-28 00:00:00,16 AVENUE WB RAMP,SARCEE TRAIL,16 AVENUE WB RAMP & SARCEE TRAIL,NW,Traffic signal,No,No,No,51.08145818262745,-114.18909042545388,51,2016-12-17 16:46:00-07:00,2026-06-08 09:44:00-06:00,11,Saturday,10.0,Evening Rush,Traffic incident.,7.574741721524855
1109001164,0200,1952-01-01 00:00:00,16 AVENUE,4 STREET,16 AVENUE & 4 STREET,NW,Traffic signal,Yes,Yes,Yes,51.066901145446565,-114.07151568698308,51,2017-03-03 08:15:00-07:00,2026-09-11 21:54:00-06:00,10,Monday,13.0,Evening Rush,Traffic incident.,9.101130819805682
1109242675,1000,2008-08-15 00:00:00,NEW BRIGHTON DR/PRESTWICK GT,52 STREET,NEW BRIGHTON DR/PRESTWICK GT & 52 STREET,SE,Traffic signal,Yes,No,No,50.92545445191262,-113.95814903132242,51,2017-04-01 23:52:00-06:00,2026-09-19 22:21:34-06:00,10,Saturday,16.0,Evening Rush,Traffic incident.,21.606735257880334
1109001513,0186,1991-05-06 00:00:00,22 AVENUE/CALIFORNIA BOULEVARD,68 STREET,22 AVENUE/CALIFORNIA BOULEVARD & 68 STREET,NE,Traffic signal,Yes,No,No,51.07264040483472,-113.93511388252212,50,2017-10-07 15:23:00-06:00,2026-02-03 18:15:00-07:00,10,Wednesday,21.0,Midday,Traffic incident.,30.94221314972646
1109001377,0007,1993-09-13 00:00:00,BEDDINGTON BOULEVARD,BEDFORD DRIVE/4 STREET,BEDDINGTON BOULEVARD & BEDFORD DRIVE/4 STREET,NE,Traffic signal,Yes,No,No,51.126188709121934,-114.05542849922216,50,2017-04-14 21:32:00-06:00,2026-09-11 21:08:00-06:00,10,Friday,16.0,Evening Rush,Traffic incident.,10.057123661548617
1109001798,0037,1991-08-30 00:00:00,CASTLEBROOK DRIVE/FALWORTH ROAD,FALCONRIDGE BOULEVARD,CASTLEBROOK DRIVE/FALWORTH ROAD & FALCONRIDGE BOULEVARD,NE,Traffic signal,Yes,No,No,51.10296935770082,-113.95623737976857,50,2017-07-24 23:08:00-06:00,2026-09-16 08:28:00-06:00,10,Wednesday,15.0,Evening Rush,Traffic incident.,7.173737175130063
1109001229,0587,1959-01-01 00:00:00,50 AVENUE,MACLEOD TRAIL,50 AVENUE & MACLEOD TRAIL,SW,Traffic signal,Yes,Yes,Yes,51.00872110970034,-114.06778526331262,50,2017-02-09 17:22:00-07:00,2026-03-08 13:49:00-06:00,10,Thursday,17.0,Evening Rush,Traffic incident.,7.8711676962886825
1109000594,0363,1981-01-01 00:00:00,BOW TRAIL,OLD BANFF COACH RD/STRATHCONA BV,BOW TRAIL & OLD BANFF COACH RD/STRATHCONA BV,SW,Traffic signal,Yes,Yes,No,51.05218936705476,-114.18169693137258,50,2016-12-08 07:46:00-07:00,2026-09-22 18:45:36-06:00,11,Thursday,19.0,Midday,Traffic incident.,48.70805051859016
1109001202,0758,1996-08-16 00:00:00,162 AVENUE,SHAWVILLE RISE/SHAWVILLE WAY,162 AVENUE & SHAWVILLE RISE/SHAWVILLE WAY,SE,Traffic signal,Yes,Yes,Yes,50.9033225629254,-114.06952996779704,50,2017-05-17 13:59:00-06:00,2026-09-27 20:26:52-06:00,10,Tuesday,9.0,Midday,Two vehicle incident.,11.159487809539131
1109243367,1129,2018-03-27 00:00:00,128 AVENUE,REDSTONE STREET/SKYVIEW RANCH ROAD,128 AVENUE & REDSTONE STREET/SKYVIEW RANCH ROAD,NE,Traffic signal,Yes,Yes,Yes,51.16535063822904,-113.96199758968277,50,2017-10-17 09:09:00-06:00,2026-09-24 20:09:45-06:00,10,Saturday,15.0,Evening,Traffic incident.,11.336798106975227
1109001343,0699,1969-01-01 00:00:00,SOUTHLAND DRIVE,FAIRMOUNT DRIVE,SOUTHLAND DRIVE & FAIRMOUNT DRIVE,SE,Traffic signal,Yes,Yes,Yes,50.96404473648612,-114.05867538650952,49,2017-04-19 23:48:00-06:00,2026-07-31 17:21:00-06:00,10,Friday,17.0,Evening Rush,Traffic incident.,5.662809445804948
1109000782,0630,1981-01-01 00:00:00,CROWCHILD TRAIL,GLENMORE TRAIL,CROWCHILD TRAIL & GLENMORE TRAIL,SW,Traffic signal,Yes,Yes,Yes,51.0006826835796,-114.1180341321622,49,2017-03-14 10:15:00-06:00,2026-07-23 23:01:00-06:00,9,Friday,12.0,Midday,Stalled vehicle. Blocking the right lane,36.396484031295024
1109000701,0442,1963-01-01 00:00:00,17 AVENUE,37 STREET,17 AVENUE & 37 STREET,SW,Traffic signal,Yes,Yes,Yes,51.03781626840185,-114.14118434856574,49,2017-03-18 23:59:00-06:00,2025-10-23 04:56:00-06:00,9,Thursday,12.0,Evening,Traffic incident.,3.215663721059595
1109000862,0605,1968-01-01 00:00:00,58 AVENUE,BLACKFOOT TRAIL,58 AVENUE & BLACKFOOT TRAIL,SE,Traffic signal,Yes,Yes,No,51.0013891834011,-114.0487723411524,49,2016-12-15 12:16:00-07:00,2026-07-15 16:51:00-06:00,11,Thursday,15.0,Evening Rush,Traffic incident. Blocking the right lane,40.53636897131119
1109001698,0520,1976-01-01 00:00:00,26 AVENUE,36 STREET,26 AVENUE & 36 STREET,SE,Traffic signal,Yes,No,No,51.03052322856996,-113.98165218557575,48,2017-10-26 09:52:00-06:00,2026-06-08 22:40:00-06:00,10,Saturday,17.0,Evening Rush,Traffic incident.,3.0449602851715114
1109001399,0931,2005-02-09 00:00:00,COUNTRY HILLS BOULEVARD,COVENTRY HILLS BOULEVARD,COUNTRY HILLS BOULEVARD & COVENTRY HILLS BOULEVARD,NE,Traffic signal T intersection,Yes,No,No,51.15421061206683,-114.05247454616008,48,2017-05-01 13:47:00-06:00,2026-07-14 05:23:00-06:00,10,Tuesday,16.0,Evening Rush,Traffic incident.,29.66455090769077
1109001501,0085,1986-09-18 00:00:00,37 AVENUE,BARLOW TRAIL,37 AVENUE & BARLOW TRAIL,NE,Traffic signal,Yes,No,No,51.08668338500974,-114.00168427568512,48,2017-12-02 18:29:00-07:00,2026-09-01 16:58:00-06:00,10,Thursday,16.0,Evening Rush,Two vehicle incident.,37.208293077719055
1109000644,0540,1981-01-01 00:00:00,RICHMOND ROAD,50 STREET/51 STREET,RICHMOND ROAD & 50 STREET/51 STREET,SW,Traffic signal,Yes,Yes,Yes,51.01799163120912,-114.15974119897626,48,2016-12-12 07:41:00-07:00,2026-09-02 08:51:00-06:00,11,Monday,8.0,Morning Rush,Traffic incident.,12.317411805085518
1109001283,0562,1987-01-01 00:00:00,39 AVENUE,MACLEOD TRAIL,39 AVENUE & MACLEOD TRAIL,S,Traffic signal,Yes,Yes,Yes,51.01862338096509,-114.0626972629763,48,2017-07-12 08:13:00-06:00,2026-07-17 16:16:00-06:00,9,Thursday,16.0,Evening Rush,Traffic incident.,6.710688185565424
1109000632,0364,1967-01-01 00:00:00,BOW TRAIL,SARCEE TRAIL,BOW TRAIL & SARCEE TRAIL,SW,Traffic signal,Yes,Yes,No,51.052623224252,-114.1642449535903,48,2020-01-21 15:46:00-07:00,2026-08-10 12:28:00-06:00,7,Tuesday,17.0,Evening Rush,Two vehicle incident.,18.759061603896207
1109001251,0377,1956-01-01 00:00:00,9 AVENUE,1 STREET,9 AVENUE & 1 STREET,SW,Traffic signal,No,Yes,No,51.04468310246402,-114.06557029595662,48,2017-03-17 17:56:00-06:00,2026-08-19 07:00:00-06:00,10,Friday,13.0,Midday,Traffic incident.,0.29180864809479556
1109000654,0028,1997-03-31 00:00:00,COUNTRY HILLS BOULEVARD,EDGEPARK BV/HAMPTONS BV,COUNTRY HILLS BOULEVARD & EDGEPARK BV/HAMPTONS BV,NW,Traffic signal,Yes,Yes,No,51.13877777912297,-114.15700403225216,48,2017-05-10 22:33:00-06:00,2026-07-09 10:48:00-06:00,10,Thursday,15.0,Evening Rush,Traffic incident.,9.150402816979788
1109243383,1002,2009-09-11 00:00:00,McIVOR BOULEVARD/McKENZIE TOWNE DR,52 STREET,McIVOR BOULEVARD/McKENZIE TOWNE DR & 52 STREET,SE,Traffic signal,Yes,Yes,Yes,50.912755083062144,-113.95188418043486,48,2017-04-14 13:58:00-06:00,2026-08-26 17:13:00-06:00,10,Sunday,17.0,Evening Rush,Traffic incident.,35.97852467495156
1109001517,0230,1989-07-13 00:00:00,8 AVENUE/ABBEYDALE DRIVE,68 STREET,8 AVENUE/ABBEYDALE DRIVE & 68 STREET,NE,Traffic signal,Yes,No,No,51.05964361178916,-113.93510892516706,48,2017-03-07 07:51:00-07:00,2026-02-11 14:08:00-07:00,10,Wednesday,18.0,Evening Rush,Traffic incident.,30.95171288417634
1109243829,1016,2011-10-29 00:00:00,COUNTRY HILLS BOULEVARD,METIS TRAIL,COUNTRY HILLS BOULEVARD & METIS TRAIL,NE,Traffic signal,Yes,No,No,51.15408550256706,-113.9700235947814,48,2017-08-22 17:36:00-06:00,2026-05-26 08:14:00-06:00,10,Tuesday,18.0,Evening Rush,Two vehicle incident.,25.15298150483154
1109001303,0083,1978-01-01 00:00:00,40 AVENUE,CENTRE STREET,40 AVENUE & CENTRE STREET,N,Traffic signal,Yes,Yes,Yes,51.0887343500784,-114.06243515228827,47,2016-12-16 09:06:00-07:00,2026-07-05 09:33:00-06:00,11,Friday,18.0,Evening Rush,Traffic incident.,0.6869224513384742
1109001787,0641,1991-02-12 00:00:00,GLENMORE TRAIL,52 STREET,GLENMORE TRAIL & 52 STREET,SE,Traffic signal,Yes,No,No,50.97956453989988,-113.95848784885148,47,2017-04-13 08:42:00-06:00,2026-08-31 16:12:00-06:00,10,Wednesday,7.0,Evening Rush,Two vehicle incident.,28.186273265159336
1109001413,0702,1982-01-01 00:00:00,SOUTHLAND DRIVE,DEERFOOT TRAIL SB RAMP,SOUTHLAND DRIVE & DEERFOOT TRAIL SB RAMP,SE,Traffic signal,Yes,No,No,50.96712247303422,-114.03444349605304,47,2017-07-17 08:43:00-06:00,2026-05-19 17:11:00-06:00,10,Wednesday,16.0,Evening Rush,Traffic incident.,49.66225340990316
1109000705,0366,1964-01-01 00:00:00,BOW TRAIL,37 STREET,BOW TRAIL & 37 STREET,SW,Traffic signal,Yes,Yes,Yes,51.04511668894475,-114.14118604481855,47,2017-02-11 10:46:00-07:00,2026-09-19 21:11:24-06:00,10,Friday,15.0,Evening Rush,Traffic incident. Blocking the right lane,7.256736411955413
1109000911,0701,1974-01-01 00:00:00,BLACKFOOT TRAIL,SOUTHLAND DRIVE,BLACKFOOT TRAIL & SOUTHLAND DRIVE,SE,Traffic signal,Yes,Yes,No,50.96577559609459,-114.03859521406991,47,2016-12-19 12:38:00-07:00,2026-06-04 16:46:00-06:00,11,Thursday,17.0,Evening Rush,Two vehicle incident.,55.540250550516596
1109000540,0913,1997-10-09 00:00:00,NOSE HILL DRIVE,87 STREET,NOSE HILL DRIVE & 87 STREET,NW,Traffic signal T intersection,Yes,Yes,No,51.10477293130126,-114.2171258159458,47,2017-02-16 08:12:00-07:00,2026-05-23 14:39:00-06:00,10,Wednesday,6.0,Evening Rush,Two vehicle incident.,28.843189922061775
1109001245,0759,1990-12-17 00:00:00,162 AVENUE,SHAWVILLE BOULEVARD,162 AVENUE & SHAWVILLE BOULEVARD,SE,Traffic signal,Yes,Yes,Yes,50.9041079334038,-114.0661125577232,46,2017-04-22 12:09:00-06:00,2026-08-26 20:51:00-06:00,10,Sunday,13.0,Midday,Traffic incident.,52.491339475668546
1109000569,0065,1984-01-01 00:00:00,NOSE HILL DRIVE,CROWFOOT WAY/RANCHLAND BV,NOSE HILL DRIVE & CROWFOOT WAY/RANCHLAND BV,NW,Traffic signal,Yes,Yes,Yes,51.1242924677924,-114.1982134457202,46,2017-02-27 10:29:00-07:00,2026-08-07 08:01:00-06:00,10,Friday,18.0,Evening Rush,Two vehicle incident.,19.590489267623916
1109001816,1120,2015-09-18 00:00:00,FALCONRIDGE BOULEVARD,SADDLETOWNE CIRCLE,FALCONRIDGE BOULEVARD & SADDLETOWNE CIRCLE,NE,Traffic signal,Yes,Yes,No,51.12141628906624,-113.9467446573472,46,2017-05-05 17:58:00-06:00,2026-08-02 23:29:00-06:00,10,Friday,17.0,Evening Rush,Traffic incident.,8.064510896253772
1109001127,0928,2000-03-24 00:00:00,COUNTRY HILLS BOULEVARD,PANORAMA HILLS BOULEVARD,COUNTRY HILLS BOULEVARD & PANORAMA HILLS BOULEVARD,NW,Traffic signal,Yes,No,No,51.1485528700828,-114.07361296724687,46,2016-12-08 22:46:00-07:00,2026-09-14 21:18:00-06:00,11,Wednesday,18.0,Evening Rush,Traffic incident.,37.587465674906326
1109001620,0963,2011-03-11 00:00:00,80 AVENUE,METIS TRAIL,80 AVENUE & METIS TRAIL,NE,Traffic signal,Yes,Yes,No,51.12521851500029,-113.97009589041036,46,2016-12-07 21:15:00-07:00,2026-06-02 18:20:00-06:00,10,Thursday,17.0,Evening Rush,Traffic incident.,13.56083561042255
1109001321,0379,1956-01-01 00:00:00,9 AVENUE,1 STREET,9 AVENUE & 1 STREET,SE,Traffic signal,Yes,Yes,Yes,51.04454193077667,-114.06063593935716,46,2017-04-12 18:24:00-06:00,2026-09-18 08:44:00-06:00,9,Wednesday,18.0,Evening Rush,Traffic incident. Blocking the right lane,0.14648637833819123
1109001692,0142,1984-01-01 00:00:00,WHITEHORN DRIVE,36 STREET,WHITEHORN DRIVE & 36 STREET,NE,Traffic signal T intersection,Yes,Yes,Yes,51.08490980401532,-113.9817318768963,46,2017-02-20 20:33:00-07:00,2026-01-28 01:29:00-07:00,10,Wednesday,13.0,Midday,Two vehicle incident.,17.324290296684197
1109395833,0032,2010-11-27 00:00:00,64 AVENUE,METIS TRAIL,64 AVENUE & METIS TRAIL,NE,Traffic signal,Yes,No,Yes,51.11187051537681,-113.97407637423314,45,2018-04-23 18:43:00-06:00,2026-03-12 10:13:00-06:00,9,Thursday,10.0,Evening Rush,Traffic incident.,12.331224686921212
1109001137,0705,1981-01-01 00:00:00,SOUTHPORT RD/WILLOW PARK,MACLEOD TRAIL,SOUTHPORT RD/WILLOW PARK & MACLEOD TRAIL,S,Traffic signal,Yes,Yes,Yes,50.95761223323144,-114.07165835516264,45,2017-04-25 08:21:00-06:00,2026-08-28 12:28:00-06:00,10,Thursday,16.0,Evening Rush,Traffic incident. Blocking the right lane,11.006127641707732
1109001373,0315,1972-01-01 00:00:00,5 AVENUE,3 STREET,5 AVENUE & 3 STREET,SE,Traffic signal,No,Yes,Yes,51.0482029180878,-114.05540956406756,45,2017-06-03 20:59:00-06:00,2026-07-12 16:34:00-06:00,10,Wednesday,7.0,Evening Rush,Two vehicle incident.,2.468021311601078
1109984189,0188,2016-11-09 00:00:00,MEMORIAL DRIVE,9 STREET,MEMORIAL DRIVE & 9 STREET,NW,Traffic signal T intersection,Yes,Yes,Yes,51.05366075871355,-114.08121702753616,45,2017-06-25 18:15:00-06:00,2025-08-26 08:11:00-06:00,8,Thursday,11.0,Midday,Traffic incident.,12.849485650697332
1109541496,1066,2010-03-08 00:00:00,106 AVENUE / DUFFERIN PLACE,52 STREET,106 AVENUE / DUFFERIN PLACE & 52 STREET,SE,Traffic signal,Yes,No,No,50.95780392077257,-113.95844689517372,44,2017-03-06 08:22:00-07:00,2026-09-04 12:34:00-06:00,10,Thursday,15.0,Midday,Two vehicle incident.,36.1175916474324
1109001170,0393,1966-01-01 00:00:00,10 AVENUE,4 STREET,10 AVENUE & 4 STREET,SW,Traffic signal,No,Yes,Yes,51.043555916621926,-114.07148671587473,44,2017-06-07 11:37:00-06:00,2026-08-13 17:24:00-06:00,9,Monday,23.0,Evening,Traffic incident.,1.7756437020447802
1109001748,0856,2002-09-24 00:00:00,130 AVENUE,46 STREET,130 AVENUE & 46 STREET,SE,Traffic signal,Yes,Yes,No,50.93198281935928,-113.96827575052302,44,2017-02-26 14:20:00-07:00,2026-08-28 12:58:00-06:00,8,Friday,17.0,Midday,Two vehicle incident.,36.8471442353199
1109413135,1055,2013-10-09 00:00:00,AUBURN BAY DRIVE/MAHOGANY GATE,52 STREET,AUBURN BAY DRIVE/MAHOGANY GATE & 52 STREET,SE,Traffic signal,Yes,Yes,Yes,50.8994754975049,-113.94450546411127,44,2017-05-29 18:38:00-06:00,2026-08-28 21:08:00-06:00,10,Saturday,17.0,Evening Rush,Two vehicle incident.,13.01378495665399
1109001502,0058,1977-01-01 00:00:00,BARLOW TRAIL,McKNIGHT BOULEVARD,BARLOW TRAIL & McKNIGHT BOULEVARD,NE,Traffic signal,Yes,No,No,51.09280534580128,-114.00168449805642,43,2018-02-09 16:04:00-07:00,2026-08-26 19:55:00-06:00,9,Friday,14.0,Evening Rush,Two vehicle incident.,29.67061712116018
1109000993,0694,1968-01-01 00:00:00,SOUTHLAND DRIVE,ELBOW DRIVE,SOUTHLAND DRIVE & ELBOW DRIVE,SW,Traffic signal,Yes,Yes,Yes,50.9635377733721,-114.08484510869329,43,2016-12-16 08:10:00-07:00,2026-09-22 13:28:27-06:00,11,Friday,14.0,Evening Rush,Traffic incident.,10.496482403808814
1109001515,0061,1993-11-29 00:00:00,McKNIGHT BOULEVARD,68 STREET,McKNIGHT BOULEVARD & 68 STREET,NE,Traffic signal,Yes,No,No,51.09605060707814,-113.93512800593498,43,2017-07-20 08:31:00-06:00,2026-09-02 11:34:00-06:00,10,Wednesday,16.0,Midday,Traffic incident.,18.077362152405573
1109001029,0020,1981-01-01 00:00:00,64 AVENUE,14 STREET,64 AVENUE & 14 STREET,NW,Traffic signal,Yes,Yes,No,51.10917964233843,-114.08346617747596,43,2017-03-09 18:41:00-07:00,2026-06-11 15:25:00-06:00,10,Tuesday,16.0,Evening Rush,Two vehicle incident.,9.384449894326753
1109001523,0092,1998-07-31 00:00:00,43 AVENUE,68 STREET,43 AVENUE & 68 STREET,NE,Traffic signal,Yes,Yes,Yes,51.09166361762394,-113.93506276846183,43,2016-12-09 20:34:00-07:00,2026-09-18 18:07:43-06:00,11,Wednesday,17.0,Evening Rush,Traffic incident.,36.13384463482154
1109000774,0690,1978-01-01 00:00:00,SOUTHLAND DRIVE,24 STREET,SOUTHLAND DRIVE & 24 STREET,SW,Traffic signal,Yes,No,Yes,50.96130176075732,-114.11795182616382,43,2017-04-17 09:56:00-06:00,2026-09-23 09:15:58-06:00,10,Thursday,14.0,Evening Rush,Traffic incident.,41.14154617467234
1109001082,1040,2011-03-30 00:00:00,COUNTRY HILLS BOULEVARD,36 STREET,COUNTRY HILLS BOULEVARD & 36 STREET,NE,Traffic signal,Yes,No,No,51.154306115642655,-113.98165962844472,43,2017-03-08 17:28:00-07:00,2025-09-22 07:49:00-06:00,9,Monday,21.0,Evening,Two vehicle incident.,17.70170740783891
1109001187,0945,2006-07-19 00:00:00,COVENTRY HILLS DR/PANATELLA BV,HARVEST HILLS BOULEVARD,COVENTRY HILLS DR/PANATELLA BV & HARVEST HILLS BOULEVARD,N,Traffic signal,Yes,No,No,51.1642964528392,-114.07042930762596,43,2017-09-19 18:19:00-06:00,2026-08-30 11:18:00-06:00,10,Tuesday,17.0,Evening Rush,Traffic incident.,17.49819811918259
1109000549,0189,1979-01-01 00:00:00,TRANS CANADA HIGHWAY,BOWFORT ROAD/CANADA OLYMPIC DRIVE,TRANS CANADA HIGHWAY & BOWFORT ROAD/CANADA OLYMPIC DRIVE,NW,Traffic signal,Yes,Yes,No,51.08316754468204,-114.20933511274828,43,2017-02-15 10:17:00-07:00,2026-08-26 18:28:00-06:00,10,Monday,17.0,Evening Rush,Traffic incident.,44.840503122142856
1109001667,0173,1996-10-28 00:00:00,26 AVENUE,32 STREET,26 AVENUE & 32 STREET,NE,Traffic signal T intersection,Yes,No,Yes,51.07786462502384,-113.98865037685204,43,2018-02-11 15:10:00-07:00,2026-06-20 14:41:00-06:00,9,Thursday,15.0,Evening Rush,Traffic incident.,0.00321830559537483
1109000729,0099,2002-10-29 00:00:00,BRISEBOIS DRIVE,BRENTWOOD RD/CROWCHILD TR RAMP,BRISEBOIS DRIVE & BRENTWOOD RD/CROWCHILD TR RAMP,NW,Traffic signal,Yes,No,Yes,51.08957414026342,-114.133527516448,43,2016-12-19 16:03:00-07:00,2026-09-02 17:03:00-06:00,11,Wednesday,16.0,Evening Rush,Traffic incident.,9.580554891440212
1109001718,0277,1980-01-01 00:00:00,MEMORIAL DRIVE,MARLBOROUGH WAY/39 STREET,MEMORIAL DRIVE & MARLBOROUGH WAY/39 STREET,E,Traffic signal,Yes,Yes,Yes,51.05262815622334,-113.976922382182,42,2016-12-06 19:36:00-07:00,2026-07-25 23:36:00-06:00,10,Friday,16.0,Evening Rush,Traffic incident.,22.85700272852923
1109001782,0430,1980-01-01 00:00:00,14 AVENUE,52 STREET,14 AVENUE & 52 STREET,SE,Traffic signal,Yes,No,No,51.04095805476688,-113.95838773681204,42,2017-06-04 00:15:00-06:00,2026-07-17 19:59:00-06:00,10,Tuesday,16.0,Evening Rush,Traffic incident.,1.2716114497176318
1109000767,0545,1982-01-01 00:00:00,33 AVENUE,CROWCHILD TRAIL SB RAMP,33 AVENUE & CROWCHILD TRAIL SB RAMP,SW,Traffic signal,Yes,Yes,No,51.02399449961298,-114.11848902607966,42,2016-12-12 12:10:00-07:00,2026-08-26 14:48:00-06:00,11,Friday,16.0,Evening Rush,Two vehicle incident.,73.73654706131795
1109000930,0181,1959-01-01 00:00:00,20 AVENUE,14 STREET,20 AVENUE & 14 STREET,NW,Traffic signal,Yes,No,No,51.070526878254846,-114.09473612348144,42,2017-06-30 11:53:00-06:00,2026-05-30 13:20:00-06:00,10,Friday,13.0,Midday,Traffic incident.,0.24319663050221846
1109001354,0301,1971-01-01 00:00:00,4 AVENUE,MACLEOD TRAIL,4 AVENUE & MACLEOD TRAIL,SE,Traffic signal,No,Yes,Yes,51.0491910353207,-114.05784665798876,42,2017-03-28 15:59:00-06:00,2026-03-14 03:47:00-06:00,10,Wednesday,17.0,Evening Rush,Traffic incident. Blocking the left lane,0.3768378420191613
1109000841,0788,2001-12-05 00:00:00,16 AVENUE,17 STREET,16 AVENUE & 17 STREET,NW,Traffic signal,No,No,No,51.066941585060334,-114.10208623277688,42,2017-05-12 17:00:00-06:00,2026-07-12 15:44:00-06:00,10,Sunday,8.0,Evening Rush,Traffic incident. Blocking the right lane,7.873191430009477
1109000707,1036,2018-06-12 00:00:00,80 AVENUE,36 STREET,80 AVENUE & 36 STREET,NE,Traffic signal,Yes,Yes,No,51.12527106672787,-113.98163729259436,42,2017-04-28 19:49:00-06:00,2026-09-11 21:10:00-06:00,10,Tuesday,17.0,Evening Rush,Traffic incident.,7.244643329392189
1109001683,0640,1978-01-01 00:00:00,BARLOW TRAIL,GLENMORE TRAIL,BARLOW TRAIL & GLENMORE TRAIL,SE,Traffic signal,Yes,No,No,50.97959213265757,-113.98179390910413,42,2017-07-07 16:52:00-06:00,2025-12-14 14:02:00-07:00,9,Tuesday,17.0,Evening Rush,Traffic incident.,23.935810143476306
1109001050,0319,1954-01-01 00:00:00,6 AVENUE,8 STREET,6 AVENUE & 8 STREET,SW,Traffic signal,No,Yes,Yes,51.04796358657957,-114.08112009503536,42,2017-08-17 23:15:00-06:00,2026-08-18 20:16:00-06:00,10,Saturday,1.0,Evening,Two vehicle incident.,0.2417125962883613
1109001084,0767,1999-11-08 00:00:00,162 AVENUE,SHAWINIGAN DRIVE/6 STREET,162 AVENUE & SHAWINIGAN DRIVE/6 STREET,SW,Traffic signal,Yes,No,No,50.90261008189201,-114.07628932746113,42,2017-03-03 23:31:00-07:00,2025-09-23 06:16:00-06:00,9,Thursday,16.0,Evening Rush,Traffic incident.,14.54306380204064
1109001685,0239,1980-01-01 00:00:00,5 AVENUE,36 STREET,5 AVENUE & 36 STREET,NE,Traffic signal,Yes,Yes,Wai,51.057024982455424,-113.98175582917077,42,2017-04-26 14:54:00-06:00,2026-07-30 12:14:00-06:00,10,Thursday,12.0,Midday,Two vehicle incident.,41.569041905345166
1109971126,1157,2017-03-30 00:00:00,AUBURN MEADOWS AVENUE/MAHOGANY ST,52 STREET,AUBURN MEADOWS AVENUE/MAHOGANY ST & 52 STREET,SE,Traffic signal,Yes,Yes,No,50.89657650196935,-113.94321703727064,41,2017-05-06 19:22:00-06:00,2026-05-08 20:59:00-06:00,10,Saturday,18.0,Evening Rush,Traffic incident.,8.203670094754889
1109001135,0676,1973-01-01 00:00:00,90 AVENUE,MACLEOD TRAIL,90 AVENUE & MACLEOD TRAIL,S,Traffic signal,Yes,No,No,50.97224623884056,-114.07157010545129,41,2017-03-14 15:44:00-06:00,2026-01-10 18:15:00-07:00,10,Monday,17.0,Evening Rush,Traffic incident. Blocking the right lane,9.111145323454753
1109001209,0741,1996-11-04 00:00:00,CANYON MEADOWS DRIVE,MACLEOD TRAIL,CANYON MEADOWS DRIVE & MACLEOD TRAIL,SW,Traffic signal,No,No,No,50.9318598118676,-114.06961623204349,41,2016-12-12 11:22:00-07:00,2026-08-28 18:00:00-06:00,11,Wednesday,15.0,Midday,Single vehicle incident.,36.72851391469198
1109000627,0013,1995-10-23 00:00:00,COUNTRY HILLS BOULEVARD,SARCEE TRAIL,COUNTRY HILLS BOULEVARD & SARCEE TRAIL,NW,Traffic signal,Yes,Yes,Yes,51.13764694558496,-114.16438782401464,41,2017-02-24 10:24:00-07:00,2025-02-02 17:52:00-07:00,9,Monday,14.0,Midday,Traffic incident.,37.60637805111406
1109001602,0825,2016-01-04 00:00:00,GLENMORE TRAIL,68 STREET,GLENMORE TRAIL & 68 STREET,SE,Traffic signal,Yes,Yes,Yes,50.979577205981215,-113.93443858990804,41,2017-03-10 14:52:00-07:00,2026-06-23 06:22:00-06:00,9,Friday,7.0,Morning Rush,Two vehicle incident.,53.04542850038313
1109000590,0472,1996-07-11 00:00:00,17 AVENUE,69 STREET,17 AVENUE & 69 STREET,SW,Traffic signal,Yes,Yes,No,51.03790806504081,-114.18756906814605,41,2017-02-21 11:43:00-07:00,2026-07-14 10:32:00-06:00,10,Tuesday,17.0,Evening Rush,Two vehicle incident.,42.36765605437357
1109001780,0686,2000-08-23 00:00:00,90 AVENUE,52 STREET,90 AVENUE & 52 STREET,SE,Traffic signal,Yes,No,No,50.97228997438302,-113.9584510862592,41,2017-11-24 13:21:00-07:00,2026-09-16 16:24:00-06:00,10,Tuesday,9.0,Morning Rush,Traffic incident. Blocking multiple lanes,53.12824012679225
1109001740,0278,1977-01-01 00:00:00,MEMORIAL DRIVE,44 STREET,MEMORIAL DRIVE & 44 STREET,E,Traffic signal,Yes,Yes,No,51.052853419760446,-113.96998023795976,41,2017-06-21 16:53:00-06:00,2026-05-15 20:30:00-06:00,10,Friday,10.0,Evening Rush,Traffic incident.,6.008296632178636
1109001810,0038,1990-06-11 00:00:00,CASTLERIDGE DRIVE/FALSHIRE DRIVE,FALCONRIDGE BOULEVARD,CASTLERIDGE DRIVE/FALSHIRE DRIVE & FALCONRIDGE BOULEVARD,NE,Traffic signal,Yes,No,No,51.10664435187994,-113.94981967851072,41,2017-05-10 00:21:00-06:00,2026-09-14 16:42:00-06:00,10,Tuesday,16.0,Evening Rush,Traffic incident.,13.273906018788058
1109001484,0144,1987-08-31 00:00:00,32 AVENUE,23 STREET,32 AVENUE & 23 STREET,NE,Traffic signal,Yes,Yes,Yes,51.08147826530042,-114.00510934771977,41,2017-08-03 10:24:00-06:00,2026-07-30 17:23:00-06:00,10,Thursday,19.0,Evening Rush,Traffic incident.,6.2416789330430715
1109000940,0165,1987-01-01 00:00:00,24 AVENUE,14 STREET,24 AVENUE & 14 STREET,NW,Traffic signal T intersection,Yes,Yes,Yes,51.07426620200176,-114.0947651030027,41,2017-03-22 18:50:00-06:00,2026-06-03 16:31:00-06:00,9,Sunday,7.0,Evening Rush,Traffic incident.,2.5213672573782717
1109001615,0488,2017-06-21 00:00:00,APPLEWOOD DRIVE,68 STREET,APPLEWOOD DRIVE & 68 STREET,SE,Traffic signal T intersection,Yes,No,No,51.04559406051553,-113.93513298027086,41,2017-03-10 13:14:00-07:00,2025-10-24 14:19:00-06:00,9,Wednesday,17.0,Evening Rush,Traffic incident.,7.804734880881102
1109001017,0290,1952-01-01 00:00:00,4 AVENUE,9 STREET,4 AVENUE & 9 STREET,SW,Traffic signal,Yes,Yes,No,51.04992870691976,-114.08348472193754,41,2017-03-08 18:09:00-07:00,2026-06-19 22:56:00-06:00,10,Thursday,8.0,Evening,Traffic incident.,3.439586866627957
1109001284,0299,1946-01-01 00:00:00,4 AVENUE,CENTRE STREET,4 AVENUE & CENTRE STREET,S,Traffic signal,No,Yes,Yes,51.04931908667256,-114.06274044899592,41,2017-04-08 09:59:00-06:00,2026-08-28 10:26:00-06:00,10,Monday,7.0,Morning Rush,Traffic incident.,1.2064881086280472
1109001040,0402,1959-01-01 00:00:00,11 AVENUE,8 STREET,11 AVENUE & 8 STREET,SW,Traffic signal,No,Yes,Yes,51.04290213455303,-114.08145349697296,41,2017-04-10 22:20:00-06:00,2026-09-16 01:20:00-06:00,9,Saturday,22.0,Evening,Traffic incident.,1.660286398514443
1109001316,0418,1954-01-01 00:00:00,12 AVENUE,1 STREET,12 AVENUE & 1 STREET,SE,Traffic signal,No,Yes,No,51.04135944750634,-114.06085993852642,40,2017-05-26 20:16:00-06:00,2026-07-12 00:00:00-06:00,10,Friday,16.0,Midday,There is an incident involving a pedestrian.,0.4357182342975872
1109001910,B0071,2023-07-31 00:00:00,15 AVENUE,CENTRE STREET,15 AVENUE & CENTRE STREET,N,Overhead Flasher,Yes,No,No,51.06601431864712,-114.06251298347152,40,2017-09-01 14:13:00-06:00,2026-09-10 08:59:00-06:00,10,Tuesday,9.0,Morning Rush,Two vehicle incident. Blocking the left lane,40.61449859996111
1109000971,0370,1957-01-01 00:00:00,9 AVENUE,11 STREET,9 AVENUE & 11 STREET,SW,Traffic signal,Yes,Yes,Yes,51.04533306571349,-114.08871651476696,40,2017-03-18 19:17:00-06:00,2026-07-11 19:27:00-06:00,10,Friday,16.0,Evening Rush,Traffic incident.,0.75641321248844
1109001686,0086,1985-01-01 00:00:00,39 AVENUE/WHITEFIELD DRIVE,36 STREET,39 AVENUE/WHITEFIELD DRIVE & 36 STREET,NE,Traffic signal,Yes,Yes,No,51.08834505792953,-113.98172923616366,40,2016-12-09 17:01:00-07:00,2026-07-24 17:23:00-06:00,11,Friday,11.0,Evening Rush,Traffic incident. Blocking the right lane,25.212058047864147
1109001771,0879,1998-04-30 00:00:00,76 AVENUE,52 STREET,76 AVENUE & 52 STREET,SE,Traffic signal,Yes,No,No,50.98511058939865,-113.95843582894946,40,2016-12-09 06:35:00-07:00,2026-08-08 23:01:00-06:00,10,Tuesday,6.0,Morning Rush,Two vehicle incident.,36.541453218738916
1109000900,0027,1981-01-01 00:00:00,64 AVENUE,9 STREET,64 AVENUE & 9 STREET,NE,Traffic signal,Yes,Yes,Yes,51.11057057257683,-114.04135742812856,40,2017-04-11 19:49:00-06:00,2026-09-24 17:15:45-06:00,10,Thursday,10.0,Midday,Traffic incident. Blocking the right lane,33.71667872453149
1109000869,0554,1990-11-05 00:00:00,BLACKFOOT TRAIL,HIGHFIELD ROAD,BLACKFOOT TRAIL & HIGHFIELD ROAD,SE,Traffic signal,Yes,No,No,51.02087540888765,-114.04782798493366,40,2017-02-28 16:35:00-07:00,2026-04-17 20:09:00-06:00,10,Thursday,9.0,Midday,Two vehicle incident.,73.66260789675027
1109000906,0667,1982-01-01 00:00:00,HERITAGE DRIVE,11 STREET,HERITAGE DRIVE & 11 STREET,SE,Traffic signal,Yes,No,No,50.98720510951202,-114.03973795180995,40,2017-02-13 17:53:00-07:00,2026-03-09 15:49:00-06:00,9,Monday,11.0,Midday,Traffic incident.,38.93557741828737
1109783938,B2792,2015-01-19 00:00:00,14 STREET RAMP,9 AVENUE,14 STREET RAMP & 9 AVENUE,SW,Pedestrian RRFB,Yes,No,No,51.0458922914576,-114.094549010307,40,2016-12-07 18:33:00-07:00,2026-07-11 23:51:00-06:00,10,Thursday,19.0,Evening,Traffic incident.,46.77314395235503
1110156514,B2509,2019-11-22 00:00:00,54 AVENUE,CROWCHILD TRAIL,54 AVENUE & CROWCHILD TRAIL,SW,Pedestrian RRFB,Yes,No,No,51.00500245337159,-114.11761232872752,40,2017-11-16 12:00:00-07:00,2026-04-22 13:36:00-06:00,10,Tuesday,15.0,Evening Rush,Traffic incident. Blocking the right lane,43.24797373632441
1109000909,0744,1978-01-01 00:00:00,CANYON MEADOWS DRIVE,LAKE CRIMSON DR/PARKLAND BLVD,CANYON MEADOWS DRIVE & LAKE CRIMSON DR/PARKLAND BLVD,SE,Traffic signal,Yes,Yes,Yes,50.93024571267205,-114.03855135167464,40,2017-09-26 19:29:00-06:00,2025-11-15 13:03:00-07:00,9,Wednesday,16.0,Evening Rush,Traffic incident.,9.009746341150972
1109001348,0397,1956-01-01 00:00:00,10 AVENUE,MACLEOD TRAIL,10 AVENUE & MACLEOD TRAIL,SE,Traffic signal,No,Yes,No,51.043185685726506,-114.05826698335676,40,2017-06-28 09:08:00-06:00,2026-08-19 12:56:00-06:00,10,Saturday,10.0,Midday,Traffic incident.,0.5905352311426011
1109000708,0045,1980-01-01 00:00:00,JOHN LAURIE BOULEVARD,SHAGANAPPI TRAIL,JOHN LAURIE BOULEVARD & SHAGANAPPI TRAIL,NW,Traffic signal,Yes,Yes,No,51.109107360761975,-114.1400826350122,39,2017-03-08 07:27:00-07:00,2026-07-01 21:39:00-06:00,10,Thursday,7.0,Morning Rush,Two vehicle incident. Blocking the left lane,31.01388089709969
1109001149,0323,1954-01-01 00:00:00,6 AVENUE,4 STREET,6 AVENUE & 4 STREET,SW,Traffic signal,No,Yes,No,51.04769451818346,-114.07150741614946,39,2016-12-14 21:19:00-07:00,2026-08-09 13:46:00-06:00,11,Saturday,18.0,Evening Rush,Traffic incident.,2.083181672872953
1109001162,0707,1989-09-25 00:00:00,99 AVENUE,MACLEOD TRAIL,99 AVENUE & MACLEOD TRAIL,S,Traffic signal,Yes,Yes,Yes,50.96094736557058,-114.07161932113056,39,2017-02-16 16:30:00-07:00,2026-03-14 08:34:00-06:00,10,Saturday,13.0,Evening Rush,Traffic incident.,16.259334792866245
1109001250,0395,1956-01-01 00:00:00,10 AVENUE,1 STREET,10 AVENUE & 1 STREET,SW,Traffic signal,No,Yes,No,51.043380400253774,-114.06565776439784,39,2017-07-26 10:08:00-06:00,2025-12-17 05:19:00-07:00,9,Saturday,15.0,Evening Rush,Traffic incident.,1.6651659975132744
1109000941,0400,1956-01-01 00:00:00,11 AVENUE,14 STREET,11 AVENUE & 14 STREET,SW,Traffic signal,No,Yes,No,51.04324135893407,-114.09466964410176,39,2017-07-16 05:06:00-06:00,2026-07-08 15:41:00-06:00,10,Wednesday,18.0,Evening Rush,Two vehicle incident.,6.573611598049084
1109001018,0661,1962-01-01 00:00:00,HERITAGE DRIVE,ELBOW DRIVE,HERITAGE DRIVE & ELBOW DRIVE,SW,Traffic signal,Yes,No,No,50.979572227748434,-114.0831484079234,39,2017-02-22 15:50:00-07:00,2026-08-07 16:05:00-06:00,10,Thursday,17.0,Evening Rush,Traffic incident.,0.002050009645032828
1109400964,1049,2012-08-23 00:00:00,80 AVENUE,SADDLETOWNE CIRCLE,80 AVENUE & SADDLETOWNE CIRCLE,NE,Traffic signal,Yes,Yes,Yes,51.125181045140735,-113.9497071486718,39,2017-02-08 09:11:00-07:00,2026-06-07 12:30:00-06:00,10,Friday,17.0,Evening Rush,Traffic incident.,30.097507610829126
1109001136,0706,1974-01-01 00:00:00,109 AVENUE/ANDERSON LRT,MACLEOD TRAIL,109 AVENUE/ANDERSON LRT & MACLEOD TRAIL,S,Traffic signal,Yes,Yes,No,50.95557261829578,-114.07162207895314,39,2017-03-24 13:49:00-06:00,2026-08-27 16:46:00-06:00,10,Friday,10.0,Midday,Two vehicle incident.,12.42553025831346
1109000788,0785,1985-10-03 00:00:00,BRAESIDE DRIVE/OAKFIELD DRIVE,24 STREET,BRAESIDE DRIVE/OAKFIELD DRIVE & 24 STREET,SW,Traffic signal,Yes,No,Yes,50.9540994072258,-114.11798220066495,39,2017-03-10 15:45:00-07:00,2026-09-05 17:17:00-06:00,9,Tuesday,17.0,Evening Rush,Two vehicle incident.,11.066637957707332
1109000687,0072,1973-01-01 00:00:00,DALHOUSIE DRIVE/NORTHLAND DRIVE,SHAGANAPPI TRAIL,DALHOUSIE DRIVE/NORTHLAND DRIVE & SHAGANAPPI TRAIL,NW,Traffic signal,Yes,Yes,Yes,51.10261193268877,-114.14274173787456,39,2017-05-03 18:51:00-06:00,2026-09-23 11:33:24-06:00,9,Tuesday,14.0,Midday,Two vehicle incident.,9.612017279341462
1109001129,0708,1989-09-26 00:00:00,99 AVENUE,SOUTHPORT ROAD,99 AVENUE & SOUTHPORT ROAD,SW,Traffic signal,Yes,Yes,No,50.96097608674698,-114.07294076526814,39,2017-04-01 23:09:00-06:00,2026-05-08 09:33:00-06:00,10,Wednesday,17.0,Midday,Traffic incident.,41.38275742804446
1109001759,0857,2004-12-02 00:00:00,130 AVENUE,50 STREET,130 AVENUE & 50 STREET,SE,Traffic signal,Yes,No,No,50.931810142955534,-113.96201639782478,39,2017-10-24 17:28:00-06:00,2026-08-14 08:16:00-06:00,9,Friday,16.0,Evening Rush,Traffic incident.,42.21547628344799
1110001832,1160,2018-11-27 00:00:00,80 AVENUE,MARTHAS WAY/52 STREET,80 AVENUE & MARTHAS WAY/52 STREET,NE,Traffic signal,Yes,Yes,Yes,51.12519934167171,-113.95837216413472,39,2017-03-11 09:51:00-07:00,2026-06-25 15:10:00-06:00,10,Friday,19.0,Evening,Traffic incident.,6.2000044616141325
1109000669,0801,2000-11-15 00:00:00,CROWCHILD TRAIL,SHAGANAPPI TRAIL,CROWCHILD TRAIL & SHAGANAPPI TRAIL,NW,Traffic signal,Yes,No,No,51.098744828452176,-114.1493920383714,39,2017-07-06 23:24:00-06:00,2026-09-13 08:38:00-06:00,10,Monday,14.0,Evening Rush,Two vehicle incident.,23.732772735446705
1109242668,1003,2010-07-26 00:00:00,SYMONS VALLEY ROAD,KINCORA BOULEVARD,SYMONS VALLEY ROAD & KINCORA BOULEVARD,NW,Traffic signal T intersection,Yes,No,No,51.16121684351814,-114.12545385762456,39,2017-06-05 21:54:00-06:00,2026-06-05 15:42:00-06:00,10,Tuesday,9.0,Morning Rush,Traffic incident.,28.66024517984564
1109001765,0877,1998-05-19 00:00:00,68 AVENUE/SMED LANE,52 STREET,68 AVENUE/SMED LANE & 52 STREET,SE,Traffic signal,Yes,No,No,50.99411767783354,-113.95853248677116,38,2017-03-17 08:59:00-06:00,2026-06-11 11:12:00-06:00,10,Friday,8.0,Midday,Two vehicle incident.,40.89872834847772
1109001739,0359,1980-01-01 00:00:00,8 AVENUE,44 STREET,8 AVENUE & 44 STREET,SE,Traffic signal,Yes,No,No,51.04518309680623,-113.97002387105756,38,2017-02-28 17:17:00-07:00,2026-09-27 07:33:56-06:00,9,Saturday,13.0,Midday,Traffic incident.,2.923424509802598
1110175428,1219,2020-12-17 00:00:00,88 AVENUE,SADDLERIDGE DRIVE/SAVANNA STREET,88 AVENUE & SADDLERIDGE DRIVE/SAVANNA STREET,NE,Traffic signal,Yes,Yes,Yes,51.13254507664083,-113.95242705968552,38,2018-07-24 16:49:00-06:00,2026-09-18 21:07:59-06:00,9,Saturday,21.0,Evening Rush,Traffic incident.,3.1736635653655183
1109001213,0947,2006-10-16 00:00:00,COUNTRY HILLS BOULEVARD,COUNTRY HILLS DRIVE,COUNTRY HILLS BOULEVARD & COUNTRY HILLS DRIVE,NW,Traffic signal T intersection,Yes,No,No,51.14749584567157,-114.07734188385554,38,2017-04-19 13:56:00-06:00,2026-03-24 05:33:00-06:00,10,Thursday,16.0,Evening Rush,Traffic incident.,11.320016174476992
1109001509,0282,1981-01-01 00:00:00,MEMORIAL DRIVE,MADIGAN DR/PENBROOKE DR,MEMORIAL DRIVE & MADIGAN DR/PENBROOKE DR,E,Traffic signal,Yes,Yes,Yes,51.05241819657152,-113.94185127520102,38,2016-12-16 15:38:00-07:00,2025-10-09 11:24:00-06:00,10,Friday,15.0,Evening Rush,Traffic incident.,32.841397007176205
1109000628,0190,1968-01-01 00:00:00,16 AVENUE,HOME ROAD,16 AVENUE & HOME ROAD,NW,Traffic signal,Yes,Yes,Yes,51.07273708075287,-114.16443151290925,38,2017-08-26 14:40:00-06:00,2026-06-17 09:10:00-06:00,10,Wednesday,19.0,Evening,Two vehicle incident.,43.79288047667643
1109001375,0302,1972-01-01 00:00:00,4 AVENUE,3 STREET,4 AVENUE & 3 STREET,SE,Traffic signal T intersection,Yes,Yes,No,51.04914024782873,-114.05540095149648,38,2017-08-25 11:39:00-06:00,2026-09-22 12:46:55-06:00,10,Saturday,12.0,Evening Rush,Two vehicle incident. Blocking the right lane,5.926406266830096
1109000843,0820,2005-10-07 00:00:00,JAMES McKEVITT ROAD,SHAWNESSY BOULEVARD,JAMES McKEVITT ROAD & SHAWNESSY BOULEVARD,SW,Traffic signal,Yes,No,No,50.9140273577102,-114.10004225555778,38,2016-12-14 17:43:00-07:00,2026-06-26 10:15:00-06:00,11,Tuesday,7.0,Evening Rush,Traffic incident.,10.446715334925845
1109001576,0231,1989-12-07 00:00:00,7 AVENUE,BARLOW TRAIL,7 AVENUE & BARLOW TRAIL,NE,1/2 signal,Yes,Yes,Yes,51.05856701582505,-114.001697620132,38,2017-05-27 20:14:00-06:00,2026-09-11 07:57:00-06:00,10,Friday,13.0,Midday,Traffic incident.,6.78480296566085
1109001417,0515,1969-01-01 00:00:00,26 AVENUE/BLACKFOOT TR RAMP,OGDEN ROAD/PORTLAND ST,26 AVENUE/BLACKFOOT TR RAMP & OGDEN ROAD/PORTLAND ST,SE,Traffic signal T intersection,Yes,Yes,Yes,51.030259666800376,-114.03224489227792,38,2017-05-24 23:22:00-06:00,2026-09-09 08:42:00-06:00,10,Wednesday,15.0,Evening Rush,Traffic incident.,43.915409368523555
1109001112,0453,1966-01-01 00:00:00,17 AVENUE,5 STREET,17 AVENUE & 5 STREET,SW,Traffic signal,No,Yes,Yes,51.03782776890077,-114.07418701826244,37,2017-08-10 10:17:00-06:00,2026-07-16 22:11:00-06:00,10,Thursday,14.0,Evening,Traffic incident.,8.475162968991075
1109243375,1006,2008-11-04 00:00:00,SYMONS VALLEY PARKWAY,SYMONS VALLEY ROAD,SYMONS VALLEY PARKWAY & SYMONS VALLEY ROAD,NW,Traffic signal,Yes,Yes,Yes,51.168048524199136,-114.13195704613317,37,2017-12-11 17:09:00-07:00,2026-01-16 18:07:00-07:00,10,Friday,17.0,Evening Rush,Traffic incident.,62.86873179431918
1109001345,0419,1953-01-01 00:00:00,12 AVENUE,MACLEOD TRAIL,12 AVENUE & MACLEOD TRAIL,SE,Traffic signal,No,Yes,No,51.04128878104888,-114.05840719967377,37,2017-05-02 10:00:00-06:00,2026-08-23 00:20:00-06:00,10,Saturday,1.0,Night,Two vehicle incident.,0.3055627700759332
1109000634,0955,2007-12-17 00:00:00,112 AVENUE,SARCEE TRAIL,112 AVENUE & SARCEE TRAIL,NW,Traffic signal,Yes,Yes,Yes,51.15998598406292,-114.16243357239044,37,2017-03-10 08:39:00-07:00,2026-08-09 13:49:00-06:00,10,Friday,8.0,Midday,Traffic incident.,35.50332363094576
1109739806,1123,2015-01-12 00:00:00,128 AVENUE/SYMONS VALLEY PARKWAY,SHAGANAPPI TRAIL,128 AVENUE/SYMONS VALLEY PARKWAY & SHAGANAPPI TRAIL,NW,Traffic signal,Yes,Yes,No,51.16808548899424,-114.15191351748764,36,2017-10-29 07:11:00-06:00,2026-05-31 23:55:00-06:00,10,Tuesday,7.0,Morning Rush,Traffic incident.,68.9422324356037
1109000885,0672,2003-01-23 00:00:00,HERITAGE DRIVE,HERITAGE GATE/HERITAGE MDWS WY,HERITAGE DRIVE & HERITAGE GATE/HERITAGE MDWS WY,SE,Traffic signal,Yes,No,No,50.987166431056025,-114.0441016793985,36,2017-04-12 19:28:00-06:00,2026-03-12 10:41:00-06:00,10,Saturday,12.0,Midday,Traffic incident.,9.541842902536905
1109000723,0105,2002-09-26 00:00:00,40 AVENUE,CROWCHILD TRAIL RAMP,40 AVENUE & CROWCHILD TRAIL RAMP,NW,Traffic signal,Yes,Yes,Yes,51.08836874561633,-114.13545039146707,36,2016-12-09 08:46:00-07:00,2026-05-11 03:17:00-06:00,11,Monday,8.0,Morning Rush,Traffic incident.,23.26251905806496
1109000694,0543,1965-01-01 00:00:00,RICHMOND ROAD,37 STREET,RICHMOND ROAD & 37 STREET,SW,Traffic signal,Yes,Yes,Yes,51.022444881822274,-114.1411334026708,36,2017-03-14 17:49:00-06:00,2026-08-31 06:58:00-06:00,9,Tuesday,9.0,Evening Rush,Traffic incident.,34.16193949448481
1109000943,0236,1955-01-01 00:00:00,5 AVENUE/6 AVENUE,14 STREET,5 AVENUE/6 AVENUE & 14 STREET,NW,Traffic signal,Yes,Yes,Yes,51.05746539994621,-114.09473650889412,36,2017-06-01 18:50:00-06:00,2026-08-02 13:51:00-06:00,10,Wednesday,7.0,Midday,Traffic incident.,31.438754348397715
1110175407,1226,2023-05-10 00:00:00,CORNERSTONE BOULEVARD,COUNTRY HILLS BOULEVARD,CORNERSTONE BOULEVARD & COUNTRY HILLS BOULEVARD,NE,Traffic signal,Yes,Yes,Yes,51.15430825234896,-113.93808290309065,36,2020-12-20 23:05:00-07:00,2026-09-03 21:22:00-06:00,6,Saturday,16.0,Evening,Traffic incident.,17.375517595880293
1109000775,0927,1998-11-06 00:00:00,COUNTRY HILLS BOULEVARD,SHAGANAPPI TRAIL,COUNTRY HILLS BOULEVARD & SHAGANAPPI TRAIL,NW,Traffic signal,Yes,No,No,51.14263466636091,-114.12367476947306,36,2017-09-09 02:58:00-06:00,2026-07-02 10:57:00-06:00,9,Wednesday,10.0,Midday,Traffic incident.,10.934985821140618
1109000965,0449,1958-01-01 00:00:00,17 AVENUE,11 STREET,17 AVENUE & 11 STREET,SW,Traffic signal T intersection,No,Yes,Yes,51.03781726311827,-114.08921546806556,36,2016-12-08 09:11:00-07:00,2026-09-21 12:31:38-06:00,11,Tuesday,15.0,Evening Rush,Traffic incident.,58.02202052481772
1109000624,0806,2002-09-12 00:00:00,CROWCHILD TRAIL,53 STREET,CROWCHILD TRAIL & 53 STREET,NW,Traffic signal,Yes,Yes,No,51.10471372800696,-114.16558518125856,36,2016-12-09 07:17:00-07:00,2026-09-25 16:01:29-06:00,11,Tuesday,8.0,Morning Rush,Traffic incident.,31.094719021476696
1109001034,0450,1951-01-01 00:00:00,17 AVENUE,8 STREET,17 AVENUE & 8 STREET,SW,Traffic signal,Yes,Yes,Yes,51.03781370799746,-114.08178677941414,36,2017-07-08 04:58:00-06:00,2026-08-04 19:00:00-06:00,9,Tuesday,19.0,Evening,Traffic incident.,0.3378100579076591
1109001045,0391,1967-01-01 00:00:00,10 AVENUE,8 STREET,10 AVENUE & 8 STREET,SW,Traffic signal,Yes,Yes,Yes,51.04383711573286,-114.08138383481398,36,2017-08-26 05:45:00-06:00,2026-07-28 18:34:00-06:00,10,Saturday,11.0,Midday,Traffic incident.,0.41300665140381143
1109001792,0223,1999-08-20 00:00:00,23 AVENUE,52 STREET,23 AVENUE & 52 STREET,NE,Traffic signal T intersection,Yes,Yes,Yes,51.07396725034735,-113.95840331690796,36,2017-05-16 16:19:00-06:00,2026-08-25 06:55:00-06:00,10,Tuesday,15.0,Evening Rush,Two vehicle incident. Blocking the right lane,7.9857150096000895
1109000673,0154,1970-01-01 00:00:00,BOWNESS ROAD,SHAGANAPPI TRAIL,BOWNESS ROAD & SHAGANAPPI TRAIL,NW,Traffic signal,Yes,Yes,Yes,51.06339585103037,-114.1491148389958,36,2017-05-09 14:45:00-06:00,2026-06-27 09:33:00-06:00,10,Tuesday,7.0,Morning Rush,Traffic incident.,35.40335680617702
1110028122,1159,2017-11-24 00:00:00,64 AVENUE,68 STREET,64 AVENUE & 68 STREET,NE,Traffic signal,Yes,Yes,Yes,51.11063162452936,-113.93504989833096,35,2017-03-17 17:51:00-06:00,2026-08-14 12:09:00-06:00,9,Saturday,18.0,Evening Rush,Traffic incident.,9.37523836331576
1109000926,0675,1970-01-01 00:00:00,90 AVENUE,14 STREET,90 AVENUE & 14 STREET,SW,Traffic signal T intersection,Yes,Yes,Yes,50.97225053129984,-114.09512760812623,35,2018-02-11 10:43:00-07:00,2026-09-09 08:35:00-06:00,9,Monday,18.0,Evening Rush,Traffic incident.,52.238197776953335
1109000927,0722,1978-01-01 00:00:00,ANDERSON ROAD,14 STREET,ANDERSON ROAD & 14 STREET,SW,Traffic signal,No,No,No,50.95048065641064,-114.09478695419892,35,2016-12-08 22:15:00-07:00,2026-01-12 16:22:00-07:00,9,Thursday,12.0,Midday,Multi-vehicle incident. Blocking multiple lanes,28.553857260681312
1109000929,0654,1969-01-01 00:00:00,75 AVENUE,14 STREET,75 AVENUE & 14 STREET,SW,Traffic signal,No,No,No,50.98813100666187,-114.09480325796108,35,2017-07-01 00:28:00-06:00,2026-06-20 18:20:00-06:00,10,Wednesday,11.0,Midday,Traffic incident. Blocking the right lane,19.21667619106912
1109001628,0518,2009-08-21 00:00:00,BOW TRAIL,85 STREET,BOW TRAIL & 85 STREET,SW,Traffic signal,Yes,Yes,Yes,51.052515464717935,-114.21092492537944,35,2017-04-26 12:47:00-06:00,2026-05-17 18:12:00-06:00,9,Wednesday,18.0,Evening Rush,Two vehicle incident.,9.339432701131626
1109000546,0684,2006-01-09 00:00:00,OLD BANFF COACH ROAD,85 STREET,OLD BANFF COACH ROAD & 85 STREET,SW,Traffic signal,Yes,No,No,51.06700300763886,-114.21096125754796,35,2016-12-11 13:12:00-07:00,2026-05-05 15:32:00-06:00,11,Friday,19.0,Evening,Two vehicle incident.,29.110760757411114
1109000557,0066,1990-11-19 00:00:00,NOSE HILL DRIVE,SCENIC ACRES BOULEVARD,NOSE HILL DRIVE & SCENIC ACRES BOULEVARD,NW,Traffic signal T intersection,Yes,Yes,Yes,51.11780554801421,-114.20506270062212,35,2016-12-15 08:24:00-07:00,2026-02-04 19:36:00-07:00,10,Tuesday,14.0,Midday,Two vehicle incident.,29.525626393613805
1109001904,1027,2013-04-13 00:00:00,AUBURN BAY GATE/SETON WAY,SETON BOULEVARD,AUBURN BAY GATE/SETON WAY & SETON BOULEVARD,SE,Traffic signal,Yes,Yes,Yes,50.88241424457407,-113.95728928884952,35,2016-12-10 14:13:00-07:00,2026-08-01 18:30:00-06:00,10,Sunday,18.0,Evening Rush,Traffic incident.,17.54246032063449
1109001770,0878,2000-06-23 00:00:00,72 AVENUE,52 STREET,72 AVENUE & 52 STREET,SE,Traffic signal,Yes,No,No,50.98952387350778,-113.95850809274764,35,2017-03-10 11:23:00-07:00,2026-02-11 11:57:00-07:00,10,Friday,15.0,Evening Rush,Two vehicle incident.,36.857647536894795
1109001168,0415,1953-01-01 00:00:00,12 AVENUE,4 STREET,12 AVENUE & 4 STREET,SW,Traffic signal,No,Yes,Yes,51.04165908373436,-114.07148379670824,35,2017-03-13 02:35:00-06:00,2026-09-18 20:57:29-06:00,10,Friday,22.0,Evening,Traffic incident.,0.20951342459023453
1109001282,0312,1956-01-01 00:00:00,5 AVENUE,CENTRE STREET,5 AVENUE & CENTRE STREET,S,Traffic signal,No,Yes,No,51.048388378001306,-114.06279969851953,35,2017-06-21 02:09:00-06:00,2026-08-12 17:55:00-06:00,10,Friday,9.0,Evening Rush,Traffic incident.,0.007218288545868261
1109001394,0287,1987-07-31 00:00:00,RIVERFRONT AVENUE,4 AVENUE/RECONCILIATION BRIDGE,RIVERFRONT AVENUE & 4 AVENUE/RECONCILIATION BRIDGE,SE,Traffic signal,No,Yes,No,51.0493363031233,-114.05285174127016,34,2017-02-10 16:42:00-07:00,2026-08-24 17:20:00-06:00,10,Tuesday,8.0,Midday,Two vehicle incident.,43.44229266087786
1109001346,0408,1959-01-01 00:00:00,11 AVENUE,MACLEOD TRAIL,11 AVENUE & MACLEOD TRAIL,SE,Traffic signal,Yes,Yes,Yes,51.042240756139854,-114.0583721523853,34,2017-06-21 07:50:00-06:00,2026-08-23 22:45:00-06:00,8,Sunday,11.0,Midday,Two vehicle incident.,2.5580980546394505
1109001113,0414,1966-01-01 00:00:00,12 AVENUE,5 STREET,12 AVENUE & 5 STREET,SW,Traffic signal,Yes,Yes,Yes,51.04172934024098,-114.07415047010116,34,2017-03-17 18:01:00-06:00,2026-08-05 23:31:00-06:00,10,Sunday,16.0,Evening Rush,Single vehicle incident.,0.5600420472717292
1109001705,0091,1985-01-01 00:00:00,44 AVENUE,36 STREET,44 AVENUE & 36 STREET,NE,Traffic signal T intersection,Yes,Yes,No,51.09115600797277,-113.98172940905658,34,2017-05-16 10:55:00-06:00,2026-07-16 09:57:00-06:00,10,Saturday,14.0,Midday,Traffic incident.,16.00708581587049
1109783940,B2794,2015-03-31 00:00:00,OLD BANFF COACH ROAD,PATTERSON HILL,OLD BANFF COACH ROAD & PATTERSON HILL,SW,Pedestrian RRFB,Yes,No,No,51.062840501618304,-114.18490247689056,34,2017-07-17 18:38:00-06:00,2026-06-24 15:43:00-06:00,10,Tuesday,17.0,Evening Rush,Traffic incident.,32.9249239518963
1109001291,0264,1974-01-01 00:00:00,MEMORIAL DRIVE EASTBOUND,CENTRE STREET CONNECTOR,MEMORIAL DRIVE EASTBOUND & CENTRE STREET CONNECTOR,N,Traffic signal,No,No,No,51.053777604368335,-114.06251312260297,34,2017-05-21 12:41:00-06:00,2026-09-09 08:40:00-06:00,9,Saturday,10.0,Midday,Traffic incident.,7.684394358433368
1109001678,0625,1980-01-01 00:00:00,61 AVENUE,BARLOW TRAIL,61 AVENUE & BARLOW TRAIL,SE,Traffic signal,Yes,No,No,50.99879868199023,-113.98430031033055,34,2019-01-29 19:44:00-07:00,2026-05-14 18:17:00-06:00,8,Monday,6.0,Midday,Traffic incident.,9.655868222084354
1109001764,0874,2002-09-17 00:00:00,50 AVENUE,52 STREET,50 AVENUE & 52 STREET,SE,Traffic signal,Yes,No,No,51.00877105306985,-113.9585336720397,34,2017-09-28 09:38:00-06:00,2026-06-10 16:03:00-06:00,10,Monday,16.0,Morning Rush,Stalled vehicle. Blocking the right lane,36.99939633942803
1109000784,0446,1983-01-01 00:00:00,17 AVENUE,24 STREET,17 AVENUE & 24 STREET,SW,Traffic signal,Yes,Yes,Yes,51.03781096336453,-114.11791418915986,34,2017-08-02 16:03:00-06:00,2026-02-17 07:10:00-07:00,9,Wednesday,8.0,Evening Rush,Traffic incident.,0.5096680640533143
1109000946,0079,1963-01-01 00:00:00,NORTHMOUNT DRIVE,14 STREET,NORTHMOUNT DRIVE & 14 STREET,NW,Traffic signal,Yes,Yes,Yes,51.08303117483868,-114.09472592003333,34,2017-04-10 18:10:00-06:00,2025-12-03 07:36:00-07:00,9,Friday,16.0,Evening Rush,Traffic incident.,8.864791799563957
1109001115,0753,1991-08-26 00:00:00,SHAWNESSY BOULEVARD,MILLRISE BV/SHAWNESSY DR,SHAWNESSY BOULEVARD & MILLRISE BV/SHAWNESSY DR,SW,Traffic signal,Yes,Yes,No,50.912903442194576,-114.07387922520952,34,2017-03-23 00:46:00-06:00,2026-09-22 11:21:53-06:00,9,Friday,21.0,Evening Rush,Traffic incident.,41.55029277100664
1109000873,0762,1989-05-09 00:00:00,MIDLAKE BOULEVARD/SUNMILLS DRIVE,SUN VALLEY BOULEVARD,MIDLAKE BOULEVARD/SUNMILLS DRIVE & SUN VALLEY BOULEVARD,SE,Traffic signal,Yes,No,No,50.90660532828363,-114.04738647217675,34,2017-02-08 09:14:00-07:00,2026-02-11 08:47:00-07:00,10,Friday,16.0,Evening Rush,Traffic incident.,8.603688003252728
1109000693,0575,1972-01-01 00:00:00,46 AVENUE/RICHARDSON WAY,37 STREET,46 AVENUE/RICHARDSON WAY & 37 STREET,SW,Traffic signal,Yes,Yes,Yes,51.01245088579863,-114.1411534567695,33,2017-03-16 16:02:00-06:00,2026-06-16 16:54:00-06:00,10,Thursday,16.0,Evening Rush,Traffic incident.,4.1579707931678165
1109001123,0294,1970-01-01 00:00:00,4 AVENUE,5 STREET,4 AVENUE & 5 STREET,SW,Traffic signal,Yes,Yes,Yes,51.049634338443326,-114.0735750838382,33,2017-04-29 14:48:00-06:00,2026-03-02 09:00:00-07:00,8,Monday,10.0,Evening Rush,Two vehicle incident.,0.004756991712648475
1109001244,0742,1992-02-04 00:00:00,CANYON MEADOWS DRIVE,LAKE FRASER DRIVE,CANYON MEADOWS DRIVE & LAKE FRASER DRIVE,SE,Traffic signal,Yes,No,No,50.93041891763343,-114.066025723212,33,2017-04-02 19:12:00-06:00,2026-07-05 17:15:00-06:00,10,Sunday,11.0,Evening Rush,Traffic incident.,33.56346907609489
1110175408,1218,2022-05-10 00:00:00,CORNER MEADOWS GA/CORNERBROOK GA,COUNTRY HILLS BOULEVARD,CORNER MEADOWS GA/CORNERBROOK GA & COUNTRY HILLS BOULEVARD,NE,Traffic signal,Yes,Yes,Yes,51.154311269585214,-113.93364828377578,33,2019-03-11 22:00:00-06:00,2026-07-18 17:31:00-06:00,8,Thursday,17.0,Evening Rush,Traffic incident.,13.983341897030963
1109001257,0298,1948-01-01 00:00:00,4 AVENUE,1 STREET,4 AVENUE & 1 STREET,SW,Traffic signal,No,Yes,Yes,51.04940289887959,-114.06523467043978,33,2017-06-04 15:35:00-06:00,2026-09-26 00:41:58-06:00,9,Saturday,8.0,Evening Rush,Traffic incident.,0.38065875030699825
1109001697,0424,1979-01-01 00:00:00,12 AVENUE,36 STREET,12 AVENUE & 36 STREET,SE,Traffic signal,Yes,No,No,51.04248857957276,-113.98164745968242,33,2017-04-26 13:02:00-06:00,2026-07-10 15:10:00-06:00,10,Friday,15.0,Evening Rush,Traffic incident.,0.3036602027167038
1109001325,0328,1954-01-01 00:00:00,6 AVENUE,1 STREET,6 AVENUE & 1 STREET,SE,Traffic signal,No,Yes,Yes,51.04737379791597,-114.06043997647583,33,2017-07-28 00:09:00-06:00,2026-07-12 13:58:00-06:00,9,Saturday,10.0,Midday,Traffic incident.,0.46333144704499507
1109001801,0778,2003-11-20 00:00:00,194 AVENUE,MACLEOD TRAIL,194 AVENUE & MACLEOD TRAIL,SE,Traffic signal,Yes,Yes,No,50.875682705765286,-114.04401914825782,33,2018-11-10 11:14:00-07:00,2026-09-20 11:55:55-06:00,9,Tuesday,8.0,Midday,Traffic incident.,48.34629294390635
1109001681,0688,1999-10-28 00:00:00,90 AVENUE,BARLOW TRAIL,90 AVENUE & BARLOW TRAIL,SE,Traffic signal,No,No,No,50.97232329051108,-113.9818317491972,33,2017-03-10 17:18:00-07:00,2026-09-23 23:09:55-06:00,9,Thursday,7.0,Morning Rush,Traffic incident.,34.21101870903706
1109001704,0211,1984-01-01 00:00:00,16 AVENUE,36 STREET,16 AVENUE & 36 STREET,NE,1/4 signal,No,No,No,51.065663929843794,-113.9816146193965,33,2017-04-08 13:08:00-06:00,2026-06-05 20:17:00-06:00,10,Saturday,15.0,Evening Rush,Traffic signals are flashing red. Crews have been dispatched,13.24321668585043
1109000893,0726,1974-01-01 00:00:00,ANDERSON ROAD,ACADIA DRIVE,ANDERSON ROAD & ACADIA DRIVE,SE,Traffic signal,Yes,Yes,Yes,50.94820635901795,-114.04193897019115,33,2019-03-26 09:19:00-06:00,2026-02-26 13:57:00-07:00,8,Monday,15.0,Evening Rush,Traffic incident.,13.658763998023701
1109001654,0148,1999-06-16 00:00:00,32 AVENUE,29 STREET,32 AVENUE & 29 STREET,NE,Traffic signal,Yes,No,No,51.08151404763783,-113.99179363908812,32,2017-11-17 19:05:00-07:00,2026-03-27 19:15:00-06:00,10,Tuesday,13.0,Midday,Two vehicle incident.,4.51752152822955
1109000630,0152,1976-01-01 00:00:00,BOWNESS ROAD,HOME ROAD,BOWNESS ROAD & HOME ROAD,NW,Traffic signal,Yes,Yes,Yes,51.07527676204417,-114.1644048699927,32,2017-09-13 22:15:00-06:00,2026-06-27 07:15:00-06:00,9,Monday,16.0,Evening Rush,Two vehicle incident.,0.4102566602031396
1109987818,1190,2020-04-29 00:00:00,AUBURN MEADOWS DRIVE/MAHOGANY ROAD,52 STREET,AUBURN MEADOWS DRIVE/MAHOGANY ROAD & 52 STREET,SE,Traffic signal,Yes,Yes,Yes,50.89389785035907,-113.94265657374348,32,2018-01-10 18:01:00-07:00,2026-09-11 21:37:00-06:00,8,Monday,20.0,Evening Rush,Traffic incident.,13.829761629761542
1109550512,0386,2010-01-18 00:00:00,9 AVENUE,4 STREET,9 AVENUE & 4 STREET,SE,Traffic signal,No,Yes,No,51.04428276143604,-114.05321359477352,32,2017-05-08 15:00:00-06:00,2026-09-13 10:24:00-06:00,9,Monday,17.0,Evening Rush,Two vehicle incident.,0.00101996248646518
1109001572,0156,1983-01-01 00:00:00,27 AVENUE/SUNRIDGE BOULEVARD,BARLOW TRAIL,27 AVENUE/SUNRIDGE BOULEVARD & BARLOW TRAIL,NE,Traffic signal,Yes,No,No,51.07687906940335,-114.0016803206987,32,2018-02-06 17:29:00-07:00,2026-07-29 09:27:00-06:00,8,Tuesday,15.0,Evening Rush,Traffic incident. Blocking the right lane,31.335587600450907
1109001336,0665,1965-01-01 00:00:00,HERITAGE DRIVE,FAIRMOUNT DRIVE,HERITAGE DRIVE & FAIRMOUNT DRIVE,SE,Traffic signal,Yes,Yes,Yes,50.97956412707426,-114.05993892102778,32,2017-02-14 09:20:00-07:00,2026-08-21 13:49:00-06:00,10,Friday,17.0,Evening Rush,Traffic incident.,6.000914700805893
1109001699,0358,1989-07-27 00:00:00,8 AVENUE,36 STREET,8 AVENUE & 36 STREET,SE,Traffic signal T intersection,Yes,Yes,Yes,51.0451599167298,-113.9815660904165,32,2017-05-21 16:29:00-06:00,2026-09-10 17:35:00-06:00,10,Friday,16.0,Evening Rush,Traffic incident.,3.549758844651187
1109001527,0900,2001-09-17 00:00:00,FALCONRIDGE DRIVE,68 STREET,FALCONRIDGE DRIVE & 68 STREET,NE,Traffic signal,Yes,No,No,51.10142954407738,-113.93510561614342,32,2017-12-04 02:56:00-07:00,2026-09-06 18:34:00-06:00,10,Thursday,16.0,Evening Rush,Traffic incident.,31.404425475843226
1109001313,0457,1958-01-01 00:00:00,17 AVENUE,1 STREET,17 AVENUE & 1 STREET,SE,Traffic signal,Yes,Yes,Yes,51.03783532965357,-114.0611262335403,32,2017-02-12 05:00:00-07:00,2026-09-06 01:03:00-06:00,10,Sunday,8.0,Evening Rush,Traffic incident.,0.4520298103323394
1109001761,0626,1995-08-22 00:00:00,54 AVENUE,52 STREET,54 AVENUE & 52 STREET,SE,Traffic signal,Yes,No,No,51.00374775684973,-113.95849221597793,32,2017-04-21 13:23:00-06:00,2026-08-05 02:11:00-06:00,9,Wednesday,8.0,Morning Rush,Two vehicle incident.,36.603545781552285
1109001708,0704,1987-04-16 00:00:00,106 AVENUE,BARLOW TRAIL,106 AVENUE & BARLOW TRAIL,SE,Traffic signal,Yes,No,No,50.957874351104905,-113.98139784883524,32,2017-03-16 12:58:00-06:00,2026-09-09 07:26:00-06:00,9,Thursday,9.0,Morning Rush,Two vehicle incident.,11.478051354217724
1109938845,1142,2017-05-28 00:00:00,BARLOW TRAIL,GLENMORE TRAIL,BARLOW TRAIL & GLENMORE TRAIL,SE,Traffic signal,Yes,No,No,50.97872668495052,-113.98178861119273,32,2017-12-23 12:38:00-07:00,2026-02-06 16:45:00-07:00,9,Friday,17.0,Evening Rush,Two vehicle incident. Blocking multiple lanes,15.638961479856839
1109383209,1033,2010-05-21 00:00:00,112 AVENUE,ROYAL VISTA DRIVE/85 STREET,112 AVENUE & ROYAL VISTA DRIVE/85 STREET,NW,Traffic signal,Yes,Yes,Yes,51.15220388152148,-114.2092085717216,31,2017-05-25 08:38:00-06:00,2026-09-25 08:08:50-06:00,10,Thursday,8.0,Morning Rush,Traffic incident.,12.410229814365021
1109244036,1018,2009-12-14 00:00:00,162 AVENUE,24 STREET,162 AVENUE & 24 STREET,SW,Traffic signal,Yes,Yes,Yes,50.906729285178,-114.11713986255832,31,2016-12-07 08:48:00-07:00,2026-09-12 11:49:00-06:00,9,Thursday,8.0,Morning Rush,Traffic incident.,39.4639564063803
1110046508,B2885,2017-06-14 00:00:00,MCKENZIE TOWNE BOULEVARD,TRAFFIC CIRCLE,MCKENZIE TOWNE BOULEVARD & TRAFFIC CIRCLE,SE,Pedestrian RRFB,Yes,No,No,50.91649792068635,-113.9649970535981,31,2017-02-28 08:22:00-07:00,2026-09-08 16:12:00-06:00,10,Thursday,16.0,Evening Rush,Traffic incident.,28.02279507325031
1109000931,0436,1989-11-09 00:00:00,16 AVENUE,14 STREET,16 AVENUE & 14 STREET,SW,Traffic signal,No,Yes,No,51.03849574861387,-114.09472445111356,31,2017-02-24 09:37:00-07:00,2026-07-02 11:45:00-06:00,10,Wednesday,14.0,Midday,Traffic incident.,1.886954773235409
1109000722,0367,1961-01-01 00:00:00,BOW TRAIL,SPRUCE DRIVE/33 STREET,BOW TRAIL & SPRUCE DRIVE/33 STREET,SW,Traffic signal,Yes,Yes,Yes,51.04159538368479,-114.13545594691276,31,2016-12-17 18:22:00-07:00,2026-08-25 09:07:00-06:00,11,Tuesday,18.0,Evening Rush,Two vehicle incident. Blocking the right lane,9.050184859409079
1109001039,0413,1953-01-01 00:00:00,12 AVENUE,8 STREET,12 AVENUE & 8 STREET,SW,Traffic signal,No,Yes,Yes,51.041940183997866,-114.08152310901748,31,2016-12-15 17:02:00-07:00,2026-05-23 17:45:00-06:00,11,Saturday,17.0,Evening Rush,Two vehicle incident.,0.041320319937718744
1109001412,0383,1956-01-01 00:00:00,9 AVENUE,12 STREET,9 AVENUE & 12 STREET,SE,Traffic signal,No,Yes,Yes,51.04125337831388,-114.0343512777003,31,2017-03-24 00:09:00-06:00,2026-02-15 15:47:00-07:00,10,Monday,15.0,Evening Rush,Traffic incident.,0.27755048040986896
1109001863,1510,2011-03-24 00:00:00,64 AVENUE,36 STREET,64 AVENUE & 36 STREET,NE,Traffic signal T intersection,No,No,No,51.11322026044064,-113.98162816863076,31,2017-03-20 09:20:00-06:00,2026-07-14 14:06:00-06:00,10,Monday,16.0,Evening Rush,Traffic incident.,8.207793682757305
1109000754,0106,1989-10-13 00:00:00,32 AVENUE/CHARLESWOOD DRIVE,CROWCHILD TR SB RAMP,32 AVENUE/CHARLESWOOD DRIVE & CROWCHILD TR SB RAMP,NW,Traffic signal T intersection,Yes,No,No,51.08213205060844,-114.12715838772117,31,2017-05-16 10:27:00-06:00,2026-08-28 10:06:00-06:00,8,Friday,10.0,Midday,Traffic incident.,9.78791811829786
1109001329,0300,1963-01-01 00:00:00,4 AVENUE,1 STREET,4 AVENUE & 1 STREET,SE,Traffic signal,No,Yes,Yes,51.04926171330314,-114.06029981335284,31,2017-06-04 16:49:00-06:00,2026-08-31 15:51:00-06:00,10,Thursday,18.0,Midday,Two vehicle incident.,0.2122535552176852
1109000670,0802,2000-11-15 00:00:00,CROWCHILD TRAIL,SHAGANAPPI TRAIL,CROWCHILD TRAIL & SHAGANAPPI TRAIL,NW,Traffic signal,Yes,No,No,51.09811362602181,-114.14822654159413,31,2018-12-19 07:27:00-07:00,2026-09-04 16:19:00-06:00,9,Thursday,15.0,Evening Rush,Two vehicle incident. Blocking multiple lanes,11.683832740414339
1109001320,0550,1954-01-01 00:00:00,36 AVENUE/MISSION ROAD,MACLEOD TRAIL,36 AVENUE/MISSION ROAD & MACLEOD TRAIL,S,Traffic signal,Yes,No,Yes,51.021438253537326,-114.06066281163784,31,2017-06-16 20:48:00-06:00,2026-08-19 06:56:00-06:00,10,Friday,0.0,Midday,Traffic incident.,8.593714987498103
1109001306,0078,1986-10-23 00:00:00,56 AVENUE/NORTHMOUNT DRIVE,CENTRE STREET,56 AVENUE/NORTHMOUNT DRIVE & CENTRE STREET,N,Traffic signal,Yes,Yes,Yes,51.10264645740333,-114.06241518585344,31,2016-12-06 17:08:00-07:00,2026-05-07 18:15:00-06:00,11,Saturday,17.0,Evening Rush,Traffic incident.,1.768926548572373
1110068089,0689,2018-07-23 00:00:00,MEMORIAL DRIVE,ZOO ROAD,MEMORIAL DRIVE & ZOO ROAD,NE,Traffic signal T intersection,Yes,Yes,Yes,51.04763652025596,-114.0361709226506,30,2018-12-15 22:46:00-07:00,2026-06-15 21:07:00-06:00,9,Thursday,17.0,Evening,Traffic incident. Blocking the right lane,22.134342991282637
1109001649,0463,1979-01-01 00:00:00,17 AVENUE,28 STREET,17 AVENUE & 28 STREET,SE,Traffic signal,Yes,Yes,Yes,51.03784718513182,-113.99307060205211,30,2017-05-19 18:59:00-06:00,2026-09-26 08:15:20-06:00,10,Monday,17.0,Evening Rush,Traffic signals are flashing red.,7.472414286284932
1109000908,0119,2010-06-07 00:00:00,McKNIGHT BOULEVARD,DEERFOOT TRAIL,McKNIGHT BOULEVARD & DEERFOOT TRAIL,NE,1/4 signal,No,No,No,51.096107065198495,-114.03894608500008,30,2017-04-06 12:58:00-06:00,2026-09-24 14:01:15-06:00,8,Thursday,15.0,Evening Rush,Multi-vehicle incident. Blocking the right lane,30.11968815310933
1109001234,0809,2004-01-15 00:00:00,COUNTRY VILLAGE ROAD,COUNTRY VILLAGE LINK,COUNTRY VILLAGE ROAD & COUNTRY VILLAGE LINK,NE,Traffic signal,Yes,Yes,Yes,51.16041451536566,-114.06780718005184,30,2017-06-12 18:55:00-06:00,2026-08-07 16:16:00-06:00,10,Tuesday,18.0,Evening Rush,Traffic incident.,27.24982432058103
1110009380,1168,2018-08-21 00:00:00,17 AVENUE,47 STREET,17 AVENUE & 47 STREET,SE,Traffic signal,Yes,Yes,Yes,51.03775452678694,-113.96567592527109,30,2016-12-19 19:48:00-07:00,2026-07-05 14:26:00-06:00,10,Tuesday,16.0,Evening Rush,Traffic incident.,18.801091075114137
1109000542,0810,2004-08-25 00:00:00,112 AVENUE/ROYAL BIRCH BOULEVARD,COUNTRY HILLS BOULEVARD,112 AVENUE/ROYAL BIRCH BOULEVARD & COUNTRY HILLS BOULEVARD,NW,Traffic signal,Yes,Yes,Yes,51.14985977500757,-114.21334963597197,30,2017-05-29 12:47:00-06:00,2026-07-16 17:21:00-06:00,8,Thursday,8.0,Midday,Traffic incident. Blocking the right lane,32.80616263127291
1109001117,0374,1980-10-29 00:00:00,9 AVENUE,5 STREET,9 AVENUE & 5 STREET,SW,Traffic signal,No,Yes,Yes,51.04489349969551,-114.07393834419182,30,2017-04-27 05:04:00-06:00,2026-09-04 13:56:00-06:00,9,Thursday,9.0,Evening,Two vehicle incident. Blocking the right lane,5.217131759591951
1109001215,0678,1989-08-21 00:00:00,90 AVENUE,BONAVENTURE DRIVE,90 AVENUE & BONAVENTURE DRIVE,SE,Traffic signal,Yes,No,No,50.972250554198745,-114.0687146124191,30,2017-07-11 15:11:00-06:00,2026-01-28 15:44:00-07:00,10,Monday,15.0,Midday,Traffic incident.,0.4379441749358526
1109001319,0396,1956-01-01 00:00:00,10 AVENUE,1 STREET,10 AVENUE & 1 STREET,SE,Traffic signal,No,Yes,No,51.0432563476598,-114.06073408233138,30,2017-05-20 04:44:00-06:00,2026-09-07 21:12:00-06:00,9,Sunday,1.0,Midday,Traffic incident.,0.39198822077617035
1109001344,0458,1953-01-01 00:00:00,17 AVENUE,MACLEOD TRAIL,17 AVENUE & MACLEOD TRAIL,SE,Traffic signal T intersection,No,Yes,No,51.03783659375093,-114.058659512676,30,2017-02-20 19:47:00-07:00,2026-04-22 20:15:00-06:00,7,Monday,19.0,Evening,2 vehicle incident.,0.4002044656988868
1109001294,0215,1952-01-01 00:00:00,12 AVENUE,CENTRE STREET,12 AVENUE & CENTRE STREET,N,Traffic signal,Yes,No,No,51.063347427183885,-114.0625293944545,30,2017-02-23 05:07:00-07:00,2026-08-21 07:34:00-06:00,9,Saturday,16.0,Evening Rush,Traffic incident.,0.4612795036078368
1109000566,0964,2007-10-04 00:00:00,CROWCHILD TRAIL,NOSE HILL DRIVE,CROWCHILD TRAIL & NOSE HILL DRIVE,NW,Traffic signal,Yes,No,No,51.121271758009016,-114.20133582305448,30,2017-07-15 15:16:00-06:00,2026-07-28 17:10:00-06:00,10,Saturday,20.0,Midday,Traffic incident. Blocking the left lane,22.431909516064536
1109001393,0331,1984-01-01 00:00:00,6 AVENUE,4 STREET,6 AVENUE & 4 STREET,SE,Traffic signal,No,Yes,No,51.04715276882731,-114.05308248397915,30,2017-04-01 14:05:00-06:00,2025-02-27 05:48:00-07:00,9,Friday,16.0,Evening Rush,Traffic signals are flashing red. Crews have been dispatched,1.5032313406059108
1109001503,0796,2002-12-12 00:00:00,48 AVENUE/PEGASUS ROAD,BARLOW TRAIL,48 AVENUE/PEGASUS ROAD & BARLOW TRAIL,NE,Traffic signal,Yes,No,No,51.09604162223393,-114.00167033923726,30,2017-03-17 09:37:00-06:00,2026-02-14 00:13:00-07:00,9,Monday,16.0,Evening Rush,Two vehicle incident.,9.772499933062608
1109000759,0114,1989-10-13 00:00:00,32 AVENUE/CHARLESWOOD DRIVE,CROWCHILD TRAIL NB RAMP,32 AVENUE/CHARLESWOOD DRIVE & CROWCHILD TRAIL NB RAMP,NW,Traffic signal,Yes,Yes,No,51.083446261552766,-114.1251682946518,30,2017-10-14 20:06:00-06:00,2026-09-16 13:41:00-06:00,9,Friday,9.0,Evening,Traffic incident.,8.373926154208709
1109628459,0755,2011-10-20 00:00:00,26 AVENUE,69 STREET,26 AVENUE & 69 STREET,SW,Traffic signal,Yes,No,No,51.03051805522576,-114.18759858258998,30,2019-10-18 15:05:00-06:00,2026-03-25 09:57:00-06:00,7,Monday,16.0,Evening Rush,Traffic incident.,10.062845557822024
1109001737,0466,1971-01-01 00:00:00,17 AVENUE,44 STREET,17 AVENUE & 44 STREET,SE,Traffic signal,Yes,Yes,Yes,51.03783054713709,-113.97001318768407,30,2018-01-12 10:46:00-07:00,2026-07-31 10:32:00-06:00,7,Tuesday,11.0,Midday,Traffic incident.,7.415906079118223
1110271714,1231,2022-11-01 00:00:00,CHARLESWOOD DRIVE,JOHN LAURIE BOULEVARD,CHARLESWOOD DRIVE & JOHN LAURIE BOULEVARD,NW,Traffic signal T intersection,No,No,No,51.09685368263923,-114.11654473341476,30,2018-02-08 07:58:00-07:00,2026-03-12 07:32:00-06:00,9,Monday,7.0,Morning Rush,Traffic incident.,18.615270013457796
1109001715,0578,1987-08-17 00:00:00,PEIGAN TRAIL,36 STREET,PEIGAN TRAIL & 36 STREET,SE,Traffic signal,Yes,No,No,51.014969270532895,-113.97707805116852,30,2018-05-11 17:13:00-06:00,2026-06-23 11:52:00-06:00,9,Monday,17.0,Evening Rush,Traffic incident.,15.798602843500214
1109001318,0407,1959-01-01 00:00:00,11 AVENUE,1 STREET,11 AVENUE & 1 STREET,SE,Traffic signal,No,Yes,No,51.04228962971008,-114.06077611703708,30,2017-04-29 13:06:00-06:00,2026-07-16 11:22:00-06:00,8,Saturday,14.0,Midday,Traffic incident.,2.0507816648887482
1109001281,0327,1954-01-01 00:00:00,6 AVENUE,CENTRE STREET,6 AVENUE & CENTRE STREET,S,Traffic signal,No,Yes,Yes,51.04744443686892,-114.06286451684176,30,2017-06-09 09:51:00-06:00,2026-07-08 12:54:00-06:00,9,Friday,16.0,Evening,Traffic incident.,0.19005914283743952
1110364901,1266,2024-09-09 00:00:00,64 AVENUE,FALTON DRIVE/TARARIDGE DRIVE,64 AVENUE & FALTON DRIVE/TARARIDGE DRIVE,NE,Traffic signal,Yes,Yes,Yes,51.11065979104024,-113.94059930436822,30,2018-10-29 16:09:00-06:00,2026-05-31 08:21:00-06:00,9,Monday,15.0,Evening,Traffic incident.,11.046968933775986
1110038969,1171,2019-04-17 00:00:00,140 AVENUE/SYMONS VALLEY PARKWAY,STONEY TRAIL/14 STREET,140 AVENUE/SYMONS VALLEY PARKWAY & STONEY TRAIL/14 STREET,NW,Traffic signal,Yes,Yes,Yes,51.18148294877974,-114.09463069643398,29,2017-09-29 01:02:00-06:00,2026-08-06 08:51:00-06:00,10,Wednesday,7.0,Evening Rush,Traffic incident.,12.780504402633605
1110185504,1128,2020-06-25 00:00:00,SETON CRESCENT/SETON DRIVE,SETON WAY,SETON CRESCENT/SETON DRIVE & SETON WAY,SE,Traffic signal,Yes,Yes,Yes,50.876880262107306,-113.95734197571596,29,2017-11-05 22:56:00-07:00,2026-08-09 12:16:00-06:00,10,Friday,17.0,Evening Rush,Traffic incident.,15.488475814223973
1109001145,0650,1974-01-01 00:00:00,71 AVENUE,MACLEOD TRAIL,71 AVENUE & MACLEOD TRAIL,S,Traffic signal,Yes,Yes,Yes,50.98962620175819,-114.0715462807452,29,2017-06-09 09:46:00-06:00,2026-07-09 13:38:00-06:00,10,Wednesday,5.0,Midday,There is an incident involving a pedestrian- EMS on site.,7.801318205327055
1109000592,0118,1997-10-06 00:00:00,NOSE HILL DRIVE,ARBOUR LK WAY/HAWKSTONE DRIVE,NOSE HILL DRIVE & ARBOUR LK WAY/HAWKSTONE DRIVE,NW,Traffic signal,Yes,Yes,Yes,51.13747275162636,-114.18473054973896,29,2017-03-19 11:08:00-06:00,2026-04-30 18:59:00-06:00,9,Thursday,18.0,Evening Rush,Traffic incident.,11.390797524863801
1109001203,0010,1973-01-01 00:00:00,72 AVENUE,CENTRE STREET,72 AVENUE & CENTRE STREET,N,Traffic signal,Yes,Yes,Yes,51.11799160232249,-114.06958759434156,29,2017-03-03 08:51:00-07:00,2026-05-31 18:22:00-06:00,10,Sunday,16.0,Evening Rush,Traffic incident.,39.94003907627763
1109001150,0295,1948-01-01 00:00:00,4 AVENUE,4 STREET,4 AVENUE & 4 STREET,SW,Traffic signal,No,Yes,No,51.04957847032425,-114.07150314180552,29,2017-04-23 02:37:00-06:00,2026-06-17 13:52:00-06:00,9,Friday,1.0,Midday,Traffic incident.,1.6733175472735444
1109001583,0987,2009-10-25 00:00:00,16 AVENUE,1 STREET,16 AVENUE & 1 STREET,NE,Traffic signal,Yes,Yes,No,51.06688810189792,-114.05993556116404,29,2017-07-04 16:48:00-06:00,2026-06-20 05:16:00-06:00,10,Saturday,16.0,Evening Rush,Two vehicle incident. Blocking the left lane,5.375572326095653
1109001670,0649,2001-01-08 00:00:00,61 AVENUE,30 STREET,61 AVENUE & 30 STREET,SE,Traffic signal,Yes,No,No,50.99863716908531,-113.98675076162158,29,2017-05-25 18:02:00-06:00,2025-12-19 06:15:00-07:00,8,Wednesday,16.0,Evening Rush,Traffic incident.,72.37014432843773
1109001351,0343,1954-01-01 00:00:00,7 AVENUE,MACLEOD TRAIL,7 AVENUE & MACLEOD TRAIL,SE,Traffic signal,No,Yes,Yes,51.046349763952655,-114.05804792878595,29,2017-04-12 19:52:00-06:00,2026-05-13 15:30:00-06:00,9,Sunday,11.0,Evening,Two vehicle incident.,0.505397812645133
1109960225,1147,2017-09-15 00:00:00,COUNTRY HILLS BOULEVARD,CITYSCAPE GATE/52 STREET,COUNTRY HILLS BOULEVARD & CITYSCAPE GATE/52 STREET,NE,Traffic signal,Yes,Yes,No,51.15425890016995,-113.95838108509707,29,2016-12-15 18:17:00-07:00,2026-08-04 16:39:00-06:00,11,Sunday,16.0,Evening Rush,Traffic incident.,18.526669360618463
1109000920,0888,2007-10-10 00:00:00,64 AVENUE,11 STREET,64 AVENUE & 11 STREET,NE,Traffic signal,Yes,Yes,No,51.11051827350452,-114.03643048330338,29,2017-05-06 18:32:00-06:00,2026-08-28 22:30:00-06:00,10,Friday,18.0,Evening Rush,Two vehicle incident.,39.63062793265067
1109000960,0835,2003-07-25 00:00:00,162 AVENUE,SHAWBROOKE DRIVE/SOMERCREST ST,162 AVENUE & SHAWBROOKE DRIVE/SOMERCREST ST,SW,Traffic signal,Yes,Yes,Yes,50.90399411284138,-114.08954238546308,29,2017-06-24 15:28:00-06:00,2026-07-03 10:01:00-06:00,10,Wednesday,19.0,Evening,Traffic incident.,39.1921774153672
1109001114,0403,1966-01-01 00:00:00,11 AVENUE,5 STREET,11 AVENUE & 5 STREET,SW,Traffic signal,No,Yes,Yes,51.0427002762302,-114.07408072001856,29,2017-08-23 11:06:00-06:00,2025-07-13 03:27:00-06:00,9,Saturday,12.0,Midday,Traffic incident.,0.3510670143027668
1109000760,0445,1980-01-01 00:00:00,17 AVENUE,26 STREET,17 AVENUE & 26 STREET,SW,Traffic signal,Yes,Yes,Yes,51.03779832514512,-114.12367521617956,29,2017-02-22 14:25:00-07:00,2026-08-04 14:53:00-06:00,9,Friday,16.0,Evening Rush,Traffic incident.,2.165087736513095
1110218526,B0043,2021-02-09 00:00:00,80 AVENUE,SADDLEFIELD DRIVE/TARAWOOD ROAD NE,80 AVENUE & SADDLEFIELD DRIVE/TARAWOOD ROAD NE,NE,Overhead Flasher,Yes,No,No,51.12514922140165,-113.9371152999495,28,2017-03-02 08:12:00-07:00,2026-07-02 21:21:00-06:00,9,Monday,16.0,Evening Rush,Traffic incident.,0.0020680452512175126
1110575818,B0195-TEMP,2025-11-17 00:00:00,CHARLESWOOD DRIVE,JOHN LAURIE BOULEVARD,CHARLESWOOD DRIVE & JOHN LAURIE BOULEVARD,NW,Pedestrian RRFB,Yes,No,No,51.0963764849275,-114.11725035254008,28,2018-02-09 12:20:00-07:00,2026-09-14 16:24:00-06:00,8,Wednesday,12.0,Midday,Traffic incident.,27.13129975379567
1109001152,0082,1968-01-01 00:00:00,40 AVENUE,4 STREET,40 AVENUE & 4 STREET,NW,Traffic signal,Yes,No,No,51.08737892342722,-114.07162188272778,28,2016-12-14 01:15:00-07:00,2026-05-10 17:54:00-06:00,11,Wednesday,17.0,Evening Rush,Traffic incident.,40.78011865513341
1109000738,0544,1981-01-01 00:00:00,33 AVENUE,29 STREET,33 AVENUE & 29 STREET,SW,Traffic signal,Yes,No,No,51.02524138198426,-114.12955302704094,28,2017-08-13 15:35:00-06:00,2026-09-16 08:47:00-06:00,10,Wednesday,15.0,Evening Rush,Traffic incident.,5.599292874921249
1110115659,1245,2021-11-05 00:00:00,19 AVENUE,36 STREET,19 AVENUE & 36 STREET,SE,Traffic signal,Yes,Yes,Yes,51.03621725644896,-113.9816107802572,28,2017-03-15 16:41:00-06:00,2026-03-03 19:50:00-07:00,10,Tuesday,16.0,Evening,Two vehicle incident.,3.8366289629716275
1109001247,0572,1992-01-01 00:00:00,45 AVENUE,MACLEOD TRAIL,45 AVENUE & MACLEOD TRAIL,SW,Traffic signal T intersection,Yes,No,Yes,51.01285019886561,-114.06586741773955,28,2017-03-25 14:50:00-06:00,2025-08-27 15:23:00-06:00,9,Thursday,0.0,Midday,Traffic incident. Blocking the right lane,5.35839819282585
1110175506,1225,2023-08-18 00:00:00,RANGEVIEW BOULEVARD/SETON BOULEVARD,52 STREET,RANGEVIEW BOULEVARD/SETON BOULEVARD & 52 STREET,SE,Traffic signal,Yes,Yes,Yes,50.88515978713031,-113.9416014828176,28,2017-02-20 15:02:00-07:00,2026-08-22 21:29:00-06:00,10,Friday,9.0,Evening Rush,Traffic incident.,49.83754748740041
1109001434,0746,1982-01-01 00:00:00,CANYON MEADOWS DRIVE,QUEENSLAND DR/DEER RIDGE DR,CANYON MEADOWS DRIVE & QUEENSLAND DR/DEER RIDGE DR,SE,Traffic signal,Yes,No,No,50.931826483143325,-114.02711327926674,28,2017-04-29 09:54:00-06:00,2026-07-05 11:22:00-06:00,10,Wednesday,9.0,Midday,Traffic incident.,41.8470859382873
1109000915,0514,1969-01-01 00:00:00,26 AVENUE,11 STREET,26 AVENUE & 11 STREET,SE,Traffic signal T intersection,Yes,No,No,51.03059080334141,-114.03676696403755,28,2017-03-02 09:28:00-07:00,2026-05-10 04:34:00-06:00,9,Thursday,9.0,Morning Rush,Traffic incident.,33.49375057346178
1109001636,0638,1972-01-01 00:00:00,GLENMORE TRAIL,OGDEN ROAD/24 STREET,GLENMORE TRAIL & OGDEN ROAD/24 STREET,SE,Traffic signal,Yes,No,No,50.97954418677114,-113.99882915089948,28,2017-03-09 08:22:00-07:00,2026-08-16 19:21:00-06:00,10,Monday,16.0,Morning Rush,Traffic incident.,56.51415211053134
1109001804,0977,2007-11-18 00:00:00,32 AVENUE,56 STREET,32 AVENUE & 56 STREET,NE,Traffic signal,Yes,Yes,No,51.08152893451061,-113.95297900867456,27,2017-04-07 17:11:00-06:00,2026-08-19 14:25:00-06:00,10,Wednesday,10.0,Midday,Traffic incident.,8.086840870911738
1109001116,0392,1979-01-01 00:00:00,10 AVENUE,5 STREET,10 AVENUE & 5 STREET,SW,Traffic signal,No,Yes,Yes,51.04362626338075,-114.07401089541985,27,2017-06-22 22:19:00-06:00,2025-07-06 14:29:00-06:00,9,Thursday,15.0,Midday,Two vehicle incident.,0.5049096231292556
1109000794,0871,2013-10-07 00:00:00,PEIGAN TRAIL,84 STREET,PEIGAN TRAIL & 84 STREET,SE,Traffic signal,No,No,No,51.01589471785292,-113.91198707433654,27,2017-12-11 07:24:00-07:00,2026-07-14 16:32:00-06:00,10,Thursday,7.0,Evening Rush,Two vehicle incident.,1.4068853405478703
1109000961,0197,1981-01-01 00:00:00,16 AVENUE,12 STREET,16 AVENUE & 12 STREET,NW,Traffic signal,Yes,Yes,No,51.06687466398426,-114.08978822675677,27,2017-03-22 23:39:00-06:00,2025-02-04 15:18:00-07:00,9,Tuesday,16.0,Evening Rush,Traffic incident. Blocking the left lane,6.956089185270607
1109000797,0790,1985-01-01 00:00:00,16 AVENUE,BANFF TRAIL,16 AVENUE & BANFF TRAIL,NW,Traffic signal T intersection,Yes,Yes,Yes,51.06699543202661,-114.1126999850018,27,2016-12-10 18:01:00-07:00,2026-01-21 12:45:00-07:00,11,Saturday,18.0,Evening Rush,Traffic incident.,13.278735659956304
1109000613,0439,1995-10-26 00:00:00,17 AVENUE,COSTELLO BV/SIROCCO DRIVE,17 AVENUE & COSTELLO BV/SIROCCO DRIVE,SW,Traffic signal,Yes,Yes,Yes,51.03759549384864,-114.17003554835016,27,2018-03-06 08:15:00-07:00,2025-12-18 12:49:00-07:00,8,Monday,6.0,Midday,Traffic incident.,6.830697441044718
1109001048,0346,1955-01-01 00:00:00,8 AVENUE,8 STREET,8 AVENUE & 8 STREET,SW,Traffic signal,No,Yes,Yes,51.04604867705117,-114.08125936073463,27,2017-11-13 19:34:00-07:00,2026-06-04 11:04:00-06:00,9,Wednesday,15.0,Evening Rush,There is an incident involving a pedestrian.,1.9426361632299163
1109000556,0067,1990-11-19 00:00:00,NOSE HILL DRIVE,SILVER SPRINGS BOULEVARD,NOSE HILL DRIVE & SILVER SPRINGS BOULEVARD,NW,Traffic signal T intersection,Yes,No,No,51.11617768721993,-114.20679889682556,27,2017-05-02 23:53:00-06:00,2026-05-09 21:31:00-06:00,9,Friday,8.0,Evening Rush,Two vehicle incident.,10.67328419343022
1109000619,0043,1981-01-01 00:00:00,JOHN LAURIE BOULEVARD,SARCEE TRAIL,JOHN LAURIE BOULEVARD & SARCEE TRAIL,NW,Traffic signal,No,No,No,51.12079946127334,-114.16668438204456,27,2017-02-14 12:44:00-07:00,2026-02-19 14:56:00-07:00,10,Thursday,9.0,Midday,Traffic incident.,15.770255103386784
1109001052,0304,1956-01-01 00:00:00,5 AVENUE,8 STREET,5 AVENUE & 8 STREET,SW,Traffic signal,No,Yes,No,51.04889856675298,-114.08105041868866,27,2017-02-27 12:17:00-07:00,2026-06-23 15:08:00-06:00,9,Tuesday,15.0,Evening Rush,Traffic incident. Blocking the right lane,0.34023568672970284
1110001182,B2842,2017-01-04 00:00:00,12 AVENUE/ABBOTSFORD DRIVE,68 STREET,12 AVENUE/ABBOTSFORD DRIVE & 68 STREET,NE,Pedestrian RRFB,Yes,No,No,51.06283839525394,-113.93513827262808,27,2017-10-09 16:46:00-06:00,2026-09-02 18:23:00-06:00,9,Wednesday,17.0,Evening Rush,Traffic incident.,30.189165716185933
1109000999,0723,1974-01-01 00:00:00,ANDERSON ROAD,ELBOW DRIVE,ANDERSON ROAD & ELBOW DRIVE,SW,Traffic signal,Yes,Yes,Yes,50.95048312968235,-114.0845390310349,27,2017-11-12 21:41:00-07:00,2026-02-05 14:15:00-07:00,10,Saturday,14.0,Evening Rush,Traffic incident.,19.40113160981559
1109000842,0674,1985-01-01 00:00:00,90 AVENUE,JERUSALEM ROAD/16 STREET,90 AVENUE & JERUSALEM ROAD/16 STREET,SW,Traffic signal,Yes,Yes,Yes,50.97222813139327,-114.1004465975384,27,2017-09-07 16:53:00-06:00,2026-08-25 11:51:00-06:00,9,Wednesday,17.0,Evening Rush,Traffic incident.,8.765139926244471
1109945498,0980,2016-02-02 00:00:00,COPPERFIELD GATE,52 STREET,COPPERFIELD GATE & 52 STREET,SE,Traffic signal T intersection,Yes,Yes,No,50.910456714862704,-113.9493271843738,27,2017-04-22 17:24:00-06:00,2026-08-30 03:50:00-06:00,9,Saturday,11.0,Midday,Two vehicle incident.,10.160874056596015
1109001675,0169,1988-11-07 00:00:00,20 AVENUE,34 STREET,20 AVENUE & 34 STREET,NE,Traffic signal,Yes,Yes,Yes,51.07131912974651,-113.9854600966982,27,2017-05-08 16:31:00-06:00,2025-11-23 17:23:00-07:00,9,Wednesday,15.0,Evening Rush,Traffic incident.,8.676094581443767
1109001671,0464,1967-01-01 00:00:00,17 AVENUE,33 STREET/RADISSON DRIVE,17 AVENUE & 33 STREET/RADISSON DRIVE,SE,Traffic signal,Yes,Yes,Yes,51.03782894219266,-113.9865995763506,27,2017-03-17 18:45:00-06:00,2026-01-13 07:25:00-07:00,9,Tuesday,8.0,Evening,Traffic incident.,10.433903583815866
1109000937,0411,1954-01-01 00:00:00,12 AVENUE,14 STREET,12 AVENUE & 14 STREET,SW,Traffic signal,No,Yes,No,51.04230780774161,-114.09471414881926,27,2017-07-05 00:55:00-06:00,2025-09-04 16:16:00-06:00,8,Friday,22.0,Midday,Two vehicle incident.,2.1255304223969467
1109001800,0898,2004-07-27 00:00:00,64 AVENUE,MARTINDALE DRIVE/54 STREET,64 AVENUE & MARTINDALE DRIVE/54 STREET,NE,Traffic signal,Yes,No,No,51.1106234976905,-113.9558720306614,27,2017-03-31 09:43:00-06:00,2025-08-10 21:43:00-06:00,9,Tuesday,16.0,Evening Rush,Traffic incident.,6.665880804523565
1109243830,1017,2009-10-26 00:00:00,128 AVENUE,METIS TRAIL,128 AVENUE & METIS TRAIL,NE,Traffic signal,Yes,No,No,51.16535713981713,-113.97001801780128,27,2018-07-12 18:35:00-06:00,2026-07-14 22:11:00-06:00,8,Sunday,18.0,Midday,Traffic incident.,28.021422100970184
1109001440,0486,1994-08-29 00:00:00,BLACKFOOT TRAIL,ALYTH ROAD,BLACKFOOT TRAIL & ALYTH ROAD,SE,Traffic signal,Yes,No,No,51.03407011695743,-114.02527240809368,26,2016-12-16 15:02:00-07:00,2026-04-10 18:43:00-06:00,11,Wednesday,8.0,Evening Rush,Traffic incident.,11.451600675549534
1109001427,0556,1981-01-01 00:00:00,38 AVENUE/HIGHFIELD BOULEVARD,OGDEN ROAD,38 AVENUE/HIGHFIELD BOULEVARD & OGDEN ROAD,SE,Traffic signal,Yes,No,No,51.02005096571211,-114.02999724482852,26,2017-07-10 23:56:00-06:00,2026-09-06 06:39:00-06:00,10,Wednesday,7.0,Evening Rush,Traffic incident.,8.073211413451192
1109001643,0462,1962-01-01 00:00:00,17 AVENUE,BARLOW TRAIL/26 STREET,17 AVENUE & BARLOW TRAIL/26 STREET,SE,Traffic signal,Yes,Yes,Yes,51.03752950052369,-113.99557673855035,26,2018-01-03 06:39:00-07:00,2026-06-29 18:24:00-06:00,9,Tuesday,15.0,Evening Rush,Two vehicle incident. Blocking the right lane,13.996558506310365
1109000865,0700,1968-01-01 00:00:00,SOUTHLAND DRIVE,ACADIA DRIVE,SOUTHLAND DRIVE & ACADIA DRIVE,SE,Traffic signal,Yes,Yes,No,50.96400803463053,-114.04844476595962,26,2017-02-10 10:46:00-07:00,2025-12-27 12:16:00-07:00,8,Saturday,17.0,Evening Rush,Traffic incident.,2.6588449016930062
1109243828,1051,2019-01-15 00:00:00,AIRPORT TRAIL,METIS TRAIL,AIRPORT TRAIL & METIS TRAIL,NE,Traffic signal,Yes,Yes,Yes,51.13974138973219,-113.97002913525168,26,2020-01-11 18:19:00-07:00,2026-09-18 22:21:15-06:00,6,Friday,1.0,Evening,Traffic incident.,38.52690757765631
1109000907,1206,2020-08-28 00:00:00,144 AVENUE,1 STREET,144 AVENUE & 1 STREET,NE,Traffic signal,Yes,Yes,Yes,51.183388532008685,-114.06916222239369,26,2021-05-17 20:05:00-06:00,2026-09-08 08:32:00-06:00,6,Monday,8.0,Evening Rush,Traffic incident.,32.35451113749313
1109001474,0057,1977-01-01 00:00:00,McKNIGHT BOULEVARD,McCALL WAY/19 STREET,McKNIGHT BOULEVARD & McCALL WAY/19 STREET,NE,Traffic signal,Yes,Yes,No,51.09279579650831,-114.0115630775134,26,2018-02-23 18:42:00-07:00,2026-08-06 11:06:00-06:00,9,Wednesday,17.0,Midday,Two vehicle incident. Blocking the left lane,22.952330932089097
1109000555,0126,2001-09-10 00:00:00,CROWFOOT WAY,CROWFOOT CRES/CROWFOOT CIR,CROWFOOT WAY & CROWFOOT CRES/CROWFOOT CIR,NW,Traffic signal,Yes,No,Yes,51.12559607012854,-114.20704002629924,26,2017-06-14 22:34:00-06:00,2026-09-27 07:50:02-06:00,9,Friday,14.0,Midday,Traffic incident.,5.220649361477483
1109001182,0942,2004-11-22 00:00:00,COUNTRY VILLAGE RD/PANAMOUNT B,HARVEST HILLS BOULEVARD,COUNTRY VILLAGE RD/PANAMOUNT B & HARVEST HILLS BOULEVARD,N,Traffic signal,Yes,Yes,Yes,51.16016105528144,-114.07076611923264,26,2018-01-12 10:50:00-07:00,2026-08-25 18:11:00-06:00,8,Wednesday,17.0,Midday,Traffic incident.,16.438386651880403
1109001714,0557,2000-10-20 00:00:00,ERIN WOODS BOULEVARD,36 STREET,ERIN WOODS BOULEVARD & 36 STREET,SE,Traffic signal,Yes,No,No,51.01764051077043,-113.97934839507144,26,2017-10-31 01:00:00-06:00,2026-09-26 17:01:42-06:00,9,Wednesday,17.0,Evening,Traffic incident.,19.065575529124118
1109001021,0613,2007-06-23 00:00:00,GLENMORE TRAIL,ELBOW DRIVE,GLENMORE TRAIL & ELBOW DRIVE,SW,Traffic signal,Yes,Yes,Yes,50.99406844935742,-114.0831913549508,26,2017-09-22 14:44:00-06:00,2026-02-24 09:57:00-07:00,9,Friday,14.0,Midday,Traffic incident. Blocking the right lane,22.68385240659834
1109001760,0469,1994-08-04 00:00:00,17 AVENUE,50 STREET,17 AVENUE & 50 STREET,SE,Traffic signal,Yes,Yes,Yes,51.0378210915907,-113.9613705758307,26,2018-03-25 00:41:00-06:00,2026-05-11 06:19:00-06:00,9,Monday,17.0,Evening Rush,Traffic incident.,12.017492273381974
1109001292,0248,1956-01-01 00:00:00,CENTRE STREET,SAMIS ROAD,CENTRE STREET & SAMIS ROAD,N,1/2 signal,Yes,Yes,No,51.05521583590431,-114.06239601011518,26,2018-08-29 14:27:00-06:00,2026-04-21 16:48:00-06:00,8,Tuesday,13.0,Evening Rush,Stalled vehicle. Blocking the right lane,4.325578602282519
1109001288,0285,1988-02-17 00:00:00,2 AVENUE,CENTRE STREET,2 AVENUE & CENTRE STREET,S,Traffic signal,No,Yes,Yes,51.05122677146608,-114.06262423023804,26,2017-05-20 00:39:00-06:00,2026-08-07 15:26:00-06:00,9,Friday,17.0,Evening Rush,Traffic incident.,0.006100615693638971
1109001006,0437,1990-03-09 00:00:00,17 AVENUE,9 STREET,17 AVENUE & 9 STREET,SW,Traffic signal,No,Yes,No,51.03782094551152,-114.08425351411051,26,2017-02-21 12:30:00-07:00,2026-09-02 15:30:00-06:00,10,Wednesday,13.0,Midday,Traffic incident.,0.49765048219700886
1109001099,0293,1972-01-01 00:00:00,4 AVENUE,6 STREET,4 AVENUE & 6 STREET,SW,Traffic signal,No,Yes,Yes,51.04970569338743,-114.07605415938372,26,2019-03-16 08:08:00-06:00,2026-04-10 08:03:00-06:00,8,Tuesday,8.0,Midday,Traffic incident.,0.658245178175739
1109000698,0505,1965-01-01 00:00:00,26 AVENUE,37 STREET,26 AVENUE & 37 STREET,SW,Traffic signal,Yes,Yes,Yes,51.03005139225351,-114.14115166262852,26,2017-02-17 10:19:00-07:00,2026-08-14 08:54:00-06:00,9,Friday,15.0,Evening Rush,Traffic incident.,1.2434567813778143
1109000825,0167,1967-01-01 00:00:00,24 AVENUE,19 STREET,24 AVENUE & 19 STREET,NW,Traffic signal,Yes,No,No,51.074280187988165,-114.10629801217269,26,2017-06-01 18:47:00-06:00,2026-09-01 15:45:00-06:00,9,Tuesday,14.0,Midday,Traffic incident.,0.3989669877655812
1109001606,0559,2008-07-16 00:00:00,17 AVENUE,85 STREET,17 AVENUE & 85 STREET,SW,Traffic signal,Yes,Yes,Yes,51.03795381418941,-114.21096854029348,26,2016-12-10 14:54:00-07:00,2026-09-22 15:57:18-06:00,11,Monday,15.0,Evening Rush,Traffic incident.,29.117914922830373
1109001058,0695,1977-01-01 00:00:00,SOUTHLAND DRIVE,HADDON RD/SACRAMENTO DR,SOUTHLAND DRIVE & HADDON RD/SACRAMENTO DR,SW,Traffic signal,Yes,Yes,Yes,50.9646565023741,-114.07916694240734,26,2017-10-12 02:08:00-06:00,2026-04-07 16:14:00-06:00,10,Saturday,16.0,Evening Rush,Two vehicle incident.,6.384689270834053
1109001374,0761,1992-11-16 00:00:00,SUN VALLEY BOULEVARD,MIDPARK BLVD/SUNPARK DR,SUN VALLEY BOULEVARD & MIDPARK BLVD/SUNPARK DR,SE,Traffic signal,Yes,Yes,Yes,50.90658650743268,-114.05523840423272,26,2017-03-14 16:32:00-06:00,2026-01-02 19:08:00-07:00,10,Tuesday,9.0,Midday,Traffic incident. Blocking multiple lanes,8.585996819517511
1109395839,1046,2012-06-29 00:00:00,SETON BOULEVARD,AUBURN BAY STREET/45 STREET,SETON BOULEVARD & AUBURN BAY STREET/45 STREET,SE,Traffic signal,Yes,Yes,No,50.88402891030072,-113.94916657096675,26,2017-10-28 14:21:00-06:00,2026-03-10 11:32:00-06:00,9,Monday,8.0,Evening Rush,Traffic incident.,15.633684141320666
1109001902,1076,2012-09-27 00:00:00,94 AVENUE,52 STREET,94 AVENUE & 52 STREET,SE,Traffic signal,Yes,No,Yes,50.968623862991336,-113.95848662581515,26,2016-12-12 10:24:00-07:00,2026-03-10 06:28:00-06:00,10,Tuesday,16.0,Morning Rush,Traffic incident.,31.93515087360355
1109001519,0510,1991-08-07 00:00:00,26 AVENUE,68 STREET,26 AVENUE & 68 STREET,NE,Traffic signal,Yes,Yes,No,51.07612948942338,-113.93511305422058,26,2017-12-20 11:07:00-07:00,2026-09-23 18:47:40-06:00,8,Friday,2.0,Midday,Traffic incident.,32.526998757434676
1109243378,1004,2008-08-22 00:00:00,FISH CREEK BOULEVARD/MILLVIEW GT,JAMES McKEVITT ROAD,FISH CREEK BOULEVARD/MILLVIEW GT & JAMES McKEVITT ROAD,SW,Traffic signal,Yes,No,No,50.91763435476709,-114.10005336837052,25,2017-07-01 04:17:00-06:00,2026-06-30 16:17:00-06:00,10,Friday,16.0,Evening Rush,Traffic incident.,30.446663031739064
1110626596,B0224,2026-09-11 00:00:00,16 AVENUE,44 STREET,16 AVENUE & 44 STREET,SE,Pedestrian RRFB,Yes,No,No,51.03939303248696,-113.9700121548773,25,2017-04-03 17:22:00-06:00,2026-09-15 15:47:00-06:00,7,Tuesday,17.0,Evening Rush,Traffic incident.,0.005229978884583269
1109000745,0958,2007-10-16 00:00:00,SYMONS VALLEY ROAD,KINCORA GLEN ROAD/CREEKSIDE S.C.,SYMONS VALLEY ROAD & KINCORA GLEN ROAD/CREEKSIDE S.C.,NW,Traffic signal,Yes,No,No,51.165602086154365,-114.1302117412004,25,2016-12-16 18:38:00-07:00,2026-08-27 06:32:00-06:00,10,Tuesday,11.0,Evening Rush,Traffic incident.,15.526956551285133
1109000770,0720,1982-01-01 00:00:00,ANDERSON ROAD,24 STREET,ANDERSON ROAD & 24 STREET,SW,Traffic signal,Yes,Yes,Yes,50.95050053351531,-114.1179661870448,25,2018-04-25 17:17:00-06:00,2026-07-29 18:24:00-06:00,8,Friday,16.0,Midday,Two vehicle incident.,21.78275889803248
1109001485,0157,1988-09-19 00:00:00,27 AVENUE,23 STREET,27 AVENUE & 23 STREET,NE,Traffic signal,Yes,No,No,51.07686656083751,-114.0050802988047,25,2018-03-31 03:25:00-06:00,2026-05-02 11:34:00-06:00,9,Tuesday,12.0,Midday,Traffic incident.,7.159489808443793
1109001795,0172,1996-08-30 00:00:00,4 AVENUE,52 STREET,4 AVENUE & 52 STREET,NE,Traffic signal T intersection,Yes,Yes,Yes,51.05513308051851,-113.95652169253712,25,2017-06-29 19:59:00-06:00,2025-12-15 15:06:00-07:00,8,Monday,15.0,Evening Rush,Traffic incident.,6.958573147821069
1109000813,0018,1995-06-30 00:00:00,MACEWAN DRIVE/SANDARAC DR,14 STREET,MACEWAN DRIVE/SANDARAC DR & 14 STREET,NW,Traffic signal,Yes,Yes,Yes,51.14025590048291,-114.10881864014952,25,2017-06-26 23:09:00-06:00,2025-12-09 17:36:00-07:00,9,Tuesday,17.0,Evening Rush,Traffic incident.,28.158464790965155
1109001674,0783,1988-02-03 00:00:00,32 AVENUE,34 STREET,32 AVENUE & 34 STREET,NE,Traffic signal,Yes,No,No,51.08144151725691,-113.9854854678084,25,2016-12-16 16:04:00-07:00,2026-02-05 15:52:00-07:00,11,Tuesday,17.0,Evening Rush,Two vehicle incident.,2.0238891256538536
1109001940,B2739,2007-04-22 00:00:00,7 AVENUE,CENTRE STREET,7 AVENUE & CENTRE STREET,N,Overhead Flasher,Yes,No,No,51.05879335454987,-114.0625047043347,25,2016-12-09 18:08:00-07:00,2026-08-25 16:52:00-06:00,10,Wednesday,22.0,Evening,Traffic incident.,9.597227225611265
1109001729,0229,1997-10-20 00:00:00,MARLBOROUGH DRIVE,MARLBOROUGH WAY,MARLBOROUGH DRIVE & MARLBOROUGH WAY,NE,Traffic signal,Yes,No,No,51.05951255594771,-113.9750830315,25,2018-07-16 19:21:00-06:00,2026-08-31 19:36:00-06:00,9,Monday,19.0,Midday,Traffic incident.,0.38176841293521124
1109001107,0696,1982-01-01 00:00:00,SOUTHLAND DRIVE,HORTON ROAD/SOUTHPORT RD,SOUTHLAND DRIVE & HORTON ROAD/SOUTHPORT RD,SW,Traffic signal,Yes,Yes,Yes,50.965064053355405,-114.074597807015,25,2016-12-12 13:15:00-07:00,2026-08-23 20:23:00-06:00,10,Tuesday,16.0,Evening Rush,Traffic incident.,1.9088438502457452
1109001255,0326,1954-01-01 00:00:00,6 AVENUE,1 STREET,6 AVENUE & 1 STREET,SW,Traffic signal,No,Yes,Yes,51.04751497769537,-114.06537463336844,25,2017-10-15 14:46:00-06:00,2026-07-12 13:58:00-06:00,10,Sunday,10.0,Midday,Two vehicle incident.,2.4772045423104787
1109001301,0131,1970-01-01 00:00:00,32 AVENUE,CENTRE STREET,32 AVENUE & CENTRE STREET,N,Traffic signal,Yes,Yes,Yes,51.08150323464498,-114.06249519126452,25,2017-02-26 17:16:00-07:00,2026-08-16 21:59:00-06:00,9,Sunday,15.0,Evening Rush,Traffic incident.,0.8848530883032465
1109001122,0307,1958-01-01 00:00:00,5 AVENUE,5 STREET,5 AVENUE & 5 STREET,SW,Traffic signal,No,Yes,No,51.048696683593946,-114.07367669148184,25,2017-05-10 11:17:00-06:00,2026-08-28 02:45:00-06:00,9,Tuesday,14.0,Midday,Traffic signals are flashing red. Crews have been dispatched.,0.17690001514415912
1109000721,0443,1960-01-01 00:00:00,17 AVENUE,33 STREET,17 AVENUE & 33 STREET,SW,Traffic signal,Yes,Yes,Yes,51.03781379296565,-114.13548240639489,25,2017-05-21 15:17:00-06:00,2025-08-27 19:44:00-06:00,8,Sunday,14.0,Evening Rush,Two vehicle incident.,0.9859477457274778
1109001680,0651,1982-10-07 00:00:00,72 AVENUE,BARLOW TRAIL,72 AVENUE & BARLOW TRAIL,SE,Traffic signal,Yes,No,No,50.98949387058386,-113.9818392904671,25,2017-05-27 15:45:00-06:00,2026-04-30 11:27:00-06:00,8,Thursday,15.0,Evening Rush,Traffic incident.,40.53173064728258
1109000664,0365,1966-01-01 00:00:00,BOW TRAIL,45 STREET,BOW TRAIL & 45 STREET,SW,Traffic signal,Yes,Yes,Yes,51.04881967983008,-114.15279687261096,25,2017-06-24 14:07:00-06:00,2026-08-28 09:37:00-06:00,8,Tuesday,11.0,Midday,Two vehicle incident.,3.9223613997167592
1109001471,0533,2008-06-27 00:00:00,QUARRY PARK BOULEVARD,18 STREET,QUARRY PARK BOULEVARD & 18 STREET,SE,Traffic signal,Yes,No,No,50.96343311007098,-114.01212883638664,25,2017-06-06 18:53:00-06:00,2026-05-26 13:51:00-06:00,9,Tuesday,13.0,Evening Rush,Traffic incident.,37.1316347740148
1109001016,0303,1956-01-01 00:00:00,5 AVENUE,9 STREET,5 AVENUE & 9 STREET,SW,Traffic signal,Yes,Yes,No,51.04897690367857,-114.08353328417572,25,2017-06-24 21:44:00-06:00,2026-09-24 09:35:39-06:00,10,Monday,9.0,Evening,Traffic incident.,0.002125400965767543
1109001121,0322,1954-01-01 00:00:00,6 AVENUE,5 STREET,6 AVENUE & 5 STREET,SW,Traffic signal,No,Yes,No,51.04775716157139,-114.07373946498411,24,2017-04-02 20:52:00-06:00,2025-02-04 13:15:00-07:00,9,Wednesday,13.0,Evening Rush,Traffic incident.,0.7135757350119233
1109001225,0664,1976-01-01 00:00:00,HERITAGE DRIVE,BONAVENTURE DR/FLINT RD,HERITAGE DRIVE & BONAVENTURE DR/FLINT RD,SE,Traffic signal,Yes,No,No,50.979556469681,-114.0679563301182,24,2017-12-16 11:21:00-07:00,2026-07-19 11:31:00-06:00,8,Saturday,11.0,Midday,Traffic incident.,1.3137718533931952
1109001578,0849,2005-03-28 00:00:00,114 AVENUE/DOUGLASGLEN GATE,24 STREET,114 AVENUE/DOUGLASGLEN GATE & 24 STREET,SE,Traffic signal,Yes,Yes,Yes,50.953607812736415,-114.0008397305752,24,2017-08-12 10:28:00-06:00,2026-05-03 14:34:00-06:00,10,Saturday,8.0,Evening,Traffic incident.,13.69375870636726
1109001178,0005,1980-01-01 00:00:00,78 AVENUE,CENTRE STREET,78 AVENUE & CENTRE STREET,N,Traffic signal,Yes,Yes,Yes,51.12258418172282,-114.07143720562432,24,2017-06-07 18:45:00-06:00,2026-03-30 12:44:00-06:00,10,Friday,18.0,Evening,Traffic incident.,6.400938210490742
1109000897,0886,2007-01-18 00:00:00,ERIN WOODS DRIVE,52 STREET,ERIN WOODS DRIVE & 52 STREET,SE,Traffic signal T intersection,Yes,No,No,51.019058524458046,-113.95839704296355,24,2017-02-10 06:24:00-07:00,2026-08-13 15:51:00-06:00,9,Friday,16.0,Evening Rush,Traffic incident.,29.463119816292515
1109001430,0735,1983-01-01 00:00:00,BOW BOTTOM TRAIL,DIAMOND DRIVE,BOW BOTTOM TRAIL & DIAMOND DRIVE,SE,Traffic signal,Yes,No,No,50.94119325159165,-114.02920376016814,24,2018-08-05 06:51:00-06:00,2026-07-12 08:39:00-06:00,9,Sunday,14.0,Midday,Traffic incident.,7.267484007916837
1110009378,1167,2018-09-19 00:00:00,17 AVENUE,42 STREET,17 AVENUE & 42 STREET,SE,Traffic signal,Yes,Yes,Yes,51.03783453421856,-113.97286466749652,24,2018-11-09 10:15:00-07:00,2026-09-22 12:03:10-06:00,9,Friday,12.0,Midday,Traffic incident.,7.142963681061214
1109001757,0855,2002-11-18 00:00:00,130 AVENUE,48 STREET,130 AVENUE & 48 STREET,SE,Traffic signal,Yes,Yes,Yes,50.93198192720044,-113.96514600452922,24,2016-12-09 18:36:00-07:00,2026-08-22 16:34:00-06:00,10,Friday,19.0,Evening Rush,Traffic incident.,43.3339584077754
1109001783,0579,1987-06-18 00:00:00,PEIGAN TRAIL,52 STREET,PEIGAN TRAIL & 52 STREET,SE,Traffic signal,Yes,Yes,No,51.01479275455863,-113.95835788610316,24,2017-03-14 19:35:00-06:00,2026-02-18 06:28:00-07:00,10,Friday,19.0,Evening Rush,Single vehicle incident. Blocking the right lane,26.721036668637282
1109000695,0073,1980-01-01 00:00:00,52 AVENUE,NORTHLAND DRIVE,52 AVENUE & NORTHLAND DRIVE,NW,Traffic signal,Yes,Yes,No,51.10096338013352,-114.141394267454,24,2017-07-04 10:09:00-06:00,2026-07-28 20:35:00-06:00,9,Tuesday,12.0,Evening Rush,Traffic incident.,2.822300068741864
1109000922,0196,1980-01-01 00:00:00,16 AVENUE,14 STREET NB RAMP,16 AVENUE & 14 STREET NB RAMP,NW,Traffic signal,Yes,Yes,Yes,51.06689926647839,-114.09401634062225,24,2019-03-05 17:34:00-07:00,2025-11-05 12:52:00-07:00,7,Wednesday,21.0,Evening,Multi-vehicle incident. Blocking the left lane,34.936968106758144
1110325597,0893,2025-02-14 00:00:00,128 AVENUE,REDSTONE BV/SKYVIEW RANCH BV,128 AVENUE & REDSTONE BV/SKYVIEW RANCH BV,NE,Traffic signal,Yes,Yes,Yes,51.1653677525748,-113.951021710057,24,2017-10-03 19:51:00-06:00,2025-09-20 20:58:00-06:00,7,Wednesday,17.0,Evening Rush,Traffic incident.,15.013262533269776
1109712237,1108,2014-11-24 00:00:00,EVANSTON DRIVE/EVANSTON WAY,SYMONS VALLEY PARKWAY,EVANSTON DRIVE/EVANSTON WAY & SYMONS VALLEY PARKWAY,NW,Traffic signal,Yes,Yes,Yes,51.17345095000535,-114.10838677737156,24,2017-11-07 07:01:00-07:00,2026-09-06 15:55:00-06:00,7,Tuesday,7.0,Evening,Traffic incident.,41.1614968368518
1109001067,0566,1964-01-01 00:00:00,LANSDOWNE AVENUE/RIVERDALE AV,ELBOW DRIVE,LANSDOWNE AVENUE/RIVERDALE AV & ELBOW DRIVE,SW,Traffic signal,Yes,Yes,No,51.01690981748437,-114.07823938988628,24,2017-06-02 18:12:00-06:00,2026-08-21 12:55:00-06:00,9,Friday,7.0,Morning Rush,Traffic incident.,29.460705117350233
1109000853,0865,2006-12-18 00:00:00,75 AVENUE,EAGLE RIDGE DRIVE,75 AVENUE & EAGLE RIDGE DRIVE,SW,Traffic signal,Yes,Yes,Yes,50.98811614611797,-114.09625604185618,24,2017-02-13 15:07:00-07:00,2025-07-30 11:57:00-06:00,9,Friday,15.0,Evening Rush,Traffic incident.,2.3019851304903516
1109001901,B2575,1990-07-01 00:00:00,8 AVENUE,CENTRE STREET,8 AVENUE & CENTRE STREET,N,Overhead Flasher,Yes,No,No,51.05976909789824,-114.06252647163504,24,2017-04-22 16:46:00-06:00,2026-09-23 23:07:19-06:00,9,Tuesday,15.0,Evening Rush,Traffic incident.,0.7092393417988799
1109000778,0585,2003-09-10 00:00:00,50 AVENUE,CROWCHILD TRAIL,50 AVENUE & CROWCHILD TRAIL,SW,Traffic signal,Yes,No,No,51.00872257511867,-114.11716171273048,24,2017-11-30 15:03:00-07:00,2026-06-23 17:52:00-06:00,7,Wednesday,15.0,Evening Rush,Traffic incident.,67.30101456118602
1110175505,1191,2020-03-26 00:00:00,AUBURN BAY AVENUE/MAHOGANY DRIVE,52 STREET,AUBURN BAY AVENUE/MAHOGANY DRIVE & 52 STREET,SE,Traffic signal,Yes,Yes,Yes,50.89099906733178,-113.94245625267388,24,2017-04-22 14:51:00-06:00,2026-07-28 14:58:00-06:00,10,Wednesday,18.0,Evening Rush,Traffic incident.,12.553507489545929
1109001799,B2607,1987-02-01 00:00:00,5 AVENUE,52 STREET,5 AVENUE & 52 STREET,SE,Overhead Flasher,Yes,No,No,51.04900459188851,-113.95599825263824,23,2017-06-25 14:46:00-06:00,2026-08-30 20:36:00-06:00,10,Monday,14.0,Evening Rush,Traffic incident.,42.490494492601265
1109000588,0528,2006-02-23 00:00:00,34 AVENUE,69 STREET,34 AVENUE & 69 STREET,SW,Traffic signal,Yes,No,No,51.023281171050606,-114.1875975523734,23,2017-04-25 18:10:00-06:00,2026-06-04 15:32:00-06:00,8,Wednesday,14.0,Midday,Traffic incident.,6.784259042553079
1109000969,0401,1959-01-01 00:00:00,11 AVENUE,11 STREET,11 AVENUE & 11 STREET,SW,Traffic signal,No,Yes,No,51.04307441480904,-114.0888874006078,23,2017-08-16 15:17:00-06:00,2026-07-16 12:09:00-06:00,9,Thursday,15.0,Evening Rush,Traffic incident.,4.017386989783394
1110013000,0049,1993-05-30 00:00:00,JOHN LAURIE BOULEVARD,14 STREET,JOHN LAURIE BOULEVARD & 14 STREET,NW,Traffic signal,Yes,Yes,No,51.08978879357696,-114.09467903270894,23,2018-03-29 23:23:00-06:00,2026-08-24 20:33:00-06:00,8,Tuesday,15.0,Evening Rush,Traffic incident.,34.1189275054171
1109594665,1072,2021-05-28 00:00:00,100 AVENUE,19 STREET,100 AVENUE & 19 STREET,NE,Traffic signal,Yes,No,Yes,51.14337543977965,-114.01331649763952,23,2018-07-28 15:04:00-06:00,2026-09-08 21:18:00-06:00,9,Thursday,15.0,Evening Rush,Traffic incident.,56.06782129450036
1109001668,0163,1990-05-14 00:00:00,SUNRIDGE BLVD/MALL ENT,32 STREET,SUNRIDGE BLVD/MALL ENT & 32 STREET,NE,Traffic signal,Yes,No,No,51.07581432494568,-113.98862666764074,23,2017-03-20 12:30:00-06:00,2026-08-13 16:15:00-06:00,9,Monday,13.0,Evening Rush,Traffic incident.,4.6337855320874946
1109001268,0603,1976-01-01 00:00:00,58 AVENUE,CENTRE STREET,58 AVENUE & CENTRE STREET,S,Traffic signal,Yes,No,No,51.00138934533357,-114.0638280666625,23,2017-09-01 14:51:00-06:00,2026-04-24 08:15:00-06:00,10,Friday,15.0,Evening Rush,Traffic incident.,1.814547107466613
1109400965,1050,2012-08-23 00:00:00,SADDLETOWNE CIRCLE,60 STREET,SADDLETOWNE CIRCLE & 60 STREET,NE,Traffic signal,Yes,Yes,Yes,51.12650401383699,-113.9472152581157,23,2017-07-16 05:29:00-06:00,2026-08-04 15:43:00-06:00,9,Saturday,17.0,Evening Rush,Traffic incident.,32.745057344846394
1109526490,1067,2010-10-25 00:00:00,FALCONRIDGE BOULEVARD,TARACOVE ESTATE DRIVE,FALCONRIDGE BOULEVARD & TARACOVE ESTATE DRIVE,NE,Traffic signal,Yes,Yes,Yes,51.118855493940224,-113.94672257682066,23,2017-05-16 20:15:00-06:00,2026-07-18 10:06:00-06:00,9,Saturday,22.0,Evening,Traffic incident.,22.860882837616483
1109001132,0719,2001-06-06 00:00:00,ANDERSON ROAD,MACLEOD TRAIL,ANDERSON ROAD & MACLEOD TRAIL,SW,1/4 signal,No,No,No,50.95041091428081,-114.07405133560724,23,2018-09-08 19:19:00-06:00,2026-07-18 04:24:00-06:00,8,Sunday,17.0,Evening Rush,Traffic incident.,44.54412135672761
1110175434,1022,2024-09-20 00:00:00,88 AVENUE,46 STREET/GURU NANAK GATE,88 AVENUE & 46 STREET/GURU NANAK GATE,NE,Traffic signal,Yes,Yes,Yes,51.13254985364521,-113.96577701002974,22,2021-02-08 09:52:00-07:00,2026-09-11 15:07:00-06:00,6,Monday,15.0,Evening Rush,Traffic incident.,11.977718069604853
1109001286,0718,1992-12-23 00:00:00,CANYON MEADOWS DRIVE,BONAVENTURE DRIVE,CANYON MEADOWS DRIVE & BONAVENTURE DRIVE,SE,Traffic signal T intersection,Yes,No,No,50.93022978698893,-114.06257248706822,22,2017-03-31 18:57:00-06:00,2026-03-08 14:32:00-06:00,8,Friday,15.0,Evening Rush,Traffic incident.,38.744959194911765
1109001293,0222,1953-01-01 00:00:00,10 AVENUE,CENTRE STREET,10 AVENUE & CENTRE STREET,N,Traffic signal,Yes,No,No,51.06155847682931,-114.0625269845708,22,2016-12-07 18:35:00-07:00,2026-02-04 16:30:00-07:00,11,Wednesday,8.0,Evening,Traffic incident. Blocking the right lane,0.19669570338593906
1109001287,0289,1966-01-01 00:00:00,3 AVENUE,CENTRE STREET,3 AVENUE & CENTRE STREET,S,Traffic signal,No,Yes,Yes,51.05027630628663,-114.06266867776851,22,2016-12-07 18:53:00-07:00,2026-04-07 07:24:00-06:00,10,Monday,18.0,Morning Rush,Traffic incident.,1.3200574949519979
1109000878,0134,1977-01-01 00:00:00,32 AVENUE CONNECTOR,36 AVENUE/SPRING GARDENS ENT,32 AVENUE CONNECTOR & 36 AVENUE/SPRING GARDENS ENT,NE,Traffic signal,Yes,Yes,No,51.0849661802784,-114.04633014046672,22,2018-02-01 07:50:00-07:00,2026-08-17 12:13:00-06:00,9,Tuesday,12.0,Evening Rush,Traffic incident.,7.312474749378599
1110025844,0389,2019-09-07 00:00:00,10 AVENUE,BOW TRAIL,10 AVENUE & BOW TRAIL,SW,Traffic signal T intersection,No,No,No,51.04457058549025,-114.10887607977276,22,2018-01-12 03:40:00-07:00,2026-03-16 16:17:00-06:00,8,Saturday,8.0,Midday,Traffic incident.,38.77134660410783
1109000936,0261,2003-06-22 00:00:00,14 AVENUE,14 STREET,14 AVENUE & 14 STREET,SW,Traffic signal,No,No,No,51.04041097556309,-114.09471028133127,22,2017-06-23 20:48:00-06:00,2026-03-07 16:12:00-07:00,9,Saturday,7.0,Evening Rush,Two vehicle incident.,0.44015304087440665
1109001138,0337,1951-01-01 00:00:00,7 AVENUE,4 STREET,7 AVENUE & 4 STREET,SW,Traffic signal,No,Yes,Yes,51.04673941487157,-114.07150327873916,22,2017-07-05 01:28:00-06:00,2026-08-02 09:12:00-06:00,9,Monday,13.0,Night,Traffic incident.,1.8343392099917342
1109726088,1110,2014-05-02 00:00:00,AIRPORT TRAIL,36 STREET,AIRPORT TRAIL & 36 STREET,NE,Traffic signal,Yes,Yes,No,51.13978198052112,-113.9817067186856,22,2017-06-03 16:32:00-06:00,2026-07-02 13:59:00-06:00,9,Wednesday,18.0,Evening Rush,Multi-vehicle incident.,45.77257967753269
1109000545,0494,2010-12-06 00:00:00,9 AVENUE,85 STREET,9 AVENUE & 85 STREET,SW,Traffic signal,Yes,Yes,Yes,51.05965924412269,-114.21097114304816,22,2017-07-13 11:24:00-06:00,2025-07-21 16:27:00-06:00,9,Tuesday,18.0,Evening Rush,Traffic incident.,30.46353500656781
1110308310,1244,2022-06-06 00:00:00,HIDDEN VALLEY DRIVE,SHAGANAPPI TRAIL,HIDDEN VALLEY DRIVE & SHAGANAPPI TRAIL,NW,Traffic signal T intersection,Yes,Yes,Yes,51.14775045477942,-114.13592395346386,22,2017-10-02 11:29:00-06:00,2026-08-13 19:04:00-06:00,8,Thursday,8.0,Morning Rush,Traffic incident.,37.076289551613385
1109001103,0747,2000-07-07 00:00:00,JAMES McKEVITT ROAD,MILLRISE BLVD/SHAWNEE GATE,JAMES McKEVITT ROAD & MILLRISE BLVD/SHAWNEE GATE,SW,Traffic signal,Yes,Yes,Yes,50.92134669539872,-114.07503840753157,22,2017-03-10 17:14:00-07:00,2026-03-18 09:09:00-06:00,8,Friday,9.0,Midday,Traffic incident.,9.091446675799148
1109001387,0224,2001-08-21 00:00:00,7 AVENUE,EDMONTON TRAIL,7 AVENUE & EDMONTON TRAIL,NE,Traffic signal T intersection,Yes,Yes,Yes,51.05843863934382,-114.05430004745074,22,2017-06-06 17:57:00-06:00,2026-09-11 13:46:00-06:00,9,Sunday,10.0,Midday,Traffic incident.,46.92079883135541
1109001371,0344,1972-01-01 00:00:00,7 AVENUE,3 STREET,7 AVENUE & 3 STREET,SE,Traffic signal,No,Yes,Yes,51.04630643415936,-114.05557554834358,22,2018-07-09 09:42:00-06:00,2026-08-10 09:15:00-06:00,7,Monday,9.0,Morning Rush,Traffic signals are flashing red.,3.0796914892530207
1109001332,0725,1974-01-01 00:00:00,ANDERSON ROAD,BONAVENTURE DRIVE,ANDERSON ROAD & BONAVENTURE DRIVE,SE,Traffic signal,Yes,Yes,Yes,50.9492090155803,-114.06011336814365,22,2018-05-18 09:48:00-06:00,2026-08-26 15:49:00-06:00,9,Monday,18.0,Midday,Traffic incident.,19.64882710683372
1109001372,0330,1972-01-01 00:00:00,6 AVENUE,3 STREET,6 AVENUE & 3 STREET,SE,Traffic signal,No,Yes,No,51.047236168201806,-114.05550764430195,22,2018-09-22 22:55:00-06:00,2026-05-06 18:14:00-06:00,9,Saturday,16.0,Evening,There is an incident involving a cyclist- EMS on site.,0.0033633778366217513
1109000830,0245,1957-01-01 00:00:00,KENSINGTON ROAD,19 STREET,KENSINGTON ROAD & 19 STREET,NW,Traffic signal,Yes,Yes,Yes,51.05250186072144,-114.10556057114572,22,2017-05-21 13:11:00-06:00,2026-03-19 11:57:00-06:00,10,Thursday,19.0,Evening,Traffic incident.,0.2909169930660265
1109001512,0776,2001-06-21 00:00:00,32 AVENUE,64 STREET/RUNDLEHORN DRIVE,32 AVENUE & 64 STREET/RUNDLEHORN DRIVE,NE,Traffic signal,Yes,No,No,51.08152446354431,-113.94096000321214,22,2016-12-09 18:40:00-07:00,2025-11-19 11:17:00-07:00,8,Wednesday,11.0,Midday,Traffic incident.,7.755009622567466
1109001751,0279,1995-12-05 00:00:00,MCKNIGHT BOULEVARD,47 STREET,MCKNIGHT BOULEVARD & 47 STREET,NE,Traffic signal T intersection,No,Yes,Yes,51.0960622454737,-113.96591272202406,22,2018-08-12 12:19:00-06:00,2026-07-17 09:24:00-06:00,8,Tuesday,22.0,Evening,Traffic incident. Blocking the right lane,16.968504004359882
1109001779,0978,2008-04-09 00:00:00,MARLBOROUGH DRIVE,52 STREET,MARLBOROUGH DRIVE & 52 STREET,NE,Traffic signal T intersection,Yes,Yes,Yes,51.060030537812814,-113.95834524728738,22,2017-03-10 17:04:00-07:00,2025-09-03 19:03:00-06:00,9,Saturday,12.0,Evening Rush,Traffic incident. Blocking the right lane,7.101257512107425
1110008324,1243,2022-07-21 00:00:00,SUNRIDGE WAY,34 STREET,SUNRIDGE WAY & 34 STREET,NE,Traffic signal,Yes,Yes,Yes,51.06869145638945,-113.98607894219435,22,2017-10-08 16:31:00-06:00,2026-06-15 17:55:00-06:00,10,Tuesday,12.0,Evening Rush,Traffic incident.,7.023089970347098
1109000730,0050,1993-11-29 00:00:00,EDGEMONT BOULEVARD,SHAGANAPPI TRAIL,EDGEMONT BOULEVARD & SHAGANAPPI TRAIL,NW,Traffic signal,Yes,Yes,Yes,51.12678837300977,-114.13314862299276,22,2018-02-06 07:48:00-07:00,2026-02-05 13:32:00-07:00,8,Friday,7.0,Midday,Traffic incident.,13.394942024305617
1109000856,0250,1972-01-01 00:00:00,1 AVENUE,EDMONTON TRAIL,1 AVENUE & EDMONTON TRAIL,NE,Traffic signal,No,Yes,No,51.05325987372745,-114.0502731259955,22,2017-08-07 11:51:00-06:00,2026-04-27 17:33:00-06:00,10,Monday,11.0,Midday,Traffic incident.,1.2060981954574572
1110106303,0910,2018-04-30 00:00:00,BRIDLEWOOD ROAD,JAMES McKEVITT ROAD,BRIDLEWOOD ROAD & JAMES McKEVITT ROAD,SW,Traffic signal T intersection,Yes,Yes,Yes,50.90288746369126,-114.0983104858214,22,2016-12-10 17:25:00-07:00,2026-04-11 22:09:00-06:00,9,Saturday,7.0,Evening Rush,Traffic incident.,26.20211003546151
1109000956,0470,1996-07-18 00:00:00,17 AVENUE,12 STREET,17 AVENUE & 12 STREET,SW,Traffic signal,No,Yes,Yes,51.03782038520885,-114.09164380220024,21,2017-04-11 08:48:00-06:00,2026-09-09 16:14:00-06:00,7,Monday,22.0,Evening Rush,Traffic incident.,4.342698517316763
1109806830,B2804,2015-11-08 00:00:00,13 AVENUE,CENTRE STREET,13 AVENUE & CENTRE STREET,N,Overhead Flasher,Yes,No,No,51.06445539764846,-114.06251899012764,21,2017-05-01 10:08:00-06:00,2026-06-16 17:27:00-06:00,8,Monday,17.0,Evening Rush,Traffic incident.,5.566161843598794
1109001266,0623,1978-01-01 00:00:00,61 AVENUE,CENTRE STREET,61 AVENUE & CENTRE STREET,S,Traffic signal,Yes,No,No,50.99773465666709,-114.06380298681124,21,2017-03-28 12:23:00-06:00,2026-03-14 22:54:00-06:00,10,Tuesday,16.0,Midday,Traffic incident.,0.771077492185633
1109001014,0318,1954-01-01 00:00:00,6 AVENUE,9 STREET,6 AVENUE & 9 STREET,SW,Traffic signal,Yes,Yes,Yes,51.04803746592846,-114.08374846838524,21,2017-02-15 17:21:00-07:00,2026-07-10 09:21:00-06:00,9,Monday,17.0,Evening Rush,Traffic incident.,0.9673929935109113
1109000665,0542,1978-01-01 00:00:00,RICHMOND ROAD,45 STREET,RICHMOND ROAD & 45 STREET,SW,Traffic signal,Yes,Yes,Yes,51.018913308679146,-114.15279745934733,21,2018-01-03 12:38:00-07:00,2024-10-26 06:47:00-06:00,7,Tuesday,6.0,Evening Rush,Traffic incident.,4.446376604180434
1109001790,0862,2004-11-12 00:00:00,126 AVENUE,52 STREET,126 AVENUE & 52 STREET,SE,Traffic signal T intersection,Yes,No,No,50.93420128535878,-113.95816495168728,21,2017-02-09 23:20:00-07:00,2026-06-11 17:11:00-06:00,9,Tuesday,17.0,Evening Rush,Traffic incident. Blocking the right lane,38.8952624156483
1109000881,0031,2011-02-22 00:00:00,64 AVENUE,DEERFOOT TRAIL,64 AVENUE & DEERFOOT TRAIL,NE,1/4 signal,No,No,No,51.11060503791721,-114.04501131056186,21,2019-02-13 08:41:00-07:00,2026-08-26 15:48:00-06:00,7,Wednesday,15.0,Evening Rush,Multi-vehicle incident. Blocking the right lane,14.599198049974756
1109000963,0834,2003-06-19 00:00:00,SHAWNESSY BOULEVARD,SHAWINIGAN DRIVE,SHAWNESSY BOULEVARD & SHAWINIGAN DRIVE,SW,Traffic signal T intersection,Yes,Yes,Yes,50.914045009447705,-114.08936258117495,21,2016-12-15 17:34:00-07:00,2026-08-13 17:16:00-06:00,10,Sunday,8.0,Morning Rush,Traffic incident.,38.753167980039365
1109000833,0692,1977-01-01 00:00:00,SOUTHLAND DRIVE,BRAESIDE DRIVE/PALLISER DR,SOUTHLAND DRIVE & BRAESIDE DRIVE/PALLISER DR,SW,Traffic signal,Yes,No,No,50.961419253575926,-114.10333266067332,21,2017-07-29 10:48:00-06:00,2026-01-26 21:33:00-07:00,9,Tuesday,14.0,Evening Rush,Traffic incident.,6.236533730095743
1109001590,0994,2008-01-14 00:00:00,114 AVENUE,40 STREET,114 AVENUE & 40 STREET,SE,Traffic signal T intersection,Yes,No,No,50.9504418550385,-113.9781549139186,21,2018-01-27 15:11:00-07:00,2026-05-05 09:29:00-06:00,9,Tuesday,9.0,Midday,Traffic incident. Blocking the right lane,23.407448856490944
1110090649,0012,2018-06-06 00:00:00,SHAGANAPPI TRAIL,SHERWOOD GATE,SHAGANAPPI TRAIL & SHERWOOD GATE,NW,Traffic signal T intersection,Yes,Yes,Yes,51.163378626371085,-114.14372943304714,21,2017-05-17 18:55:00-06:00,2026-08-16 14:12:00-06:00,9,Monday,18.0,Evening Rush,Traffic incident.,43.1870643285041
1109000809,0721,1981-01-01 00:00:00,ANDERSON ROAD,WOODPARK BOULEVARD,ANDERSON ROAD & WOODPARK BOULEVARD,SW,Traffic signal T intersection,Yes,Yes,Yes,50.95053345623767,-114.10895351218194,21,2017-03-18 17:49:00-06:00,2026-08-14 22:31:00-06:00,7,Friday,8.0,Morning Rush,Multi-vehicle incident.,25.900054972224567
1109001230,0325,1954-01-01 00:00:00,6 AVENUE,2 STREET,6 AVENUE & 2 STREET,SW,Traffic signal,No,Yes,No,51.04758549772978,-114.06782771149597,21,2017-10-02 17:02:00-06:00,2026-07-12 09:57:00-06:00,10,Sunday,10.0,Midday,Traffic incident.,0.3698083723861899
1109000948,0029,1980-01-01 00:00:00,NORTH HAVEN DRIVE,14 STREET,NORTH HAVEN DRIVE & 14 STREET,NW,Traffic signal,Yes,Yes,No,51.09216467532207,-114.09473030269515,21,2017-02-17 00:21:00-07:00,2026-05-15 11:19:00-06:00,8,Friday,1.0,Midday,Traffic incident. Blocking the right lane,2.689816840496007
1109001337,0474,2001-06-06 00:00:00,13 AVENUE,1 STREET,13 AVENUE & 1 STREET,SE,Traffic signal,No,Yes,No,51.040405014111975,-114.0609304580066,21,2017-06-17 23:27:00-06:00,2026-09-09 16:32:00-06:00,8,Sunday,10.0,Evening,Traffic incident.,1.1684517786503126
1109001365,0185,1963-01-01 00:00:00,20 AVENUE,EDMONTON TRAIL,20 AVENUE & EDMONTON TRAIL,NE,Traffic signal,Yes,Yes,Yes,51.0706233408189,-114.0561326042172,21,2017-10-10 14:21:00-06:00,2025-12-13 15:29:00-07:00,8,Saturday,16.0,Midday,Traffic incident.,0.020666741430982773
1109957110,1186,2019-11-15 00:00:00,SYMONS VALLEY PARKWAY,SAGE HILL DRIVE/37 STREET,SYMONS VALLEY PARKWAY & SAGE HILL DRIVE/37 STREET,NW,Traffic signal,Yes,Yes,Yes,51.16802482190919,-114.14115977204148,21,2018-11-16 21:01:00-07:00,2026-09-24 21:38:31-06:00,7,Tuesday,14.0,Midday,Traffic incident.,48.36858883603007
1109001352,0329,1954-01-01 00:00:00,6 AVENUE,MACLEOD TRAIL,6 AVENUE & MACLEOD TRAIL,SE,Traffic signal,No,Yes,Yes,51.047306253173886,-114.05797578636772,21,2017-02-24 09:22:00-07:00,2026-09-03 18:23:00-06:00,8,Saturday,11.0,Midday,Traffic incident. Blocking the right lane,0.0020996961639808557
1110254721,B2921,2020-08-18 00:00:00,BOW TRAIL,SARCEE TRAIL,BOW TRAIL & SARCEE TRAIL,SW,Pedestrian RRFB,Yes,No,No,51.05245162157174,-114.16456675480067,21,2017-09-09 17:03:00-06:00,2026-03-05 10:07:00-07:00,10,Thursday,7.0,Midday,Stalled vehicle. Blocking the right lane,41.335305434780686
1109001098,0306,1969-01-01 00:00:00,5 AVENUE,6 STREET,5 AVENUE & 6 STREET,SW,Traffic signal,No,Yes,Yes,51.04876704791554,-114.07610132073764,21,2017-11-10 13:15:00-07:00,2025-10-29 17:38:00-06:00,9,Wednesday,8.0,Evening,Traffic incident.,0.587213772593838
1109001249,0406,1959-01-01 00:00:00,11 AVENUE,1 STREET,11 AVENUE & 1 STREET,SW,Traffic signal,No,Yes,No,51.0424625513131,-114.06572402058184,21,2018-06-07 08:44:00-06:00,2025-04-29 16:06:00-06:00,7,Saturday,18.0,Evening Rush,Traffic incident.,0.3285674121163477
1109001495,0903,1997-12-31 00:00:00,COUNTRY HILLS BOULEVARD,BARLOW TRAIL,COUNTRY HILLS BOULEVARD & BARLOW TRAIL,NE,Traffic signal,Yes,Yes,No,51.15431175078649,-114.00170471885622,21,2017-05-10 08:37:00-06:00,2026-02-19 10:51:00-07:00,7,Wednesday,10.0,Midday,Traffic incident.,18.432624035075012
1110175433,1220,2021-02-04 00:00:00,88 AVENUE,52 STREET,88 AVENUE & 52 STREET,NE,Traffic signal,Yes,Yes,Yes,51.13249200433039,-113.95836616647829,21,2018-11-14 16:15:00-07:00,2026-07-11 20:44:00-06:00,8,Wednesday,16.0,Evening Rush,Traffic incident.,11.208381887184222
1109001938,B2753,2008-05-29 00:00:00,16 AVENUE,44 STREET,16 AVENUE & 44 STREET,NW,Overhead Flasher,Yes,No,No,51.0690837949714,-114.15955048188816,21,2018-02-28 09:25:00-07:00,2025-10-23 10:04:00-06:00,7,Monday,0.0,Morning Rush,Traffic incident.,28.31172148787601
1109001679,0845,2002-08-29 00:00:00,130 AVENUE,DOUGLASDALE BOULEVARD,130 AVENUE & DOUGLASDALE BOULEVARD,SE,Traffic signal,Yes,No,No,50.93195035276013,-113.98363349255378,20,2017-03-01 18:57:00-07:00,2025-10-24 15:49:00-06:00,7,Friday,13.0,Evening,Two vehicle incident.,7.569618723549821
1109001280,0341,1929-01-01 00:00:00,7 AVENUE,CENTRE STREET,7 AVENUE & CENTRE STREET,S,Traffic signal,No,Yes,Yes,51.046478438572905,-114.0629672972552,20,2017-04-23 04:41:00-06:00,2026-05-21 17:22:00-06:00,8,Friday,17.0,Evening Rush,Traffic incident.,3.387119988606554
1109000598,0042,1985-01-01 00:00:00,JOHN LAURIE BOULEVARD,HAWKWOOD HL/RANCHLANDS BV,JOHN LAURIE BOULEVARD & HAWKWOOD HL/RANCHLANDS BV,NW,Traffic signal,Yes,No,No,51.12405062974938,-114.17936297021215,20,2017-09-21 03:35:00-06:00,2026-08-12 20:41:00-06:00,9,Thursday,13.0,Evening Rush,Traffic incident.,12.780683011637096
1109000599,0471,1996-07-02 00:00:00,17 AVENUE,CHRISTIE PARK GATE/SIMCOE BV,17 AVENUE & CHRISTIE PARK GATE/SIMCOE BV,SW,Traffic signal,Yes,Yes,Yes,51.03688124539524,-114.17858256289912,20,2018-06-06 07:49:00-06:00,2026-08-28 16:29:00-06:00,8,Friday,9.0,Evening Rush,Traffic incident.,31.78737061104408
1109001163,0183,1957-01-01 00:00:00,20 AVENUE,4 STREET,20 AVENUE & 4 STREET,NW,Traffic signal,Yes,Yes,Yes,51.07054961203347,-114.07156759694192,20,2018-01-05 11:49:00-07:00,2025-12-27 12:06:00-07:00,8,Friday,11.0,Midday,Traffic incident.,2.1976117790379726
1109001169,0404,1959-01-01 00:00:00,11 AVENUE,4 STREET,11 AVENUE & 4 STREET,SW,Traffic signal,No,Yes,Yes,51.04262098484952,-114.07148527700429,20,2017-05-12 16:03:00-06:00,2026-08-18 22:02:00-06:00,8,Tuesday,22.0,Evening,Traffic incident.,0.5087502864464264
1109001053,0291,1948-01-01 00:00:00,4 AVENUE,8 STREET,4 AVENUE & 8 STREET,SW,Traffic signal,No,Yes,Yes,51.04984253645189,-114.0809807552344,20,2017-08-21 10:19:00-06:00,2026-06-29 15:32:00-06:00,9,Wednesday,6.0,Evening Rush,Traffic incident. Blocking multiple lanes,1.007854335766896
1109001711,0754,1998-07-23 00:00:00,McKENZIE LAKE BOULEVARD,MOUNT McKENZIE DRIVE,McKENZIE LAKE BOULEVARD & MOUNT McKENZIE DRIVE,SE,Traffic signal T intersection,Yes,No,No,50.91642408919818,-113.98135577531563,20,2017-10-30 10:07:00-06:00,2024-09-19 18:34:00-06:00,8,Tuesday,16.0,Evening Rush,Traffic incident.,9.245105260732377
1109000821,B2688,1999-10-13 00:00:00,17 AVENUE,19 STREET,17 AVENUE & 19 STREET,SW,Overhead Flasher,Yes,No,No,51.03779746113671,-114.10630803224636,20,2017-08-09 19:44:00-06:00,2026-06-25 23:17:00-06:00,7,Wednesday,16.0,Evening Rush,Traffic incident.,27.711098805020292
1109001939,B2738,2008-12-10 00:00:00,36 STREET,16 AVENUE,36 STREET & 16 AVENUE,SE,Overhead Flasher,Yes,No,No,51.03935067472689,-113.9815986917072,20,2017-03-14 14:20:00-06:00,2025-12-27 17:26:00-07:00,6,Tuesday,17.0,Evening Rush,Two vehicle incident.,6.172326044456922
1109000802,0889,2007-04-13 00:00:00,162 AVENUE,BRIDLERIDGE WAY/EVERSYDE BV,162 AVENUE & BRIDLERIDGE WAY/EVERSYDE BV,SW,Traffic signal,Yes,No,Yes,50.90675408930795,-114.11046299712892,20,2017-08-09 19:19:00-06:00,2026-05-04 12:48:00-06:00,10,Monday,13.0,Midday,Traffic incident.,11.740350563107322
1109001497,0272,1998-07-10 00:00:00,3 AVENUE,BARLOW TRAIL,3 AVENUE & BARLOW TRAIL,SE,Traffic signal,Yes,No,No,51.047443350435564,-114.0017256365794,20,2017-03-05 10:50:00-07:00,2026-05-20 17:01:00-06:00,9,Thursday,15.0,Evening Rush,Traffic incident.,6.494451715187306
1109001386,0568,1971-01-01 00:00:00,42 AVENUE,CLEVELAND CR/MANHATTAN RD,42 AVENUE & CLEVELAND CR/MANHATTAN RD,SE,Traffic signal,Yes,Yes,Yes,51.01592591017785,-114.05307397133394,20,2017-09-26 21:38:00-06:00,2026-07-22 17:13:00-06:00,9,Thursday,11.0,Evening Rush,Traffic incident.,36.18563515243445
1109000861,0595,1971-01-01 00:00:00,53 AVENUE,BLACKFOOT TRAIL,53 AVENUE & BLACKFOOT TRAIL,SE,Traffic signal T intersection,No,No,No,51.00594546666246,-114.04870216475857,20,2017-08-28 10:25:00-06:00,2026-05-21 15:36:00-06:00,9,Monday,12.0,Midday,Traffic incident. Blocking the right lane,11.785153936856231
1109000826,0016,1992-08-18 00:00:00,BERKSHIRE BOULEVARD/MACEWAN GLEN DR,14 STREET,BERKSHIRE BOULEVARD/MACEWAN GLEN DR & 14 STREET,NW,Traffic signal,Yes,No,Yes,51.13161024070369,-114.10628374233994,20,2017-06-07 14:45:00-06:00,2026-02-18 14:23:00-07:00,9,Wednesday,10.0,Midday,Traffic incident.,10.609530252607142
1109000733,0926,1998-08-19 00:00:00,COUNTRY HILLS BOULEVARD,EDGEBROOK BV/HAMPTONS DR,COUNTRY HILLS BOULEVARD & EDGEBROOK BV/HAMPTONS DR,NW,Traffic signal,Yes,No,No,51.140389766142725,-114.13192971659724,20,2017-06-02 20:05:00-06:00,2026-03-30 19:32:00-06:00,10,Saturday,18.0,Evening,Traffic incident.,9.62920430101655
1110263200,1207,2024-03-05 00:00:00,17 AVENUE,15 STREET,17 AVENUE & 15 STREET,SW,Traffic signal T intersection,Yes,Yes,Yes,51.037830392057565,-114.09718409376576,20,2017-05-07 20:29:00-06:00,2026-07-02 14:22:00-06:00,9,Friday,14.0,Evening,Traffic incident.,28.78656755559715
1109000925,0693,1971-01-01 00:00:00,SOUTHLAND DRIVE,14 STREET,SOUTHLAND DRIVE & 14 STREET,SW,Traffic signal,Yes,Yes,Yes,50.96152096530602,-114.09520288692936,20,2017-11-08 19:49:00-07:00,2026-05-28 17:36:00-06:00,9,Wednesday,16.0,Midday,Traffic signals are flashing red. Crew has been dispatched,20.28860764330157
1109000638,0070,1977-01-01 00:00:00,DALHOUSIE DRIVE,53 STREET,DALHOUSIE DRIVE & 53 STREET,NW,Traffic signal,Yes,Yes,Yes,51.1079304450215,-114.16210735483058,20,2017-10-04 19:54:00-06:00,2026-03-25 17:01:00-06:00,10,Tuesday,13.0,Midday,Traffic incident.,34.01624424257431
1109000932,0548,1956-01-01 00:00:00,33 AVENUE/COUNCIL WAY,14 STREET,33 AVENUE/COUNCIL WAY & 14 STREET,SW,Traffic signal,Yes,No,No,51.02400468828319,-114.09469110204968,20,2017-09-09 17:35:00-06:00,2026-08-21 08:57:00-06:00,8,Friday,7.0,Midday,Traffic incident.,0.2565857988164626
1109001402,0087,1980-01-01 00:00:00,36 AVENUE,EDMONTON TRAIL,36 AVENUE & EDMONTON TRAIL,NE,Traffic signal,Yes,Yes,Yes,51.084972755447474,-114.05206789198996,20,2017-05-24 19:23:00-06:00,2025-11-14 20:47:00-07:00,9,Thursday,16.0,Evening Rush,Traffic incident.,0.3423132266221623
1109001461,0687,1998-05-19 00:00:00,RIVERVALLEY DR/RIVERGLEN,18 STREET,RIVERVALLEY DR/RIVERGLEN & 18 STREET,SE,Traffic signal,Yes,No,No,50.97284490970995,-114.01573618807774,20,2017-06-10 12:22:00-06:00,2026-08-25 11:41:00-06:00,8,Tuesday,11.0,Midday,Traffic incident.,11.665951495942759
1110094348,0749,2018-11-09 00:00:00,BRADBURY DRIVE,SOUTHLAND DRIVE,BRADBURY DRIVE & SOUTHLAND DRIVE,SW,Traffic signal,Yes,Yes,Yes,50.96141290608528,-114.09890865321384,20,2017-08-12 00:38:00-06:00,2026-09-10 07:45:00-06:00,10,Monday,8.0,Evening Rush,Traffic incident. Blocking the right lane,43.45692667355593
1109001231,0310,1956-01-01 00:00:00,5 AVENUE,2 STREET,5 AVENUE & 2 STREET,SW,Traffic signal,No,Yes,No,51.04852945158862,-114.0677720429864,20,2017-05-05 10:24:00-06:00,2025-09-26 13:21:00-06:00,9,Wednesday,8.0,Midday,Traffic incident.,0.45318120148080154
1109697136,1089,2015-05-08 00:00:00,COPPERPOND BV/NEW BRIGHTON AV,McIVOR BOULEVARD,COPPERPOND BV/NEW BRIGHTON AV & McIVOR BOULEVARD,SE,Traffic signal,Yes,Yes,No,50.92300039063433,-113.9328597289579,20,2017-02-23 06:50:00-07:00,2026-07-17 10:23:00-06:00,9,Tuesday,19.0,Evening,Traffic incident.,11.2055679408194
1109000744,0260,1972-01-01 00:00:00,PARKDALE BOULEVARD,29 STREET,PARKDALE BOULEVARD & 29 STREET,NW,Traffic signal T intersection,Yes,Yes,No,51.05539045759584,-114.12950197376333,20,2017-10-17 18:16:00-06:00,2026-06-29 07:43:00-06:00,9,Monday,18.0,Evening Rush,Traffic incident.,8.431733854430995
1109000918,0777,2001-09-17 00:00:00,53 AVENUE/AVIATION PARK,11 STREET,53 AVENUE/AVIATION PARK & 11 STREET,NE,Traffic signal,Yes,Yes,No,51.10009028949854,-114.03643656489815,20,2017-08-30 10:39:00-06:00,2026-07-23 17:15:00-06:00,10,Thursday,13.0,Evening Rush,Traffic incident.,1.2318822869902362
1109000864,0569,1962-01-01 00:00:00,42 AVENUE,BLACKFOOT TRAIL,42 AVENUE & BLACKFOOT TRAIL,SE,Traffic signal,Yes,Yes,Yes,51.01595839049507,-114.0485520787628,20,2016-12-14 15:13:00-07:00,2026-08-21 18:14:00-06:00,10,Wednesday,16.0,Evening Rush,Two vehicle incident.,40.05689068869038
1109001442,0839,2005-04-18 00:00:00,CHAPARRAL BOULEVARD,CHAPARRAL DR/CHAPARRAL RIDGE D,CHAPARRAL BOULEVARD & CHAPARRAL DR/CHAPARRAL RIDGE D,SE,Traffic signal,Yes,Yes,Yes,50.88584812360691,-114.02471478219807,20,2017-02-20 09:53:00-07:00,2026-07-20 14:04:00-06:00,9,Monday,11.0,Midday,Traffic incident.,8.239981622278115
1109001530,0481,2009-06-06 00:00:00,53 AVENUE,MACLEOD TRAIL,53 AVENUE & MACLEOD TRAIL,SW,Traffic signal,Yes,Yes,No,51.00561322134093,-114.06980419625944,20,2017-12-13 12:14:00-07:00,2026-08-10 10:28:00-06:00,9,Friday,12.0,Midday,Traffic incident.,7.179065734939286
1110175503,1105,2020-10-27 00:00:00,130 AVENUE,MCIVOR BOULEVARD,130 AVENUE & MCIVOR BOULEVARD,SE,1/2 signal,Yes,Yes,Yes,50.92877567120793,-113.9351953764616,20,2017-07-11 05:42:00-06:00,2025-05-10 16:15:00-06:00,8,Saturday,16.0,Evening Rush,Traffic incident.,46.857762370609606
1109001119,0349,1956-01-01 00:00:00,8 AVENUE,5 STREET,8 AVENUE & 5 STREET,SW,Traffic signal,No,Yes,No,51.0458577718964,-114.07385569816026,20,2017-07-06 10:17:00-06:00,2026-09-12 10:15:00-06:00,9,Friday,2.0,Midday,Traffic incident.,2.8097363433955187
1109000591,0362,1993-01-29 00:00:00,STRATHCONA DRIVE,STRATHCONA BOULEVARD,STRATHCONA DRIVE & STRATHCONA BOULEVARD,SW,Traffic signal,Yes,Yes,No,51.04698208506237,-114.186145329842,20,2018-05-09 19:31:00-06:00,2026-02-06 18:10:00-07:00,9,Monday,17.0,Evening Rush,Traffic incident.,30.38230325843671
1109000610,0922,1998-07-16 00:00:00,COUNTRY HILLS BOULEVARD,CITADEL LINK/HAWKSTONE GATE,COUNTRY HILLS BOULEVARD & CITADEL LINK/HAWKSTONE GATE,NW,Traffic signal,Yes,Yes,Yes,51.13736023157173,-114.17211117464976,19,2018-02-09 08:57:00-07:00,2026-02-28 08:19:00-07:00,9,Friday,19.0,Evening,Traffic incident.,40.70483928770316
1109000617,0954,2006-03-28 00:00:00,CITADEL BOULEVARD/CITADEL GREEN,SARCEE TRAIL,CITADEL BOULEVARD/CITADEL GREEN & SARCEE TRAIL,NW,Traffic signal,Yes,No,No,51.14466238291091,-114.1682097918503,19,2017-10-16 23:54:00-06:00,2026-06-26 15:19:00-06:00,9,Wednesday,9.0,Midday,Traffic incident.,30.45270063791435
1109000741,0444,1989-05-25 00:00:00,17 AVENUE,29 STREET,17 AVENUE & 29 STREET,SW,Traffic signal,Yes,Yes,Yes,51.03780454685071,-114.12956340746793,19,2018-04-28 13:03:00-06:00,2026-05-12 00:03:00-06:00,8,Friday,8.0,Midday,Traffic incident.,1.1974653035671943
1109001797,0939,2005-05-30 00:00:00,FALCONRIDGE DRIVE,FALSBRIDGE GATE,FALCONRIDGE DRIVE & FALSBRIDGE GATE,NE,Traffic signal T intersection,Yes,No,No,51.09969779199149,-113.95652716410048,19,2018-04-03 18:16:00-06:00,2026-03-25 15:37:00-06:00,8,Monday,15.0,Midday,Traffic incident.,0.003997911460841931
1109000678,1013,2010-12-09 00:00:00,BOWNESS ROAD,POINT DRIVE,BOWNESS ROAD & POINT DRIVE,NW,Traffic signal,Yes,Yes,Yes,51.06223875086313,-114.14632644284296,19,2017-07-18 17:29:00-06:00,2026-09-04 12:32:00-06:00,8,Thursday,16.0,Evening Rush,Traffic incident.,4.657560841428386
1109000672,0804,2000-11-15 00:00:00,CROWCHILD TRAIL,SHAGANAPPI TRAIL,CROWCHILD TRAIL & SHAGANAPPI TRAIL,NW,Traffic signal,Yes,No,No,51.09792017783259,-114.150703937807,19,2018-02-11 10:46:00-07:00,2025-01-25 12:25:00-07:00,7,Saturday,9.0,Evening Rush,Multi-vehicle incident.,16.99983137989361
1109000659,B2517,1983-04-01 00:00:00,DALHOUSIE DRIVE,DALGLEISH ROAD,DALHOUSIE DRIVE & DALGLEISH ROAD,NW,Overhead Flasher,Yes,No,No,51.10483903300131,-114.15471423409136,19,2017-02-08 09:17:00-07:00,2026-08-26 06:06:00-06:00,10,Thursday,8.0,Morning Rush,Traffic incident.,8.130900807600002
1109001682,0659,1988-07-18 00:00:00,76 AVENUE,BARLOW TRAIL,76 AVENUE & BARLOW TRAIL,SE,Traffic signal T intersection,Yes,No,No,50.98510683328622,-113.98181251750032,19,2018-06-27 17:25:00-06:00,2026-06-25 06:43:00-06:00,8,Wednesday,6.0,Morning Rush,Traffic incident.,11.25830446638754
1109001632,0786,2001-01-09 00:00:00,39 AVENUE,BARLOW TRAIL,39 AVENUE & BARLOW TRAIL,NE,Traffic signal T intersection,Yes,Yes,Yes,51.08871104539233,-114.001702925703,19,2017-03-17 18:30:00-06:00,2025-12-26 14:15:00-07:00,8,Friday,14.0,Midday,Two vehicle incident.,13.418069011158764
1109001210,0713,1996-06-10 00:00:00,94 AVENUE,BONAVENTURE DRIVE,94 AVENUE & BONAVENTURE DRIVE,SE,Traffic signal,Yes,No,No,50.96863425213071,-114.06874878815658,19,2016-12-14 09:30:00-07:00,2026-07-25 06:34:00-06:00,9,Monday,11.0,Midday,Traffic incident.,1.359305507246969
1109000871,0932,1999-08-27 00:00:00,COUNTRY HILLS BOULEVARD,HARVEST HILLS GATE,COUNTRY HILLS BOULEVARD & HARVEST HILLS GATE,NE,Traffic signal T intersection,Yes,No,No,51.15422361168797,-114.048067538067,19,2017-10-01 18:53:00-06:00,2026-02-27 08:07:00-07:00,10,Friday,8.0,Evening,Traffic incident.,38.89160851529686
1109001218,0455,1966-01-01 00:00:00,17 AVENUE,2 STREET,17 AVENUE & 2 STREET,SW,Traffic signal,No,Yes,No,51.0378312618225,-114.06847274884645,19,2017-02-08 17:26:00-07:00,2026-09-23 12:01:29-06:00,8,Wednesday,8.0,Evening Rush,Traffic incident.,3.1163454047452728
1109001220,0416,1966-01-01 00:00:00,12 AVENUE,2 STREET,12 AVENUE & 2 STREET,SW,Traffic signal,No,Yes,No,51.04157111304302,-114.06826097848908,19,2016-12-08 15:07:00-07:00,2026-07-14 11:36:00-06:00,10,Monday,6.0,Midday,Traffic incident. Blocking the EB right lane,0.39188691065369624
1109001496,0916,2004-12-06 00:00:00,100 AVENUE,BARLOW TRAIL,100 AVENUE & BARLOW TRAIL,NE,Traffic signal,Yes,No,No,51.14338094533293,-114.00170704865302,19,2020-10-08 21:35:00-06:00,2026-07-20 22:28:00-06:00,6,Monday,7.0,Evening,Traffic incident.,38.179508681290685
1109000766,0178,1997-04-16 00:00:00,13 AVENUE,UNIVERSITY DRIVE,13 AVENUE & UNIVERSITY DRIVE,NW,Traffic signal,Yes,No,No,51.06453533997735,-114.11972625293154,19,2018-04-06 11:11:00-06:00,2026-09-15 15:39:00-06:00,8,Tuesday,16.0,Evening Rush,Traffic incident.,41.77021165792515
1109001237,0177,1998-08-27 00:00:00,16 AVENUE,2 STREET,16 AVENUE & 2 STREET,NW,Traffic signal,Yes,Yes,No,51.06692898378687,-114.06743478446954,19,2016-12-10 19:39:00-07:00,2024-11-30 15:49:00-07:00,9,Friday,18.0,Evening Rush,Traffic incident.,8.033479011711425
1109241290,B2746,2008-06-02 00:00:00,MEMORIAL DRIVE,47 STREET,MEMORIAL DRIVE & 47 STREET,E,Overhead Flasher,Yes,No,No,51.052855378296215,-113.96372758209958,19,2018-04-06 04:32:00-06:00,2025-10-27 18:24:00-06:00,8,Thursday,18.0,Evening Rush,Traffic incident.,8.01952932850144
1109739649,1122,2016-10-03 00:00:00,COUNTRY HILLS BOULEVARD,38 STREET,COUNTRY HILLS BOULEVARD & 38 STREET,NE,Traffic signal,Yes,No,No,51.15422719351891,-113.97733094559796,19,2018-03-22 09:48:00-06:00,2026-09-08 17:10:00-06:00,8,Saturday,13.0,Midday,Traffic incident.,61.33630593379867
1109001577,0848,2010-01-18 00:00:00,107 AVENUE/18 STREET,24 STREET,107 AVENUE/18 STREET & 24 STREET,SE,Traffic signal,Yes,Yes,No,50.95653850812319,-114.00116715657946,19,2017-02-18 13:51:00-07:00,2026-04-06 18:04:00-06:00,9,Friday,18.0,Evening Rush,Traffic incident.,7.489434797874291
1109001379,0132,1984-01-01 00:00:00,32 AVENUE,EDMONTON TRAIL,32 AVENUE & EDMONTON TRAIL,NE,Traffic signal,Yes,No,No,51.08151057367819,-114.0546044095154,19,2017-12-09 17:43:00-07:00,2026-09-19 12:37:17-06:00,10,Saturday,1.0,Evening Rush,Traffic incident.,0.5538244889883385
1109000984,0317,1973-01-01 00:00:00,6 AVENUE,10 STREET,6 AVENUE & 10 STREET,SW,Traffic signal,Yes,Yes,Yes,51.04808225789275,-114.08602516770316,19,2017-06-30 19:52:00-06:00,2025-07-06 01:06:00-06:00,9,Thursday,6.0,Evening Rush,Traffic incident.,2.188610714360202
1109001368,0381,1987-08-27 00:00:00,9 AVENUE,3 STREET,9 AVENUE & 3 STREET,SE,Traffic signal,No,Yes,Yes,51.04440054396302,-114.05571587311536,19,2018-09-09 17:59:00-06:00,2026-09-08 08:35:00-06:00,7,Monday,17.0,Night,Two vehicle incident. Blocking multiple lanes,0.37783446295963413
1109000970,0390,1976-01-01 00:00:00,10 AVENUE,11 STREET,10 AVENUE & 11 STREET,SW,Traffic signal,No,Yes,Yes,51.04404748127981,-114.08878536133992,19,2018-10-23 11:45:00-06:00,2025-10-06 01:49:00-06:00,6,Tuesday,15.0,Evening Rush,Traffic incident.,0.2793536558830497
1109243203,0946,2013-07-29 00:00:00,16 AVENUE,52 STREET,16 AVENUE & 52 STREET,NE,Traffic signal T intersection,No,No,No,51.068166059138704,-113.95837440397406,19,2017-02-14 10:47:00-07:00,2025-11-21 15:47:00-07:00,7,Tuesday,2.0,Midday,Multi-vehicle incident. Blocking the left lane,19.589960577619745
1109001248,0417,1953-01-01 00:00:00,12 AVENUE,1 STREET,12 AVENUE & 1 STREET,SW,Traffic signal,No,Yes,No,51.04150060994122,-114.06579395772256,19,2017-05-26 13:09:00-06:00,2026-02-11 07:52:00-07:00,9,Friday,10.0,Night,Two vehicle incident.,1.0176424566444635
1109001256,0311,1956-01-01 00:00:00,5 AVENUE,1 STREET,5 AVENUE & 1 STREET,SW,Traffic signal,No,Yes,No,51.04845893838455,-114.06530465331775,19,2017-08-04 01:49:00-06:00,2026-09-09 06:07:00-06:00,8,Tuesday,14.0,Evening Rush,Two vehicle incident.,0.298854484840327
1109001260,B2506,1987-01-01 00:00:00,68 AVENUE,CENTRE STREET,68 AVENUE & CENTRE STREET,N,Overhead Flasher,Yes,No,No,51.115870695628814,-114.06765312683636,19,2017-10-22 20:35:00-06:00,2026-05-20 17:06:00-06:00,9,Friday,15.0,Evening Rush,Traffic incident.,4.78712213351939
1109001095,0601,1974-01-01 00:00:00,58 AVENUE,5 STREET,58 AVENUE & 5 STREET,SW,Traffic signal,Yes,Yes,Yes,51.00136394630878,-114.07620896169284,19,2017-03-16 08:38:00-06:00,2025-09-04 12:16:00-06:00,8,Thursday,18.0,Evening Rush,Traffic incident.,1.1518662491768707
1109001009,0371,1973-07-13 00:00:00,9 AVENUE,9 STREET,9 AVENUE & 9 STREET,SW,Traffic signal T intersection,No,Yes,No,51.045192891728135,-114.08375349847692,19,2017-04-04 16:03:00-06:00,2026-08-04 20:34:00-06:00,10,Thursday,7.0,Evening Rush,Traffic incident.,1.4978507503642582
1109407780,1052,2010-05-17 00:00:00,McKENZIE TOWNE LINK,52 STREET,McKENZIE TOWNE LINK & 52 STREET,SE,Traffic signal T intersection,Yes,Yes,No,50.914734573516256,-113.95553972529238,19,2018-04-03 18:00:00-06:00,2026-01-14 09:44:00-07:00,8,Friday,8.0,Morning Rush,Traffic incident.,35.57264152009078
1109001056,0451,1968-01-01 00:00:00,17 AVENUE,7 STREET,17 AVENUE & 7 STREET,SW,Traffic signal,No,Yes,No,51.0378153791161,-114.07936283624733,19,2017-08-21 14:10:00-06:00,2025-10-31 07:50:00-06:00,8,Sunday,20.0,Evening,Traffic incident.,0.4337392490520744
1109001317,0930,2005-02-22 00:00:00,COUNTRY HILLS BOULEVARD,COUNTRY VILLAGE WAY,COUNTRY HILLS BOULEVARD & COUNTRY VILLAGE WAY,NE,Traffic signal T intersection,Yes,No,No,51.15421549203673,-114.06095110072036,19,2017-03-31 10:23:00-06:00,2026-06-04 11:34:00-06:00,8,Friday,17.0,Evening Rush,Traffic incident.,4.7825701988188465
1110419103,B0102,2023-08-19 00:00:00,112 AVENUE/ROYAL BIRCH BOULEVARD,COUNTRY HILLS BOULEVARD,112 AVENUE/ROYAL BIRCH BOULEVARD & COUNTRY HILLS BOULEVARD,SW,Pedestrian RRFB,Yes,No,No,51.14960864708407,-114.21345524924216,19,2017-03-29 14:24:00-06:00,2026-07-24 10:16:00-06:00,7,Tuesday,13.0,Midday,Two vehicle incident.,31.504701939632454
1109000580,1170,2020-10-22 00:00:00,SPRINGBANK BOULEVARD,69 STREET,SPRINGBANK BOULEVARD & 69 STREET,SW,Traffic signal,Yes,Yes,Yes,51.01759251581458,-114.19147303342534,19,2017-06-15 23:05:00-06:00,2025-12-27 23:21:00-07:00,8,Thursday,16.0,Evening Rush,Traffic incident.,37.86273643698757
1109000978,0438,1987-11-26 00:00:00,17 AVENUE,10 STREET,17 AVENUE & 10 STREET,SW,Traffic signal,Yes,Yes,Yes,51.0378191306479,-114.0867344912186,19,2017-05-28 01:44:00-06:00,2026-06-14 00:48:00-06:00,9,Sunday,0.0,Night,Traffic incident.,21.322659111489525
1109001026,0655,1961-01-01 00:00:00,75 AVENUE,ELBOW DRIVE,75 AVENUE & ELBOW DRIVE,SW,Traffic signal,Yes,Yes,Yes,50.985997975869736,-114.0831490678732,18,2017-10-02 14:12:00-06:00,2026-08-15 20:38:00-06:00,9,Wednesday,14.0,Midday,Traffic incident.,2.6574862097247522
1109001341,0677,1972-01-01 00:00:00,90 AVENUE/ACADIA DRIVE,FAIRMOUNT DRIVE,90 AVENUE/ACADIA DRIVE & FAIRMOUNT DRIVE,SE,Traffic signal,Yes,Yes,Yes,50.97224678641226,-114.05917486582372,18,2017-06-21 19:24:00-06:00,2026-07-07 12:10:00-06:00,9,Thursday,16.0,Evening Rush,Traffic incident.,0.9572717937024849
1109001090,0373,1988-09-12 00:00:00,9 AVENUE,6 STREET,9 AVENUE & 6 STREET,SW,Traffic signal,No,Yes,No,51.04498218900313,-114.07638033326032,18,2017-04-02 06:54:00-06:00,2025-10-03 17:36:00-06:00,7,Friday,17.0,Evening Rush,Traffic incident.,0.44848042911209357
1109965637,1150,2017-08-12 00:00:00,162 AVENUE,MACLEOD TRAIL,162 AVENUE & MACLEOD TRAIL,SE,Traffic signal T intersection,Yes,Yes,Yes,50.90465217546755,-114.06337377902346,18,2017-04-02 18:52:00-06:00,2026-03-19 15:15:00-06:00,8,Tuesday,9.0,Evening Rush,2 vehicle incident.,27.161137331182026
1109001259,0769,2002-01-31 00:00:00,SHAWVILLE BOULEVARD,SHAWVILLE ROAD,SHAWVILLE BOULEVARD & SHAWVILLE ROAD,SE,Traffic signal,Yes,No,No,50.901915830592834,-114.06475823947946,18,2019-02-12 12:05:00-07:00,2025-11-30 17:42:00-07:00,6,Thursday,15.0,Evening Rush,Traffic incident.,1.253808109805019
1109000671,0803,2000-11-15 00:00:00,CROWCHILD TRAIL,SHAGANAPPI TRAIL,CROWCHILD TRAIL & SHAGANAPPI TRAIL,NW,Traffic signal,Yes,No,No,51.09724617531816,-114.1495383044234,18,2017-04-09 14:44:00-06:00,2026-02-22 19:30:00-07:00,9,Friday,8.0,Midday,Two vehicle incident. Blocking the right lane,30.806479155979964
1109000860,0743,1982-01-01 00:00:00,CANYON MEADOWS DRIVE,ACADIA DRIVE,CANYON MEADOWS DRIVE & ACADIA DRIVE,SE,Traffic signal T intersection,Yes,No,No,50.92981942758485,-114.04873743841232,18,2017-02-16 15:49:00-07:00,2026-07-30 16:14:00-06:00,8,Saturday,12.0,Evening Rush,Traffic incident.,9.808552757720594
1109001483,0460,1980-01-01 00:00:00,17 AVENUE,DEERFOOT TRAIL SB RAMP,17 AVENUE & DEERFOOT TRAIL SB RAMP,SE,1/4 signal,No,No,No,51.037002901916296,-114.0067083261149,18,2017-12-28 08:26:00-07:00,2024-08-27 13:16:00-06:00,7,Monday,7.0,Midday,Traffic signals are blank. Crews have been dispatched,10.603098983005257
1110061946,B2901,2017-09-20 00:00:00,SADDLEMONT BOULEVARD,SADDLETOWNE CIRCLE,SADDLEMONT BOULEVARD & SADDLETOWNE CIRCLE,NE,Pedestrian RRFB,Yes,No,No,51.12598464000976,-113.94465583740303,18,2018-08-17 17:12:00-06:00,2026-07-28 16:35:00-06:00,8,Thursday,16.0,Evening Rush,Traffic incident.,26.619871805706218
1109000859,0133,1988-07-14 00:00:00,32 AVENUE CONNECTOR,6 STREET,32 AVENUE CONNECTOR & 6 STREET,NE,Traffic signal T intersection,Yes,No,No,51.08840818159177,-114.04888863491414,18,2017-05-21 15:49:00-06:00,2026-09-24 08:09:55-06:00,8,Thursday,13.0,Evening Rush,Traffic incident.,26.7377086391936
1109001535,0828,2005-05-09 00:00:00,61 AVENUE,84 STREET,61 AVENUE & 84 STREET,SE,Traffic signal,No,No,No,50.99789273310188,-113.91184395177469,18,2017-08-01 08:16:00-06:00,2026-04-23 21:04:00-06:00,9,Monday,12.0,Morning Rush,Traffic incident.,5.349613529386748
1109001607,0513,2012-10-04 00:00:00,JOHN LAURIE BOULEVARD,200 CROWFOOT GATE,JOHN LAURIE BOULEVARD & 200 CROWFOOT GATE,NW,Traffic signal T intersection,Yes,Yes,Yes,51.1298941739476,-114.19970008615792,18,2017-10-10 13:38:00-06:00,2026-05-10 10:17:00-06:00,9,Thursday,19.0,Midday,Traffic incident.,37.76655569970776
1109000691,0564,1994-08-02 00:00:00,45 AVENUE/GRAFTON DRIVE,37 STREET,45 AVENUE/GRAFTON DRIVE & 37 STREET,SW,Traffic signal,Yes,Yes,Yes,51.0147457635796,-114.14115267064804,18,2017-02-25 12:15:00-07:00,2025-12-02 17:37:00-07:00,8,Wednesday,17.0,Evening Rush,Traffic incident.,0.004540561499567014
1109000814,0019,1993-10-28 00:00:00,COUNTRY HILLS BOULEVARD,14 STREET,COUNTRY HILLS BOULEVARD & 14 STREET,NW,Traffic signal,Yes,Yes,Yes,51.1433690489604,-114.10794464053716,18,2018-06-11 08:08:00-06:00,2025-07-15 07:11:00-06:00,8,Monday,7.0,Evening Rush,Traffic incident.,14.936076584485331
1109001400,0499,1983-01-01 00:00:00,25 AVENUE,SPILLER ROAD,25 AVENUE & SPILLER ROAD,SE,Traffic signal T intersection,Yes,No,No,51.02967196958797,-114.0520755235976,18,2017-04-01 20:21:00-06:00,2024-06-27 05:19:00-06:00,7,Friday,4.0,Night,Traffic signals are flashing red. Crews have been dispatched,42.10937850066858
1109001033,0600,1973-01-01 00:00:00,58 AVENUE,ELBOW DRIVE,58 AVENUE & ELBOW DRIVE,SW,Traffic signal T intersection,Yes,Yes,No,51.001477602608894,-114.08164015814482,18,2017-04-09 16:21:00-06:00,2026-03-12 10:55:00-06:00,9,Thursday,17.0,Evening Rush,Traffic incident.,11.042516109377564
1110203139,B0024,2020-02-05 00:00:00,SADDLEHORN DRIVE,60 STREET,SADDLEHORN DRIVE & 60 STREET,NE,Overhead Flasher,Yes,No,No,51.12946331189267,-113.94675726754062,18,2017-06-20 20:50:00-06:00,2026-08-11 16:55:00-06:00,8,Tuesday,15.0,Evening Rush,Traffic incident.,36.72144935728174
1109000609,0536,1997-05-16 00:00:00,RICHMOND ROAD,WESTHILLS WAY,RICHMOND ROAD & WESTHILLS WAY,SW,Traffic signal,Yes,Yes,Yes,51.01656808110064,-114.17275605910464,18,2021-01-07 08:41:00-07:00,2026-09-09 12:03:00-06:00,5,Thursday,15.0,Evening Rush,Traffic incident.,11.6630776086506
1110364988,1302,2025-12-05 00:00:00,CORNERSTONE AV/SKYVIEW RANCH AV,60 STREET,CORNERSTONE AV/SKYVIEW RANCH AV & 60 STREET,NE,Traffic signal,Yes,Yes,Yes,51.16095204435535,-113.94677706796732,18,2017-07-03 22:02:00-06:00,2026-08-03 19:02:00-06:00,9,Thursday,8.0,Evening,Traffic incident.,10.248003700723814
1109001640,0780,1985-01-01 00:00:00,32 AVENUE,26 STREET,32 AVENUE & 26 STREET,NE,Traffic signal,Yes,No,No,51.08148735279246,-113.99820173760152,18,2017-05-10 15:08:00-06:00,2026-03-01 17:32:00-07:00,8,Monday,12.0,Midday,Two vehicle incident.,31.208761176183387
1109001644,0146,1987-11-26 00:00:00,32 AVENUE,27 STREET,32 AVENUE & 27 STREET,NE,Traffic signal,Yes,Yes,Yes,51.08147826216005,-113.99481929267554,18,2017-09-14 18:34:00-06:00,2026-09-13 21:14:00-06:00,9,Thursday,18.0,Evening Rush,Traffic signals are flashing red. Crews have been dispatched,24.65752523563982
1109001049,0333,1954-01-01 00:00:00,7 AVENUE,8 STREET,7 AVENUE & 8 STREET,SW,Traffic signal,No,Yes,Yes,51.047027661301655,-114.08115754203445,18,2017-02-24 21:17:00-07:00,2025-12-23 16:47:00-07:00,7,Friday,10.0,Midday,There is an incident involving a pedestrian- EMS on site. Blocking the right lane,2.8391222661246527
1109001396,0026,1990-04-24 00:00:00,64 AVENUE,HUNTERHORN ROAD,64 AVENUE & HUNTERHORN ROAD,NE,Traffic signal T intersection,Yes,Yes,No,51.110619853597306,-114.05291071683884,18,2017-04-13 09:37:00-06:00,2026-09-22 07:44:12-06:00,8,Wednesday,16.0,Evening Rush,Traffic incident.,13.504374956439053
1109000973,0316,1956-01-01 00:00:00,6 AVENUE,11 STREET,6 AVENUE & 11 STREET,SW,Traffic signal,No,Yes,No,51.04817057698124,-114.08850742516826,18,2018-01-20 14:43:00-07:00,2026-07-06 18:28:00-06:00,9,Friday,6.0,Evening Rush,Traffic incident.,0.22408681845009162
1109001366,0216,1960-01-01 00:00:00,12 AVENUE,EDMONTON TRAIL,12 AVENUE & EDMONTON TRAIL,NE,Traffic signal,Yes,Yes,Yes,51.063305763854025,-114.05605242260678,18,2017-07-02 00:49:00-06:00,2025-07-31 18:18:00-06:00,8,Saturday,12.0,Midday,Traffic incident.,0.3321986089323777
1109000924,0770,1980-01-01 00:00:00,14 AVENUE,14 STREET SB RAMP,14 AVENUE & 14 STREET SB RAMP,NW,Traffic signal,Yes,Yes,No,51.06440349340435,-114.09531675993304,18,2017-07-01 19:27:00-06:00,2026-03-09 15:17:00-06:00,9,Monday,7.0,Evening Rush,Traffic incident.,44.9846063575321
1109001380,0225,1957-01-01 00:00:00,8 AVENUE,EDMONTON TRAIL,8 AVENUE & EDMONTON TRAIL,NE,Traffic signal,Yes,No,No,51.05973765348265,-114.05435055088432,18,2017-05-03 17:49:00-06:00,2026-02-08 15:44:00-07:00,10,Friday,15.0,Evening Rush,Traffic incident.,0.4025983811437513
1109536628,1064,2010-12-03 00:00:00,13417,52 STREET,13417 & 52 STREET,SE,Traffic signal T intersection,Yes,Yes,Yes,50.92887711087784,-113.9580873908453,18,2017-05-03 15:18:00-06:00,2026-08-03 09:09:00-06:00,9,Sunday,8.0,Morning Rush,Traffic signals are flashing red. Crew has been dispatched,16.737546500994437
1109243381,1005,2010-07-22 00:00:00,FISH CREEK BOULEVARD,EVERCREEK BLUFFS GT/EVERRIDGE DR,FISH CREEK BOULEVARD & EVERCREEK BLUFFS GT/EVERRIDGE DR,SW,Traffic signal,Yes,Yes,Yes,50.921325762302445,-114.12330352279297,18,2017-03-07 07:48:00-07:00,2026-01-22 16:00:00-07:00,8,Monday,8.0,Evening Rush,Traffic incident.,9.924383622831634
1109001384,0609,2000-04-04 00:00:00,71 AVENUE,BLACKFOOT TRAIL,71 AVENUE & BLACKFOOT TRAIL,SE,Traffic signal T intersection,No,No,No,50.98834510912845,-114.0535549679853,18,2017-06-22 18:43:00-06:00,2026-01-23 15:22:00-07:00,9,Tuesday,15.0,Evening Rush,Traffic incident.,11.383934667513147
1109001068,0305,1969-01-01 00:00:00,5 AVENUE,7 STREET,5 AVENUE & 7 STREET,SW,Traffic signal,No,Yes,No,51.04883731400635,-114.0785972666544,18,2017-08-19 03:35:00-06:00,2026-05-29 10:09:00-06:00,8,Friday,6.0,Morning Rush,Traffic incident.,1.45336765458162
1109000933,B2710,2001-06-20 00:00:00,23 AVENUE,14 STREET,23 AVENUE & 14 STREET,SW,Overhead Flasher,Yes,No,No,51.03322816735135,-114.0947098970755,17,2017-09-21 09:36:00-06:00,2025-08-28 16:39:00-06:00,8,Saturday,9.0,Evening Rush,Traffic incident.,1.7091391985904678
1109001083,0398,1991-09-16 00:00:00,11 AVENUE,6 STREET,11 AVENUE & 6 STREET,SW,Traffic signal,No,Yes,Yes,51.04276162397826,-114.0765335420604,17,2017-05-28 02:07:00-06:00,2026-03-23 18:21:00-06:00,8,Tuesday,1.0,Evening Rush,Traffic incident.,0.6873045368992697
1109001097,0321,1960-01-01 00:00:00,6 AVENUE,6 STREET,6 AVENUE & 6 STREET,SW,Traffic signal,No,Yes,Yes,51.0478230809092,-114.07617108178692,17,2017-06-03 00:51:00-06:00,2026-09-05 13:00:00-06:00,8,Saturday,8.0,Evening Rush,Traffic incident.,0.35649162220265507
1109400621,1048,2010-03-01 00:00:00,COUNTRY HILLS BOULEVARD,ROCKY RIDGE ROAD,COUNTRY HILLS BOULEVARD & ROCKY RIDGE ROAD,NW,Traffic signal,Yes,Yes,Yes,51.15410311341931,-114.23419867129768,17,2017-10-25 10:30:00-06:00,2026-02-28 10:14:00-07:00,8,Wednesday,10.0,Midday,Traffic incident.,33.121376902494106
1109001047,0586,1965-01-01 00:00:00,50 AVENUE,ELBOW DRIVE,50 AVENUE & ELBOW DRIVE,SW,Traffic signal,Yes,Yes,Yes,51.00871902688013,-114.0813598196757,17,2017-11-05 01:14:00-07:00,2025-09-18 21:11:00-06:00,8,Wednesday,10.0,Midday,Traffic incident.,1.1997366853995175
1109001324,0342,1954-01-01 00:00:00,7 AVENUE,1 STREET,7 AVENUE & 1 STREET,SE,Traffic signal,No,Yes,Yes,51.0464347520829,-114.0604854240496,17,2017-07-11 10:21:00-06:00,2026-03-04 11:58:00-07:00,9,Saturday,10.0,Midday,Two vehicle incident. blocking the left lane,1.903205841202674
1110175289,1188,2020-01-21 00:00:00,EVANSPARK BOULEVARD,SYMONS VALLEY PARKWAY,EVANSPARK BOULEVARD & SYMONS VALLEY PARKWAY,NW,Traffic signal T intersection,Yes,Yes,Yes,51.16811582974912,-114.1179199047189,17,2018-06-20 14:34:00-06:00,2026-03-25 16:15:00-06:00,7,Tuesday,16.0,Evening Rush,Traffic incident.,11.521656392864958
1109000629,0539,1975-01-01 00:00:00,RICHMOND ROAD,SARCEE TRAIL,RICHMOND ROAD & SARCEE TRAIL,SW,Traffic signal,Yes,Yes,Yes,51.018040968321294,-114.16429653271248,17,2017-06-30 03:02:00-06:00,2026-08-03 19:50:00-06:00,8,Friday,14.0,Midday,Traffic incident.,44.38932444174585
1109001134,0350,1951-01-01 00:00:00,8 AVENUE,4 STREET,8 AVENUE & 4 STREET,SW,Traffic signal,No,Yes,No,51.04580306884896,-114.07146914109568,17,2017-04-06 15:21:00-06:00,2026-09-08 18:12:00-06:00,8,Friday,11.0,Evening Rush,Traffic incident.,3.6771065201064053
1109000611,0627,1993-03-26 00:00:00,RICHMOND ROAD,STEWART GREEN,RICHMOND ROAD & STEWART GREEN,SW,Traffic signal,Yes,Yes,Yes,51.01717677529648,-114.17095808303186,17,2018-02-03 16:49:00-07:00,2025-11-18 17:41:00-07:00,6,Monday,16.0,Evening Rush,There is an incident involving a pedestrian- EMS on site.,10.18194664132115
1110061948,B2903,2017-09-10 00:00:00,MEMORIAL DRIVE,14 STREET,MEMORIAL DRIVE & 14 STREET,NW,Pedestrian RRFB,Yes,No,No,51.04978441634562,-114.09451867052296,17,2018-02-03 17:38:00-07:00,2025-02-23 17:33:00-07:00,8,Friday,17.0,Evening Rush,Traffic incident. The road is closed NB and SB,46.35337606380575
1109001463,0570,1982-01-01 00:00:00,42 AVENUE,OGDEN ROAD,42 AVENUE & OGDEN ROAD,SE,Traffic signal,Yes,No,No,51.01550973884706,-114.01552150947664,17,2017-08-03 14:22:00-06:00,2026-06-24 17:56:00-06:00,7,Monday,14.0,Evening Rush,Traffic incident.,3.0034291060143685
1109001460,0657,1992-06-01 00:00:00,RIVERGLEN DR/RIVERBEND GT,18 STREET,RIVERGLEN DR/RIVERBEND GT & 18 STREET,SE,Traffic signal,Yes,Yes,Yes,50.97569483461511,-114.01573461660794,17,2018-10-17 12:02:00-06:00,2026-01-30 16:11:00-07:00,7,Friday,7.0,Evening Rush,Traffic incident.,19.961391906104318
1109409544,1101,2013-10-17 00:00:00,McKENZIE TOWNE AVENUE,52 STREET,McKENZIE TOWNE AVENUE & 52 STREET,SE,Traffic signal T intersection,Yes,Yes,No,50.91640075704648,-113.95758181970352,17,2017-02-27 10:39:00-07:00,2026-02-11 16:16:00-07:00,10,Saturday,16.0,Midday,Traffic incident.,34.34034523713366
1109001044,0002,1993-11-04 00:00:00,BEDDINGTON TRAIL,BERKSHIRE BV/COUNTRY HILLS CL,BEDDINGTON TRAIL & BERKSHIRE BV/COUNTRY HILLS CL,NW,Traffic signal,Yes,Yes,Yes,51.138254262275176,-114.08150522636387,17,2019-12-22 20:26:00-07:00,2026-05-28 18:15:00-06:00,7,Thursday,18.0,Evening Rush,Traffic incident.,19.544930341816332
1109000968,0412,1956-01-01 00:00:00,12 AVENUE,11 STREET,12 AVENUE & 11 STREET,SW,Traffic signal,No,Yes,No,51.04214797534042,-114.08891006914124,17,2016-12-07 19:46:00-07:00,2026-08-15 09:46:00-06:00,9,Saturday,9.0,Evening,Two vehicle incident.,0.49873912126901604
1109000991,0739,1982-01-01 00:00:00,CANYON MEADOWS DRIVE,ELBOW DRIVE,CANYON MEADOWS DRIVE & ELBOW DRIVE,SW,Traffic signal,Yes,No,No,50.93948949455452,-114.08532778807796,17,2017-10-05 00:06:00-06:00,2026-06-23 17:08:00-06:00,8,Tuesday,16.0,Evening Rush,Traffic incident.,43.0018385683262
1109001398,0983,2007-12-18 00:00:00,COVENTRY HILLS BOULEVARD,COVENTRY DRIVE/COUNTRY VILLAGE LD,COVENTRY HILLS BOULEVARD & COVENTRY DRIVE/COUNTRY VILLAGE LD,NE,Traffic signal,Yes,No,No,51.157258065692034,-114.05249229824337,17,2017-02-12 12:10:00-07:00,2026-09-07 20:23:00-06:00,8,Monday,12.0,Evening Rush,Traffic incident.,9.579053629884998
1109000749,0166,1968-01-01 00:00:00,24 AVENUE,UNIVERSITY DRIVE,24 AVENUE & UNIVERSITY DRIVE,NW,Traffic signal,Yes,Yes,No,51.07442196327599,-114.1283656622933,17,2018-03-23 10:23:00-06:00,2026-09-03 15:55:00-06:00,7,Monday,14.0,Midday,Traffic incident.,8.213593775528942
1109698788,1090,2013-04-25 00:00:00,17 AVENUE,60 STREET,17 AVENUE & 60 STREET,SE,Traffic signal,Yes,Yes,Yes,51.03786133070178,-113.94691386596084,17,2017-08-07 17:03:00-06:00,2026-09-27 01:19:15-06:00,8,Friday,19.0,Evening Rush,Traffic incident.,6.831504142452428
1110175438,0920,2019-05-29 00:00:00,COPPERFIELD BV/NEW BRIGHTON WAY,McIVOR BOULEVARD,COPPERFIELD BV/NEW BRIGHTON WAY & McIVOR BOULEVARD,SE,Traffic signal,Yes,Yes,Yes,50.91407930095876,-113.94308006102274,17,2018-03-20 20:03:00-06:00,2026-09-08 12:55:00-06:00,9,Wednesday,18.0,Evening Rush,Traffic incident.,11.04068161035829
1110175295,1252,2024-09-27 00:00:00,144 AVENUE,SYMONS VALLEY ROAD,144 AVENUE & SYMONS VALLEY ROAD,NW,Traffic signal,Yes,Yes,Yes,51.18321981539817,-114.1350722562264,17,2018-05-01 00:16:00-06:00,2026-05-23 07:59:00-06:00,8,Friday,7.0,Morning Rush,Traffic incident.,6.569724616217765
1109001409,0841,2004-09-14 00:00:00,HERITAGE MEADOWS WAY,HERITAGE MEADOWS ROAD,HERITAGE MEADOWS WAY & HERITAGE MEADOWS ROAD,SE,Traffic signal T intersection,Yes,No,No,50.98201042663387,-114.03526171625076,17,2017-05-08 13:11:00-06:00,2026-01-15 20:04:00-07:00,8,Friday,16.0,Evening Rush,Traffic incident.,24.66610414224117
1110156207,0100,2020-02-10 00:00:00,MEREDITH ROAD,4 STREET,MEREDITH ROAD & 4 STREET,NE,Traffic signal,Yes,Yes,Yes,51.05191102012143,-114.05169274723296,16,2016-12-16 18:07:00-07:00,2026-09-11 18:13:00-06:00,10,Friday,15.0,Evening Rush,Traffic incident.,0.005767751299049367
1109000800,0447,1953-01-01 00:00:00,17 AVENUE,RICHMOND ROAD,17 AVENUE & RICHMOND ROAD,SW,Traffic signal T intersection,Yes,Yes,Yes,51.03781825143864,-114.11129220323927,16,2019-01-29 19:49:00-07:00,2026-05-17 19:28:00-06:00,7,Friday,10.0,Evening,Traffic incident.,4.620150309401679
1110080264,1251,2021-12-14 00:00:00,16 AVENUE,43 STREET,16 AVENUE & 43 STREET,NW,Traffic signal,Yes,Yes,Yes,51.06791892299808,-114.1579948079541,16,2018-06-05 17:04:00-06:00,2025-04-01 12:16:00-06:00,8,Monday,16.0,Evening Rush,Traffic incident.,3.586748090242864
1109001457,0658,1985-01-01 00:00:00,76 AVENUE,18 STREET,76 AVENUE & 18 STREET,SE,Traffic signal,Yes,Yes,Yes,50.9850442409921,-114.01587967184469,16,2018-06-11 16:25:00-06:00,2026-05-11 18:17:00-06:00,8,Thursday,10.0,Evening Rush,Traffic incident.,4.879753036855846
1109000789,0546,1982-01-01 00:00:00,33 AVENUE,CROWCHILD TRAIL,33 AVENUE & CROWCHILD TRAIL,SW,Traffic signal,Yes,Yes,No,51.02395278865973,-114.11728440795429,16,2018-05-17 18:08:00-06:00,2026-04-16 07:54:00-06:00,8,Saturday,21.0,Evening Rush,Multi-vehicle incident. Blocking the EB road,33.75399726026311
1109699098,B2773,2012-05-30 00:00:00,GLENMORE TRAIL,18 STREET,GLENMORE TRAIL & 18 STREET,SE,Pedestrian RRFB,Yes,No,No,50.98126970916664,-114.01553534562984,16,2017-03-29 19:29:00-06:00,2026-08-12 08:35:00-06:00,9,Wednesday,15.0,Evening Rush,Traffic incident. Blocking the left lane,50.86678966533812
1109001198,0724,2001-06-06 00:00:00,ANDERSON ROAD,MACLEOD TRAIL,ANDERSON ROAD & MACLEOD TRAIL,SE,1/4 signal,No,No,No,50.95045217474314,-114.06875065971508,16,2016-12-17 11:04:00-07:00,2026-06-04 15:05:00-06:00,9,Friday,7.0,Evening Rush,Multi-vehicle incident. Blocking the left lane,26.005555689759717
1109000623,0102,2002-09-29 00:00:00,CROWCHILD TRAIL,53 STREET,CROWCHILD TRAIL & 53 STREET,NW,Traffic signal,Yes,Yes,Yes,51.105496823223845,-114.16476369916352,16,2017-03-04 17:28:00-07:00,2026-05-09 16:34:00-06:00,9,Wednesday,17.0,Evening Rush,Traffic incident.,36.314076178765745
1109000674,0048,1992-10-19 00:00:00,JOHN LAURIE BOULEVARD,EDGEMONT DRIVE,JOHN LAURIE BOULEVARD & EDGEMONT DRIVE,NW,Traffic signal T intersection,No,No,No,51.11235609531453,-114.14803071630128,16,2018-06-17 05:19:00-06:00,2026-02-11 16:23:00-07:00,8,Tuesday,8.0,Evening Rush,Two vehicle incident. Blocking the right lane,65.12530736460558
1109001151,0308,1956-01-01 00:00:00,5 AVENUE,4 STREET,5 AVENUE & 4 STREET,SW,Traffic signal,No,Yes,No,51.048661985488295,-114.07149003741674,16,2017-05-16 09:13:00-06:00,2026-03-24 17:40:00-06:00,10,Tuesday,3.0,Evening Rush,Traffic incident.,3.21485286106797
1109001596,0864,2019-05-28 00:00:00,COUNTRY HILLS BOULEVARD,60 STREET,COUNTRY HILLS BOULEVARD & 60 STREET,NE,Traffic signal,Yes,Yes,Yes,51.15430322022456,-113.94675833259612,16,2018-04-14 03:28:00-06:00,2026-04-15 22:20:00-06:00,7,Wednesday,19.0,Evening Rush,Traffic incident.,47.80179531127533
1109000772,1093,2014-03-26 00:00:00,17 AVENUE,84 STREET,17 AVENUE & 84 STREET,SE,Traffic signal,Yes,No,Yes,51.03780012902651,-113.90767595888867,16,2020-12-11 17:17:00-07:00,2026-08-31 16:58:00-06:00,7,Monday,14.0,Evening Rush,Traffic incident.,15.102595543785004
1110006137,1031,2018-06-12 00:00:00,88 AVENUE,36 STREET,88 AVENUE & 36 STREET,NE,Traffic signal,Yes,No,No,51.13197724500153,-113.98165289252832,16,2019-02-11 16:21:00-07:00,2026-03-25 10:34:00-06:00,8,Monday,16.0,Midday,Traffic incident.,7.435818112411502
1109001441,0384,1957-01-01 00:00:00,9 AVENUE,15 STREET/17 AVENUE,9 AVENUE & 15 STREET/17 AVENUE,SE,Traffic signal,Yes,Yes,Yes,51.03773898638867,-114.02512227583271,16,2019-06-03 18:48:00-06:00,2026-09-01 11:33:00-06:00,7,Tuesday,5.0,Midday,Traffic incident.,7.335115430692447
1109243379,1180,2019-06-25 00:00:00,17 AVENUE,CENTRE STREET,17 AVENUE & CENTRE STREET,S,Traffic signal,Yes,Yes,Yes,51.03783205008069,-114.06358313740232,16,2017-06-29 22:13:00-06:00,2026-09-25 23:31:42-06:00,8,Thursday,0.0,Evening Rush,Two vehicle incident.,1.7157757432518874
1109001276,0421,1988-05-09 00:00:00,12 AVENUE,CENTRE STREET,12 AVENUE & CENTRE STREET,S,Traffic signal,No,Yes,Yes,51.04143007021125,-114.06329842519048,16,2017-03-12 20:43:00-06:00,2026-08-14 18:15:00-06:00,8,Friday,6.0,Midday,Traffic incident.,0.3836749196270431
1109000979,B2500,1983-01-01 00:00:00,BEDDINGTON BOULEVARD,BERWICK DRIVE,BEDDINGTON BOULEVARD & BERWICK DRIVE,NW,Overhead Flasher,Yes,No,No,51.13170469737165,-114.08663052140616,16,2017-12-04 15:45:00-07:00,2026-09-06 19:18:00-06:00,7,Friday,10.0,Evening Rush,Traffic incident.,18.658383972706375
1109390852,1039,2009-11-13 00:00:00,RIVERFRONT AVENUE,4 STREET,RIVERFRONT AVENUE & 4 STREET,SE,Traffic signal T intersection,No,Yes,Yes,51.04889043394863,-114.05159283322658,16,2018-01-21 04:01:00-07:00,2025-10-09 11:36:00-06:00,8,Friday,17.0,Evening Rush,Traffic incident.,29.799284515228727
1109000990,0242,1989-11-21 00:00:00,2 AVENUE,10 STREET,2 AVENUE & 10 STREET,NW,Traffic signal T intersection,Yes,Yes,Yes,51.05407319903736,-114.08588051382657,16,2017-06-20 12:21:00-06:00,2025-11-13 16:43:00-07:00,6,Saturday,12.0,Midday,Traffic incident. Blocking the right lane,2.975342747480349
1110001169,B2835,2016-12-21 00:00:00,SHAWNESSY BOULEVARD,SHAWNESSY DRIVE,SHAWNESSY BOULEVARD & SHAWNESSY DRIVE,SW,Pedestrian RRFB,Yes,No,No,50.914001567007794,-114.0828457041471,16,2017-05-13 20:47:00-06:00,2025-12-24 10:36:00-07:00,8,Wednesday,19.0,Evening,Traffic incident.,38.44159786009446
1109000985,0357,1999-12-16 00:00:00,5 AVENUE,10 STREET,5 AVENUE & 10 STREET,SW,Traffic signal,Yes,Yes,No,51.04903854547551,-114.08595831347196,16,2017-03-18 19:33:00-06:00,2026-03-31 18:52:00-06:00,7,Saturday,5.0,Night,Traffic signals are flashing red. Crews have been dispatched,0.2648202942513678
1109001080,0452,1956-01-01 00:00:00,17 AVENUE,6 STREET,17 AVENUE & 6 STREET,SW,Traffic signal T intersection,No,Yes,Yes,51.03780805713756,-114.07686758552222,16,2017-12-16 12:59:00-07:00,2026-08-29 00:25:00-06:00,9,Sunday,12.0,Evening,Traffic incident.,0.3107942880842322
1109001404,0249,1954-01-01 00:00:00,1 AVENUE,4 STREET,1 AVENUE & 4 STREET,NE,Traffic signal,Yes,Yes,No,51.05341541138542,-114.0516825364453,16,2018-02-11 15:39:00-07:00,2026-09-24 11:06:49-06:00,8,Thursday,11.0,Midday,Traffic incident.,16.345718001408052
1109000919,0093,2001-09-24 00:00:00,57 AVENUE,11 STREET,57 AVENUE & 11 STREET,NE,Traffic signal,Yes,No,No,51.10620009327685,-114.03641910792764,16,2017-11-20 18:51:00-07:00,2026-08-07 22:09:00-06:00,8,Friday,11.0,Evening Rush,Traffic incident.,31.829037857694658
1109938846,1143,2016-07-10 00:00:00,GLENMORE TRAIL,OGDEN ROAD/24 STREET,GLENMORE TRAIL & OGDEN ROAD/24 STREET,SE,Traffic signal,Yes,No,No,50.978607736755706,-113.99877857701686,16,2017-04-23 12:14:00-06:00,2026-06-03 19:11:00-06:00,7,Monday,6.0,Morning Rush,Traffic incident.,45.558300779368324
1109001020,0645,1980-01-01 00:00:00,68 AVENUE,ELBOW DRIVE,68 AVENUE & ELBOW DRIVE,SW,Traffic signal,Yes,No,Yes,50.99238735615127,-114.0831883495135,16,2017-06-02 17:45:00-06:00,2026-06-26 07:49:00-06:00,8,Friday,7.0,Morning Rush,Traffic signals are flashing red. Crews have been dispatched.,5.469916660660289
1109807023,1138,2020-01-03 00:00:00,COUNTRY HILLS BOULEVARD,11 STREET,COUNTRY HILLS BOULEVARD & 11 STREET,NE,Traffic signal T intersection,Yes,Yes,Yes,51.15428589881958,-114.03203510871396,16,2019-09-29 23:27:00-06:00,2026-04-17 07:47:00-06:00,8,Wednesday,17.0,Evening,Traffic incident. Blocking the right lane,22.517575497836532
1109001298,B2574,1980-10-01 00:00:00,CENTRE STREET,18 AVENUE,CENTRE STREET & 18 AVENUE,N,Overhead Flasher,Yes,No,No,51.06874049327215,-114.06251164339638,16,2017-11-06 08:01:00-07:00,2026-06-25 17:45:00-06:00,8,Friday,17.0,Evening Rush,Two vehicle incident. Blocking the right lane,6.62241502493049
1109001046,0580,1959-01-01 00:00:00,47 AVENUE,ELBOW DRIVE,47 AVENUE & ELBOW DRIVE,SW,Traffic signal,Yes,Yes,No,51.01138413641503,-114.0812985244725,16,2018-05-26 16:43:00-06:00,2026-02-26 15:50:00-07:00,8,Thursday,14.0,Midday,Traffic incident.,2.224339011993481
1109000589,0970,2009-06-22 00:00:00,SPRINGBOROUGH BOULEVARD,69 STREET,SPRINGBOROUGH BOULEVARD & 69 STREET,SW,Traffic signal,Yes,Yes,Yes,51.035507311958526,-114.18756136638083,16,2018-03-31 19:58:00-06:00,2026-09-21 15:44:37-06:00,6,Saturday,9.0,Midday,Traffic incident.,28.73352421731485
1109000574,0918,2004-12-15 00:00:00,COUNTRY HILLS BOULEVARD,CITADEL WAY,COUNTRY HILLS BOULEVARD & CITADEL WAY,NW,Traffic signal T intersection,Yes,No,No,51.14272526664736,-114.19543951248708,16,2018-06-30 17:11:00-06:00,2026-07-07 12:45:00-06:00,8,Monday,17.0,Evening Rush,Traffic incident.,11.576729331547845
1109712012,1098,2013-03-19 00:00:00,CRANSTON AVENUE,CRANBERRY ROAD/CRANARCH ROAD,CRANSTON AVENUE & CRANBERRY ROAD/CRANARCH ROAD,SE,Traffic signal,Yes,Yes,Yes,50.87915492016285,-113.975999934928,15,2017-10-30 13:31:00-06:00,2025-09-24 08:15:00-06:00,7,Friday,8.0,Morning Rush,Traffic incident.,40.89775815631396
1109001070,0021,1977-01-01 00:00:00,64 AVENUE,HUNTERVIEW DR/NORFOLK DR,64 AVENUE & HUNTERVIEW DR/NORFOLK DR,NW,Traffic signal,Yes,Yes,No,51.11028211537916,-114.07810164952656,15,2017-12-30 13:51:00-07:00,2025-10-23 11:35:00-06:00,7,Thursday,7.0,Midday,Traffic incident.,0.4389243480390017
1110417217,0869,2024-12-11 00:00:00,16 AVENUE,46 STREET,16 AVENUE & 46 STREET,NW,Traffic signal,,Yes,Yes,51.07153270109207,-114.16276912763202,15,2017-08-26 22:01:00-06:00,2025-03-13 09:25:00-06:00,9,Thursday,15.0,Evening Rush,Two vehicle incident.,6.939834147084493
1109001314,0433,1989-10-10 00:00:00,15 AVENUE,1 STREET,15 AVENUE & 1 STREET,SE,Traffic signal,Yes,Yes,Yes,51.03850060008749,-114.06107007401071,15,2017-10-07 12:10:00-06:00,2024-08-19 10:35:00-06:00,8,Saturday,6.0,Midday,There is an incident involving a pedestrian- EMS Dispatched.,2.0617325303375726
1109001297,B2563,1979-12-13 00:00:00,CENTRE STREET,24 AVENUE,CENTRE STREET & 24 AVENUE,N,Overhead Flasher,Yes,No,No,51.074297117724605,-114.06251989159064,15,2017-11-08 15:48:00-07:00,2026-09-06 21:47:00-06:00,7,Wednesday,15.0,Evening Rush,Traffic incident.,7.943515124192512
1109000746,0217,1990-11-05 00:00:00,HOSPITAL DRIVE,29 STREET,HOSPITAL DRIVE & 29 STREET,NW,Traffic signal T intersection,Yes,No,No,51.06637054003353,-114.12927826259605,15,2020-03-02 10:43:00-07:00,2026-03-09 06:19:00-06:00,6,Monday,6.0,Morning Rush,Traffic incident.,49.33791851642113
1109000681,B2635,1985-08-01 00:00:00,RICHMOND ROAD,40 STREET,RICHMOND ROAD & 40 STREET,SW,Overhead Flasher,Yes,No,No,51.02112275713509,-114.14510624035248,15,2017-05-07 13:37:00-06:00,2025-09-07 16:17:00-06:00,7,Tuesday,19.0,Evening Rush,Two vehicle incident.,12.461535779920021
1109001038,B2734,2005-05-10 00:00:00,13 AVENUE,8 STREET,13 AVENUE & 8 STREET,SW,Overhead Flasher,Yes,No,No,51.04100520243246,-114.0815927655722,15,2017-09-03 00:53:00-06:00,2026-08-19 09:54:00-06:00,7,Tuesday,16.0,Evening Rush,Traffic incident.,0.8360872087421036
1109766942,1130,2015-09-14 00:00:00,162 AVENUE,BRIDLEWOOD BV/EVERSTONE DR,162 AVENUE & BRIDLEWOOD BV/EVERSTONE DR,SW,Traffic signal,Yes,Yes,No,50.90672292583032,-114.10551434533517,15,2016-12-18 08:24:00-07:00,2026-02-27 21:01:00-07:00,8,Friday,8.0,Evening,Traffic incident.,14.412567237713112
1109000982,0369,1994-05-27 00:00:00,9 AVENUE,10 STREET,9 AVENUE & 10 STREET,SW,Traffic signal T intersection,Yes,Yes,No,51.045251512479446,-114.08622540402486,15,2017-04-07 12:38:00-06:00,2026-07-13 18:19:00-06:00,9,Tuesday,10.0,Evening Rush,Traffic incident.,0.0014158907893612924
1109001361,0981,2007-12-24 00:00:00,COUNTRY VILLAGE RD/COVENTRY HILLS W,COVENTRY HILLS BV/COVENTRY HILLS WY,COUNTRY VILLAGE RD/COVENTRY HILLS W & COVENTRY HILLS BV/COVENTRY HILLS WY,NE,Traffic signal,Yes,No,No,51.163135408289016,-114.05641637552546,15,2017-12-05 11:10:00-07:00,2025-10-15 10:46:00-06:00,9,Tuesday,10.0,Midday,Traffic incident.,8.910366517997382
1109001672,0234,1990-05-31 00:00:00,5 AVENUE,33 STREET,5 AVENUE & 33 STREET,NE,Traffic signal,Yes,No,No,51.0570255617812,-113.98594956335788,15,2021-08-30 08:35:00-06:00,2026-05-06 12:41:00-06:00,5,Thursday,7.0,Midday,Traffic incident.,3.779411790737002
1109001390,0596,1998-05-10 00:00:00,GLENMORE TRAIL,BLACKFOOT TRAIL,GLENMORE TRAIL & BLACKFOOT TRAIL,SE,Traffic signal T intersection,No,No,No,50.99247906640499,-114.05327311264782,15,2017-04-24 10:37:00-06:00,2026-04-28 07:59:00-06:00,8,Tuesday,7.0,Morning Rush,Multi-vehicle incident. Blocking multiple lanes in the intersection,10.742538594528042
1109001444,0818,2014-03-13 00:00:00,210 AVENUE,MACLEOD TRAIL,210 AVENUE & MACLEOD TRAIL,SE,Traffic signal,No,No,No,50.86655901503969,-114.03810267137204,15,2018-01-07 15:16:00-07:00,2026-06-10 14:31:00-06:00,6,Tuesday,9.0,Morning Rush,Traffic incident.,22.566264487006137
1110068088,B2915,2018-01-23 00:00:00,130 AVENUE,DEERFOOT TRAIL,130 AVENUE & DEERFOOT TRAIL,SE,Pedestrian RRFB,Yes,No,No,50.93213350213251,-113.9726100125752,15,2018-06-09 14:21:00-06:00,2026-08-22 14:18:00-06:00,8,Saturday,14.0,Midday,Multi-vehicle incident. Blocking the EB to NB ramp,43.494077146977936
1109243382,1009,2011-05-10 00:00:00,SHAWVILLE GATE,6 STREET,SHAWVILLE GATE & 6 STREET,SW,Traffic signal T intersection,Yes,Yes,No,50.89772187421862,-114.07224829881032,15,2016-12-09 09:07:00-07:00,2026-03-27 18:09:00-06:00,11,Friday,9.0,Morning Rush,Traffic incident.,10.910882131713702
1110060543,1163,2018-09-13 00:00:00,114 AVENUE,56 STREET,114 AVENUE & 56 STREET,SE,Traffic signal,Yes,No,No,50.95045709269005,-113.95190586156484,15,2018-09-25 08:51:00-06:00,2026-08-10 10:29:00-06:00,6,Monday,17.0,Evening Rush,Traffic incident. Blocking the left lane,11.23764934963836
1109001077,0948,2006-11-20 00:00:00,COUNTRY HILLS BOULEVARD,COUNTRY HILLS DR/PANORAMA HILLS WY,COUNTRY HILLS BOULEVARD & COUNTRY HILLS DR/PANORAMA HILLS WY,NW,Traffic signal,Yes,No,No,51.15137163128059,-114.06902447336658,15,2017-09-08 18:36:00-06:00,2026-05-13 11:29:00-06:00,9,Friday,15.0,Evening Rush,Traffic incident.,9.334336099762776
1109001629,0519,2009-08-20 00:00:00,ASPEN STONE BOULEVARD,85 STREET,ASPEN STONE BOULEVARD & 85 STREET,SW,Traffic signal,Yes,Yes,Yes,51.04103590804294,-114.21093621985682,15,2018-02-08 08:03:00-07:00,2026-08-02 14:16:00-06:00,7,Monday,8.0,Morning Rush,Traffic incident.,31.28362897488055
1109750925,0387,2015-08-25 00:00:00,ST GEORGES DRIVE,12 STREET,ST GEORGES DRIVE & 12 STREET,NE,Traffic signal T intersection,Yes,Yes,No,51.04898677484682,-114.03146636478496,15,2018-06-02 15:29:00-06:00,2026-04-02 08:09:00-06:00,6,Friday,8.0,Midday,Two vehicle incident. Blocking the right lane,16.544602320639896
1110175195,1137,2020-02-06 00:00:00,128 AVENUE,60 STREET,128 AVENUE & 60 STREET,NE,Traffic signal,Yes,Yes,Yes,51.165344952681785,-113.9467529893026,15,2019-12-29 17:04:00-07:00,2026-07-06 09:00:00-06:00,6,Sunday,11.0,Evening,Traffic incident.,47.73895680795124
1109001498,0914,2003-04-24 00:00:00,BARLOW TRAIL,FREEPORT BOULEVARD,BARLOW TRAIL & FREEPORT BOULEVARD,NE,Traffic signal,Yes,No,No,51.15084207709709,-114.00167384326268,15,2019-05-27 11:51:00-06:00,2026-07-26 22:19:00-06:00,7,Monday,18.0,Evening Rush,Traffic incident.,38.45104918985815
1109001199,0941,2004-01-10 00:00:00,HARVEST HILLS BOULEVARD,COUNTRY VILLAGE WY/PANAMOUNT,HARVEST HILLS BOULEVARD & COUNTRY VILLAGE WY/PANAMOUNT,N,Traffic signal,Yes,Yes,Yes,51.15657477447465,-114.06984574803676,15,2017-03-20 17:57:00-06:00,2025-07-31 20:02:00-06:00,8,Thursday,17.0,Evening Rush,Traffic incident.,14.971380054091922
1109001490,0592,1999-11-19 00:00:00,50 AVENUE,23 STREET,50 AVENUE & 23 STREET,SE,Traffic signal,Yes,No,No,51.00867485216187,-114.00412047048808,15,2017-06-27 11:25:00-06:00,2026-04-01 07:32:00-06:00,8,Wednesday,12.0,Midday,Traffic incident. Blocking the NB right lane,4.556886748132476
1109001492,0461,1980-01-01 00:00:00,17 AVENUE,DEERFOOT TRAIL NB RAMP,17 AVENUE & DEERFOOT TRAIL NB RAMP,SE,1/4 signal,No,No,No,51.03703241772696,-114.00268873916822,15,2017-10-13 11:03:00-06:00,2026-03-14 09:46:00-06:00,8,Monday,11.0,Evening Rush,Traffic incident. Blocking the right lane,32.71167300973273
1109000812,0077,1967-01-01 00:00:00,NORTHMOUNT DRIVE,19 STREET,NORTHMOUNT DRIVE & 19 STREET,NW,Traffic signal,Yes,Yes,Yes,51.08754941896965,-114.10912313306392,15,2017-07-24 00:52:00-06:00,2025-07-19 10:42:00-06:00,9,Thursday,6.0,Evening Rush,Traffic incident.,0.27024936446058406
1109001520,0220,2001-08-28 00:00:00,FALSHIRE DRIVE/CORAL SPRINGS BV,68 STREET,FALSHIRE DRIVE/CORAL SPRINGS BV & 68 STREET,NE,Traffic signal,Yes,No,No,51.10793488568436,-113.93506853072503,15,2016-12-19 17:42:00-07:00,2026-04-20 22:00:00-06:00,8,Monday,19.0,Evening,Traffic incident.,4.672641396425085
1109001233,0297,1969-01-01 00:00:00,4 AVENUE,2 STREET,4 AVENUE & 2 STREET,SW,Traffic signal,No,Yes,No,51.04947341353035,-114.06770211015927,15,2018-05-26 19:45:00-06:00,2026-06-02 04:09:00-06:00,9,Friday,6.0,Midday,Traffic incident.,1.3602617147660803
1109001443,1176,2020-05-12 00:00:00,BLACKFOOT TRAIL,15 STREET,BLACKFOOT TRAIL & 15 STREET,SE,Traffic signal T intersection,Yes,Yes,Yes,51.03545193415248,-114.02445148678132,15,2017-09-11 14:19:00-06:00,2026-07-17 17:00:00-06:00,9,Monday,15.0,Evening Rush,Traffic incident.,32.27407906069504
1109000597,0682,2002-11-12 00:00:00,OLD BANFF COACH ROAD,PATTERSON BV,OLD BANFF COACH ROAD & PATTERSON BV,SW,Traffic signal T intersection,Yes,No,No,51.05996258485471,-114.17981423278812,15,2017-08-23 16:33:00-06:00,2026-04-25 09:28:00-06:00,7,Friday,8.0,Morning Rush,Traffic incident.,11.024237658153206
1109001222,0405,1966-01-01 00:00:00,11 AVENUE,2 STREET,11 AVENUE & 2 STREET,SW,Traffic signal,No,Yes,No,51.04253305585976,-114.06819109233436,15,2017-04-26 00:43:00-06:00,2026-01-07 18:04:00-07:00,9,Friday,0.0,Night,There is an incident involving a pedestrian- EMS on site.,0.24408564592167264
1109000551,0064,1994-12-19 00:00:00,NOSE HILL DRIVE,SCENIC ACRES GT/SILVERCREEK DR,NOSE HILL DRIVE & SCENIC ACRES GT/SILVERCREEK DR,NW,Traffic signal,Yes,No,No,51.11399980971038,-114.20916269837876,15,2017-05-24 17:24:00-06:00,2026-08-01 12:44:00-06:00,9,Friday,6.0,Evening Rush,Traffic incident.,32.04022294463173
1110009383,1161,2018-09-18 00:00:00,17 AVENUE,54 STREET,17 AVENUE & 54 STREET,SE,Traffic signal T intersection,Yes,Yes,Yes,51.03784012092513,-113.95557386890896,14,2019-10-09 13:42:00-06:00,2025-03-05 13:26:00-07:00,7,Monday,13.0,Midday,Two vehicle incident. Blocking the left lane,11.2560496060301
1109001241,0756,2000-03-23 00:00:00,SHAWVILLE BOULEVARD,SHAWVILLE RISE,SHAWVILLE BOULEVARD & SHAWVILLE RISE,SE,Traffic signal,Yes,No,No,50.90577044363916,-114.06677365836757,14,2016-12-18 00:05:00-07:00,2024-04-09 20:05:00-06:00,9,Tuesday,0.0,Evening Rush,There is an incident involving a pedestrian.,31.973659064283495
1109000734,0130,1971-01-01 00:00:00,32 AVENUE,31 STREET/CAMPUS DRIVE,32 AVENUE & 31 STREET/CAMPUS DRIVE,NW,Traffic signal,Yes,Yes,Yes,51.081481494806845,-114.130592170317,14,2017-04-17 21:10:00-06:00,2026-02-19 01:26:00-07:00,8,Tuesday,13.0,Midday,Traffic incident.,6.142168163037378
1109001278,0378,1956-01-01 00:00:00,9 AVENUE,CENTRE STREET,9 AVENUE & CENTRE STREET,S,Traffic signal T intersection,No,Yes,Yes,51.044612558056805,-114.06307459276768,14,2017-08-13 04:58:00-06:00,2025-12-04 18:58:00-07:00,7,Friday,22.0,Evening,Traffic incident.,0.4787244999832381
1110262490,1208,2025-03-19 00:00:00,61 AVENUE,44 STREET,61 AVENUE & 44 STREET,SE,Traffic signal,Yes,Yes,Yes,50.99899317744088,-113.97013367429456,14,2017-06-23 18:00:00-06:00,2026-07-28 15:37:00-06:00,9,Thursday,7.0,Evening Rush,Traffic incident.,0.19185307906527677
1109000702,B2699,2001-05-29 00:00:00,10 AVENUE,37 STREET,10 AVENUE & 37 STREET,SW,Overhead Flasher,Yes,No,No,51.04325719663049,-114.14112405065524,14,2017-03-08 17:19:00-07:00,2026-08-28 16:04:00-06:00,6,Wednesday,18.0,Evening Rush,Two vehicle incident.,0.005129281009882874
1109001094,0348,1958-01-01 00:00:00,8 AVENUE,6 STREET,8 AVENUE & 6 STREET,SW,Traffic signal,No,Yes,No,51.045908177145655,-114.07631055112822,14,2018-10-22 08:11:00-06:00,2026-02-28 01:49:00-07:00,8,Saturday,17.0,Evening Rush,Traffic incident.,0.10866972728359672
1109617123,1075,2013-11-20 00:00:00,85 AVENUE,BLACKFOOT TRAIL,85 AVENUE & BLACKFOOT TRAIL,SE,Traffic signal T intersection,No,No,No,50.97628815525229,-114.04681928390434,14,2019-10-11 13:20:00-06:00,2026-08-22 21:39:00-06:00,7,Tuesday,16.0,Evening Rush,Traffic incident.,10.042615720707355
1109001277,0399,1990-11-27 00:00:00,11 AVENUE,CENTRE STREET,11 AVENUE & CENTRE STREET,S,Traffic signal,No,Yes,No,51.04239201011962,-114.06322843647372,14,2019-04-06 09:12:00-06:00,2026-06-22 16:20:00-06:00,8,Monday,9.0,Evening Rush,Traffic incident. Blocking the right lane,0.21638691265495877
1109001089,0199,1955-01-01 00:00:00,16 AVENUE,6 STREET,16 AVENUE & 6 STREET,NW,Traffic signal T intersection,Yes,Yes,No,51.06691613083526,-114.07645922848904,14,2017-06-06 10:50:00-06:00,2026-06-10 14:18:00-06:00,7,Monday,17.0,Evening,Traffic incident.,8.402728212826732
1109000901,0135,1977-01-01 00:00:00,32 AVENUE,9 STREET,32 AVENUE & 9 STREET,NE,Traffic signal,Yes,No,No,51.08147928603548,-114.04149584604328,14,2017-07-13 01:06:00-06:00,2026-03-27 08:18:00-06:00,7,Friday,5.0,Morning Rush,Traffic incident.,5.862129412704231
1110175389,1184,2020-06-02 00:00:00,SARCEE TRAIL,SYMONS VALLEY PARKWAY,SARCEE TRAIL & SYMONS VALLEY PARKWAY,NW,Traffic signal T intersection,Yes,Yes,Yes,51.167472831494976,-114.16454458467882,14,2017-11-27 07:56:00-07:00,2026-06-15 09:40:00-06:00,7,Monday,7.0,Morning Rush,Traffic incident.,14.780999578077889
1109001478,0610,1975-01-01 00:00:00,MILLICAN ROAD,OGDEN ROAD,MILLICAN ROAD & OGDEN ROAD,SE,Traffic signal T intersection,Yes,No,No,50.99965924405514,-114.00975203406452,14,2017-04-12 05:05:00-06:00,2026-09-28 06:35:14-06:00,7,Tuesday,10.0,Evening,Traffic incident.,0.9267676140366904
1109001166,0425,1987-01-22 00:00:00,13 AVENUE,4 STREET,13 AVENUE & 4 STREET,SW,Traffic signal,Yes,Yes,Yes,51.04070685554069,-114.07151591937968,14,2017-06-27 20:05:00-06:00,2025-12-24 12:24:00-07:00,6,Monday,18.0,Evening Rush,Traffic incident.,2.586616005625426
1109806012,1135,2015-12-17 00:00:00,EVANSTON VIEW,SYMONS VALLEY PARKWAY,EVANSTON VIEW & SYMONS VALLEY PARKWAY,NW,Traffic signal T intersection,Yes,Yes,No,51.16808941002574,-114.1213971900064,14,2017-09-29 12:13:00-06:00,2026-09-04 16:24:00-06:00,9,Tuesday,16.0,Midday,Traffic incident.,9.080431901787616
1109001086,0618,2007-08-28 00:00:00,GLENMORE TRAIL,5 STREET,GLENMORE TRAIL & 5 STREET,SW,Traffic signal T intersection,Yes,No,No,50.99410937472021,-114.07669969530346,14,2017-06-15 13:22:00-06:00,2026-05-05 13:15:00-06:00,9,Monday,13.0,Midday,Two vehicle incident.,18.636724110678053
1109001270,B2655,1973-08-01 00:00:00,HERITAGE DRIVE,FAIRVIEW DRIVE,HERITAGE DRIVE & FAIRVIEW DRIVE,SE,Overhead Flasher,Yes,No,No,50.97958007844971,-114.06376967965288,14,2017-08-17 18:44:00-06:00,2025-11-08 19:22:00-07:00,7,Tuesday,15.0,Evening Rush,Traffic incident.,1.6391516754037618
1109001265,0757,1998-11-25 00:00:00,SHAWVILLE BOULEVARD,SHAWVILLE GATE,SHAWVILLE BOULEVARD & SHAWVILLE GATE,SE,Traffic signal,Yes,Yes,No,50.89942890408335,-114.06324381539554,14,2017-12-21 17:38:00-07:00,2025-11-03 00:32:00-07:00,8,Friday,12.0,Evening Rush,Traffic incident.,6.380997237752763
1109001066,0320,1965-01-01 00:00:00,6 AVENUE,7 STREET,6 AVENUE & 7 STREET,SW,Traffic signal,No,Yes,Yes,51.04789334554423,-114.078666977073,14,2017-11-14 16:23:00-07:00,2026-08-28 10:02:00-06:00,9,Friday,8.0,Midday,Two vehicle incident.,0.19355681056548546
1110188666,1043,2023-12-18 00:00:00,42 AVENUE,1 STREET,42 AVENUE & 1 STREET,SE,Traffic signal T intersection,Yes,Yes,Yes,51.0159439024638,-114.0612206395136,14,2018-08-03 16:00:00-06:00,2026-02-18 22:01:00-07:00,8,Sunday,16.0,Midday,Traffic incident. Blocking the right lane,4.566463331622184
1109001630,0493,2008-12-03 00:00:00,16 AVENUE,8 STREET,16 AVENUE & 8 STREET,NW,Traffic signal,Yes,Yes,Yes,51.06692219886655,-114.08137433120348,14,2017-03-27 11:48:00-06:00,2026-05-30 15:10:00-06:00,7,Thursday,11.0,Midday,Multi-vehicle incident.,7.324962350655246
1109000944,B2616,1975-09-01 00:00:00,2 AVENUE,14 STREET,2 AVENUE & 14 STREET,NW,Overhead Flasher,Yes,No,No,51.05464477463182,-114.09470394068084,14,2017-10-28 15:52:00-06:00,2026-07-09 06:48:00-06:00,9,Tuesday,13.0,Evening Rush,Two vehicle incident.,8.495863264534577
1109000939,0509,1957-01-01 00:00:00,26 AVENUE,14 STREET,26 AVENUE & 14 STREET,SW,Traffic signal T intersection,Yes,Yes,No,51.03044135928621,-114.09468996100053,14,2017-05-26 20:12:00-06:00,2025-02-06 19:13:00-07:00,8,Friday,17.0,Evening Rush,Traffic incident.,0.46412445172270184
1109001242,0574,1986-01-01 00:00:00,46 AVENUE,MACLEOD TRAIL,46 AVENUE & MACLEOD TRAIL,SW,Traffic signal,Yes,Yes,Yes,51.01128558187598,-114.06656346963918,14,2018-02-09 13:17:00-07:00,2026-02-27 20:53:00-07:00,7,Friday,11.0,Midday,Traffic incident.,6.553764590812523
1110009376,1162,2018-08-30 00:00:00,17 AVENUE,40 STREET,17 AVENUE & 40 STREET,SE,Traffic signal,Yes,Yes,Yes,51.03784175172418,-113.9757371146635,14,2017-10-14 00:33:00-06:00,2026-09-12 19:16:00-06:00,7,Saturday,12.0,Midday,Traffic incident.,7.6834545458204655
1109001616,0487,2016-04-14 00:00:00,23 AVENUE,52 STREET,23 AVENUE & 52 STREET,SE,Traffic signal T intersection,Yes,Yes,No,51.03215540707816,-113.95838100700736,14,2017-06-01 19:52:00-06:00,2026-09-09 09:19:00-06:00,8,Tuesday,16.0,Evening Rush,Traffic signals are flashing red.,0.007699705677137381
1109001189,0338,1952-01-01 00:00:00,7 AVENUE,3 STREET,7 AVENUE & 3 STREET,SW,Traffic signal,No,No,No,51.04670302034541,-114.0703381155196,14,2017-06-05 13:43:00-06:00,2026-03-25 10:25:00-06:00,7,Friday,10.0,Midday,Traffic incident.,2.2880267546029405
1109000806,0547,1963-01-01 00:00:00,33 AVENUE,20 STREET,33 AVENUE & 20 STREET,SW,Traffic signal,Yes,Yes,Yes,51.02399772059392,-114.10944528418894,14,2016-12-16 14:38:00-07:00,2026-06-19 10:40:00-06:00,8,Friday,4.0,Evening Rush,Traffic incident.,1.2484163065349136
1109001217,0712,1996-06-17 00:00:00,86 AVENUE,BONAVENTURE DRIVE,86 AVENUE & BONAVENTURE DRIVE,SE,Traffic signal,Yes,No,Yes,50.97590965911408,-114.06855649972152,14,2017-06-03 21:16:00-06:00,2026-09-21 16:35:36-06:00,8,Monday,14.0,Evening Rush,Traffic incident.,0.0034344130839348876
1109001186,0837,2004-05-20 00:00:00,SHAWVILLE GATE,SOMERVALE COURT,SHAWVILLE GATE & SOMERVALE COURT,SW,Traffic signal,Yes,Yes,No,50.8980740686135,-114.0700411843696,14,2017-09-11 21:22:00-06:00,2026-07-23 19:44:00-06:00,7,Tuesday,20.0,Evening,Traffic incident.,7.782822867024737
1109000614,0041,1988-06-29 00:00:00,JOHN LAURIE BOULEVARD,HAWKWOOD BOULEVARD,JOHN LAURIE BOULEVARD & HAWKWOOD BOULEVARD,NW,Traffic signal T intersection,Yes,No,No,51.12308673714725,-114.17018311815644,14,2017-11-16 13:05:00-07:00,2025-05-08 07:47:00-06:00,8,Thursday,7.0,Midday,Traffic incident.,5.736653624705096
1109000844,B2621,1981-01-01 00:00:00,17 AVENUE,16A STREET,17 AVENUE & 16A STREET,SW,Overhead Flasher,Yes,No,No,51.03783008548415,-114.10027974309055,14,2017-07-25 21:31:00-06:00,2026-09-09 19:12:00-06:00,7,Friday,17.0,Evening Rush,Traffic incident.,5.400850195690352
1109000820,0180,1975-01-01 00:00:00,20 AVENUE,19 STREET,20 AVENUE & 19 STREET,NW,Traffic signal,Yes,Yes,Yes,51.07054633761847,-114.10629610786408,14,2018-07-13 07:35:00-06:00,2026-06-20 13:35:00-06:00,8,Friday,10.0,Midday,Traffic incident.,0.0010097298439011699
1109737890,1115,2014-03-27 00:00:00,EAST HILLS SOUTH ACCESS,84 STREET,EAST HILLS SOUTH ACCESS & 84 STREET,SE,Traffic signal,Yes,Yes,Yes,51.04043579539943,-113.90814048664777,14,2018-07-21 13:47:00-06:00,2026-09-26 10:34:30-06:00,6,Sunday,13.0,Midday,Traffic incident.,40.98848866548646
1109735799,1114,2013-11-22 00:00:00,114 AVENUE,68 STREET,114 AVENUE & 68 STREET,SE,Traffic signal,Yes,No,Yes,50.950510299722886,-113.93521382501612,14,2017-06-23 09:49:00-06:00,2024-10-02 17:14:00-06:00,7,Wednesday,8.0,Morning Rush,Two vehicle incident.,31.725752899218328
1109000544,0632,2016-12-15 00:00:00,OLD BANFF COACH ROAD,77 STREET,OLD BANFF COACH ROAD & 77 STREET,SW,Traffic signal,Yes,Yes,No,51.06701833173613,-114.19936183547148,14,2016-12-19 18:28:00-07:00,2025-02-10 06:07:00-07:00,7,Monday,16.0,Evening Rush,Traffic incident.,8.646480698469501
1109000777,0671,1989-06-29 00:00:00,90 AVENUE,24 STREET,90 AVENUE & 24 STREET,SW,Traffic signal,Yes,Yes,Yes,50.97221620935814,-114.11792509165096,14,2017-04-26 20:21:00-06:00,2026-06-08 22:56:00-06:00,7,Tuesday,9.0,Evening Rush,Two vehicle incident.,32.51128213752859
1109693711,1088,2012-11-19 00:00:00,SOMERSET GATE/SOMERVALE DRIVE,6 STREET,SOMERSET GATE/SOMERVALE DRIVE & 6 STREET,SW,Traffic signal,Yes,No,Yes,50.899912213394536,-114.07527622212326,13,2018-09-17 18:02:00-06:00,2026-06-08 20:59:00-06:00,7,Monday,8.0,Evening Rush,Traffic incident.,12.388876658160358
1109001786,0524,2009-10-01 00:00:00,86 AVENUE,52 STREET,86 AVENUE & 52 STREET,SE,Traffic signal,Yes,No,No,50.97542428975372,-113.9584947782216,13,2018-02-22 19:49:00-07:00,2026-02-25 13:49:00-07:00,8,Thursday,9.0,Evening Rush,Traffic incident.,64.37968549761908
1109001192,0309,1956-01-01 00:00:00,5 AVENUE,3 STREET,5 AVENUE & 3 STREET,SW,Traffic signal,Yes,Yes,Yes,51.04861177256365,-114.07014111707689,13,2018-07-18 16:26:00-06:00,2026-08-26 13:58:00-06:00,5,Wednesday,8.0,Evening Rush,Traffic incident.,1.6254109336689913
1110417234,1283,2026-01-15 00:00:00,CHAPALA WAY/CHAPARRAL RAVINE WAY,CHAPARRAL BOULEVARD,CHAPALA WAY/CHAPARRAL RAVINE WAY & CHAPARRAL BOULEVARD,SE,Traffic signal,Yes,Yes,Yes,50.88071601493109,-114.02459426924818,13,2020-06-23 18:21:00-06:00,2026-07-13 07:10:00-06:00,5,Tuesday,7.0,Midday,Traffic incident.,27.6659695691967
1109000845,0017,1995-07-10 00:00:00,BERKSHIRE BOULEVARD,BERKLEY DRIVE/SANDARAC DRIVE,BERKSHIRE BOULEVARD & BERKLEY DRIVE/SANDARAC DRIVE,NW,Traffic signal,Yes,Yes,No,51.13210778262914,-114.0996898880402,13,2018-06-05 17:21:00-06:00,2026-08-26 08:08:00-06:00,9,Wednesday,8.0,Morning Rush,Traffic incident.,7.500888383488188
1109000755,0179,1989-09-01 00:00:00,UNIVERSITY DRIVE,UNWIN ROAD,UNIVERSITY DRIVE & UNWIN ROAD,NW,Traffic signal,Yes,No,No,51.07218275735743,-114.12641046110416,13,2018-05-31 09:21:00-06:00,2025-02-05 19:00:00-07:00,6,Thursday,17.0,Evening Rush,Traffic incident.,3.256745989666519
1109000740,0593,2004-08-26 00:00:00,MOUNT ROYAL GATE,RICHARD ROAD,MOUNT ROYAL GATE & RICHARD ROAD,SW,Traffic signal,Yes,Yes,Yes,51.00870187327241,-114.12939518517496,13,2017-12-06 19:20:00-07:00,2023-12-06 16:53:00-07:00,5,Friday,9.0,Midday,Two vehicle incident.,42.81482438489057
1109001466,0159,1993-09-03 00:00:00,18 AVENUE,19 STREET,18 AVENUE & 19 STREET,NE,Traffic signal,Yes,No,No,51.068885955305824,-114.0134244182888,13,2017-12-06 18:08:00-07:00,2026-08-26 10:02:00-06:00,8,Tuesday,18.0,Evening Rush,Traffic incident.,2.60708768497032
1109001232,0599,1992-10-21 00:00:00,58 AVENUE,1A STREET,58 AVENUE & 1A STREET,SW,Traffic signal,Yes,Yes,No,51.001402165617385,-114.06737941792724,13,2018-01-11 20:41:00-07:00,2026-07-06 15:34:00-06:00,7,Monday,7.0,Evening Rush,Traffic incident.,18.768841005571478
1109001226,0376,1957-01-01 00:00:00,9 AVENUE,2 STREET,9 AVENUE & 2 STREET,SW,Traffic signal,No,Yes,No,51.04475361018326,-114.06803748542784,13,2017-03-09 17:40:00-07:00,2025-05-02 16:02:00-06:00,9,Friday,17.0,Evening Rush,Traffic incident.,0.4120570535586945
1110163097,B2723,2022-09-12 00:00:00,BOWNESS ROAD,45 STREET,BOWNESS ROAD & 45 STREET,NW,Pedestrian RRFB,Yes,No,No,51.07144129164397,-114.15888069213656,13,2017-03-15 18:29:00-06:00,2026-01-31 16:45:00-07:00,7,Saturday,16.0,Evening Rush,Traffic incident.,3.573412776816066
1109705958,B2775,2012-09-25 00:00:00,MEMORIAL DRIVE,PENWORTH DRIVE/59 STREET,MEMORIAL DRIVE & PENWORTH DRIVE/59 STREET,E,Overhead Flasher,Yes,No,No,51.05315889583456,-113.94897389266583,13,2018-08-17 16:20:00-06:00,2026-08-14 17:40:00-06:00,7,Friday,2.0,Evening Rush,Traffic incident.,7.098722095049348
1109001193,0324,1954-01-01 00:00:00,6 AVENUE,3 STREET,6 AVENUE & 3 STREET,SW,Traffic signal,No,Yes,Yes,51.04763745667578,-114.07023700468058,13,2017-04-02 20:54:00-06:00,2024-11-28 06:44:00-07:00,6,Saturday,8.0,Morning Rush,Traffic incident.,1.0513732609725945
1110009368,1169,2018-07-10 00:00:00,17 AVENUE,31 STREET,17 AVENUE & 31 STREET,SE,Traffic signal T intersection,Yes,Yes,Yes,51.037823731335294,-113.98935746240346,13,2018-08-13 12:46:00-06:00,2026-08-18 22:13:00-06:00,9,Monday,17.0,Midday,Traffic incident.,9.042914270177553
1109000651,0123,1976-01-01 00:00:00,34 AVENUE/MARKET MALL ENTRANCE,49 STREET,34 AVENUE/MARKET MALL ENTRANCE & 49 STREET,NW,Traffic signal,Yes,Yes,Yes,51.08310616368891,-114.15833829078969,13,2017-02-08 10:15:00-07:00,2026-01-13 17:52:00-07:00,9,Sunday,15.0,Evening Rush,Traffic incident.,4.323920420436139
1110009373,1166,2018-09-06 00:00:00,17 AVENUE,38 STREET,17 AVENUE & 38 STREET,SE,Traffic signal,Yes,Yes,Yes,51.03784904929289,-113.97868135429206,13,2017-05-02 17:38:00-06:00,2026-07-09 01:22:00-06:00,8,Thursday,11.0,Evening,Traffic incident. Blocking the right lane,9.491207692917593
1109001814,B2542,1991-08-01 00:00:00,32 AVENUE,60 STREET,32 AVENUE & 60 STREET,NE,Overhead Flasher,Yes,No,No,51.0815381940698,-113.9468084801058,13,2016-12-13 19:03:00-07:00,2026-06-22 16:01:00-06:00,9,Tuesday,15.0,Evening Rush,Two vehicle incident.,8.941342116570048
1109001421,0268,1982-01-01 00:00:00,MEMORIAL DRIVE,12 STREET,MEMORIAL DRIVE & 12 STREET,NE,Traffic signal T intersection,Yes,Yes,Yes,51.04748511781138,-114.03193153491358,13,2018-02-12 06:50:00-07:00,2024-08-05 16:09:00-06:00,7,Monday,6.0,Night,Traffic incident. Blocking the right lane,34.950657939907394
1109000899,0382,1962-01-01 00:00:00,9 AVENUE,8 STREET,9 AVENUE & 8 STREET,SE,Traffic signal,Yes,Yes,Yes,51.043329214029214,-114.04146550382038,13,2017-10-21 15:52:00-06:00,2026-03-06 11:06:00-07:00,6,Wednesday,15.0,Evening Rush,Traffic incident.,0.22860336956687277
1109001614,0813,2018-09-17 00:00:00,COUNTRY HILLS BOULEVARD,SKYVIEW CIRCLE,COUNTRY HILLS BOULEVARD & SKYVIEW CIRCLE,NE,Traffic signal,Yes,Yes,Yes,51.15429980800346,-113.9524733619558,13,2017-12-31 09:33:00-07:00,2025-12-15 19:27:00-07:00,8,Sunday,8.0,Morning Rush,Traffic incident.,15.17281581661731
1110175336,1187,2020-08-05 00:00:00,SAGE HILL GATE,37 STREET,SAGE HILL GATE & 37 STREET,NW,Traffic signal,Yes,Yes,Yes,51.170776064090056,-114.14115928415006,13,2017-11-28 12:42:00-07:00,2026-06-30 15:22:00-06:00,7,Wednesday,12.0,Evening Rush,Traffic incident.,47.24145205672245
1109001702,0532,1991-08-14 00:00:00,30 AVENUE,36 STREET,30 AVENUE & 36 STREET,SE,Traffic signal,Yes,Yes,Yes,51.02690034963076,-113.98161085038188,13,2017-02-08 21:10:00-07:00,2025-10-10 05:10:00-06:00,6,Friday,6.0,Evening,Traffic incident.,31.912010417866266
1109000938,0480,1952-01-01 00:00:00,21 AVENUE,14 STREET,21 AVENUE & 14 STREET,SW,Traffic signal T intersection,Yes,Yes,Yes,51.03498117765656,-114.09469921273592,13,2017-06-16 03:36:00-06:00,2026-08-31 15:02:00-06:00,7,Friday,9.0,Evening Rush,Traffic incident.,0.44651965193361143
1109001061,0372,1969-01-01 00:00:00,9 AVENUE,7 STREET,9 AVENUE & 7 STREET,SW,Traffic signal,Yes,Yes,Yes,51.045055356648845,-114.07879729915442,13,2017-08-28 13:30:00-06:00,2026-09-02 09:34:00-06:00,6,Wednesday,16.0,Evening Rush,Traffic incident.,3.6043516618431855
1109001309,0751,1981-01-01 00:00:00,MIDLAKE BOULEVARD,MIDPARK BOULEVARD/MIDRIDGE DR,MIDLAKE BOULEVARD & MIDPARK BOULEVARD/MIDRIDGE DR,SE,Traffic signal,Yes,Yes,Yes,50.91491701253324,-114.06157657391772,13,2019-02-16 13:12:00-07:00,2026-06-23 16:08:00-06:00,8,Saturday,10.0,Evening Rush,Traffic incident.,7.777843914666805
1109001774,0036,1992-08-26 00:00:00,CASTLERIDGE S.C. ENTRANCE,FALCONRIDGE BOULEVARD,CASTLERIDGE S.C. ENTRANCE & FALCONRIDGE BOULEVARD,NE,1/4 signal,No,No,No,51.09835944562094,-113.9584719518797,13,2017-10-29 17:07:00-06:00,2026-06-21 13:57:00-06:00,8,Sunday,13.0,Midday,Traffic incident.,25.48847280406677
1109272575,1021,2011-11-01 00:00:00,11 AVENUE,OLYMPIC WAY/4 STREET,11 AVENUE & OLYMPIC WAY/4 STREET,SE,Traffic signal,No,Yes,No,51.04209306096339,-114.0534250961645,13,2017-12-09 20:26:00-07:00,2026-05-27 15:38:00-06:00,8,Wednesday,15.0,Midday,Two vehicle incident.,1.7258985790568122
1109001794,B2595,1994-10-27 00:00:00,52 STREET,MARYVALE DRIVE,52 STREET & MARYVALE DRIVE,NE,Overhead Flasher,Yes,No,No,51.05690173803495,-113.9572924915383,13,2017-05-20 10:19:00-06:00,2025-09-02 15:11:00-06:00,6,Saturday,10.0,Evening,Traffic incident.,6.132570734055233
1109001211,0711,1995-08-23 00:00:00,99 AVENUE,BONAVENTURE DRIVE,99 AVENUE & BONAVENTURE DRIVE,SE,Traffic signal,Yes,No,No,50.96097288467765,-114.06883742512116,13,2016-12-17 13:25:00-07:00,2026-07-13 15:56:00-06:00,9,Friday,15.0,Evening Rush,Traffic incident.,0.005277508058198221
1109001626,0525,2014-08-19 00:00:00,15 AVENUE,5 STREET,15 AVENUE & 5 STREET,SW,Traffic signal,Yes,Yes,Yes,51.03889656280728,-114.07435035038291,12,2017-09-19 10:12:00-06:00,2026-06-19 23:15:00-06:00,8,Tuesday,9.0,Morning Rush,There is an incident involving a pedestrian.,0.3075261023126017
1109001262,B2510,1977-08-01 00:00:00,CENTRE STREET,68 AVENUE,CENTRE STREET & 68 AVENUE,N,Overhead Flasher,Yes,No,No,51.11341871012191,-114.06459633193936,12,2017-08-16 11:47:00-06:00,2026-05-19 20:33:00-06:00,8,Friday,10.0,Midday,Traffic incident.,5.711039285680286
1109806003,1134,2015-07-21 00:00:00,MARTINDALE DRIVE,SADDLETOWNE CIRCLE,MARTINDALE DRIVE & SADDLETOWNE CIRCLE,NE,Traffic signal,Yes,Yes,No,51.12380124183057,-113.94788661177084,12,2018-09-23 14:52:00-06:00,2026-01-13 13:51:00-07:00,8,Monday,12.0,Midday,Traffic incident.,35.682013940819076
1109806015,B2802,2016-05-11 00:00:00,29 AVENUE/PREMIER WAY,14 STREET,29 AVENUE/PREMIER WAY & 14 STREET,SW,Overhead Flasher,Yes,No,No,51.02768187673854,-114.09468916263032,12,2018-06-05 00:01:00-06:00,2026-07-05 12:44:00-06:00,8,Friday,12.0,Midday,Traffic incident.,0.50113327596363
1109000641,B2521,1975-02-01 00:00:00,BOWNESS ROAD,46 STREET,BOWNESS ROAD & 46 STREET,NW,Overhead Flasher,Yes,No,No,51.07264282992109,-114.16055105395104,12,2017-08-31 18:35:00-06:00,2026-04-16 08:42:00-06:00,10,Thursday,5.0,Midday,Traffic incident.,1.1349783664749071
1109001032,0475,2001-06-15 00:00:00,12 AVENUE,9 STREET,12 AVENUE & 9 STREET,SW,Traffic signal,No,Yes,Yes,51.04200897521644,-114.08398380994696,12,2017-07-11 10:54:00-06:00,2023-07-05 13:36:00-06:00,4,Wednesday,17.0,Midday,Traffic signals are flashing red. Crews have been dispatched,0.003929777832429074
1109000586,0047,1992-09-03 00:00:00,JOHN LAURIE BOULEVARD,RANCHERO DR/HAWKWOOD DR,JOHN LAURIE BOULEVARD & RANCHERO DR/HAWKWOOD DR,NW,Traffic signal,Yes,No,No,51.12538087229421,-114.18898390481816,12,2017-06-27 12:42:00-06:00,2024-11-18 17:27:00-07:00,6,Monday,11.0,Evening,Traffic incident.,10.048228816744174
1109001246,0456,1954-01-01 00:00:00,17 AVENUE,1 STREET,17 AVENUE & 1 STREET,SW,Traffic signal T intersection,No,Yes,No,51.03783264527135,-114.06605967471582,12,2018-08-27 20:22:00-06:00,2026-09-08 08:13:00-06:00,8,Monday,17.0,Evening,Traffic incident.,0.30550072586107835
1109000697,0155,1991-11-14 00:00:00,BOWNESS ROAD/3 AVENUE,37 STREET,BOWNESS ROAD/3 AVENUE & 37 STREET,NW,Traffic signal,Yes,Yes,No,51.06010159640167,-114.14116695063002,12,2018-02-09 16:44:00-07:00,2026-05-26 08:27:00-06:00,7,Monday,8.0,Evening Rush,Traffic incident.,1.909932001347569
1109000650,0121,1978-01-01 00:00:00,40 AVENUE,49 STREET,40 AVENUE & 49 STREET,NW,Traffic signal,Yes,No,No,51.08826434780853,-114.15848749856268,12,2020-07-13 14:20:00-06:00,2026-06-24 08:51:00-06:00,6,Tuesday,8.0,Midday,Traffic incident.,58.3960806637966
1109276930,1023,2009-11-08 00:00:00,4 AVENUE,BARLOW TRAIL,4 AVENUE & BARLOW TRAIL,NE,Traffic signal T intersection,Yes,Yes,Yes,51.05547820130944,-114.00163564025844,12,2017-10-26 17:25:00-06:00,2026-03-17 08:09:00-06:00,7,Thursday,9.0,Evening Rush,Traffic incident.,2.418161913663446
1109000986,0237,1954-01-01 00:00:00,5 AVENUE,10 STREET,5 AVENUE & 10 STREET,NW,Traffic signal T intersection,No,Yes,Yes,51.0571116777732,-114.08594319212725,12,2019-01-11 21:13:00-07:00,2024-12-09 22:23:00-07:00,5,Monday,15.0,Midday,Traffic incident.,20.49911686746016
1109001385,0420,1980-01-01 00:00:00,12 AVENUE,OLYMPIC WAY,12 AVENUE & OLYMPIC WAY,SE,Traffic signal,Yes,Yes,Yes,51.04114730023357,-114.05348748472424,12,2017-06-02 21:39:00-06:00,2026-08-18 01:42:00-06:00,8,Sunday,6.0,Evening,Traffic signals are flashing red.,0.3506437958583537
1109712544,1102,2014-05-23 00:00:00,77 AVENUE,HERITAGE DRIVE,77 AVENUE & HERITAGE DRIVE,SE,Traffic signal T intersection,Yes,No,Yes,50.9844233103621,-114.04849276577744,12,2018-01-15 07:50:00-07:00,2026-04-04 14:38:00-06:00,8,Friday,14.0,Midday,Traffic incident.,42.50077291399013
1109712234,1113,2021-05-05 00:00:00,17 AVENUE,35 STREET,17 AVENUE & 35 STREET,SW,Traffic signal,Yes,Yes,Yes,51.03783097389516,-114.1383184156133,12,2017-05-30 15:52:00-06:00,2025-05-14 16:55:00-06:00,8,Wednesday,16.0,Evening Rush,Traffic incident.,2.7814244956926615
1110368344,1268,2023-04-05 00:00:00,EDMONTON TRAIL,MEREDITH ROAD,EDMONTON TRAIL & MEREDITH ROAD,NE,Traffic signal,,Yes,Yes,51.05190688742789,-114.05027924184652,12,2018-01-27 14:46:00-07:00,2026-09-06 17:41:00-06:00,8,Thursday,17.0,Evening Rush,Traffic incident.,0.003854269748169861
1109712613,0975,2022-06-08 00:00:00,106 AVENUE,68 STREET,106 AVENUE & 68 STREET,SE,Traffic signal,Yes,Yes,Yes,50.96243299319588,-113.9351968890628,12,2018-01-09 20:31:00-07:00,2026-07-21 17:34:00-06:00,4,Thursday,17.0,Midday,Traffic incident.,47.21672006431023
1109001469,0227,1977-01-01 00:00:00,8 AVENUE,19 STREET,8 AVENUE & 19 STREET,NE,Traffic signal,Yes,No,Yes,51.05960570073589,-114.01326663179988,12,2017-02-27 08:28:00-07:00,2026-07-06 16:53:00-06:00,6,Monday,16.0,Evening Rush,There is an incident involving a pedestrian.,2.1885518486503432
1109000849,0030,1998-09-10 00:00:00,BERKLEY GATE,14 STREET,BERKLEY GATE & 14 STREET,NW,Traffic signal,Yes,No,No,51.12580903844746,-114.09878924135026,12,2017-06-11 01:45:00-06:00,2025-04-30 17:48:00-06:00,6,Friday,23.0,Evening,Traffic incident.,7.084674541796951
1110379888,1285,2024-11-08 00:00:00,JAMES McKEVITT ROAD,EVERGREEN STREET,JAMES McKEVITT ROAD & EVERGREEN STREET,SW,Traffic signal T intersection,Yes,Yes,Yes,50.92140934318473,-114.09482596201744,12,2017-12-31 16:16:00-07:00,2026-08-16 14:41:00-06:00,8,Sunday,19.0,Midday,Traffic incident.,13.500612714335421
1109001190,0829,2003-10-24 00:00:00,145 AVENUE,BANNISTER ROAD,145 AVENUE & BANNISTER ROAD,SE,Traffic signal,Yes,Yes,Yes,50.922670622519945,-114.06992165150132,12,2017-05-26 17:00:00-06:00,2026-01-27 07:45:00-07:00,7,Friday,7.0,Morning Rush,Traffic incident.,36.63906672806681
1109001493,0274,1984-01-01 00:00:00,MEMORIAL DRIVE EB RAMP,BARLOW TRAIL,MEMORIAL DRIVE EB RAMP & BARLOW TRAIL,SE,Traffic signal T intersection,Yes,No,No,51.04376576315351,-114.00197889317892,12,2018-08-22 17:23:00-06:00,2026-06-18 14:08:00-06:00,7,Saturday,16.0,Evening Rush,Traffic incident.,21.722728516569006
1110123869,0766,2019-02-27 00:00:00,9 AVENUE,16 STREET,9 AVENUE & 16 STREET,SE,Traffic signal,Yes,Yes,Yes,51.03642170222572,-114.02211854750702,12,2017-06-26 18:16:00-06:00,2026-09-18 15:36:31-06:00,6,Monday,21.0,Evening,Traffic incident.,1.736116048031958
1109001584,0988,2010-06-14 00:00:00,16 AVENUE,5 STREET,16 AVENUE & 5 STREET,NE,Traffic signal,Yes,Yes,No,51.066914531133534,-114.0507953760442,12,2017-10-16 14:03:00-06:00,2026-09-27 08:33:20-06:00,9,Thursday,7.0,Midday,Traffic incident.,7.877574309091843
1109001401,0084,1976-01-01 00:00:00,41 AVENUE/32 AVENUE,EDMONTON TRAIL,41 AVENUE/32 AVENUE & EDMONTON TRAIL,NE,Traffic signal,Yes,No,No,51.089656351034265,-114.05211597402624,12,2018-07-20 10:39:00-06:00,2024-03-14 11:17:00-06:00,7,Wednesday,10.0,Midday,Traffic incident.,40.01822497789594
1109001480,0256,1981-01-01 00:00:00,CENTRE AVENUE,19 STREET,CENTRE AVENUE & 19 STREET,E,Traffic signal,Yes,Yes,No,51.05244185432891,-114.00836553296465,12,2018-05-03 20:08:00-06:00,2026-03-25 11:01:00-06:00,9,Tuesday,6.0,Midday,Traffic incident.,0.004587140899114953
1109001637,0887,2007-07-03 00:00:00,50 AVENUE,25 STREET,50 AVENUE & 25 STREET,SE,Traffic signal,Yes,No,No,51.00869749290533,-113.99848954510928,12,2018-03-24 17:25:00-06:00,2026-05-29 07:04:00-06:00,4,Friday,7.0,Midday,Traffic incident. Blocking the left lane,37.08160026100125
1109000756,B2555,1987-10-01 00:00:00,PARKDALE BOULEVARD,27 STREET,PARKDALE BOULEVARD & 27 STREET,NW,Overhead Flasher,Yes,No,No,51.05417220026636,-114.12551905002576,12,2018-06-20 16:48:00-06:00,2025-01-01 08:05:00-07:00,7,Wednesday,14.0,Midday,Traffic incident.,0.1589745419718653
1109001619,1320,2026-04-28 00:00:00,96 AVENUE,AURORA PARK DR/ HARVEST GOLD MR,96 AVENUE & AURORA PARK DR/ HARVEST GOLD MR,NE,Traffic signal,Yes,No,,51.14162875110941,-114.0656274906947,12,2017-12-19 15:15:00-07:00,2026-01-07 17:05:00-07:00,9,Friday,9.0,Evening Rush,Traffic incident.,7.558021509603528
1109001079,0003,1983-01-01 00:00:00,BEDDINGTON BOULEVARD,BERMUDA DR/BERKLEY DR,BEDDINGTON BOULEVARD & BERMUDA DR/BERKLEY DR,NW,Traffic signal,Yes,Yes,Yes,51.12740800519404,-114.07710193191714,12,2018-09-27 08:38:00-06:00,2025-12-23 11:41:00-07:00,8,Friday,11.0,Midday,Traffic incident.,42.81563387583732
1109000870,0733,1978-01-01 00:00:00,LAKE BONAVISTA DRIVE,ACADIA DRIVE,LAKE BONAVISTA DRIVE & ACADIA DRIVE,SE,Traffic signal,Yes,Yes,Yes,50.93747904793244,-114.04808995709396,12,2017-10-11 19:56:00-06:00,2026-09-21 17:16:28-06:00,6,Monday,8.0,Morning Rush,Traffic incident.,6.377363380511495
1109000801,0479,1998-07-14 00:00:00,RICHMOND ROAD,CROWCHILD TRAIL,RICHMOND ROAD & CROWCHILD TRAIL,SW,Traffic signal T intersection,Yes,Yes,No,51.03693453449851,-114.11121617587868,12,2018-12-12 12:52:00-07:00,2025-12-24 06:46:00-07:00,6,Friday,11.0,Midday,Traffic incident.,0.004292790650804342
1109001455,0270,1984-01-01 00:00:00,MEMORIAL DRIVE,DEERFOOT TRAIL,MEMORIAL DRIVE & DEERFOOT TRAIL,SE,Traffic signal T intersection,No,No,No,51.04902415512263,-114.0163204126869,12,2022-03-23 06:47:00-06:00,2025-12-10 13:45:00-07:00,4,Tuesday,21.0,Midday,Traffic signals are flashing red. Crew has been dispatched,28.43316569948676
1109001642,0850,2010-07-07 00:00:00,114 AVENUE,29 STREET,114 AVENUE & 29 STREET,SE,Traffic signal,Yes,Yes,No,50.951108555793,-113.9958300362144,12,2017-08-18 09:08:00-06:00,2026-08-06 17:19:00-06:00,8,Friday,17.0,Evening Rush,Traffic incident.,28.616021834321085
1109001703,0558,1985-07-22 00:00:00,DOVER RIDGE DRIVE,36 STREET,DOVER RIDGE DRIVE & 36 STREET,SE,Traffic signal,Yes,No,No,51.02111992872655,-113.98159888374596,12,2018-05-10 11:08:00-06:00,2026-07-07 19:03:00-06:00,8,Thursday,14.0,Evening,Traffic incident.,7.799515408747786
1109001713,0875,1997-07-02 00:00:00,61 AVENUE,36 STREET,61 AVENUE & 36 STREET,SE,Traffic signal,Yes,No,No,50.99899593652284,-113.98080982606518,12,2019-11-05 13:23:00-07:00,2026-04-27 11:15:00-06:00,7,Friday,19.0,Midday,Traffic incident.,1.7308491188180495
1109001664,0221,2017-11-30 00:00:00,20 AVENUE,32 STREET,20 AVENUE & 32 STREET,NE,Traffic signal T intersection,Yes,Yes,Yes,51.070750331041225,-113.98863024177656,12,2019-09-16 14:44:00-06:00,2026-06-02 15:41:00-06:00,8,Tuesday,14.0,Midday,Traffic incident.,7.321658624448386
1109753849,0997,2014-05-15 00:00:00,49 AVENUE,AVIATION BOULEVARD,49 AVENUE & AVIATION BOULEVARD,NE,Traffic signal,Yes,No,Yes,51.097729376382695,-114.03289848363526,12,2018-09-16 19:25:00-06:00,2026-05-06 20:11:00-06:00,8,Wednesday,15.0,Evening Rush,Traffic incident.,63.8532668161326
1109395420,1042,2010-04-14 00:00:00,14 AVENUE/McKINNON DRIVE,19 STREET,14 AVENUE/McKINNON DRIVE & 19 STREET,NE,Traffic signal,Yes,No,No,51.06539880568348,-114.01335948644348,12,2020-06-27 19:38:00-06:00,2025-03-15 14:51:00-06:00,5,Wednesday,12.0,Evening Rush,Traffic incident.,1.8900647802403254
1109001355,0604,1977-01-01 00:00:00,58 AVENUE,3 STREET,58 AVENUE & 3 STREET,SE,Traffic signal,Yes,No,No,51.00137487366293,-114.05704631634164,12,2018-08-24 13:18:00-06:00,2026-07-30 10:19:00-06:00,5,Thursday,10.0,Midday,Traffic incident.,0.9321723920574484
1109984736,1281,2024-09-27 00:00:00,144 AVENUE,SHAGANAPPI TRAIL,144 AVENUE & SHAGANAPPI TRAIL,NW,Traffic signal,Yes,Yes,Yes,51.18319798359413,-114.16112333113044,12,2018-01-15 17:52:00-07:00,2026-08-11 15:59:00-06:00,4,Thursday,17.0,Evening Rush,Traffic incident.,52.10140219019741
1109000712,0573,1991-07-15 00:00:00,LINCOLN WAY/SARCEE ROAD,RICHARDSON WAY,LINCOLN WAY/SARCEE ROAD & RICHARDSON WAY,SW,Traffic signal,Yes,Yes,Yes,51.01246087099027,-114.13874306336017,12,2017-03-11 18:41:00-07:00,2025-11-13 13:49:00-07:00,6,Wednesday,21.0,Evening,Traffic incident.,8.530336243485598
1109001177,0979,2010-12-20 00:00:00,68 AVENUE,4 STREET,68 AVENUE & 4 STREET,NW,Traffic signal,Yes,Yes,No,51.11406861029815,-114.07145107777276,12,2020-02-20 11:34:00-07:00,2026-03-05 09:01:00-07:00,7,Thursday,9.0,Midday,Traffic incident.,2.9991296268070977
1109001206,0710,1989-06-02 00:00:00,BONAVENTURE DRIVE,WILLOW PARK DRIVE,BONAVENTURE DRIVE & WILLOW PARK DRIVE,SE,Traffic signal,Yes,No,No,50.957866651873466,-114.06893537470263,12,2017-06-13 03:07:00-06:00,2025-08-16 22:05:00-06:00,8,Saturday,10.0,Midday,Traffic incident.,5.690224867488987
1109001811,1092,2016-06-15 00:00:00,SARCEE TRAIL,SHERWOOD BOULEVARD,SARCEE TRAIL & SHERWOOD BOULEVARD,NW,Traffic signal T intersection,Yes,No,No,51.16255838238767,-114.1629361182494,12,2017-03-12 15:42:00-06:00,2025-03-31 17:40:00-06:00,7,Monday,12.0,Midday,Traffic incident.,11.397701970888624
1109001153,0511,1954-01-01 00:00:00,26 AVENUE/ELBOW DRIVE,4 STREET,26 AVENUE/ELBOW DRIVE & 4 STREET,SW,Traffic signal,No,Yes,Yes,51.02969959513369,-114.0715118034954,12,2017-02-11 21:10:00-07:00,2025-12-22 15:36:00-07:00,8,Friday,15.0,Evening Rush,Traffic incident.,0.008410294289666852
1109001809,0897,2006-04-13 00:00:00,80 AVENUE,SADDLETOWNE CIRCLE,80 AVENUE & SADDLETOWNE CIRCLE,NE,Traffic signal,Yes,Yes,No,51.12519071856521,-113.94426852499572,12,2018-03-24 14:59:00-06:00,2026-07-04 20:39:00-06:00,7,Saturday,23.0,Evening,Traffic incident.,11.763481272063459
1109001824,1119,2014-08-01 00:00:00,114 AVENUE,42 STREET,114 AVENUE & 42 STREET,SE,Traffic signal,Yes,No,No,50.950478616382256,-113.97505341769455,11,2017-04-19 11:29:00-06:00,2024-08-22 05:51:00-06:00,6,Wednesday,9.0,Evening Rush,Two vehicle incident.,38.89910578790328
1109001224,0394,2000-06-08 00:00:00,10 AVENUE,2 STREET,10 AVENUE & 2 STREET,SW,Traffic signal,No,Yes,No,51.04346494806752,-114.06812654675112,11,2019-03-23 15:01:00-06:00,2025-04-11 22:32:00-06:00,4,Friday,22.0,Evening,Traffic incident.,0.004450424300507973
1109000550,0807,2004-07-08 00:00:00,ARBOUR LAKE ROAD/CROWFOOT WAY,ARBOUR GROVE CL/CROWFOOT RS,ARBOUR LAKE ROAD/CROWFOOT WAY & ARBOUR GROVE CL/CROWFOOT RS,NW,Traffic signal,Yes,No,No,51.12655216807964,-114.209268588281,11,2020-08-03 14:10:00-06:00,2025-12-24 14:50:00-07:00,5,Tuesday,14.0,Midday,Traffic incident.,8.565943799155402
1109001155,0496,1965-01-01 00:00:00,25 AVENUE,4 STREET,25 AVENUE & 4 STREET,SW,Traffic signal,Yes,Yes,Yes,51.030574708932434,-114.07150951340138,11,2017-02-18 17:25:00-07:00,2025-01-31 10:13:00-07:00,8,Saturday,16.0,Evening Rush,Two vehicle incident.,0.36620107233172333
1109000742,0644,1999-09-22 00:00:00,PEACEKEEPERS WAY/RICHARD WAY,RICHARD ROAD,PEACEKEEPERS WAY/RICHARD WAY & RICHARD ROAD,SW,Traffic signal,Yes,No,No,51.00582102837882,-114.12940665412192,11,2021-11-10 11:32:00-07:00,2026-05-13 21:07:00-06:00,6,Monday,16.0,Evening Rush,Traffic incident.,10.087455109627431
1109000704,0426,1981-01-01 00:00:00,13 AVENUE,37 STREET,13 AVENUE & 37 STREET,SW,Traffic signal,Yes,Yes,Yes,51.04150584124224,-114.14112765068144,11,2017-03-17 18:53:00-06:00,2026-04-12 23:16:00-06:00,7,Friday,11.0,Evening Rush,Traffic incident.,0.5478238535618102
1109001663,0176,2003-10-30 00:00:00,SUNRIDGE WAY,32 STREET,SUNRIDGE WAY & 32 STREET,NE,Traffic signal,Yes,No,No,51.069045150359095,-113.98928465918776,11,2017-02-15 13:48:00-07:00,2025-04-17 12:07:00-06:00,7,Tuesday,12.0,Midday,Traffic incident.,0.18172412114517333
1109000653,0541,2001-10-05 00:00:00,RICHMOND ROAD,48 STREET,RICHMOND ROAD & 48 STREET,SW,Traffic signal T intersection,Yes,No,No,51.01836881187352,-114.15669628324262,11,2017-09-11 19:31:00-06:00,2025-11-26 19:41:00-07:00,8,Saturday,16.0,Evening,Two vehicle incident.,3.970756952248729
1110285813,1239,2025-11-08 00:00:00,15 AVENUE,MACLEOD TRAIL,15 AVENUE & MACLEOD TRAIL,SE,Traffic signal T intersection,Yes,Yes,Yes,51.03844936629546,-114.0586144888794,11,2018-08-31 08:58:00-06:00,2024-06-14 12:16:00-06:00,6,Thursday,8.0,Evening,There is an incident involving a pedestrian- EMS on site.,2.0320762889846766
1109938535,0478,2020-07-29 00:00:00,10 AVENUE,6 STREET,10 AVENUE & 6 STREET,SW,Traffic signal T intersection,No,Yes,Yes,51.04370062722004,-114.07646343689235,11,2020-05-19 08:38:00-06:00,2026-05-22 17:31:00-06:00,5,Friday,0.0,Night,Traffic incident.,0.005087373000936963
1109001722,0738,2004-09-25 00:00:00,130 AVENUE,DEERFOOT TRAIL,130 AVENUE & DEERFOOT TRAIL,SE,Traffic signal,No,No,No,50.93191993420745,-113.97750006175166,11,2016-12-06 17:31:00-07:00,2026-06-08 21:18:00-06:00,5,Wednesday,15.0,Evening Rush,Two vehicle incident.,27.033671724139637
1110370635,1288,2025-06-04 00:00:00,CORNERSTONE STREET,COUNTRY HILLS BOULEVARD,CORNERSTONE STREET & COUNTRY HILLS BOULEVARD,NE,Traffic signal,Yes,Yes,Yes,51.15430310191157,-113.94236412858864,11,2024-06-25 12:45:00-06:00,2026-07-21 00:29:00-06:00,3,Monday,20.0,Midday,Traffic incident.,27.430082961411856
1109797782,B2800,2015-02-12 00:00:00,9 AVENUE,9 STREET,9 AVENUE & 9 STREET,SE,Overhead Flasher,Yes,No,No,51.0428480223107,-114.0394579495304,11,2017-11-22 09:08:00-07:00,2026-04-29 15:37:00-06:00,7,Saturday,11.0,Midday,Traffic incident.,0.09997770988730302
1109001299,0184,1957-01-01 00:00:00,20 AVENUE,CENTRE STREET,20 AVENUE & CENTRE STREET,N,Traffic signal,Yes,No,No,51.07062010429899,-114.0625106568126,11,2017-11-02 17:25:00-06:00,2026-06-24 11:54:00-06:00,7,Saturday,9.0,Evening Rush,Traffic signals are blank.,0.2687307275354767
1109000581,0985,2008-01-22 00:00:00,HAWKWOOD ROAD,NOSE HILL DRIVE,HAWKWOOD ROAD & NOSE HILL DRIVE,NW,Traffic signal,Yes,Yes,No,51.13017171806501,-114.19178135134425,11,2019-05-26 12:14:00-06:00,2026-07-01 12:44:00-06:00,6,Wednesday,12.0,Midday,Traffic incident.,11.1286694006495
1110405720,1316,2026-01-14 00:00:00,88 AVENUE,SADDLECREST BOULEVARD/SADDLELAND DR,88 AVENUE & SADDLECREST BOULEVARD/SADDLELAND DR,NE,Traffic signal T intersection,,Yes,Yes,51.13251601327677,-113.94089386665576,11,2018-01-28 17:04:00-07:00,2026-04-28 06:07:00-06:00,7,Tuesday,21.0,Evening,Traffic incident.,29.655346811186195
1109001326,0716,1980-01-01 00:00:00,BONAVENTURE DRIVE,FAIRMOUNT DRIVE,BONAVENTURE DRIVE & FAIRMOUNT DRIVE,SE,Traffic signal T intersection,Yes,No,No,50.95352093959894,-114.06083604489874,11,2018-12-06 17:27:00-07:00,2026-02-09 16:50:00-07:00,7,Friday,11.0,Evening Rush,Traffic incident.,8.530111165556022
1109001069,0292,1977-01-01 00:00:00,4 AVENUE,7 STREET,4 AVENUE & 7 STREET,SW,Traffic signal,No,Yes,No,51.04977229255804,-114.07852753822128,11,2016-12-17 16:45:00-07:00,2024-09-29 16:25:00-06:00,6,Friday,16.0,Evening Rush,Traffic incident. Blocking the WB left lanes,1.5752636715824342
1109000683,0055,1995-06-12 00:00:00,EDGEMONT BOULEVARD,EDGEVALLEY DR/EDENWOLD DR,EDGEMONT BOULEVARD & EDGEVALLEY DR/EDENWOLD DR,NW,Traffic signal,Yes,Yes,No,51.12722518531923,-114.14492024679936,11,2017-12-19 17:44:00-07:00,2025-08-08 16:14:00-06:00,7,Friday,1.0,Midday,Traffic incident.,8.508162538867152
1109001828,1025,2009-10-16 00:00:00,KENSINGTON ROAD,MEMORIAL DRIVE/PARKDALE BV,KENSINGTON ROAD & MEMORIAL DRIVE/PARKDALE BV,NW,1/2 signal,Yes,Yes,Yes,51.05220538079507,-114.1211578776586,11,2018-01-10 13:14:00-07:00,2026-05-08 12:21:00-06:00,5,Monday,16.0,Evening Rush,Traffic incident.,36.77985025584774
1109001448,0385,1959-01-01 00:00:00,9 AVENUE,19 STREET,9 AVENUE & 19 STREET,SE,Traffic signal T intersection,Yes,Yes,Yes,51.03543136598549,-114.01997513859598,11,2017-05-10 12:21:00-06:00,2026-03-09 17:22:00-06:00,8,Friday,16.0,Evening Rush,There is an incident involving a pedestrian- EMS on site.,2.208994970933804
1109000957,0427,1999-08-27 00:00:00,12 AVENUE,12 STREET,12 AVENUE & 12 STREET,SW,Traffic signal,No,Yes,Yes,51.04221709537763,-114.09137908487266,11,2017-02-23 10:47:00-07:00,2025-08-27 18:05:00-06:00,6,Thursday,17.0,Evening Rush,Traffic incident.,0.008958831543900248
1109243895,0923,2024-11-09 00:00:00,78 AVENUE,OGDEN ROAD,78 AVENUE & OGDEN ROAD,SE,Traffic signal,Yes,Yes,Yes,50.983220456308445,-113.99877917946748,11,2017-06-01 02:49:00-06:00,2026-07-03 13:49:00-06:00,8,Thursday,8.0,Morning Rush,Traffic incident.,0.00209373123980489
1110175614,1282,2025-01-17 00:00:00,194 AVENUE,SHERIFF KING STREET,194 AVENUE & SHERIFF KING STREET,SW,Traffic signal,Yes,Yes,Yes,50.8774685262773,-114.07092269678594,11,2021-02-05 19:33:00-07:00,2026-08-30 00:31:00-06:00,6,Tuesday,19.0,Evening,Traffic incident.,37.68888771180256
1109001627,0517,2009-11-16 00:00:00,WENTWORTH DRIVE,85 STREET,WENTWORTH DRIVE & 85 STREET,SW,Traffic signal,Yes,Yes,No,51.056945479240646,-114.21096406153922,11,2018-02-05 16:00:00-07:00,2026-01-08 17:52:00-07:00,7,Thursday,17.0,Evening Rush,There is an incident involving a pedestrian- EMS on site.,29.568025251075145
1109001499,0648,1976-01-01 00:00:00,69 AVENUE/OGDEN DALE ROAD,OGDEN ROAD,69 AVENUE/OGDEN DALE ROAD & OGDEN ROAD,SE,Traffic signal,Yes,No,No,50.99105050838136,-114.00168081207792,11,2017-12-08 21:21:00-07:00,2025-11-06 11:02:00-07:00,8,Tuesday,8.0,Morning Rush,Traffic incident.,0.34040901523067424
1109001120,0336,1956-01-01 00:00:00,7 AVENUE,5 STREET,7 AVENUE & 5 STREET,SW,Traffic signal,No,Yes,Yes,51.046817741940885,-114.0738163234116,11,2016-12-17 09:10:00-07:00,2026-05-13 17:08:00-06:00,8,Friday,9.0,Morning Rush,Traffic incident.,1.8863549013472038
1109001942,B2749,2008-05-06 00:00:00,17 AVENUE,27 STREET,17 AVENUE & 27 STREET,SW,Overhead Flasher,Yes,No,No,51.03781065807911,-114.1267290495396,11,2018-01-22 12:57:00-07:00,2026-02-06 18:41:00-07:00,6,Monday,13.0,Evening Rush,Traffic incident.,5.5924303029480775
1109000880,0606,1975-01-01 00:00:00,58 AVENUE,BURBANK ROAD,58 AVENUE & BURBANK ROAD,SE,Traffic signal,Yes,No,No,51.00140701269645,-114.04523530899618,11,2017-07-24 10:33:00-06:00,2026-09-15 17:25:00-06:00,6,Monday,15.0,Evening Rush,Two vehicle incident.,40.23874302221283
1110020863,0737,2017-11-17 00:00:00,79 AVENUE,HERITAGE DRIVE,79 AVENUE & HERITAGE DRIVE,SE,Traffic signal,Yes,Yes,Yes,50.98268408325035,-114.04847129339264,11,2017-12-01 11:55:00-07:00,2025-07-06 21:21:00-06:00,5,Friday,11.0,Evening Rush,Traffic incident.,0.36847749310478317
1109000771,0729,1982-01-01 00:00:00,WOODVIEW DRIVE,24 STREET,WOODVIEW DRIVE & 24 STREET,SW,Traffic signal,Yes,Yes,Yes,50.94124050860223,-114.1179791199495,11,2017-05-10 20:06:00-06:00,2026-09-06 10:14:00-06:00,8,Wednesday,12.0,Midday,Traffic incident.,36.101276401885585
1109000736,0214,1982-01-01 00:00:00,13 AVENUE,29 STREET,13 AVENUE & 29 STREET,NW,Traffic signal T intersection,Yes,No,No,51.06459690763472,-114.13078656945564,11,2020-06-17 16:04:00-06:00,2026-09-24 13:23:35-06:00,5,Wednesday,6.0,Morning Rush,Traffic incident.,17.557711591310255
1109001238,0622,1981-01-01 00:00:00,61 AVENUE,1A STREET,61 AVENUE & 1A STREET,SW,Traffic signal,Yes,Yes,Yes,50.9976841460236,-114.06762090990854,11,2017-03-28 18:20:00-06:00,2026-08-27 13:36:00-06:00,6,Tuesday,10.0,Evening Rush,Traffic incident.,4.705799076143201
1109001569,1001,2012-12-07 00:00:00,114 AVENUE,84 STREET,114 AVENUE & 84 STREET,SE,Traffic signal T intersection,Yes,No,No,50.94759522244682,-113.91193657251598,11,2017-05-24 20:53:00-06:00,2025-10-19 02:35:00-06:00,6,Sunday,1.0,Evening,Traffic incident.,11.850373024646983
1109001516,B2742,2006-10-06 00:00:00,37 AVENUE,68 STREET,37 AVENUE & 68 STREET,NE,Overhead Flasher,Yes,No,No,51.08650359315956,-113.93514136113738,11,2017-08-02 17:02:00-06:00,2025-10-17 02:11:00-06:00,7,Wednesday,13.0,Midday,Traffic incident.,31.049453511150514
1109000817,0691,1982-01-01 00:00:00,SOUTHLAND DRIVE,19 STREET,SOUTHLAND DRIVE & 19 STREET,SW,Traffic signal,Yes,Yes,Yes,50.96141654484929,-114.1063504984295,11,2018-01-27 21:04:00-07:00,2026-03-08 14:56:00-06:00,8,Saturday,8.0,Midday,Traffic incident.,36.02332806341461
1109000568,0150,1971-01-01 00:00:00,BOWNESS ROAD,77 STREET,BOWNESS ROAD & 77 STREET,NW,Traffic signal,Yes,Yes,Yes,51.08892530800494,-114.1992840250694,11,2017-07-24 01:23:00-06:00,2026-05-13 15:49:00-06:00,7,Wednesday,15.0,Evening Rush,Traffic incident.,30.209147712490076
1109001131,0830,2001-08-31 00:00:00,BANNISTER ROAD/SHAWNEE GATE,SHAWNEE DRIVE,BANNISTER ROAD/SHAWNEE GATE & SHAWNEE DRIVE,SW,Traffic signal,Yes,No,No,50.92656152514475,-114.07275815347144,11,2017-10-05 09:53:00-06:00,2025-01-02 07:23:00-07:00,7,Friday,9.0,Evening,Traffic incident.,6.062229003955971
1109738978,1118,2014-07-31 00:00:00,21A AVENUE,52 STREET,21A AVENUE & 52 STREET,SE,Traffic signal,Yes,No,No,51.0345514195346,-113.95838396931563,11,2017-10-16 19:21:00-06:00,2025-08-05 08:31:00-06:00,6,Monday,15.0,Evening Rush,Two vehicle incident.,0.004961500512175029
1109001110,0476,2002-08-06 00:00:00,13 AVENUE,5 STREET,13 AVENUE & 5 STREET,SW,Traffic signal,No,Yes,Yes,51.04079436297559,-114.07422027474236,11,2017-06-23 02:41:00-06:00,2026-07-04 19:17:00-06:00,7,Friday,2.0,Morning Rush,Two vehicle incident.,0.6006228590172388
1109000787,0076,1967-01-01 00:00:00,NORTHMOUNT DRIVE,CHARLESWOOD DRIVE,NORTHMOUNT DRIVE & CHARLESWOOD DRIVE,NW,Traffic signal,Yes,Yes,Yes,51.08927648674131,-114.11732066068308,11,2019-10-28 09:56:00-06:00,2026-07-17 14:12:00-06:00,6,Friday,17.0,Evening Rush,Traffic incident.,7.147921681806792
1109000776,0680,1980-01-01 00:00:00,PALLISER DRIVE,24 STREET,PALLISER DRIVE & 24 STREET,SW,Traffic signal,Yes,No,No,50.96946032796803,-114.11794401146184,11,2017-03-10 10:25:00-07:00,2025-03-09 12:39:00-06:00,6,Monday,10.0,Midday,Traffic incident.,5.579059569383005
1110174211,B2919,2019-03-13 00:00:00,COUNTRY HILLS BOULEVARD,STONEY TRAIL,COUNTRY HILLS BOULEVARD & STONEY TRAIL,NW,Pedestrian RRFB,Yes,No,No,51.14570897416036,-114.20713554051191,11,2019-05-15 22:58:00-06:00,2026-06-05 13:28:00-06:00,6,Wednesday,16.0,Evening Rush,Multi-vehicle incident. Partially blocking the EB to SB exit ramp,40.02850865335818
1109001405,B2596,1985-08-01 00:00:00,2 AVENUE,4 STREET,2 AVENUE & 4 STREET,NE,Overhead Flasher,Yes,No,No,51.054704468389005,-114.05170587606766,10,2017-09-19 22:48:00-06:00,2025-08-26 20:40:00-06:00,7,Monday,0.0,Evening,Traffic incident.,3.069380166173088
1109000988,0247,1952-01-01 00:00:00,KENSINGTON ROAD,10 STREET,KENSINGTON ROAD & 10 STREET,NW,Traffic signal T intersection,No,Yes,No,51.052499434030416,-114.08587808800728,10,2017-06-07 15:21:00-06:00,2022-09-16 12:34:00-06:00,5,Tuesday,7.0,Evening,Traffic incident.,0.15469891362127525
1110271204,1228,2020-11-04 00:00:00,FALCONRIDGE BOULEVARD,FALWORTH WAY,FALCONRIDGE BOULEVARD & FALWORTH WAY,NE,Traffic signal T intersection,Yes,Yes,Yes,51.10511230255435,-113.95242641577973,10,2017-07-23 11:14:00-06:00,2026-09-10 15:45:00-06:00,7,Wednesday,15.0,Evening Rush,Traffic incident.,10.481720271217652
1109000996,B2663,1972-06-01 00:00:00,96 AVENUE,ELBOW DRIVE,96 AVENUE & ELBOW DRIVE,SW,Overhead Flasher,Yes,No,No,50.96872498617136,-114.08475489679591,10,2017-06-03 04:46:00-06:00,2025-10-20 09:25:00-06:00,5,Saturday,15.0,Evening Rush,Two vehicle incident.,0.7814069426925071
1110218521,1195,2021-10-17 00:00:00,AIRPORT TRAIL,19 STREET,AIRPORT TRAIL & 19 STREET,NE,Traffic signal T intersection,Yes,Yes,Yes,51.13885434831273,-114.01393729060744,10,2017-03-19 13:17:00-06:00,2025-12-26 12:19:00-07:00,5,Thursday,13.0,Midday,Two vehicle incident.,73.35866207327149
1109001275,0944,2005-07-07 00:00:00,HARVEST HILLS BOULEVARD,HARVEST OAK GATE,HARVEST HILLS BOULEVARD & HARVEST OAK GATE,N,Traffic signal T intersection,Yes,No,No,51.14701335809419,-114.06374287072327,10,2018-02-01 18:46:00-07:00,2026-05-14 19:12:00-06:00,6,Wednesday,18.0,Evening Rush,Traffic incident.,14.611524455934616
1109000977,0244,2003-02-01 00:00:00,KENSINGTON ROAD,10A STREET,KENSINGTON ROAD & 10A STREET,NW,Traffic signal,Yes,Yes,Yes,51.05249894321794,-114.08730390370012,10,2019-02-14 15:19:00-07:00,2025-01-17 14:56:00-07:00,6,Saturday,11.0,Midday,Traffic incident.,1.3171092965984075
1109000682,0477,2004-01-21 00:00:00,32 AVENUE,39 STREET,32 AVENUE & 39 STREET,NW,Traffic signal,Yes,Yes,No,51.0814784229511,-114.1449456625896,10,2019-09-26 19:19:00-06:00,2026-06-16 18:25:00-06:00,5,Tuesday,13.0,Midday,Traffic incident.,8.37422956824301
1110271719,1233,2020-08-12 00:00:00,7 AVENUE,14 STREET,7 AVENUE & 14 STREET,NW,Traffic signal T intersection,Yes,Yes,Yes,51.05889469165085,-114.09472668987864,10,2018-08-22 15:00:00-06:00,2026-05-11 11:36:00-06:00,7,Friday,11.0,Midday,Traffic incident.,0.004685071212893812
1110275839,1103,2021-10-05 00:00:00,10 AVENUE,19 STREET,10 AVENUE & 19 STREET,SW,1/2 signal,,Yes,Yes,51.044549640258765,-114.10653088322088,10,2017-05-12 19:27:00-06:00,2026-09-23 16:19:55-06:00,7,Friday,17.0,Evening Rush,Traffic incident.,22.917900778059057
1109001065,0334,1964-01-01 00:00:00,7 AVENUE,7 STREET,7 AVENUE & 7 STREET,SW,Traffic signal,No,Yes,Yes,51.0469583666096,-114.07873669991972,10,2016-12-15 16:27:00-07:00,2026-09-24 06:19:40-06:00,7,Monday,14.0,Evening Rush,Traffic incident.,1.8664458599015306
1110358189,1262,2023-11-10 00:00:00,MAPLECREEK DRIVE,SOUTHLAND DRIVE,MAPLECREEK DRIVE & SOUTHLAND DRIVE,SE,Traffic signal T intersection,Yes,Yes,Yes,50.9645579467301,-114.04242957695024,10,2017-08-21 22:49:00-06:00,2024-10-31 17:05:00-06:00,6,Thursday,16.0,Evening Rush,Stalled vehicle. Blocking the right lane,3.6129012190423393
1109000526,0892,2006-01-11 00:00:00,TUSCANY BOULEVARD,TUSCANY WAY,TUSCANY BOULEVARD & TUSCANY WAY,NW,Traffic signal,Yes,No,No,51.12396527877512,-114.24605944631342,10,2018-03-22 23:08:00-06:00,2025-09-25 16:07:00-06:00,7,Thursday,14.0,Evening Rush,Traffic incident.,28.415180183753918
1109000604,0950,2005-11-28 00:00:00,CROWCHILD TRAIL,SARCEE TRAIL,CROWCHILD TRAIL & SARCEE TRAIL,NW,Traffic signal,No,No,No,51.1114393238044,-114.17775589474236,10,2018-01-25 11:47:00-07:00,2026-09-05 12:05:00-06:00,7,Monday,11.0,Midday,Multi-vehicle incident. Blocking the SB right lane,21.520083111282347
1109001742,B2541,1995-06-07 00:00:00,32 AVENUE,RUNDLESIDE DRIVE,32 AVENUE & RUNDLESIDE DRIVE,NE,Overhead Flasher,Yes,No,No,51.08151047571077,-113.96995758514284,10,2018-08-28 17:47:00-06:00,2026-08-30 18:13:00-06:00,6,Sunday,17.0,Evening Rush,Traffic incident.,21.1171203195292
1109001023,B2642,1979-06-01 00:00:00,ELBOW DRIVE,70 AVENUE,ELBOW DRIVE & 70 AVENUE,SW,Overhead Flasher,Yes,No,No,50.99052647645383,-114.08317077898086,10,2017-02-22 19:12:00-07:00,2025-09-14 14:46:00-06:00,6,Wednesday,14.0,Midday,Multi-vehicle incident.,2.0338479025863303
1109001008,0431,2000-06-01 00:00:00,11 AVENUE,9 STREET,11 AVENUE & 9 STREET,SW,Traffic signal,No,Yes,Yes,51.04296228107131,-114.0839277431488,10,2017-02-16 17:33:00-07:00,2025-08-10 01:29:00-06:00,6,Wednesday,14.0,Evening Rush,Traffic incident.,0.5843406432303129
1109001746,0232,2003-07-31 00:00:00,14 AVENUE,44 STREET,14 AVENUE & 44 STREET,SE,Traffic signal,Yes,Yes,No,51.04093699599738,-113.970001159442,10,2017-05-01 18:18:00-06:00,2024-09-03 09:01:00-06:00,5,Friday,8.0,Evening,Traffic incident.,0.0040493692600352925
1109791123,1074,2015-02-04 00:00:00,SYMONS VALLEY PARKWAY,SAGE HILL PASSAGE/KINCORA GATE,SYMONS VALLEY PARKWAY & SAGE HILL PASSAGE/KINCORA GATE,NW,Traffic signal T intersection,Yes,Yes,No,51.16805731171541,-114.14669647022184,10,2019-10-24 14:31:00-06:00,2025-11-20 18:50:00-07:00,5,Thursday,14.0,Evening Rush,Traffic incident.,35.64172850671797
1109769416,0824,2018-04-22 00:00:00,14 AVENUE,8 STREET,14 AVENUE & 8 STREET,SW,Traffic signal,Yes,Yes,Yes,51.04007373513727,-114.08166832170176,10,2020-01-10 15:12:00-07:00,2025-09-27 21:11:00-06:00,4,Saturday,10.0,Evening Rush,Traffic incident.,2.1785369893422493
1109001059,0410,1986-09-16 00:00:00,12 AVENUE,7 STREET,12 AVENUE & 7 STREET,SW,Traffic signal,Yes,Yes,Yes,51.04186995120856,-114.07907030857815,10,2017-04-23 18:19:00-06:00,2026-09-15 10:34:00-06:00,7,Saturday,6.0,Evening Rush,Traffic incident.,0.21208527900940063
1109807552,1139,2015-06-18 00:00:00,8 AVENUE,11 STREET,8 AVENUE & 11 STREET,SW,Traffic signal T intersection,No,Yes,Yes,51.04625834466588,-114.08865276101297,10,2017-12-08 14:38:00-07:00,2026-07-10 14:01:00-06:00,8,Friday,6.0,Midday,Two vehicle incident. Blocking the right lane,0.8370933421449047
1109000637,0956,2006-07-03 00:00:00,SARCEE TRAIL,SHERWOOD S.C. DRIVE,SARCEE TRAIL & SHERWOOD S.C. DRIVE,NW,Traffic signal T intersection,Yes,No,No,51.15734508666789,-114.16238418638788,10,2020-01-22 09:08:00-07:00,2026-07-31 09:01:00-06:00,6,Wednesday,9.0,Morning Rush,Traffic incident.,14.82312071621511
1109001042,B2733,2005-08-01 00:00:00,49 AVENUE,ELBOW DRIVE,49 AVENUE & ELBOW DRIVE,SW,Overhead Flasher,Yes,No,No,51.00960410106262,-114.08138091176592,10,2017-07-14 11:09:00-06:00,2025-12-06 18:53:00-07:00,7,Friday,14.0,Midday,Traffic incident.,0.2760135877658377
1109001414,0088,1999-08-26 00:00:00,45 AVENUE,12 STREET,45 AVENUE & 12 STREET,NE,Traffic signal,Yes,No,No,51.09341187054971,-114.03344771713574,10,2019-11-25 08:16:00-07:00,2026-08-28 13:32:00-06:00,6,Tuesday,8.0,Morning Rush,Traffic incident.,4.829957208638762
1109553497,B2761,2010-03-22 00:00:00,64 AVENUE,MARTINGROVE DRIVE,64 AVENUE & MARTINGROVE DRIVE,NE,Overhead Flasher,Yes,No,No,51.11064488759148,-113.95212863703222,10,2018-01-29 16:06:00-07:00,2022-11-01 21:11:00-06:00,4,Tuesday,16.0,Evening Rush,Traffic incident.,28.856250359869694
1109000717,0129,1989-11-16 00:00:00,32 AVENUE,COLLEGIATE BOULEVARD,32 AVENUE & COLLEGIATE BOULEVARD,NW,Traffic signal T intersection,Yes,No,No,51.08146701601065,-114.13752955137926,10,2016-12-14 15:23:00-07:00,2026-05-06 14:08:00-06:00,7,Wednesday,14.0,Midday,Traffic incident.,10.082051165141749
1109001180,0961,2006-12-07 00:00:00,HARVEST HILLS BOULEVARD,SOUTH ROAD,HARVEST HILLS BOULEVARD & SOUTH ROAD,N,Traffic signal T intersection,Yes,No,No,51.13992053130603,-114.0713328474481,10,2017-07-29 20:31:00-06:00,2026-09-08 11:42:00-06:00,8,Saturday,11.0,Evening,Traffic incident.,20.762867862574073
1109001205,0497,1970-01-01 00:00:00,25 AVENUE,2 STREET,25 AVENUE & 2 STREET,SW,Traffic signal,Yes,Yes,Yes,51.03050707771601,-114.06903585925951,10,2016-12-10 11:08:00-07:00,2024-05-09 16:45:00-06:00,5,Saturday,11.0,Evening Rush,Traffic incident.,0.15412495887839056
1109001392,0361,2003-05-22 00:00:00,7 AVENUE,4 STREET,7 AVENUE & 4 STREET,SE,Traffic signal,No,Yes,No,51.04619969154958,-114.05313677614252,10,2021-04-11 17:51:00-06:00,2026-09-16 13:36:00-06:00,5,Wednesday,6.0,Morning Rush,Ongoing incident. The road is closed in all directions. Please use alternate route,1.602528300906596
1109292521,1030,2015-09-04 00:00:00,QUARRY PARK BOULEVARD,24 STREET,QUARRY PARK BOULEVARD & 24 STREET,SE,Traffic signal,Yes,No,No,50.96343116454878,-114.00162614377317,10,2018-01-03 08:11:00-07:00,2025-01-07 16:40:00-07:00,7,Tuesday,8.0,Evening,Traffic incident.,40.46748705404776
1109001383,0598,1994-08-09 00:00:00,58 AVENUE,4 STREET,58 AVENUE & 4 STREET,SE,Traffic signal,Yes,No,No,51.001378819195445,-114.05376879468842,10,2017-08-03 12:42:00-06:00,2026-03-10 17:16:00-06:00,7,Thursday,13.0,Midday,Two vehicle incident.,35.393729772775046
1109001362,B2564,1971-09-01 00:00:00,24 AVENUE,EDMONTON TRAIL,24 AVENUE & EDMONTON TRAIL,NE,Overhead Flasher,Yes,No,No,51.07429404739314,-114.05617385943182,10,2020-03-20 11:36:00-06:00,2026-09-21 17:20:29-06:00,5,Tuesday,11.0,Midday,Traffic incident.,8.462125340346685
1109000904,0795,1996-06-13 00:00:00,70 AVENUE,11 STREET,70 AVENUE & 11 STREET,SE,Traffic signal,Yes,No,No,50.99099500938086,-114.0399105324572,10,2018-05-29 08:49:00-06:00,2026-02-19 14:49:00-07:00,9,Thursday,16.0,Midday,Traffic incident.,1.2934536570602413
1109551039,B2762,2010-09-07 00:00:00,CANYON MEADOWS DRIVE,LAKE LUCERNE RD/PARK ESTATES DR,CANYON MEADOWS DRIVE & LAKE LUCERNE RD/PARK ESTATES DR,SE,Overhead Flasher,Yes,No,No,50.92927859892792,-114.04518302425004,10,2017-10-21 17:46:00-06:00,2025-12-08 07:42:00-07:00,6,Saturday,7.0,Evening Rush,Traffic incident.,10.156556654102188
1109001464,0902,1997-11-21 00:00:00,COUNTRY HILLS BOULEVARD,DEERFOOT TRAIL,COUNTRY HILLS BOULEVARD & DEERFOOT TRAIL,NE,Traffic signal T intersection,Yes,Yes,No,51.15436468741623,-114.01514117649222,10,2021-01-31 19:57:00-07:00,2026-08-21 20:54:00-06:00,5,Monday,0.0,Evening Rush,Traffic incident.,31.234849267155035
1110063416,B2905,2018-01-28 00:00:00,17 AVENUE,DEERFOOT TRAIL,17 AVENUE & DEERFOOT TRAIL,SE,Pedestrian RRFB,Yes,No,No,51.03721108633013,-114.00749408788742,10,2018-05-16 16:51:00-06:00,2025-12-09 11:04:00-07:00,6,Wednesday,13.0,Midday,Traffic incident. Blocking the right lane,49.83949856938915
1109001433,0139,1982-01-01 00:00:00,32 AVENUE,12 STREET,32 AVENUE & 12 STREET,NE,Traffic signal T intersection,Yes,No,No,51.08146618935659,-114.02734499373642,10,2019-02-11 08:27:00-07:00,2026-07-31 16:30:00-06:00,6,Friday,9.0,Midday,Traffic incident. Blocking the left lane,20.856340265740954
1109001081,0423,1998-10-13 00:00:00,12 AVENUE,6 STREET,12 AVENUE & 6 STREET,SW,Traffic signal,Yes,Yes,Yes,51.04179164783613,-114.07661242153392,10,2017-11-17 19:24:00-07:00,2025-01-31 15:45:00-07:00,7,Monday,16.0,Evening,Two vehicle incident.,1.5793782097265876
1110061939,B2896,2017-07-27 00:00:00,30 AVENUE,4 STREET,30 AVENUE & 4 STREET,NW,Pedestrian RRFB,Yes,No,No,51.07965252245009,-114.07154040991897,10,2017-06-23 01:45:00-06:00,2025-10-21 06:04:00-06:00,7,Wednesday,1.0,Evening Rush,Traffic incident.,1.6982191086024252
1109000791,0551,2000-09-29 00:00:00,33 AVENUE,22 STREET,33 AVENUE & 22 STREET,SW,Traffic signal,Yes,Yes,Yes,51.02398658126632,-114.11434351719726,10,2017-11-03 11:45:00-06:00,2025-11-22 05:05:00-07:00,8,Friday,5.0,Midday,Multi-vehicle incident. All lanes are blocked,0.005925257820957911
1109001446,0934,1998-10-05 00:00:00,COUNTRY HILLS BOULEVARD,DEERFOOT TRAIL SB RAMP,COUNTRY HILLS BOULEVARD & DEERFOOT TRAIL SB RAMP,NE,Traffic signal T intersection,No,No,No,51.154356571538194,-114.02056133973645,10,2017-07-10 13:35:00-06:00,2025-12-04 07:36:00-07:00,7,Monday,7.0,Midday,Single vehicle incident.,18.542936967503394
1109000779,0642,1987-10-28 00:00:00,63 AVENUE,CROWCHILD TRAIL,63 AVENUE & CROWCHILD TRAIL,SW,Traffic signal T intersection,Yes,No,Yes,50.9971670199639,-114.11791451247016,10,2018-06-04 09:31:00-06:00,2026-04-18 14:19:00-06:00,7,Monday,14.0,Midday,Traffic incident.,6.429063653020089
1109746215,1124,2015-04-01 00:00:00,SAGE HILL BOULEVARD,SHAGANAPPI TRAIL,SAGE HILL BOULEVARD & SHAGANAPPI TRAIL,NW,Traffic signal T intersection,Yes,Yes,Wai,51.17041519045226,-114.15290301177804,10,2016-12-08 15:46:00-07:00,2026-04-19 13:27:00-06:00,8,Tuesday,7.0,Evening Rush,Traffic incident.,14.072606256022773
1109000858,0500,1983-01-01 00:00:00,25 AVENUE,SPILLER ROAD,25 AVENUE & SPILLER ROAD,SE,Traffic signal,Yes,No,No,51.029688750020725,-114.05000444620283,10,2019-05-15 16:19:00-06:00,2026-03-03 21:09:00-07:00,6,Tuesday,16.0,Evening,Two vehicle incident. Blocking multiple lanes in the intersection,10.536325541887173
1109000818,B2701,2002-05-01 00:00:00,90 AVENUE,19 STREET,90 AVENUE & 19 STREET,SW,Overhead Flasher,Yes,No,No,50.97222183162496,-114.10632741802502,10,2017-07-21 18:43:00-06:00,2026-04-09 07:53:00-06:00,5,Friday,14.0,Evening Rush,Traffic incident.,4.948458785379033
1109730484,1111,2015-10-08 00:00:00,104 AVENUE,36 STREET,104 AVENUE & 36 STREET,NE,Traffic signal T intersection,Yes,No,No,51.14700015130591,-113.98164702143036,10,2020-12-18 08:47:00-07:00,2026-03-19 14:02:00-06:00,5,Thursday,9.0,Evening Rush,Traffic incident. Blocking the right lane,7.0002947458304945
1109000824,0213,1964-01-01 00:00:00,14 AVENUE,19 STREET,14 AVENUE & 19 STREET,NW,Traffic signal,Yes,No,No,51.065140726743145,-114.10630265940618,10,2017-10-31 17:43:00-06:00,2025-01-22 17:39:00-07:00,7,Wednesday,10.0,Midday,Traffic incident.,3.982444418023081
1109000615,0537,1997-05-16 00:00:00,RICHMOND ROAD,STEWART GREEN,RICHMOND ROAD & STEWART GREEN,SW,Traffic signal,Yes,Yes,Yes,51.01784408170639,-114.16801007962968,10,2019-10-22 16:37:00-06:00,2025-11-27 15:29:00-07:00,4,Thursday,15.0,Evening Rush,Traffic incident.,19.054569229057897
1109001507,B2722,2003-11-28 00:00:00,17 AVENUE,61 STREET,17 AVENUE & 61 STREET,SE,Overhead Flasher,Yes,No,No,51.03787325267181,-113.94275203480102,10,2017-05-05 21:38:00-06:00,2026-09-11 08:00:00-06:00,7,Saturday,13.0,Midday,Two vehicle incident.,42.06961760500103
1109641270,1079,2011-10-29 00:00:00,17 AVENUE,SARCEE TRAIL,17 AVENUE & SARCEE TRAIL,SW,Traffic signal,Yes,Yes,No,51.039557246539495,-114.16226876981943,10,2020-07-11 08:44:00-06:00,2026-06-19 21:24:00-06:00,7,Tuesday,9.0,Morning Rush,Multi-vehicle incident.,24.314604084947355
1109703363,1096,2013-07-11 00:00:00,MARKET STREET/SETON CRESCENT,SETON WAY,MARKET STREET/SETON CRESCENT & SETON WAY,SE,Traffic signal,Yes,Yes,Yes,50.87959906669588,-113.95670758585844,10,2017-10-14 00:48:00-06:00,2026-08-14 21:17:00-06:00,8,Friday,14.0,Evening Rush,Traffic incident.,9.353252426042909
1109000543,0683,2012-12-24 00:00:00,14 AVENUE,85 STREET,14 AVENUE & 85 STREET,SW,Traffic signal,Yes,Yes,Yes,51.04517887300272,-114.21096863680984,10,2017-11-03 09:27:00-06:00,2026-06-12 09:28:00-06:00,8,Friday,9.0,Morning Rush,Traffic incident.,30.63903502562702
1110469904,B0133,2024-12-20 00:00:00,ELBOW DRIVE,SOUTHAMPTON DRIVE,ELBOW DRIVE & SOUTHAMPTON DRIVE,SW,Overhead Flasher,Yes,No,No,50.96064929411011,-114.08479482022643,10,2018-02-02 18:47:00-07:00,2026-07-03 13:02:00-06:00,6,Monday,16.0,Evening Rush,Traffic incident.,0.005803188131873306
1109000541,0811,2004-04-29 00:00:00,8888,COUNTRY HILLS BOULEVARD,8888 & COUNTRY HILLS BOULEVARD,NW,Traffic signal,Yes,No,No,51.15219129580288,-114.21576735749402,10,2021-12-06 20:14:00-07:00,2026-09-16 10:13:00-06:00,5,Monday,21.0,Evening,Traffic incident.,20.706236568606386
1110472810,1305,2025-03-21 00:00:00,BISHOP WAY,RICHARDSON WAY,BISHOP WAY & RICHARDSON WAY,SW,Traffic signal,Yes,Yes,Yes,51.01483802877492,-114.12930922417286,9,2018-04-09 10:48:00-06:00,2026-04-18 16:05:00-06:00,6,Wednesday,8.0,Morning Rush,Traffic incident.,10.232989404766583
1109001929,1026,2010-11-16 00:00:00,9 AVENUE,6 STREET,9 AVENUE & 6 STREET,SE,Traffic signal T intersection,No,Yes,Yes,51.04408051446817,-114.04835887096736,9,2017-05-15 08:14:00-06:00,2026-04-18 06:15:00-06:00,7,Thursday,6.0,Evening Rush,Traffic incident.,4.12335142676215
1109641387,1081,2011-07-25 00:00:00,DOUGLAS GLEN BOULEVARD,18 STREET,DOUGLAS GLEN BOULEVARD & 18 STREET,SE,Traffic signal T intersection,Yes,Yes,No,50.95717350568693,-114.0074251343112,9,2018-01-04 09:55:00-07:00,2026-08-05 21:40:00-06:00,7,Thursday,17.0,Evening Rush,Traffic incident.,4.80860927421737
1110419298,B0137,2025-12-02 00:00:00,ROSEHILL DRIVE,14 STREET,ROSEHILL DRIVE & 14 STREET,NW,Overhead Flasher,Yes,No,No,51.07780614534902,-114.09469458807716,9,2020-11-21 14:29:00-07:00,2026-08-09 21:47:00-06:00,5,Tuesday,16.0,Evening Rush,Traffic incident.,2.788274248433046
1110422695,1292,2024-11-19 00:00:00,144 AVENUE,EDITH GATE/NOLAN HILL BV,144 AVENUE & EDITH GATE/NOLAN HILL BV,NW,Traffic signal,Yes,Yes,Yes,51.18310206115291,-114.1702331729931,9,2022-02-04 20:51:00-07:00,2026-07-14 21:38:00-06:00,3,Friday,9.0,Evening,Traffic incident.,15.166457130701819
1109000846,0194,1980-01-01 00:00:00,16 AVENUE,NORTH HILL MALL,16 AVENUE & NORTH HILL MALL,NW,Traffic signal,Yes,Yes,Yes,51.06691943083007,-114.09805580548796,9,2018-03-22 19:20:00-06:00,2025-08-19 20:11:00-06:00,7,Saturday,13.0,Evening,Traffic incident.,14.3777690222606
1110156134,1156,2022-09-28 00:00:00,16 AVENUE,BOWNESS ROAD,16 AVENUE & BOWNESS ROAD,NW,1/4 signal,No,No,No,51.06601392883261,-114.15076359756942,9,2020-01-17 16:31:00-07:00,2026-06-30 00:49:00-06:00,6,Tuesday,16.0,Evening Rush,Traffic incident.,55.836853554473386
1109001124,0281,1990-09-19 00:00:00,3 AVENUE,5 STREET,3 AVENUE & 5 STREET,SW,Traffic signal,No,Yes,No,51.05059361288285,-114.07352281438864,9,2017-07-24 09:59:00-06:00,2026-06-18 10:05:00-06:00,7,Monday,9.0,Evening Rush,Two vehicle incident.,0.2410532919951197
1109001407,B2599,1992-08-01 00:00:00,EDMONTON TRAIL,2 AVENUE,EDMONTON TRAIL & 2 AVENUE,NE,Overhead Flasher,Yes,No,No,51.05463303980542,-114.05092129473896,9,2020-01-14 10:25:00-07:00,2025-12-27 17:12:00-07:00,5,Tuesday,13.0,Evening Rush,Traffic incident.,7.044538013887794
1109001184,0375,1964-01-01 00:00:00,9 AVENUE,3 STREET,9 AVENUE & 3 STREET,SW,Traffic signal T intersection,No,Yes,No,51.04482849223333,-114.07047657844583,9,2017-09-18 10:59:00-06:00,2025-11-22 01:52:00-07:00,7,Monday,10.0,Midday,Multi-vehicle incident.,3.1621509146584104
1109001367,0614,2008-02-04 00:00:00,12 AVENUE,3 STREET,12 AVENUE & 3 STREET,SE,Traffic signal,No,Yes,No,51.0412312435667,-114.05592693181134,9,2017-03-18 02:25:00-06:00,2026-02-20 10:16:00-07:00,7,Wednesday,2.0,Midday,Traffic incident. Blocking multiple lanes,2.393504760554886
1109001126,0529,1992-06-16 00:00:00,ELBOW DRIVE,5 STREET,ELBOW DRIVE & 5 STREET,SW,Traffic signal T intersection,Yes,Yes,No,51.02960981901137,-114.0732892345312,9,2017-05-10 08:14:00-06:00,2025-02-16 08:55:00-07:00,6,Monday,8.0,Evening Rush,Traffic incident.,12.311813713015027
1109000935,B2619,1992-06-01 00:00:00,14 STREET,15 AVENUE,14 STREET & 15 AVENUE,SW,Overhead Flasher,Yes,No,No,51.03946705410602,-114.0947083569082,9,2017-02-28 14:23:00-07:00,2026-05-28 16:34:00-06:00,7,Tuesday,12.0,Evening,Traffic incident.,0.3666913560795485
1109001609,1008,2011-05-13 00:00:00,42 AVENUE,39 AVENUE,42 AVENUE & 39 AVENUE,SE,Traffic signal T intersection,Yes,Yes,Yes,51.015931884707385,-114.0575669698771,9,2019-06-05 17:24:00-06:00,2025-03-16 09:16:00-06:00,6,Monday,7.0,Evening Rush,Traffic incident.,0.0026673488207059884
1109001605,0553,2009-08-20 00:00:00,17 AVENUE,ASPEN SUMMIT DRIVE,17 AVENUE & ASPEN SUMMIT DRIVE,SW,Traffic signal T intersection,Yes,Yes,Yes,51.03795687978917,-114.20356712201584,9,2018-05-12 15:47:00-06:00,2026-08-26 15:47:00-06:00,7,Wednesday,15.0,Evening Rush,Traffic incident.,8.102609342779356
1109000923,B2725,2004-07-01 00:00:00,25 AVENUE,14 STREET,25 AVENUE & 14 STREET,SW,Overhead Flasher,Yes,No,No,51.03145086626567,-114.094712729998,9,2016-12-07 14:08:00-07:00,2025-12-10 15:26:00-07:00,5,Wednesday,15.0,Midday,Traffic incident.,2.076875878358673
1109001639,0817,2007-08-27 00:00:00,SUNRIDGE BOULEVARD,26 STREET,SUNRIDGE BOULEVARD & 26 STREET,NE,Traffic signal,Yes,No,No,51.07685766771025,-113.9982019170603,9,2018-10-24 18:45:00-06:00,2026-09-16 07:40:00-06:00,6,Wednesday,6.0,Evening Rush,Traffic incident.,32.92709886562809
1109001587,0991,2020-02-25 00:00:00,11 AVENUE,3 STREET,11 AVENUE & 3 STREET,SE,Traffic signal,No,Yes,Yes,51.04216388448042,-114.05588458215814,9,2017-09-11 18:55:00-06:00,2026-08-27 16:44:00-06:00,6,Monday,0.0,Evening Rush,There is an incident involving a pedestrian- EMS on site.,0.003099713656273569
1109000916,0485,1980-01-01 00:00:00,21 AVENUE,11 STREET,21 AVENUE & 11 STREET,SE,Traffic signal T intersection,Yes,Yes,Yes,51.03458074635488,-114.03676216553374,9,2018-07-22 16:51:00-06:00,2025-12-19 05:59:00-07:00,5,Friday,16.0,Evening,Traffic incident.,0.004930120522082781
1110061211,0873,2018-04-19 00:00:00,15 AVENUE,8 STREET,15 AVENUE & 8 STREET,SW,Traffic signal,No,Yes,Yes,51.03910827950264,-114.08171776400074,9,2017-03-03 10:22:00-07:00,2026-09-06 17:16:00-06:00,6,Monday,12.0,Midday,Traffic incident.,0.8597845665935561
1109743567,0238,2021-08-19 00:00:00,10 AVENUE,9 STREET,10 AVENUE & 9 STREET,SW,Traffic signal,Yes,Yes,Yes,51.04390676300915,-114.0838495517034,9,2017-10-02 04:49:00-06:00,2025-01-26 01:41:00-07:00,6,Monday,1.0,Evening,Traffic incident.,0.0036732836933556323
1110232516,1153,2021-09-17 00:00:00,NOSE HILL DRIVE,TUSCANY HILL,NOSE HILL DRIVE & TUSCANY HILL,NW,Traffic signal,Yes,Yes,Yes,51.10720276571299,-114.24395440886798,9,2020-05-17 17:59:00-06:00,2026-03-10 08:46:00-06:00,6,Sunday,13.0,Midday,Traffic incident.,66.79537219531082
1109999560,0101,2016-12-09 00:00:00,SHAGANAPPI TRAIL,UNIVERSITY AVENUE,SHAGANAPPI TRAIL & UNIVERSITY AVENUE,NW,Traffic signal,Yes,Yes,No,51.07677092345422,-114.15214877069076,9,2016-12-15 17:04:00-07:00,2025-12-18 20:50:00-07:00,7,Friday,15.0,Evening Rush,Traffic incident.,11.283006322687136
1109777284,B2787,2014-12-16 00:00:00,3 AVENUE/PARKDALE BOULEVARD,32 STREET,3 AVENUE/PARKDALE BOULEVARD & 32 STREET,NW,Overhead Flasher,Yes,No,No,51.05664042590489,-114.1342166665268,9,2017-11-29 09:47:00-07:00,2025-11-24 11:45:00-07:00,7,Monday,7.0,Morning Rush,Traffic incident.,1.2806331650808707
1109001071,0560,1960-01-01 00:00:00,ELBOW DRIVE,SIFTON BOULEVARD,ELBOW DRIVE & SIFTON BOULEVARD,SW,Traffic signal T intersection,Yes,Yes,No,51.01917163546919,-114.07784871485502,9,2017-11-16 12:52:00-07:00,2026-08-20 16:57:00-06:00,7,Thursday,11.0,Midday,Traffic incident.,1.6399645481348875
1109000573,0113,1996-11-04 00:00:00,CROWFOOT RD/RANGE DR,NOSE HILL DRIVE,CROWFOOT RD/RANGE DR & NOSE HILL DRIVE,NW,Traffic signal,Yes,No,No,51.12597618081399,-114.19637908197944,9,2018-03-08 14:17:00-07:00,2026-08-28 06:59:00-06:00,5,Thursday,14.0,Midday,Two vehicle incident. Blocking the right lane.,37.30826821707366
1109936494,0774,2016-08-22 00:00:00,15 AVENUE,4 STREET,15 AVENUE & 4 STREET,SW,Traffic signal,Yes,Yes,Yes,51.03882897515384,-114.07152123729423,9,2018-08-27 07:36:00-06:00,2024-05-06 18:20:00-06:00,5,Monday,18.0,Evening Rush,Traffic incident.,3.1860476759075294
1109001359,0798,2004-02-23 00:00:00,MIDPARK BOULEVARD,MIDPARK DRIVE,MIDPARK BOULEVARD & MIDPARK DRIVE,SE,Traffic signal,Yes,No,No,50.91261043394671,-114.06128254775624,9,2018-06-05 12:57:00-06:00,2026-04-16 08:41:00-06:00,7,Friday,8.0,Midday,Traffic incident.,6.9227755461259575
1109001092,0662,1972-01-01 00:00:00,HERITAGE DRIVE,HADDON ROAD,HERITAGE DRIVE & HADDON ROAD,SW,Traffic signal T intersection,Yes,Yes,Yes,50.979545642559465,-114.07623020297407,9,2018-09-11 15:46:00-06:00,2026-06-04 13:57:00-06:00,6,Saturday,15.0,Evening Rush,Single vehicle incident. Blocking the right lane,4.612094032192816
1109001001,0670,1971-01-01 00:00:00,89 AVENUE,ELBOW DRIVE,89 AVENUE & ELBOW DRIVE,SW,Traffic signal,Yes,No,Yes,50.97353736398431,-114.08451887620753,9,2017-12-18 14:39:00-07:00,2025-03-10 17:43:00-06:00,6,Friday,9.0,Evening Rush,Traffic incident.,1.2974730591575439
1109379313,1267,1986-07-02 00:00:00,MACLEOD TRAIL,18 AVENUE,MACLEOD TRAIL & 18 AVENUE,SE,Fire signal,No,No,No,51.03669633735733,-114.05877355840316,9,2022-03-29 23:44:00-06:00,2026-08-18 21:45:00-06:00,4,Friday,21.0,Evening,There is an incident involving a pedestrian- EMS Dispatched. Blocking the NB right lanes,33.846972001553205
1109000980,0482,2004-12-23 00:00:00,12 AVENUE,10 STREET,12 AVENUE & 10 STREET,SW,Traffic signal,No,Yes,Yes,51.04208048459208,-114.08644299175135,9,2020-02-25 11:25:00-07:00,2025-08-18 08:37:00-06:00,5,Monday,19.0,Evening Rush,Traffic incident.,0.31730099209363094
1109001096,0335,1962-01-01 00:00:00,7 AVENUE,6 STREET,7 AVENUE & 6 STREET,SW,Traffic signal,No,Yes,Yes,51.04688810343088,-114.0762408547784,9,2017-03-09 00:17:00-07:00,2026-06-05 23:49:00-06:00,5,Saturday,0.0,Midday,Traffic incident.,1.9144340035554646
1109001108,0434,2021-11-30 00:00:00,16 AVENUE,8 STREET,16 AVENUE & 8 STREET,SW,Traffic signal,No,Yes,Yes,51.03814686704427,-114.08179065966574,9,2018-12-03 17:39:00-07:00,2025-07-31 18:50:00-06:00,6,Monday,17.0,Evening Rush,Traffic incident.,0.004244707008447342
1110203131,B0016,2020-10-15 00:00:00,18 AVENUE,2 STREET,18 AVENUE & 2 STREET,SW,Pedestrian RRFB,Yes,No,No,51.03713706375266,-114.0685831828266,9,2017-09-15 23:10:00-06:00,2025-03-28 20:42:00-06:00,5,Friday,7.0,Evening,Traffic incident.,2.007335230441791
1110189610,1291,2025-06-18 00:00:00,KINCORA GATE,SHAGANAPPI TRAIL,KINCORA GATE & SHAGANAPPI TRAIL,NW,Traffic signal T intersection,Yes,Yes,Yes,51.1655999975993,-114.14868937420268,9,2018-05-25 17:21:00-06:00,2026-02-17 22:34:00-07:00,5,Wednesday,8.0,Evening Rush,Traffic incident.,19.525456620299426
1110203124,B0009,2019-04-29 00:00:00,CRANSTON AVENUE,CRANSTON ROAD,CRANSTON AVENUE & CRANSTON ROAD,SE,Pedestrian RRFB,Yes,No,No,50.879769626155024,-113.97896017571904,9,2017-07-30 19:31:00-06:00,2025-12-26 12:40:00-07:00,5,Monday,16.0,Evening Rush,Two vehicle incident.,7.7964170673689965
1109587725,1065,2012-11-21 00:00:00,17 AVENUE,47 STREET,17 AVENUE & 47 STREET,SW,1/2 signal,Yes,Yes,No,51.03782001528052,-114.1557982342032,9,2018-04-15 22:09:00-06:00,2026-05-07 16:32:00-06:00,6,Monday,22.0,Evening,Traffic incident.,54.44342490683096
1109981125,1154,2016-07-06 00:00:00,SHERIFF KING STREET,SILVERADO BOULEVARD,SHERIFF KING STREET & SILVERADO BOULEVARD,SW,Traffic signal,Yes,Yes,No,50.88683901600595,-114.07115940411572,9,2018-02-09 16:01:00-07:00,2026-07-13 07:57:00-06:00,7,Sunday,6.0,Morning Rush,Traffic incident.,30.42544065152292
1109001201,0624,1995-05-30 00:00:00,61 AVENUE,3 STREET,61 AVENUE & 3 STREET,SW,Traffic signal,Yes,Yes,Yes,50.99770923251114,-114.06957848685694,9,2016-12-17 19:57:00-07:00,2026-08-10 17:42:00-06:00,7,Saturday,14.0,Morning Rush,Traffic incident.,7.548501922278141
1109001005,B2581,1978-08-01 00:00:00,10 STREET,13 AVENUE,10 STREET & 13 AVENUE,NW,Overhead Flasher,Yes,No,No,51.06389999204952,-114.08445777657325,8,2018-12-06 12:40:00-07:00,2026-05-18 19:56:00-06:00,5,Saturday,0.0,Midday,Multi-vehicle incident. Blocking multi lanes,2.0241348956703473
1109407702,1060,2018-03-02 00:00:00,BARLOW TRAIL,STONEHILL GATE,BARLOW TRAIL & STONEHILL GATE,NE,Traffic signal,Yes,No,No,51.15676853019579,-114.00166908155327,8,2020-11-11 10:39:00-07:00,2026-07-09 21:35:00-06:00,7,Tuesday,10.0,Evening Rush,Traffic incident.,54.46242364314934
1109001719,0652,1999-09-16 00:00:00,72 AVENUE,40 STREET,72 AVENUE & 40 STREET,SE,Traffic signal,Yes,No,No,50.9895019194561,-113.97655487597648,8,2017-08-15 15:45:00-06:00,2026-03-12 19:31:00-06:00,5,Friday,12.0,Midday,Traffic incident.,2.069904461447078
1110263719,B0044,2020-12-04 00:00:00,11 AVENUE,12 STREET,11 AVENUE & 12 STREET,SE,Overhead Flasher,Yes,No,No,51.03973772782554,-114.0358014247234,8,2018-01-28 01:43:00-07:00,2024-06-30 03:19:00-06:00,5,Friday,0.0,Evening Rush,"CFD Incident, various roads are closed in the area.",5.457665360446802
1110263578,B0037,2021-11-22 00:00:00,24 AVENUE,22 STREET,24 AVENUE & 22 STREET,NW,Pedestrian RRFB,Yes,No,No,51.07427707415205,-114.1129463634038,8,2021-07-21 15:36:00-06:00,2025-11-27 17:36:00-07:00,4,Wednesday,16.0,Evening Rush,Traffic incident.,0.0059591489152780565
1109001777,B2613,1992-06-17 00:00:00,52 STREET,PENSDALE ROAD,52 STREET & PENSDALE ROAD,SE,Overhead Flasher,Yes,No,No,51.04282964149292,-113.95839447644092,8,2017-05-03 20:19:00-06:00,2025-05-12 22:06:00-06:00,6,Monday,15.0,Evening,Traffic incident.,8.865250791774107
1110403672,1270,2022-11-03 00:00:00,HARVEST HILLS BOULEVARD,STONEY TRAIL,HARVEST HILLS BOULEVARD & STONEY TRAIL,N,Traffic signal T intersection,,No,No,51.174909582412376,-114.06895547141336,8,2020-07-22 22:51:00-06:00,2025-10-13 07:21:00-06:00,4,Friday,10.0,Evening,Traffic incident.,9.319673049359837
1109000811,0730,1984-01-01 00:00:00,WOODVIEW DRIVE,WOODPARK BOULEVARD,WOODVIEW DRIVE & WOODPARK BOULEVARD,SW,Traffic signal,Yes,No,No,50.941519581350974,-114.10890901467702,8,2018-12-02 09:46:00-07:00,2026-01-23 01:32:00-07:00,5,Sunday,13.0,Midday,Traffic incident.,31.51656550680729
1109000578,B2505,1966-08-01 00:00:00,BOWNESS ROAD,73 STREET,BOWNESS ROAD & 73 STREET,NW,Overhead Flasher,Yes,No,No,51.08896467469226,-114.19338022765471,8,2019-11-25 07:08:00-07:00,2024-11-06 08:02:00-07:00,6,Wednesday,7.0,Evening Rush,Traffic incident.,13.31205980675504
1109001173,0081,1970-01-01 00:00:00,NORTHMOUNT DRIVE,4 STREET,NORTHMOUNT DRIVE & 4 STREET,NW,Traffic signal,Yes,Yes,Yes,51.10265414819749,-114.07147787639585,8,2017-04-21 18:06:00-06:00,2025-04-04 18:17:00-06:00,5,Thursday,14.0,Evening Rush,Traffic incident.,0.3207296031825559
1110582174,B0201-TEMP,2025-11-17 00:00:00,144 AVENUE,AMBLETON STREET/EVANSTON HILL,144 AVENUE & AMBLETON STREET/EVANSTON HILL,NW,Pedestrian RRFB,,No,No,51.18326849942737,-114.11108182340568,8,2024-08-14 15:09:00-06:00,2026-09-27 18:23:21-06:00,3,Monday,8.0,Evening Rush,Traffic incident.,12.169891940798328
1110203134,B0019,2020-01-08 00:00:00,KENSINGTON ROAD,KENSINGTON CRESCENT/11A STREET,KENSINGTON ROAD & KENSINGTON CRESCENT/11A STREET,NW,Overhead Flasher,Yes,No,No,51.05250886348541,-114.0903219300316,8,2018-09-10 15:57:00-06:00,2026-06-27 23:04:00-06:00,4,Saturday,18.0,Evening Rush,Two vehicle incident.,9.021281606368682
1109001937,B2752,2007-09-13 00:00:00,23 AVENUE,CENTRE STREET,23 AVENUE & CENTRE STREET,N,Overhead Flasher,Yes,No,No,51.07339904129997,-114.06251856161276,8,2017-05-26 20:09:00-06:00,2024-09-03 17:45:00-06:00,4,Friday,20.0,Evening,Traffic incident.,10.43134672907479
1110358044,1261,2023-12-22 00:00:00,CANYON MEADOWS DRIVE,6 STREET,CANYON MEADOWS DRIVE & 6 STREET,SW,Traffic signal,Yes,Yes,Yes,50.93379224756789,-114.07639758699982,8,2017-05-06 14:38:00-06:00,2026-02-27 19:05:00-07:00,7,Friday,17.0,Evening,Traffic incident.,7.848502586582082
1109000716,B2634,1973-08-01 00:00:00,3 AVENUE/BOWNESS ROAD,34 STREET,3 AVENUE/BOWNESS ROAD & 34 STREET,NW,Overhead Flasher,Yes,No,No,51.05802291625936,-114.13698765338444,8,2018-02-12 08:42:00-07:00,2026-03-23 08:48:00-06:00,5,Friday,8.0,Evening Rush,Traffic incident.,50.5875960031662
1109001156,0490,1968-01-01 00:00:00,23 AVENUE,4 STREET,23 AVENUE & 4 STREET,SW,Traffic signal,No,Yes,Yes,51.03248053518191,-114.07151244629983,8,2017-02-18 17:27:00-07:00,2023-09-04 08:11:00-06:00,6,Wednesday,7.0,Midday,Traffic incident.,0.25754595988449586
1109601453,B2757,2010-12-14 00:00:00,68 STREET,14 AVENUE,68 STREET & 14 AVENUE,SE,Overhead Flasher,Yes,No,No,51.04049688870872,-113.93516700120657,8,2018-11-23 17:01:00-07:00,2026-09-25 18:14:38-06:00,5,Friday,15.0,Evening Rush,Traffic incident.,31.777012402243475
1109001381,0054,1991-08-13 00:00:00,GODDARD AVENUE,4 STREET,GODDARD AVENUE & 4 STREET,NE,Traffic signal,Yes,No,No,51.09748176419153,-114.05386331255843,8,2018-03-15 10:11:00-06:00,2025-10-21 01:10:00-06:00,4,Friday,14.0,Midday,Traffic incident.,0.9048588588238988
1109000967,B2612,1968-10-01 00:00:00,13 AVENUE,11 STREET,13 AVENUE & 11 STREET,SW,Overhead Flasher,Yes,No,No,51.04124595362943,-114.0889811947483,8,2020-01-28 11:44:00-07:00,2025-08-11 19:54:00-06:00,4,Tuesday,2.0,Evening,Traffic incident.,4.362762145219852
1110175636,1194,2019-09-25 00:00:00,COUGAR RIDGE DRIVE/89 STREET,OLD BANFF COACH ROAD,COUGAR RIDGE DRIVE/89 STREET & OLD BANFF COACH ROAD,SW,Traffic signal,Yes,Yes,Yes,51.06699799169043,-114.21678515928473,8,2017-09-08 17:56:00-06:00,2022-09-27 19:10:00-06:00,5,Friday,16.0,Evening Rush,Two vehicle incident.,36.1056791155942
1110203129,B0014,2019-05-13 00:00:00,10 AVENUE,12 STREET,10 AVENUE & 12 STREET,SW,Pedestrian RRFB,Yes,No,No,51.04411449861569,-114.09124509320922,8,2017-07-18 19:20:00-06:00,2026-05-12 16:48:00-06:00,6,Tuesday,16.0,Evening Rush,Traffic incident.,0.004626149607475705
1109001025,0616,2002-09-03 00:00:00,ELBOW DRIVE,MALIBOU ROAD,ELBOW DRIVE & MALIBOU ROAD,SW,Traffic signal,Yes,Yes,Yes,50.99550683777361,-114.0831654356384,8,2017-09-21 18:30:00-06:00,2026-06-23 17:45:00-06:00,7,Friday,16.0,Evening Rush,Two vehicle incident.,1.8276592416398743
1109001279,0354,1953-01-01 00:00:00,8 AVENUE,CENTRE STREET,8 AVENUE & CENTRE STREET,S,Traffic signal,No,Yes,Yes,51.04552954867606,-114.06300453370385,8,2022-06-25 16:04:00-06:00,2025-10-09 04:29:00-06:00,3,Thursday,4.0,Evening Rush,Traffic incident.,0.2798424436021752
1109001269,0984,2008-04-07 00:00:00,FAIRMOUNT DRIVE,FARRELL ROAD,FAIRMOUNT DRIVE & FARRELL ROAD,SE,Traffic signal,Yes,No,No,50.99205373163588,-114.06375828425284,8,2019-10-22 12:45:00-06:00,2025-09-29 09:57:00-06:00,5,Tuesday,7.0,Morning Rush,Traffic incident.,2.9558966566141094
1109938844,0993,2017-02-22 00:00:00,80 AVENUE,OGDEN ROAD,80 AVENUE & OGDEN ROAD,SE,Traffic signal,Yes,Yes,No,50.98139695729101,-113.99876223609414,8,2019-12-20 17:41:00-07:00,2026-09-23 08:22:27-06:00,7,Wednesday,17.0,Evening Rush,Traffic incident.,0.7769139530405056
1109001258,0286,1990-06-18 00:00:00,3 AVENUE,1 STREET,3 AVENUE & 1 STREET,SW,Traffic signal,No,Yes,Yes,51.050364831520994,-114.06514841235762,8,2017-04-28 13:30:00-06:00,2026-04-04 12:31:00-06:00,6,Friday,6.0,Midday,Two vehicle incident.,2.0759588948348884
1109000700,0074,1975-01-01 00:00:00,NORTHLAND DRIVE,NORTHMOUNT DRIVE,NORTHLAND DRIVE & NORTHMOUNT DRIVE,NW,Traffic signal,Yes,Yes,Yes,51.09602816367231,-114.14130783326924,8,2018-03-21 09:26:00-06:00,2026-05-18 18:49:00-06:00,5,Thursday,9.0,Evening Rush,Traffic incident.,6.593611702816623
1109955827,1145,2019-01-31 00:00:00,WESTWINDS DRIVE,47 STREET,WESTWINDS DRIVE & 47 STREET,NE,Traffic signal,Yes,Yes,Yes,51.10012716665518,-113.96592107653127,8,2019-05-04 12:30:00-06:00,2025-08-15 21:24:00-06:00,5,Tuesday,16.0,Evening Rush,Traffic incident.,0.05060388513481576
1109001011,0345,1976-01-01 00:00:00,8 AVENUE,9 STREET,8 AVENUE & 9 STREET,SW,Traffic signal,No,Yes,No,51.04611888416877,-114.08368386304048,8,2017-09-26 08:45:00-06:00,2026-07-07 16:33:00-06:00,5,Tuesday,18.0,Evening Rush,Traffic incident.,1.624277108924516
1109767705,1213,2020-11-26 00:00:00,210 AVENUE,ALDERSYDE GATE/WALDEN COMMON,210 AVENUE & ALDERSYDE GATE/WALDEN COMMON,SE,Traffic signal,Yes,Yes,Yes,50.86577247733397,-114.02905929647092,8,2021-07-23 11:43:00-06:00,2025-12-09 15:24:00-07:00,4,Tuesday,11.0,Evening Rush,Traffic incident.,26.426549243712056
1109595320,1073,2012-11-14 00:00:00,7 AVENUE,10 STREET,7 AVENUE & 10 STREET,SW,Traffic signal,Yes,Yes,Yes,51.04716069474149,-114.08607372347984,8,2018-01-04 17:00:00-07:00,2026-08-24 10:02:00-06:00,6,Thursday,17.0,Evening Rush,There is an incident involving a pedestrian- EMS on site.,2.206224466628893
1109001592,0996,2014-11-24 00:00:00,14 AVENUE,1 STREET,14 AVENUE & 1 STREET,SE,Traffic signal,No,Yes,Yes,51.03947313423339,-114.06100222051528,8,2018-03-17 22:25:00-06:00,2026-06-23 00:53:00-06:00,6,Friday,0.0,Evening Rush,Multi-vehicle incident.,0.0019181803050268378
1109001591,0995,2014-11-24 00:00:00,13 AVENUE,MACLEOD TRAIL,13 AVENUE & MACLEOD TRAIL,SE,Traffic signal T intersection,No,Yes,Yes,51.040345614685855,-114.05847669991908,8,2017-07-12 16:34:00-06:00,2025-09-26 16:43:00-06:00,5,Wednesday,16.0,Evening Rush,Stalled vehicle. Blocking the centre lane,0.0017028642730556542
1109000887,0502,1983-01-01 00:00:00,25 AVENUE,DARTMOUTH ROAD,25 AVENUE & DARTMOUTH ROAD,SE,Traffic signal T intersection,Yes,No,No,51.02833196859438,-114.04375041830092,8,2017-02-19 07:44:00-07:00,2023-09-30 09:19:00-06:00,6,Thursday,2.0,Morning Rush,Traffic incident.,6.156182060206824
1109000750,0098,1989-10-13 00:00:00,BRENTWOOD ROAD,CROWCHILD TR RAMP/MALL ENT,BRENTWOOD ROAD & CROWCHILD TR RAMP/MALL ENT,NW,Traffic signal,Yes,No,No,51.08575880033654,-114.12832975657226,8,2018-12-04 10:15:00-07:00,2025-11-18 20:23:00-07:00,7,Friday,7.0,Morning Rush,Traffic incident.,1.814184692787922
1109626187,B2747,2015-01-26 00:00:00,BOW BOTTOM TRAIL,137 AVENUE,BOW BOTTOM TRAIL & 137 AVENUE,SE,Pedestrian RRFB,Yes,No,No,50.92733962688186,-114.03009524588803,8,2019-11-01 11:28:00-06:00,2026-09-04 13:10:00-06:00,6,Friday,18.0,Evening Rush,Traffic incident.,14.119348708912252
1110035604,0831,2017-08-11 00:00:00,SUN VALLEY BOULEVARD,SUNPARK GATE,SUN VALLEY BOULEVARD & SUNPARK GATE,SE,Traffic signal,Yes,Yes,Yes,50.90604877408244,-114.05806496925835,8,2018-09-05 16:00:00-06:00,2026-06-28 16:30:00-06:00,7,Wednesday,16.0,Midday,Multi-vehicle incident. Blocking the WB right lane,32.60312097931885
1109001074,0491,2005-03-23 00:00:00,MEMORIAL DRIVE,7 STREET,MEMORIAL DRIVE & 7 STREET,NW,1/2 signal,Yes,Yes,No,51.05573146234122,-114.07773723211326,8,2017-08-13 09:55:00-06:00,2022-10-22 08:07:00-06:00,5,Sunday,1.0,Midday,Traffic signals are flashing red.,9.197030614829456
1109000912,0607,1989-07-10 00:00:00,58 AVENUE,11 STREET,58 AVENUE & 11 STREET,SE,Traffic signal T intersection,Yes,No,No,51.00175824917187,-114.0372890615277,8,2018-01-15 13:51:00-07:00,2026-07-29 08:17:00-06:00,5,Tuesday,14.0,Midday,Traffic incident.,0.5253408905436301
1109001884,1037,2009-06-08 00:00:00,ROYAL BIRCH BOULEVARD,ROYAL OAK WAY,ROYAL BIRCH BOULEVARD & ROYAL OAK WAY,NW,Traffic signal,Yes,Yes,Yes,51.148864959272544,-114.2158975753555,8,2017-05-12 00:51:00-06:00,2026-06-05 11:00:00-06:00,5,Friday,12.0,Midday,Two vehicle incident.,25.43817215640356
1109001235,0255,1991-01-18 00:00:00,3 AVENUE,2 STREET,3 AVENUE & 2 STREET,SW,Traffic signal,No,Yes,No,51.05040652150464,-114.06761590815366,8,2017-05-26 19:04:00-06:00,2025-04-05 13:36:00-06:00,5,Wednesday,8.0,Morning Rush,Traffic incident.,1.6549706745648403
1109000769,0784,1992-08-06 00:00:00,WOODGLEN RISE/WOODPARK AV,24 STREET,WOODGLEN RISE/WOODPARK AV & 24 STREET,SW,Traffic signal,Yes,No,No,50.94631187912407,-114.11797192372028,8,2020-05-21 17:34:00-06:00,2025-10-31 01:50:00-06:00,4,Thursday,17.0,Evening Rush,Traffic incident. Blocking the right lane,6.559342055062435
1109000737,0507,1986-10-30 00:00:00,26 AVENUE,29 STREET,26 AVENUE & 29 STREET,SW,Traffic signal,Yes,No,No,51.03006627762564,-114.12957395063304,8,2021-06-30 09:07:00-06:00,2026-08-01 14:57:00-06:00,6,Monday,0.0,Evening Rush,Traffic incident.,1.5545722282175252
1109001472,0158,1989-06-14 00:00:00,27 AVENUE,19 STREET,27 AVENUE & 19 STREET,NE,Traffic signal,Yes,No,No,51.07690205001096,-114.0116447387659,8,2017-12-21 16:52:00-07:00,2024-03-06 17:44:00-07:00,5,Friday,16.0,Evening Rush,Traffic incident.,0.37708876058111135
1109001476,0588,1998-10-14 00:00:00,50 AVENUE,OGDEN ROAD,50 AVENUE & OGDEN ROAD,SE,Traffic signal T intersection,Yes,No,No,51.00629030715641,-114.01183910784452,8,2019-10-26 06:30:00-06:00,2026-02-26 16:24:00-07:00,7,Saturday,6.0,Morning Rush,Traffic incident.,9.468226073051527
1110265068,0911,2024-12-17 00:00:00,14 AVENUE,STRATHCONA BV/69 STREET,14 AVENUE & STRATHCONA BV/69 STREET,SW,Traffic signal T intersection,Yes,Yes,Yes,51.04516507648173,-114.18750769092142,8,2017-06-16 18:12:00-06:00,2024-11-26 17:37:00-07:00,5,Tuesday,18.0,Evening Rush,Traffic incident.,7.658025942444853
1110310487,0763,2024-06-19 00:00:00,OLD BANFF COACH ROAD,73 STREET/COULEE WAY,OLD BANFF COACH ROAD & 73 STREET/COULEE WAY,SW,Traffic signal,Yes,Yes,Yes,51.0670139912923,-114.19355927144012,8,2017-07-17 04:43:00-06:00,2026-04-25 09:56:00-06:00,6,Monday,9.0,Morning Rush,Traffic incident.,21.790384648732594
1110325662,1253,2023-06-09 00:00:00,90 AVENUE,BAY RIDGE DRIVE,90 AVENUE & BAY RIDGE DRIVE,SW,Traffic signal,Yes,Yes,Yes,50.972230014422095,-114.10910857272836,8,2017-08-14 17:15:00-06:00,2025-12-19 11:40:00-07:00,8,Monday,16.0,Evening Rush,Traffic incident.,6.4740545883553855
1110218523,1197,2022-06-04 00:00:00,AIRPORT TRAIL,BARLOW TRAIL,AIRPORT TRAIL & BARLOW TRAIL,NE,Traffic signal T intersection,No,Yes,Yes,51.14105071893745,-114.00176150014386,8,2022-02-07 15:20:00-07:00,2026-08-10 09:03:00-06:00,5,Monday,8.0,Morning Rush,Two vehicle incident. Blocking the right lane,27.171742783016025
1109001646,0258,1982-11-17 00:00:00,CENTRE AVENUE,28 STREET,CENTRE AVENUE & 28 STREET,E,Traffic signal,Yes,Yes,No,51.05238752133948,-113.99332492638308,8,2018-06-23 11:07:00-06:00,2026-07-25 09:12:00-06:00,6,Saturday,14.0,Midday,Traffic incident.,2.1530515805966566
1109001253,0353,1951-01-01 00:00:00,8 AVENUE,1 STREET,8 AVENUE & 1 STREET,SW,Traffic signal,No,Yes,Yes,51.04560009454987,-114.06550028606266,8,2017-06-27 21:54:00-06:00,2026-05-20 18:07:00-06:00,5,Tuesday,21.0,Evening,Traffic incident.,0.4086820514977954
1109986458,B2818,2016-12-21 00:00:00,BOWNESS ROAD,64 STREET,BOWNESS ROAD & 64 STREET,NW,Pedestrian RRFB,Yes,No,No,51.08651980198847,-114.18180408396144,8,2018-01-22 09:08:00-07:00,2026-09-18 11:27:00-06:00,6,Monday,11.0,Midday,Two vehicle incident.,1.8529833583736233
1110474987,B2717,2024-09-09 00:00:00,33 AVENUE,21 STREET,33 AVENUE & 21 STREET,SW,Overhead Flasher,Yes,No,No,51.02397830423878,-114.11164369356808,7,2017-06-06 06:44:00-06:00,2022-03-25 13:00:00-06:00,5,Friday,8.0,Midday,. . The road is closed due to ongoing incident,18.10389037782418
1109001228,0339,1953-01-01 00:00:00,7 AVENUE,2 STREET,7 AVENUE & 2 STREET,SW,Traffic signal,No,Yes,Yes,51.04663201610133,-114.06790087232535,7,2018-07-24 08:32:00-06:00,2024-08-29 08:38:00-06:00,4,Friday,8.0,Midday,Traffic signals are flashing red. Crews have been dispatched,0.14737300554369273
1109000807,0508,1970-01-01 00:00:00,26 AVENUE,20 STREET,26 AVENUE & 20 STREET,SW,Traffic signal,Yes,Yes,No,51.030428459215344,-114.10945940106556,7,2020-03-09 10:23:00-06:00,2023-08-31 22:24:00-06:00,4,Monday,10.0,Evening,Traffic signals are flashing red.,0.5665195749548566
1109001489,0259,2003-09-11 00:00:00,23 AVENUE,23 STREET,23 AVENUE & 23 STREET,NE,Traffic signal T intersection,Yes,No,No,51.0734684966848,-114.00413814256451,7,2020-11-10 11:26:00-07:00,2026-07-12 07:32:00-06:00,5,Tuesday,6.0,Morning Rush,Traffic incident.,0.2914500533786774
1109000819,1246,2022-06-02 00:00:00,HARVEST HILLS BOULEVARD,PANATELLA GATE,HARVEST HILLS BOULEVARD & PANATELLA GATE,NW,Traffic signal,Yes,Yes,Yes,51.16671655767008,-114.06840387237972,7,2017-06-28 18:37:00-06:00,2023-01-27 08:50:00-07:00,5,Wednesday,11.0,Evening,Multi-vehicle incident.,38.93489291896906
1109001191,0859,2004-05-20 00:00:00,SHAWVILLE BOULEVARD,SHAWVILLE PLACE/LRT PARK'N'RIDE,SHAWVILLE BOULEVARD & SHAWVILLE PLACE/LRT PARK'N'RIDE,SE,Traffic signal,Yes,Yes,No,50.91027404796802,-114.06942762692344,7,2017-11-02 19:36:00-06:00,2026-02-12 18:09:00-07:00,5,Thursday,9.0,Evening,Traffic incident.,7.221747939465114
1109001167,0429,1999-07-30 00:00:00,14 AVENUE,4 STREET,14 AVENUE & 4 STREET,SW,Traffic signal,No,Yes,Yes,51.03974686038434,-114.07150782668884,7,2018-11-28 18:31:00-07:00,2026-01-20 15:43:00-07:00,5,Tuesday,1.0,Evening Rush,There is an incident involving a pedestrian- EMS on site.,0.001866500776126365
1109553489,1100,2014-08-14 00:00:00,MOUNT ROYAL GATE,PEACEKEEPERS GATE/WESTMOUNT WAY,MOUNT ROYAL GATE & PEACEKEEPERS GATE/WESTMOUNT WAY,SW,Traffic signal,Yes,Yes,Yes,51.00874081767929,-114.12536373398662,7,2019-09-25 14:50:00-06:00,2025-11-16 17:33:00-07:00,5,Wednesday,14.0,Midday,Traffic incident.,13.383965998575682
1109001130,0799,2001-10-25 00:00:00,SOUTHPORT ROAD,SOUTHPORT WAY,SOUTHPORT ROAD & SOUTHPORT WAY,SW,Traffic signal T intersection,Yes,No,No,50.95779345828442,-114.07296368125876,7,2017-02-09 09:34:00-07:00,2026-01-16 15:38:00-07:00,6,Friday,15.0,Evening Rush,2 vehicle incident,37.074574391513856
1109001447,0151,2000-05-15 00:00:00,32 AVENUE,15A STREET,32 AVENUE & 15A STREET,NE,Traffic signal T intersection,Yes,No,No,51.08145805587885,-114.02082355581696,7,2017-08-26 19:47:00-06:00,2025-12-07 13:51:00-07:00,4,Sunday,4.0,Evening Rush,Traffic incident. Blocking the right lane,4.32874070576034
1109001905,1028,2012-06-29 00:00:00,SETON BOULEVARD,AUBURN BAY LINK,SETON BOULEVARD & AUBURN BAY LINK,SE,Traffic signal,Yes,Yes,No,50.88333584806247,-113.95328672832328,7,2021-01-08 13:45:00-07:00,2025-12-26 16:42:00-07:00,5,Friday,6.0,Evening,Traffic incident.,13.127345579601227
1109001125,0495,1969-01-01 00:00:00,25 AVENUE,5 STREET,25 AVENUE & 5 STREET,SW,Traffic signal,Yes,Yes,No,51.030582576800434,-114.07332007390532,7,2018-01-22 17:07:00-07:00,2026-09-03 18:48:00-06:00,5,Monday,17.0,Evening Rush,Two vehicle incident.,0.3251325308376745
1110060182,1062,2018-01-31 00:00:00,AUBURN BAY BOULEVARD,AUBURN BAY GATE,AUBURN BAY BOULEVARD & AUBURN BAY GATE,SE,Traffic signal T intersection,Yes,Yes,Yes,50.884944102889406,-113.95869284313328,7,2018-05-11 10:06:00-06:00,2026-07-11 10:44:00-06:00,5,Thursday,17.0,Evening Rush,Traffic incident.,10.13396299337867
1109001829,B2768,2013-08-21 00:00:00,14 STREET,CORNWALLIS DRIVE,14 STREET & CORNWALLIS DRIVE,NW,Overhead Flasher,Yes,No,No,51.087420234241016,-114.09476266006182,7,2021-01-17 05:00:00-07:00,2024-07-16 08:19:00-06:00,3,Friday,7.0,Morning Rush,Two vehicle incident. Blocking the right lane,51.15590665715824
1109001613,0823,2011-07-25 00:00:00,ARBOUR LAKE DRIVE/ARBOUR WOOD CLOSE,JOHN LAURIE BOULEVARD,ARBOUR LAKE DRIVE/ARBOUR WOOD CLOSE & JOHN LAURIE BOULEVARD,NW,Traffic signal,Yes,Yes,Yes,51.13317982402548,-114.20431743383608,7,2017-11-27 07:33:00-07:00,2025-10-03 13:52:00-06:00,6,Wednesday,7.0,Midday,Traffic incident.,8.479705935786571
1110144648,1234,2020-11-26 00:00:00,OAKMOOR DRIVE,24 STREET,OAKMOOR DRIVE & 24 STREET,SW,Traffic signal,Yes,Yes,Yes,50.96323188450152,-114.11796001322804,7,2018-08-07 12:28:00-06:00,2025-12-07 14:42:00-07:00,5,Thursday,19.0,Midday,Traffic incident.,34.93741940187108
1110175375,1189,2019-08-29 00:00:00,EVANSTON LINK/EVANSTON WAY,SYMONS VALLEY PARKWAY,EVANSTON LINK/EVANSTON WAY & SYMONS VALLEY PARKWAY,NW,Traffic signal,Yes,Yes,Yes,51.18075525971263,-114.10054406959374,7,2017-09-05 10:15:00-06:00,2025-11-30 14:21:00-07:00,4,Saturday,7.0,Midday,Traffic incident.,40.51786176895477
1110202881,1182,2020-12-02 11:53:06,10 AVENUE,CENTRE STREET,10 AVENUE & CENTRE STREET,S,Traffic signal T intersection,Yes,Yes,Yes,51.04332432720736,-114.06316110833004,7,2017-03-20 10:18:00-06:00,2026-06-30 18:10:00-06:00,5,Friday,10.0,Midday,Traffic incident.,0.005281425556518
1110194585,1178,2019-05-15 00:00:00,CASTLERIDGE BOULEVARD,WESTWINDS DRIVE,CASTLERIDGE BOULEVARD & WESTWINDS DRIVE,NE,Traffic signal T intersection,Yes,Yes,Yes,51.10104660644157,-113.96339676650852,7,2019-11-01 19:08:00-06:00,2025-01-14 11:39:00-07:00,4,Monday,11.0,Evening,Traffic incident.,12.882652331868657
1109001634,B2638,1994-08-31 00:00:00,DOVER RIDGE DRIVE/DOVERGLEN CR,26 STREET,DOVER RIDGE DRIVE/DOVERGLEN CR & 26 STREET,SE,Overhead Flasher,Yes,No,No,51.01860350715384,-113.9991024717844,7,2017-11-20 08:46:00-07:00,2026-05-28 13:02:00-06:00,5,Monday,9.0,Morning Rush,Traffic incident.,15.209363054538818
1109001422,B2611,1976-01-01 00:00:00,9 AVENUE,13 STREET,9 AVENUE & 13 STREET,SE,Overhead Flasher,Yes,No,No,51.040193762212,-114.03161822526457,7,2017-04-17 02:58:00-06:00,2026-02-26 09:16:00-07:00,6,Thursday,14.0,Midday,Traffic incident.,3.44976155302362
1110004239,0014,2017-06-27 00:00:00,48 AVENUE,85 STREET,48 AVENUE & 85 STREET,NW,Traffic signal T intersection,Yes,Yes,Yes,51.09587255620259,-114.21096971365868,7,2020-05-14 12:51:00-06:00,2026-07-04 23:47:00-06:00,4,Monday,8.0,Morning Rush,Traffic incident.,4.073190594236981
1110175508,1185,2020-02-28 00:00:00,NOLAN HILL BOULEVARD,SHAGANAPPI TRAIL,NOLAN HILL BOULEVARD & SHAGANAPPI TRAIL,NW,Traffic signal T intersection,Yes,Yes,Yes,51.17281649622658,-114.15472252526628,7,2017-03-01 20:27:00-07:00,2025-09-10 12:37:00-06:00,5,Monday,18.0,Midday,Traffic incident.,48.28318639062528
1109000958,0428,2000-06-29 00:00:00,11 AVENUE,12 STREET,11 AVENUE & 12 STREET,SW,Traffic signal,Yes,Yes,Yes,51.04318104632701,-114.09131101378657,7,2020-02-16 19:25:00-07:00,2026-04-11 05:08:00-06:00,5,Friday,5.0,Evening Rush,Traffic incident.,0.003866332498164232
1109001424,0907,2013-08-07 00:00:00,AIRPORT TRAIL,DEERFOOT TRAIL,AIRPORT TRAIL & DEERFOOT TRAIL,NE,Traffic signal,No,Yes,Yes,51.14081831579769,-114.03327032279128,7,2019-10-01 11:33:00-06:00,2026-05-20 15:04:00-06:00,6,Friday,11.0,Evening Rush,Two vehicle incident.,19.77368860136428
1109988823,1015,2017-10-26 00:00:00,112 AVENUE,76 STREET,112 AVENUE & 76 STREET,NW,Traffic signal,Yes,No,No,51.15418348163932,-114.1965785717471,7,2018-11-14 13:17:00-07:00,2025-03-13 19:05:00-06:00,5,Thursday,19.0,Evening,Traffic incident.,8.090360818662907
1109992281,1155,2024-03-13 00:00:00,STONEHILL GATE/STONEHILL PLACE,STONEHILL DRIVE,STONEHILL GATE/STONEHILL PLACE & STONEHILL DRIVE,NE,Traffic signal,Yes,Yes,Yes,51.15677103276008,-114.00655644755602,7,2021-09-30 08:20:00-06:00,2025-12-02 12:18:00-07:00,4,Sunday,8.0,Midday,Traffic incident.,9.11099363933712
1110001159,B2825,2016-12-14 00:00:00,MARLBOROUGH WAY,MARYVALE DRIVE,MARLBOROUGH WAY & MARYVALE DRIVE,NE,Pedestrian RRFB,Yes,No,No,51.05628906971257,-113.97693150027273,7,2018-10-25 18:53:00-06:00,2026-04-23 14:09:00-06:00,6,Thursday,14.0,Evening Rush,Traffic incident.,7.0908823266988685
1109001183,0489,2001-08-30 00:00:00,24 AVENUE,4 STREET,24 AVENUE & 4 STREET,SW,Traffic signal,No,Yes,No,51.03156234002858,-114.07145013194967,7,2017-02-11 21:11:00-07:00,2026-06-17 17:01:00-06:00,5,Saturday,12.0,Evening,Traffic incident.,4.9505741891080355
1109001148,0619,1999-10-31 00:00:00,CHINOOK TUNNEL ENTRANCE,MACLEOD TRAIL,CHINOOK TUNNEL ENTRANCE & MACLEOD TRAIL,SW,1/4 signal,Yes,Yes,Yes,50.999319890450174,-114.07154299456406,7,2019-02-11 16:29:00-07:00,2026-05-14 11:23:00-06:00,5,Thursday,14.0,Midday,Two vehicle incident. Blocking the right lane,19.55553966696957
1109587727,1070,2011-05-19 00:00:00,114 AVENUE,35 STREET,114 AVENUE & 35 STREET,SE,Traffic signal T intersection,Yes,No,No,50.94967306414073,-113.98583710157035,7,2018-01-11 13:23:00-07:00,2026-02-11 16:16:00-07:00,6,Thursday,16.0,Evening Rush,Traffic incident.,5.477671716559786
1110218525,1198,2022-06-04 00:00:00,AIRPORT TRAIL,BARLOW TRAIL,AIRPORT TRAIL & BARLOW TRAIL,NE,Traffic signal,No,Yes,Yes,51.13854546373178,-114.0016737701135,7,2019-12-21 22:01:00-07:00,2025-07-02 18:05:00-06:00,3,Sunday,20.0,Evening,Multi-vehicle incident.,22.79787942620736
1110218522,1196,2020-04-30 00:00:00,AERO DRIVE,19 STREET,AERO DRIVE & 19 STREET,NE,Traffic signal T intersection,Yes,Yes,No,51.13743920359223,-114.01353223106328,7,2017-03-10 11:25:00-07:00,2025-11-08 14:57:00-07:00,5,Saturday,8.0,Midday,Traffic incident.,29.940995700863304
1110218845,1201,2020-10-29 00:00:00,58 AVENUE,2 STREET,58 AVENUE & 2 STREET,SE,Traffic signal,Yes,Yes,Yes,51.00138202649042,-114.06001174974716,7,2018-06-09 15:02:00-06:00,2024-10-05 16:27:00-06:00,7,Saturday,16.0,Evening Rush,Traffic incident. Blocking the right lane,0.0035897456884009947
1109001650,0252,1996-08-30 00:00:00,2 AVENUE,28 STREET,2 AVENUE & 28 STREET,SE,Traffic signal,Yes,No,No,51.049985708832125,-113.99244806256824,7,2018-05-07 19:34:00-06:00,2026-03-25 12:53:00-06:00,4,Monday,7.0,Evening Rush,Traffic incident.,6.8505130794604225
1109001647,0233,1990-09-04 00:00:00,5 AVENUE,28 STREET,5 AVENUE & 28 STREET,NE,Traffic signal,Yes,No,No,51.05649581999685,-113.99328154300758,7,2017-08-05 13:52:00-06:00,2026-03-25 17:46:00-06:00,6,Thursday,14.0,Evening Rush,Two vehicle incident.,1.2876573285227078
1109001676,0160,1994-06-20 00:00:00,26 AVENUE,PETER LOUGHEED HOSPITAL ENT,26 AVENUE & PETER LOUGHEED HOSPITAL ENT,NE,Traffic signal,Yes,No,Yes,51.07785143736587,-113.98520339977894,7,2020-06-25 16:22:00-06:00,2026-07-30 10:55:00-06:00,4,Thursday,8.0,Midday,Traffic incident.,19.756488992799536
1109001254,0340,1929-01-01 00:00:00,7 AVENUE,1 STREET,7 AVENUE & 1 STREET,SW,Traffic signal,No,Yes,No,51.04656542195599,-114.06541186186436,7,2017-10-21 14:55:00-06:00,2025-05-17 01:41:00-06:00,5,Tuesday,11.0,Midday,Two vehicle incident.,0.5663385533826139
1110227921,1214,2021-05-04 00:00:00,LEGACY VILLAGE LINK,NAPTHA PLAZA/LEGACY MAIN STREET,LEGACY VILLAGE LINK & NAPTHA PLAZA/LEGACY MAIN STREET,SE,Traffic signal,Yes,Yes,Yes,50.86180397417421,-114.0275323142718,7,2022-05-06 17:21:00-06:00,2026-09-19 19:22:19-06:00,4,Saturday,12.0,Evening,Traffic incident.,6.988140257913741
1109001673,0937,2006-04-03 00:00:00,39 AVENUE,34 STREET,39 AVENUE & 34 STREET,NE,Traffic signal,Yes,No,No,51.08883102975548,-113.98551170342937,7,2020-10-01 19:02:00-06:00,2025-07-12 23:20:00-06:00,6,Friday,6.0,Morning Rush,Traffic incident.,0.7682411538851663
1109000981,0432,2000-06-05 00:00:00,11 AVENUE,10 STREET,11 AVENUE & 10 STREET,SW,Traffic signal,Yes,Yes,Yes,51.04302812910589,-114.08637947254948,7,2017-11-23 23:56:00-07:00,2023-03-20 20:50:00-06:00,5,Thursday,14.0,Evening,Traffic incident.,0.16259900826457793
1109965638,1151,2017-08-12 00:00:00,162 AVENUE/SUN VALLEY BOULEVARD,MACLEOD TRAIL,162 AVENUE/SUN VALLEY BOULEVARD & MACLEOD TRAIL,SE,Traffic signal T intersection,Yes,Yes,Yes,50.905222426797685,-114.0608509596547,7,2019-02-20 22:27:00-07:00,2026-02-06 13:38:00-07:00,5,Friday,6.0,Midday,Multi-vehicle incident. Blocking the WB right turn lane,21.56096429328275
1109759176,1181,2021-02-24 00:00:00,13 AVENUE,1 STREET,13 AVENUE & 1 STREET,SW,Traffic signal,Yes,Yes,Yes,51.040555551525664,-114.06586633145623,7,2017-11-02 20:13:00-06:00,2026-04-14 17:20:00-06:00,3,Thursday,17.0,Evening,Traffic incident.,1.8970692127754294
1110263706,1241,2022-07-06 00:00:00,16 AVENUE,37 STREET,16 AVENUE & 37 STREET,SW,Traffic signal,Yes,Yes,Yes,51.03900248997553,-114.14112257947772,7,2017-09-05 18:46:00-06:00,2025-09-04 19:28:00-06:00,5,Tuesday,18.0,Midday,There is an incident involving a pedestrian.,1.8213707427563997
1109000649,0793,1996-10-30 00:00:00,DALHART ROAD,53 STREET,DALHART ROAD & 53 STREET,NW,Traffic signal,Yes,No,No,51.11114830670805,-114.15877682918828,7,2017-03-20 17:44:00-06:00,2026-02-14 10:45:00-07:00,5,Monday,17.0,Evening Rush,There is an incident involving a pedestrian- EMS Dispatched.,4.678918154229634
1109001028,0615,1976-01-01 00:00:00,BEL-AIRE DRIVE/MAYFAIR ROAD,ELBOW DRIVE,BEL-AIRE DRIVE/MAYFAIR ROAD & ELBOW DRIVE,SW,Traffic signal,Yes,Yes,Yes,50.99979886805615,-114.08314233926758,7,2018-02-12 08:57:00-07:00,2026-04-09 16:12:00-06:00,6,Monday,16.0,Evening Rush,Traffic incident.,0.0028901795783470505
1109001273,0673,2004-02-26 00:00:00,FAIRMOUNT DRIVE,FLINT ROAD,FAIRMOUNT DRIVE & FLINT ROAD,SE,Traffic signal T intersection,Yes,No,No,50.98830030626998,-114.06359646404464,7,2017-06-15 09:57:00-06:00,2025-11-27 12:14:00-07:00,5,Thursday,9.0,Morning Rush,Traffic incident.,1.331548465062494
1109001743,0522,2009-03-03 00:00:00,90 AVENUE,44 STREET,90 AVENUE & 44 STREET,SE,Traffic signal,Yes,No,No,50.97228488799589,-113.96998539080164,7,2018-02-07 12:09:00-07:00,2026-05-23 10:17:00-06:00,5,Wednesday,10.0,Midday,Traffic incident.,1.338646689494128
1109409542,1053,2013-08-01 00:00:00,96 AVENUE,HARVEST HILLS LINK,96 AVENUE & HARVEST HILLS LINK,NE,Traffic signal,Yes,No,Yes,51.14114927703287,-114.05478214754396,7,2019-01-22 18:15:00-07:00,2026-04-01 16:31:00-06:00,5,Monday,16.0,Evening Rush,Traffic incident.,9.15409429351258
1109001721,0521,2009-02-17 00:00:00,90 AVENUE,40 STREET,90 AVENUE & 40 STREET,SE,Traffic signal,Yes,No,No,50.97229522307917,-113.97578042627622,7,2020-06-01 20:19:00-06:00,2026-08-06 14:11:00-06:00,6,Monday,20.0,Morning Rush,Traffic incident.,0.6496560103940212
1109001731,0852,2004-09-28 00:00:00,130 AVENUE,DEERFOOT TRAIL,130 AVENUE & DEERFOOT TRAIL,SE,Traffic signal,Yes,No,No,50.93192977863647,-113.9734328164906,7,2020-02-21 15:32:00-07:00,2026-07-23 11:00:00-06:00,5,Saturday,11.0,Midday,Traffic incident.,18.43277131399775
1109000620,0896,2006-12-22 00:00:00,BOWNESS ROAD,49 STREET,BOWNESS ROAD & 49 STREET,NW,Traffic signal T intersection,Yes,No,No,51.07529057531264,-114.16682660296432,7,2018-10-17 18:27:00-06:00,2026-02-09 18:29:00-07:00,5,Wednesday,18.0,Evening Rush,Traffic incident.,1.9127094173253452
1110358029,1260,2023-02-07 00:00:00,CANYON MEADOWS DRIVE,CANTERBURY DRIVE,CANYON MEADOWS DRIVE & CANTERBURY DRIVE,SW,Traffic signal,Yes,Yes,Yes,50.93687484335612,-114.08094045335264,7,2019-05-21 12:19:00-06:00,2023-01-02 22:13:00-07:00,5,Monday,12.0,Midday,Traffic incident.,3.6875551794779478
1109722239,B2779,2013-04-16 00:00:00,HARVEST HILLS BOULEVARD,HARVEST OAK DRIVE,HARVEST HILLS BOULEVARD & HARVEST OAK DRIVE,NE,Pedestrian RRFB,Yes,No,No,51.15174193473279,-114.06466096258144,7,2018-02-28 16:27:00-07:00,2024-01-23 12:47:00-07:00,5,Tuesday,15.0,Evening Rush,Traffic incident.,14.454480688726463
1110483515,B0136,2025-05-23 00:00:00,HOME ROAD,52 STREET,HOME ROAD & 52 STREET,NW,Pedestrian RRFB,,No,No,51.08001019031939,-114.16442684873722,7,2017-06-14 23:10:00-06:00,2026-03-25 08:53:00-06:00,5,Friday,8.0,Evening Rush,Single vehicle incident.,12.246076313742606
1109000608,B2544,1986-10-01 00:00:00,BOW CRESCENT/BOWWOOD DRIVE,BOWNESS ROAD,BOW CRESCENT/BOWWOOD DRIVE & BOWNESS ROAD,NW,Overhead Flasher,Yes,No,No,51.08022274797902,-114.1733056265967,7,2020-07-28 14:27:00-06:00,2026-08-16 16:14:00-06:00,5,Monday,14.0,Evening Rush,Traffic incident.,6.048157872566709
1110626586,B0221,2026-08-24 00:00:00,BOWNESS ROAD,42 STREET,BOWNESS ROAD & 42 STREET,NW,Pedestrian RRFB,Yes,No,No,51.067883111192,-114.15417832381016,7,2018-02-18 11:03:00-07:00,2026-06-24 16:34:00-06:00,5,Saturday,16.0,Evening Rush,Traffic incident.,0.92252032619181
1110038977,B2868,2017-05-05 00:00:00,DALHOUSIE DRIVE,DALGETTY DRIVE,DALHOUSIE DRIVE & DALGETTY DRIVE,NW,Pedestrian RRFB,Yes,No,No,51.103395385931705,-114.15010455386798,6,2018-02-12 17:31:00-07:00,2026-02-26 16:27:00-07:00,5,Thursday,8.0,Morning Rush,Traffic incident.,9.106127802532233
1110038978,B2869,2017-02-27 00:00:00,26 AVENUE,25 STREET,26 AVENUE & 25 STREET,SW,Pedestrian RRFB,Yes,No,No,51.03005675271898,-114.12072790845912,6,2017-08-02 13:55:00-06:00,2026-08-23 14:37:00-06:00,6,Friday,8.0,Midday,Traffic incident.,5.406689359573738
1109001645,0597,1999-09-16 00:00:00,54 AVENUE,BARLOW TRAIL,54 AVENUE & BARLOW TRAIL,SE,Traffic signal T intersection,Yes,Yes,No,51.00452610838809,-113.99447166096223,6,2020-02-03 16:22:00-07:00,2026-08-27 01:19:00-06:00,5,Thursday,1.0,Evening,Traffic incident. Blocking the right lane,15.474759376252212
1109001652,0175,2003-10-30 00:00:00,SUNRIDGE WAY,29 STREET,SUNRIDGE WAY & 29 STREET,NE,Traffic signal,Yes,No,No,51.06918919068988,-113.99182435507323,6,2018-05-22 12:00:00-06:00,2025-12-26 14:07:00-07:00,5,Friday,11.0,Midday,Traffic incident.,0.5090788763628908
1109001882,1035,2010-03-01 00:00:00,ROCKY VALLEY DRIVE,TWELVE MILE COULEE ROAD,ROCKY VALLEY DRIVE & TWELVE MILE COULEE ROAD,NW,Traffic signal T intersection,Yes,No,No,51.14847928975085,-114.25732717207464,6,2019-01-28 11:42:00-07:00,2026-05-23 13:37:00-06:00,5,Monday,11.0,Midday,Traffic incident.,10.363357659126654
1110038966,B2861,2017-06-15 00:00:00,19 AVENUE,11 STREET,19 AVENUE & 11 STREET,SE,Pedestrian RRFB,Yes,No,No,51.036227164051446,-114.03676720099904,6,2019-01-29 08:23:00-07:00,2025-11-28 08:11:00-07:00,4,Friday,8.0,Evening Rush,Traffic incident.,32.88807874083222
1110105840,0853,2019-01-25 00:00:00,OAKFIELD DRIVE,SOUTHLAND DRIVE,OAKFIELD DRIVE & SOUTHLAND DRIVE,SW,Traffic signal,Yes,Yes,Yes,50.96128301624604,-114.13229558099788,6,2021-09-17 21:09:00-06:00,2026-07-04 17:55:00-06:00,4,Friday,17.0,Evening Rush,Traffic incident.,4.62506634275232
1109239916,1068,2010-08-12 00:00:00,114 AVENUE,SHEPARD OPERATIONAL CENTRE,114 AVENUE & SHEPARD OPERATIONAL CENTRE,SE,Traffic signal,Yes,No,No,50.95051185500376,-113.94111985408657,6,2020-02-26 09:09:00-07:00,2026-04-13 04:50:00-06:00,4,Monday,6.0,Morning Rush,Traffic signals are flashing red.,14.76618796889129
1109001819,B2508,1987-09-01 00:00:00,FALCONRIDGE DRIVE,FALCHURCH ROAD,FALCONRIDGE DRIVE & FALCHURCH ROAD,NE,Overhead Flasher,Yes,No,No,51.09992090815933,-113.94434591940556,6,2017-11-06 06:45:00-07:00,2026-05-27 22:46:00-06:00,5,Monday,6.0,Evening,Traffic incident.,2.146236755548818
1109000952,0095,1989-12-06 00:00:00,NORTHMOUNT DRIVE,CAMBRIAN DRIVE,NORTHMOUNT DRIVE & CAMBRIAN DRIVE,NW,Traffic signal,Yes,Yes,Yes,51.08301862575959,-114.0925965809316,6,2017-12-08 13:00:00-07:00,2026-01-15 07:23:00-07:00,4,Friday,7.0,Evening Rush,Traffic incident.,5.238271526976554
1109242674,B2758,2008-06-03 00:00:00,25 AVENUE,ERLTON STREET,25 AVENUE & ERLTON STREET,SW,Overhead Flasher,Yes,No,No,51.03046035732562,-114.06269830708212,6,2017-08-23 20:11:00-06:00,2026-09-08 10:09:00-06:00,5,Friday,10.0,Evening,Traffic incident.,7.178093525284618
1109001558,B2755,2012-12-06 00:00:00,10 AVENUE,16 STREET,10 AVENUE & 16 STREET,SW,Overhead Flasher,Yes,No,No,51.044311780978624,-114.0991627317292,6,2023-05-27 10:35:00-06:00,2026-09-03 17:53:00-06:00,3,Saturday,9.0,Evening,Traffic incident.,2.626765519171638
1109001525,0473,2000-07-14 00:00:00,APPLEWOOD DRIVE,68 STREET,APPLEWOOD DRIVE & 68 STREET,SE,Traffic signal T intersection,Yes,No,No,51.04266882341417,-113.93512695080912,6,2022-01-12 16:00:00-07:00,2026-09-08 18:36:00-06:00,4,Friday,14.0,Evening Rush,Traffic incident.,9.657050998410403
1110004354,0736,2018-12-12 00:00:00,76 AVENUE,OGDEN ROAD,76 AVENUE & OGDEN ROAD,SE,Traffic signal,Yes,Yes,Yes,50.98506126003526,-113.998783610402,6,2020-02-25 17:00:00-07:00,2025-03-17 07:14:00-06:00,3,Monday,5.0,Morning Rush,Traffic incident.,1.593427385299818
1110427756,B0103,2025-03-06 00:00:00,ROCKY RIDGE ROAD,ROCKY VISTA DRIVE/ROYAL OAK DRIVE,ROCKY RIDGE ROAD & ROCKY VISTA DRIVE/ROYAL OAK DRIVE,NW,Overhead Flasher,Yes,No,No,51.13868259941929,-114.2342966353704,6,2022-08-02 16:28:00-06:00,2026-03-25 08:42:00-06:00,3,Friday,8.0,Morning Rush,Traffic incident.,16.541418795452547
1110423928,1319,2026-02-06 00:00:00,HEIRLOOM BV/MAGNOLIA ST,RANGEVIEW BOULEVARD,HEIRLOOM BV/MAGNOLIA ST & RANGEVIEW BOULEVARD,SE,Traffic signal,,Yes,Yes,50.884869194600704,-113.91778199450044,6,2024-02-26 17:32:00-07:00,2026-08-07 19:23:00-06:00,3,Friday,14.0,Evening Rush,Traffic incident.,2.9563900688362446
1110403675,1272,2022-11-06 00:00:00,SHAGANAPPI TRAIL,STONEY TRAIL,SHAGANAPPI TRAIL & STONEY TRAIL,NW,Traffic signal T intersection,,No,No,51.1541324454718,-114.14100261555932,6,2018-06-13 15:57:00-06:00,2025-04-16 07:39:00-06:00,4,Sunday,7.0,Evening Rush,Single vehicle incident.,17.62059498420723
1109001477,0915,2006-02-27 00:00:00,FREEPORT BOULEVARD,FREEPORT DRIVE,FREEPORT BOULEVARD & FREEPORT DRIVE,NE,Traffic signal,Yes,No,No,51.15082360113527,-114.00653380177836,6,2017-09-11 12:51:00-06:00,2025-07-17 07:06:00-06:00,4,Monday,7.0,Morning Rush,Single vehicle incident.,27.9467151415722
1109971128,1158,2017-05-29 00:00:00,MAHOGANY GATE,MAHOGANY PLAZA,MAHOGANY GATE & MAHOGANY PLAZA,SE,Traffic signal,Yes,Yes,No,50.89954251427591,-113.9403176298565,6,2019-02-19 07:44:00-07:00,2026-05-28 11:18:00-06:00,6,Thursday,7.0,Evening Rush,Traffic incident.,8.650091193449086
1109000719,0506,1970-01-01 00:00:00,26 AVENUE,33 STREET,26 AVENUE & 33 STREET,SW,Traffic signal,Yes,Yes,Yes,51.03006854146828,-114.1355045088788,6,2017-05-11 18:32:00-06:00,2026-02-13 17:55:00-07:00,5,Thursday,8.0,Evening Rush,Traffic incident.,2.1082355240362336
1109001060,0409,1995-04-05 00:00:00,11 AVENUE,7 STREET,11 AVENUE & 7 STREET,SW,Traffic signal,Yes,Yes,Yes,51.0428229106093,-114.07900063055015,6,2018-05-25 17:17:00-06:00,2026-07-06 17:53:00-06:00,5,Friday,17.0,Evening Rush,Traffic incident.,1.528219560353748
1109791925,B2799,2015-12-29 00:00:00,SADDLETOWNE CIRCLE,TARAVISTA DRIVE,SADDLETOWNE CIRCLE & TARAVISTA DRIVE,NE,Pedestrian RRFB,Yes,No,No,51.12175352972982,-113.94465884333113,6,2018-10-19 09:50:00-06:00,2025-11-07 20:10:00-07:00,4,Friday,13.0,Evening,Traffic incident.,13.874948697759313
1109000725,0226,2005-03-31 00:00:00,34 AVENUE,32 STREET,34 AVENUE & 32 STREET,NE,Traffic signal,Yes,No,No,51.0836453400393,-113.9886604047066,6,2021-06-10 12:18:00-06:00,2024-10-04 22:53:00-06:00,4,Friday,7.0,Evening,Traffic incident.,1.7098975619660075
1109000692,B2636,1976-04-01 00:00:00,41 AVENUE,37 STREET,41 AVENUE & 37 STREET,SW,Overhead Flasher,Yes,No,No,51.01768694630494,-114.14116534141247,6,2017-08-25 13:18:00-06:00,2026-02-16 18:04:00-07:00,5,Wednesday,11.0,Midday,Traffic incident.,8.69977428136374
1109985725,B2816,2017-01-25 00:00:00,17 AVENUE,25 STREET,17 AVENUE & 25 STREET,SW,Overhead Flasher,Yes,No,No,51.03780942372723,-114.12077939825414,6,2020-09-09 08:15:00-06:00,2025-05-06 18:30:00-06:00,5,Wednesday,9.0,Morning Rush,Traffic incident.,0.002641170123444337
1110203127,B0012,2019-11-19 00:00:00,23 AVENUE,4 STREET,23 AVENUE & 4 STREET,NW,Pedestrian RRFB,Yes,No,No,51.07324700936309,-114.07154321149952,6,2017-07-30 00:50:00-06:00,2026-02-11 13:26:00-07:00,5,Friday,0.0,Midday,Traffic incident.,1.860144448764416
1109000601,0681,1991-08-28 00:00:00,OLD BANFF COACH ROAD,COACH HILL ROAD,OLD BANFF COACH ROAD & COACH HILL ROAD,SW,Traffic signal,Yes,Yes,No,51.05656484540962,-114.17819969957796,6,2022-04-29 17:13:00-06:00,2026-08-14 10:34:00-06:00,4,Thursday,17.0,Evening Rush,Traffic incident.,8.383918578665003
1109243202,1011,2008-11-05 00:00:00,BEDDINGTON TRAIL,COUNTRY HILLS BOULEVARD,BEDDINGTON TRAIL & COUNTRY HILLS BOULEVARD,NW,Traffic signal,No,No,No,51.14294400633106,-114.0915618010701,6,2018-09-22 01:40:00-06:00,2023-08-31 02:22:00-06:00,5,Saturday,13.0,Evening Rush,Multi-vehicle incident. Blocking the middle lane,11.040451219018149
1109001408,0577,1981-01-01 00:00:00,46 AVENUE,11 STREET/12 STREET,46 AVENUE & 11 STREET/12 STREET,SE,Traffic signal,Yes,Yes,No,51.01176647820226,-114.035954049476,6,2020-06-19 13:45:00-06:00,2026-04-16 07:18:00-06:00,5,Friday,7.0,Morning Rush,Traffic incident.,0.30014902461156834
1109001397,B2665,1976-08-01 00:00:00,SOUTHLAND DRIVE,5 STREET,SOUTHLAND DRIVE & 5 STREET,SE,Overhead Flasher,Yes,No,No,50.96403334045456,-114.05230272334748,6,2017-11-07 15:57:00-07:00,2025-11-06 15:03:00-07:00,5,Thursday,15.0,Evening Rush,Traffic incident.,4.8621682848516565
1110175638,1192,2021-01-06 00:00:00,17 AVENUE,ASPEN STONE BV/ST MORITZ DR,17 AVENUE & ASPEN STONE BV/ST MORITZ DR,SW,Traffic signal,Yes,Yes,Yes,51.037846266125726,-114.21675870339358,6,2017-12-28 21:28:00-07:00,2024-12-06 17:56:00-07:00,4,Thursday,17.0,Evening Rush,Two vehicle incident.,8.50420066354014
1109000748,0075,1971-01-01 00:00:00,NORTHMOUNT DRIVE,BRISEBOIS DRIVE,NORTHMOUNT DRIVE & BRISEBOIS DRIVE,NW,Traffic signal,Yes,Yes,Yes,51.09309394630944,-114.12885065072348,6,2018-10-18 08:34:00-06:00,2026-07-04 14:10:00-06:00,5,Saturday,14.0,Midday,Traffic incident.,0.16841904367904845
1109601452,B2763,2011-02-03 00:00:00,4 STREET,18 AVENUE,4 STREET & 18 AVENUE,SW,Overhead Flasher,Yes,No,No,51.03688871210126,-114.07153163027256,6,2017-06-15 19:14:00-06:00,2025-09-27 13:57:00-06:00,5,Thursday,17.0,Evening Rush,Traffic incident.,5.775201491594488
1109660679,1085,2013-02-21 00:00:00,ASPENSHIRE DRIVE/STRATHLEA AVENUE,85 STREET,ASPENSHIRE DRIVE/STRATHLEA AVENUE & 85 STREET,SW,Traffic signal,Yes,Yes,Yes,51.04880766263293,-114.210957091132,6,2021-03-25 02:01:00-06:00,2024-10-11 15:55:00-06:00,3,Monday,2.0,Midday,Traffic incident.,8.088751653559275
1109001227,0352,1951-01-01 00:00:00,8 AVENUE,2 STREET,8 AVENUE & 2 STREET,SW,Traffic signal,No,Yes,Yes,51.04567060371711,-114.06796752414122,6,2017-04-13 14:38:00-06:00,2024-06-26 18:14:00-06:00,4,Thursday,14.0,Midday,Traffic incident.,0.24903184741213807
1109001195,0296,1972-01-01 00:00:00,4 AVENUE,3 STREET,4 AVENUE & 3 STREET,SW,Traffic signal,No,No,Yes,51.04952593305424,-114.07010886636036,6,2018-11-09 14:32:00-07:00,2026-09-10 10:36:00-06:00,6,Friday,8.0,Evening,Traffic incident.,1.3896929386909938
1109001310,0583,2003-06-20 00:00:00,50 AVENUE,1A STREET,50 AVENUE & 1A STREET,SE,Traffic signal T intersection,Yes,No,No,51.00871734405624,-114.0613729457442,6,2018-04-30 08:08:00-06:00,2026-09-18 16:23:12-06:00,4,Monday,4.0,Evening Rush,Traffic incident.,1.050829660765956
1109001072,0555,1968-01-01 00:00:00,38 AVENUE,ELBOW DRIVE,38 AVENUE & ELBOW DRIVE,SW,Traffic signal,Yes,Yes,No,51.020106580373366,-114.07783602744288,6,2017-08-14 15:07:00-06:00,2026-05-15 11:09:00-06:00,5,Friday,7.0,Midday,Two vehicle incident.,0.3568496745572061
1109717292,1107,2014-02-13 00:00:00,PANATELLA BOULEVARD,14 STREET,PANATELLA BOULEVARD & 14 STREET,NW,Traffic signal,Yes,Yes,Yes,51.168494133696434,-114.09012430258512,6,2017-11-25 11:26:00-07:00,2025-07-04 07:33:00-06:00,5,Monday,7.0,Evening Rush,Traffic incident.,6.438567814868686
1110058815,B2895,2017-09-13 00:00:00,BOWNESS ROAD,66 STREET,BOWNESS ROAD & 66 STREET,NW,Pedestrian RRFB,Yes,No,No,51.088325044363806,-114.18590398758296,6,2017-10-12 14:12:00-06:00,2024-07-04 18:33:00-06:00,4,Thursday,14.0,Midday,Traffic incident.,4.6575028099031535
1110280697,B0046,2021-09-29 00:00:00,EVERBROOK DRIVE,FISH CREEK BOULEVARD,EVERBROOK DRIVE & FISH CREEK BOULEVARD,SW,Overhead Flasher,Yes,No,No,50.92135384289185,-114.11520447013548,6,2017-12-09 23:47:00-07:00,2024-07-25 23:09:00-06:00,5,Saturday,23.0,Evening,Single vehicle incident.,6.646683326552781
1110453595,1289,2025-11-27 00:00:00,15 AVENUE,2 STREET,15 AVENUE & 2 STREET,SW,Traffic signal,Yes,Yes,Yes,51.03871744046504,-114.06843555769748,6,2020-07-25 21:12:00-06:00,2026-08-12 17:45:00-06:00,6,Saturday,21.0,Evening,Traffic incident.,2.650773660616221
1109001701,0149,2011-05-10 00:00:00,40 AVENUE,33 STREET,40 AVENUE & 33 STREET,NW,Traffic signal T intersection,Yes,Yes,No,51.08767266411223,-114.13640650957564,6,2020-02-02 15:53:00-07:00,2026-06-23 07:03:00-06:00,4,Wednesday,18.0,Evening Rush,Traffic incident.,9.727630941356093
1110263713,B0040,2020-10-21 00:00:00,24 AVENUE,23 STREET,24 AVENUE & 23 STREET,NW,Pedestrian RRFB,Yes,,,51.07428373646329,-114.11538847275162,6,2017-08-01 19:07:00-06:00,2025-02-04 15:48:00-07:00,6,Tuesday,15.0,Evening,Two vehicle incident.,55.419879757828696
1109757963,0962,2020-04-17 00:00:00,MILLRISE BOULEVARD,MILLRISE DRIVE,MILLRISE BOULEVARD & MILLRISE DRIVE,SW,Traffic signal,Yes,Yes,Yes,50.91647259959312,-114.0743380850598,6,2020-10-02 16:29:00-06:00,2026-07-02 22:06:00-06:00,5,Monday,1.0,Evening,Traffic incident.,31.078540830678563
1109783454,1131,2016-03-22 00:00:00,112 AVENUE,ROYAL VISTA LINK,112 AVENUE & ROYAL VISTA LINK,NW,Traffic signal T intersection,Yes,No,No,51.15397395028537,-114.20521150221651,6,2018-06-02 12:07:00-06:00,2026-04-08 21:30:00-06:00,4,Thursday,12.0,Midday,Traffic incident.,3.8025495684463873
1110309606,1248,2022-01-25 00:00:00,18 AVENUE,EDMONTON TRAIL,18 AVENUE & EDMONTON TRAIL,NE,Traffic signal,Yes,Yes,Yes,51.06878613053316,-114.05605899475194,6,2018-06-22 16:39:00-06:00,2024-09-08 02:53:00-06:00,4,Thursday,14.0,Midday,Two vehicle incident. Blocking the right lane.,3.3123871649897363
1110309892,1059,2022-12-16 00:00:00,128 AVENUE,RED EMBERS GATE,128 AVENUE & RED EMBERS GATE,NE,Traffic signal,Yes,Yes,Yes,51.1654290263906,-113.95776220103431,6,2022-12-13 08:24:00-07:00,2026-04-26 17:37:00-06:00,4,Wednesday,8.0,Evening Rush,Traffic incident.,19.467183357999357
1109000992,0080,1974-01-01 00:00:00,40 AVENUE,NORTHMOUNT DRIVE,40 AVENUE & NORTHMOUNT DRIVE,NW,Traffic signal,Yes,Yes,Yes,51.08884560141704,-114.08551666857096,6,2017-10-30 10:05:00-06:00,2024-10-02 09:07:00-06:00,6,Saturday,0.0,Midday,There is an incident involving a pedestrian.,1.908680086440776
1109001002,0715,1978-01-01 00:00:00,SACRAMENTO DR/SOUTHAMPTON DR,ELBOW DRIVE,SACRAMENTO DR/SOUTHAMPTON DR & ELBOW DRIVE,SW,Traffic signal,Yes,Yes,Yes,50.95309179694071,-114.0844987387958,6,2017-07-02 14:24:00-06:00,2024-08-30 10:59:00-06:00,4,Friday,8.0,Midday,Two vehicle incident.,4.183226078446269
1110417232,B0093,2024-03-26 00:00:00,KENSINGTON ROAD,16 STREET,KENSINGTON ROAD & 16 STREET,NW,Pedestrian RRFB,Yes,No,No,51.0525059780292,-114.09814499023072,5,2018-05-08 20:20:00-06:00,2025-12-22 14:52:00-07:00,4,Monday,0.0,Midday,Traffic incident.,2.66032528555728
1109001582,0986,2008-01-21 00:00:00,DALHOUSIE DRIVE,53 STREET,DALHOUSIE DRIVE & 53 STREET,NW,Traffic signal,Yes,No,No,51.11345210320288,-114.15633609723186,5,2019-12-03 12:34:00-07:00,2026-02-17 16:22:00-07:00,5,Tuesday,3.0,Evening Rush,Traffic incident.,7.883437520977005
1109001521,0164,1993-07-07 00:00:00,MONTEREY SQUARE,68 STREET,MONTEREY SQUARE & 68 STREET,NE,Traffic signal,Yes,No,No,51.070112576024464,-113.93509293114052,5,2020-10-01 09:19:00-06:00,2026-09-08 15:55:00-06:00,4,Tuesday,3.0,Evening Rush,Traffic incident.,33.739346705625856
1109001885,1041,2015-04-10 00:00:00,91 AVENUE,24 STREET,91 AVENUE & 24 STREET,SE,Traffic signal T intersection,Yes,No,No,50.97101688630836,-114.00167444637133,5,2017-09-10 15:02:00-06:00,2024-03-08 14:25:00-07:00,5,Friday,7.0,Evening Rush,Two vehicle incident.,33.59281742021448
1109001564,1080,2011-08-08 00:00:00,RIVERVIEW CIRCLE/21 STREET,18 STREET,RIVERVIEW CIRCLE/21 STREET & 18 STREET,SE,Traffic signal,Yes,No,No,50.96641821682319,-114.0132725336772,5,2020-01-25 11:57:00-07:00,2024-08-17 14:38:00-06:00,2,Saturday,9.0,Midday,Two vehicle incident.,30.844708763306745
1109001758,0523,2009-03-31 00:00:00,90 AVENUE,48 STREET,90 AVENUE & 48 STREET,SE,Traffic signal,Yes,No,No,50.97228325090793,-113.9641761127181,5,2017-04-12 09:02:00-06:00,2022-09-28 11:37:00-06:00,4,Wednesday,9.0,Midday,Single vehicle incident.,1.6146514358241102
1109001753,B2592,1986-06-01 00:00:00,8 AVENUE,47 STREET,8 AVENUE & 47 STREET,SE,Overhead Flasher,Yes,No,No,51.04519989236834,-113.96571710739882,5,2021-03-11 16:02:00-07:00,2026-05-19 11:21:00-06:00,4,Tuesday,8.0,Evening Rush,Traffic incident.,3.9926222397253466
1109000827,0919,2012-12-21 00:00:00,112 AVENUE,69 STREET,112 AVENUE & 69 STREET,NW,Traffic signal,Yes,Yes,No,51.15418806673532,-114.18770287238964,5,2020-03-08 01:07:00-07:00,2024-12-13 17:15:00-07:00,3,Friday,1.0,Midday,Traffic incident.,0.005542040171110864
1109001724,0882,2003-10-21 00:00:00,McKENZIE TOWNE BOULEVARD,DEERFOOT TRAIL NB RAMP,McKENZIE TOWNE BOULEVARD & DEERFOOT TRAIL NB RAMP,SE,Traffic signal T intersection,No,No,No,50.91644981866173,-113.97328509799226,5,2017-04-25 10:20:00-06:00,2024-11-02 20:11:00-06:00,3,Tuesday,8.0,Midday,Traffic incident.,16.286678602312627
1109000898,B2671,1978-05-01 00:00:00,ACADIA DRIVE,MAPLEGLADE DRIVE/WILLINGDON BV,ACADIA DRIVE & MAPLEGLADE DRIVE/WILLINGDON BV,SE,Overhead Flasher,Yes,No,No,50.95168562944613,-114.0414155122678,5,2018-05-10 11:09:00-06:00,2025-10-10 10:19:00-06:00,4,Friday,11.0,Midday,Traffic incident.,1.6624302581753048
1110038961,B2858,2017-12-15 00:00:00,50 AVENUE,21A STREET,50 AVENUE & 21A STREET,SW,Pedestrian RRFB,Yes,No,No,51.008710373435214,-114.1137543626979,5,2022-12-07 12:50:00-07:00,2026-02-11 11:34:00-07:00,5,Wednesday,3.0,Midday,Traffic incident.,5.764071923487946
1110038964,B2860,2017-06-13 00:00:00,KENSINGTON ROAD,25 STREET,KENSINGTON ROAD & 25 STREET,NW,Pedestrian RRFB,Yes,No,No,51.05246772325128,-114.1201495769514,5,2017-10-20 16:16:00-06:00,2025-03-24 09:47:00-06:00,4,Friday,7.0,Morning Rush,Multi-vehicle incident. Blocking the EB lanes,11.81040183452202
1110063884,1164,2018-09-25 00:00:00,MCLAURIN STREET,UNIVERSITY AVENUE,MCLAURIN STREET & UNIVERSITY AVENUE,NW,Traffic signal,Yes,Yes,Yes,51.07754341330055,-114.14773617864698,5,2023-05-18 08:54:00-06:00,2026-08-28 14:44:00-06:00,3,Friday,8.0,Midday,Traffic incident.,7.606323019345913
1109001641,0787,2002-07-30 00:00:00,37 AVENUE,26 STREET,37 AVENUE & 26 STREET,NE,Traffic signal,Yes,No,No,51.08665640720445,-113.99778760525987,5,2019-11-21 13:25:00-07:00,2025-12-03 10:09:00-07:00,4,Wednesday,13.0,Midday,Traffic incident.,1.399322341700834
1109000570,0112,1997-12-01 00:00:00,CROWFOOT CRESCENT,CROWFOOT RD/CROWFOOT TERRACE,CROWFOOT CRESCENT & CROWFOOT RD/CROWFOOT TERRACE,NW,Traffic signal,Yes,No,No,51.12662641387101,-114.19795023397064,5,2017-08-22 13:54:00-06:00,2026-04-04 14:00:00-06:00,5,Tuesday,11.0,Midday,There is an incident involving a pedestrian- EMS on site.,0.0059512958221697885
1110508575,1315,2026-01-27 00:00:00,194 AVENUE,SILVERADO DRIVE/YORKVILLE BOULEVARD,194 AVENUE & SILVERADO DRIVE/YORKVILLE BOULEVARD,SW,Traffic signal,Yes,Yes,Yes,50.877632803356335,-114.0778317764494,5,2022-05-04 22:33:00-06:00,2024-09-17 08:21:00-06:00,3,Friday,8.0,Midday,Traffic incident.,8.915318460541398
1109001128,B2514,1980-10-01 00:00:00,64 AVENUE,HUNTS CRESCENT,64 AVENUE & HUNTS CRESCENT,NW,Overhead Flasher,Yes,No,No,51.11157290154843,-114.07567496303876,5,2019-12-24 15:00:00-07:00,2026-03-13 18:07:00-06:00,5,Monday,10.0,Evening Rush,Traffic incident.,0.002746035370086532
1110309605,1249,2021-12-17 00:00:00,10 AVENUE,EDMONTON TRAIL,10 AVENUE & EDMONTON TRAIL,NE,Traffic signal,Yes,Yes,Yes,51.06151878122848,-114.05542031334762,5,2017-10-10 18:34:00-06:00,2023-06-03 14:06:00-06:00,5,Monday,18.0,Evening Rush,Traffic incident.,0.0044109546218819625
1110253508,1204,2021-10-12 00:00:00,14 AVENUE,MACLEOD TRAIL,14 AVENUE & MACLEOD TRAIL,SE,Traffic signal T intersection,Yes,Yes,Yes,51.03939785378712,-114.05854556845004,5,2020-10-27 21:53:00-06:00,2025-03-21 23:00:00-06:00,3,Tuesday,7.0,Evening,Traffic incident.,0.005345302770593129
1110245485,1203,2024-07-30 00:00:00,7171,80 AVENUE,7171 & 80 AVENUE,NE,Traffic signal T intersection,Yes,Yes,Yes,51.12519985994635,-113.93249993812805,5,2022-08-29 19:23:00-06:00,2025-08-16 15:16:00-06:00,4,Monday,15.0,Evening,Traffic incident.,11.79698461384785
1109001290,0728,1990-08-23 00:00:00,LAKE BONAVISTA DRIVE,BONAVENTURE DRIVE,LAKE BONAVISTA DRIVE & BONAVENTURE DRIVE,SE,Traffic signal,Yes,No,No,50.941470892758566,-114.06246787229844,5,2017-08-22 23:14:00-06:00,2026-06-30 10:31:00-06:00,4,Tuesday,6.0,Midday,Two vehicle incident.,3.8651995990044408
1110326180,1255,2022-07-02 00:00:00,162 AVENUE,CP RAIL CROSSING,162 AVENUE & CP RAIL CROSSING,SE,1/2 signal,No,No,No,50.90316781541557,-114.07038939872164,5,2018-10-15 08:07:00-06:00,2026-04-28 18:21:00-06:00,4,Monday,5.0,Morning Rush,There is an incident involving a pedestrian. The road is closed eastbound and westbound,21.245303916574265
1109001160,0254,1991-01-21 00:00:00,3 AVENUE,4 STREET,3 AVENUE & 4 STREET,SW,Traffic signal,No,Yes,No,51.05053192379992,-114.07152597928348,5,2018-10-30 07:29:00-06:00,2026-09-11 11:08:00-06:00,3,Friday,7.0,Evening Rush,Traffic incident.,0.4347479073236845
1109703184,1094,2013-04-11 00:00:00,FRONTIER ROAD,84 STREET,FRONTIER ROAD & 84 STREET,SE,Traffic signal T intersection,No,No,No,51.012964284699045,-113.91198387248352,5,2022-06-16 07:34:00-06:00,2025-11-14 17:12:00-07:00,4,Saturday,4.0,Evening Rush,Traffic incident.,54.759950025768404
1109703362,1095,2013-07-11 00:00:00,FRONT STREET,SETON WAY,FRONT STREET & SETON WAY,SE,1/2 signal,Yes,Yes,Yes,50.88065777015342,-113.95667171951096,5,2018-02-06 13:13:00-07:00,2022-05-21 12:19:00-06:00,3,Tuesday,13.0,Midday,Two vehicle incident.,27.391317674290363
1109001736,0938,2006-02-13 00:00:00,WESTWINDS DRIVE,SUPERSTORE ENTRANCE,WESTWINDS DRIVE & SUPERSTORE ENTRANCE,NE,Traffic signal,Yes,No,No,51.10887557439857,-113.9685729232858,5,2017-12-19 17:24:00-07:00,2026-03-18 16:59:00-06:00,4,Tuesday,11.0,Evening Rush,Traffic incident.,63.84323569142035
1109001109,0483,2005-12-05 00:00:00,14 AVENUE,5 STREET,14 AVENUE & 5 STREET,SW,Traffic signal,No,Yes,Yes,51.039841415115966,-114.07427578872722,5,2018-01-31 11:51:00-07:00,2025-05-06 23:40:00-06:00,4,Monday,2.0,Night,There is an incident involving a pedestrian- EMS on site.,2.6215157984777315
1110309563,1297,2025-09-17 00:00:00,9 AVENUE,11 STREET,9 AVENUE & 11 STREET,SE,Traffic signal,Yes,Yes,Yes,51.042182674182456,-114.03673782089774,5,2017-06-20 15:17:00-06:00,2025-09-23 11:48:00-06:00,4,Saturday,15.0,Evening Rush,Two vehicle incident.,2.515186203982159
1109001041,B2694,2000-11-29 00:00:00,ELBOW DRIVE,56 AVENUE,ELBOW DRIVE & 56 AVENUE,SW,Overhead Flasher,Yes,No,No,51.00336519156504,-114.0813699960119,5,2021-07-30 14:39:00-06:00,2024-03-14 16:12:00-06:00,4,Friday,14.0,Midday,Traffic incident.,1.155245105115769
1109712163,1099,2012-11-26 00:00:00,RICHARDSON WAY,RICHARDSON LINK,RICHARDSON WAY & RICHARDSON LINK,SW,Traffic signal,Yes,Yes,Yes,51.015011967745366,-114.13419270815294,5,2017-02-28 08:46:00-07:00,2026-02-28 13:18:00-07:00,2,Friday,8.0,Morning Rush,The traffic lights are on flash. Crews have been dispatched.,33.94014937275119
1109001360,0015,1987-10-20 00:00:00,HUNTERHORN DRIVE/HUNTCHESTER RD,4 STREET,HUNTERHORN DRIVE/HUNTCHESTER RD & 4 STREET,NE,Traffic signal,Yes,Yes,Yes,51.11273066960928,-114.05664061095848,5,2019-10-16 08:40:00-06:00,2024-12-19 18:16:00-07:00,3,Thursday,18.0,Evening Rush,Traffic incident.,6.168829596663851
1110359865,B0073,2023-03-15 00:00:00,16 AVENUE,MONTEREY AVENUE,16 AVENUE & MONTEREY AVENUE,NW,Overhead Flasher,Yes,No,No,51.06957239809706,-114.16020304178365,5,2020-01-08 17:43:00-07:00,2026-07-31 14:05:00-06:00,4,Friday,12.0,Evening Rush,Traffic incident.,5.640252679706699
1109001376,0832,2012-12-07 00:00:00,1417C,33 STREET,1417C & 33 STREET,SW,Traffic signal T intersection,Yes,Yes,Yes,51.04013636825328,-114.13545415080662,5,2017-04-21 19:30:00-06:00,2026-04-02 08:40:00-06:00,5,Friday,8.0,Evening,Two vehicle incident. Blocking the right lane,32.24727572725771
1109001350,0356,1953-01-01 00:00:00,8 AVENUE,MACLEOD TRAIL,8 AVENUE & MACLEOD TRAIL,SE,Traffic signal,Yes,Yes,Yes,51.0453972371788,-114.0581128886001,5,2017-09-30 02:50:00-06:00,2026-09-10 07:48:00-06:00,4,Saturday,2.0,Evening,The road is closed northbound due to an ongoing incident.,0.5462746625058477
1109806831,B2812,2015-12-31 00:00:00,MCKENZIE TOWNE AVENUE,MCKENZIE TOWNE BOULEVARD,MCKENZIE TOWNE AVENUE & MCKENZIE TOWNE BOULEVARD,SE,Pedestrian RRFB,Yes,No,No,50.91746106603223,-113.96175284211692,5,2017-12-09 13:00:00-07:00,2022-06-01 10:01:00-06:00,4,Wednesday,3.0,Midday,Traffic incident.,13.372283905831285
1109001323,0355,1953-01-01 00:00:00,8 AVENUE,1 STREET,8 AVENUE & 1 STREET,SE,Traffic signal,No,Yes,Yes,51.04545891996145,-114.06056583225032,5,2020-05-18 19:18:00-06:00,2025-08-03 06:51:00-06:00,4,Monday,6.0,Midday,Single vehicle incident. Blocking the right lane,1.519592987248429
1109001900,B2602,1994-12-01 00:00:00,PUMPHOUSE ROAD,BOW RIVER PATHWAY,PUMPHOUSE ROAD & BOW RIVER PATHWAY,SW,Overhead Flasher,Yes,No,No,51.04718095289699,-114.10439853846889,5,2019-09-22 16:57:00-06:00,2026-02-26 18:55:00-07:00,4,Tuesday,16.0,Evening Rush,Multi-vehicle incident. Blocking multiple lanes,47.67694249193608
1109001936,B2743,2007-04-12 00:00:00,84 AVENUE,BONAVENTURE DRIVE,84 AVENUE & BONAVENTURE DRIVE,SE,Overhead Flasher,Yes,No,No,50.97775712886218,-114.06854235124553,5,2017-06-05 18:12:00-06:00,2022-08-03 02:54:00-06:00,4,Wednesday,1.0,Evening Rush,There is an incident involving a pedestrian.,0.004155822845814607
1110419297,B0138,2026-06-02 00:00:00,ROSEVALE DRIVE,14 STREET,ROSEVALE DRIVE & 14 STREET,NW,Overhead Flasher,Yes,No,No,51.08043472460692,-114.09471381024558,5,2017-06-09 16:38:00-06:00,2025-10-02 01:43:00-06:00,5,Friday,1.0,Evening Rush,Single vehicle incident.,1.6229742702869305
1110175406,1227,2022-04-14 00:00:00,CORNERSTONE HEIGHTS/SKYVIEW CIRCLE,60 STREET,CORNERSTONE HEIGHTS/SKYVIEW CIRCLE & 60 STREET,NE,Traffic signal,Yes,Yes,Yes,51.158022143746905,-113.94678474486514,5,2020-07-30 15:41:00-06:00,2025-10-11 06:02:00-06:00,5,Thursday,6.0,Evening Rush,Traffic incident.,36.44017346731746
1109000752,0582,2012-05-08 00:00:00,RICHARD ROAD,WESTMOUNT WAY,RICHARD ROAD & WESTMOUNT WAY,SW,Traffic signal,Yes,Yes,Yes,51.011001900199794,-114.12689876985006,5,2020-01-17 08:28:00-07:00,2024-11-07 13:40:00-07:00,4,Thursday,13.0,Midday,Traffic incident.,9.63759691999939
1109000758,0960,2007-10-04 00:00:00,SYMONS VALLEY ROAD,CREEKSIDE S.C.,SYMONS VALLEY ROAD & CREEKSIDE S.C.,NW,Traffic signal T intersection,Yes,No,No,51.15986955096059,-114.12343545523224,5,2019-12-08 16:49:00-07:00,2022-10-28 15:50:00-06:00,4,Wednesday,11.0,Evening Rush,Two vehicle incident. Blocking the right lane,20.233915010089618
1109001944,B2754,2007-08-01 00:00:00,32 AVENUE,37 STREET,32 AVENUE & 37 STREET,NW,Overhead Flasher,Yes,No,No,51.08147858054098,-114.14133590938714,5,2017-09-09 13:35:00-06:00,2026-01-24 17:40:00-07:00,5,Saturday,13.0,Evening Rush,Traffic incident.,12.101059967582197
1109000764,0791,1995-09-25 00:00:00,RICHARDSON WAY,RICHARD ROAD,RICHARDSON WAY & RICHARD ROAD,SW,Traffic signal,Yes,No,No,51.01231847152459,-114.12238684600564,5,2016-12-12 11:29:00-07:00,2022-12-17 13:56:00-07:00,4,Thursday,8.0,Midday,Traffic incident.,68.37793805543068
1109000577,0552,2005-11-01 00:00:00,17 AVENUE,73 STREET,17 AVENUE & 73 STREET,SW,Traffic signal,Yes,Yes,No,51.03776306923549,-114.19348775236467,5,2022-09-01 02:19:00-06:00,2026-01-02 18:56:00-07:00,3,Monday,8.0,Evening Rush,Traffic incident.,12.802074867635058
1109000964,0819,2005-12-16 00:00:00,JAMES McKEVITT ROAD,MILLRISE HILL/SHAWNEE LINK,JAMES McKEVITT ROAD & MILLRISE HILL/SHAWNEE LINK,SW,Traffic signal,Yes,No,No,50.92132784259118,-114.08916576624746,5,2018-08-17 08:00:00-06:00,2025-12-03 18:07:00-07:00,4,Monday,8.0,Evening Rush,Traffic incident.,7.423898565252823
1109000726,B2724,2004-07-06 00:00:00,32 AVENUE,33 STREET,32 AVENUE & 33 STREET,NW,Overhead Flasher,Yes,No,No,51.08150924835683,-114.1341847165945,5,2018-07-19 16:31:00-06:00,2025-11-20 19:49:00-07:00,3,Thursday,15.0,Evening Rush,Traffic incident.,9.58196363912255
1109001055,B2502,1987-11-01 00:00:00,BEDDINGTON BOULEVARD,BERMUDA ROAD/BERKLEY ROAD,BEDDINGTON BOULEVARD & BERMUDA ROAD/BERKLEY ROAD,NW,Overhead Flasher,Yes,No,No,51.12870042210198,-114.08020424840905,5,2018-02-16 15:46:00-07:00,2026-02-14 15:14:00-07:00,4,Friday,15.0,Evening Rush,Traffic incident.,35.706791286133694
1109791923,B2798,2015-01-21 00:00:00,BOWNESS ROAD,79 STREET,BOWNESS ROAD & 79 STREET,NW,Pedestrian RRFB,Yes,No,No,51.08895231619064,-114.20149244448466,5,2018-10-23 23:36:00-06:00,2026-07-16 20:35:00-06:00,5,Friday,20.0,Evening,Traffic incident.,54.04798685594439
1110368345,B0075,2024-03-14 00:00:00,9 AVENUE,14 STREET,9 AVENUE & 14 STREET,SE,Overhead Flasher,,No,No,51.03917911552286,-114.0290074046856,5,2022-01-29 01:28:00-07:00,2024-05-29 17:15:00-06:00,3,Wednesday,17.0,Evening Rush,Traffic incident.,2.744137659743359
1109967353,1152,2016-06-14 00:00:00,4 AVENUE,11 STREET,4 AVENUE & 11 STREET,SW,1/2 signal,Yes,Yes,No,51.048786735043294,-114.08854157577774,5,2017-03-31 11:07:00-06:00,2022-12-06 06:12:00-07:00,3,Thursday,6.0,Morning Rush,Single vehicle incident.,41.72606179829517
1109945158,1082,2019-01-15 00:00:00,NOLAN HILL GATE/SAGE VALLEY DRIVE,SHAGANAPPI TRAIL,NOLAN HILL GATE/SAGE VALLEY DRIVE & SHAGANAPPI TRAIL,NW,Traffic signal,Yes,Yes,Yes,51.18004053331132,-114.1601310148096,5,2017-03-04 18:48:00-07:00,2024-01-04 10:56:00-07:00,4,Tuesday,7.0,Midday,Traffic incident.,15.085595261220426
1110368382,0062,2024-07-24 00:00:00,MAHOGANY BOULEVARD,MAHOGANY ROAD,MAHOGANY BOULEVARD & MAHOGANY ROAD,SE,Traffic signal,Yes,Yes,Yes,50.89461723954527,-113.9365060331255,5,2022-02-22 08:36:00-07:00,2025-08-30 10:22:00-06:00,2,Wednesday,8.0,Evening Rush,Traffic incident.,0.0031813631669247206
1109001340,B2664,1980-09-01 00:00:00,FAIRMOUNT DRIVE,94 AVENUE,FAIRMOUNT DRIVE & 94 AVENUE,SE,Overhead Flasher,Yes,No,No,50.96863284780499,-114.05921298586784,5,2018-06-26 16:23:00-06:00,2023-07-13 16:53:00-06:00,5,Wednesday,16.0,Evening Rush,Traffic incident.,43.32421119061936
1109000612,B2548,1975-02-01 00:00:00,BOWNESS ROAD,52 STREET,BOWNESS ROAD & 52 STREET,NW,Overhead Flasher,Yes,No,No,51.077394001556215,-114.17074249150016,5,2022-01-17 10:37:00-07:00,2026-07-31 15:55:00-06:00,3,Friday,17.0,Evening Rush,Traffic incident.,3.8731383187779924
1110626563,B0217,2026-08-24 00:00:00,42 AVENUE,4 STREET,42 AVENUE & 4 STREET,NW,Pedestrian RRFB,Yes,No,No,51.09059189382004,-114.0716029479253,5,2017-07-12 09:34:00-06:00,2025-10-10 09:16:00-06:00,3,Wednesday,9.0,Evening Rush,Traffic incident.,0.005233356212876574
1110264684,1242,2021-07-21 00:00:00,19 AVENUE,37 STREET,19 AVENUE & 37 STREET,SW,Traffic signal,Yes,Yes,Yes,51.03625261613199,-114.1411755975126,5,2020-06-11 18:03:00-06:00,2026-09-25 13:59:58-06:00,4,Friday,13.0,Midday,Traffic incident.,2.234664701956837
1110203122,B0007,2021-02-26 00:00:00,58 AVENUE,2 STREET,58 AVENUE & 2 STREET,SW,Overhead Flasher,Yes,No,No,51.00137292631683,-114.06860596976932,5,2018-01-02 07:41:00-07:00,2026-07-11 19:50:00-06:00,3,Monday,7.0,Evening Rush,Traffic incident.,0.5112498558199478
1110001153,B2573,2016-12-12 00:00:00,EVERRIDGE DRIVE,24 STREET,EVERRIDGE DRIVE & 24 STREET,SW,Pedestrian RRFB,Yes,No,No,50.91084649130486,-114.1170350041252,5,2018-09-05 21:03:00-06:00,2024-06-09 14:42:00-06:00,5,Wednesday,8.0,Evening,Traffic incident.,11.368503118038367
1109243201,1010,2008-11-05 00:00:00,BEDDINGTON TRAIL,COUNTRY HILLS BOULEVARD,BEDDINGTON TRAIL & COUNTRY HILLS BOULEVARD,NW,Traffic signal,Yes,No,No,51.14473822663259,-114.09333903223512,5,2018-01-03 15:48:00-07:00,2026-01-27 10:26:00-07:00,4,Wednesday,10.0,Evening Rush,Traffic incident.,49.48646960991856
1110202882,1183,2020-07-29 00:00:00,13 AVENUE,2 STREET,13 AVENUE & 2 STREET,SW,Traffic signal,No,Yes,Yes,51.040625543752654,-114.06833118244842,5,2018-09-22 22:30:00-06:00,2023-01-15 13:18:00-07:00,4,Wednesday,7.0,Evening,Traffic incident.,0.0019607122377023178
1110001171,B2837,2016-11-17 00:00:00,54 AVENUE,4 STREET,54 AVENUE & 4 STREET,NW,Pedestrian RRFB,Yes,No,No,51.10117526329763,-114.07148526349498,5,2017-04-20 17:35:00-06:00,2025-12-01 09:22:00-07:00,5,Thursday,9.0,Evening Rush,Two vehicle incident.,4.8284786333934155
1109001491,0884,2005-09-29 00:00:00,DEERFOOT TRAIL,24 STREET,DEERFOOT TRAIL & 24 STREET,SE,Traffic signal T intersection,Yes,No,No,50.95013766914478,-114.00355791545525,5,2019-02-15 22:22:00-07:00,2025-11-15 17:32:00-07:00,4,Saturday,17.0,Evening Rush,Single vehicle incident.,52.18795142825828
1110203126,B0094,2024-11-14 00:00:00,33 AVENUE,19 STREET,33 AVENUE & 19 STREET,SW,Pedestrian RRFB,Yes,No,No,51.023983262480485,-114.1069812122286,5,2018-11-21 12:22:00-07:00,2026-06-05 08:00:00-06:00,5,Friday,8.0,Evening,Traffic incident.,0.7674435618942399
1110001156,B2822,2016-09-30 00:00:00,24 AVENUE,UDELL ROAD,24 AVENUE & UDELL ROAD,NW,Pedestrian RRFB,Yes,No,No,51.07436108340571,-114.13128383534456,5,2020-03-07 07:07:00-07:00,2026-04-15 14:54:00-06:00,4,Saturday,7.0,Evening Rush,Traffic incident.,8.846547444706161
1109001295,B2720,2003-07-16 00:00:00,14 AVENUE,CENTRE STREET,14 AVENUE & CENTRE STREET,N,Overhead Flasher,Yes,No,No,51.06543381634089,-114.06251038824976,5,2017-09-30 03:07:00-06:00,2024-02-24 10:37:00-07:00,4,Saturday,3.0,Midday,Two vehicle incident.,6.762647232374519
1109000718,0581,2004-08-03 00:00:00,RICHARDSON WAY,RICHARDSON ROAD,RICHARDSON WAY & RICHARDSON ROAD,SW,Traffic signal,Yes,No,No,51.01328313855899,-114.13646239023444,5,2021-10-06 22:54:00-06:00,2025-02-04 11:25:00-07:00,4,Wednesday,10.0,Evening Rush,Traffic incident.,29.758308404670064
1109000529,0890,2005-10-06 00:00:00,TUSCANY BOULEVARD,TUSCANY SPRINGS BOULEVARD,TUSCANY BOULEVARD & TUSCANY SPRINGS BOULEVARD,NW,Traffic signal T intersection,Yes,No,No,51.12547299203851,-114.23861042506545,4,2020-07-28 14:47:00-06:00,2024-09-03 14:18:00-06:00,3,Tuesday,14.0,Midday,There is an incident involving a pedestrian- EMS on site.,8.165272419061628
1110582231,B0176-TEMP,2025-10-23 00:00:00,SUV VALLEY BOULEVARD,SUN VALLEY DRIVE,SUV VALLEY BOULEVARD & SUN VALLEY DRIVE,SE,Pedestrian RRFB,,No,No,50.90659056520091,-114.0445310735367,4,2018-02-26 09:16:00-07:00,2025-11-16 13:37:00-07:00,3,Monday,8.0,Morning Rush,Traffic incident.,33.474708269068685
1110626597,B0225,2026-09-08 00:00:00,76 AVENUE,20A STREET,76 AVENUE & 20A STREET,SE,Pedestrian RRFB,Yes,No,No,50.98504403594604,-114.01017185924678,4,2018-09-24 16:57:00-06:00,2023-06-03 21:40:00-06:00,3,Friday,3.0,Night,Single vehicle incident.,0.004740943009112523
1110433846,B0106,2023-12-05 00:00:00,BROOKLYN CRESCENT/CHICOUTIMI DRIVE,CHARLESWOOD DRIVE,BROOKLYN CRESCENT/CHICOUTIMI DRIVE & CHARLESWOOD DRIVE,NW,Pedestrian RRFB,Yes,No,No,51.08625189933514,-114.1210571480852,4,2021-10-19 15:53:00-06:00,2026-08-31 15:39:00-06:00,4,Monday,15.0,Evening Rush,Traffic incident.,6.8367147094300025
1109001677,0880,2003-01-22 00:00:00,McKENZIE LAKE BOULEVARD,McKENZIE LAKE WAY,McKENZIE LAKE BOULEVARD & McKENZIE LAKE WAY,SE,Traffic signal,Yes,Yes,Yes,50.90771559826119,-113.98728299881346,4,2022-11-02 08:07:00-06:00,2026-07-13 13:19:00-06:00,3,Monday,0.0,Evening,Traffic incident.,11.899139357506812
1110582173,B0200-TEMP,2025-11-24 00:00:00,210 AVENUE,BELMONT DRIVE/CREEKSTONE DRIVE,210 AVENUE & BELMONT DRIVE/CREEKSTONE DRIVE,SW,Pedestrian RRFB,,No,No,50.86315026251121,-114.0648134707488,4,2023-09-10 14:00:00-06:00,2026-01-05 23:15:00-07:00,3,Friday,7.0,Evening,Traffic incident.,27.55666019322705
1110582109,B0199,2026-04-16 00:00:00,MAHOGANY BOULEVARD,MAHOGANY GATE,MAHOGANY BOULEVARD & MAHOGANY GATE,SE,Pedestrian RRFB,Yes,No,No,50.899518767591424,-113.93749380551286,4,2020-02-20 17:40:00-07:00,2022-02-16 07:47:00-07:00,3,Thursday,7.0,Evening Rush,Traffic incident.,15.139961164563484
1109000902,B2712,2001-12-19 00:00:00,42 AVENUE,9 STREET,42 AVENUE & 9 STREET,SE,Overhead Flasher,Yes,No,No,51.01601709685532,-114.04067468823038,4,2017-09-08 17:30:00-06:00,2024-11-28 17:30:00-07:00,3,Thursday,17.0,Evening Rush,Traffic incident.,1.4927497662983866
1109001735,B2560,1982-08-01 00:00:00,WHITEHORN DRIVE,42 STREET,WHITEHORN DRIVE & 42 STREET,NE,Overhead Flasher,Yes,No,No,51.084909230600616,-113.97263870335895,4,2018-05-22 15:40:00-06:00,2026-06-11 17:40:00-06:00,3,Monday,16.0,Evening Rush,Traffic incident.,1.0170644938977127
1109000840,0094,2000-08-23 00:00:00,NORTHMOUNT DRIVE,CALANDAR ROAD,NORTHMOUNT DRIVE & CALANDAR ROAD,NW,Traffic signal,Yes,No,No,51.08567721112341,-114.10176802056397,4,2019-02-24 15:49:00-07:00,2025-02-18 15:41:00-07:00,3,Tuesday,15.0,Evening Rush,Traffic incident.,2.9774655625563704
1109001585,0989,2010-05-03 00:00:00,96 AVENUE,HARVEST ROSE PARK,96 AVENUE & HARVEST ROSE PARK,NE,Traffic signal,Yes,No,No,51.14154851256272,-114.0625785821624,4,2020-06-17 19:15:00-06:00,2025-04-01 17:29:00-06:00,4,Friday,17.0,Evening Rush,Traffic incident.,10.991244672197958
1110403676,1273,2022-11-06 00:00:00,SHAGANAPPI TRAIL,STONEY TRAIL,SHAGANAPPI TRAIL & STONEY TRAIL,NW,Traffic signal T intersection,,No,No,51.150664662474846,-114.13949836780264,4,2017-12-19 21:17:00-07:00,2025-02-04 09:34:00-07:00,4,Tuesday,0.0,Morning Rush,Traffic incident.,27.623733169393745
1110403674,1271,2022-11-03 00:00:00,HARVEST HILLS BOULEVARD,STONEY TRAIL,HARVEST HILLS BOULEVARD & STONEY TRAIL,N,Traffic signal T intersection,,No,No,51.17210540983351,-114.06884913510508,4,2020-02-04 07:19:00-07:00,2026-07-19 21:44:00-06:00,3,Friday,7.0,Evening,Multi-vehicle incident. Blocking SB lanes and EB ramp,42.10543717817393
1109001855,B2771,2012-05-10 00:00:00,CROWCHILD TRAIL,SHAGANAPPI TRAIL,CROWCHILD TRAIL & SHAGANAPPI TRAIL,NW,Pedestrian RRFB,Yes,No,No,51.09812584546383,-114.14776006074102,4,2018-03-20 17:51:00-06:00,2023-08-11 18:56:00-06:00,4,Friday,15.0,Evening Rush,Multi-vehicle incident. Blocking the right lane,38.000998718091495
1110001167,B2833,2016-11-24 00:00:00,43 AVENUE,CENTRE STREET,43 AVENUE & CENTRE STREET,N,Pedestrian RRFB,Yes,No,No,51.09139734328841,-114.06243625405396,4,2021-03-23 13:56:00-06:00,2024-10-26 18:51:00-06:00,2,Monday,13.0,Evening Rush,Traffic incident.,2.120191175686965
1109000913,0534,2008-02-06 00:00:00,59 AVENUE,11 STREET,59 AVENUE & 11 STREET,SE,Traffic signal T intersection,Yes,No,No,50.99954412331085,-114.0371782519761,4,2018-10-15 16:52:00-06:00,2024-01-08 15:49:00-07:00,3,Monday,15.0,Evening Rush,There is an incident involving a pedestrian.,5.657711411673585
1109001934,B2748,2007-11-24 00:00:00,ROSEVIEW DRIVE,14 STREET,ROSEVIEW DRIVE & 14 STREET,NW,Overhead Flasher,Yes,No,No,51.08136530821496,-114.09472954696838,4,2019-12-03 12:53:00-07:00,2022-04-01 16:26:00-06:00,3,Friday,16.0,Evening Rush,Traffic incident.,3.1853321024295433
1109000582,B2523,1966-08-01 00:00:00,BOWNESS ROAD,70 STREET,BOWNESS ROAD & 70 STREET,NW,Overhead Flasher,Yes,No,No,51.08895584774611,-114.19023263264754,4,2021-09-24 05:57:00-06:00,2026-08-28 10:45:00-06:00,3,Friday,5.0,Night,Traffic incident.,3.5124504375484573
1109001926,B2774,2012-05-24 00:00:00,18 STREET,RIVERVIEW CLOSE/RIVERWOOD CIRCLE,18 STREET & RIVERVIEW CLOSE/RIVERWOOD CIRCLE,SE,Pedestrian RRFB,Yes,No,No,50.97011373008669,-114.01532707842748,4,2018-05-27 18:56:00-06:00,2024-10-31 12:31:00-06:00,4,Friday,12.0,Evening Rush,Traffic incident.,23.22397431589588
1110159542,1173,2018-10-22 00:00:00,26 AVENUE,4 STREET,26 AVENUE & 4 STREET,NW,Fire signal,No,No,No,51.07612438473734,-114.07154756859909,4,2019-02-18 17:30:00-07:00,2026-03-19 10:18:00-06:00,4,Monday,17.0,Evening Rush,Traffic incident.,7.452225832521563
1109000917,B2731,2012-02-01 00:00:00,CHURCHILL DRIVE,HERITAGE DRIVE,CHURCHILL DRIVE & HERITAGE DRIVE,SW,Overhead Flasher,Yes,No,No,50.97961342722315,-114.09165911269169,4,2017-11-30 16:13:00-07:00,2026-08-26 09:00:00-06:00,3,Thursday,9.0,Evening Rush,There is an incident involving a pedestrian- EMS on site. Blocking the WB left lane,4.875698799943256
1110046503,B2880,2017-12-19 00:00:00,SAGE MEADOWS GREEN,SYMONS VALLEY PARKWAY,SAGE MEADOWS GREEN & SYMONS VALLEY PARKWAY,NW,Pedestrian RRFB,Yes,No,No,51.1681087825734,-114.12523992413284,4,2019-09-21 17:31:00-06:00,2024-01-08 10:56:00-07:00,4,Monday,10.0,Evening,Traffic incident.,13.688783700672655
1109413136,1056,2012-04-13 00:00:00,KENSINGTON ROAD,21 STREET,KENSINGTON ROAD & 21 STREET,NW,Traffic signal,Yes,Yes,No,51.0524944777928,-114.11045757118984,4,2019-05-21 22:05:00-06:00,2023-02-03 14:46:00-07:00,3,Friday,14.0,Evening,Single vehicle incident. Blocking the EB and WB right lanes,1.7215135672535993
1109000596,B2546,1974-03-01 00:00:00,BOWNESS ROAD,63 STREET,BOWNESS ROAD & 63 STREET,NW,Overhead Flasher,Yes,No,No,51.085699785387696,-114.18001391325288,4,2021-12-31 20:27:00-07:00,2023-11-12 19:22:00-07:00,3,Sunday,19.0,Evening,Traffic incident.,4.209603567284138
1110357956,B0069,2023-05-11 00:00:00,EVERGREEN DRIVE,FISH CREEK BOULEVARD,EVERGREEN DRIVE & FISH CREEK BOULEVARD,SW,Overhead Flasher,Yes,No,No,50.917678485348944,-114.10282070243836,4,2017-08-17 17:35:00-06:00,2024-03-15 07:08:00-06:00,4,Friday,7.0,Evening Rush,Traffic incident.,10.489612206967266
1110355720,B0072,2026-04-24 00:00:00,2 AVENUE,19 STREET,2 AVENUE & 19 STREET,NW,Pedestrian RRFB,Yes,No,No,51.054615099906165,-114.10551485083953,4,2018-11-13 16:17:00-07:00,2026-04-08 08:17:00-06:00,3,Monday,8.0,Evening Rush,Traffic incident.,26.451401223103975
1109000703,0069,1988-08-08 00:00:00,NORTHLAND MALL ENTRANCE,NORTHLAND DRIVE,NORTHLAND MALL ENTRANCE & NORTHLAND DRIVE,NW,Traffic signal,Yes,No,No,51.09889587102211,-114.1413022973937,4,2020-12-22 12:45:00-07:00,2026-06-24 08:45:00-06:00,3,Tuesday,8.0,Morning Rush,Traffic signals are flashing red. Crew has been dispatched,25.367670390134563
1109001511,B2593,1979-06-11 00:00:00,MADIGAN DRIVE,8 AVENUE,MADIGAN DRIVE & 8 AVENUE,NE,Overhead Flasher,Yes,No,No,51.05964524856037,-113.94049981682484,4,2018-03-20 10:00:00-06:00,2023-08-19 12:21:00-06:00,3,Saturday,10.0,Evening,Traffic incident.,0.7175781723789232
1110373082,0629,2026-05-28 00:00:00,98 AVENUE,24 STREET,98 AVENUE & 24 STREET,SW,Traffic signal,Yes,Yes,Yes,50.96501260943506,-114.11787130975512,4,2018-11-23 18:24:00-07:00,2020-08-04 11:40:00-06:00,3,Tuesday,15.0,Evening Rush,Two vehicle incident.,11.75566298632319
1110383547,B0082,2023-02-28 00:00:00,MILLRISE DRIVE,SHAWNESSY BOULEVARD,MILLRISE DRIVE & SHAWNESSY BOULEVARD,SW,Pedestrian RRFB,Yes,No,No,50.91401008808892,-114.09252625075749,4,2021-10-27 07:51:00-06:00,2025-07-19 15:05:00-06:00,4,Wednesday,7.0,Evening Rush,Traffic incident.,7.241243262728455
1109001456,0637,2002-10-26 00:00:00,GLENMORE TRAIL,18 STREET,GLENMORE TRAIL & 18 STREET,SE,Traffic signal,Yes,No,No,50.98164833406413,-114.01588823878508,4,2021-07-15 16:17:00-06:00,2025-04-29 14:46:00-06:00,3,Tuesday,14.0,Evening Rush,Traffic incident. Blocking the right lane,55.58417472564405
1110175565,1221,2024-12-03 00:00:00,SAGE VALLEY BOULEVARD,SHAGANAPPI TRAIL,SAGE VALLEY BOULEVARD & SHAGANAPPI TRAIL,NW,Traffic signal T intersection,Yes,Yes,Yes,51.17522094062687,-114.15677506517174,4,2021-07-09 20:15:00-06:00,2024-08-01 19:51:00-06:00,3,Thursday,7.0,Evening,Traffic incident.,13.779075706426852
1110001174,B2776,2016-12-20 00:00:00,73 AVENUE,ELBOW DRIVE,73 AVENUE & ELBOW DRIVE,SW,Pedestrian RRFB,Yes,No,No,50.98775056258335,-114.0831418427323,4,2017-08-24 15:11:00-06:00,2019-06-11 09:54:00-06:00,3,Tuesday,9.0,Evening Rush,Multi-vehicle incident.,3.6546921821027776
1110193633,0591,2019-10-08 00:00:00,8 AVENUE,4 STREET,8 AVENUE & 4 STREET,SE,Traffic signal,No,Yes,Yes,51.04526175994005,-114.05320105886092,4,2020-06-18 14:01:00-06:00,2023-08-04 15:58:00-06:00,2,Friday,13.0,Midday,There is an incident involving a pedestrian.,0.25199492560586345
1109000975,0388,2012-10-02 00:00:00,7 AVENUE,11 STREET,7 AVENUE & 11 STREET,SW,Traffic signal,Yes,Yes,Yes,51.04722650302485,-114.08858377701668,4,2022-09-28 15:58:00-06:00,2026-05-21 13:23:00-06:00,3,Thursday,5.0,Midday,Traffic incident.,5.6313935091281575
1110000892,0103,2019-03-21 00:00:00,RIVERFRONT AVENUE,1 STREET,RIVERFRONT AVENUE & 1 STREET,SW,Traffic signal T intersection,Yes,Yes,Yes,51.05226766571009,-114.0650015251168,4,2018-08-31 09:26:00-06:00,2025-10-01 07:13:00-06:00,4,Friday,9.0,Morning Rush,Single vehicle incident.,4.747701957780924
1110204763,1224,2022-01-19 00:00:00,COPPERSTONE STREET,MCIVOR BOULEVARD,COPPERSTONE STREET & MCIVOR BOULEVARD,SE,Traffic signal T intersection,Yes,Yes,Yes,50.91573743389717,-113.93474204709489,4,2020-04-03 17:11:00-06:00,2025-08-09 15:49:00-06:00,4,Friday,8.0,Evening Rush,Traffic incident.,8.774380592637408
1110343618,1258,2023-02-22 00:00:00,SUN VALLEY BOULEVARD,SUN HARBOUR ROAD/SIKOME ROAD,SUN VALLEY BOULEVARD & SUN HARBOUR ROAD/SIKOME ROAD,SE,Traffic signal,Yes,Yes,Yes,50.90072610296098,-114.02432477615407,4,2021-01-29 13:35:00-07:00,2024-08-30 17:13:00-06:00,4,Friday,4.0,Evening Rush,Traffic incident.,25.69127242498329
1109000989,0484,2014-12-19 00:00:00,3 AVENUE,10 STREET,3 AVENUE & 10 STREET,NW,Traffic signal,No,Yes,Yes,51.05559578453083,-114.08592292837722,4,2017-07-07 21:44:00-06:00,2025-09-06 21:31:00-06:00,4,Friday,21.0,Evening,There is an incident involving a pedestrian. Blocking the right lane,0.11606280410194379
1110345319,0764,2022-06-17 00:00:00,100 AVENUE,68 STREET,100 AVENUE & 68 STREET,SE,Traffic signal,Yes,Yes,Yes,50.96742762462421,-113.93514098480728,4,2022-09-16 08:59:00-06:00,2025-07-09 09:37:00-06:00,3,Friday,8.0,Morning Rush,Traffic incident.,7.486346864984252
1110203135,B0020,2019-05-24 00:00:00,SILVER SPRINGS BOULEVARD,SILVERGROVE DRIVE,SILVER SPRINGS BOULEVARD & SILVERGROVE DRIVE,NW,Pedestrian RRFB,Yes,No,No,51.114922335796926,-114.20387350498136,4,2020-06-24 18:29:00-06:00,2026-07-05 22:04:00-06:00,3,Monday,15.0,Evening,Traffic incident.,30.437029895501794
1109001330,0717,1986-01-01 00:00:00,BONAVENTURE DRIVE,SOUTH CENTRE S.C./FAMILY LEISURE,BONAVENTURE DRIVE & SOUTH CENTRE S.C./FAMILY LEISURE,SE,Traffic signal,Yes,Yes,Yes,50.95224830198365,-114.06025193054808,4,2017-06-06 13:02:00-06:00,2025-01-25 13:28:00-07:00,3,Friday,13.0,Midday,Traffic incident.,17.084366098500162
1109001331,0727,1990-01-01 00:00:00,LAKE BONAVISTA DRIVE,BONAVENTURE DRIVE,LAKE BONAVISTA DRIVE & BONAVENTURE DRIVE,SE,Traffic signal,Yes,No,Yes,50.94607876363194,-114.06003881641789,4,2021-02-18 08:21:00-07:00,2024-12-19 09:07:00-07:00,2,Thursday,9.0,Morning Rush,Traffic incident.,12.38202294036105
1109001057,B2639,1993-07-01 00:00:00,ELBOW DRIVE,MADISON AVENUE,ELBOW DRIVE & MADISON AVENUE,SW,Overhead Flasher,Yes,No,No,51.013947593046296,-114.07930784036677,4,2021-09-09 16:04:00-06:00,2025-07-07 17:35:00-06:00,3,Thursday,8.0,Evening Rush,Traffic incident.,0.9174775623475239
1109793071,B2808,2015-01-28 00:00:00,TEMPLE DRIVE,64 STREET,TEMPLE DRIVE & 64 STREET,NE,Pedestrian RRFB,Yes,No,No,51.09262597395156,-113.94252912232288,4,2018-03-15 09:26:00-06:00,2025-12-17 20:19:00-07:00,4,Thursday,19.0,Evening,There is an incident involving a pedestrian.,10.954899704520043
1109806828,B2803,2016-01-18 00:00:00,BROOKPARK BOULEVARD,SOUTHLAND DRIVE,BROOKPARK BOULEVARD & SOUTHLAND DRIVE,SW,Overhead Flasher,Yes,No,No,50.96131866182605,-114.10945634576782,4,2018-02-05 12:46:00-07:00,2024-02-27 14:34:00-07:00,4,Monday,12.0,Midday,Traffic incident.,33.00592003605439
1110346819,B0067,2022-11-03 00:00:00,NORTHMOUNT DRIVE,CLARENDON ROAD,NORTHMOUNT DRIVE & CLARENDON ROAD,NW,Pedestrian RRFB,,No,No,51.08513488952654,-114.10085276012734,4,2022-09-28 14:09:00-06:00,2026-09-02 16:05:00-06:00,3,Wednesday,9.0,Evening Rush,There is an incident involving a pedestrian- EMS Dispatched.,2.923931855403943
1109001064,B2632,1969-07-01 00:00:00,ELBOW DRIVE,32 AVENUE,ELBOW DRIVE & 32 AVENUE,SW,Overhead Flasher,Yes,No,No,51.02487837187319,-114.07871045026096,4,2020-04-24 13:56:00-06:00,2026-07-31 02:19:00-06:00,4,Friday,2.0,Evening,Traffic incident.,2.305813236286431
1109001063,0347,1964-01-01 00:00:00,8 AVENUE,7 STREET,8 AVENUE & 7 STREET,SW,Traffic signal,Yes,Yes,Yes,51.045990220402686,-114.0787829528188,4,2018-10-16 14:18:00-06:00,2024-05-24 18:02:00-06:00,4,Friday,14.0,Evening Rush,Traffic incident.,0.30166573823222714
1109000645,0526,2007-08-08 00:00:00,BOW TRAIL,WESTWOOD DRIVE,BOW TRAIL & WESTWOOD DRIVE,SW,1/2 signal,Yes,Yes,Yes,51.05088842934693,-114.15949256587132,4,2017-02-18 23:50:00-07:00,2024-11-01 22:56:00-06:00,4,Friday,9.0,Evening,Multi vehicle incident blocking the right lanes,19.531242509350943
1109000655,0794,2003-11-17 00:00:00,DALFORD ROAD,DALHOUSIE DRIVE,DALFORD ROAD & DALHOUSIE DRIVE,NW,Traffic signal,Yes,Yes,No,51.10554706587,-114.15633016342012,4,2017-05-01 08:54:00-06:00,2025-11-25 15:54:00-07:00,3,Tuesday,8.0,Evening Rush,Traffic incident.,22.781467271233012
1109699097,B2772,2013-10-30 00:00:00,EDGEMONT BOULEVARD,EDGEDALE DRIVE,EDGEMONT BOULEVARD & EDGEDALE DRIVE,NW,Overhead Flasher,Yes,No,No,51.11870340897502,-114.15545196245644,4,2019-01-03 10:23:00-07:00,2025-09-07 16:59:00-06:00,4,Monday,10.0,Evening Rush,Traffic incident.,29.518183475346476
1109001208,0861,2004-09-22 00:00:00,SHAWVILLE BOULEVARD,SUPERSTORE ENTRANCE,SHAWVILLE BOULEVARD & SUPERSTORE ENTRANCE,SE,Traffic signal,Yes,No,No,50.908345680561766,-114.06831376192524,4,2022-04-11 07:36:00-06:00,2024-06-15 14:40:00-06:00,2,Thursday,13.0,Midday,Traffic incident. Blocking the right lane,11.867486394579792
1109698773,B2770,2012-08-30 00:00:00,TARAVISTA DRIVE,TARACOVE ROAD,TARAVISTA DRIVE & TARACOVE ROAD,NE,Overhead Flasher,Yes,No,No,51.12063878077707,-113.93640851410407,4,2019-03-19 13:08:00-06:00,2026-09-12 11:58:00-06:00,2,Tuesday,6.0,Midday,Traffic incident.,1.4131272275319315
1110342729,B0065,2023-01-09 00:00:00,PANATELLA BOULEVARD,PANATELLA HILL,PANATELLA BOULEVARD & PANATELLA HILL,NW,Pedestrian RRFB,,No,No,51.16871023752424,-114.0885305899372,4,2017-05-25 17:17:00-06:00,2026-02-16 11:31:00-07:00,4,Monday,17.0,Evening Rush,Multi-vehicle incident.,6.146651102177993
1109001307,B2519,1976-08-01 00:00:00,CENTRE STREET,TACHE AVENUE,CENTRE STREET & TACHE AVENUE,N,Overhead Flasher,Yes,No,No,51.10799971412943,-114.06247327274038,4,2017-06-24 14:11:00-06:00,2023-04-04 16:11:00-06:00,4,Saturday,16.0,Evening Rush,Traffic incident.,8.640227182137577
1109001289,0492,2018-12-04 00:00:00,8A AVENUE,85 STREET,8A AVENUE & 85 STREET,SW,Traffic signal,Yes,Yes,Yes,51.06154216545512,-114.21096718681656,4,2021-01-13 11:43:00-07:00,2025-04-03 17:06:00-06:00,4,Thursday,17.0,Evening Rush,There is an incident involving a cyclist- EMS on site.,6.191589407504744
1109001062,0530,1957-01-01 00:00:00,30 AVENUE,ELBOW DRIVE,30 AVENUE & ELBOW DRIVE,SW,Traffic signal T intersection,Yes,Yes,No,51.02638817767678,-114.0788184114624,4,2022-08-24 00:37:00-06:00,2026-04-06 08:11:00-06:00,4,Friday,0.0,Evening Rush,Traffic incident.,2.5985450468204014
1109000684,0966,2006-09-27 00:00:00,24 AVENUE,McLAURIN ST/WEST CAMPUS PL,24 AVENUE & McLAURIN ST/WEST CAMPUS PL,NW,Traffic signal,Yes,No,No,51.07398170548436,-114.14439426568904,4,2020-01-20 09:38:00-07:00,2025-03-13 08:30:00-06:00,3,Monday,3.0,Morning Rush,Traffic incident.,9.656698802080447
1110307068,1287,2026-04-22 00:00:00,16 AVENUE,STRATUS DRIVE,16 AVENUE & STRATUS DRIVE,NE,Traffic signal T intersection,Yes,Yes,Yes,51.06700803718777,-114.0391874892032,4,2019-11-05 00:54:00-07:00,2022-11-07 14:09:00-07:00,2,Monday,0.0,Midday,Echelon Plowing in progress. Please go slow and maintain distance from City of Calgary vehicles while crews are working.,54.68145479249827
1109001158,B2556,1967-11-01 00:00:00,4 STREET,25 AVENUE,4 STREET & 25 AVENUE,NW,Overhead Flasher,Yes,No,No,51.07517332428759,-114.07156542493634,4,2018-11-16 13:14:00-07:00,2026-08-13 09:52:00-06:00,4,Friday,8.0,Midday,Traffic incident.,1.4708224524808295
1109738994,B2781,2014-03-04 00:00:00,4 STREET,72 AVENUE,4 STREET & 72 AVENUE,NW,Overhead Flasher,Yes,No,No,51.11744193390911,-114.07093834181543,4,2018-12-21 14:17:00-07:00,2023-09-21 19:01:00-06:00,4,Friday,14.0,Midday,Traffic incident.,6.253471395205537
1110263707,B0038,2021-01-26 00:00:00,23 AVENUE,37 STREET,23 AVENUE & 37 STREET,SW,Overhead Flasher,Yes,No,No,51.03315483595537,-114.1412007873459,4,2021-11-23 05:40:00-07:00,2025-03-13 20:18:00-06:00,3,Friday,0.0,Night,Traffic incident.,1.905953435226427
1109783965,B2796,2015-01-15 00:00:00,SADDLETOWNE CIRCLE,SADDLERIDGE DRIVE,SADDLETOWNE CIRCLE & SADDLERIDGE DRIVE,NE,Pedestrian RRFB,Yes,No,No,51.126044900536485,-113.94910004177054,4,2016-12-15 12:24:00-07:00,2025-12-15 15:35:00-07:00,4,Thursday,7.0,Midday,2 vehicle incident,14.195751761177812
1109759185,0033,2018-04-17 00:00:00,52 STREET,WHITEHORN DRIVE,52 STREET & WHITEHORN DRIVE,NE,1/2 signal,Yes,Yes,Yes,51.08860342332076,-113.95839779503264,4,2021-02-24 15:54:00-07:00,2023-12-06 17:30:00-07:00,3,Wednesday,17.0,Evening Rush,Traffic incident. Blocking the right lane,4.61956496644159
1110310149,1250,2021-12-02 00:00:00,3 AVENUE,1 STREET,3 AVENUE & 1 STREET,SE,Traffic signal,,Yes,Yes,51.05021088863708,-114.06023264382122,4,2019-05-14 16:08:00-06:00,2026-09-11 16:18:00-06:00,4,Friday,16.0,Evening Rush,There is an incident involving a pedestrian- EMS on site. Blocking the right lane,0.0032101975408298806
1109001106,0833,2001-10-04 00:00:00,SHAWNEE DRIVE,SHAWNEE GATE,SHAWNEE DRIVE & SHAWNEE GATE,SW,Traffic signal,Yes,Yes,No,50.924176758259776,-114.07501334186028,4,2020-03-12 11:35:00-06:00,2025-12-05 21:47:00-07:00,4,Tuesday,7.0,Midday,There is an incident involving a cyclist- EMS on site. Road closed.,6.72090348773777
1110263709,B0064,2022-03-29 00:00:00,24 AVENUE,15 STREET,24 AVENUE & 15 STREET,NW,Pedestrian RRFB,Yes,No,No,51.074272582533006,-114.09715955601436,4,2017-06-25 17:32:00-06:00,2023-08-11 10:50:00-06:00,3,Sunday,7.0,Midday,Two vehicle incident.,1.3305110673156433
1110265067,1223,2022-08-17 00:00:00,ASPEN SUMMIT BOULEVARD,85 STREET,ASPEN SUMMIT BOULEVARD & 85 STREET,SW,Traffic signal T intersection,Yes,Yes,Yes,51.04324963544919,-114.2109343741017,4,2022-08-16 13:23:00-06:00,2024-01-29 08:36:00-07:00,3,Tuesday,8.0,Midday,Multi-vehicle incident. Blocking the left lane,9.937194378092936
1110263804,1216,2022-09-09 00:00:00,10 AVENUE,18 STREET,10 AVENUE & 18 STREET,SW,Traffic signal T intersection,Yes,Yes,Yes,51.04447459712198,-114.1040909102032,4,2017-08-25 17:10:00-06:00,2026-09-09 22:13:00-06:00,3,Friday,14.0,Evening,Two vehicle incident.,0.003724806356470075
1110264685,1237,2020-08-31 00:00:00,33 AVENUE,37 STREET,33 AVENUE & 37 STREET,SW,Traffic signal T intersection,Yes,Yes,Yes,51.02386099653411,-114.14114534129384,4,2017-12-28 12:58:00-07:00,2024-04-11 10:11:00-06:00,4,Thursday,12.0,Midday,Single vehicle incident.,3.738350782050344
1110263718,B0039,2020-08-06 00:00:00,30 AVENUE,37 STREET,30 AVENUE & 37 STREET,SW,Overhead Flasher,Yes,No,No,51.02694763573578,-114.141145794151,4,2018-09-06 14:48:00-06:00,2024-12-01 12:45:00-07:00,4,Sunday,12.0,Midday,Traffic incident.,0.006615416161613152
1110277302,B0049,2022-06-05 00:00:00,McPHERSON ROAD,9 STREET,McPHERSON ROAD & 9 STREET,NE,Pedestrian RRFB,Yes,No,No,51.050017710840685,-114.0403618713368,4,2020-12-16 09:13:00-07:00,2023-11-15 01:15:00-07:00,2,Wednesday,17.0,Evening Rush,Traffic incident.,0.09889030430048384
1110063420,B2907,2018-02-28 00:00:00,64 AVENUE,DEERFOOT TRAIL,64 AVENUE & DEERFOOT TRAIL,NE,Pedestrian RRFB,Yes,No,No,51.11033421293477,-114.04552384130304,4,2021-02-20 11:06:00-07:00,2021-12-21 12:26:00-07:00,1,Saturday,11.0,Midday,Blocking the right lane WB,44.279281929068375
1110466013,1299,2025-12-12 00:00:00,18 AVENUE,11 STREET,18 AVENUE & 11 STREET,SE,Traffic signal T intersection,,Yes,Yes,51.03701304059597,-114.0367696037813,4,2018-06-22 01:56:00-06:00,2025-03-29 23:27:00-06:00,3,Friday,1.0,Evening,Traffic incident.,34.05753314080426
1109000553,0972,2009-06-10 00:00:00,CROWCHILD TRAIL RAMP,CROWFOOT PARADE,CROWCHILD TRAIL RAMP & CROWFOOT PARADE,NW,Traffic signal,No,No,No,51.12377985437976,-114.20888032406484,3,2020-01-15 18:16:00-07:00,2026-09-15 17:21:00-06:00,3,Saturday,7.0,Evening Rush,Single vehicle incident.,6.843336828757671
1110626583,B0220,2026-09-08 00:00:00,24 AVENUE,ULRICH ROAD,24 AVENUE & ULRICH ROAD,NW,Pedestrian RRFB,Yes,No,No,51.07433197706105,-114.13844709371304,3,2021-11-18 16:34:00-07:00,2024-03-18 09:07:00-06:00,2,Monday,8.0,Morning Rush,Traffic incident.,5.575884174566231
1110506001,1314,2026-05-29 00:00:00,TUSSLEWOOD DRIVE,TWELVE MILE COULEE ROAD,TUSSLEWOOD DRIVE & TWELVE MILE COULEE ROAD,NW,Traffic signal T intersection,Yes,Yes,Yes,51.13870251616885,-114.25747337926822,3,2017-09-23 20:08:00-06:00,2024-03-20 09:35:00-06:00,3,Friday,9.0,Evening,Single vehicle incident.,12.449518488597887
1109000561,0125,1999-10-29 00:00:00,CROWFOOT CIRCLE,CROWFOOT WAY,CROWFOOT CIRCLE & CROWFOOT WAY,NW,Traffic signal,Yes,No,No,51.124336034622345,-114.20257032912431,3,2021-05-23 05:07:00-06:00,2026-07-01 13:12:00-06:00,3,Sunday,5.0,Midday,Traffic incident.,8.760999305945933
1110058807,B2889,2017-12-07 00:00:00,8 AVENUE,40 STREET,8 AVENUE & 40 STREET,SE,Pedestrian RRFB,Yes,No,No,51.04515237178544,-113.9758042502577,3,2018-06-20 19:20:00-06:00,2026-06-23 16:26:00-06:00,3,Thursday,16.0,Evening Rush,Traffic incident.,4.960093403378083
1109001666,0781,2000-06-26 00:00:00,37 AVENUE,32 STREET,37 AVENUE & 32 STREET,NE,Traffic signal,Yes,No,No,51.08666116725331,-113.98867381808743,3,2018-02-21 08:46:00-07:00,2024-01-22 14:53:00-07:00,3,Monday,8.0,Midday,Traffic incident.,0.0018986746452333816
1110058808,B2890,2017-08-25 00:00:00,ELBOW DRIVE,SABRINA ROAD,ELBOW DRIVE & SABRINA ROAD,SW,Pedestrian RRFB,Yes,No,No,50.95704294179496,-114.08468117325393,3,2018-09-17 07:49:00-06:00,2026-09-18 16:24:28-06:00,3,Monday,7.0,Evening Rush,There is an incident involving a pedestrian- EMS on site.,4.450803860444593
1109738991,B2780,2014-03-11 00:00:00,44 STREET,11 AVENUE,44 STREET & 11 AVENUE,SE,Overhead Flasher,Yes,No,No,51.04323710491157,-113.9700050486131,3,2018-07-28 22:41:00-06:00,2022-02-04 10:28:00-07:00,3,Friday,10.0,Evening,Single vehicle incident.,0.4136851142991787
1110262492,1210,2022-07-06 00:00:00,20 AVENUE,4 STREET,20 AVENUE & 4 STREET,SW,Traffic signal,No,Yes,Yes,51.03524089674328,-114.07150953031878,3,2017-10-13 20:02:00-06:00,2026-06-24 17:09:00-06:00,3,Wednesday,4.0,Evening,Traffic incident.,10.252923213074475
1110514739,B0091-TEMP,2024-10-23 00:00:00,RIVERCREST DRIVE/RIVERGLEN WAY,RIVERGLEN DRIVE,RIVERCREST DRIVE/RIVERGLEN WAY & RIVERGLEN DRIVE,SE,Pedestrian RRFB,Yes,No,No,50.97625800807359,-114.01239283502352,3,2018-08-26 05:21:00-06:00,2026-02-03 11:51:00-07:00,3,Sunday,5.0,Evening Rush,Traffic incident.,1.1319454748394102
1110515451,B0165,2025-12-19 00:00:00,ERIN DALE CRESCENT/ERIN WOODS COURT,ERIN WOODS BOULEVARD,ERIN DALE CRESCENT/ERIN WOODS COURT & ERIN WOODS BOULEVARD,SE,Pedestrian RRFB,Yes,No,No,51.01852237371087,-113.9783610431252,3,2018-09-13 08:07:00-06:00,2023-04-24 17:32:00-06:00,3,Monday,8.0,Evening Rush,Traffic incident.,4.668162942036053
1110515433,B0161,2025-08-22 00:00:00,20 AVENUE,12 STREET,20 AVENUE & 12 STREET,NW,Pedestrian RRFB,Yes,No,No,51.07052751990116,-114.08979772313178,3,2017-03-22 18:07:00-06:00,2024-05-03 07:52:00-06:00,3,Friday,18.0,Evening Rush,2 vehicle incident,0.001968046936024544
1110591888,B0098-TEMP,2025-12-15 00:00:00,SKYVIEW RANCH DRIVE,52 STREET,SKYVIEW RANCH DRIVE & 52 STREET,NE,Pedestrian RRFB,,No,No,51.15803043264573,-113.95874086693404,3,2020-08-18 01:26:00-06:00,2023-10-25 07:40:00-06:00,3,Monday,1.0,Evening,Traffic incident.,17.873988030257106
1110592126,B0208,2026-09-10 00:00:00,CITYSCAPE BOULEVARD,CITYSCAPE DRIVE,CITYSCAPE BOULEVARD & CITYSCAPE DRIVE,NE,Pedestrian RRFB,,No,No,51.14718930540979,-113.96656800167769,3,2022-10-21 18:40:00-06:00,2026-05-11 00:31:00-06:00,2,Friday,18.0,Evening Rush,Traffic incident.,12.999842055582974
1109001239,0838,2004-04-07 00:00:00,SHAWVILLE GATE,BISHOP O'BYRNE HIGH SCHOOL,SHAWVILLE GATE & BISHOP O'BYRNE HIGH SCHOOL,SE,1/2 signal,Yes,No,No,50.89860612235928,-114.06724144022364,3,2024-04-02 01:26:00-06:00,2025-11-24 11:41:00-07:00,2,Friday,1.0,Evening Rush,There is an incident involving a pedestrian- EMS Dispatched.,47.74965614347768
1110325663,1263,2023-04-06 00:00:00,BOWNESS ROAD,43 STREET,BOWNESS ROAD & 43 STREET,NW,Traffic signal,Yes,Yes,Yes,51.06907972972771,-114.1557516026646,3,2020-10-13 08:47:00-06:00,2026-01-01 16:11:00-07:00,3,Monday,8.0,Evening Rush,Traffic incident.,1.9777068419330173
1109001197,0288,1988-11-18 00:00:00,3 AVENUE,3 STREET,3 AVENUE & 3 STREET,SW,Traffic signal,No,No,Yes,51.050487868941296,-114.07005019979177,3,2017-06-01 11:06:00-06:00,2024-09-12 13:22:00-06:00,3,Thursday,11.0,Midday,Traffic incident.,0.21442389360060676
1109001188,0351,1953-01-01 00:00:00,8 AVENUE,3 STREET,8 AVENUE & 3 STREET,SW,Traffic signal,No,Yes,No,51.04574171347363,-114.0704123567302,3,2019-02-08 18:25:00-07:00,2022-05-31 15:56:00-06:00,3,Friday,15.0,Evening Rush,There is an incident involving a pedestrian- EMS Dispatched. The road is closed,3.761612047544752
1110228023,0512,2021-06-01 00:00:00,40 AVENUE,MARKET MALL ENTRANCE,40 AVENUE & MARKET MALL ENTRANCE,NW,1/2 signal,Yes,Yes,Yes,51.08824409808203,-114.15594069253878,3,2018-12-01 16:19:00-07:00,2025-12-29 15:54:00-07:00,3,Monday,16.0,Evening Rush,Traffic incident.,6.182577569291546
1110336214,B0063,2022-07-25 00:00:00,MCKENZIE LAKE BOULEVARD,MCKENZIE LAKE GA/MOUNTAIN PARK CI,MCKENZIE LAKE BOULEVARD & MCKENZIE LAKE GA/MOUNTAIN PARK CI,SE,Pedestrian RRFB,Yes,No,No,50.91149069108831,-113.98656351674045,3,2022-02-03 17:09:00-07:00,2023-04-25 19:09:00-06:00,2,Saturday,15.0,Evening Rush,Traffic incident.,34.40653574822618
1109000616,0435,2000-01-01 00:00:00,SIROCCO DRIVE,SIGNATURE WAY,SIROCCO DRIVE & SIGNATURE WAY,SW,Traffic signal,Yes,Yes,Yes,51.03595954383373,-114.16802980279176,3,2023-03-11 11:23:00-07:00,2025-12-03 07:46:00-07:00,2,Friday,7.0,Evening Rush,Traffic incident.,8.894751387205622
1109698774,B2769,2012-08-20 00:00:00,24 STREET,106 AVENUE,24 STREET & 106 AVENUE,SW,Overhead Flasher,Yes,No,No,50.95774129541656,-114.11794018458716,3,2019-03-08 07:52:00-07:00,2024-09-21 09:17:00-06:00,2,Friday,7.0,Morning Rush,Multi-vehicle incident.,6.767138214795478
1110334655,1257,2022-08-24 00:00:00,MCKENZIE LAKE BOULEVARD,MCKENZIE LAKE DR/MOUNTAIN PARK DR,MCKENZIE LAKE BOULEVARD & MCKENZIE LAKE DR/MOUNTAIN PARK DR,SE,Traffic signal,Yes,Yes,Yes,50.90212280898651,-113.99108009695009,3,2018-03-09 18:07:00-07:00,2021-09-16 21:43:00-06:00,2,Friday,16.0,Evening Rush,There is an incident involving a pedestrian.,8.703011008882214
1109000686,0153,1991-11-14 00:00:00,BOWNESS ROAD,POINT DR/VETERANS WAY,BOWNESS ROAD & POINT DR/VETERANS WAY,NW,Traffic signal,Yes,Yes,Yes,51.06093909907232,-114.14321244195308,3,2018-08-24 06:52:00-06:00,2021-06-14 21:33:00-06:00,3,Friday,6.0,Morning Rush,Traffic incident.,7.201362900761058
1109001236,0253,1994-06-10 00:00:00,2 AVENUE,2 STREET,2 AVENUE & 2 STREET,SW,Traffic signal,No,Yes,No,51.05136686461388,-114.0675373457364,3,2020-08-27 09:53:00-06:00,2024-07-21 22:23:00-06:00,3,Friday,22.0,Evening,There is an incident involving a pedestrian- EMS on site.,0.9065621143071971
1110332323,B0062-TEMP,2021-10-01 00:00:00,136 AVENUE,SYMONS VALLEY ROAD,136 AVENUE & SYMONS VALLEY ROAD,NW,Pedestrian RRFB,,No,No,51.17593944961408,-114.133489263154,3,2021-05-28 19:01:00-06:00,2025-07-18 12:54:00-06:00,2,Friday,12.0,Midday,Traffic incident.,10.655563858410352
1110311254,1038,2021-08-29 00:00:00,RIVERFRONT AVENUE,1 STREET,RIVERFRONT AVENUE & 1 STREET,SE,1/2 signal,Yes,Yes,Yes,51.05113617360926,-114.06007804085004,3,2017-06-11 17:15:00-06:00,2024-08-31 16:14:00-06:00,2,Saturday,16.0,Evening Rush,Traffic incident. blocking multiple lanes,3.7869748696880117
1109791093,1136,2023-10-19 00:00:00,SETON WAY,WATER STREET,SETON WAY & WATER STREET,SE,Traffic signal,Yes,Yes,Yes,50.8740512405616,-113.95718399529848,3,2025-03-25 06:19:00-06:00,2025-12-06 18:36:00-07:00,1,Saturday,6.0,Morning Rush,Traffic incident.,7.15956703782336
1110119657,1174,2019-07-09 00:00:00,SKYVIEW CIRCLE,SKYVIEW RANCH DRIVE,SKYVIEW CIRCLE & SKYVIEW RANCH DRIVE,NE,Traffic signal,Yes,Yes,Yes,51.15699908415215,-113.9511704767588,3,2019-11-18 15:38:00-07:00,2025-08-19 18:58:00-06:00,3,Monday,15.0,Evening Rush,There is an incident involving a pedestrian- EMS on site.,56.798662583744346
1109000838,B2698,2001-02-07 00:00:00,KENSINGTON ROAD,18 STREET,KENSINGTON ROAD & 18 STREET,NW,Overhead Flasher,Yes,No,No,51.05251878884082,-114.10241647025902,3,2018-05-22 10:52:00-06:00,2026-07-23 17:07:00-06:00,3,Thursday,8.0,Evening Rush,Traffic incident.,47.592357269802825
1110001184,B2844,2016-12-09 00:00:00,CHARLESWOOD DRIVE,24 STREET,CHARLESWOOD DRIVE & 24 STREET,NW,Pedestrian RRFB,Yes,No,No,51.0869689173301,-114.12002747825083,3,2019-02-23 16:55:00-07:00,2023-03-05 15:46:00-07:00,3,Saturday,15.0,Evening Rush,Traffic incident.,5.881923392854546
1109000757,B2707,2001-06-19 00:00:00,2011,UNIVERSITY DRIVE,2011 & UNIVERSITY DRIVE,NW,Overhead Flasher,Yes,No,No,51.070646392494325,-114.12500653642608,3,2018-12-07 13:08:00-07:00,2025-08-01 12:47:00-06:00,3,Friday,12.0,Midday,Single vehicle incident.,17.394446652561022
1109001416,0703,1982-01-01 00:00:00,SOUTHLAND DRIVE,DEERFOOT TRAIL NB RAMP,SOUTHLAND DRIVE & DEERFOOT TRAIL NB RAMP,SE,Traffic signal T intersection,No,No,No,50.96800583920042,-114.0317965017327,3,2018-09-13 12:27:00-06:00,2023-07-12 23:28:00-06:00,3,Sunday,23.0,Evening,Traffic signals are flashing red. Crews have been dispatched,9.770510128065538
1109001410,0516,2010-09-28 00:00:00,42 AVENUE/HIGHFIELD BLVD,12 STREET,42 AVENUE/HIGHFIELD BLVD & 12 STREET,SE,Traffic signal,Yes,No,No,51.01645944538015,-114.03496004171296,3,2021-02-26 22:03:00-07:00,2026-06-09 07:16:00-06:00,3,Friday,7.0,Morning Rush,Traffic incident.,1.5122974624534038
1109001445,B2678,1982-09-01 00:00:00,CANYON MEADOWS DRIVE,QUEEN CHARLOTTE DR/DEERVIEW DR,CANYON MEADOWS DRIVE & QUEEN CHARLOTTE DR/DEERVIEW DR,SE,Overhead Flasher,Yes,No,No,50.93176010668438,-114.02304620558796,3,2018-05-16 00:09:00-06:00,2025-04-02 22:39:00-06:00,2,Wednesday,0.0,Evening,Single vehicle incident.,5.04875055623467
1109000955,B2586,1974-11-01 00:00:00,5 AVENUE,12 STREET,5 AVENUE & 12 STREET,NW,Overhead Flasher,Yes,No,No,51.05708031831733,-114.09172022541335,3,2021-02-01 09:55:00-07:00,2025-02-05 16:19:00-07:00,3,Wednesday,9.0,Evening Rush,Traffic incident.,0.4551352259937522
1110203109,B0001,2019-12-17 00:00:00,EVERSTONE DRIVE,FISH CREEK BOULEVARD,EVERSTONE DRIVE & FISH CREEK BOULEVARD,SW,Overhead Flasher,Yes,No,No,50.9176265895681,-114.10568888564512,3,2024-09-24 18:50:00-06:00,2026-07-15 09:10:00-06:00,3,Wednesday,7.0,Morning Rush,Traffic incident.,5.07449056763558
1110383533,1293,2024-08-14 00:00:00,SKYVIEW RANCH ROAD,SKYVIEW RANCH WAY,SKYVIEW RANCH ROAD & SKYVIEW RANCH WAY,NE,Traffic signal T intersection,Yes,Yes,Yes,51.16415397741999,-113.96196144402288,3,2021-02-02 07:13:00-07:00,2026-05-25 09:15:00-06:00,3,Tuesday,6.0,Morning Rush,Traffic incident.,4.459560970168747
1110175639,1222,2021-09-10 00:00:00,17 AVENUE,77 STREET,17 AVENUE & 77 STREET,SW,Traffic signal T intersection,Yes,Yes,Yes,51.03793216065588,-114.19925254379864,3,2022-07-07 00:57:00-06:00,2026-03-03 16:18:00-07:00,3,Friday,16.0,Evening Rush,Traffic incident.,6.651963084605933
1110001188,B2848,2016-11-16 00:00:00,1 AVENUE,6 STREET,1 AVENUE & 6 STREET,NE,Pedestrian RRFB,Yes,No,No,51.05327397118559,-114.0483972270498,3,2021-02-22 09:10:00-07:00,2023-12-02 12:06:00-07:00,3,Monday,9.0,Evening Rush,There is an incident involving a cyclist- EMS Dispatched.,3.4199183792631795
1109000903,B0097,2025-01-13 00:00:00,1 AVENUE,9 STREET,1 AVENUE & 9 STREET,NE,Pedestrian RRFB,Yes,No,No,51.05323547019993,-114.04037361567228,3,2019-06-07 18:40:00-06:00,2022-08-17 17:30:00-06:00,3,Friday,17.0,Evening Rush,Multi-vehicle incident.,1.7023622314828875
1109235027,0999,2011-03-28 00:00:00,RIVERFRONT AVENUE,2 STREET,RIVERFRONT AVENUE & 2 STREET,SW,Traffic signal T intersection,No,Yes,No,51.05230176389139,-114.06749149942328,3,2021-02-10 20:58:00-07:00,2026-04-09 17:51:00-06:00,3,Wednesday,17.0,Evening,Traffic incident.,0.35610402372818084
1110403687,B0096,2026-04-09 00:00:00,1 AVENUE,7A STREET,1 AVENUE & 7A STREET,NE,Pedestrian RRFB,Yes,No,No,51.05325847048843,-114.04440643872655,3,2020-08-13 11:59:00-06:00,2023-11-17 15:56:00-07:00,2,Thursday,11.0,Evening Rush,Traffic incident.,3.7291172110972766
1109001486,0847,1999-07-30 00:00:00,DOUGLASDALE BOULEVARD,DOUGLASBANK DRIVE,DOUGLASDALE BOULEVARD & DOUGLASBANK DRIVE,SE,Traffic signal T intersection,Yes,No,No,50.94459972844672,-114.00482749630034,3,2017-12-06 07:35:00-07:00,2025-08-22 11:26:00-06:00,3,Friday,7.0,Evening,Traffic incident.,13.012038102749703
1109001479,0594,2008-06-27 00:00:00,QUARRY PARK BOULEVARD/QUARRY PARK R,18 STREET,QUARRY PARK BOULEVARD/QUARRY PARK R & 18 STREET,SE,Traffic signal,Yes,No,No,50.95945085882887,-114.00932360181596,3,2018-02-07 07:40:00-07:00,2024-09-03 12:23:00-06:00,3,Thursday,7.0,Midday,Traffic incident.,10.431931213625043
1110405213,1278,2023-08-15 00:00:00,34 AVENUE,22 STREET/GARRISON GATE,34 AVENUE & 22 STREET/GARRISON GATE,SW,Traffic signal,Yes,Yes,Yes,51.02317992550914,-114.11430782923831,3,2022-05-20 09:51:00-06:00,2025-11-21 14:57:00-07:00,3,Friday,9.0,Midday,Traffic incident.,5.8763079681159995
1109983610,B2820,2017-06-13 00:00:00,PANAMOUNT BOULEVARD,PANORAMA HILLS BOULEVARD,PANAMOUNT BOULEVARD & PANORAMA HILLS BOULEVARD,NW,Pedestrian RRFB,Yes,No,No,51.157879935259366,-114.08019529071493,3,2018-03-06 14:32:00-07:00,2026-03-25 11:36:00-06:00,2,Tuesday,11.0,Midday,Two vehicle incident.,11.558920427296176
1109243242,1012,2008-08-12 00:00:00,50 AVENUE,5 STREET,50 AVENUE & 5 STREET,SW,Traffic signal,Yes,Yes,Yes,51.00873770685548,-114.07641974764756,3,2017-07-28 10:43:00-06:00,2022-02-24 09:16:00-07:00,3,Thursday,9.0,Midday,Traffic incident.,2.2950398292924614
1109001000,0731,1974-01-01 00:00:00,CANTERBURY DRIVE,ELBOW DRIVE,CANTERBURY DRIVE & ELBOW DRIVE,SW,Traffic signal,Yes,Yes,Yes,50.94785966222744,-114.08453194564729,3,2021-02-09 09:59:00-07:00,2024-11-04 18:53:00-07:00,2,Monday,9.0,Evening Rush,Traffic incident.,4.955139850152834
1110359870,B0074,2023-05-30 00:00:00,DOUGLAS WOODS DRIVE,DOUGLASDALE BOULEVARD,DOUGLAS WOODS DRIVE & DOUGLASDALE BOULEVARD,SE,Overhead Flasher,Yes,No,No,50.94307199829836,-114.00297180357455,3,2017-03-29 09:03:00-06:00,2025-11-13 07:54:00-07:00,3,Friday,7.0,Morning Rush,Incident involving a pedestrian,7.275535304936596
1109001356,0503,1998-08-12 00:00:00,25 AVENUE,3 STREET/STAMPEDE GRDS,25 AVENUE & 3 STREET/STAMPEDE GRDS,SE,Traffic signal T intersection,Yes,Yes,No,51.030999327979565,-114.05700260333668,3,2023-02-16 21:57:00-07:00,2025-04-07 05:38:00-06:00,2,Monday,5.0,Evening,There is an incident involving a pedestrian- EMS on site.,10.175251137985246
1109000998,0182,1959-01-01 00:00:00,20 AVENUE,10 STREET,20 AVENUE & 10 STREET,NW,Traffic signal,No,No,No,51.070534082430086,-114.08488363867455,3,2019-11-01 18:12:00-06:00,2024-09-29 13:43:00-06:00,3,Friday,18.0,Evening Rush,There is an incident involving a pedestrian- EMS Dispatched.,0.3449741088433081
1110359867,1265,2023-01-27 00:00:00,EVANSFORD CIRCLE/EVANSPARK CIRCLE,SYMONS VALLEY PARKWAY,EVANSFORD CIRCLE/EVANSPARK CIRCLE & SYMONS VALLEY PARKWAY,NW,Traffic signal,Yes,Yes,Yes,51.17079690339816,-114.10989690539408,3,2021-03-18 16:56:00-06:00,2025-09-18 20:42:00-06:00,3,Thursday,16.0,Evening,Traffic incident.,13.977449595250445
1109001342,0709,1992-11-17 00:00:00,WILLOW PARK DRIVE,FAIRMOUNT DRIVE,WILLOW PARK DRIVE & FAIRMOUNT DRIVE,SE,Traffic signal,Yes,Yes,Yes,50.95835085523974,-114.05908085125468,3,2017-10-06 15:48:00-06:00,2023-09-15 14:59:00-06:00,3,Friday,15.0,Evening Rush,Two vehicle incident.,0.0034634812707533334
1109407701,1061,2017-02-23 00:00:00,COUNTRY HILLS BOULEVARD,25 STREET,COUNTRY HILLS BOULEVARD & 25 STREET,NE,Traffic signal,Yes,No,No,51.15431189805968,-113.99740613083888,3,2019-09-17 21:26:00-06:00,2023-03-26 23:43:00-06:00,2,Tuesday,21.0,Evening,Single vehicle incident.,16.661183124595766
1110203142,B0027,2019-06-20 00:00:00,25 AVENUE,1 STREET,25 AVENUE & 1 STREET,SW,Pedestrian RRFB,Yes,No,No,51.030436654676336,-114.06656902140352,3,2017-06-01 02:46:00-06:00,2024-07-24 19:12:00-06:00,3,Monday,2.0,Evening,There is an incident involving a pedestrian- EMS Dispatched.,0.005754410236992706
1109000713,0117,1990-08-30 00:00:00,40 AVENUE,36 STREET,40 AVENUE & 36 STREET,NW,Traffic signal T intersection,Yes,Yes,Yes,51.08727515106685,-114.13886890337744,3,2017-06-21 17:06:00-06:00,2019-02-22 10:27:00-07:00,3,Friday,10.0,Evening Rush,Traffic signals are flashing red. Crews have been dispatched.,5.602801915003928
1110214615,1205,2020-08-12 00:00:00,90 AVENUE,BARLOW SQUARE,90 AVENUE & BARLOW SQUARE,SE,Traffic signal T intersection,Yes,Yes,Yes,50.97230106444588,-113.97869006440509,3,2024-07-25 21:51:00-06:00,2026-05-23 10:13:00-06:00,2,Saturday,10.0,Midday,Traffic incident.,1.0107840911400006
1109001031,B2567,1966-08-01 00:00:00,20 AVENUE,9 STREET,20 AVENUE & 9 STREET,NW,Overhead Flasher,Yes,No,No,51.07054621371207,-114.08316684326702,3,2019-10-09 17:07:00-06:00,2022-06-02 14:09:00-06:00,2,Sunday,14.0,Evening,Two vehicle incident.,3.9159163006860114
1109001013,0332,1970-01-01 00:00:00,7 AVENUE,9 STREET,7 AVENUE & 9 STREET,SW,Traffic signal,No,Yes,Yes,51.04709881474072,-114.0836143219583,3,2018-04-17 19:07:00-06:00,2026-04-02 08:05:00-06:00,2,Friday,8.0,Evening,There is an incident involving a pedestrian.,3.4790715439482796
1109796440,B2887,2017-12-07 00:00:00,RADCLIFFE DRIVE,RADLEY WAY,RADCLIFFE DRIVE & RADLEY WAY,SE,Pedestrian RRFB,Yes,No,No,51.04814300263251,-113.9830720401684,3,2018-07-02 17:29:00-06:00,2025-03-12 19:47:00-06:00,3,Friday,12.0,Evening,Two vehicle incident.,6.265590532227279
1109594664,1071,2011-12-20 00:00:00,WALDEN GATE,WALDEN LINK,WALDEN GATE & WALDEN LINK,SE,Traffic signal,Yes,No,No,50.875789866286674,-114.03580588905788,3,2022-03-28 16:56:00-06:00,2024-02-29 21:06:00-07:00,2,Monday,15.0,Evening Rush,Traffic incident.,7.000579702418219
1109000584,0116,1977-01-01 00:00:00,56 AVENUE/SILVER RIDGE DRIVE,SILVER SPRINGS BOULEVARD,56 AVENUE/SILVER RIDGE DRIVE & SILVER SPRINGS BOULEVARD,NW,Traffic signal,Yes,Yes,Yes,51.10352055881023,-114.18933573102396,3,2020-07-18 17:14:00-06:00,2026-01-13 20:55:00-07:00,3,Saturday,17.0,Evening,Traffic incident.,7.032918746925855
1109000751,0959,2007-10-10 00:00:00,SYMONS VALLEY ROAD,CREEKSIDE S.C.,SYMONS VALLEY ROAD & CREEKSIDE S.C.,NW,Traffic signal T intersection,Yes,No,No,51.16312187194434,-114.12769433199514,3,2022-07-05 02:27:00-06:00,2023-08-31 01:53:00-06:00,2,Thursday,1.0,Night,Traffic incident. Blocking multiple lanes,17.849927037206044
1110408797,1020,2024-09-11 00:00:00,SADDLELAND DRIVE,SADDLEMONT BOULEVARD,SADDLELAND DRIVE & SADDLEMONT BOULEVARD,NE,Traffic signal,,Yes,Yes,51.12956750831087,-113.93923523390626,3,2018-03-05 06:39:00-07:00,2026-03-01 11:52:00-07:00,3,Monday,11.0,Midday,There is an incident involving a pedestrian.,2.002857050913589
1109000815,0940,1998-11-17 00:00:00,MacEWAN DRIVE,14 STREET,MacEWAN DRIVE & 14 STREET,NW,Traffic signal T intersection,Yes,No,No,51.13483698334677,-114.10721884644532,3,2021-09-21 16:05:00-06:00,2025-02-03 18:58:00-07:00,3,Friday,7.0,Evening Rush,Traffic incident.,0.8493649548298794
1109000905,0842,2004-10-27 00:00:00,33,HERITAGE MEADOWS WAY,33 & HERITAGE MEADOWS WAY,SE,Traffic signal,Yes,No,No,50.9835192385246,-114.03986298193344,3,2023-05-06 19:14:00-06:00,2026-05-20 14:27:00-06:00,3,Friday,14.0,Evening,Traffic incident.,11.859835913864773
1110038955,B2852,2017-04-12 00:00:00,KENSINGTON ROAD,23 STREET,KENSINGTON ROAD & 23 STREET,NW,Pedestrian RRFB,Yes,No,No,51.0524895580262,-114.11546001102514,3,2021-11-12 17:08:00-07:00,2026-06-23 17:06:00-06:00,3,Friday,17.0,Evening Rush,Traffic incident. Blocking the right lane,4.27151052687325
1110028121,B2850,2017-09-27 00:00:00,BOWNESS ROAD,62 STREET,BOWNESS ROAD & 62 STREET,NW,Overhead Flasher,Yes,No,No,51.08487789793554,-114.17816212232457,3,2018-07-06 10:57:00-06:00,2024-07-13 12:03:00-06:00,3,Friday,10.0,Midday,There is an incident involving a pedestrian- EMS on site.,0.0020569934002263837
1110105839,B2690,2019-10-01 00:00:00,90 AVENUE,OAKMOUNT DRIVE,90 AVENUE & OAKMOUNT DRIVE,SW,Overhead Flasher,Yes,No,No,50.97667326558076,-114.135836836636,3,2021-03-06 10:13:00-07:00,2026-04-25 12:30:00-06:00,3,Saturday,10.0,Midday,Traffic incident.,12.421958461678258
1110582224,B0202-TEMP,2025-11-13 00:00:00,144 AVENUE,CARRINGVUE DRIVE/LUCAS WAY,144 AVENUE & CARRINGVUE DRIVE/LUCAS WAY,NW,Pedestrian RRFB,,No,No,51.18340312821623,-114.0799306565916,3,2022-12-26 00:09:00-07:00,2026-02-11 07:06:00-07:00,3,Monday,0.0,Midday,Traffic incident.,13.090090891160004
1109000527,0891,2005-08-16 00:00:00,TUSCANY BOULEVARD,TUSCANY VALLEY VIEW,TUSCANY BOULEVARD & TUSCANY VALLEY VIEW,NW,Traffic signal,Yes,No,No,51.12499686263266,-114.2428221514615,3,2021-08-24 00:16:00-06:00,2024-03-15 15:04:00-06:00,3,Tuesday,0.0,Evening Rush,Traffic incident.,7.692864408072963
1110582235,B0205-TEMP,2025-11-12 00:00:00,144 AVENUE,CARRINGTON BV/LUCAS BV,144 AVENUE & CARRINGTON BV/LUCAS BV,NW,Pedestrian RRFB,Yes,No,No,51.18336971623537,-114.07562722240016,3,2018-10-20 15:40:00-06:00,2026-01-26 17:09:00-07:00,3,Friday,15.0,Evening Rush,Traffic incident.,6.456135375521533
1110110950,1144,2021-10-27 00:00:00,28 AVENUE,52 STREET,28 AVENUE & 52 STREET,SE,Traffic signal,Yes,Yes,Yes,51.0281300995275,-113.95838487989406,3,2021-12-21 18:57:00-07:00,2024-11-26 16:06:00-07:00,3,Tuesday,12.0,Evening Rush,Traffic incident.,0.006033318226940854
1110433903,B0113,2024-12-20 00:00:00,44 AVENUE,4 STREET,44 AVENUE & 4 STREET,NW,Pedestrian RRFB,Yes,No,No,51.09256230016433,-114.07157052792188,3,2018-12-14 16:56:00-07:00,2025-02-28 23:03:00-07:00,3,Friday,7.0,Evening,Single vehicle incident.,2.8778602894866374
1109000895,0422,1972-01-01 00:00:00,MacDONALD AVENUE,8 STREET,MacDONALD AVENUE & 8 STREET,SE,Traffic signal T intersection,Yes,Yes,No,51.0412217019875,-114.0419424339778,3,2019-01-17 16:56:00-07:00,2026-06-08 19:39:00-06:00,3,Monday,12.0,Evening,Traffic incident.,1.6166172544094877
1110038958,0096,2019-03-15 00:00:00,8 AVENUE,12 STREET,8 AVENUE & 12 STREET,SE,Traffic signal,Yes,Yes,Yes,51.04203597000951,-114.03358440828026,3,2019-11-02 07:00:00-06:00,2024-07-27 11:18:00-06:00,3,Saturday,0.0,Midday,There is an incident involving a cyclist- EMS on site.,0.001252681968212278
1109001808,B2608,1979-10-01 00:00:00,8 AVENUE,PENSACOLA WAY,8 AVENUE & PENSACOLA WAY,SE,Overhead Flasher,Yes,No,No,51.04518752972848,-113.95089215175244,3,2018-03-17 17:15:00-06:00,2026-05-11 20:03:00-06:00,2,Monday,0.0,Evening,Traffic incident.,7.109239640631376
1109001859,1126,2014-04-14 00:00:00,8 AVENUE,85 STREET,8 AVENUE & 85 STREET,SW,Traffic signal,Yes,No,Yes,51.06326681391087,-114.21098277218483,3,2018-09-15 18:26:00-06:00,2022-03-09 09:56:00-07:00,3,Saturday,9.0,Morning Rush,Single vehicle incident.,5.726440950091669
1109001548,B2730,2012-01-12 00:00:00,HERITAGE DRIVE,ASHWORTH ROAD,HERITAGE DRIVE & ASHWORTH ROAD,SE,Overhead Flasher,Yes,No,No,50.97988946981226,-114.05345644346698,3,2017-09-14 18:20:00-06:00,2022-02-10 19:38:00-07:00,3,Thursday,17.0,Evening Rush,Single vehicle incident.,0.6858158531624705
1109000799,0679,1990-11-14 00:00:00,90 AVENUE,BAYVIEW DRIVE,90 AVENUE & BAYVIEW DRIVE,SW,Traffic signal,Yes,No,No,50.97223535289289,-114.11168613500742,3,2017-03-10 11:47:00-07:00,2022-09-09 06:41:00-06:00,3,Friday,6.0,Morning Rush,2 vehicle incident.,6.9519614904355755
1109001528,0822,2005-12-12 00:00:00,SHAWVILLE GATE,SHAWVILLE LINK,SHAWVILLE GATE & SHAWVILLE LINK,SE,Traffic signal,Yes,Yes,Yes,50.89880768386577,-114.06619474965694,3,2019-09-19 09:20:00-06:00,2024-07-20 12:35:00-06:00,3,Saturday,9.0,Evening Rush,Traffic incident.,6.513947389589318
1110025839,0953,2017-12-14 00:00:00,BROADCAST AVENUE,85 STREET,BROADCAST AVENUE & 85 STREET,SW,Traffic signal T intersection,Yes,Yes,Yes,51.06473090244587,-114.21097628779088,3,2017-04-12 13:59:00-06:00,2026-05-28 20:52:00-06:00,3,Sunday,13.0,Evening,Single vehicle incident,7.591396174262061
1109001216,B2515,1982-09-01 00:00:00,64 AVENUE,TRAVOIS CRESCENT,64 AVENUE & TRAVOIS CRESCENT,NW,Overhead Flasher,Yes,,No,51.1106205459695,-114.06884819837651,2,2022-02-10 08:38:00-07:00,2024-01-22 15:13:00-07:00,2,Monday,8.0,Evening Rush,Traffic incident.,10.240347763932286
1109001221,0714,2000-10-19 00:00:00,BONAVENTURE DRIVE,HEARTHSTONE PLACE,BONAVENTURE DRIVE & HEARTHSTONE PLACE,SE,Traffic signal,Yes,No,No,50.954905506709,-114.06791540804916,2,2017-08-28 11:37:00-06:00,2024-03-12 13:41:00-06:00,2,Monday,11.0,Midday,Traffic incident.,9.005622192991078
1110626527,B0215,2026-09-01 00:00:00,SANDARAC DRIVE,SANDSTONE DRIVE,SANDARAC DRIVE & SANDSTONE DRIVE,NW,Pedestrian RRFB,Yes,No,No,51.13838014664096,-114.1008984386937,2,2018-01-23 18:00:00-07:00,2024-03-03 23:40:00-07:00,2,Sunday,18.0,Evening,Traffic incident.,0.0032728818209388157
1110515708,B0170,2026-09-21 00:00:00,AUBURN BAY BOULEVARD,AUBURN BAY STREET,AUBURN BAY BOULEVARD & AUBURN BAY STREET,SE,Pedestrian RRFB,Yes,No,No,50.88665443928887,-113.95097377956898,2,2019-12-10 08:00:00-07:00,2019-12-10 08:02:00-07:00,1,Tuesday,8.0,Morning Rush,There is an incident involving a pedestrian.,9.530454459084577
1110515711,B0171,2025-09-12 00:00:00,NEW BRIGHTON DRIVE,NEW BRIGHTON WAY,NEW BRIGHTON DRIVE & NEW BRIGHTON WAY,SE,Pedestrian RRFB,Yes,No,No,50.91657193121012,-113.9430841211154,2,2019-03-18 08:37:00-06:00,2024-09-16 08:33:00-06:00,2,Monday,8.0,Morning Rush,There is an incident involving a cyclist- EMS on site.,8.534604865587273
1110263803,B0042,2021-09-09 00:00:00,23 AVENUE,BANFF TRAIL,23 AVENUE & BANFF TRAIL,NW,Pedestrian RRFB,Yes,No,No,51.07101337580246,-114.11674212294344,2,2019-05-15 18:12:00-06:00,2025-04-17 08:19:00-06:00,2,Thursday,8.0,Evening Rush,"Ongoing incident involved CTrain, Banff Tr is closed at 23 Ave. Use alternate route",54.02816734843009
1109001744,B2569,1987-08-01 00:00:00,RUNDLEHORN DRIVE,RUNDLEWOOD DRIVE,RUNDLEHORN DRIVE & RUNDLEWOOD DRIVE,NE,Overhead Flasher,Yes,No,No,51.07064193756228,-113.9699218163988,2,2019-11-29 13:02:00-07:00,2020-12-31 17:16:00-07:00,2,Friday,13.0,Evening Rush,There is an incident involving a pedestrian.,1.504879034083036
1110262493,B0033,2020-08-10 00:00:00,SCENIC COVE DRIVE,SCURFIELD DRIVE,SCENIC COVE DRIVE & SCURFIELD DRIVE,NW,Pedestrian RRFB,Yes,No,No,51.12097146086673,-114.21092798447262,2,2022-11-29 07:52:00-07:00,2025-11-19 08:32:00-07:00,2,Tuesday,7.0,Morning Rush,There is an incident involving a pedestrian- EMS on site.,11.321310695186924
1110262491,1209,2021-03-10 00:00:00,14 AVENUE,EDMONTON TRAIL,14 AVENUE & EDMONTON TRAIL,NE,Traffic signal,Yes,Yes,Yes,51.06509524697096,-114.05623239761248,2,2017-08-27 03:30:00-06:00,2018-02-13 16:32:00-07:00,2,Sunday,3.0,Evening Rush,Two vehicle incident.,0.006973221068166416
1109001093,0620,2000-12-20 00:00:00,CHINOOK CENTRE,5 STREET,CHINOOK CENTRE & 5 STREET,SW,Traffic signal T intersection,Yes,No,No,50.99590522924195,-114.07625700302812,2,2020-01-08 19:06:00-07:00,2024-12-07 17:54:00-07:00,2,Saturday,17.0,Evening,There is an incident involving a pedestrian.,33.62061480711434
1109743952,B2783,2014-02-13 00:00:00,12 AVENUE,16 STREET,12 AVENUE & 16 STREET,SW,Pedestrian RRFB,Yes,No,No,51.04244058336945,-114.09930547880936,2,2024-09-07 09:56:00-06:00,2025-02-04 15:58:00-07:00,2,Saturday,9.0,Evening Rush,Traffic incident.,25.392992748357823
1110061942,B2899,2017-12-21 00:00:00,42 AVENUE,BRANDON STREET,42 AVENUE & BRANDON STREET,SE,Pedestrian RRFB,Yes,No,No,51.01593106108115,-114.05550860809105,2,2023-09-06 15:50:00-06:00,2024-03-07 08:11:00-07:00,2,Thursday,8.0,Evening Rush,Traffic incident. Blocking the left lane,6.309256719709186
1109000886,0843,2004-09-16 00:00:00,11 STREET,NORTH IKEA ENTRANCE,11 STREET & NORTH IKEA ENTRANCE,SE,Traffic signal,Yes,No,No,50.982633613110366,-114.04387768544998,2,2024-12-20 18:59:00-07:00,2025-02-18 15:12:00-07:00,2,Friday,15.0,Evening Rush,Traffic incident.,13.587461297788487
1109001212,B2625,1987-01-01 00:00:00,23 AVENUE,2 STREET,23 AVENUE & 2 STREET,SW,Overhead Flasher,Yes,No,No,51.03240452628447,-114.0688898239526,2,2021-08-10 16:04:00-06:00,2024-03-05 10:31:00-07:00,2,Tuesday,10.0,Evening Rush,Traffic incident.,0.12180251888112376
1109001043,0590,1991-06-24 00:00:00,55 AVENUE,ELBOW DRIVE,55 AVENUE & ELBOW DRIVE,SW,Traffic signal,Yes,Yes,No,51.00425521026563,-114.0813288083231,2,2022-04-05 10:10:00-06:00,2025-04-20 09:11:00-06:00,2,Sunday,9.0,Midday,Traffic incident.,1.3499712877197845
1109701001,1091,2020-07-16 00:00:00,SHERVIEW DRIVE,SHERWOOD BOULEVARD,SHERVIEW DRIVE & SHERWOOD BOULEVARD,NW,Traffic signal,Yes,Yes,Yes,51.16261099783549,-114.1596193673354,2,2018-09-28 20:27:00-06:00,2026-03-08 12:10:00-06:00,2,Friday,12.0,Evening,Single vehicle incident.,5.826379145371018
1109001091,0608,1999-12-02 00:00:00,CHINOOK CENTRE,5 STREET,CHINOOK CENTRE & 5 STREET,SW,Traffic signal T intersection,Yes,No,No,50.99956111207414,-114.07624651338251,2,2022-06-26 11:35:00-06:00,2023-02-15 12:53:00-07:00,2,Sunday,11.0,Midday,Traffic incident.,64.5943498556262
1109783939,B2793,2015-02-25 00:00:00,SUN VALLEY BOULEVARD,SUNCREST WAY,SUN VALLEY BOULEVARD & SUNCREST WAY,SE,Pedestrian RRFB,Yes,No,No,50.906589199056754,-114.0406768915277,2,2017-10-10 18:37:00-06:00,2024-03-02 14:27:00-07:00,2,Saturday,14.0,Evening Rush,Traffic incident.,8.731685388068568
1109783937,B2791,2015-09-18 00:00:00,4624,RICHARD ROAD,4624 & RICHARD ROAD,SW,Overhead Flasher,Yes,No,No,51.0137693010257,-114.12052970154662,2,2025-11-06 09:14:00-07:00,2025-12-03 09:12:00-07:00,1,Thursday,9.0,Morning Rush,Single vehicle incident. Blocking the right lane,39.59922293530113
1110314764,B0059,2021-05-17 00:00:00,20 AVENUE,6 STREET,20 AVENUE & 6 STREET,NW,Pedestrian RRFB,Yes,No,No,51.070539825574535,-114.0763330151588,2,2022-01-15 01:47:00-07:00,2023-02-22 22:07:00-07:00,2,Saturday,1.0,Evening,Traffic incident.,8.670839882538315
1109000667,0924,2005-11-09 00:00:00,COUNTRY HILLS BOULEVARD,HAMPTONS BOULEVARD,COUNTRY HILLS BOULEVARD & HAMPTONS BOULEVARD,NW,Traffic signal T intersection,Yes,No,No,51.138768009798255,-114.14977454083908,2,2025-01-13 17:15:00-07:00,2025-03-12 09:15:00-06:00,1,Monday,9.0,Evening Rush,Traffic incident.,5.14272220170359
1109000640,0011,1994-08-11 00:00:00,COUNTRY HILLS BOULEVARD,SUPERSTORE ENTRANCE,COUNTRY HILLS BOULEVARD & SUPERSTORE ENTRANCE,NW,Traffic signal T intersection,Yes,Yes,No,51.13874847626729,-114.160117661473,2,2025-03-15 12:28:00-06:00,2025-12-20 18:29:00-07:00,1,Saturday,12.0,Evening Rush,Traffic incident.,9.436776035876406
1110312060,B0056,2021-12-01 00:00:00,WALDEN BOULEVARD,WALDEN GROVE,WALDEN BOULEVARD & WALDEN GROVE,SE,Pedestrian RRFB,Yes,No,No,50.86963402929621,-114.02979933742608,2,2024-07-22 19:24:00-06:00,2025-09-09 15:39:00-06:00,2,Monday,15.0,Evening,There is an incident involving a cyclist- EMS Dispatched.,7.558035348613996
1109000658,0127,1986-12-04 00:00:00,32 AVENUE,MARKET MALL,32 AVENUE & MARKET MALL,NW,Traffic signal T intersection,Yes,No,No,51.08148314099173,-114.15450192942248,2,2025-03-27 13:41:00-06:00,2025-11-27 08:32:00-07:00,1,Thursday,8.0,Midday,Traffic incident.,19.800928170069987
1109000685,B2620,1991-12-01 00:00:00,17 AVENUE,39 STREET,17 AVENUE & 39 STREET,SW,Overhead Flasher,Yes,No,No,51.03778053394429,-114.14403932678157,2,2022-04-24 19:06:00-06:00,2026-09-25 14:41:53-06:00,2,Friday,14.0,Evening,Traffic incident.,16.294528136282587
1109000677,0527,2007-11-05 00:00:00,BOW TRAIL,ROSSCARROCK GA,BOW TRAIL & ROSSCARROCK GA,SW,Traffic signal T intersection,Yes,Yes,No,51.04700231332452,-114.14688974444728,2,2017-04-11 11:04:00-06:00,2023-02-27 09:37:00-07:00,2,Monday,9.0,Midday,Traffic signals are blank. Crews have been dispatched,7.871674808985265
1110243636,1104,2020-09-22 00:00:00,5801,130 AVENUE,5801 & 130 AVENUE,SE,Traffic signal T intersection,Yes,Yes,Yes,50.92874177936835,-113.95071314660804,2,2018-06-20 16:52:00-06:00,2024-05-26 20:45:00-06:00,2,Sunday,16.0,Evening,Traffic incident. Blocking the WB right lane,32.16563483711156
1109730482,1112,2016-03-28 00:00:00,108 AVENUE,36 STREET,108 AVENUE & 36 STREET,NE,Traffic signal T intersection,Yes,No,No,51.15100799554992,-113.9816300049484,2,2022-03-10 10:31:00-07:00,2026-01-06 09:54:00-07:00,2,Thursday,9.0,Midday,Single vehicle incident. Blocking the right lane,32.244930539108125
1109783915,B2789,2015-03-10 00:00:00,HIDDEN CREEK BOULEVARD,HIDDEN CREEK HT/HIDDEN CREEK WY,HIDDEN CREEK BOULEVARD & HIDDEN CREEK HT/HIDDEN CREEK WY,NW,Pedestrian RRFB,Yes,No,No,51.160117328799885,-114.10087418972893,2,2017-04-19 02:28:00-06:00,2020-07-08 23:46:00-06:00,2,Wednesday,2.0,Evening,Single vehicle incident.,13.543600168347062
1110452827,B0129,2024-11-26 00:00:00,5 AVENUE,23 STREET,5 AVENUE & 23 STREET,NW,Pedestrian RRFB,Yes,No,No,51.05723674148599,-114.11549886223148,2,2022-06-16 14:23:00-06:00,2024-07-18 15:45:00-06:00,2,Thursday,14.0,Evening Rush,Traffic incident.,6.156581139256431
1109001738,B2605,1976-02-01 00:00:00,4 AVENUE,44 STREET,4 AVENUE & 44 STREET,SE,Overhead Flasher,Yes,No,No,51.0494164633316,-113.97002232369022,2,2019-02-25 14:51:00-07:00,2022-09-28 15:24:00-06:00,2,Monday,14.0,Evening Rush,Traffic incident.,0.0022225879873297087
1110452828,B0130,2024-08-09 00:00:00,24 AVENUE,18 STREET,24 AVENUE & 18 STREET,NW,Pedestrian RRFB,Yes,No,No,51.07429798310404,-114.1049918287056,2,2017-09-11 10:54:00-06:00,2018-09-17 23:06:00-06:00,2,Monday,10.0,Evening,Single vehicle incident.,3.3588904390466063
1110482399,1310,2025-09-11 00:00:00,202 AVENUE/SETON GROVE,SETON WAY,202 AVENUE/SETON GROVE & SETON WAY,SE,Traffic signal,Yes,Yes,Yes,50.866283146987215,-113.95192763521176,2,2024-01-13 11:40:00-07:00,2025-01-30 08:13:00-07:00,2,Saturday,8.0,Midday,Traffic incident.,39.9565420899027
1109000572,0124,1999-08-06 00:00:00,JOHN LAURIE BOULEVARD,100 CROWFOOT GATE,JOHN LAURIE BOULEVARD & 100 CROWFOOT GATE,NW,Traffic signal,Yes,No,No,51.12879545428239,-114.1971680600404,2,2019-12-10 17:05:00-07:00,2026-02-03 13:47:00-07:00,2,Tuesday,13.0,Evening Rush,Traffic incident.,5.018787165526998
1109000606,0535,2003-10-16 00:00:00,SIERRA MORENA BOULEVARD,SIERRA MORENA CIRCLE,SIERRA MORENA BOULEVARD & SIERRA MORENA CIRCLE,SW,Traffic signal,Yes,No,No,51.01809406143594,-114.17604637319776,2,2018-10-28 16:42:00-06:00,2025-09-17 12:04:00-06:00,2,Sunday,12.0,Evening Rush,Traffic incident.,7.25394110510708
1110203128,B0013,2020-02-25 00:00:00,5 STREET,ROYAL AVENUE,5 STREET & ROYAL AVENUE,SW,Pedestrian RRFB,Yes,No,No,51.03481950453045,-114.07420676931471,2,2021-12-11 00:09:00-07:00,2025-07-16 11:07:00-06:00,2,Saturday,0.0,Midday,There is an incident involving a pedestrian- EMS on site.,62.533752715183894
1110203130,B0015,2019-08-06 00:00:00,STRATHCONA DRIVE,STRATHDALE CLOSE,STRATHCONA DRIVE & STRATHDALE CLOSE,SW,Pedestrian RRFB,Yes,No,No,51.04534628427383,-114.18227735149364,2,2021-09-21 15:32:00-06:00,2023-11-28 09:24:00-07:00,2,Tuesday,9.0,Evening Rush,Traffic incident.,29.51932566849976
1110203132,B0017,2019-06-20 00:00:00,23 AVENUE,5 STREET,23 AVENUE & 5 STREET,SW,Pedestrian RRFB,Yes,No,No,51.03246655429386,-114.07387548583588,2,2021-07-07 18:59:00-06:00,2022-04-08 22:22:00-06:00,2,Friday,18.0,Evening,There is an incident involving a cyclist- EMS Dispatched.,0.0020077587729046623
1110203133,B0018,2023-03-21 00:00:00,COVENTRY HILLS BV,COUNTRY VILLAGE GA/COVENTRY WAY,COVENTRY HILLS BV & COUNTRY VILLAGE GA/COVENTRY WAY,NE,Overhead Flasher,Yes,No,No,51.16126413467392,-114.0542019327578,2,2024-10-08 18:20:00-06:00,2026-08-24 19:33:00-06:00,2,Monday,18.0,Evening,Traffic incident.,6.755724417004108
1110203137,B0022,2020-01-27 00:00:00,PANAMOUNT BOULEVARD,PANAMOUNT DRIVE,PANAMOUNT BOULEVARD & PANAMOUNT DRIVE,NW,Pedestrian RRFB,Yes,No,No,51.159857378436456,-114.07385751795296,2,2020-11-26 07:57:00-07:00,2024-05-18 16:33:00-06:00,2,Saturday,7.0,Evening Rush,Traffic incident.,7.755798802348101
1109000600,0951,2005-11-28 00:00:00,CROWCHILD TRAIL,SARCEE TRAIL,CROWCHILD TRAIL & SARCEE TRAIL,NW,Traffic signal T intersection,Yes,No,No,51.10954737300694,-114.17913266367776,2,2023-02-06 10:15:00-07:00,2023-04-21 11:35:00-06:00,1,Friday,10.0,Midday,Multi-vehicle incident. Blocking the right lane,31.33151357510794
1109551040,B2788,2014-10-08 00:00:00,17 AVENUE,42 STREET/GRAND OAKS DRIVE,17 AVENUE & 42 STREET/GRAND OAKS DRIVE,SW,Overhead Flasher,Yes,No,No,51.03778399218191,-114.14828554411856,2,2021-06-02 23:03:00-06:00,2022-01-18 17:34:00-07:00,2,Tuesday,17.0,Evening,Traffic incident.,0.0052153053980624215
1109001296,B2557,1986-07-01 00:00:00,28 AVENUE,CENTRE STREET,28 AVENUE & CENTRE STREET,N,Overhead Flasher,Yes,No,No,51.07784780103968,-114.06253466613984,2,2026-07-29 17:36:00-06:00,2026-08-05 07:47:00-06:00,1,Wednesday,7.0,Evening Rush,Traffic incident.,0.6723848690335665
1110001186,B2846,2016-11-17 00:00:00,11900,COUNTRY VILLAGE LINK,11900 & COUNTRY VILLAGE LINK,SE,Pedestrian RRFB,Yes,No,No,51.15861720392172,-114.06779729890629,2,2023-12-21 17:44:00-07:00,2026-04-16 21:40:00-06:00,2,Thursday,17.0,Evening,Traffic incident.,50.06173110337693
1110001187,B2847,2016-12-28 00:00:00,33 AVENUE,16 STREET,33 AVENUE & 16 STREET,SW,Pedestrian RRFB,Yes,No,No,51.02399748882327,-114.0995210693439,2,2025-01-23 09:07:00-07:00,2025-09-23 13:53:00-06:00,1,Thursday,9.0,Midday,Traffic incident.,6.405260710546777
1109000950,B2662,1992-09-01 00:00:00,SOUTHLAND DRIVE,14 STREET,SOUTHLAND DRIVE & 14 STREET,SW,Overhead Flasher,Yes,No,No,50.96227304344095,-114.09114963173514,2,2022-02-17 11:46:00-07:00,2022-05-17 18:49:00-06:00,1,Thursday,11.0,Evening Rush,Traffic incident. Blocking the left lane,44.344045296074725
1110001158,B2824,2016-08-09 00:00:00,FALSHIRE CLOSE,FALSHIRE DRIVE,FALSHIRE CLOSE & FALSHIRE DRIVE,NE,Pedestrian RRFB,Yes,No,No,51.105326985907325,-113.94509038864608,2,2017-05-31 05:01:00-06:00,2024-11-20 17:31:00-07:00,2,Wednesday,5.0,Evening Rush,There is an incident involving a pedestrian- EMS Dispatched.,6.56217986327749
1109001941,B2740,2007-10-02 00:00:00,RICHMOND ROAD,42 STREET,RICHMOND ROAD & 42 STREET,SW,Overhead Flasher,Yes,No,No,51.02020533446048,-114.14826655113548,2,2023-08-25 04:27:00-06:00,2025-08-09 12:35:00-06:00,2,Friday,4.0,Midday,Traffic incident. Blocking the right lane,14.989958839962604
1110001165,B2831,2016-12-14 00:00:00,SILVER SPRINGS GATE,SILVERDALE DRIVE,SILVER SPRINGS GATE & SILVERDALE DRIVE,NW,Pedestrian RRFB,Yes,No,No,51.10353915908135,-114.18641356227702,2,2026-07-23 18:38:00-06:00,2026-09-16 07:51:00-06:00,1,Thursday,7.0,Evening Rush,There is an incident involving a pedestrian- EMS on site.,9.545681672815096
1110001168,B2834,2017-05-02 00:00:00,HERITAGE DRIVE,5 STREET,HERITAGE DRIVE & 5 STREET,SW,Pedestrian RRFB,Yes,No,No,50.97956970998453,-114.07912376930446,2,2025-09-08 12:09:00-06:00,2025-09-08 12:09:00-06:00,1,Monday,12.0,Midday,Traffic incident.,4.892348298552307
1109000579,B2545,1981-01-01 00:00:00,34 AVENUE,73 STREET,34 AVENUE & 73 STREET,NW,Overhead Flasher,Yes,No,No,51.08381745931529,-114.19345145013482,2,2023-08-09 07:46:00-06:00,2023-11-28 07:49:00-07:00,1,Tuesday,7.0,Morning Rush,Traffic incident.,3.94017899630683
1110405214,1279,2023-08-15 00:00:00,34 AVENUE,20 STREET,34 AVENUE & 20 STREET,SW,Traffic signal,Yes,Yes,Yes,51.02319675751436,-114.10944413234895,2,2022-02-23 12:57:00-07:00,2025-03-20 13:13:00-06:00,2,Thursday,12.0,Midday,Traffic incident.,0.002411914216051535
1109980592,1034,2017-11-29 00:00:00,9 AVENUE,84 STREET,9 AVENUE & 84 STREET,SE,Traffic signal T intersection,Yes,No,No,51.04427080114983,-113.91182083443084,2,2018-02-23 18:06:00-07:00,2025-08-26 08:42:00-06:00,2,Friday,8.0,Evening Rush,Single vehicle incident.,4.910659451305541
1109001487,0883,2005-09-07 00:00:00,DEERFOOT TRAIL SB RAMP,DOUGLASDALE BOULEVARD,DEERFOOT TRAIL SB RAMP & DOUGLASDALE BOULEVARD,SE,Traffic signal T intersection,No,No,No,50.947655214725344,-114.0047970839776,2,2018-02-19 11:47:00-07:00,2023-05-02 19:14:00-06:00,2,Monday,11.0,Evening,Single vehicle incident.,28.278610790145517
1109998085,B2695,2015-12-10 00:00:00,LANSDOWNE AVENUE,CRESCENT BOULEVARD,LANSDOWNE AVENUE & CRESCENT BOULEVARD,SW,Pedestrian RRFB,Yes,No,No,51.01427350237349,-114.07482176795456,2,2023-10-27 11:26:00-06:00,2026-04-02 10:28:00-06:00,2,Friday,10.0,Midday,Traffic incident.,44.88057821731748
1110189913,B2855,2019-04-30 00:00:00,PANATELLA BOULEVARD,PANAMOUNT STREET,PANATELLA BOULEVARD & PANAMOUNT STREET,NW,Pedestrian RRFB,Yes,No,No,51.16325285592361,-114.087978474336,2,2018-03-18 06:24:00-06:00,2025-08-26 20:07:00-06:00,2,Sunday,6.0,Evening,There is an incident involving a pedestrian- EMS on site.,6.364101032206034
1110372319,B0079,2022-10-15 00:00:00,16 AVENUE,BOWNESS ROAD,16 AVENUE & BOWNESS ROAD,NW,Pedestrian RRFB,Yes,No,No,51.06518759985573,-114.15132542689948,2,2017-07-17 14:39:00-06:00,2019-05-11 21:37:00-06:00,2,Monday,14.0,Evening,Single vehicle incident.,19.90990719822685
1109000743,B2584,1980-10-01 00:00:00,29 STREET,7 AVENUE,29 STREET & 7 AVENUE,NW,Overhead Flasher,Yes,No,No,51.05865804925405,-114.12951038552087,2,2018-02-12 07:51:00-07:00,2026-06-17 14:44:00-06:00,2,Monday,7.0,Midday,Single vehicle incident.,5.565412747450311
1109000966,B2737,2006-10-05 00:00:00,HERITAGE DRIVE,10 STREET,HERITAGE DRIVE & 10 STREET,SW,Overhead Flasher,Yes,No,No,50.9795854598707,-114.08813569623229,2,2025-02-16 21:00:00-07:00,2025-08-20 08:33:00-06:00,1,Sunday,8.0,Evening,Traffic incident.,7.498416300318496
1110203143,B0028,2019-08-01 00:00:00,24 AVENUE,UPTON PLACE,24 AVENUE & UPTON PLACE,NW,Pedestrian RRFB,Yes,No,No,51.07435326752402,-114.13555417910248,2,2020-02-26 10:01:00-07:00,2025-03-19 10:22:00-06:00,2,Wednesday,10.0,Midday,Traffic incident.,7.867354598252898
1109001311,0263,1981-10-29 00:00:00,MEMORIAL DRIVE WESTBOUND,CENTRE STREET CONNECTOR,MEMORIAL DRIVE WESTBOUND & CENTRE STREET CONNECTOR,NE,Traffic signal T intersection,No,No,No,51.05415249509521,-114.06152605247853,2,2018-10-29 15:13:00-06:00,2025-12-02 16:58:00-07:00,2,Monday,15.0,Evening Rush,Stalled vehicle.,65.19040580552064
1109536200,1063,2010-06-16 00:00:00,SADDLETOWNE CIRCLE,TRI SERVICES BUILDING ENTRANCE,SADDLETOWNE CIRCLE & TRI SERVICES BUILDING ENTRANCE,NE,Fire signal,No,No,No,51.12426333832959,-113.9442564586532,2,2023-06-15 14:38:00-06:00,2025-11-21 17:56:00-07:00,2,Friday,14.0,Evening Rush,Traffic incident.,35.270720289056435
1109416828,B2760,2010-01-11 00:00:00,12 AVENUE,18 STREET,12 AVENUE & 18 STREET,SW,Overhead Flasher,Yes,No,No,51.04259146232828,-114.1042185093988,2,2020-02-28 06:43:00-07:00,2025-05-10 05:10:00-06:00,2,Friday,5.0,Morning Rush,There is an incident involving a pedestrian.,19.375109625136563
1110347930,0771,2023-07-04 00:00:00,34 AVENUE,36 STREET,34 AVENUE & 36 STREET,SE,Traffic signal T intersection,Yes,Yes,Yes,51.02314065823781,-113.98161314743687,2,2022-09-30 22:07:00-06:00,2024-01-08 07:07:00-07:00,2,Friday,7.0,Evening,Traffic incident.,35.2878980966922
1110203141,B0026,2019-06-20 00:00:00,88 AVENUE,FAIRMOUNT DRIVE,88 AVENUE & FAIRMOUNT DRIVE,SE,Pedestrian RRFB,Yes,No,No,50.97398600737512,-114.0595451443706,2,2019-09-19 16:47:00-06:00,2023-04-27 23:23:00-06:00,2,Thursday,16.0,Evening,There is an incident involving a cyclist- EMS Dispatched.,25.743384148272874
1109959535,B2813,2016-02-18 00:00:00,SCENIC ACRES PARADE,SCENIC COVE BAY,SCENIC ACRES PARADE & SCENIC COVE BAY,NW,Pedestrian RRFB,Yes,No,No,51.12152295348132,-114.20853816669428,2,2026-02-12 17:08:00-07:00,2026-02-12 17:08:00-07:00,1,Thursday,17.0,Evening Rush,Traffic incident.,8.904091704809815
1109001357,B2703,2001-06-19 00:00:00,4 STREET,BLACKTHORN ROAD,4 STREET & BLACKTHORN ROAD,NW,Overhead Flasher,Yes,No,No,51.10709102671831,-114.07143880846456,2,2018-07-06 13:16:00-06:00,2020-10-28 08:12:00-06:00,2,Friday,8.0,Midday,There is an incident involving a pedestrian.,14.042034004927528
1109395614,1044,2013-12-12 00:00:00,JOLIET AVENUE,14 STREET,JOLIET AVENUE & 14 STREET,SW,1/2 signal,Yes,No,Yes,51.02606397565941,-114.09467129507004,2,2019-09-28 09:35:00-06:00,2024-08-13 07:34:00-06:00,2,Saturday,7.0,Morning Rush,"Traffic signals are blank. Crews have been dispatched, please proceed with caution",5.455721894065915
1110025843,1215,2021-02-18 00:00:00,ROYAL VISTA DRIVE,ROYAL VISTA WAY,ROYAL VISTA DRIVE & ROYAL VISTA WAY,NW,Traffic signal,Yes,Yes,Yes,51.15119266372757,-114.20749341846982,2,2025-10-21 05:21:00-06:00,2025-10-31 03:10:00-06:00,1,Friday,3.0,Night,Traffic incident.,11.29889731607246
1109000763,0097,1979-01-01 00:00:00,CHARLESWOOD DRIVE,BRENTWOOD MALL ENT,CHARLESWOOD DRIVE & BRENTWOOD MALL ENT,NW,Traffic signal T intersection,Yes,No,Yes,51.08456853603535,-114.12348890774692,2,2023-10-13 12:59:00-06:00,2024-11-25 08:55:00-07:00,2,Friday,8.0,Midday,Traffic incident.,33.21822143166388
1110008954,0901,2017-08-17 00:00:00,JAMES MCKEVITT ROAD,MILLRISE WAY/SHAWNEE STREET,JAMES MCKEVITT ROAD & MILLRISE WAY/SHAWNEE STREET,SW,Traffic signal,Yes,Yes,No,50.92136931861224,-114.08098991697038,2,2026-03-12 08:27:00-06:00,2026-06-15 15:17:00-06:00,1,Monday,8.0,Evening Rush,Traffic incident.,19.103391231989153
1109000829,0235,1968-01-01 00:00:00,5 AVENUE/6 AVENUE,19 STREET,5 AVENUE/6 AVENUE & 19 STREET,NW,Traffic signal,Yes,Yes,No,51.05741348310981,-114.10554901951792,2,2020-01-15 17:46:00-07:00,2025-11-06 16:13:00-07:00,2,Thursday,16.0,Evening Rush,There is an incident involving a pedestrian- EMS on site.,5.039772817807209
1109001933,B2745,2012-04-18 00:00:00,RADCLIFFE DRIVE,100 RADCLIFFE PLACE,RADCLIFFE DRIVE & 100 RADCLIFFE PLACE,SE,Pedestrian RRFB,Yes,No,No,51.04659575496472,-113.99241376086007,2,2023-09-25 12:57:00-06:00,2024-08-17 21:32:00-06:00,2,Monday,12.0,Evening,There is an incident involving a cyclist- EMS Dispatched.,10.702359712068901
1109001508,B2606,1979-11-01 00:00:00,PENBROOK DRIVE,5 AVENUE,PENBROOK DRIVE & 5 AVENUE,SE,Overhead Flasher,Yes,No,No,51.04853998019205,-113.9418377863747,2,2017-06-18 23:54:00-06:00,2024-04-17 15:46:00-06:00,2,Sunday,15.0,Evening,There is an incident involving a pedestrian.,0.6857263552182131
1110001185,B2845,2016-12-21 00:00:00,MCKENZIE LAKE BOULEVARD,MT MCKENZIE WAY/MCKENZIE LAKE WAY,MCKENZIE LAKE BOULEVARD & MT MCKENZIE WAY/MCKENZIE LAKE WAY,SE,Pedestrian RRFB,Yes,No,No,50.91560678655727,-113.98440960123736,2,2021-10-20 22:21:00-06:00,2023-05-18 14:56:00-06:00,2,Thursday,14.0,Evening,Traffic incident.,7.170339384581288
1109000847,B2609,1966-08-01 00:00:00,11 AVENUE,16 STREET,11 AVENUE & 16 STREET,SW,Overhead Flasher,Yes,No,No,51.0433918014372,-114.0992511090114,2,2019-10-11 11:10:00-06:00,2025-04-01 22:06:00-06:00,2,Friday,11.0,Evening,Single vehicle incident.,1.1374313300975394
1109000852,B2530,1970-11-01 00:00:00,NORTHMOUNT DRIVE,CAROL DRIVE,NORTHMOUNT DRIVE & CAROL DRIVE,NW,Overhead Flasher,Yes,No,No,51.08317164012816,-114.09733210867287,2,2017-06-26 22:45:00-06:00,2020-07-02 06:19:00-06:00,2,Monday,6.0,Evening,Single vehicle incident.,49.896170224526
1109000822,B2553,1967-11-01 00:00:00,19 STREET,22 AVENUE,19 STREET & 22 AVENUE,NW,Overhead Flasher,Yes,No,No,51.07238614755317,-114.1062955081088,2,2025-02-04 17:22:00-07:00,2025-12-27 01:48:00-07:00,1,Saturday,1.0,Evening Rush,Traffic incident.,5.19450176347114
1109000823,B2580,1969-01-01 00:00:00,12 AVENUE,19 STREET,12 AVENUE & 19 STREET,NW,Overhead Flasher,Yes,No,No,51.06336975833369,-114.10629860341535,2,2021-09-02 17:38:00-06:00,2025-04-29 14:39:00-06:00,2,Thursday,14.0,Evening Rush,There is an incident involving a cyclist- EMS on site.,0.4523858947669268
1109001568,B2689,2010-04-13 00:00:00,4 STREET,22 AVENUE,4 STREET & 22 AVENUE,SW,Overhead Flasher,Yes,No,No,51.03336274025437,-114.07149892957048,2,2022-03-02 19:12:00-07:00,2023-01-19 09:18:00-07:00,2,Thursday,9.0,Evening,Traffic incident.,0.7112007392067952
1109001580,0001,1986-12-09 00:00:00,AIRPORT ROAD,BARLOW TRAIL,AIRPORT ROAD & BARLOW TRAIL,NE,Traffic signal,Yes,No,No,51.13416082416117,-114.00044081958497,2,2018-05-13 11:39:00-06:00,2019-12-12 16:51:00-07:00,2,Sunday,11.0,Evening Rush,Traffic signals are flashing red. Crews have been dispatched.,13.099540763619931
1110406351,B0086,2026-04-01 00:00:00,117 AVENUE,WOODPARK BOULEVARD,117 AVENUE & WOODPARK BOULEVARD,SW,Overhead Flasher,Yes,No,No,50.94731672084742,-114.10893910338127,2,2023-05-30 18:37:00-06:00,2025-10-16 14:39:00-06:00,2,Thursday,14.0,Evening Rush,There is an incident involving a pedestrian- EMS on site. SB entrance to Woodpark Bv is closed from Anderson Rd,37.357215989219696
1110417235,1284,2025-04-30 00:00:00,TUSCANY ESTATES DRIVE,TUSCANY HILL,TUSCANY ESTATES DRIVE & TUSCANY HILL,NW,Traffic signal,Yes,Yes,Yes,51.11450056386708,-114.2467620236736,2,2020-03-03 22:58:00-07:00,2022-01-17 16:15:00-07:00,2,Monday,16.0,Evening,Traffic incident.,8.30197691870673
1109000835,0789,1997-08-14 00:00:00,16 AVENUE,FIRE HALL #10,16 AVENUE & FIRE HALL #10,NW,Fire signal,No,No,No,51.06694803424137,-114.10417720414044,2,2018-06-01 06:53:00-06:00,2023-07-02 19:47:00-06:00,2,Friday,6.0,Evening,The signals are flashing amber. Crews have been dispatched.,11.975549553331525
1110417372,B0099,2024-06-23 00:00:00,CRANSTON DRIVE,CRAMOND DR/CRANFIELD PA,CRANSTON DRIVE & CRAMOND DR/CRANFIELD PA,SE,Pedestrian RRFB,Yes,No,No,50.89231617776335,-113.97953490828732,2,2019-05-19 20:24:00-06:00,2023-11-20 17:42:00-07:00,2,Monday,17.0,Evening,There is an incident involving a pedestrian.,5.63065483347582
1110433842,B0104,2023-11-14 00:00:00,34 AVENUE,71 STREET,34 AVENUE & 71 STREET,NW,Pedestrian RRFB,Yes,No,No,51.08382937950346,-114.1906412870688,2,2022-12-02 07:36:00-07:00,2023-08-29 08:07:00-06:00,2,Friday,7.0,Morning Rush,There is an incident involving a pedestrian- EMS on site.,3.656095101160208
1109001723,0881,2003-10-04 00:00:00,DEERFOOT TRAIL,McKENZIE LAKE BOULEVARD,DEERFOOT TRAIL & McKENZIE LAKE BOULEVARD,SE,Traffic signal T intersection,No,No,No,50.916452199718,-113.97746518416028,2,2019-03-17 00:49:00-06:00,2019-10-08 14:32:00-06:00,1,Sunday,0.0,Midday,Single vehicle incident.,30.61251307183555
1109001807,B2539,1987-02-01 00:00:00,TEMPLE DRIVE,56 STREET,TEMPLE DRIVE & 56 STREET,NE,Overhead Flasher,Yes,No,No,51.08536111631967,-113.9521565146315,2,2017-12-30 14:33:00-07:00,2026-09-05 12:46:00-06:00,2,Saturday,12.0,Midday,Traffic incident.,0.6827368253031878
1109001730,B2570,1980-09-01 00:00:00,RUNDLEHORN DRIVE,40 STREET,RUNDLEHORN DRIVE & 40 STREET,NE,Overhead Flasher,Yes,No,No,51.07096669242202,-113.97467307903818,2,2020-06-16 20:03:00-06:00,2023-12-20 17:07:00-07:00,2,Tuesday,17.0,Evening,Traffic incident.,0.9853083174241971
1109000839,B2585,1971-12-01 00:00:00,6 AVENUE,18 STREET,6 AVENUE & 18 STREET,NW,Overhead Flasher,Yes,No,No,51.05760180135171,-114.10244822283867,2,2025-07-04 16:38:00-06:00,2026-08-22 05:02:00-06:00,2,Friday,5.0,Evening Rush,Traffic incident.,14.694191805747753
1110119664,1175,2019-09-04 00:00:00,SKYVIEW CIRCLE,SKYVIEW PARADE,SKYVIEW CIRCLE & SKYVIEW PARADE,NE,Traffic signal T intersection,Yes,Yes,Yes,51.1558494421773,-113.95223231545803,2,2020-03-01 19:01:00-07:00,2025-09-16 16:49:00-06:00,2,Sunday,16.0,Evening,There is an incident involving a pedestrian.,37.5481365398965
1110433915,B0123,2024-11-01 00:00:00,130 AVENUE,WOOD VALLEY GATE,130 AVENUE & WOOD VALLEY GATE,SW,Pedestrian RRFB,Yes,No,No,50.93606925181645,-114.13575893895656,2,2018-12-03 11:09:00-07:00,2024-10-14 12:38:00-06:00,2,Monday,11.0,Midday,There is an incident involving a pedestrian- EMS on site.,29.05556626636337
1109001717,B2604,1979-11-01 00:00:00,407,MARLBOROUGH WAY,407 & MARLBOROUGH WAY,NE,Overhead Flasher,Yes,No,No,51.054679885830346,-113.97693430669568,2,2023-12-05 08:56:00-07:00,2026-07-15 17:22:00-06:00,2,Tuesday,8.0,Evening Rush,There is an incident involving a pedestrian- EMS on site.,35.23190218235048
1109001588,0992,2014-03-30 00:00:00,21 AVENUE,4 STREET,21 AVENUE & 4 STREET,SW,Traffic signal,No,Yes,Yes,51.03429733720571,-114.07150933707028,2,2017-07-10 16:49:00-06:00,2021-02-08 14:07:00-07:00,2,Monday,14.0,Evening Rush,Traffic incident.,4.665429130960588
1110046499,B2876,2017-05-25 00:00:00,ROCKY RIDGE CRESCENT/ROYAL OAK WAY,ROCKY RIDGE ROAD,ROCKY RIDGE CRESCENT/ROYAL OAK WAY & ROCKY RIDGE ROAD,NW,Pedestrian RRFB,Yes,No,No,51.14866631407119,-114.2342294463256,2,2017-12-31 12:39:00-07:00,2018-04-16 10:04:00-06:00,2,Monday,10.0,Midday,Two vehicle incident.,24.112248649148434
1110083534,1212,2021-05-04 00:00:00,ALDERSYDE GATE,LONGVIEW COMMON,ALDERSYDE GATE & LONGVIEW COMMON,SE,Traffic signal T intersection,Yes,Yes,Yes,50.86416088591783,-114.02988411839328,2,2024-07-31 18:16:00-06:00,2025-03-06 09:24:00-07:00,2,Thursday,9.0,Evening Rush,There is an incident involving a pedestrian- EMS Dispatched.,23.210236995290327
1110046138,1312,2026-09-16 00:00:00,17 AVENUE,9A STREET,17 AVENUE & 9A STREET,SW,Traffic signal T intersection,No,Yes,Yes,51.037817739550654,-114.08566729920813,2,2018-06-05 19:21:00-06:00,2026-07-18 00:38:00-06:00,2,Saturday,0.0,Evening,There is an incident involving a pedestrian- EMS on site. Road is closed.,0.5850296165056674
1110038974,B2866,2017-05-04 00:00:00,CASTLEBROOK DRIVE,CASTLEBROOK ROAD,CASTLEBROOK DRIVE & CASTLEBROOK ROAD,NE,Pedestrian RRFB,Yes,No,No,51.104415108034544,-113.9620220273224,2,2021-05-03 17:38:00-06:00,2022-12-09 08:36:00-07:00,2,Friday,8.0,Evening Rush,There is an incident involving a pedestrian- EMS Dispatched.,3.9820388999951293
1110090619,1084,2017-10-31 00:00:00,SAGE HILL DRIVE,SYMONS VALLEY ROAD,SAGE HILL DRIVE & SYMONS VALLEY ROAD,NW,1/2 signal,Yes,Yes,No,51.16983003389587,-114.13295974980342,2,2018-12-19 22:07:00-07:00,2025-01-09 11:18:00-07:00,2,Thursday,11.0,Evening,Traffic incident.,22.352516079153588
1110067622,B2863,2017-12-15 00:00:00,AMIENS ROAD,FLANDERS AVENUE,AMIENS ROAD & FLANDERS AVENUE,SW,Pedestrian RRFB,Yes,No,No,51.01605425220528,-114.11479435996328,2,2017-11-30 15:51:00-07:00,2026-03-30 05:20:00-06:00,2,Monday,5.0,Evening Rush,Traffic incident.,12.330465809900762
1110067645,B2913,2017-10-18 00:00:00,26 AVENUE,51 STREET,26 AVENUE & 51 STREET,SW,Pedestrian RRFB,Yes,No,No,51.03050953612405,-114.16094888173257,2,2021-02-05 15:15:00-07:00,2022-12-30 18:58:00-07:00,2,Friday,15.0,Evening Rush,There is an incident involving a cyclist.,4.868491112956
1110067753,B2543,2017-12-28 00:00:00,MARTINBROOK GATE,MARTINDALE BOULEVARD,MARTINBROOK GATE & MARTINDALE BOULEVARD,NE,Pedestrian RRFB,Yes,No,No,51.11428634034504,-113.95541564190025,2,2021-12-28 04:56:00-07:00,2026-08-06 16:45:00-06:00,2,Thursday,4.0,Evening Rush,There is an incident involving a pedestrian- EMS on site.,7.05459170013295
1109000548,B2520,1967-11-01 00:00:00,BOWNESS ROAD/85 STREET,44 AVENUE,BOWNESS ROAD/85 STREET & 44 AVENUE,NW,Overhead Flasher,Yes,No,No,51.09194120539777,-114.21074445488456,2,2018-09-08 00:49:00-06:00,2024-06-14 01:56:00-06:00,2,Friday,0.0,Night,Single vehicle incident.,12.760732395949955
1109000539,0241,2008-01-07 00:00:00,SCENIC ACRES BOULEVARD,SCURFIELD DRIVE,SCENIC ACRES BOULEVARD & SCURFIELD DRIVE,NW,Traffic signal,Yes,Yes,Yes,51.11951397904076,-114.21096710544954,2,2025-09-11 08:34:00-06:00,2025-12-29 06:52:00-07:00,1,Monday,6.0,Morning Rush,Traffic incident.,19.528515588063435
1110626606,B0234,2026-08-26 00:00:00,CHAPALA GATE/CHAPALINA TERRACE,CHAPARRAL DRIVE,CHAPALA GATE/CHAPALINA TERRACE & CHAPARRAL DRIVE,SE,Pedestrian RRFB,Yes,No,No,50.87968155686349,-114.0375331813909,2,2017-05-16 17:01:00-06:00,2026-04-18 11:58:00-06:00,2,Saturday,11.0,Evening Rush,Multi-vehicle incident.,7.526671555191835
1110518116,B0179,2025-09-26 00:00:00,NOSE HILL DRIVE,SILVER SPRINGS ROAD,NOSE HILL DRIVE & SILVER SPRINGS ROAD,NW,Pedestrian RRFB,Yes,No,No,51.10983849423057,-114.2111716672724,2,2017-09-28 12:57:00-06:00,2021-12-08 15:40:00-07:00,2,Thursday,12.0,Evening Rush,Traffic incident.,9.839555263339157
1110517402,B0177,2026-02-05 00:00:00,210 AVENUE,LEGACY VILLAGE LINK,210 AVENUE & LEGACY VILLAGE LINK,SE,Pedestrian RRFB,Yes,No,No,50.86392792346806,-114.0254617131292,2,2026-05-24 22:04:00-06:00,2026-07-15 10:58:00-06:00,1,Sunday,10.0,Evening,Traffic incident.,15.571454200746112
1109001720,0969,2007-08-30 00:00:00,46 AVENUE,36 STREET,46 AVENUE & 36 STREET,SE,Traffic signal,Yes,No,No,51.012641624013895,-113.9763436999878,1,2022-11-10 14:30:00-07:00,2022-11-10 14:30:00-07:00,1,Thursday,14.0,Midday,Traffic incident.,53.362222614148486
1109001669,B2726,2004-10-22 00:00:00,McKENZIE LAKE BOULEVARD,McKINLEY WAY/MT SPARROWHAWK PL,McKENZIE LAKE BOULEVARD & McKINLEY WAY/MT SPARROWHAWK PL,SE,Overhead Flasher,Yes,No,No,50.90592668429751,-113.98905748685289,1,2026-09-03 14:41:00-06:00,2026-09-03 14:41:00-06:00,1,Thursday,14.0,Midday,There is an incident involving a pedestrian- EMS Dispatched.,33.38953865102332
1109000547,B2549,1967-11-01 00:00:00,85 STREET,46 AVENUE,85 STREET & 46 AVENUE,NW,Overhead Flasher,Yes,No,No,51.0940174764575,-114.21094612156983,1,2020-06-24 11:52:00-06:00,2020-06-24 11:52:00-06:00,1,Wednesday,11.0,Midday,Traffic incident. Expected Hail,53.77756818182649
1110058812,B2892,2017-07-04 00:00:00,MILLRISE SQUARE/SHANNON SQUARE,SHAWNESSY BOULEVARD,MILLRISE SQUARE/SHANNON SQUARE & SHAWNESSY BOULEVARD,SW,Pedestrian RRFB,Yes,No,No,50.914019042733294,-114.09686955574008,1,2018-04-24 11:32:00-06:00,2018-04-24 11:32:00-06:00,1,Tuesday,11.0,Midday,Two vehicle incident.,34.29659109716883
1110061935,B2721,2017-09-19 00:00:00,72 AVENUE,HUNTRIDGE HILL,72 AVENUE & HUNTRIDGE HILL,NE,Pedestrian RRFB,Yes,No,No,51.117973538791794,-114.06325292412409,1,2019-01-21 18:32:00-07:00,2019-01-21 18:32:00-07:00,1,Monday,18.0,Evening Rush,Multi-vehicle incident.,5.530284232684031
1110061936,1172,2019-12-17 00:00:00,BOW TRAIL,77 STREET,BOW TRAIL & 77 STREET,SW,1/2 signal,Yes,Yes,No,51.0524951760778,-114.19876083637548,1,2024-05-04 03:15:00-06:00,2024-05-04 03:15:00-06:00,1,Saturday,3.0,Night,Traffic signals are blank. Crew has been dispatched,13.766624354375017
1110061938,B2709,2017-12-20 00:00:00,37 AVENUE,TEMPLE DRIVE,37 AVENUE & TEMPLE DRIVE,NE,Pedestrian RRFB,Yes,No,No,51.08645393655638,-113.93923356416823,1,2019-10-11 21:39:00-06:00,2019-10-11 21:39:00-06:00,1,Friday,21.0,Evening,There is an incident involving a pedestrian.,6.582815227685897
1110061940,B2897,2017-08-15 00:00:00,10 AVENUE,45 STREET,10 AVENUE & 45 STREET,SW,Pedestrian RRFB,Yes,No,No,51.04335210199909,-114.15265693966846,1,2026-06-12 14:47:00-06:00,2026-06-12 14:47:00-06:00,1,Friday,14.0,Midday,Traffic incident.,6.637171789750657
1110063421,B2906,2018-01-23 00:00:00,130 AVENUE,DEERFOOT TRAIL,130 AVENUE & DEERFOOT TRAIL,SE,Pedestrian RRFB,Yes,No,No,50.93168194839665,-113.97283471758156,1,2021-10-12 15:54:00-06:00,2021-10-12 15:54:00-06:00,1,Tuesday,15.0,Evening Rush,Traffic incident. Blocking the right shoulder of the 130 Ave exit ramp,18.80190200163929
1109001887,1141,2016-03-07 00:00:00,QUARRY PARK BOULEVARD,QUARRY DRIVE,QUARRY PARK BOULEVARD & QUARRY DRIVE,SE,Traffic signal,Yes,Yes,No,50.95945455973306,-114.01132933437664,1,2026-09-20 14:31:20-06:00,2026-09-20 14:31:20-06:00,1,Sunday,14.0,Midday,Traffic signals are flashing red.,2.9107518018471468
1110409267,B0090-TEMP,2023-08-30 00:00:00,KENSINGTON ROAD,18A STREET,KENSINGTON ROAD & 18A STREET,NW,Pedestrian RRFB,Yes,No,No,51.052501524511776,-114.10403854093072,1,2026-03-29 00:01:00-06:00,2026-03-29 00:01:00-06:00,1,Sunday,0.0,Night,Traffic incident. Blocking the right lane,1.2539119812310686
1110433843,B0105,2024-01-08 00:00:00,SAGE BLUFF GATE/SAGE HILL WAY,SAGE HILL DRIVE,SAGE BLUFF GATE/SAGE HILL WAY & SAGE HILL DRIVE,NW,Pedestrian RRFB,Yes,No,No,51.17889933259376,-114.14116638962356,1,2026-01-17 02:33:00-07:00,2026-01-17 02:33:00-07:00,1,Saturday,2.0,Night,Traffic incident.,9.26012200236536
1110433847,B0107,2023-11-06 00:00:00,36 AVENUE,14 STREET,36 AVENUE & 14 STREET,SW,Pedestrian RRFB,Yes,No,No,51.02170007285437,-114.09466882848032,1,2026-04-10 12:43:00-06:00,2026-04-10 12:43:00-06:00,1,Friday,12.0,Midday,Traffic incident.,7.56208219437888
1110433848,B0108,2023-12-08 00:00:00,MAYLAND DRIVE,19 STREET,MAYLAND DRIVE & 19 STREET,NE,Pedestrian RRFB,Yes,No,No,51.063899608130896,-114.01335323418864,1,2023-03-22 11:03:00-06:00,2023-03-22 11:03:00-06:00,1,Wednesday,11.0,Midday,Traffic incident.,3.417099658781009
1110433907,B0117,2024-11-14 00:00:00,26 AVENUE,39 STREET,26 AVENUE & 39 STREET,SE,Pedestrian RRFB,Yes,No,No,51.030543831290416,-113.97726399696408,1,2020-04-09 09:00:00-06:00,2020-04-09 09:00:00-06:00,1,Thursday,9.0,Morning Rush,Traffic incident.,3.137576482204796
1110393262,B0089,2025-11-14 00:00:00,CANADA OLYMPIC COMMON,CANADA OLYMPIC DRIVE,CANADA OLYMPIC COMMON & CANADA OLYMPIC DRIVE,SW,Pedestrian RRFB,,No,No,51.08227794362448,-114.21297192002535,1,2021-09-23 14:38:00-06:00,2021-09-23 14:38:00-06:00,1,Thursday,14.0,Midday,Traffic incident.,63.49065671759495
1110398328,1269,2023-11-07 00:00:00,17 AVENUE,93 STREET/CORTINA DRIVE,17 AVENUE & 93 STREET/CORTINA DRIVE,SW,Traffic signal,Yes,Yes,Yes,51.03788382115237,-114.2227058032125,1,2021-09-23 09:26:00-06:00,2021-09-23 09:26:00-06:00,1,Thursday,9.0,Morning Rush,Traffic incident. test,45.15201842722692
1109000576,B2518,1977-08-01 00:00:00,7318,SILVER SPRINGS BOULEVARD,7318 & SILVER SPRINGS BOULEVARD,NW,Overhead Flasher,Yes,No,No,51.10870862560888,-114.19418367662549,1,2026-07-24 15:29:00-06:00,2026-07-24 15:29:00-06:00,1,Friday,15.0,Evening Rush,Traffic incident.,9.615924699040724
1109000587,0115,1977-01-01 00:00:00,SILVER SPRGS DR/SLVRMD RD,SILVER SPRINGS BOULEVARD,SILVER SPRGS DR/SLVRMD RD & SILVER SPRINGS BOULEVARD,NW,Traffic signal,Yes,Yes,Yes,51.10616467551272,-114.1886182766786,1,2025-11-21 17:47:00-07:00,2025-11-21 17:47:00-07:00,1,Friday,17.0,Evening Rush,Traffic incident.,5.7249681136865505
1109001927,1240,2023-08-11 00:00:00,COPPERPOND PASSAGE,McIVOR BOULEVARD,COPPERPOND PASSAGE & McIVOR BOULEVARD,SE,Traffic signal T intersection,Yes,Yes,Yes,50.92604754162044,-113.93512359447467,1,2024-12-07 17:22:00-07:00,2024-12-07 17:22:00-07:00,1,Saturday,17.0,Evening Rush,Traffic incident.,7.172564956269384
1109001533,0827,2004-03-11 00:00:00,KLEYSEN WAY,84 STREET,KLEYSEN WAY & 84 STREET,SE,Traffic signal T intersection,No,No,No,51.00621907679937,-113.9119138178054,1,2019-03-11 12:30:00-06:00,2019-03-11 12:30:00-06:00,1,Monday,12.0,Midday,Traffic signals are blank. Crews have been dispatched.,22.89668011519833
1109001561,B2765,2012-10-29 00:00:00,26 STREET,28 AVENUE,26 STREET & 28 AVENUE,SE,Overhead Flasher,Yes,No,No,51.0272632493454,-113.99597196646376,1,2024-10-05 08:38:00-06:00,2024-10-05 08:38:00-06:00,1,Saturday,8.0,Morning Rush,Traffic incident. Blocking the NB and SB lanes,57.90778660056935
1109000884,B2667,1979-12-01 00:00:00,ACADIA DRIVE,WILLOW PARK DRIVE,ACADIA DRIVE & WILLOW PARK DRIVE,SE,Overhead Flasher,Yes,No,No,50.95998304684262,-114.04412083773232,1,2017-12-19 18:17:00-07:00,2017-12-19 18:17:00-07:00,1,Tuesday,18.0,Evening Rush,Two vehicle incident.,32.976916413406194
1110067625,B2909,2017-11-05 00:00:00,CRANSTON DRIVE,CRANSTON WAY,CRANSTON DRIVE & CRANSTON WAY,SE,Pedestrian RRFB,Yes,No,No,50.886027523061465,-113.9880516602226,1,2026-06-20 19:24:00-06:00,2026-06-20 19:24:00-06:00,1,Saturday,19.0,Evening,Traffic incident.,7.978635636330797
1110067626,B2910,2017-09-29 00:00:00,RANCHERO DRIVE,RANCHLANDS BOULEVARD,RANCHERO DRIVE & RANCHLANDS BOULEVARD,NW,Pedestrian RRFB,Yes,No,No,51.12051784730807,-114.1938861984779,1,2024-05-15 09:46:00-06:00,2024-05-15 09:46:00-06:00,1,Wednesday,9.0,Morning Rush,There is an incident involving a pedestrian- EMS on site.,7.985372636413014
1109000866,B2702,2001-06-21 00:00:00,ACADIA DRIVE,94 AVENUE,ACADIA DRIVE & 94 AVENUE,SE,Overhead Flasher,Yes,No,No,50.9685209458566,-114.04843522276389,1,2022-10-01 12:57:00-06:00,2022-10-01 12:57:00-06:00,1,Saturday,12.0,Midday,Traffic incident.,0.998188257342599
1109000868,B2684,1994-08-01 00:00:00,SUNMILLS DRIVE,SUNBANK ROAD,SUNMILLS DRIVE & SUNBANK ROAD,SE,Overhead Flasher,Yes,No,No,50.90464210883994,-114.04787077590224,1,2022-05-27 08:30:00-06:00,2022-05-27 08:30:00-06:00,1,Friday,8.0,Morning Rush,Traffic incident.,74.12336276408108
1110392209,B0088,2024-03-07 00:00:00,SAVANNA CRESCENT,SAVANNA BOULEVARD,SAVANNA CRESCENT & SAVANNA BOULEVARD,NE,Pedestrian RRFB,Yes,No,No,51.13503317457177,-113.94870859943222,1,2026-07-09 17:33:00-06:00,2026-07-09 17:33:00-06:00,1,Thursday,17.0,Evening Rush,There is an incident involving a pedestrian- EMS on site.,1.0801727898752436
1109001458,0653,1994-09-21 00:00:00,GLENMORE SQUARE,18 STREET,GLENMORE SQUARE & 18 STREET,SE,Traffic signal,Yes,No,No,50.98374596329103,-114.01587471282174,1,2024-01-17 14:30:00-07:00,2024-01-17 14:30:00-07:00,1,Wednesday,14.0,Midday,Two vehicle incident. Blocking the right lane,67.25164773748585
1109001475,0779,2000-11-13 00:00:00,McCALL WAY,PEGASUS ROAD,McCALL WAY & PEGASUS ROAD,NE,Traffic signal,Yes,No,No,51.09408132597505,-114.01147774331363,1,2025-09-12 09:58:00-06:00,2025-09-12 09:58:00-06:00,1,Friday,9.0,Morning Rush,Traffic incident.,39.42605330877512
1109001454,0748,1989-01-09 00:00:00,CANYON MEADOWS DRIVE,QUEENSLAND DR/DEER RIDGE DR,CANYON MEADOWS DRIVE & QUEENSLAND DR/DEER RIDGE DR,SE,Traffic signal,Yes,No,No,50.93201291135881,-114.01745547421268,1,2019-09-26 07:07:00-06:00,2019-09-26 07:07:00-06:00,1,Thursday,7.0,Morning Rush,Two vehicle incident.,25.047476126474987
1109000607,B2547,1981-02-01 00:00:00,BOWNESS ROAD,33 AVENUE,BOWNESS ROAD & 33 AVENUE,NW,Overhead Flasher,Yes,No,No,51.08238020320419,-114.17329045085856,1,2020-08-29 14:16:00-06:00,2020-08-29 14:16:00-06:00,1,Saturday,14.0,Midday,There is an incident involving a cyclist.,2.1896822536196394
1109001364,B2682,1980-11-01 00:00:00,MIDLAKE BOULEVARD,MIDPARK RISE/MIDRIDGE ROAD,MIDLAKE BOULEVARD & MIDPARK RISE/MIDRIDGE ROAD,SE,Overhead Flasher,Yes,No,No,50.91601263136321,-114.055969598563,1,2022-09-17 15:51:00-06:00,2022-09-17 15:51:00-06:00,1,Saturday,15.0,Evening Rush,Traffic incident.,6.246069531375505
1109001370,0925,1998-11-19 00:00:00,COUNTRY HILLS BOULEVARD,COUNTRY HILLS TOWNE CNTR,COUNTRY HILLS BOULEVARD & COUNTRY HILLS TOWNE CNTR,NE,Traffic signal T intersection,Yes,No,No,51.15419922906742,-114.0560302798985,1,2024-08-25 12:34:00-06:00,2024-08-25 12:34:00-06:00,1,Sunday,12.0,Midday,Traffic incident. Blocking the right lane,71.88550644798869
1109001378,B2559,1971-12-01 00:00:00,29 AVENUE,EDMONTON TRAIL,29 AVENUE & EDMONTON TRAIL,NE,Overhead Flasher,Yes,No,No,51.07871534602227,-114.05524201457548,1,2019-05-23 17:18:00-06:00,2019-05-23 17:18:00-06:00,1,Thursday,17.0,Evening Rush,Two vehicle incident.,2.9318525501393187
1109284119,B0031,2020-02-12 00:00:00,144 AVENUE,LIVINGSTON GATE,144 AVENUE & LIVINGSTON GATE,NE,Pedestrian RRFB,Yes,No,No,51.18346291470348,-114.06469628778667,1,2023-12-28 19:04:00-07:00,2023-12-28 19:04:00-07:00,1,Thursday,19.0,Evening,Traffic incident.,10.061022473019252
1109382733,1032,2010-07-07 00:00:00,114 AVENUE,DOUGLAS CENTRE/27 STREET,114 AVENUE & DOUGLAS CENTRE/27 STREET,SE,Traffic signal,Yes,Yes,No,50.95253361172716,-113.99803886156644,1,2025-10-23 09:46:00-06:00,2025-10-23 09:46:00-06:00,1,Thursday,9.0,Morning Rush,Traffic signals are flashing red. Crew has been dispatched,14.58974775071637
1109385091,1083,2012-12-06 00:00:00,17 AVENUE,PARKADE ENTRANCE,17 AVENUE & PARKADE ENTRANCE,SW,Traffic signal T intersection,Yes,Yes,Yes,51.03790998695594,-114.19044029705816,1,2022-05-09 10:34:00-06:00,2022-05-09 10:34:00-06:00,1,Monday,10.0,Midday,Multi-vehicle incident. Blocking the right lane,19.58927037786129
1109001328,B2652,1969-01-01 00:00:00,FYFFE ROAD,FAIRMOUNT DRIVE,FYFFE ROAD & FAIRMOUNT DRIVE,SE,Overhead Flasher,Yes,No,No,50.98497584038349,-114.06025922048192,1,2025-03-12 09:11:00-06:00,2025-03-12 09:11:00-06:00,1,Wednesday,9.0,Morning Rush,There is an incident involving a pedestrian- EMS on site.,0.6979528213417311
1110368347,B0077,2024-06-04 00:00:00,210 AVENUE,LEGACY VILLAGE LINK,210 AVENUE & LEGACY VILLAGE LINK,SE,Pedestrian RRFB,,No,No,50.8642599942552,-114.02610701838778,1,2026-02-09 10:46:00-07:00,2026-02-09 10:46:00-07:00,1,Monday,10.0,Midday,Traffic incident.,63.18437048250297
1110368348,B0078,2024-06-04 00:00:00,210 AVENUE,LEGACY VILLAGE LINK,210 AVENUE & LEGACY VILLAGE LINK,SE,Pedestrian RRFB,,No,No,50.86382192450586,-114.0259655326042,1,2023-08-22 16:15:00-06:00,2023-08-22 16:15:00-06:00,1,Tuesday,16.0,Evening Rush,Traffic incident.,3.947249918930091
1110083701,B2617,2020-05-08 00:00:00,1928,14 AVENUE,1928 & 14 AVENUE,NW,Overhead Flasher,Yes,No,No,51.06518074351413,-114.10426345978053,1,2020-09-29 15:07:00-06:00,2020-09-29 15:07:00-06:00,1,Tuesday,15.0,Evening Rush,There is an incident involving a pedestrian.,9.960454041503384
1110038981,B2714,2018-09-27 00:00:00,HARVEST HILLS GATE,HARVEST WOOD GATE,HARVEST HILLS GATE & HARVEST WOOD GATE,NE,Pedestrian RRFB,Yes,No,No,51.15287199852981,-114.04806007035336,1,2023-01-21 11:19:00-07:00,2023-01-21 11:19:00-07:00,1,Saturday,11.0,Midday,Traffic incident.,9.235513864854417
1110038982,B2871,2017-06-19 00:00:00,MUNRO DRIVE,19 STREET,MUNRO DRIVE & 19 STREET,NE,Pedestrian RRFB,Yes,No,No,51.05626372561844,-114.01106389682168,1,2021-12-13 08:12:00-07:00,2021-12-13 08:12:00-07:00,1,Monday,8.0,Morning Rush,Traffic incident.,59.52552695338971
1110038984,B2872,2017-06-14 00:00:00,MOUNT DOUGLAS CLOSE,MOUNT MCKENZIE DRIVE,MOUNT DOUGLAS CLOSE & MOUNT MCKENZIE DRIVE,SE,Pedestrian RRFB,Yes,No,No,50.92305931446045,-113.98133633852396,1,2023-09-08 05:50:00-06:00,2023-09-08 05:50:00-06:00,1,Friday,5.0,Night,Traffic incident.,7.1890545710759275
1110046493,B2873,2017-07-17 00:00:00,19 AVENUE,5 STREET,19 AVENUE & 5 STREET,SW,Pedestrian RRFB,Yes,No,No,51.036249402633146,-114.07418782719508,1,2024-04-13 17:07:00-06:00,2024-04-13 17:07:00-06:00,1,Saturday,17.0,Evening Rush,Traffic incident.,22.94759530271602
1110046501,B2577,2018-09-12 00:00:00,DALHOUSIE DRIVE,54 STREET,DALHOUSIE DRIVE & 54 STREET,NW,Pedestrian RRFB,Yes,No,No,51.10898688818475,-114.16452674644574,1,2017-11-20 07:54:00-07:00,2017-11-20 07:54:00-07:00,1,Monday,7.0,Morning Rush,There is an incident involving a pedestrian.,10.021973391549807
1110046504,B2881,2017-12-07 00:00:00,SHAWNEE DRIVE,SHAWNEE RISE/6 STREET,SHAWNEE DRIVE & SHAWNEE RISE/6 STREET,SW,Pedestrian RRFB,Yes,No,No,50.92417537688952,-114.07734713425852,1,2026-01-20 10:38:00-07:00,2026-01-20 10:38:00-07:00,1,Tuesday,10.0,Midday,Traffic incident.,5.17857448813308
1110038957,B2854,2017-11-05 00:00:00,SUNRIDGE BOULEVARD,27 STREET,SUNRIDGE BOULEVARD & 27 STREET,NE,Pedestrian RRFB,Yes,No,No,51.07689954650601,-113.99477294962288,1,2025-10-20 05:45:00-06:00,2025-10-20 05:45:00-06:00,1,Monday,5.0,Night,Traffic incident.,3.992593648813359
1110038959,B2856,2017-12-21 00:00:00,3830,BRENTWOOD ROAD,3830 & BRENTWOOD ROAD,NW,Pedestrian RRFB,Yes,No,No,51.08666091512633,-114.13020458082002,1,2026-05-24 23:53:00-06:00,2026-05-24 23:53:00-06:00,1,Sunday,23.0,Evening,Traffic incident. Blocking the NB right lane,69.00247511138353
1110038960,B2857,2017-04-13 00:00:00,ELBOW DRIVE,SOUTHGLEN DRIVE,ELBOW DRIVE & SOUTHGLEN DRIVE,SW,Pedestrian RRFB,Yes,No,No,50.95460702110183,-114.08479466839984,1,2023-10-25 14:53:00-06:00,2023-10-25 14:53:00-06:00,1,Wednesday,14.0,Midday,There is an incident involving a pedestrian- EMS Dispatched.,4.580270275533642
1109000888,B2675,1977-08-01 00:00:00,ACADIA DRIVE,LAKE SYLVAN DRIVE,ACADIA DRIVE & LAKE SYLVAN DRIVE,SE,Overhead Flasher,Yes,No,No,50.94360317150444,-114.04294513501924,1,2019-04-12 21:38:00-06:00,2019-04-12 21:38:00-06:00,1,Friday,21.0,Evening,Multi-vehicle incident.,3.510421558350966
1109000889,B2603,2013-11-07 00:00:00,1 AVENUE,8 STREET,1 AVENUE & 8 STREET,NE,Overhead Flasher,Yes,No,No,51.0532607885846,-114.04301795094032,1,2017-11-02 18:25:00-06:00,2017-11-02 18:25:00-06:00,1,Thursday,18.0,Evening Rush,Two vehicle incident.,0.6255750443212607
1109000890,B2674,1977-08-01 00:00:00,ACADIA DRIVE,120 AVENUE,ACADIA DRIVE & 120 AVENUE,SE,Overhead Flasher,Yes,No,No,50.94505070968985,-114.042491105149,1,2023-12-05 16:15:00-07:00,2023-12-05 16:15:00-07:00,1,Tuesday,16.0,Evening Rush,Traffic incident.,4.314894279596831
1110038968,B2862,2017-04-12 00:00:00,OAKFIELD DRIVE,30 STREET,OAKFIELD DRIVE & 30 STREET,SW,Pedestrian RRFB,Yes,No,No,50.95403211830781,-114.12963065534026,1,2021-03-16 14:02:00-06:00,2021-03-16 14:02:00-06:00,1,Tuesday,14.0,Midday,Traffic incident.,4.865193409840642
1110038973,B2865,2017-04-12 00:00:00,BRIDLERIDGE WAY,BRIDLEWOOD ROAD,BRIDLERIDGE WAY & BRIDLEWOOD ROAD,SW,Pedestrian RRFB,Yes,No,No,50.90206851486096,-114.10919943838252,1,2023-05-16 17:24:00-06:00,2023-05-16 17:24:00-06:00,1,Tuesday,17.0,Evening Rush,Traffic incident.,9.403594864147978
1109000831,B2529,1968-12-01 00:00:00,NORTHMOUNT DRIVE,COLLINGWOOD DRIVE,NORTHMOUNT DRIVE & COLLINGWOOD DRIVE,NW,Overhead Flasher,Yes,No,No,51.08652896372636,-114.10433911601852,1,2017-07-25 18:21:00-06:00,2017-07-25 18:21:00-06:00,1,Tuesday,18.0,Evening Rush,Two vehicle incident.,1.0973948499475261
1109000834,B2628,1974-11-01 00:00:00,26 AVENUE,17A STREET,26 AVENUE & 17A STREET,SW,Overhead Flasher,Yes,No,No,51.03043351699294,-114.10334739210944,1,2024-04-09 16:53:00-06:00,2024-04-09 16:53:00-06:00,1,Tuesday,16.0,Evening Rush,Traffic incident.,5.0426118237753474
1110325664,B0061,2022-04-27 00:00:00,COPPERFIELD BOULEVARD,COPPERPOND LI/COPPERSTONE BV,COPPERFIELD BOULEVARD & COPPERPOND LI/COPPERSTONE BV,SE,Pedestrian RRFB,Yes,No,No,50.918254892213625,-113.92685053939036,1,2024-10-22 16:25:00-06:00,2024-10-22 16:25:00-06:00,1,Tuesday,16.0,Evening Rush,Traffic incident.,7.318581964244052
1110326179,1254,2024-12-18 00:00:00,80 AVENUE,STONEY TRAIL,80 AVENUE & STONEY TRAIL,NE,Traffic signal,,No,No,51.12523900478576,-113.92275058952224,1,2025-10-03 00:22:00-06:00,2025-10-03 00:22:00-06:00,1,Friday,0.0,Night,Traffic incident.,60.09149443710732
1110342730,B0070,2023-01-09 00:00:00,PANATELLA BOULEVARD,PANTON GATE,PANATELLA BOULEVARD & PANTON GATE,NW,Pedestrian RRFB,Yes,No,No,51.169278026224674,-114.08647269579238,1,2017-04-18 10:10:00-06:00,2017-04-18 10:10:00-06:00,1,Tuesday,10.0,Midday,There is an incident involving a pedestrian.,6.068761501859198
1109001334,B2658,1987-12-01 00:00:00,FAIRMOUNT DRIVE,83 AVENUE,FAIRMOUNT DRIVE & 83 AVENUE,SE,Overhead Flasher,Yes,No,No,50.97817935269192,-114.05994384394944,1,2017-11-24 11:49:00-07:00,2017-11-24 11:49:00-07:00,1,Friday,11.0,Midday,Two vehicle incident.,0.06337491576549827
1109001335,B2659,1970-03-01 00:00:00,FAIRMOUNT DRIVE,86 AVENUE,FAIRMOUNT DRIVE & 86 AVENUE,SE,Overhead Flasher,Yes,No,No,50.97595473230737,-114.05994964749124,1,2022-12-16 17:49:00-07:00,2022-12-16 17:49:00-07:00,1,Friday,17.0,Evening Rush,Traffic incident.,5.366084602443168
1109412879,1054,2017-02-22 00:00:00,96 AVENUE,AURORA PARK DRIVE,96 AVENUE & AURORA PARK DRIVE,NE,1/2 signal,Yes,Yes,No,51.14206541776382,-114.05085525713736,1,2022-06-06 16:27:00-06:00,2022-06-06 16:27:00-06:00,1,Monday,16.0,Evening Rush,Traffic incident.,13.786598781371088
1109001315,B2673,1978-08-01 00:00:00,BONAVENTURE DRIVE,LAKE MORAINE ROAD,BONAVENTURE DRIVE & LAKE MORAINE ROAD,SE,Overhead Flasher,Yes,No,No,50.94364911947958,-114.06091726567436,1,2018-09-02 13:58:00-06:00,2018-09-02 13:58:00-06:00,1,Sunday,13.0,Midday,Single vehicle incident.,5.1735895067162225
1109000790,0192,1980-01-01 00:00:00,16 AVENUE,MOTEL VILLAGE ENTRANCE,16 AVENUE & MOTEL VILLAGE ENTRANCE,NW,Traffic signal T intersection,Yes,Yes,Yes,51.06699826748198,-114.11538782268129,1,2023-10-23 18:01:00-06:00,2023-10-23 18:01:00-06:00,1,Monday,18.0,Evening Rush,Traffic incident.,72.23636527059038
1109000792,B2627,1969-02-01 00:00:00,26 AVENUE,22 STREET,26 AVENUE & 22 STREET,SW,Overhead Flasher,Yes,No,No,51.030423735102936,-114.11439204937474,1,2023-12-15 07:55:00-07:00,2023-12-15 07:55:00-07:00,1,Friday,7.0,Morning Rush,There is an incident involving a pedestrian- EMS on site.,3.0210523424352655
1109000793,B2528,1968-09-16 00:00:00,NORTHMOUNT DRIVE,CHILCOTIN ROAD,NORTHMOUNT DRIVE & CHILCOTIN ROAD,NW,Overhead Flasher,Yes,No,No,51.08867695432031,-114.11452141198671,1,2022-02-10 12:08:00-07:00,2022-02-10 12:08:00-07:00,1,Thursday,12.0,Midday,Traffic incident.,46.46897461771855
1110006467,B2839,2016-12-28 00:00:00,TUSCANY DRIVE,TUSCANY WAY,TUSCANY DRIVE & TUSCANY WAY,NW,Pedestrian RRFB,Yes,No,No,51.12907207777697,-114.25017507734354,1,2025-10-03 06:27:00-06:00,2025-10-03 06:27:00-06:00,1,Friday,6.0,Morning Rush,Traffic incident.,6.520527166403838
1110006473,B2735,2018-10-31 00:00:00,8 AVENUE,3 STREET,8 AVENUE & 3 STREET,SE,Overhead Flasher,Yes,No,No,51.04514943030434,-114.05567403768222,1,2016-12-17 01:05:00-07:00,2016-12-17 01:05:00-07:00,1,Saturday,1.0,Night,Single vehicle incident.,20.362214004258355
1110038954,B2851,2017-09-01 00:00:00,32 STREET,SUNRIDGE SPECTRUM DRIVEWAY,32 STREET & SUNRIDGE SPECTRUM DRIVEWAY,NE,Pedestrian RRFB,Yes,No,No,51.0743727639471,-113.98869046710998,1,2025-11-28 17:46:00-07:00,2025-11-28 17:46:00-07:00,1,Friday,17.0,Evening Rush,There is an incident involving a pedestrian- EMS on site.,74.21159878523885
1109000796,B2597,1969-04-01 00:00:00,KENSINGTON ROAD,22 STREET,KENSINGTON ROAD & 22 STREET,NW,Overhead Flasher,Yes,No,No,51.05248253027506,-114.11285840716084,1,2021-08-03 17:10:00-06:00,2021-08-03 17:10:00-06:00,1,Tuesday,17.0,Evening Rush,Traffic incident. Blocking the intersection,5.147989363664357
1110175294,1311,2026-04-28 00:00:00,144 AVENUE,14 STREET,144 AVENUE & 14 STREET,NW,Traffic signal T intersection,Yes,Yes,Yes,51.18412682335643,-114.09458577415909,1,2021-10-03 03:26:00-06:00,2021-10-03 03:26:00-06:00,1,Sunday,3.0,Night,Traffic incident.,38.51143984791581
1109001159,B2623,1997-12-04 00:00:00,4 STREET,19 AVENUE,4 STREET & 19 AVENUE,SW,Overhead Flasher,Yes,No,No,51.03600603293008,-114.07151866246508,1,2026-07-25 12:21:00-06:00,2026-07-25 12:21:00-06:00,1,Saturday,12.0,Midday,There is an incident involving a pedestrian- EMS on site.,4.697960726671652
1110309604,B0053,2022-03-01 00:00:00,COVENTRY HILLS WAY,COVEHAVEN VW/COVEPARK CL,COVENTRY HILLS WAY & COVEHAVEN VW/COVEPARK CL,NE,Pedestrian RRFB,Yes,No,No,51.16434686085513,-114.05833697265528,1,2021-04-27 15:43:00-06:00,2021-04-27 15:43:00-06:00,1,Tuesday,15.0,Evening Rush,There is an incident involving a cyclist- EMS on site.,7.629453837670414
1109696673,B2766,2012-03-21 00:00:00,DOUGLASDALE BOULEVARD,DOUGLAS PARK BV/DOUGLAS RIDGE CI,DOUGLASDALE BOULEVARD & DOUGLAS PARK BV/DOUGLAS RIDGE CI,SE,Pedestrian RRFB,Yes,No,No,50.93450213857232,-113.98239252718878,1,2019-10-29 08:36:00-06:00,2019-10-29 08:36:00-06:00,1,Tuesday,8.0,Morning Rush,There is an incident involving a pedestrian.,8.932313259684665
1109001274,0982,2016-02-29 00:00:00,NOLAN HILL BOULEVARD,SHOPPING CENTRE ENT,NOLAN HILL BOULEVARD & SHOPPING CENTRE ENT,NW,Traffic signal,Yes,Yes,No,51.17200620871839,-114.15758947925856,1,2018-05-13 07:22:00-06:00,2018-05-13 07:22:00-06:00,1,Sunday,7.0,Morning Rush,Two vehicle incident.,14.157561454019337
1109000646,0957,2006-11-13 00:00:00,SHERWOOD S.C. DRIVE,SHERWOOD S.C. ROAD,SHERWOOD S.C. DRIVE & SHERWOOD S.C. ROAD,NW,Traffic signal,Yes,No,No,51.157290179937725,-114.15995519337106,1,2019-11-02 16:30:00-06:00,2019-11-02 16:30:00-06:00,1,Saturday,16.0,Evening Rush,There is an incident involving a pedestrian.,11.337674119892785
1110293081,B0048,2021-06-08 00:00:00,ARBOUR LAKE RISE,ARBOUR LAKE ROAD,ARBOUR LAKE RISE & ARBOUR LAKE ROAD,NW,Pedestrian RRFB,Yes,,No,51.12849054219212,-114.21380020321013,1,2020-08-13 14:00:00-06:00,2020-08-13 14:00:00-06:00,1,Thursday,14.0,Midday,There is an incident involving a pedestrian.,9.198335599209226
1109001194,0251,1996-12-02 00:00:00,2 AVENUE,3 STREET,2 AVENUE & 3 STREET,SW,Traffic signal,No,No,No,51.05143074905904,-114.07003666060692,1,2026-04-24 13:14:00-06:00,2026-04-24 13:14:00-06:00,1,Friday,13.0,Midday,Severe Weather Event. Road is closed,2.048054236457756
1109715020,1117,2016-06-06 00:00:00,EAST HILLS BOULEVARD,EAST HILLS SQUARE,EAST HILLS BOULEVARD & EAST HILLS SQUARE,SE,Traffic signal,Yes,Yes,No,51.04019553428759,-113.91096750772188,1,2025-09-19 20:49:00-06:00,2025-09-19 20:49:00-06:00,1,Friday,20.0,Evening,Traffic incident.,8.016569003080471
1109001174,0531,1981-01-01 00:00:00,30 AVENUE,MISSION ROAD/4 STREET,30 AVENUE & MISSION ROAD/4 STREET,SW,Traffic signal,Yes,No,No,51.02628669342145,-114.07134611103876,1,2019-11-22 10:12:00-07:00,2019-11-22 10:12:00-07:00,1,Friday,10.0,Midday,Traffic signals are flashing red. Crews have been dispatched.,9.29139003102931
1109001157,0561,2011-04-26 00:00:00,2 AVENUE,4 STREET,2 AVENUE & 4 STREET,SW,Traffic signal,No,Yes,No,51.05146685429888,-114.07152741937918,1,2018-09-07 12:42:00-06:00,2018-09-07 12:42:00-06:00,1,Friday,12.0,Midday,Two vehicle incident.,1.133184740571107
1109000762,B2527,1970-10-11 00:00:00,NORTHMOUNT DRIVE,BOWLEN STREET,NORTHMOUNT DRIVE & BOWLEN STREET,NW,Overhead Flasher,Yes,No,No,51.09085207197958,-114.12371976305724,1,2018-10-16 16:30:00-06:00,2018-10-16 16:30:00-06:00,1,Tuesday,16.0,Evening Rush,Two vehicle incident.,1.4536254832226703
1109000949,0775,1980-01-01 00:00:00,14 AVENUE,14 STREET NB RAMP,14 AVENUE & 14 STREET NB RAMP,NW,Traffic signal,Yes,Yes,No,51.06440612395444,-114.093965237571,1,2026-06-16 10:01:00-06:00,2026-06-16 10:01:00-06:00,1,Tuesday,10.0,Midday,Traffic incident.,31.644603606614925
1110001160,B2826,2016-09-26 00:00:00,CRANFIELD LINK/CRANLEIGH DRIVE,CRANSTON BOULEVARD,CRANFIELD LINK/CRANLEIGH DRIVE & CRANSTON BOULEVARD,SE,Pedestrian RRFB,Yes,No,No,50.89352407446562,-113.9869594720671,1,2026-03-04 11:41:00-07:00,2026-03-04 11:41:00-07:00,1,Wednesday,11.0,Midday,Traffic incident.,22.080175080225047
1110001166,B2832,2016-08-02 00:00:00,QUEENSLAND CIRCLE,QUEENSLAND DRIVE,QUEENSLAND CIRCLE & QUEENSLAND DRIVE,SE,Pedestrian RRFB,Yes,No,No,50.93973630744027,-114.02455368662342,1,2026-08-15 19:13:00-06:00,2026-08-15 19:13:00-06:00,1,Saturday,19.0,Evening,There is an incident involving a pedestrian- EMS Dispatched.,4.505586579784306
1109737891,1116,2016-07-04 00:00:00,EAST HILLS NORTH ACCESS,84 STREET,EAST HILLS NORTH ACCESS & 84 STREET,SE,Traffic signal T intersection,Yes,Yes,Yes,51.042572904101206,-113.91066901743751,1,2024-04-27 19:05:00-06:00,2024-04-27 19:05:00-06:00,1,Saturday,19.0,Evening,Traffic incident.,7.993647138175064
1109001100,0976,2011-04-07 00:00:00,3 AVENUE,6 STREET,3 AVENUE & 6 STREET,SW,Traffic signal,No,Yes,No,51.05066395252153,-114.07599032976958,1,2021-05-20 12:21:00-06:00,2021-05-20 12:21:00-06:00,1,Thursday,12.0,Midday,Traffic incident.,0.7127649309959545
1109001105,0633,2019-02-14 00:00:00,9840,HORTON ROAD,9840 & HORTON ROAD,SW,Fire signal,No,No,No,50.96605595409519,-114.07475895291992,1,2024-05-13 11:52:00-06:00,2024-05-13 11:52:00-06:00,1,Monday,11.0,Midday,Traffic incident.,64.67833821930172
1110262494,B0034,2020-12-04 00:00:00,NEW BRIGHTON DRIVE,NEW BRIGHTON HEATH,NEW BRIGHTON DRIVE & NEW BRIGHTON HEATH,SE,Pedestrian RRFB,Yes,No,No,50.92523490222264,-113.95410594865768,1,2018-10-25 18:50:00-06:00,2018-10-25 18:50:00-06:00,1,Thursday,18.0,Evening Rush,Two vehicle incident.,9.041915443860866
1110262495,B0035,2020-05-15 00:00:00,COUNTRY VILLAGE WAY,NOTRE DAME HIGH SCHOOL ENTRANCE,COUNTRY VILLAGE WAY & NOTRE DAME HIGH SCHOOL ENTRANCE,NE,Pedestrian RRFB,Yes,No,No,51.156425514100455,-114.06668227211166,1,2025-09-10 13:18:00-06:00,2025-09-10 13:18:00-06:00,1,Wednesday,13.0,Midday,Traffic incident.,7.0536515896253364
1110274502,B0045,2022-01-26 00:00:00,AUBURN BAY DRIVE,AUBURN MEADOWS BV/AUBURN MEADOWS PL,AUBURN BAY DRIVE & AUBURN MEADOWS BV/AUBURN MEADOWS PL,SE,Overhead Flasher,Yes,No,No,50.89922113709622,-113.94812971569954,1,2025-04-04 08:09:00-06:00,2025-04-04 08:09:00-06:00,1,Friday,8.0,Morning Rush,There is an incident involving a pedestrian- EMS on site.,4.7489030440415805
1109000675,0071,1975-01-01 00:00:00,DALHOUSIE DRIVE,DALTON DRIVE,DALHOUSIE DRIVE & DALTON DRIVE,NW,Traffic signal,Yes,Yes,Yes,51.10339189029377,-114.14761290042372,1,2023-01-27 08:22:00-07:00,2023-01-27 08:22:00-07:00,1,Friday,8.0,Morning Rush,There is an incident involving a pedestrian- EMS on site.,11.876107345983495
1109000676,B2525,1970-10-01 00:00:00,40 AVENUE,40 STREET,40 AVENUE & 40 STREET,NW,Overhead Flasher,Yes,No,No,51.08828207483928,-114.14734053871553,1,2020-11-17 18:37:00-07:00,2020-11-17 18:37:00-07:00,1,Tuesday,18.0,Evening Rush,Traffic incident.,5.883019578283299
1109001087,0611,2000-08-08 00:00:00,CHINOOK CENTRE,5 STREET,CHINOOK CENTRE & 5 STREET,SW,Traffic signal T intersection,Yes,Yes,No,50.9977366033356,-114.07625989787734,1,2022-11-08 13:46:00-07:00,2022-11-08 13:46:00-07:00,1,Tuesday,13.0,Midday,Traffic incident.,51.57378027505272
1109783935,B2790,2015-02-25 00:00:00,JAMES McKEVITT ROAD,SHANNON AVENUE,JAMES McKEVITT ROAD & SHANNON AVENUE,SW,Pedestrian RRFB,Yes,No,No,50.90892123153778,-114.09949199567494,1,2025-11-04 15:52:00-07:00,2025-11-04 15:52:00-07:00,1,Tuesday,15.0,Evening Rush,There is an incident involving a pedestrian- EMS Dispatched.,6.375050800491121
1109785855,1177,2020-12-22 00:00:00,SAVANNA ROAD,SAVANNA STREET,SAVANNA ROAD & SAVANNA STREET,NE,Traffic signal,Yes,Yes,Yes,51.13373633600914,-113.9523414991548,1,2023-02-01 07:50:00-07:00,2023-02-01 07:50:00-07:00,1,Wednesday,7.0,Morning Rush,Traffic incident.,8.917347606099312
1110185511,1199,2022-12-21 00:00:00,19489,SETON CRESCENT,19489 & SETON CRESCENT,SE,Traffic signal,Yes,Yes,Yes,50.879382371798,-113.95890830723624,1,2025-11-26 11:45:00-07:00,2025-11-26 11:45:00-07:00,1,Wednesday,11.0,Midday,Traffic incident.,19.61084706515146
1109001003,B2554,1966-08-01 00:00:00,10 STREET,23 AVENUE,10 STREET & 23 AVENUE,NW,Overhead Flasher,Yes,No,No,51.07321322463112,-114.0845888828382,1,2023-12-05 08:44:00-07:00,2023-12-05 08:44:00-07:00,1,Tuesday,8.0,Morning Rush,Traffic incident.,24.54724666693911
1109985734,B2552,2017-04-13 00:00:00,8220,CENTRE STREET,8220 & CENTRE STREET,N,Pedestrian RRFB,Yes,No,No,51.126889563414046,-114.07144018821435,1,2023-03-07 10:45:00-07:00,2023-03-07 10:45:00-07:00,1,Tuesday,10.0,Midday,Traffic incident.,10.850157549511966
1109993205,B2807,2017-11-05 00:00:00,SADDLEHORN DRIVE/SADDLEMONT WAY,SADDLEMONT BOULEVARD,SADDLEHORN DRIVE/SADDLEMONT WAY & SADDLEMONT BOULEVARD,NE,Pedestrian RRFB,Yes,No,No,51.128677285895925,-113.94122658802029,1,2025-07-16 19:00:00-06:00,2025-07-16 19:00:00-06:00,1,Wednesday,19.0,Evening,There is an incident involving a pedestrian- EMS on site.,5.001505702743104
1109993214,B2806,2017-08-21 00:00:00,COVENTRY GARDENS/COVEPARK DRIVE,COVENTRY HILLS WAY,COVENTRY GARDENS/COVEPARK DRIVE & COVENTRY HILLS WAY,NE,Pedestrian RRFB,Yes,No,No,51.16466363136901,-114.05181330725752,1,2021-10-20 08:57:00-06:00,2021-10-20 08:57:00-06:00,1,Wednesday,8.0,Morning Rush,There is an incident involving a pedestrian- EMS on site.,61.208445444411524
1109000714,0046,1992-12-12 00:00:00,EDGEMONT BOULEVARD,EDGEBROOK DR/EDENWOLD DR,EDGEMONT BOULEVARD & EDGEBROOK DR/EDENWOLD DR,NW,Traffic signal,Yes,Yes,Yes,51.12774804462512,-114.13856943210884,1,2023-11-20 09:29:00-07:00,2023-11-20 09:29:00-07:00,1,Monday,9.0,Morning Rush,Traffic incident.,9.911899887054087
1109000727,B2526,1974-03-01 00:00:00,NORTHMOUNT DRIVE,BULYEA ROAD,NORTHMOUNT DRIVE & BULYEA ROAD,NW,Overhead Flasher,Yes,No,No,51.09540197356047,-114.13425505178516,1,2026-01-20 16:12:00-07:00,2026-01-20 16:12:00-07:00,1,Tuesday,16.0,Evening Rush,There is an incident involving a pedestrian- EMS on site.,10.27716193079921
1109806827,B2809,2015-12-11 00:00:00,EDGEBURN CRESCENT,EDGEPARK BOULEVARD,EDGEBURN CRESCENT & EDGEPARK BOULEVARD,NW,Overhead Flasher,Yes,No,No,51.13406989825279,-114.15791705986923,1,2024-08-18 12:07:00-06:00,2024-08-18 12:07:00-06:00,1,Sunday,12.0,Midday,Traffic incident.,6.217923884052136
1109935810,1140,2015-05-15 00:00:00,4 AVENUE,5 AVENUE,4 AVENUE & 5 AVENUE,SW,1/2 signal,Yes,Yes,No,51.04914588511441,-114.0874494858,1,2020-05-06 16:22:00-06:00,2020-05-06 16:22:00-06:00,1,Wednesday,16.0,Evening Rush,Stalled vehicle. Blocking the left lane,51.96363944454697
1109001004,B2660,1966-08-01 00:00:00,ELBOW DRIVE,87 AVENUE,ELBOW DRIVE & 87 AVENUE,SW,Overhead Flasher,Yes,No,No,50.97525190583819,-114.08435383600909,1,2025-07-25 11:30:00-06:00,2025-07-25 11:30:00-06:00,1,Friday,11.0,Midday,Traffic incident.,2.194223541354932
1109001010,B2637,1968-10-01 00:00:00,SIFTON BOULEVARD,8 STREET,SIFTON BOULEVARD & 8 STREET,SW,Overhead Flasher,Yes,No,No,51.019257524629424,-114.08364975395698,1,2022-04-06 07:56:00-06:00,2022-04-06 07:56:00-06:00,1,Wednesday,7.0,Morning Rush,There is an incident involving a cyclist- EMS Dispatched.,0.6918903960494314
1109796014,0990,2019-05-29 00:00:00,SAGE HILL PASSAGE,SAGE HILL PLAZA,SAGE HILL PASSAGE & SAGE HILL PLAZA,NW,Traffic signal,Yes,Yes,Yes,51.16937721835827,-114.146897679871,1,2020-01-04 17:09:00-07:00,2020-01-04 17:09:00-07:00,1,Saturday,17.0,Evening Rush,Two vehicle incident.,6.648234824181053
1110203119,B0004,2019-10-07 00:00:00,RIDEAU ROAD/ROXBORO ROAD,4 STREET,RIDEAU ROAD/ROXBORO ROAD & 4 STREET,SW,Pedestrian RRFB,Yes,No,No,51.02827462222898,-114.07151022948776,1,2017-11-20 13:58:00-07:00,2017-11-20 13:58:00-07:00,1,Monday,13.0,Midday,Multi-vehicle incident.,0.31737477525089247
1110203120,B0005,2020-01-24 00:00:00,ELBOW DRIVE,CANATA CLOSE,ELBOW DRIVE & CANATA CLOSE,SW,Overhead Flasher,Yes,No,No,50.94433860807374,-114.08572600692106,1,2021-01-06 15:41:00-07:00,2021-01-06 15:41:00-07:00,1,Wednesday,15.0,Evening Rush,Traffic incident.,6.129868179943207
1110203121,B0006,2019-06-20 00:00:00,WOODFIELD DRIVE/WOODGLEN GATE,WOODVIEW DRIVE,WOODFIELD DRIVE/WOODGLEN GATE & WOODVIEW DRIVE,SW,Pedestrian RRFB,Yes,No,No,50.94125710861879,-114.1217213150429,1,2026-01-04 13:28:00-07:00,2026-01-04 13:28:00-07:00,1,Sunday,13.0,Midday,There is an incident involving a pedestrian- EMS on site.,7.767116730243794
1110203123,B0008,2019-11-21 00:00:00,PRESTWICK BOULEVARD,PRESTWICK CIRCLE,PRESTWICK BOULEVARD & PRESTWICK CIRCLE,SE,Pedestrian RRFB,Yes,No,No,50.91927798275002,-113.96578270262737,1,2018-12-21 14:54:00-07:00,2018-12-21 14:54:00-07:00,1,Friday,14.0,Midday,Two vehicle incident.,8.321364267017158
1110203125,B0010,2019-08-01 00:00:00,DISCOVERY RIDGE BOULEVARD,DISCOVERY RIDGE HILL/LANE,DISCOVERY RIDGE BOULEVARD & DISCOVERY RIDGE HILL/LANE,SW,Pedestrian RRFB,Yes,No,No,51.01521914965069,-114.21393894290316,1,2018-01-30 13:40:00-07:00,2018-01-30 13:40:00-07:00,1,Tuesday,13.0,Midday,Two vehicle incident.,8.269998962543864
1110203138,B0023,2019-10-29 00:00:00,8 AVENUE,FORLEE DRIVE,8 AVENUE & FORLEE DRIVE,SE,Pedestrian RRFB,Yes,No,No,51.04517288459215,-113.96133571903344,1,2023-03-04 19:53:00-07:00,2023-03-04 19:53:00-07:00,1,Saturday,19.0,Evening,Traffic incident.,0.0021692928798411506
1109001015,B2501,1981-09-01 00:00:00,BEDDINGTON BOULEVARD,BERWICK WAY,BEDDINGTON BOULEVARD & BERWICK WAY,NW,Overhead Flasher,Yes,No,No,51.13015553592396,-114.08361112801326,1,2025-04-30 16:59:00-06:00,2025-04-30 16:59:00-06:00,1,Wednesday,16.0,Evening Rush,Traffic incident.,36.57732254601499
1109959832,B2815,2016-04-14 00:00:00,101,CROWFOOT WAY,101 & CROWFOOT WAY,NW,Overhead Flasher,Yes,No,No,51.12473232021074,-114.20500143889012,1,2019-09-20 20:22:00-06:00,2019-09-20 20:22:00-06:00,1,Friday,20.0,Evening,There is an incident involving a pedestrian.,42.26517147275977
1109000994,B2670,1971-08-01 00:00:00,STONEHAVEN ROAD,ELBOW DRIVE,STONEHAVEN ROAD & ELBOW DRIVE,SW,Overhead Flasher,Yes,No,No,50.95615712348091,-114.08480320124166,1,2026-03-03 12:55:00-07:00,2026-03-03 12:55:00-07:00,1,Tuesday,12.0,Midday,There is an incident involving a pedestrian.,1.8224233141779307
1109000995,B2668,1971-01-01 00:00:00,SYLVESTER CRESCENT,ELBOW DRIVE,SYLVESTER CRESCENT & ELBOW DRIVE,SW,Overhead Flasher,Yes,No,No,50.95895299001023,-114.08477982152924,1,2026-03-18 07:14:00-06:00,2026-03-18 07:14:00-06:00,1,Wednesday,7.0,Morning Rush,There is an incident involving a pedestrian- EMS on site.,1.7948047411186538
1110203140,B0025,2019-04-04 00:00:00,17107,JAMES MCKEVITT ROAD,17107 & JAMES MCKEVITT ROAD,SW,Pedestrian RRFB,Yes,No,No,50.89943973986945,-114.09442033635897,1,2025-11-12 02:02:00-07:00,2025-11-12 02:02:00-07:00,1,Wednesday,2.0,Night,Traffic incident.,56.46815900236173
1110524639,B0166-TEMP,2025-12-19 00:00:00,26 AVENUE,RUNDLESON WAY,26 AVENUE & RUNDLESON WAY,NE,Pedestrian RRFB,Yes,No,No,51.07799415936506,-113.97157268951447,1,2021-08-31 09:24:00-06:00,2021-08-31 09:24:00-06:00,1,Tuesday,9.0,Morning Rush,Traffic incident.,5.115087096075189
1110528536,B0178-TEMP,2025-01-23 00:00:00,HIDDEN HILLS TC/HIDDEN VALLEY DR,HIDDEN VALLEY DRIVE,HIDDEN HILLS TC/HIDDEN VALLEY DR & HIDDEN VALLEY DRIVE,NW,Pedestrian RRFB,,No,No,51.14934624034213,-114.1296297026734,1,2026-01-22 16:44:00-07:00,2026-01-22 16:44:00-07:00,1,Thursday,16.0,Evening Rush,Traffic incident.,7.373909497959103
1110582110,B0198,2026-04-16 00:00:00,MAHOGANY BOULEVARD,MAHOGANY GATE,MAHOGANY BOULEVARD & MAHOGANY GATE,SE,Pedestrian RRFB,Yes,No,No,50.899744564951874,-113.93717754459328,1,2025-02-24 08:32:00-07:00,2025-02-24 08:32:00-07:00,1,Monday,8.0,Morning Rush,Traffic incident.,4.3564086285161014
1110582232,B0151-TEMP,2025-11-17 00:00:00,TARADALE DRIVE,TARALAKE WAY,TARADALE DRIVE & TARALAKE WAY,NE,Pedestrian RRFB,,No,No,51.11893528323152,-113.92719486409268,1,2021-07-09 16:39:00-06:00,2021-07-09 16:39:00-06:00,1,Friday,16.0,Evening Rush,Traffic incident.,4.890317819035982
1109001745,B2565,1981-07-22 00:00:00,26 AVENUE,RUNDLEHILL DRIVE,26 AVENUE & RUNDLEHILL DRIVE,NE,Overhead Flasher,Yes,No,No,51.07810337690772,-113.96991697895008,1,2021-02-01 08:03:00-07:00,2021-02-01 08:03:00-07:00,1,Monday,8.0,Morning Rush,Traffic incident.,1.1990178840226176
1109001747,B2538,1982-08-01 00:00:00,44 AVENUE,WHITERIDGE WAY,44 AVENUE & WHITERIDGE WAY,NE,Overhead Flasher,Yes,No,No,51.09245045861541,-113.96828028751392,1,2018-06-05 07:48:00-06:00,2018-06-05 07:48:00-06:00,1,Tuesday,7.0,Morning Rush,Two vehicle incident.,0.9509715257713116
1110515428,B0157,2025-08-08 00:00:00,VALLEY CREEK ROAD,VALLEY RIDGE DRIVE,VALLEY CREEK ROAD & VALLEY RIDGE DRIVE,NW,Pedestrian RRFB,Yes,No,No,51.090774091815845,-114.2589563928769,1,2018-12-28 15:46:00-07:00,2018-12-28 15:46:00-07:00,1,Friday,15.0,Evening Rush,Two vehicle incident.,32.15682442729932
1110515429,B0158,2026-03-27 00:00:00,HAWKSBROW DRIVE/HAWKSBROW ROAD,HAWKWOOD BOULEVARD,HAWKSBROW DRIVE/HAWKSBROW ROAD & HAWKWOOD BOULEVARD,NW,Pedestrian RRFB,Yes,No,No,51.124852085356494,-114.16726814628764,1,2017-10-30 08:53:00-06:00,2017-10-30 08:53:00-06:00,1,Monday,8.0,Morning Rush,Two vehicle incident.,0.0032713611449096355
1110433912,B0121,2024-09-17 00:00:00,ACADIA DRIVE,ANCOURT ROAD,ACADIA DRIVE & ANCOURT ROAD,SE,Pedestrian RRFB,Yes,No,No,50.97217063536445,-114.05331366301188,1,2022-07-09 14:56:00-06:00,2022-07-09 14:56:00-06:00,1,Saturday,14.0,Midday,Two vehicle incident.,42.9103453674405
1110433914,B0122,2024-08-30 00:00:00,BRIDLECREST DRIVE,24 STREET,BRIDLECREST DRIVE & 24 STREET,SW,Pedestrian RRFB,Yes,No,No,50.90499940073553,-114.11712747837194,1,2021-05-26 08:27:00-06:00,2021-05-26 08:27:00-06:00,1,Wednesday,8.0,Morning Rush,There is an incident involving a pedestrian- EMS on site.,6.695388294893715
1109001622,0952,2011-09-23 00:00:00,20 AVENUE,2 STREET,20 AVENUE & 2 STREET,NW,Traffic signal,Yes,No,No,51.07061047142981,-114.06745834677454,1,2021-03-26 15:33:00-06:00,2021-03-26 15:33:00-06:00,1,Friday,15.0,Evening Rush,Traffic signals are flashing red.,0.9650185097005076
1109001623,B2888,2017-09-06 00:00:00,MARBANK DRIVE,48 STREET,MARBANK DRIVE & 48 STREET,NE,Pedestrian RRFB,Yes,No,No,51.063281025342576,-113.96394338246836,1,2018-07-11 01:53:00-06:00,2018-07-11 01:53:00-06:00,1,Wednesday,1.0,Night,Two vehicle incident.,3.264736557143548
1109001631,0895,2018-04-17 00:00:00,16 AVENUE/HOSPITAL DRIVE,WEST CAMPUS BOULEVARD,16 AVENUE/HOSPITAL DRIVE & WEST CAMPUS BOULEVARD,NW,Traffic signal,Yes,Yes,Yes,51.06553267854004,-114.1381019742372,1,2026-01-24 11:08:00-07:00,2026-01-24 11:08:00-07:00,1,Saturday,11.0,Midday,Traffic incident.,6.143799853575113
1109001638,0866,2009-08-27 00:00:00,23 AVENUE,SUNRIDGE WAY,23 AVENUE & SUNRIDGE WAY,NE,Traffic signal,Yes,No,No,51.0718144566415,-113.99844468461802,1,2024-01-07 12:55:00-07:00,2024-01-07 12:55:00-07:00,1,Sunday,12.0,Midday,Traffic incident.,7.8467057228707775
1109001749,B2561,1979-10-01 00:00:00,WHITEHORN DRIVE,WHITEHORN ROAD,WHITEHORN DRIVE & WHITEHORN ROAD,NE,Overhead Flasher,Yes,No,No,51.08472811386478,-113.96747201265252,1,2026-06-03 07:32:00-06:00,2026-06-03 07:32:00-06:00,1,Wednesday,7.0,Morning Rush,Traffic incident.,1.28548834166129
1109001754,0854,2003-09-11 00:00:00,SUPERSTORE ENTRANCE,48 STREET,SUPERSTORE ENTRANCE & 48 STREET,SE,1/4 signal,No,No,No,50.93379023378442,-113.96517139625271,0,,,0,,,,,
1109001595,B2615,2017-09-10 00:00:00,610,RANCHLANDS BOULEVARD,610 & RANCHLANDS BOULEVARD,NW,Pedestrian RRFB,Yes,No,No,51.118221662842295,-114.17874425571236,0,,,0,,,,,
1109001805,B2507,1993-09-01 00:00:00,FALCONRIDGE DRIVE,FALCONRIDGE CRESCENT,FALCONRIDGE DRIVE & FALCONRIDGE CRESCENT,NE,Overhead Flasher,Yes,No,No,51.09929261190069,-113.94813366008108,0,,,0,,,,,
1109001657,B2704,2001-08-14 00:00:00,DOUGLASDALE BOULEVARD,DOUGLASVIEW BOULEVARD,DOUGLASDALE BOULEVARD & DOUGLASVIEW BOULEVARD,SE,Overhead Flasher,Yes,No,No,50.9407415771387,-113.99113499934649,0,,,0,,,,,
1109001656,0174,1996-11-04 00:00:00,SUNRIDGE BOULEVARD,29 STREET,SUNRIDGE BOULEVARD & 29 STREET,NE,Traffic signal,Yes,No,No,51.07604282788484,-113.9913627805922,0,,,0,,,,,
1109001648,B2614,1982-08-01 00:00:00,28 STREET,14 AVENUE,28 STREET & 14 AVENUE,SE,Overhead Flasher,Yes,No,No,51.0405225946617,-113.99306201241204,0,,,0,,,,,
1110443608,B0128,2024-09-01 00:00:00,30,SAGE HILL ROW,30 & SAGE HILL ROW,NW,Pedestrian RRFB,Yes,No,No,51.17464712155771,-114.14312434101748,0,,,0,,,,,
1110435236,B0126,2024-04-24 00:00:00,2912,19 STREET,2912 & 19 STREET,NW,Pedestrian RRFB,Yes,No,No,51.07901460912832,-114.10629622609724,0,,,0,,,,,
1110433916,B0124,2024-12-02 00:00:00,129 AVENUE,BONAVENTURE DRIVE,129 AVENUE & BONAVENTURE DRIVE,SE,Pedestrian RRFB,Yes,No,No,50.93675283789947,-114.06463889404296,0,,,0,,,,,
1110046507,B2884,2017-05-25 00:00:00,ROCKBOROUGH PARK/ROYAL OAK GARDENS,ROCKY RIDGE ROAD,ROCKBOROUGH PARK/ROYAL OAK GARDENS & ROCKY RIDGE ROAD,NW,Pedestrian RRFB,Yes,No,No,51.15201434408499,-114.23422272903348,0,,,0,,,,,
1110046506,B2883,2017-07-11 00:00:00,CROWCHILD TRAIL,LONGRIDGE DRIVE,CROWCHILD TRAIL & LONGRIDGE DRIVE,SW,Pedestrian RRFB,Yes,No,No,50.99534935967189,-114.1179201741914,0,,,0,,,,,
1110591889,B0160-TEMP,2025-12-15 00:00:00,EVANSCOVE CIRCLE,EVANSTON VIEW,EVANSCOVE CIRCLE & EVANSTON VIEW,NW,Pedestrian RRFB,,No,No,51.164406411090354,-114.11694810432176,0,,,0,,,,,
1110515444,B0162,2026-08-26 00:00:00,40 AVENUE,20 STREET,40 AVENUE & 20 STREET,SW,Pedestrian RRFB,Yes,No,No,51.01785983635788,-114.10917391793734,0,,,0,,,,,
1110515419,B0153,2025-10-06 00:00:00,SIERRA MORENA BOULEVARD,SIERRA VISTA CIRCLE,SIERRA MORENA BOULEVARD & SIERRA VISTA CIRCLE,SW,Pedestrian RRFB,Yes,No,No,51.02043837992318,-114.18229356332012,0,,,0,,,,,
1110515415,B0150,2026-05-19 00:00:00,HUNTERCREST ROAD,HUNTERVIEW DRIVE,HUNTERCREST ROAD & HUNTERVIEW DRIVE,NW,Pedestrian RRFB,Yes,No,No,51.112951295382416,-114.0798608995191,0,,,0,,,,,
1110515413,B0148,2025-11-28 00:00:00,12065,COVENTRY HILLS WAY,12065 & COVENTRY HILLS WAY,NE,Pedestrian RRFB,Yes,No,No,51.16725828499701,-114.06218630927845,0,,,0,,,,,
1110517407,B0114-TEMP,2025-04-04 00:00:00,MARTHA'S WAY,MARTINDALE BOULEVARD,MARTHA'S WAY & MARTINDALE BOULEVARD,NE,Pedestrian RRFB,,No,No,51.12272275854739,-113.96073188485552,0,,,0,,,,,
1109959536,B2814,2016-02-18 00:00:00,SCENIC ACRES PARADE,SCENIC COVE CIRCLE,SCENIC ACRES PARADE & SCENIC COVE CIRCLE,NW,Pedestrian RRFB,Yes,No,No,51.12116644350373,-114.2064319854564,0,,,0,,,,,
1109957111,B0032,2019-09-24 00:00:00,212,TUSCANY WAY,212 & TUSCANY WAY,NW,Pedestrian RRFB,Yes,No,No,51.1249831972535,-114.24684412892724,0,,,0,,,,,
1109941341,0773,2015-12-08 00:00:00,18 STREET,QUARRY PARK BOULEVARD,18 STREET & QUARRY PARK BOULEVARD,SE,1/2 signal,Yes,Yes,No,50.96503267267087,-114.01277056294096,0,,,0,,,,,
1110203136,B0021,2019-11-21 00:00:00,650,CROWFOOT CRESCENT,650 & CROWFOOT CRESCENT,NW,Overhead Flasher,Yes,No,No,51.12821094358103,-114.20426234235492,0,,,0,,,,,
1110001157,B2823,2016-08-10 00:00:00,OAKFIELD DRIVE,OAKWOOD DRIVE,OAKFIELD DRIVE & OAKWOOD DRIVE,SW,Pedestrian RRFB,Yes,No,No,50.96628072417292,-114.1325776516429,0,,,0,,,,,
1109793268,1146,2015-11-06 00:00:00,6103,130 AVENUE,6103 & 130 AVENUE,SE,Traffic signal T intersection,No,Yes,Yes,50.92867544569727,-113.94369628563892,0,,,0,,,,,
1109001012,B2629,1967-10-01 00:00:00,8 STREET,DORCHESTER AVENUE,8 STREET & DORCHESTER AVENUE,SW,Overhead Flasher,Yes,No,No,51.03049206228839,-114.0836039260484,0,,,0,,,,,
1109001007,B2656,1966-08-01 00:00:00,ELBOW DRIVE,86 AVENUE/HARCOURT ROAD,ELBOW DRIVE & 86 AVENUE/HARCOURT ROAD,SW,Overhead Flasher,Yes,No,No,50.97665986376565,-114.0838637975648,0,,,0,,,,,
1109937340,B2811,2015-11-17 00:00:00,10940,BONAVENTURE DRIVE,10940 & BONAVENTURE DRIVE,SE,Overhead Flasher,Yes,No,No,50.954184470318566,-114.06583175227932,0,,,0,,,,,
1109807037,1132,2015-01-23 00:00:00,SAGE HILL GATE,SAGE HILL PARADE,SAGE HILL GATE & SAGE HILL PARADE,NW,Traffic signal T intersection,Yes,Yes,No,51.17079838970496,-114.14327494652348,0,,,0,,,,,
1109001036,B2631,1975-06-01 00:00:00,30 AVENUE,7 STREET,30 AVENUE & 7 STREET,SW,Overhead Flasher,Yes,No,No,51.02641480306696,-114.08163842377012,0,,,0,,,,,
1109001030,B2504,1980-10-01 00:00:00,HUNTERVIEW DRIVE,HUNTERBURN HILL,HUNTERVIEW DRIVE & HUNTERBURN HILL,NW,Overhead Flasher,Yes,No,No,51.11781190785168,-114.08319913253814,0,,,0,,,,,
1109001054,B2532,1968-12-01 00:00:00,HOLMWOOD AVENUE,NORTHMOUNT DRIVE,HOLMWOOD AVENUE & NORTHMOUNT DRIVE,NW,Overhead Flasher,Yes,No,No,51.09328129276744,-114.08017151560286,0,,,0,,,,,
1109000731,B2640,1968-11-01 00:00:00,66 AVENUE,LAKEVIEW DRIVE/LINDEN DRIVE,66 AVENUE & LAKEVIEW DRIVE/LINDEN DRIVE,SW,Overhead Flasher,Yes,No,No,50.99457205992245,-114.13183979586078,0,,,0,,,,,
1110001154,B2821,2016-07-28 00:00:00,ARBOUR CREST DRIVE,ARBOUR LAKE ROAD,ARBOUR CREST DRIVE & ARBOUR LAKE ROAD,NW,Pedestrian RRFB,Yes,No,No,51.13402183823126,-114.20823158985648,0,,,0,,,,,
1109000983,B2566,1986-08-01 00:00:00,CAMBRIAN DRIVE/10 STREET,ROSEHILL DRIVE,CAMBRIAN DRIVE/10 STREET & ROSEHILL DRIVE,NW,Overhead Flasher,Yes,No,No,51.07897445961874,-114.0861692146354,0,,,0,,,,,
1109000974,B2693,2000-08-28 00:00:00,SHAWINIGAN DRIVE,SHAWBROOKE CLOSE,SHAWINIGAN DRIVE & SHAWBROOKE CLOSE,SW,Overhead Flasher,Yes,No,No,50.90740629259453,-114.08806011106309,0,,,0,,,,,
1110203117,B0003,2020-03-02 00:00:00,9100,BONAVENTURE DRIVE,9100 & BONAVENTURE DRIVE,SE,Overhead Flasher,Yes,No,No,50.97039833242797,-114.06876391593804,0,,,0,,,,,
1110203116,B0002,2019-12-16 00:00:00,BRIDLERIDGE HEIGHTS,24 STREET,BRIDLERIDGE HEIGHTS & 24 STREET,SW,Pedestrian RRFB,Yes,No,No,50.90315146066095,-114.11710335692368,0,,,0,,,,,
1110195956,1086,2024-10-24 00:00:00,NOLANRIDGE CO/NOLANRIDGE CRESCENT,SARCEE TRAIL,NOLANRIDGE CO/NOLANRIDGE CRESCENT & SARCEE TRAIL,NW,Traffic signal,Yes,Yes,Yes,51.16997039608571,-114.1678272010878,0,,,0,,,,,
1110188198,B2756,2020-02-12 00:00:00,COVENTRY DRIVE,COVENTRY CLOSE,COVENTRY DRIVE & COVENTRY CLOSE,NE,Pedestrian RRFB,Yes,No,No,51.156966057059776,-114.0473432823392,0,,,0,,,,,
1110185512,1200,2023-12-14 00:00:00,19587,SETON CRESCENT,19587 & SETON CRESCENT,SE,Traffic signal,Yes,Yes,Yes,50.87838370126109,-113.95989722957214,0,,,0,,,,,
1110185510,1193,2020-07-09 00:00:00,19683,SETON CRESCENT,19683 & SETON CRESCENT,SE,Traffic signal,Yes,Yes,Yes,50.87686010410607,-113.95990956933151,0,,,0,,,,,
1109000962,B2531,1968-12-01 00:00:00,NORTHMOUNT DRIVE,CORNWALLIS DRIVE,NORTHMOUNT DRIVE & CORNWALLIS DRIVE,NW,Overhead Flasher,Yes,No,No,51.08536345955597,-114.0897065450997,0,,,0,,,,,
1109000959,B2651,1980-11-01 00:00:00,75 AVENUE,CHURCHILL DRIVE,75 AVENUE & CHURCHILL DRIVE,SW,Overhead Flasher,Yes,No,No,50.98571172924884,-114.09016950472216,0,,,0,,,,,
1109001118,0863,2005-12-01 00:00:00,MILLRISE BOULEVARD,MILLRISE STATION,MILLRISE BOULEVARD & MILLRISE STATION,SW,Traffic signal T intersection,Yes,No,No,50.91451441965485,-114.07372060290592,0,,,0,,,,,
1109001111,B2630,1980-10-01 00:00:00,5 STREET,22 AVENUE,5 STREET & 22 AVENUE,SW,Overhead Flasher,Yes,No,No,51.03336884899461,-114.07419415604214,0,,,0,,,,,
1109789243,B2797,2025-05-23 00:00:00,CORNERBROOK GREEN,CORNERSTONE BOULEVARD,CORNERBROOK GREEN & CORNERSTONE BOULEVARD,NE,Pedestrian RRFB,Yes,No,No,51.15802535416892,-113.93049225098012,0,,,0,,,,,
1109783941,B2795,2015-01-20 00:00:00,ROYAL OAK WAY,ROYAL BIRKDALE DR/ROYAL OAK ME,ROYAL OAK WAY & ROYAL BIRKDALE DR/ROYAL OAK ME,NW,Pedestrian RRFB,Yes,No,No,51.14938668797879,-114.22517567602134,0,,,0,,,,,
1109780701,B2785,2014-12-17 00:00:00,EVERRIDGE DRIVE,EVERMEADOW AVENUE,EVERRIDGE DRIVE & EVERMEADOW AVENUE,SW,Overhead Flasher,Yes,No,No,50.91397178442239,-114.12351252036218,0,,,0,,,,,
1109768754,B2786,2014-08-22 00:00:00,TUSCANY SPRINGS BOULEVARD,TUSCANY LRT STATION,TUSCANY SPRINGS BOULEVARD & TUSCANY LRT STATION,NW,Overhead Flasher,Yes,No,No,51.13308775196416,-114.23764481778392,0,,,0,,,,,
1109000680,0967,2006-09-27 00:00:00,OKI DRIVE/PHYSICAL PLANT ROAD,McLAURIN STREET,OKI DRIVE/PHYSICAL PLANT ROAD & McLAURIN STREET,NW,Traffic signal,Yes,No,No,51.07515798838308,-114.14549671545372,0,,,0,,,,,
1110227920,1211,2021-08-13 00:00:00,CAYLEY ROAD,LONGVIEW COMMON,CAYLEY ROAD & LONGVIEW COMMON,SE,Traffic signal,Yes,Yes,Yes,50.86417232118864,-114.031320922863,0,,,0,,,,,
1110222751,B0029,2020-10-15 00:00:00,21 AVENUE,2 STREET,21 AVENUE & 2 STREET,SW,Pedestrian RRFB,Yes,No,No,51.0343020943495,-114.06878531598709,0,,,0,,,,,
1109805758,1148,2020-09-29 00:00:00,6403,130 AVENUE,6403 & 130 AVENUE,SE,Traffic signal T intersection,Yes,Yes,Yes,50.92875715010671,-113.93943746937244,0,,,0,,,,,
1109801601,1133,2017-08-03 00:00:00,COUNTRY HILLS BOULEVARD,ROCKY RIDGE RECREATIONAL FACILITY,COUNTRY HILLS BOULEVARD & ROCKY RIDGE RECREATIONAL FACILITY,NW,Traffic signal T intersection,Yes,Yes,Yes,51.15414689656208,-114.22895604796604,0,,,0,,,,,
1109000642,0808,2003-11-26 00:00:00,DALHOUSIE STN PARK'n'RIDE,CROWCHILD TRAIL RAMP,DALHOUSIE STN PARK'n'RIDE & CROWCHILD TRAIL RAMP,NW,Traffic signal,Yes,Yes,No,51.10458861708833,-114.16042501723472,0,,,0,,,,,
1109000639,B2524,1978-08-01 00:00:00,40 AVENUE,VARSCLIFF ROAD/52 STREET,40 AVENUE & VARSCLIFF ROAD/52 STREET,NW,Overhead Flasher,Yes,No,No,51.08827037560434,-114.16188160632431,0,,,0,,,,,
1109000633,B2686,1999-08-11 00:00:00,40 AVENUE,53 STREET,40 AVENUE & 53 STREET,NW,Overhead Flasher,Yes,No,No,51.08851880052308,-114.16423769999471,0,,,0,,,,,
1110282245,B0058,2025-05-30 00:00:00,CORNERSTONE WAY,CORNER MEADOWS AVENUE,CORNERSTONE WAY & CORNER MEADOWS AVENUE,NE,Pedestrian RRFB,Yes,No,No,51.15066089356195,-113.9301128385384,0,,,0,,,,,
1110271276,1229,2022-01-13 00:00:00,COPPERFIELD BOULEVARD,MCIVOR BOULEVARD,COPPERFIELD BOULEVARD & MCIVOR BOULEVARD,SE,Traffic signal T intersection,Yes,Yes,Yes,50.919347154268245,-113.93219017662678,0,,,0,,,,,
1110263614,B0041,2021-08-06 00:00:00,4620,BOWNESS ROAD,4620 & BOWNESS ROAD,NW,Pedestrian RRFB,Yes,No,No,51.072036820918015,-114.15972876336036,0,,,0,,,,,
1110262496,B0036,2020-06-15 00:00:00,MAHOGANY BOULEVARD,MAHOGANY VIEW,MAHOGANY BOULEVARD & MAHOGANY VIEW,SE,Overhead Flasher,Yes,No,No,50.90086181024807,-113.93660932482108,0,,,0,,,,,
1109001075,B2657,1978-07-01 00:00:00,HADDON ROAD,86 AVENUE,HADDON ROAD & 86 AVENUE,SW,Overhead Flasher,Yes,No,No,50.97588601452863,-114.0773918529724,0,,,0,,,,,
1109001102,B2713,2001-10-03 00:00:00,SHAWNEE GATE,SHAWNEE HILL,SHAWNEE GATE & SHAWNEE HILL,SW,Overhead Flasher,Yes,No,No,50.92261406269237,-114.07503267168512,0,,,0,,,,,
1109001101,B2533,1969-01-01 00:00:00,NORTHMOUNT DRIVE,NORTHMOUNT CRESCENT,NORTHMOUNT DRIVE & NORTHMOUNT CRESCENT,NW,Overhead Flasher,Yes,No,No,51.0998736254653,-114.07579969749816,0,,,0,,,,,
1110001164,B2830,2017-05-18 00:00:00,SCENIC ACRES BOULEVARD,SCURFIELD WAY,SCENIC ACRES BOULEVARD & SCURFIELD WAY,NW,Pedestrian RRFB,Yes,No,No,51.11933975259064,-114.21465741798522,0,,,0,,,,,
1110001163,B2829,2016-08-05 00:00:00,FALSHIRE DRIVE,FALTON RISE,FALSHIRE DRIVE & FALTON RISE,NE,Pedestrian RRFB,Yes,No,No,51.10606518319965,-113.94218735135578,0,,,0,,,,,
1110001162,B2828,2016-06-22 00:00:00,HAWKSIDE PARK,HAWKWOOD BOULEVARD,HAWKSIDE PARK & HAWKWOOD BOULEVARD,NW,Pedestrian RRFB,Yes,No,No,51.129987553105856,-114.17814607618315,0,,,0,,,,,
1109000921,0812,2004-04-01 00:00:00,11 STREET,DEERFOOT CITY ENTRANCE,11 STREET & DEERFOOT CITY ENTRANCE,NE,Traffic signal T intersection,Yes,No,No,51.108459656881216,-114.03640030444951,0,,,0,,,,,
1109000954,B2598,1969-04-01 00:00:00,KENSINGTON ROAD,12 STREET,KENSINGTON ROAD & 12 STREET,NW,Overhead Flasher,Yes,No,No,51.05251352531171,-114.09173973038232,0,,,0,,,,,
1110001833,B2859,2017-06-12 00:00:00,HIDDEN SPRING CI/HIDDEN SPRING CL,HIDDEN VALLEY DRIVE,HIDDEN SPRING CI/HIDDEN SPRING CL & HIDDEN VALLEY DRIVE,NW,Pedestrian RRFB,Yes,No,No,51.151526505541526,-114.10937387088782,0,,,0,,,,,
1110001189,B2849,2016-08-11 00:00:00,COVENTRY DRIVE,COVERDALE ROAD/COVINGTON CLOSE,COVENTRY DRIVE & COVERDALE ROAD/COVINGTON CLOSE,NE,Pedestrian RRFB,Yes,No,No,51.16167768801054,-114.04311052503016,0,,,0,,,,,
1110001183,B2843,2016-06-24 00:00:00,PRESTWICK CIRCLE,PRESTWICK STREET,PRESTWICK CIRCLE & PRESTWICK STREET,SE,Pedestrian RRFB,Yes,No,No,50.926605031500415,-113.96694032139524,0,,,0,,,,,
1110001181,B2841,2016-12-31 00:00:00,8911,BONAVENTURE DRIVE,8911 & BONAVENTURE DRIVE,SE,Pedestrian RRFB,Yes,No,No,50.9741188801973,-114.0685696812162,0,,,0,,,,,
1110001180,B2840,2016-09-02 00:00:00,TUSCANY HILLS WAY/TUSCANY DRIVE,TUSCANY RAVINE ROAD/TUSCANY WAY,TUSCANY HILLS WAY/TUSCANY DRIVE & TUSCANY RAVINE ROAD/TUSCANY WAY,NW,Pedestrian RRFB,Yes,No,No,51.11875532825596,-114.24178367909734,0,,,0,,,,,
1109000735,B2728,2004-12-07 00:00:00,1120,29 STREET,1120 & 29 STREET,NW,Overhead Flasher,Yes,No,No,51.06252660056383,-114.1310198229832,0,,,0,,,,,
1109000732,B2886,2017-06-12 00:00:00,HIDDEN RANCH CRESCENT,HIDDEN VALLEY DRIVE,HIDDEN RANCH CRESCENT & HIDDEN VALLEY DRIVE,NW,Pedestrian RRFB,Yes,No,No,51.1506376062345,-114.11842300634146,0,,,0,,,,,
1109001172,B2536,1970-05-01 00:00:00,TRAFFORD DRIVE,4 STREET,TRAFFORD DRIVE & 4 STREET,NW,Overhead Flasher,Yes,No,No,51.09866236665275,-114.07149888225231,0,,,0,,,,,
1109001161,B2741,2006-08-10 00:00:00,24 AVENUE,4 STREET,24 AVENUE & 4 STREET,NW,Overhead Flasher,Yes,No,No,51.0742377680667,-114.07154824811954,0,,,0,,,,,
1109721420,B2778,2014-06-23 00:00:00,SHERWOOD BOULEVARD,SHERWOOD STREET,SHERWOOD BOULEVARD & SHERWOOD STREET,NW,Overhead Flasher,Yes,No,No,51.16175019653597,-114.15085940690508,0,,,0,,,,,
1109718762,B2782,2015-12-02 00:00:00,108,QUARRY PARK ROAD,108 & QUARRY PARK ROAD,SE,Pedestrian RRFB,Yes,No,No,50.96115414664062,-114.00723175102809,0,,,0,,,,,
1109717476,1109,2015-01-15 00:00:00,SYMONS VALLEY PARKWAY,EVANSTONE DRIVE,SYMONS VALLEY PARKWAY & EVANSTONE DRIVE,NW,Traffic signal,Yes,Yes,Yes,51.17542785636362,-114.10733123993964,0,,,0,,,,,
1109712165,B2777,2014-09-25 00:00:00,FORAND STREET,CYPRUS GREEN,FORAND STREET & CYPRUS GREEN,SW,Overhead Flasher,Yes,No,No,51.004783547734725,-114.12098240231008,0,,,0,,,,,
1110302517,B0050,2022-03-14 00:00:00,AUBURN BAY DRIVE,AUBURN GLEN GREEN,AUBURN BAY DRIVE & AUBURN GLEN GREEN,SE,Pedestrian RRFB,Yes,No,No,50.89635205169655,-113.95459154103516,0,,,0,,,,,
1110286432,B0047,2021-08-27 00:00:00,256,EVANSTON WAY,256 & EVANSTON WAY,NW,Pedestrian RRFB,Yes,No,No,51.17601737419377,-114.10173052729029,0,,,0,,,,,
1109000648,B2511,1990-05-01 00:00:00,3719,49 STREET,3719 & 49 STREET,NW,Overhead Flasher,Yes,No,No,51.08635961815238,-114.1589346090842,0,,,0,,,,,
1109000647,0792,1996-10-18 00:00:00,DALHOUSIE DRIVE,DALHAM CRESCENT,DALHOUSIE DRIVE & DALHAM CRESCENT,NW,Traffic signal,Yes,Yes,Yes,51.10655746554,-114.15880760325496,0,,,0,,,,,
1109001240,B2711,2001-10-23 00:00:00,13009,LAKE FRASER DRIVE,13009 & LAKE FRASER DRIVE,SE,Overhead Flasher,Yes,No,No,50.93683717787672,-114.06684219380736,0,,,0,,,,,
1109001264,B2708,2001-07-05 00:00:00,108,25 AVENUE,108 & 25 AVENUE,SW,Overhead Flasher,Yes,No,No,51.030381171199366,-114.0639933468524,0,,,0,,,,,
1109001263,0943,2004-12-22 00:00:00,130,COUNTRY VILLAGE ROAD,130 & COUNTRY VILLAGE ROAD,NE,Traffic signal,Yes,Yes,Yes,51.16054225239239,-114.06447632829745,0,,,0,,,,,
1109001304,B2537,1980-01-01 00:00:00,54 AVENUE,CENTRE STREET,54 AVENUE & CENTRE STREET,N,Overhead Flasher,Yes,No,No,51.09978159692578,-114.06245779181393,0,,,0,,,,,
1109001214,B2661,1977-08-01 00:00:00,240,90 AVENUE,240 & 90 AVENUE,SE,Overhead Flasher,Yes,No,No,50.972244842437846,-114.06557496851828,0,,,0,,,,,
1109697011,1306,2024-01-18 00:00:00,STONEY TRAIL,11 STREET,STONEY TRAIL & 11 STREET,NE,Traffic signal,Yes,Yes,Yes,51.17396330920752,-114.03643386694024,0,,,0,,,,,
1110317243,B0057,2021-12-03 00:00:00,EVERRIDGE DRIVE,EVEROAK DRIVE/EVERRIDGE ROAD,EVERRIDGE DRIVE & EVEROAK DRIVE/EVERRIDGE ROAD,SW,Pedestrian RRFB,Yes,No,No,50.91100238034904,-114.11318145855786,0,,,0,,,,,
1110310148,B0054,2023-09-21 00:00:00,SIROCCO DRIVE,SIGNAL HILL HEIGHTS,SIROCCO DRIVE & SIGNAL HILL HEIGHTS,SW,Pedestrian RRFB,Yes,No,No,51.03270154734778,-114.16723049729586,0,,,0,,,,,
1110309603,B0052,2022-02-07 00:00:00,CRANFORD DRIVE,CRANFORD STREET,CRANFORD DRIVE & CRANFORD STREET,SE,Pedestrian RRFB,Yes,No,No,50.87727253838379,-113.97031208158931,0,,,0,,,,,
1110309379,B0011,2021-12-16 00:00:00,24 AVENUE,20 STREET,24 AVENUE & 20 STREET,NW,Pedestrian RRFB,Yes,No,No,51.07428411337899,-114.1080254826774,0,,,0,,,,,
1110307067,1247,2022-08-30 00:00:00,34 AVENUE,69 STREET,34 AVENUE & 69 STREET,NW,Traffic signal,Yes,Yes,Yes,51.083784690383055,-114.18764765831013,0,,,0,,,,,
1110302518,B0051,2022-09-10 00:00:00,AUBURN SPRINGS BOULEVARD,AUBURN CREST PARK,AUBURN SPRINGS BOULEVARD & AUBURN CREST PARK,SE,Pedestrian RRFB,Yes,No,No,50.8880423386752,-113.94861308848697,0,,,0,,,,,
1109000753,B2641,1968-11-01 00:00:00,66 AVENUE,LEGARE DRIVE,66 AVENUE & LEGARE DRIVE,SW,Overhead Flasher,Yes,No,No,50.99453643404854,-114.12662289967597,0,,,0,,,,,
1110175292,1217,2024-12-12 00:00:00,EVANSTON DRIVE,SYMONS VALLEY PARKWAY,EVANSTON DRIVE & SYMONS VALLEY PARKWAY,NW,Traffic signal T intersection,Yes,Yes,Yes,51.178268536200505,-114.10520301041292,0,,,0,,,,,
1109000795,B2626,1969-02-01 00:00:00,RICHMOND ROAD,22 STREET,RICHMOND ROAD & 22 STREET,SW,Overhead Flasher,Yes,No,No,51.03126049003806,-114.11366702779068,0,,,0,,,,,
1110038956,B2853,2017-07-04 00:00:00,SUNPARK DRIVE,SUNPARK PLAZA,SUNPARK DRIVE & SUNPARK PLAZA,SE,Pedestrian RRFB,Yes,No,No,50.90109134340901,-114.05514364910312,0,,,0,,,,,
1110025851,1069,2023-05-18 00:00:00,GREENBRIAR PLACE,GREENBRIAR WAY,GREENBRIAR PLACE & GREENBRIAR WAY,NW,Traffic signal,Yes,Yes,Yes,51.087878178995794,-114.21782439226664,0,,,0,,,,,
1110025848,0059,2024-09-26 00:00:00,NA'A DRIVE,MEDICINE HILLS TOWN CENTRE,NA'A DRIVE & MEDICINE HILLS TOWN CENTRE,SW,Traffic signal,Yes,Yes,Yes,51.08010512744877,-114.1956514839075,0,,,0,,,,,
1110025846,0646,2022-06-15 00:00:00,BOWFORT ROAD/GREENBRIAR BOULEVARD,GREENBRIAR WAY,BOWFORT ROAD/GREENBRIAR BOULEVARD & GREENBRIAR WAY,NW,Traffic signal T intersection,Yes,Yes,Yes,51.08628783288061,-114.2176146639789,0,,,0,,,,,
1109000808,B2676,1982-10-01 00:00:00,WOODPARK BOULEVARD,WOODGREEN DRIVE,WOODPARK BOULEVARD & WOODGREEN DRIVE,SW,Overhead Flasher,Yes,No,No,50.93858865507169,-114.10914404649348,0,,,0,,,,,
1110354935,1300,2026-07-07 00:00:00,UNIVERSITY AVENUE,SMITH STREET,UNIVERSITY AVENUE & SMITH STREET,NW,Traffic signal,Yes,Yes,Yes,51.07700932603996,-114.14930916095857,0,,,0,,,,,
1109001302,B2558,1967-11-01 00:00:00,CENTRE STREET,36 AVENUE,CENTRE STREET & 36 AVENUE,N,Overhead Flasher,Yes,No,No,51.084976663509245,-114.0624443666484,0,,,0,,,,,
1109001322,B2653,1969-01-01 00:00:00,FAIRMOUNT DRIVE,78 AVENUE,FAIRMOUNT DRIVE & 78 AVENUE,SE,Overhead Flasher,Yes,No,No,50.98396885526624,-114.06050003093983,0,,,0,,,,,
1110343006,B0066,2023-05-11 00:00:00,EVERBROOK DRIVE,FISH CREEK BOULEVARD,EVERBROOK DRIVE & FISH CREEK BOULEVARD,SW,Overhead Flasher,Yes,No,No,50.91826239728482,-114.11010953124664,0,,,0,,,,,
1110340152,B2759,2020-12-22 00:00:00,LAKE ASPEN ROAD,LAKE FRASER DRIVE,LAKE ASPEN ROAD & LAKE FRASER DRIVE,SE,Pedestrian RRFB,Yes,No,No,50.94636084137463,-114.06845317113084,0,,,0,,,,,
1109000622,B2687,1999-06-10 00:00:00,VARSITY ESTATES DRIVE,VARSITY ESTATES ROAD,VARSITY ESTATES DRIVE & VARSITY ESTATES ROAD,NW,Overhead Flasher,Yes,No,No,51.10335864308217,-114.16571814637432,0,,,0,,,,,
1109000618,B2512,1977-01-01 00:00:00,DALHOUSIE DRIVE,66 AVENUE,DALHOUSIE DRIVE & 66 AVENUE,NW,Overhead Flasher,Yes,No,No,51.11236396238165,-114.16733559307728,0,,,0,,,,,
1110328963,0974,2023-08-09 00:00:00,6635,106 AVENUE,6635 & 106 AVENUE,SE,Traffic signal,Yes,Yes,Yes,50.963080136071305,-113.9401249574022,0,,,0,,,,,
1109641388,B2764,2012-04-18 00:00:00,QUARRY PARK BOULEVARD,QUARRY GATE,QUARRY PARK BOULEVARD & QUARRY GATE,SE,Pedestrian RRFB,Yes,No,No,50.96104795966275,-114.0174420648808,0,,,0,,,,,
1110173060,B2697,2019-03-27 00:00:00,CRANSTON GATE,CRANSTON ROUNDABOUT,CRANSTON GATE & CRANSTON ROUNDABOUT,SE,Pedestrian RRFB,Yes,No,No,50.86813717835383,-113.96919392428094,0,,,0,,,,,
1110173059,B2719,2019-03-27 00:00:00,CRANFORD WAY,CRANSTON ROUNDABOUT,CRANFORD WAY & CRANSTON ROUNDABOUT,SE,Pedestrian RRFB,Yes,No,No,50.86882438218152,-113.96923357171512,0,,,0,,,,,
1110163881,B0060,2022-01-03 00:00:00,9 AVENUE,81 STREET,9 AVENUE & 81 STREET,SW,Pedestrian RRFB,Yes,No,No,51.05964212379531,-114.20510851800128,0,,,0,,,,,
1110123173,B2744,2018-01-05 00:00:00,MISSION ROAD,30 AVE & 34 AVE,MISSION ROAD & 30 AVE & 34 AVE,SW,Pedestrian RRFB,Yes,No,No,51.024517287818135,-114.0694912532837,0,,,0,,,,,
1110119671,0765,2018-08-17 00:00:00,TUSCANY VALLEY PARK,TUSCANY WAY,TUSCANY VALLEY PARK & TUSCANY WAY,NW,Fire signal,Yes,No,No,51.126861764947066,-114.2483310544754,0,,,0,,,,,
1109000832,B2706,2001-08-14 00:00:00,SANDARAC DRIVE,SANDALWOOD GATE,SANDARAC DRIVE & SANDALWOOD GATE,NW,Overhead Flasher,Yes,No,No,51.13986975072724,-114.10430257275624,0,,,0,,,,,
1109000837,B2583,1986-10-01 00:00:00,1726,14 AVENUE,1726 & 14 AVENUE,NW,Overhead Flasher,Yes,No,No,51.06518273375245,-114.102527607352,0,,,0,,,,,
1109000836,B2669,1980-09-01 00:00:00,BRAESIDE DRIVE,107 AVENUE,BRAESIDE DRIVE & 107 AVENUE,SW,Overhead Flasher,Yes,No,No,50.95708640958336,-114.10302414144606,0,,,0,,,,,
1110106064,0009,2022-12-21 00:00:00,FOOTHILLS HOSPITAL DRIVE,HELIPORT ROAD,FOOTHILLS HOSPITAL DRIVE & HELIPORT ROAD,NW,Traffic signal,Yes,Yes,Yes,51.066553911076944,-114.13240822284308,0,,,0,,,,,
1110038972,B2864,2017-08-09 00:00:00,RIVERBEND DRIVE,RIVERVALLEY DRIVE,RIVERBEND DRIVE & RIVERVALLEY DRIVE,SE,Pedestrian RRFB,Yes,No,No,50.97330625923899,-114.02039944646748,0,,,0,,,,,
1110046505,B2882,2017-05-24 00:00:00,TUSCANY RIDGE HEIGHTS,TUSCANY WAY,TUSCANY RIDGE HEIGHTS & TUSCANY WAY,NW,Pedestrian RRFB,Yes,No,No,51.13063823209636,-114.25148501073372,0,,,0,,,,,
1110046502,B2879,2017-06-14 00:00:00,MILLCREST ROAD,MILLRISE DRIVE,MILLCREST ROAD & MILLRISE DRIVE,SW,Pedestrian RRFB,Yes,No,No,50.91778908066698,-114.08729003890586,0,,,0,,,,,
1110046500,B2877,2017-07-12 00:00:00,WOODBINE BOULEVARD,WOODFIELD WAY/WOODMONT DRIVE,WOODBINE BOULEVARD & WOODFIELD WAY/WOODMONT DRIVE,SW,Pedestrian RRFB,Yes,No,No,50.9386661115449,-114.12835808849064,0,,,0,,,,,
1110046494,B2716,2018-12-10 00:00:00,HARVEST HILLS DRIVE,HARVEST HILLS WAY,HARVEST HILLS DRIVE & HARVEST HILLS WAY,NE,Pedestrian RRFB,Yes,No,No,51.15002533964003,-114.04538069348276,0,,,0,,,,,
1110098966,B2917,2018-12-03 00:00:00,MORLEY TRAIL,28 AVENUE,MORLEY TRAIL & 28 AVENUE,NW,Pedestrian RRFB,Yes,No,No,51.07873057175012,-114.11431421607698,0,,,0,,,,,
1110372320,B0080,2022-10-15 00:00:00,16 AVENUE,BOWNESS ROAD,16 AVENUE & BOWNESS ROAD,NW,Pedestrian RRFB,Yes,No,No,51.06453591305639,-114.15198468166086,0,,,0,,,,,
1110368346,B0076,2023-07-21 00:00:00,90 AVENUE,OAKSIDE GATE,90 AVENUE & OAKSIDE GATE,SW,Overhead Flasher,Yes,No,No,50.97390870306535,-114.12576459391852,0,,,0,,,,,
1109277398,1024,2009-12-31 00:00:00,QUARRY PARK BOULEVARD,QUARRY MARKET,QUARRY PARK BOULEVARD & QUARRY MARKET,SE,Traffic signal,Yes,No,No,50.96344630450466,-114.00983363909796,0,,,0,,,,,
1109000602,0068,1982-01-01 00:00:00,RANCHLANDS BOULEVARD,RANCHVIEW DRIVE,RANCHLANDS BOULEVARD & RANCHVIEW DRIVE,NW,Traffic signal,Yes,Yes,No,51.120069648889874,-114.1784333901602,0,,,0,,,,,
1110357954,B0068,2023-05-11 00:00:00,EVERGREEN GATE,FISH CREEK BOULEVARD,EVERGREEN GATE & FISH CREEK BOULEVARD,SW,Overhead Flasher,Yes,No,No,50.91762413037644,-114.10775788689612,0,,,0,,,,,
1110355736,1259,2022-12-13 00:00:00,COUNTRY HILLS BOULEVARD,ROYAL OAK CENTRE,COUNTRY HILLS BOULEVARD & ROYAL OAK CENTRE,NW,Traffic signal T intersection,Yes,Yes,Yes,51.15358564024981,-114.21804519455216,0,,,0,,,,,
1109001453,B2590,1982-07-05 00:00:00,8 AVENUE,17A STREET,8 AVENUE & 17A STREET,NE,Overhead Flasher,Yes,No,No,51.05975795532052,-114.017589043745,0,,,0,,,,,
1109001946,1029,2011-08-30 00:00:00,QUARRY PARK BOULEVARD,QUARRY PARK ROAD,QUARRY PARK BOULEVARD & QUARRY PARK ROAD,SE,Traffic signal,Yes,No,No,50.96342154837336,-114.00720650293628,0,,,0,,,,,
1109001510,B2594,1979-12-11 00:00:00,MADIGAN DRIVE,4 AVENUE,MADIGAN DRIVE & 4 AVENUE,NE,Overhead Flasher,Yes,No,No,51.05576236232253,-113.94183134658158,0,,,0,,,,,
1109001406,B2681,1982-01-01 00:00:00,MIDLAKE BOULEVARD,MIDRIDGE DRIVE,MIDLAKE BOULEVARD & MIDRIDGE DRIVE,SE,Overhead Flasher,Yes,No,No,50.914437351095984,-114.0510643199878,0,,,0,,,,,
1109001426,B2679,1982-04-01 00:00:00,PARKLAND BOULEVARD,PARKLAND WAY,PARKLAND BOULEVARD & PARKLAND WAY,SE,Overhead Flasher,Yes,No,No,50.92575322191974,-114.03016957229414,0,,,0,,,,,
1109001439,B2680,1982-04-01 00:00:00,PARKLAND BOULEVARD,PARK VALLEY DRIVE,PARKLAND BOULEVARD & PARK VALLEY DRIVE,SE,Overhead Flasher,Yes,No,No,50.91922760755793,-114.02569957169682,0,,,0,,,,,
1109001435,0734,1998-06-01 00:00:00,DEER RIDGE DRIVE,DEER VALLEY MALL ENTRANCE,DEER RIDGE DRIVE & DEER VALLEY MALL ENTRANCE,SE,Traffic signal,Yes,Yes,No,50.9300827706267,-114.0271830503995,0,,,0,,,,,
1109001465,B2644,1987-01-01 00:00:00,66 AVENUE,19 STREET,66 AVENUE & 19 STREET,SE,Overhead Flasher,Yes,No,No,50.99412425301349,-114.0135328555476,0,,,0,,,,,
1109001462,B2643,1980-09-01 00:00:00,18 STREET,69 AVENUE,18 STREET & 69 AVENUE,SE,Overhead Flasher,Yes,No,No,50.990950604621545,-114.01549762389334,0,,,0,,,,,
1110392437,B0125,2024-11-26 00:00:00,148 AVENUE,CARRINGFORD CLOSE,148 AVENUE & CARRINGFORD CLOSE,NW,Pedestrian RRFB,Yes,No,No,51.18574665404445,-114.08442501638984,0,,,0,,,,,
1110380695,B0081,2023-04-27 00:00:00,130,GREENBRIAR DRIVE,130 & GREENBRIAR DRIVE,NW,Pedestrian RRFB,Yes,No,No,51.088796453057945,-114.22119247817274,0,,,0,,,,,
1110372416,1500,2023-11-20 00:00:00,EAST HILLS FIRE ACCESS,84 STREET,EAST HILLS FIRE ACCESS & 84 STREET,SE,Fire signal,No,No,No,51.041706904274434,-113.90945836578877,0,,,0,,,,,
1110080035,B2610,2017-10-19 00:00:00,ZOO ROAD,ZOO ENTRANCE,ZOO ROAD & ZOO ENTRANCE,NE,Overhead Flasher,Yes,No,No,51.04586697212162,-114.03534435026216,0,,,0,,,,,
1110078125,B2601,2017-12-28 00:00:00,CHAPALA DRIVE,CHAPARRAL DRIVE,CHAPALA DRIVE & CHAPARRAL DRIVE,SE,Pedestrian RRFB,Yes,No,No,50.88529470752629,-114.03007836081515,0,,,0,,,,,
1110068402,B2916,2017-09-10 00:00:00,HAWKMOUNT GREEN,HAWKSTONE DRIVE,HAWKMOUNT GREEN & HAWKSTONE DRIVE,NW,Pedestrian RRFB,Yes,No,No,51.13498468467771,-114.1783897409949,0,,,0,,,,,
1110067646,B2914,2017-10-28 00:00:00,SANDSTONE DRIVE,SANDSTONE HILL,SANDSTONE DRIVE & SANDSTONE HILL,NW,Pedestrian RRFB,Yes,No,No,51.13449025222606,-114.0901151949638,0,,,0,,,,,
1110067627,B2911,2017-12-18 00:00:00,KINCORA GLEN GREEN,KINCORA GLEN ROAD,KINCORA GLEN GREEN & KINCORA GLEN ROAD,NW,Pedestrian RRFB,Yes,No,No,51.16505867357774,-114.13545800152512,0,,,0,,,,,
1110067623,B2908,2017-12-19 00:00:00,CASTLERIDGE DRIVE,54 STREET,CASTLERIDGE DRIVE & 54 STREET,NE,Pedestrian RRFB,Yes,No,No,51.10812980407506,-113.9559512166808,0,,,0,,,,,
1110067620,B2588,2017-12-15 00:00:00,44 AVENUE,16 STREET,44 AVENUE & 16 STREET,SW,Pedestrian RRFB,Yes,No,No,51.01423916707007,-114.10047652086112,0,,,0,,,,,
1110063883,1165,2018-07-26 00:00:00,UNIVERSITY AVENUE,39 STREET,UNIVERSITY AVENUE & 39 STREET,NW,Traffic signal T intersection,Yes,Yes,Yes,51.07840613044379,-114.14482554573412,0,,,0,,,,,
1109000883,0732,1976-01-01 00:00:00,LAKE BONAVISTA DRIVE,ACADIA DRIVE,LAKE BONAVISTA DRIVE & ACADIA DRIVE,SE,Traffic signal,Yes,Yes,Yes,50.942065303751775,-114.04453738848028,0,,,0,,,,,
1109000882,0844,2004-09-24 00:00:00,11 STREET,SOUTH IKEA ENTRANCE,11 STREET & SOUTH IKEA ENTRANCE,SE,Traffic signal T intersection,Yes,No,No,50.97989452525437,-114.04485838395853,0,,,0,,,,,
1109000879,B2650,1970-11-13 00:00:00,23 AVENUE,SPILLER ROAD,23 AVENUE & SPILLER ROAD,SE,Overhead Flasher,Yes,No,No,51.03296110988982,-114.04528027733458,0,,,0,,,,,
1109001823,1517,2011-07-27 00:00:00,114 AVENUE,84 STREET,114 AVENUE & 84 STREET,SE,Traffic signal,Yes,Yes,No,50.95055400707578,-113.9119533924169,0,,,0,,,,,
1109001818,B2572,1979-10-01 00:00:00,RUNDLEHORN DRIVE,61 STREET,RUNDLEHORN DRIVE & 61 STREET,NE,Overhead Flasher,Yes,No,No,51.0709293306176,-113.94458045951993,0,,,0,,,,,
1109001817,B2582,1980-09-01 00:00:00,MADIGAN DRIVE,MADEIRA DRIVE,MADIGAN DRIVE & MADEIRA DRIVE,NE,Overhead Flasher,Yes,No,No,51.06327091008607,-113.94630156281832,0,,,0,,,,,
1109001812,B2571,1979-10-01 00:00:00,RUNDLEHORN DRIVE,59 STREET/PINEPOINT DRIVE,RUNDLEHORN DRIVE & 59 STREET/PINEPOINT DRIVE,NE,Overhead Flasher,Yes,No,No,51.07155092429869,-113.94740495314376,0,,,0,,,,,
1109001506,B2540,1987-09-01 00:00:00,TEMPLE DRIVE,64 STREET,TEMPLE DRIVE & 64 STREET,NE,Overhead Flasher,Yes,No,No,51.085003396355965,-113.94107903624906,0,,,0,,,,,
1109001550,1087,2021-01-28 00:00:00,25,HERITAGE MEADOWS WAY,25 & HERITAGE MEADOWS WAY,SE,Traffic signal,Yes,Yes,Yes,50.98584881184448,-114.04397908557442,0,,,0,,,,,
1109001930,1294,2025-02-06 00:00:00,194 AVENUE,SHERIFF KING STREET,194 AVENUE & SHERIFF KING STREET,SW,Traffic signal T intersection,Yes,Yes,Yes,50.87761890356092,-114.07353097838352,0,,,0,,,,,
1110406350,1290,2024-08-21 00:00:00,223,CASTLERIDGE BOULEVARD,223 & CASTLERIDGE BOULEVARD,NE,1/2 signal,Yes,Yes,Yes,51.10349742555191,-113.969032089208,0,,,0,,,,,
1110403686,B0095,2026-04-09 00:00:00,1 AVENUE,6A STREET,1 AVENUE & 6A STREET,NE,Pedestrian RRFB,Yes,No,No,51.05326463606972,-114.04701444532154,0,,,0,,,,,
1110433911,B0120,2025-07-30 00:00:00,BRAESIDE DRIVE,BRANIFF ROAD,BRAESIDE DRIVE & BRANIFF ROAD,SW,Pedestrian RRFB,Yes,No,No,50.95451190736931,-114.1031017763071,0,,,0,,,,,
1110433910,B0119,2024-09-06 00:00:00,5004,MARYVALE DRIVE,5004 & MARYVALE DRIVE,NE,Pedestrian RRFB,Yes,No,No,51.05672604449121,-113.9655621708188,0,,,0,,,,,
1110433909,B0118,2024-10-04 00:00:00,16 AVENUE,ROBSON CRESCENT,16 AVENUE & ROBSON CRESCENT,SE,Pedestrian RRFB,Yes,No,No,51.03935134415904,-113.99097366528044,0,,,0,,,,,
1110433906,B0116,2024-09-03 00:00:00,38 AVENUE,20 STREET,38 AVENUE & 20 STREET,SW,Pedestrian RRFB,Yes,No,No,51.01963407547358,-114.10921270063348,0,,,0,,,,,
1110433905,B0115,2024-09-03 00:00:00,WENTWORTH DRIVE,WENTWORTH ROAD,WENTWORTH DRIVE & WENTWORTH ROAD,SW,Pedestrian RRFB,Yes,No,No,51.05638824502208,-114.20737141616938,0,,,0,,,,,
1110433901,B0112,2024-11-08 00:00:00,PANAMOUNT BOULEVARD,PANAMOUNT STREET,PANAMOUNT BOULEVARD & PANAMOUNT STREET,NW,Pedestrian RRFB,Yes,No,No,51.15672441435306,-114.08650371512589,0,,,0,,,,,
1110433899,B0111,2024-12-20 00:00:00,HIDDEN GREEN/HIDDEN PARK,HIDDEN VALLEY DRIVE,HIDDEN GREEN/HIDDEN PARK & HIDDEN VALLEY DRIVE,NW,Pedestrian RRFB,Yes,No,No,51.14679073250196,-114.11523168781063,0,,,0,,,,,
1110433898,B0110,2024-10-04 00:00:00,TUSCANY DRIVE,TUSCANY GLEN ROAD,TUSCANY DRIVE & TUSCANY GLEN ROAD,NW,Pedestrian RRFB,Yes,No,No,51.11841186082779,-114.24887926315776,0,,,0,,,,,
1110433850,B0109,2024-04-02 00:00:00,MIDLAKE BOULEVARD,6 STREET,MIDLAKE BOULEVARD & 6 STREET,SE,Pedestrian RRFB,Yes,No,No,50.91191569368258,-114.04782189122946,0,,,0,,,,,
1110406532,B0087,2024-05-24 00:00:00,MAHOGANY BOULEVARD,MAHOGANY GROVE/MAHOGANY MANOR,MAHOGANY BOULEVARD & MAHOGANY GROVE/MAHOGANY MANOR,SE,Overhead Flasher,,,No,50.902685149098666,-113.93039604132362,0,,,0,,,,,
1109000877,0501,1983-01-01 00:00:00,25 AVENUE,MANCHESTER YARD,25 AVENUE & MANCHESTER YARD,SE,Traffic signal,Yes,No,No,51.02910401045873,-114.0466025038817,0,,,0,,,,,
1109000876,B2666,1971-05-05 00:00:00,MAPLETON DRIVE,ACADIA DRIVE,MAPLETON DRIVE & ACADIA DRIVE,SE,Overhead Flasher,Yes,No,No,50.96112938199161,-114.0468073500316,0,,,0,,,,,
1109000874,0797,2003-11-27 00:00:00,SUN VALLEY BOULEVARD,SUNMILLS DRIVE,SUN VALLEY BOULEVARD & SUNMILLS DRIVE,SE,Traffic signal T intersection,Yes,No,No,50.904250163358434,-114.03015296292098,0,,,0,,,,,
1109000872,B2683,1993-09-01 00:00:00,SUNMILLS DRIVE,SUNVALE DRIVE,SUNMILLS DRIVE & SUNVALE DRIVE,SE,Overhead Flasher,Yes,No,No,50.89992838733023,-114.04742574888628,0,,,0,,,,,
1110061949,B2904,2017-08-17 00:00:00,16198,McKENZIE LAKE WAY,16198 & McKENZIE LAKE WAY,SE,Pedestrian RRFB,Yes,No,No,50.90692655203195,-113.98384037882846,0,,,0,,,,,
1110061947,B2902,2017-07-13 00:00:00,30 AVENUE,51 STREET,30 AVENUE & 51 STREET,SW,Pedestrian RRFB,Yes,No,No,51.027028498195975,-114.1609674522764,0,,,0,,,,,
1110061945,B2900,2017-12-19 00:00:00,COVENTRY HILLS WAY,COVETTE BAY,COVENTRY HILLS WAY & COVETTE BAY,NE,Pedestrian RRFB,Yes,No,No,51.16519890628919,-114.0445316945572,0,,,0,,,,,
1110061922,B2672,2017-09-29 00:00:00,EDGELAND RISE/EDGEPARK RISE,EDGEPARK BOULEVARD,EDGELAND RISE/EDGEPARK RISE & EDGEPARK BOULEVARD,NW,Pedestrian RRFB,Yes,No,No,51.13253965685746,-114.15818024158332,0,,,0,,,,,
1110058813,B2893,2017-12-15 00:00:00,CHAPALINA CLOSE,CHAPARRAL DRIVE,CHAPALINA CLOSE & CHAPARRAL DRIVE,SE,Pedestrian RRFB,Yes,No,No,50.88295444765874,-114.04377287016268,0,,,0,,,,,
1110058809,B2891,2017-08-16 00:00:00,COPPERFIELD BOULEVARD,COPPERLEAF LINK,COPPERFIELD BOULEVARD & COPPERLEAF LINK,SE,Pedestrian RRFB,Yes,No,No,50.911090012301344,-113.93378290089296,0,,,0,,,,,
1110626604,B0232,2026-08-26 00:00:00,SILVERADO DRIVE,SILVERADO SADDLE AVENUE,SILVERADO DRIVE & SILVERADO SADDLE AVENUE,SW,Pedestrian RRFB,Yes,No,No,50.88319724424668,-114.07795309266048,0,,,0,,,,,
1109000552,0973,2009-06-11 00:00:00,SCENIC ACRES PARADE,CROWFOOT PARADE,SCENIC ACRES PARADE & CROWFOOT PARADE,NW,Traffic signal,Yes,Yes,No,51.12222596590082,-114.21055539541962,0,,,0,,,,,
1110515712,B0172,2025-10-27 00:00:00,AUBURN BAY AVENUE,AUBURN BAY BV/AUBURN GLEN MR,AUBURN BAY AVENUE & AUBURN BAY BV/AUBURN GLEN MR,SE,Pedestrian RRFB,Yes,No,No,50.89756701751588,-113.96176765490442,0,,,0,,,,,
1109000528,0868,2007-05-07 00:00:00,5029,NOSE HILL DRIVE,5029 & NOSE HILL DRIVE,NW,Traffic signal T intersection,Yes,No,No,51.10708626185194,-114.23981309677168,0,,,0,,,,,
1110515732,B0175,2026-02-24 00:00:00,SUNCREST WAY,SUN VALLEY BOULEVARD,SUNCREST WAY & SUN VALLEY BOULEVARD,SE,Pedestrian RRFB,Yes,No,No,50.905784758525165,-114.03574391363412,0,,,0,,,,,
1110514583,B0146-TEMP,2024-10-30 00:00:00,801,144 AVENUE,801 & 144 AVENUE,NW,Pedestrian RRFB,Yes,No,No,51.183344999470506,-114.08285223154938,0,,,0,,,,,
1110504793,1264,2024-12-18 00:00:00,80 AVENUE,STONEY TRAIL,80 AVENUE & STONEY TRAIL,NE,Traffic signal,,No,No,51.12520576882304,-113.91762312672928,0,,,0,,,,,
1109000571,0111,1997-12-01 00:00:00,CROWFOOT CRESCENT,100 CROWFOOT GATE,CROWFOOT CRESCENT & 100 CROWFOOT GATE,NW,Traffic signal,Yes,No,No,51.12792884800441,-114.19816440773434,0,,,0,,,,,
1109000567,0063,1992-11-24 00:00:00,CROWFOOT CRESCENT,CROWFOOT WAY,CROWFOOT CRESCENT & CROWFOOT WAY,NW,Traffic signal,Yes,No,No,51.124897570167015,-114.20016989229406,0,,,0,,,,,
1109000559,B2516,1994-10-01 00:00:00,8119,SILVER SPRINGS ROAD,8119 & SILVER SPRINGS ROAD,NW,Overhead Flasher,Yes,No,No,51.109196507991264,-114.20332522459957,0,,,0,,,,,
1110482669,B0135,2026-07-22 00:00:00,EVANSPARK MANOR,EVANSTON DRIVE,EVANSPARK MANOR & EVANSTON DRIVE,NW,Pedestrian RRFB,,No,No,51.17391996886813,-114.11219111311812,0,,,0,,,,,
1109001661,0867,2007-10-19 00:00:00,2929,SUNRIDGE WAY,2929 & SUNRIDGE WAY,NE,Traffic signal,Yes,No,No,51.06921048876082,-113.9948463535843,0,,,0,,,,,
1109001784,0549,1987-05-06 00:00:00,ERIN WOODS DRIVE,52 STREET,ERIN WOODS DRIVE & 52 STREET,SE,Traffic signal T intersection,Yes,Yes,No,51.024098487582826,-113.95841209895642,0,,,0,,,,,
