"Longitude (x)","Latitude (y)","Station Name","Climate ID","Date/Time (LST)","Year","Month","Day","Time (LST)","Flag","Temp (°C)","Temp Flag","Dew Point Temp (°C)","Dew Point Temp Flag","Rel Hum (%)","Rel Hum Flag","Precip. Amount (mm)","Precip. Amount Flag","Wind Dir (10s deg)","Wind Dir Flag","Wind Spd (km/h)","Wind Spd Flag","Visibility (km)","Visibility Flag","Stn Press (kPa)","Stn Press Flag","Hmdx","Hmdx Flag","Wind Chill","Wind Chill Flag","Weather"
"-114.01","51.12","CALGARY INTL A","3031092","2026-09-01 00:00","2026","09","01","00:00","","13.4","","6.1","","61","","","","32","","4","","24.1","","88.75","","","","","","NA"
"-114.01","51.12","CALGARY INTL A","3031092","2026-09-01 01:00","2026","09","01","01:00","","11.2","","5.6","","68","","","","33","","5","","24.1","","88.73","","","","","","NA"
"-114.01","51.12","CALGARY INTL A","3031092","2026-09-01 02:00","2026","09","01","02:00","","8.3","","5.0","","80","","","","35","","7","","24.1","","88.71","","","","","","Clear"
"-114.01","51.12","CALGARY INTL A","3031092","2026-09-01 03:00","2026","09","01","03:00","","9.6","","5.3","","74","","","","21","","4","","24.1","","88.68","","","","","","NA"
"-114.01","51.12","CALGARY INTL A","3031092","2026-09-01 04:00","2026","09","01","04:00","","8.8","","4.9","","77","","","","5","","5","","24.1","","88.69","","","","","","NA"
"-114.01","51.12","CALGARY INTL A","3031092","2026-09-01 05:00","2026","09","01","05:00","","8.7","","5.3","","79","","","","19","","10","","24.1","","88.69","","","","","","Mostly Cloudy"
"-114.01","51.12","CALGARY INTL A","3031092","2026-09-01 06:00","2026","09","01","06:00","","9.9","","5.3","","73","","","","28","","4","","48.3","","88.68","","","","","","NA"
"-114.01","51.12","CALGARY INTL A","3031092","2026-09-01 07:00","2026","09","01","07:00","","10.2","","5.6","","73","","","","","","0","","64.4","","88.69","","","","","","NA"
"-114.01","51.12","CALGARY INTL A","3031092","2026-09-01 08:00","2026","09","01","08:00","","13.5","","6.5","","62","","","","","","0","","64.4","","88.69","","","","","","Mostly Cloudy"
"-114.01","51.12","CALGARY INTL A","3031092","2026-09-01 09:00","2026","09","01","09:00","","16.8","","7.5","","54","","","","","","0","","64.4","","88.65","","","","","","NA"
"-114.01","51.12","CALGARY INTL A","3031092","2026-09-01 10:00","2026","09","01","10:00","","18.8","","6.8","","45","","","","17","","5","","64.4","","88.65","","","","","","NA"
"-114.01","51.12","CALGARY INTL A","3031092","2026-09-01 11:00","2026","09","01","11:00","","20.9","","7.2","","41","","","","","","0","","64.4","","88.61","","","","","","Mostly Cloudy"
"-114.01","51.12","CALGARY INTL A","3031092","2026-09-01 12:00","2026","09","01","12:00","","21.5","","8.2","","42","","","","18","","9","","64.4","","88.55","","","","","","NA"
"-114.01","51.12","CALGARY INTL A","3031092","2026-09-01 13:00","2026","09","01","13:00","","24.2","","7.0","","33","","","","20","","16","","64.4","","88.50","","","","","","NA"
"-114.01","51.12","CALGARY INTL A","3031092","2026-09-01 14:00","2026","09","01","14:00","","24.8","","6.8","","31","","","","17","","18","","48.3","","88.47","","25","","","","Mostly Cloudy"
"-114.01","51.12","CALGARY INTL A","3031092","2026-09-01 15:00","2026","09","01","15:00","","25.0","","4.7","","27","","","","16","","16","","48.3","","88.41","","","","","","NA"
"-114.01","51.12","CALGARY INTL A","3031092","2026-09-01 16:00","2026","09","01","16:00","","24.6","","5.2","","28","","","","16","","18","","48.3","","88.37","","","","","","NA"
"-114.01","51.12","CALGARY INTL A","3031092","2026-09-01 17:00","2026","09","01","17:00","","25.6","","6.1","","28","","","","15","","16","","48.3","","88.34","","25","","","","Mostly Cloudy"
"-114.01","51.12","CALGARY INTL A","3031092","2026-09-01 18:00","2026","09","01","18:00","","23.9","","5.9","","31","","","","17","","15","","48.3","","88.32","","","","","","NA"
"-114.01","51.12","CALGARY INTL A","3031092","2026-09-01 19:00","2026","09","01","19:00","","23.0","","6.9","","35","","","","14","","13","","32.2","","88.31","","","","","","NA"
"-114.01","51.12","CALGARY INTL A","3031092","2026-09-01 20:00","2026","09","01","20:00","","21.7","","6.3","","36","","","","14","","16","","24.1","","88.32","","","","","","Mostly Cloudy"
"-114.01","51.12","CALGARY INTL A","3031092","2026-09-01 21:00","2026","09","01","21:00","","20.4","","6.6","","40","","","","15","","13","","24.1","","88.31","","","","","","NA"
"-114.01","51.12","CALGARY INTL A","3031092","2026-09-01 22:00","2026","09","01","22:00","","18.2","","6.8","","47","","","","16","","7","","24.1","","88.31","","","","","","NA"
"-114.01","51.12","CALGARY INTL A","3031092","2026-09-01 23:00","2026","09","01","23:00","","17.5","","6.1","","47","","","","18","","7","","24.1","","88.28","","","","","","Mostly Cloudy"
"-114.01","51.12","CALGARY INTL A","3031092","2026-09-02 00:00","2026","09","02","00:00","","15.4","","7.2","","58","","","","","","0","","24.1","","88.26","","","","","","NA"
"-114.01","51.12","CALGARY INTL A","3031092","2026-09-02 01:00","2026","09","02","01:00","","14.6","","7.6","","63","","","","30","","4","","24.1","","88.22","","","","","","NA"
"-114.01","51.12","CALGARY INTL A","3031092","2026-09-02 02:00","2026","09","02","02:00","","14.3","","7.6","","64","","","","18","","5","","24.1","","88.21","","","","","","Mostly Cloudy"
"-114.01","51.12","CALGARY INTL A","3031092","2026-09-02 03:00","2026","09","02","03:00","","14.4","","7.7","","64","","","","23","","7","","24.1","","88.20","","","","","","NA"
"-114.01","51.12","CALGARY INTL A","3031092","2026-09-02 04:00","2026","09","02","04:00","","13.7","","8.0","","68","","","","20","","7","","24.1","","88.20","","","","","","NA"
"-114.01","51.12","CALGARY INTL A","3031092","2026-09-02 05:00","2026","09","02","05:00","","13.3","","8.3","","72","","","","25","","5","","24.1","","88.19","","","","","","Mostly Cloudy"
"-114.01","51.12","CALGARY INTL A","3031092","2026-09-02 06:00","2026","09","02","06:00","","13.6","","7.5","","67","","","","31","","7","","24.1","","88.16","","","","","","NA"
"-114.01","51.12","CALGARY INTL A","3031092","2026-09-02 07:00","2026","09","02","07:00","","15.1","","8.3","","64","","","","23","","5","","32.2","","88.20","","","","","","NA"
"-114.01","51.12","CALGARY INTL A","3031092","2026-09-02 08:00","2026","09","02","08:00","","15.5","","9.8","","69","","","","33","","7","","32.2","","88.22","","","","","","Cloudy"
"-114.01","51.12","CALGARY INTL A","3031092","2026-09-02 09:00","2026","09","02","09:00","","18.1","","7.5","","49","","","","32","","13","","32.2","","88.16","","","","","","NA"
"-114.01","51.12","CALGARY INTL A","3031092","2026-09-02 10:00","2026","09","02","10:00","","19.5","","7.2","","44","","","","31","","9","","24.1","","88.22","","","","","","NA"
"-114.01","51.12","CALGARY INTL A","3031092","2026-09-02 11:00","2026","09","02","11:00","","19.5","","8.1","","47","","","","2","","13","","32.2","","88.23","","","","","","Cloudy"
"-114.01","51.12","CALGARY INTL A","3031092","2026-09-02 12:00","2026","09","02","12:00","","20.9","","7.6","","42","","","","1","","7","","32.2","","88.22","","","","","","NA"
"-114.01","51.12","CALGARY INTL A","3031092","2026-09-02 13:00","2026","09","02","13:00"
"-114.01","51.12","CALGARY INTL A","3031092","2026-09-02 14:00","2026","09","02","14:00","","22.2","","6.6","","36","","","","7","","17","","24.1","","88.11","","","","","","Cloudy"
"-114.01","51.12","CALGARY INTL A","3031092","2026-09-02 15:00","2026","09","02","15:00","","22.5","","6.4","","35","","","","7","","25","","24.1","","88.06","","","","","","NA"
"-114.01","51.12","CALGARY INTL A","3031092","2026-09-02 16:00","2026","09","02","16:00","","23.3","","5.6","","31","","","","3","","25","","24.1","","87.98","","","","","","NA"
"-114.01","51.12","CALGARY INTL A","3031092","2026-09-02 17:00","2026","09","02","17:00","","23.7","","6.9","","33","","","","6","","13","","24.1","","87.95","","","","","","Cloudy"
"-114.01","51.12","CALGARY INTL A","3031092","2026-09-02 18:00","2026","09","02","18:00","","21.6","","6.3","","37","","","","7","","10","","24.1","","87.96","","","","","","NA"
"-114.01","51.12","CALGARY INTL A","3031092","2026-09-02 19:00","2026","09","02","19:00","","19.3","","8.6","","49","","","","15","","19","","14.5","","87.99","","","","","","NA"
"-114.01","51.12","CALGARY INTL A","3031092","2026-09-02 20:00","2026","09","02","20:00","","18.8","","8.7","","52","","","","21","","4","","19.3","","87.97","","","","","","Mostly Cloudy"
"-114.01","51.12","CALGARY INTL A","3031092","2026-09-02 21:00","2026","09","02","21:00","","18.2","","8.5","","53","","","","24","","8","","24.1","","87.87","","","","","","NA"
"-114.01","51.12","CALGARY INTL A","3031092","2026-09-02 22:00","2026","09","02","22:00","","16.3","","7.2","","55","","","","","","0","","24.1","","87.82","","","","","","NA"
"-114.01","51.12","CALGARY INTL A","3031092","2026-09-02 23:00","2026","09","02","23:00","","13.0","","7.6","","70","","","","2","","14","","24.1","","87.81","","","","","","Mainly Clear"
"-114.01","51.12","CALGARY INTL A","3031092","2026-09-03 00:00","2026","09","03","00:00","","13.2","","7.3","","67","","","","4","","13","","24.1","","87.81","","","","","","NA"
"-114.01","51.12","CALGARY INTL A","3031092","2026-09-03 01:00","2026","09","03","01:00","","15.5","","6.7","","55","","","","31","","26","","24.1","","87.78","","","","","","NA"
"-114.01","51.12","CALGARY INTL A","3031092","2026-09-03 02:00","2026","09","03","02:00","","16.7","","6.2","","50","","","","33","","15","","24.1","","87.81","","","","","","Mostly Cloudy"
"-114.01","51.12","CALGARY INTL A","3031092","2026-09-03 03:00","2026","09","03","03:00","","16.3","","6.4","","52","","","","34","","19","","24.1","","87.81","","","","","","NA"
"-114.01","51.12","CALGARY INTL A","3031092","2026-09-03 04:00","2026","09","03","04:00","","15.7","","6.1","","52","","","","31","","14","","24.1","","87.80","","","","","","NA"
"-114.01","51.12","CALGARY INTL A","3031092","2026-09-03 05:00","2026","09","03","05:00","","16.1","","6.4","","52","","","","32","","19","","24.1","","87.83","","","","","","Mostly Cloudy"
"-114.01","51.12","CALGARY INTL A","3031092","2026-09-03 06:00","2026","09","03","06:00","","15.2","","10.0","","70","","","","35","","17","","24.1","","87.87","","","","","","NA"
"-114.01","51.12","CALGARY INTL A","3031092","2026-09-03 07:00","2026","09","03","07:00","","15.8","","9.3","","65","","","","35","","13","","32.2","","87.87","","","","","","NA"
"-114.01","51.12","CALGARY INTL A","3031092","2026-09-03 08:00","2026","09","03","08:00","","15.9","","9.8","","67","","","","31","","18","","64.4","","87.89","","","","","","Cloudy"
"-114.01","51.12","CALGARY INTL A","3031092","2026-09-03 09:00","2026","09","03","09:00","","16.7","","9.9","","64","","","","31","","20","","64.4","","87.92","","","","","","NA"
"-114.01","51.12","CALGARY INTL A","3031092","2026-09-03 10:00","2026","09","03","10:00","","16.4","","9.7","","64","","","","32","","29","","48.3","","87.98","","","","","","NA"
"-114.01","51.12","CALGARY INTL A","3031092","2026-09-03 11:00","2026","09","03","11:00","","16.0","","6.1","","52","","","","29","","34","","48.3","","88.05","","","","","","Cloudy"
"-114.01","51.12","CALGARY INTL A","3031092","2026-09-03 12:00","2026","09","03","12:00","","12.6","","9.9","","83","","","","30","","13","","14.5","","88.11","","","","","","Moderate Rain"
"-114.01","51.12","CALGARY INTL A","3031092","2026-09-03 13:00","2026","09","03","13:00","","13.7","","10.9","","83","","","","35","","13","","32.2","","88.06","","","","","","NA"
"-114.01","51.12","CALGARY INTL A","3031092","2026-09-03 14:00","2026","09","03","14:00","","16.3","","10.3","","67","","","","1","","8","","32.2","","88.08","","","","","","Mostly Cloudy"
"-114.01","51.12","CALGARY INTL A","3031092","2026-09-03 15:00","2026","09","03","15:00","","16.8","","9.5","","62","","","","","","0","","32.2","","88.08","","","","","","NA"
"-114.01","51.12","CALGARY INTL A","3031092","2026-09-03 16:00","2026","09","03","16:00","","18.7","","9.4","","54","","","","20","","5","","32.2","","88.08","","","","","","NA"
"-114.01","51.12","CALGARY INTL A","3031092","2026-09-03 17:00","2026","09","03","17:00","","18.8","","9.0","","53","","","","12","","6","","32.2","","88.07","","","","","","Mostly Cloudy"
"-114.01","51.12","CALGARY INTL A","3031092","2026-09-03 18:00","2026","09","03","18:00","","18.2","","9.8","","58","","","","12","","12","","32.2","","88.09","","","","","","NA"
"-114.01","51.12","CALGARY INTL A","3031092","2026-09-03 19:00","2026","09","03","19:00","","16.1","","10.6","","69","","","","7","","9","","16.1","","88.11","","","","","","NA"
"-114.01","51.12","CALGARY INTL A","3031092","2026-09-03 20:00","2026","09","03","20:00","","16.3","","7.5","","56","","","","31","","18","","24.1","","88.19","","","","","","Mostly Cloudy"
"-114.01","51.12","CALGARY INTL A","3031092","2026-09-03 21:00","2026","09","03","21:00","","14.4","","3.6","","48","","","","29","","14","","24.1","","88.20","","","","","","NA"
"-114.01","51.12","CALGARY INTL A","3031092","2026-09-03 22:00","2026","09","03","22:00","","14.1","","2.6","","46","","","","28","","12","","24.1","","88.19","","","","","","NA"
"-114.01","51.12","CALGARY INTL A","3031092","2026-09-03 23:00","2026","09","03","23:00","","12.3","","3.8","","56","","","","16","","21","","24.1","","88.25","","","","","","Clear"
"-114.01","51.12","CALGARY INTL A","3031092","2026-09-04 00:00","2026","09","04","00:00","","10.1","","3.6","","64","","","","20","","13","","24.1","","88.31","","","","","","NA"
"-114.01","51.12","CALGARY INTL A","3031092","2026-09-04 01:00","2026","09","04","01:00","","9.7","","3.7","","66","","","","22","","7","","24.1","","88.34","","","","","","NA"
"-114.01","51.12","CALGARY INTL A","3031092","2026-09-04 02:00","2026","09","04","02:00","","9.4","","3.7","","68","","","","2","","3","","24.1","","88.33","","","","","","Mostly Cloudy"
"-114.01","51.12","CALGARY INTL A","3031092","2026-09-04 03:00","2026","09","04","03:00","","9.7","","3.5","","65","","","","35","","4","","24.1","","88.35","","","","","","NA"
"-114.01","51.12","CALGARY INTL A","3031092","2026-09-04 04:00","2026","09","04","04:00","","8.6","","3.2","","69","","","","15","","4","","24.1","","88.41","","","","","","NA"
"-114.01","51.12","CALGARY INTL A","3031092","2026-09-04 05:00","2026","09","04","05:00","","8.9","","3.6","","69","","","","22","","7","","24.1","","88.46","","","","","","Mostly Cloudy"
"-114.01","51.12","CALGARY INTL A","3031092","2026-09-04 06:00","2026","09","04","06:00","","9.0","","4.3","","72","","","","32","","7","","24.1","","88.51","","","","","","NA"
"-114.01","51.12","CALGARY INTL A","3031092","2026-09-04 07:00","2026","09","04","07:00","","10.0","","4.9","","70","","","","32","","4","","48.3","","88.57","","","","","","NA"
"-114.01","51.12","CALGARY INTL A","3031092","2026-09-04 08:00","2026","09","04","08:00","","11.8","","5.9","","67","","","","36","","9","","32.2","","88.67","","","","","","Mostly Cloudy"
"-114.01","51.12","CALGARY INTL A","3031092","2026-09-04 09:00","2026","09","04","09:00","","11.3","","7.9","","79","","","","2","","13","","32.2","","88.77","","","","","","Rain"
"-114.01","51.12","CALGARY INTL A","3031092","2026-09-04 10:00","2026","09","04","10:00","","12.3","","9.3","","82","","","","1","","16","","24.1","","88.78","","","","","","NA"
"-114.01","51.12","CALGARY INTL A","3031092","2026-09-04 11:00","2026","09","04","11:00","","13.4","","9.2","","75","","","","36","","24","","24.1","","88.78","","","","","","Rain"
"-114.01","51.12","CALGARY INTL A","3031092","2026-09-04 12:00","2026","09","04","12:00","","14.4","","8.5","","67","","","","35","","26","","24.1","","88.77","","","","","","Rain"
"-114.01","51.12","CALGARY INTL A","3031092","2026-09-04 13:00","2026","09","04","13:00","","15.2","","8.4","","64","","","","34","","21","","24.1","","88.83","","","","","","NA"
"-114.01","51.12","CALGARY INTL A","3031092","2026-09-04 14:00","2026","09","04","14:00","","15.1","","8.0","","62","","","","34","","14","","24.1","","88.88","","","","","","Cloudy"
"-114.01","51.12","CALGARY INTL A","3031092","2026-09-04 15:00","2026","09","04","15:00","","15.1","","8.1","","63","","","","35","","11","","32.2","","88.91","","","","","","NA"
"-114.01","51.12","CALGARY INTL A","3031092","2026-09-04 16:00","2026","09","04","16:00","","15.0","","7.8","","62","","","","33","","18","","32.2","","88.96","","","","","","NA"
"-114.01","51.12","CALGARY INTL A","3031092","2026-09-04 17:00","2026","09","04","17:00","","14.9","","8.4","","64","","","","33","","12","","32.2","","89.02","","","","","","Mostly Cloudy"
"-114.01","51.12","CALGARY INTL A","3031092","2026-09-04 18:00","2026","09","04","18:00","","15.2","","8.6","","64","","","","36","","14","","24.1","","89.05","","","","","","NA"
"-114.01","51.12","CALGARY INTL A","3031092","2026-09-04 19:00","2026","09","04","19:00","","13.2","","8.6","","74","","","","35","","15","","64.4","","89.10","","","","","","NA"
"-114.01","51.12","CALGARY INTL A","3031092","2026-09-04 20:00","2026","09","04","20:00","","12.0","","8.6","","80","","","","35","","16","","24.1","","89.17","","","","","","Mostly Cloudy"
"-114.01","51.12","CALGARY INTL A","3031092","2026-09-04 21:00","2026","09","04","21:00","","10.8","","8.6","","86","","","","35","","18","","24.1","","89.20","","","","","","NA"
"-114.01","51.12","CALGARY INTL A","3031092","2026-09-04 22:00","2026","09","04","22:00","","10.0","","8.3","","89","","","","36","","15","","24.1","","89.27","","","","","","NA"
"-114.01","51.12","CALGARY INTL A","3031092","2026-09-04 23:00","2026","09","04","23:00","","10.5","","8.3","","86","","","","35","","22","","16.1","","89.30","","","","","","Cloudy"
"-114.01","51.12","CALGARY INTL A","3031092","2026-09-05 00:00","2026","09","05","00:00","","9.6","","7.5","","87","","","","34","","20","","16.1","","89.37","","","","","","NA"
"-114.01","51.12","CALGARY INTL A","3031092","2026-09-05 01:00","2026","09","05","01:00","","8.9","","6.8","","87","","","","35","","21","","16.1","","89.36","","","","","","NA"
"-114.01","51.12","CALGARY INTL A","3031092","2026-09-05 02:00","2026","09","05","02:00","","9.1","","6.7","","85","","","","34","","24","","16.1","","89.42","","","","","","Mostly Cloudy"
"-114.01","51.12","CALGARY INTL A","3031092","2026-09-05 03:00","2026","09","05","03:00","","8.4","","6.3","","86","","","","35","","21","","24.1","","89.38","","","","","","NA"
"-114.01","51.12","CALGARY INTL A","3031092","2026-09-05 04:00","2026","09","05","04:00","","8.6","","6.3","","86","","","","34","","15","","16.1","","89.44","","","","","","NA"
"-114.01","51.12","CALGARY INTL A","3031092","2026-09-05 05:00","2026","09","05","05:00","","8.2","","6.5","","89","","","","35","","15","","16.1","","89.47","","","","","","Cloudy"
"-114.01","51.12","CALGARY INTL A","3031092","2026-09-05 06:00","2026","09","05","06:00","","8.2","","6.4","","88","","","","34","","20","","16.1","","89.51","","","","","","NA"
"-114.01","51.12","CALGARY INTL A","3031092","2026-09-05 07:00","2026","09","05","07:00","","8.2","","6.3","","88","","","","35","","22","","16.1","","89.50","","","","","","NA"
"-114.01","51.12","CALGARY INTL A","3031092","2026-09-05 08:00","2026","09","05","08:00","","8.6","","6.4","","86","","","","34","","18","","16.1","","89.55","","","","","","Cloudy"
"-114.01","51.12","CALGARY INTL A","3031092","2026-09-05 09:00","2026","09","05","09:00","","8.8","","6.6","","86","","","","35","","17","","16.1","","89.59","","","","","","NA"
"-114.01","51.12","CALGARY INTL A","3031092","2026-09-05 10:00","2026","09","05","10:00","","9.3","","6.8","","84","","","","34","","23","","16.1","","89.57","","","","","","NA"
"-114.01","51.12","CALGARY INTL A","3031092","2026-09-05 11:00","2026","09","05","11:00","","9.2","","7.8","","91","","","","35","","16","","6.4","","89.62","","","","","","Rain,Fog"
"-114.01","51.12","CALGARY INTL A","3031092","2026-09-05 12:00","2026","09","05","12:00","","9.2","","8.0","","93","","","","36","","19","","8.1","","89.57","","","","","","Rain,Fog"
"-114.01","51.12","CALGARY INTL A","3031092","2026-09-05 13:00","2026","09","05","13:00","","9.2","","8.4","","95","","","","34","","12","","2.4","","89.62","","","","","","Rain,Fog"
"-114.01","51.12","CALGARY INTL A","3031092","2026-09-05 14:00","2026","09","05","14:00","","9.5","","8.7","","95","","","","1","","14","","4.0","","89.61","","","","","","Rain,Fog"
"-114.01","51.12","CALGARY INTL A","3031092","2026-09-05 15:00","2026","09","05","15:00","","9.6","","8.9","","95","","","","1","","12","","4.0","","89.60","","","","","","Rain,Fog"
"-114.01","51.12","CALGARY INTL A","3031092","2026-09-05 16:00","2026","09","05","16:00","","9.6","","8.8","","95","","","","1","","12","","2.8","","89.57","","","","","","Rain,Fog"
"-114.01","51.12","CALGARY INTL A","3031092","2026-09-05 17:00","2026","09","05","17:00","","9.5","","9.0","","97","","","","32","","9","","2.0","","89.59","","","","","","Rain,Fog"
"-114.01","51.12","CALGARY INTL A","3031092","2026-09-05 18:00","2026","09","05","18:00","","9.6","","9.1","","96","","","","33","","10","","2.8","","89.59","","","","","","Drizzle,Fog"
"-114.01","51.12","CALGARY INTL A","3031092","2026-09-05 19:00","2026","09","05","19:00","","9.7","","9.2","","96","","","","32","","9","","6.4","","89.61","","","","","","Rain,Fog"
"-114.01","51.12","CALGARY INTL A","3031092","2026-09-05 20:00","2026","09","05","20:00","","9.7","","9.2","","96","","","","34","","10","","12.9","","89.60","","","","","","Rain"
"-114.01","51.12","CALGARY INTL A","3031092","2026-09-05 21:00","2026","09","05","21:00","","9.8","","8.9","","94","","","","33","","5","","12.9","","89.65","","","","","","Rain"
"-114.01","51.12","CALGARY INTL A","3031092","2026-09-05 22:00","2026","09","05","22:00","","9.7","","9.1","","96","","","","30","","7","","12.9","","89.66","","","","","","Rain"
"-114.01","51.12","CALGARY INTL A","3031092","2026-09-05 23:00","2026","09","05","23:00","","9.9","","8.9","","93","","","","35","","4","","12.9","","89.65","","","","","","Rain"
"-114.01","51.12","CALGARY INTL A","3031092","2026-09-06 00:00","2026","09","06","00:00","","9.7","","9.2","","97","","","","","","0","","12.9","","89.65","","","","","","Rain"
"-114.01","51.12","CALGARY INTL A","3031092","2026-09-06 01:00","2026","09","06","01:00","","9.6","","9.2","","97","","","","","","0","","16.1","","89.62","","","","","","NA"
"-114.01","51.12","CALGARY INTL A","3031092","2026-09-06 02:00","2026","09","06","02:00","","9.6","","9.1","","97","","","","4","","5","","16.1","","89.56","","","","","","Mostly Cloudy"
"-114.01","51.12","CALGARY INTL A","3031092","2026-09-06 03:00","2026","09","06","03:00","","9.4","","8.9","","97","","","","7","","8","","16.1","","89.52","","","","","","NA"
"-114.01","51.12","CALGARY INTL A","3031092","2026-09-06 04:00","2026","09","06","04:00","","9.5","","8.9","","97","","","","17","","4","","4.8","","89.54","","","","","","Fog"
"-114.01","51.12","CALGARY INTL A","3031092","2026-09-06 05:00","2026","09","06","05:00","","9.2","","8.6","","96","","","","25","","6","","8.1","","89.48","","","","","","Fog"
"-114.01","51.12","CALGARY INTL A","3031092","2026-09-06 06:00","2026","09","06","06:00","","9.5","","8.9","","96","","","","30","","3","","8.1","","89.40","","","","","","Rain,Fog"
"-114.01","51.12","CALGARY INTL A","3031092","2026-09-06 07:00","2026","09","06","07:00","","9.5","","8.8","","96","","","","","","0","","32.2","","89.39","","","","","","NA"
"-114.01","51.12","CALGARY INTL A","3031092","2026-09-06 08:00","2026","09","06","08:00","","10.0","","9.1","","94","","","","","","0","","12.9","","89.39","","","","","","Cloudy"
"-114.01","51.12","CALGARY INTL A","3031092","2026-09-06 09:00","2026","09","06","09:00","","10.3","","9.2","","93","","","","14","","5","","8.1","","89.40","","","","","","Fog"
"-114.01","51.12","CALGARY INTL A","3031092","2026-09-06 10:00","2026","09","06","10:00","","10.4","","9.8","","96","","","","7","","9","","3.6","","89.35","","","","","","Fog"
"-114.01","51.12","CALGARY INTL A","3031092","2026-09-06 11:00","2026","09","06","11:00","","11.2","","10.8","","97","","","","9","","8","","3.6","","89.30","","","","","","Fog"
"-114.01","51.12","CALGARY INTL A","3031092","2026-09-06 12:00","2026","09","06","12:00","","11.4","","10.9","","97","","","","11","","14","","4.0","","89.29","","","","","","Fog"
"-114.01","51.12","CALGARY INTL A","3031092","2026-09-06 13:00","2026","09","06","13:00","","12.5","","11.3","","92","","","","9","","12","","6.4","","89.24","","","","","","Fog"
"-114.01","51.12","CALGARY INTL A","3031092","2026-09-06 14:00","2026","09","06","14:00","","13.9","","12.1","","89","","","","15","","12","","14.5","","89.20","","","","","","Cloudy"
"-114.01","51.12","CALGARY INTL A","3031092","2026-09-06 15:00","2026","09","06","15:00","","13.9","","11.7","","86","","","","21","","7","","14.5","","89.20","","","","","","NA"
"-114.01","51.12","CALGARY INTL A","3031092","2026-09-06 16:00","2026","09","06","16:00","","14.5","","11.0","","80","","","","16","","11","","14.5","","89.17","","","","","","NA"
"-114.01","51.12","CALGARY INTL A","3031092","2026-09-06 17:00","2026","09","06","17:00","","14.2","","11.4","","83","","","","14","","16","","14.5","","89.15","","","","","","Mostly Cloudy"
"-114.01","51.12","CALGARY INTL A","3031092","2026-09-06 18:00","2026","09","06","18:00","","14.2","","11.0","","81","","","","15","","12","","14.5","","89.14","","","","","","NA"
"-114.01","51.12","CALGARY INTL A","3031092","2026-09-06 19:00","2026","09","06","19:00","","13.9","","10.9","","82","","","","13","","10","","16.1","","89.09","","","","","","NA"
"-114.01","51.12","CALGARY INTL A","3031092","2026-09-06 20:00","2026","09","06","20:00","","13.5","","10.9","","84","","","","18","","5","","16.1","","89.16","","","","","","Mostly Cloudy"
"-114.01","51.12","CALGARY INTL A","3031092","2026-09-06 21:00","2026","09","06","21:00","","13.7","","10.9","","83","","","","16","","4","","16.1","","89.15","","","","","","NA"
"-114.01","51.12","CALGARY INTL A","3031092","2026-09-06 22:00","2026","09","06","22:00","","13.0","","11.6","","91","","","","9","","5","","16.1","","89.12","","","","","","NA"
"-114.01","51.12","CALGARY INTL A","3031092","2026-09-06 23:00","2026","09","06","23:00","","13.2","","11.1","","87","","","","10","","4","","16.1","","89.06","","","","","","Rain"
"-114.01","51.12","CALGARY INTL A","3031092","2026-09-07 00:00","2026","09","07","00:00","","12.4","","11.7","","96","","","","9","","6","","12.9","","89.07","","","","","","Rain"
"-114.01","51.12","CALGARY INTL A","3031092","2026-09-07 01:00","2026","09","07","01:00","","12.2","","11.3","","94","","","","6","","6","","16.1","","89.00","","","","","","NA"
"-114.01","51.12","CALGARY INTL A","3031092","2026-09-07 02:00","2026","09","07","02:00","","11.7","","11.2","","97","","","","36","","12","","12.9","","88.90","","","","","","Mostly Cloudy"
"-114.01","51.12","CALGARY INTL A","3031092","2026-09-07 03:00","2026","09","07","03:00","","11.6","","11.2","","97","","","","35","","7","","4.8","","88.94","","","","","","Fog"
"-114.01","51.12","CALGARY INTL A","3031092","2026-09-07 04:00","2026","09","07","04:00","","11.5","","11.3","","99","","","","36","","6","","0.2","","88.91","","","","","","Fog"
"-114.01","51.12","CALGARY INTL A","3031092","2026-09-07 05:00","2026","09","07","05:00","","11.4","","11.3","","100","","","","33","","12","","0.2","","88.84","","","","","","Fog"
"-114.01","51.12","CALGARY INTL A","3031092","2026-09-07 06:00","2026","09","07","06:00","","11.4","","11.4","","100","","","","36","","11","","1.6","","88.85","","","","","","Fog"
"-114.01","51.12","CALGARY INTL A","3031092","2026-09-07 07:00","2026","09","07","07:00","","11.5","","11.5","","100","","","","36","","13","","0.8","","88.87","","","","","","Fog"
"-114.01","51.12","CALGARY INTL A","3031092","2026-09-07 08:00","2026","09","07","08:00","","11.7","","11.6","","100","","","","1","","19","","0.8","","88.88","","","","","","Drizzle,Fog"
"-114.01","51.12","CALGARY INTL A","3031092","2026-09-07 09:00","2026","09","07","09:00","","11.7","","11.6","","99","","","","2","","25","","2.0","","88.86","","","","","","Fog"
"-114.01","51.12","CALGARY INTL A","3031092","2026-09-07 10:00","2026","09","07","10:00","","12.3","","11.6","","96","","","","36","","26","","6.4","","88.85","","","","","","Drizzle,Fog"
"-114.01","51.12","CALGARY INTL A","3031092","2026-09-07 11:00","2026","09","07","11:00","","12.0","","11.3","","96","","","","36","","19","","14.5","","88.83","","","","","","Cloudy"
"-114.01","51.12","CALGARY INTL A","3031092","2026-09-07 12:00","2026","09","07","12:00","","11.6","","10.8","","95","","","","34","","28","","8.1","","88.80","","","","","","Fog"
"-114.01","51.12","CALGARY INTL A","3031092","2026-09-07 13:00","2026","09","07","13:00","","12.1","","11.0","","93","","","","34","","26","","8.1","","88.76","","","","","","Fog"
"-114.01","51.12","CALGARY INTL A","3031092","2026-09-07 14:00","2026","09","07","14:00","","12.9","","10.8","","87","","","","34","","27","","14.5","","88.75","","","","","","Cloudy"
"-114.01","51.12","CALGARY INTL A","3031092","2026-09-07 15:00","2026","09","07","15:00","","13.0","","10.4","","85","","","","34","","34","","14.5","","88.73","","","","","","NA"
"-114.01","51.12","CALGARY INTL A","3031092","2026-09-07 16:00","2026","09","07","16:00","","13.5","","10.9","","84","","","","34","","28","","14.5","","88.73","","","","","","NA"
"-114.01","51.12","CALGARY INTL A","3031092","2026-09-07 17:00","2026","09","07","17:00","","13.1","","11.3","","89","","","","34","","24","","14.5","","88.76","","","","","","Rain"
"-114.01","51.12","CALGARY INTL A","3031092","2026-09-07 18:00","2026","09","07","18:00","","12.5","","11.3","","92","","","","34","","19","","12.9","","88.81","","","","","","Rain"
"-114.01","51.12","CALGARY INTL A","3031092","2026-09-07 19:00","2026","09","07","19:00","","12.3","","11.2","","93","","","","34","","21","","14.5","","88.87","","","","","","Rain"
"-114.01","51.12","CALGARY INTL A","3031092","2026-09-07 20:00","2026","09","07","20:00","","12.2","","11.2","","94","","","","33","","13","","11.3","","88.93","","","","","","Rain"
"-114.01","51.12","CALGARY INTL A","3031092","2026-09-07 21:00","2026","09","07","21:00","","12.4","","10.8","","90","","","","33","","16","","16.1","","88.98","","","","","","Rain"
"-114.01","51.12","CALGARY INTL A","3031092","2026-09-07 22:00","2026","09","07","22:00","","12.5","","11.0","","90","","","","33","","15","","16.1","","89.03","","","","","","NA"
"-114.01","51.12","CALGARY INTL A","3031092","2026-09-07 23:00","2026","09","07","23:00","","12.4","","10.7","","90","","","","33","","16","","24.1","","89.05","","","","","","Mostly Cloudy"
"-114.01","51.12","CALGARY INTL A","3031092","2026-09-08 00:00","2026","09","08","00:00","","12.0","","10.0","","87","","","","31","","14","","24.1","","89.08","","","","","","NA"
"-114.01","51.12","CALGARY INTL A","3031092","2026-09-08 01:00","2026","09","08","01:00","","11.6","","9.0","","84","","","","32","","15","","24.1","","89.09","","","","","","NA"
"-114.01","51.12","CALGARY INTL A","3031092","2026-09-08 02:00","2026","09","08","02:00","","11.5","","7.9","","78","","","","32","","13","","24.1","","89.08","","","","","","Mainly Clear"
"-114.01","51.12","CALGARY INTL A","3031092","2026-09-08 03:00","2026","09","08","03:00","","10.4","","7.0","","79","","","","33","","5","","24.1","","89.10","","","","","","NA"
"-114.01","51.12","CALGARY INTL A","3031092","2026-09-08 04:00","2026","09","08","04:00","","9.9","","6.2","","78","","","","33","","8","","24.1","","89.13","","","","","","NA"
"-114.01","51.12","CALGARY INTL A","3031092","2026-09-08 05:00","2026","09","08","05:00","","9.0","","5.5","","79","","","","32","","5","","24.1","","89.17","","","","","","Clear"
"-114.01","51.12","CALGARY INTL A","3031092","2026-09-08 06:00","2026","09","08","06:00","","9.8","","5.8","","76","","","","34","","18","","32.2","","89.22","","","","","","NA"
"-114.01","51.12","CALGARY INTL A","3031092","2026-09-08 07:00","2026","09","08","07:00","","10.7","","6.2","","74","","","","31","","6","","32.2","","89.27","","","","","","NA"
"-114.01","51.12","CALGARY INTL A","3031092","2026-09-08 08:00","2026","09","08","08:00","","12.2","","7.6","","73","","","","20","","10","","32.2","","89.30","","","","","","Mainly Clear"
"-114.01","51.12","CALGARY INTL A","3031092","2026-09-08 09:00","2026","09","08","09:00","","15.1","","8.8","","66","","","","22","","9","","32.2","","89.33","","","","","","NA"
"-114.01","51.12","CALGARY INTL A","3031092","2026-09-08 10:00","2026","09","08","10:00","","17.2","","8.1","","55","","","","31","","10","","32.2","","89.35","","","","","","NA"
"-114.01","51.12","CALGARY INTL A","3031092","2026-09-08 11:00","2026","09","08","11:00","","18.3","","7.5","","49","","","","36","","17","","32.2","","89.35","","","","","","Mainly Clear"
"-114.01","51.12","CALGARY INTL A","3031092","2026-09-08 12:00","2026","09","08","12:00","","19.1","","6.5","","43","","","","34","","18","","24.1","","89.34","","","","","","NA"
"-114.01","51.12","CALGARY INTL A","3031092","2026-09-08 13:00","2026","09","08","13:00","","19.7","","6.3","","41","","","","33","","20","","24.1","","89.32","","","","","","NA"
"-114.01","51.12","CALGARY INTL A","3031092","2026-09-08 14:00","2026","09","08","14:00","","21.0","","6.3","","38","","","","33","","19","","16.1","","89.32","","","","","","Mainly Clear"
"-114.01","51.12","CALGARY INTL A","3031092","2026-09-08 15:00","2026","09","08","15:00","","19.9","","7.3","","43","","","","27","","17","","16.1","","89.32","","","","","","NA"
"-114.01","51.12","CALGARY INTL A","3031092","2026-09-08 16:00","2026","09","08","16:00","","20.3","","6.4","","40","","","","26","","14","","16.1","","89.30","","","","","","NA"
"-114.01","51.12","CALGARY INTL A","3031092","2026-09-08 17:00","2026","09","08","17:00","","19.9","","6.3","","41","","","","28","","7","","16.1","","89.28","","","","","","Mostly Cloudy"
"-114.01","51.12","CALGARY INTL A","3031092","2026-09-08 18:00","2026","09","08","18:00","","19.9","","5.4","","38","","","","30","","4","","16.1","","89.27","","","","","","NA"
"-114.01","51.12","CALGARY INTL A","3031092","2026-09-08 19:00","2026","09","08","19:00","","18.3","","6.6","","46","","","","18","","8","","16.1","","89.28","","","","","","NA"
"-114.01","51.12","CALGARY INTL A","3031092","2026-09-08 20:00","2026","09","08","20:00","","17.0","","7.6","","53","","","","21","","5","","24.1","","89.31","","","","","","Mostly Cloudy"
"-114.01","51.12","CALGARY INTL A","3031092","2026-09-08 21:00","2026","09","08","21:00","","16.9","","7.1","","52","","","","27","","12","","24.1","","89.34","","","","","","NA"
"-114.01","51.12","CALGARY INTL A","3031092","2026-09-08 22:00","2026","09","08","22:00","","15.1","","7.3","","59","","","","17","","7","","24.1","","89.32","","","","","","NA"
"-114.01","51.12","CALGARY INTL A","3031092","2026-09-08 23:00","2026","09","08","23:00","","13.6","","6.5","","62","","","","17","","3","","24.1","","89.29","","","","","","Mainly Clear"
"-114.01","51.12","CALGARY INTL A","3031092","2026-09-09 00:00","2026","09","09","00:00","","16.0","","5.0","","47","","","","27","","20","","24.1","","89.27","","","","","","NA"
"-114.01","51.12","CALGARY INTL A","3031092","2026-09-09 01:00","2026","09","09","01:00","","16.3","","4.5","","45","","","","27","","23","","24.1","","89.28","","","","","","NA"
"-114.01","51.12","CALGARY INTL A","3031092","2026-09-09 02:00","2026","09","09","02:00","","11.1","","5.6","","69","","","","5","","11","","24.1","","89.31","","","","","","Clear"
"-114.01","51.12","CALGARY INTL A","3031092","2026-09-09 03:00","2026","09","09","03:00","","11.6","","5.5","","66","","","","3","","8","","24.1","","89.31","","","","","","NA"
"-114.01","51.12","CALGARY INTL A","3031092","2026-09-09 04:00","2026","09","09","04:00","","10.4","","5.4","","71","","","","18","","7","","24.1","","89.27","","","","","","NA"
"-114.01","51.12","CALGARY INTL A","3031092","2026-09-09 05:00","2026","09","09","05:00"
"-114.01","51.12","CALGARY INTL A","3031092","2026-09-09 06:00","2026","09","09","06:00","","12.2","","3.9","","57","","","","","","0","","24.1","","89.23","","","","","","NA"
"-114.01","51.12","CALGARY INTL A","3031092","2026-09-09 07:00","2026","09","09","07:00","","12.0","","4.7","","61","","","","15","","7","","64.4","","89.24","","","","","","NA"
"-114.01","51.12","CALGARY INTL A","3031092","2026-09-09 08:00","2026","09","09","08:00","","16.6","","4.0","","43","","","","28","","8","","64.4","","89.22","","","","","","Mostly Cloudy"
"-114.01","51.12","CALGARY INTL A","3031092","2026-09-09 09:00","2026","09","09","09:00","","18.6","","4.1","","38","","","","27","","26","","64.4","","89.20","","","","","","NA"
"-114.01","51.12","CALGARY INTL A","3031092","2026-09-09 10:00","2026","09","09","10:00","","20.5","","5.2","","36","","","","28","","23","","64.4","","89.19","","","","","","NA"
"-114.01","51.12","CALGARY INTL A","3031092","2026-09-09 11:00","2026","09","09","11:00","","21.6","","5.1","","34","","","","26","","21","","48.3","","89.14","","","","","","Cloudy"
"-114.01","51.12","CALGARY INTL A","3031092","2026-09-09 12:00","2026","09","09","12:00","","22.5","","5.0","","32","","","","29","","29","","48.3","","89.09","","","","","","NA"
"-114.01","51.12","CALGARY INTL A","3031092","2026-09-09 13:00","2026","09","09","13:00","","22.7","","4.2","","29","","","","28","","22","","48.3","","88.99","","","","","","NA"
"-114.01","51.12","CALGARY INTL A","3031092","2026-09-09 14:00","2026","09","09","14:00","","23.9","","4.6","","28","","","","28","","25","","48.3","","88.96","","","","","","Mostly Cloudy"
"-114.01","51.12","CALGARY INTL A","3031092","2026-09-09 15:00","2026","09","09","15:00","","24.3","","6.1","","31","","","","28","","22","","48.3","","88.89","","","","","","NA"
"-114.01","51.12","CALGARY INTL A","3031092","2026-09-09 16:00","2026","09","09","16:00","","23.9","","5.4","","30","","","","28","","29","","48.3","","88.85","","","","","","NA"
"-114.01","51.12","CALGARY INTL A","3031092","2026-09-09 17:00","2026","09","09","17:00","","23.6","","5.5","","31","","","","26","","21","","32.2","","88.80","","","","","","Mostly Cloudy"
"-114.01","51.12","CALGARY INTL A","3031092","2026-09-09 18:00","2026","09","09","18:00","","22.2","","5.7","","34","","","","27","","24","","32.2","","88.78","","","","","","NA"
"-114.01","51.12","CALGARY INTL A","3031092","2026-09-09 19:00","2026","09","09","19:00","","20.6","","6.1","","39","","","","23","","10","","24.1","","88.73","","","","","","NA"
"-114.01","51.12","CALGARY INTL A","3031092","2026-09-09 20:00","2026","09","09","20:00","","20.3","","6.1","","39","","","","27","","9","","24.1","","88.66","","","","","","Mostly Cloudy"
"-114.01","51.12","CALGARY INTL A","3031092","2026-09-09 21:00","2026","09","09","21:00","","21.0","","5.8","","37","","","","25","","10","","24.1","","88.61","","","","","","NA"
"-114.01","51.12","CALGARY INTL A","3031092","2026-09-09 22:00","2026","09","09","22:00","","18.9","","6.4","","44","","","","22","","3","","24.1","","88.58","","","","","","NA"
"-114.01","51.12","CALGARY INTL A","3031092","2026-09-09 23:00","2026","09","09","23:00","","16.3","","6.9","","53","","","","","","0","","24.1","","88.52","","","","","","Mostly Cloudy"
"-114.01","51.12","CALGARY INTL A","3031092","2026-09-10 00:00","2026","09","10","00:00","","14.6","","7.9","","64","","","","11","","6","","24.1","","88.46","","","","","","NA"
"-114.01","51.12","CALGARY INTL A","3031092","2026-09-10 01:00","2026","09","10","01:00","","15.1","","7.5","","60","","","","21","","10","","24.1","","88.36","","","","","","NA"
"-114.01","51.12","CALGARY INTL A","3031092","2026-09-10 02:00","2026","09","10","02:00","","13.7","","7.3","","65","","","","21","","10","","24.1","","88.32","","","","","","Mainly Clear"
"-114.01","51.12","CALGARY INTL A","3031092","2026-09-10 03:00","2026","09","10","03:00","","12.9","","7.3","","69","","","","20","","11","","24.1","","88.27","","","","","","NA"
"-114.01","51.12","CALGARY INTL A","3031092","2026-09-10 04:00","2026","09","10","04:00","","13.6","","8.2","","70","","","","32","","3","","24.1","","88.33","","","","","","NA"
"-114.01","51.12","CALGARY INTL A","3031092","2026-09-10 05:00","2026","09","10","05:00","","13.2","","8.7","","74","","","","36","","30","","24.1","","88.41","","","","","","Mostly Cloudy"
"-114.01","51.12","CALGARY INTL A","3031092","2026-09-10 06:00","2026","09","10","06:00","","11.5","","8.8","","83","","","","1","","21","","24.1","","88.38","","","","","","NA"
"-114.01","51.12","CALGARY INTL A","3031092","2026-09-10 07:00","2026","09","10","07:00","","11.4","","9.2","","86","","","","34","","8","","64.4","","88.46","","","","","","NA"
"-114.01","51.12","CALGARY INTL A","3031092","2026-09-10 08:00","2026","09","10","08:00","","11.4","","8.2","","80","","","","36","","13","","24.1","","88.48","","","","","","Cloudy"
"-114.01","51.12","CALGARY INTL A","3031092","2026-09-10 09:00","2026","09","10","09:00","","11.0","","8.3","","83","","","","33","","9","","24.1","","88.47","","","","","","NA"
"-114.01","51.12","CALGARY INTL A","3031092","2026-09-10 10:00","2026","09","10","10:00","","10.6","","9.5","","93","","","","36","","18","","9.7","","88.47","","","","","","Rain,Fog"
"-114.01","51.12","CALGARY INTL A","3031092","2026-09-10 11:00","2026","09","10","11:00","","10.0","","9.2","","94","","","","1","","21","","2.4","","88.50","","","","","","Moderate Rain,Fog"
"-114.01","51.12","CALGARY INTL A","3031092","2026-09-10 12:00","2026","09","10","12:00","","9.3","","7.9","","91","","","","3","","12","","6.4","","88.53","","","","","","Rain,Fog"
"-114.01","51.12","CALGARY INTL A","3031092","2026-09-10 13:00","2026","09","10","13:00","","9.2","","7.5","","90","","","","11","","7","","8.1","","88.52","","","","","","Moderate Rain"
"-114.01","51.12","CALGARY INTL A","3031092","2026-09-10 14:00","2026","09","10","14:00","","10.1","","8.4","","89","","","","19","","5","","16.1","","88.49","","","","","","Rain"
"-114.01","51.12","CALGARY INTL A","3031092","2026-09-10 15:00","2026","09","10","15:00","","11.3","","8.4","","82","","","","28","","15","","24.1","","88.58","","","","","","Rain"
"-114.01","51.12","CALGARY INTL A","3031092","2026-09-10 16:00","2026","09","10","16:00","","8.7","","5.3","","79","","","","1","","28","","32.2","","88.63","","","","","","NA"
"-114.01","51.12","CALGARY INTL A","3031092","2026-09-10 17:00","2026","09","10","17:00","","11.3","","4.6","","63","","","","36","","17","","32.2","","88.63","","","","","","Mostly Cloudy"
"-114.01","51.12","CALGARY INTL A","3031092","2026-09-10 18:00","2026","09","10","18:00","","11.2","","2.9","","57","","","","36","","19","","32.2","","88.64","","","","","","NA"
"-114.01","51.12","CALGARY INTL A","3031092","2026-09-10 19:00","2026","09","10","19:00","","9.3","","3.6","","67","","","","34","","8","","32.2","","88.66","","","","","","NA"
"-114.01","51.12","CALGARY INTL A","3031092","2026-09-10 20:00","2026","09","10","20:00","","9.8","","3.4","","64","","","","24","","10","","24.1","","88.71","","","","","","Mainly Clear"
"-114.01","51.12","CALGARY INTL A","3031092","2026-09-10 21:00","2026","09","10","21:00","","9.0","","3.4","","68","","","","29","","7","","24.1","","88.74","","","","","","NA"
"-114.01","51.12","CALGARY INTL A","3031092","2026-09-10 22:00","2026","09","10","22:00","","8.4","","3.6","","72","","","","30","","8","","24.1","","88.74","","","","","","NA"
"-114.01","51.12","CALGARY INTL A","3031092","2026-09-10 23:00","2026","09","10","23:00","","5.6","","3.6","","87","","","","20","","7","","24.1","","88.76","","","","","","Mainly Clear"
"-114.01","51.12","CALGARY INTL A","3031092","2026-09-11 00:00","2026","09","11","00:00","","6.7","","3.2","","78","","","","","","0","","24.1","","88.80","","","","","","NA"
"-114.01","51.12","CALGARY INTL A","3031092","2026-09-11 01:00","2026","09","11","01:00","","4.8","","2.7","","86","","","","32","","6","","24.1","","88.86","","","","","","NA"
"-114.01","51.12","CALGARY INTL A","3031092","2026-09-11 02:00","2026","09","11","02:00","","6.0","","3.2","","82","","","","33","","9","","24.1","","88.88","","","","","","Mostly Cloudy"
"-114.01","51.12","CALGARY INTL A","3031092","2026-09-11 03:00","2026","09","11","03:00","","7.5","","3.9","","78","","","","34","","17","","24.1","","88.90","","","","","","NA"
"-114.01","51.12","CALGARY INTL A","3031092","2026-09-11 04:00","2026","09","11","04:00","","7.8","","4.1","","77","","","","30","","12","","24.1","","88.94","","","","","","NA"
"-114.01","51.12","CALGARY INTL A","3031092","2026-09-11 05:00","2026","09","11","05:00","","8.0","","3.7","","74","","","","30","","12","","24.1","","89.00","","","","","","Mostly Cloudy"
"-114.01","51.12","CALGARY INTL A","3031092","2026-09-11 06:00","2026","09","11","06:00","","7.9","","3.8","","75","","","","32","","16","","64.4","","89.04","","","","","","NA"
"-114.01","51.12","CALGARY INTL A","3031092","2026-09-11 07:00","2026","09","11","07:00","","7.6","","4.1","","78","","","","33","","13","","48.3","","89.10","","","","","","NA"
"-114.01","51.12","CALGARY INTL A","3031092","2026-09-11 08:00","2026","09","11","08:00","","8.2","","4.3","","76","","","","33","","13","","48.3","","89.16","","","","","","Mostly Cloudy"
"-114.01","51.12","CALGARY INTL A","3031092","2026-09-11 09:00","2026","09","11","09:00","","8.9","","5.1","","77","","","","34","","17","","48.3","","89.20","","","","","","NA"
"-114.01","51.12","CALGARY INTL A","3031092","2026-09-11 10:00","2026","09","11","10:00","","9.6","","4.9","","72","","","","34","","21","","32.2","","89.25","","","","","","NA"
"-114.01","51.12","CALGARY INTL A","3031092","2026-09-11 11:00","2026","09","11","11:00","","9.8","","5.0","","72","","","","32","","25","","24.1","","89.29","","","","","","Rain Showers"
"-114.01","51.12","CALGARY INTL A","3031092","2026-09-11 12:00","2026","09","11","12:00","","10.6","","4.3","","65","","","","34","","24","","24.1","","89.30","","","","","","NA"
"-114.01","51.12","CALGARY INTL A","3031092","2026-09-11 13:00","2026","09","11","13:00","","12.1","","4.2","","58","","","","31","","19","","32.2","","89.30","","","","","","NA"
"-114.01","51.12","CALGARY INTL A","3031092","2026-09-11 14:00","2026","09","11","14:00","","13.0","","4.5","","56","","","","1","","18","","32.2","","89.29","","","","","","Mostly Cloudy"
"-114.01","51.12","CALGARY INTL A","3031092","2026-09-11 15:00","2026","09","11","15:00","","10.3","","7.1","","80","","","","36","","18","","24.1","","89.35","","","","","","Rain Showers"
"-114.01","51.12","CALGARY INTL A","3031092","2026-09-11 16:00","2026","09","11","16:00","","11.6","","5.1","","64","","","","34","","24","","24.1","","89.36","","","","","","NA"
"-114.01","51.12","CALGARY INTL A","3031092","2026-09-11 17:00","2026","09","11","17:00","","11.1","","4.3","","63","","","","35","","25","","24.1","","89.37","","","","","","Mostly Cloudy"
"-114.01","51.12","CALGARY INTL A","3031092","2026-09-11 18:00","2026","09","11","18:00","","10.1","","5.2","","71","","","","36","","23","","24.1","","89.43","","","","","","NA"
"-114.01","51.12","CALGARY INTL A","3031092","2026-09-11 19:00","2026","09","11","19:00","","8.0","","4.3","","77","","","","36","","11","","16.1","","89.46","","","","","","NA"
"-114.01","51.12","CALGARY INTL A","3031092","2026-09-11 20:00","2026","09","11","20:00","","8.1","","3.8","","74","","","","33","","8","","16.1","","89.51","","","","","","Mostly Cloudy"
"-114.01","51.12","CALGARY INTL A","3031092","2026-09-11 21:00","2026","09","11","21:00","","8.1","","4.1","","76","","","","32","","10","","16.1","","89.55","","","","","","NA"
"-114.01","51.12","CALGARY INTL A","3031092","2026-09-11 22:00","2026","09","11","22:00","","7.9","","3.9","","76","","","","1","","10","","24.1","","89.57","","","","","","NA"
"-114.01","51.12","CALGARY INTL A","3031092","2026-09-11 23:00","2026","09","11","23:00","","7.5","","3.8","","77","","","","36","","9","","24.1","","89.57","","","","","","Mostly Cloudy"
"-114.01","51.12","CALGARY INTL A","3031092","2026-09-12 00:00","2026","09","12","00:00","","6.7","","3.7","","81","","","","1","","8","","24.1","","89.57","","","","","","NA"
"-114.01","51.12","CALGARY INTL A","3031092","2026-09-12 01:00","2026","09","12","01:00","","6.8","","3.6","","80","","","","1","","10","","16.1","","89.56","","","","","","NA"
"-114.01","51.12","CALGARY INTL A","3031092","2026-09-12 02:00","2026","09","12","02:00","","6.8","","2.6","","75","","","","2","","12","","11.3","","89.57","","","","","","Mostly Cloudy"
"-114.01","51.12","CALGARY INTL A","3031092","2026-09-12 03:00","2026","09","12","03:00","","6.4","","3.3","","80","","","","1","","11","","16.1","","89.55","","","","","","NA"
"-114.01","51.12","CALGARY INTL A","3031092","2026-09-12 04:00","2026","09","12","04:00","","6.1","","2.9","","80","","","","5","","8","","16.1","","89.52","","","","","","NA"
"-114.01","51.12","CALGARY INTL A","3031092","2026-09-12 05:00","2026","09","12","05:00","","6.1","","3.4","","83","","","","2","","9","","12.9","","89.51","","","","","","Cloudy"
"-114.01","51.12","CALGARY INTL A","3031092","2026-09-12 06:00","2026","09","12","06:00","","5.7","","3.4","","85","","","","6","","8","","12.9","","89.48","","","","","","NA"
"-114.01","51.12","CALGARY INTL A","3031092","2026-09-12 07:00","2026","09","12","07:00","","5.4","","3.5","","87","","","","8","","9","","14.5","","89.48","","","","","","NA"
"-114.01","51.12","CALGARY INTL A","3031092","2026-09-12 08:00","2026","09","12","08:00","","6.0","","3.4","","83","","","","7","","5","","16.1","","89.48","","","","","","Cloudy"
"-114.01","51.12","CALGARY INTL A","3031092","2026-09-12 09:00","2026","09","12","09:00","","6.3","","2.4","","76","","","","9","","7","","16.1","","89.46","","","","","","NA"
"-114.01","51.12","CALGARY INTL A","3031092","2026-09-12 10:00","2026","09","12","10:00","","6.7","","2.6","","75","","","","9","","7","","24.1","","89.46","","","","","","NA"
"-114.01","51.12","CALGARY INTL A","3031092","2026-09-12 11:00","2026","09","12","11:00","","7.5","","3.5","","75","","","","8","","10","","24.1","","89.46","","","","","","Cloudy"
"-114.01","51.12","CALGARY INTL A","3031092","2026-09-12 12:00","2026","09","12","12:00","","7.8","","3.5","","74","","","","12","","8","","24.1","","89.42","","","","","","NA"
"-114.01","51.12","CALGARY INTL A","3031092","2026-09-12 13:00","2026","09","12","13:00","","8.3","","3.9","","74","","","","10","","5","","24.1","","89.44","","","","","","NA"
"-114.01","51.12","CALGARY INTL A","3031092","2026-09-12 14:00","2026","09","12","14:00","","9.0","","4.0","","71","","","","7","","5","","24.1","","89.41","","","","","","Cloudy"
"-114.01","51.12","CALGARY INTL A","3031092","2026-09-12 15:00","2026","09","12","15:00","","9.9","","3.7","","65","","","","11","","3","","24.1","","89.35","","","","","","NA"
"-114.01","51.12","CALGARY INTL A","3031092","2026-09-12 16:00","2026","09","12","16:00","","10.4","","4.1","","65","","","","16","","4","","24.1","","89.34","","","","","","NA"
"-114.01","51.12","CALGARY INTL A","3031092","2026-09-12 17:00","2026","09","12","17:00","","10.5","","3.7","","63","","","","","","0","","24.1","","89.32","","","","","","Mostly Cloudy"
"-114.01","51.12","CALGARY INTL A","3031092","2026-09-12 18:00","2026","09","12","18:00","","10.1","","3.8","","65","","","","20","","5","","24.1","","89.31","","","","","","NA"
"-114.01","51.12","CALGARY INTL A","3031092","2026-09-12 19:00","2026","09","12","19:00","","9.0","","4.2","","72","","","","12","","11","","24.1","","89.32","","","","","","NA"
"-114.01","51.12","CALGARY INTL A","3031092","2026-09-12 20:00","2026","09","12","20:00","","8.1","","4.2","","76","","","","13","","11","","24.1","","89.33","","","","","","Clear"
"-114.01","51.12","CALGARY INTL A","3031092","2026-09-12 21:00","2026","09","12","21:00","","7.6","","4.3","","79","","","","14","","11","","24.1","","89.36","","","","","","NA"
"-114.01","51.12","CALGARY INTL A","3031092","2026-09-12 22:00","2026","09","12","22:00","","5.9","","3.4","","84","","","","18","","10","","24.1","","89.38","","","","","","NA"
"-114.01","51.12","CALGARY INTL A","3031092","2026-09-12 23:00","2026","09","12","23:00","","5.6","","3.1","","84","","","","19","","10","","24.1","","89.36","","","","","","Clear"
"-114.01","51.12","CALGARY INTL A","3031092","2026-09-13 00:00","2026","09","13","00:00","","5.0","","3.6","","90","","","","19","","9","","24.1","","89.34","","","","","","NA"
"-114.01","51.12","CALGARY INTL A","3031092","2026-09-13 01:00","2026","09","13","01:00","","4.2","","3.1","","92","","","","18","","13","","24.1","","89.28","","","","","","NA"
"-114.01","51.12","CALGARY INTL A","3031092","2026-09-13 02:00","2026","09","13","02:00","","4.2","","3.2","","93","","","","17","","9","","24.1","","89.20","","","","","","Clear"
"-114.01","51.12","CALGARY INTL A","3031092","2026-09-13 03:00","2026","09","13","03:00","","3.5","","2.8","","95","","","","18","","11","","24.1","","89.17","","","","","","NA"
"-114.01","51.12","CALGARY INTL A","3031092","2026-09-13 04:00","2026","09","13","04:00","","2.8","","2.2","","96","","","","18","","12","","24.1","","89.15","","","","","","NA"
"-114.01","51.12","CALGARY INTL A","3031092","2026-09-13 05:00","2026","09","13","05:00","","2.5","","1.9","","96","","","","17","","10","","24.1","","89.10","","","","","","Clear"
"-114.01","51.12","CALGARY INTL A","3031092","2026-09-13 06:00","2026","09","13","06:00","","3.0","","2.6","","97","","","","18","","7","","9.7","","89.05","","","","","","Fog"
"-114.01","51.12","CALGARY INTL A","3031092","2026-09-13 07:00","2026","09","13","07:00","","3.0","","2.5","","96","","","","18","","7","","8.1","","89.04","","","","","","Fog"
"-114.01","51.12","CALGARY INTL A","3031092","2026-09-13 08:00","2026","09","13","08:00","","4.0","","3.6","","97","","","","19","","10","","9.7","","89.00","","","","","","Fog"
"-114.01","51.12","CALGARY INTL A","3031092","2026-09-13 09:00","2026","09","13","09:00","","5.0","","4.6","","97","","","","17","","21","","4.0","","88.97","","","","","","Fog"
"-114.01","51.12","CALGARY INTL A","3031092","2026-09-13 10:00","2026","09","13","10:00","","10.0","","6.2","","77","","","","17","","16","","24.1","","88.88","","","","","","NA"
"-114.01","51.12","CALGARY INTL A","3031092","2026-09-13 11:00","2026","09","13","11:00","","12.3","","6.5","","67","","","","15","","28","","32.2","","88.81","","","","","","Mostly Cloudy"
"-114.01","51.12","CALGARY INTL A","3031092","2026-09-13 12:00","2026","09","13","12:00","","13.8","","6.1","","59","","","","17","","28","","24.1","","88.72","","","","","","NA"
"-114.01","51.12","CALGARY INTL A","3031092","2026-09-13 13:00","2026","09","13","13:00","","13.5","","6.1","","61","","","","18","","29","","24.1","","88.70","","","","","","NA"
"-114.01","51.12","CALGARY INTL A","3031092","2026-09-13 14:00","2026","09","13","14:00","","12.0","","5.7","","65","","","","17","","32","","24.1","","88.68","","","","","","Mostly Cloudy"
"-114.01","51.12","CALGARY INTL A","3031092","2026-09-13 15:00","2026","09","13","15:00","","11.8","","5.7","","66","","","","16","","26","","24.1","","88.60","","","","","","Rain"
"-114.01","51.12","CALGARY INTL A","3031092","2026-09-13 16:00","2026","09","13","16:00","","8.9","","6.9","","87","","","","18","","23","","16.1","","88.59","","","","","","Rain"
"-114.01","51.12","CALGARY INTL A","3031092","2026-09-13 17:00","2026","09","13","17:00","","9.7","","7.8","","88","","","","18","","18","","24.1","","88.53","","","","","","Mostly Cloudy"
"-114.01","51.12","CALGARY INTL A","3031092","2026-09-13 18:00","2026","09","13","18:00","","9.2","","7.3","","88","","","","18","","21","","24.1","","88.47","","","","","","NA"
"-114.01","51.12","CALGARY INTL A","3031092","2026-09-13 19:00","2026","09","13","19:00","","9.5","","7.4","","87","","","","19","","21","","16.1","","88.46","","","","","","NA"
"-114.01","51.12","CALGARY INTL A","3031092","2026-09-13 20:00","2026","09","13","20:00","","9.0","","7.7","","91","","","","18","","9","","24.1","","88.42","","","","","","Mostly Cloudy"
"-114.01","51.12","CALGARY INTL A","3031092","2026-09-13 21:00","2026","09","13","21:00","","8.6","","7.3","","91","","","","16","","5","","24.1","","88.36","","","","","","NA"
"-114.01","51.12","CALGARY INTL A","3031092","2026-09-13 22:00","2026","09","13","22:00","","7.3","","6.7","","96","","","","18","","3","","16.1","","88.33","","","","","","NA"
"-114.01","51.12","CALGARY INTL A","3031092","2026-09-13 23:00","2026","09","13","23:00","","6.4","","6.0","","98","","","","","","0","","9.7","","88.33","","","","","","Fog"
"-114.01","51.12","CALGARY INTL A","3031092","2026-09-14 00:00","2026","09","14","00:00","","6.0","","5.8","","98","","","","3","","5","","16.1","","88.29","","","","","","NA"
"-114.01","51.12","CALGARY INTL A","3031092","2026-09-14 01:00","2026","09","14","01:00","","7.1","","6.8","","98","","","","18","","5","","16.1","","88.30","","","","","","NA"
"-114.01","51.12","CALGARY INTL A","3031092","2026-09-14 02:00","2026","09","14","02:00","","7.5","","7.0","","97","","","","29","","8","","16.1","","88.27","","","","","","Mostly Cloudy"
"-114.01","51.12","CALGARY INTL A","3031092","2026-09-14 03:00","2026","09","14","03:00","","7.8","","6.9","","94","","","","32","","18","","16.1","","88.28","","","","","","Rain"
"-114.01","51.12","CALGARY INTL A","3031092","2026-09-14 04:00","2026","09","14","04:00","","8.2","","7.1","","92","","","","35","","22","","16.1","","88.33","","","","","","Rain"
"-114.01","51.12","CALGARY INTL A","3031092","2026-09-14 05:00","2026","09","14","05:00","","8.2","","6.3","","88","","","","36","","18","","24.1","","88.34","","","","","","Rain"
"-114.01","51.12","CALGARY INTL A","3031092","2026-09-14 06:00","2026","09","14","06:00","","8.6","","6.7","","88","","","","35","","26","","16.1","","88.40","","","","","","NA"
"-114.01","51.12","CALGARY INTL A","3031092","2026-09-14 07:00","2026","09","14","07:00","","9.0","","6.0","","82","","","","34","","22","","16.1","","88.45","","","","","","NA"
"-114.01","51.12","CALGARY INTL A","3031092","2026-09-14 08:00","2026","09","14","08:00","","9.8","","6.3","","79","","","","35","","24","","16.1","","88.53","","","","","","Mostly Cloudy"
"-114.01","51.12","CALGARY INTL A","3031092","2026-09-14 09:00","2026","09","14","09:00","","10.5","","6.4","","75","","","","35","","30","","19.3","","88.62","","","","","","NA"
"-114.01","51.12","CALGARY INTL A","3031092","2026-09-14 10:00","2026","09","14","10:00","","12.3","","7.0","","70","","","","35","","35","","19.3","","88.70","","","","","","NA"
"-114.01","51.12","CALGARY INTL A","3031092","2026-09-14 11:00","2026","09","14","11:00","","11.6","","6.7","","71","","","","35","","39","","16.1","","88.77","","","","","","Mostly Cloudy"
"-114.01","51.12","CALGARY INTL A","3031092","2026-09-14 12:00","2026","09","14","12:00","","10.9","","7.3","","78","","","","35","","33","","16.1","","88.85","","","","","","Rain Showers"
"-114.01","51.12","CALGARY INTL A","3031092","2026-09-14 13:00","2026","09","14","13:00","","11.7","","7.5","","75","","","","34","","26","","16.1","","88.90","","","","","","NA"
"-114.01","51.12","CALGARY INTL A","3031092","2026-09-14 14:00","2026","09","14","14:00","","12.2","","6.5","","68","","","","35","","35","","19.3","","88.90","","","","","","Mostly Cloudy"
"-114.01","51.12","CALGARY INTL A","3031092","2026-09-14 15:00","2026","09","14","15:00","","13.8","","5.7","","58","","","","36","","35","","16.1","","88.91","","","","","","NA"
"-114.01","51.12","CALGARY INTL A","3031092","2026-09-14 16:00","2026","09","14","16:00","","13.4","","5.0","","56","","","","35","","29","","19.3","","88.95","","","","","","NA"
"-114.01","51.12","CALGARY INTL A","3031092","2026-09-14 17:00","2026","09","14","17:00","","12.4","","5.5","","63","","","","1","","23","","14.5","","89.02","","","","","","Mainly Clear"
"-114.01","51.12","CALGARY INTL A","3031092","2026-09-14 18:00","2026","09","14","18:00","","11.4","","5.4","","66","","","","1","","14","","16.1","","89.08","","","","","","NA"
"-114.01","51.12","CALGARY INTL A","3031092","2026-09-14 19:00","2026","09","14","19:00","","10.6","","4.8","","67","","","","36","","10","","24.1","","89.12","","","","","","NA"
"-114.01","51.12","CALGARY INTL A","3031092","2026-09-14 20:00","2026","09","14","20:00","","10.5","","4.3","","65","","","","33","","7","","24.1","","89.19","","","","","","Cloudy"
"-114.01","51.12","CALGARY INTL A","3031092","2026-09-14 21:00","2026","09","14","21:00","","10.0","","5.8","","75","","","","23","","6","","24.1","","89.24","","","","","","NA"
"-114.01","51.12","CALGARY INTL A","3031092","2026-09-14 22:00","2026","09","14","22:00","","9.6","","6.2","","79","","","","27","","8","","24.1","","89.29","","","","","","NA"
"-114.01","51.12","CALGARY INTL A","3031092","2026-09-14 23:00","2026","09","14","23:00","","9.1","","5.3","","77","","","","21","","5","","19.3","","89.30","","","","","","Rain"
"-114.01","51.12","CALGARY INTL A","3031092","2026-09-15 00:00","2026","09","15","00:00","","8.0","","6.3","","89","","","","23","","9","","11.3","","89.35","","","","","","Rain"
"-114.01","51.12","CALGARY INTL A","3031092","2026-09-15 01:00","2026","09","15","01:00","","7.5","","6.0","","90","","","","23","","16","","11.3","","89.36","","","","","","NA"
"-114.01","51.12","CALGARY INTL A","3031092","2026-09-15 02:00","2026","09","15","02:00","","7.1","","5.8","","91","","","","22","","8","","12.9","","89.38","","","","","","Rain"
"-114.01","51.12","CALGARY INTL A","3031092","2026-09-15 03:00","2026","09","15","03:00","","7.2","","5.5","","89","","","","29","","4","","12.9","","89.39","","","","","","Rain"
"-114.01","51.12","CALGARY INTL A","3031092","2026-09-15 04:00","2026","09","15","04:00","","7.3","","5.3","","87","","","","23","","9","","24.1","","89.39","","","","","","Rain"
"-114.01","51.12","CALGARY INTL A","3031092","2026-09-15 05:00","2026","09","15","05:00","","7.1","","5.7","","91","","","","22","","7","","24.1","","89.39","","","","","","Cloudy"
"-114.01","51.12","CALGARY INTL A","3031092","2026-09-15 06:00","2026","09","15","06:00","","7.2","","6.0","","92","","","","24","","7","","19.3","","89.40","","","","","","NA"
"-114.01","51.12","CALGARY INTL A","3031092","2026-09-15 07:00","2026","09","15","07:00","","7.1","","5.2","","88","","","","25","","7","","16.1","","89.42","","","","","","NA"
"-114.01","51.12","CALGARY INTL A","3031092","2026-09-15 08:00","2026","09","15","08:00","","7.5","","4.9","","83","","","","","","0","","16.1","","89.45","","","","","","Cloudy"
"-114.01","51.12","CALGARY INTL A","3031092","2026-09-15 09:00","2026","09","15","09:00","","7.9","","6.3","","90","","","","9","","12","","16.1","","89.48","","","","","","NA"
"-114.01","51.12","CALGARY INTL A","3031092","2026-09-15 10:00","2026","09","15","10:00","","8.3","","6.0","","85","","","","13","","9","","16.1","","89.50","","","","","","NA"
"-114.01","51.12","CALGARY INTL A","3031092","2026-09-15 11:00","2026","09","15","11:00","","8.4","","5.4","","81","","","","10","","9","","16.1","","89.51","","","","","","Cloudy"
"-114.01","51.12","CALGARY INTL A","3031092","2026-09-15 12:00","2026","09","15","12:00","","8.4","","5.4","","81","","","","11","","13","","16.1","","89.52","","","","","","NA"
"-114.01","51.12","CALGARY INTL A","3031092","2026-09-15 13:00","2026","09","15","13:00","","8.2","","5.5","","83","","","","8","","5","","16.1","","89.52","","","","","","Rain"
"-114.01","51.12","CALGARY INTL A","3031092","2026-09-15 14:00","2026","09","15","14:00","","8.4","","5.8","","84","","","","13","","10","","14.5","","89.50","","","","","","Rain"
"-114.01","51.12","CALGARY INTL A","3031092","2026-09-15 15:00","2026","09","15","15:00","","8.9","","6.6","","85","","","","16","","11","","14.5","","89.47","","","","","","Rain"
"-114.01","51.12","CALGARY INTL A","3031092","2026-09-15 16:00","2026","09","15","16:00","","8.9","","5.5","","79","","","","15","","9","","14.5","","89.49","","","","","","NA"
"-114.01","51.12","CALGARY INTL A","3031092","2026-09-15 17:00","2026","09","15","17:00","","8.8","","5.6","","80","","","","15","","7","","14.5","","89.50","","","","","","Cloudy"
"-114.01","51.12","CALGARY INTL A","3031092","2026-09-15 18:00","2026","09","15","18:00","","8.1","","5.7","","85","","","","18","","14","","14.5","","89.52","","","","","","NA"
"-114.01","51.12","CALGARY INTL A","3031092","2026-09-15 19:00","2026","09","15","19:00","","7.7","","6.5","","92","","","","17","","13","","19.3","","89.54","","","","","","NA"
"-114.01","51.12","CALGARY INTL A","3031092","2026-09-15 20:00","2026","09","15","20:00","","7.4","","6.1","","91","","","","16","","16","","8.1","","89.62","","","","","","Fog"
"-114.01","51.12","CALGARY INTL A","3031092","2026-09-15 21:00","2026","09","15","21:00","","7.1","","5.7","","91","","","","19","","12","","16.1","","89.63","","","","","","NA"
"-114.01","51.12","CALGARY INTL A","3031092","2026-09-15 22:00","2026","09","15","22:00","","6.6","","5.5","","92","","","","20","","11","","24.1","","89.61","","","","","","NA"
"-114.01","51.12","CALGARY INTL A","3031092","2026-09-15 23:00","2026","09","15","23:00","","6.7","","5.6","","93","","","","23","","10","","24.1","","89.62","","","","","","Clear"
"-114.01","51.12","CALGARY INTL A","3031092","2026-09-16 00:00","2026","09","16","00:00","","6.9","","5.7","","92","","","","22","","12","","11.3","","89.64","","","","","","NA"
"-114.01","51.12","CALGARY INTL A","3031092","2026-09-16 01:00","2026","09","16","01:00","","6.0","","5.2","","95","","","","22","","7","","24.1","","89.62","","","","","","NA"
"-114.01","51.12","CALGARY INTL A","3031092","2026-09-16 02:00","2026","09","16","02:00","","5.7","","5.0","","95","","","","27","","7","","11.3","","89.62","","","","","","Mainly Clear"
"-114.01","51.12","CALGARY INTL A","3031092","2026-09-16 03:00","2026","09","16","03:00","","5.3","","5.1","","98","","","","27","","6","","0.8","","89.63","","","","","","Fog"
"-114.01","51.12","CALGARY INTL A","3031092","2026-09-16 04:00","2026","09","16","04:00","","4.8","","4.5","","98","","","","22","","13","","1.6","","89.64","","","","","","Fog"
"-114.01","51.12","CALGARY INTL A","3031092","2026-09-16 05:00","2026","09","16","05:00","","4.8","","4.1","","95","","","","22","","13","","24.1","","89.67","","","","","","Clear"
"-114.01","51.12","CALGARY INTL A","3031092","2026-09-16 06:00","2026","09","16","06:00","","4.1","","3.4","","95","","","","22","","11","","24.1","","89.70","","","","","","NA"
"-114.01","51.12","CALGARY INTL A","3031092","2026-09-16 07:00","2026","09","16","07:00","","4.4","","3.2","","92","","","","21","","11","","32.2","","89.73","","","","","","NA"
"-114.01","51.12","CALGARY INTL A","3031092","2026-09-16 08:00","2026","09","16","08:00","","6.5","","3.9","","83","","","","21","","12","","32.2","","89.75","","","","","","Clear"
"-114.01","51.12","CALGARY INTL A","3031092","2026-09-16 09:00","2026","09","16","09:00","","9.3","","4.3","","70","","","","22","","10","","64.4","","89.78","","","","","","NA"
"-114.01","51.12","CALGARY INTL A","3031092","2026-09-16 10:00","2026","09","16","10:00","","12.2","","4.6","","60","","","","21","","9","","64.4","","89.78","","","","","","NA"
"-114.01","51.12","CALGARY INTL A","3031092","2026-09-16 11:00","2026","09","16","11:00","","13.9","","3.5","","49","","","","17","","14","","64.4","","89.72","","","","","","Clear"
"-114.01","51.12","CALGARY INTL A","3031092","2026-09-16 12:00","2026","09","16","12:00","","15.8","","2.1","","39","","","","18","","18","","64.4","","89.70","","","","","","NA"
"-114.01","51.12","CALGARY INTL A","3031092","2026-09-16 13:00","2026","09","16","13:00","","17.3","","2.0","","36","","","","18","","23","","48.3","","89.66","","","","","","NA"
"-114.01","51.12","CALGARY INTL A","3031092","2026-09-16 14:00","2026","09","16","14:00","","17.8","","1.3","","33","","","","17","","21","","48.3","","89.57","","","","","","Mainly Clear"
"-114.01","51.12","CALGARY INTL A","3031092","2026-09-16 15:00","2026","09","16","15:00","","18.3","","1.3","","32","","","","17","","23","","56.3","","89.52","","","","","","NA"
"-114.01","51.12","CALGARY INTL A","3031092","2026-09-16 16:00","2026","09","16","16:00","","18.7","","1.4","","31","","","","16","","23","","24.1","","89.49","","","","","","NA"
"-114.01","51.12","CALGARY INTL A","3031092","2026-09-16 17:00","2026","09","16","17:00","","18.1","","3.1","","37","","","","18","","17","","24.1","","89.45","","","","","","Clear"
"-114.01","51.12","CALGARY INTL A","3031092","2026-09-16 18:00","2026","09","16","18:00","","16.3","","2.9","","40","","","","18","","17","","24.1","","89.41","","","","","","NA"
"-114.01","51.12","CALGARY INTL A","3031092","2026-09-16 19:00","2026","09","16","19:00","","13.4","","2.9","","49","","","","18","","13","","32.2","","89.40","","","","","","NA"
"-114.01","51.12","CALGARY INTL A","3031092","2026-09-16 20:00","2026","09","16","20:00","","13.7","","3.5","","50","","","","17","","7","","24.1","","89.41","","","","","","Clear"
"-114.01","51.12","CALGARY INTL A","3031092","2026-09-16 21:00","2026","09","16","21:00","","12.6","","2.4","","50","","","","18","","7","","24.1","","89.40","","","","","","NA"
"-114.01","51.12","CALGARY INTL A","3031092","2026-09-16 22:00","2026","09","16","22:00","","9.3","","3.5","","67","","","","17","","10","","24.1","","89.38","","","","","","NA"
"-114.01","51.12","CALGARY INTL A","3031092","2026-09-16 23:00","2026","09","16","23:00","","9.3","","3.2","","66","","","","22","","4","","24.1","","89.34","","","","","","Clear"
"-114.01","51.12","CALGARY INTL A","3031092","2026-09-17 00:00","2026","09","17","00:00","","8.7","","3.4","","70","","","","","","0","","24.1","","89.35","","","","","","NA"
"-114.01","51.12","CALGARY INTL A","3031092","2026-09-17 01:00","2026","09","17","01:00","","7.4","","3.6","","77","","","","17","","5","","24.1","","89.33","","","","","","NA"
"-114.01","51.12","CALGARY INTL A","3031092","2026-09-17 02:00","2026","09","17","02:00","","6.4","","3.3","","81","","","","","","0","","24.1","","89.34","","","","","","Clear"
"-114.01","51.12","CALGARY INTL A","3031092","2026-09-17 03:00","2026","09","17","03:00","","6.9","","1.6","","69","","","","36","","9","","24.1","","89.32","","","","","","NA"
"-114.01","51.12","CALGARY INTL A","3031092","2026-09-17 04:00","2026","09","17","04:00","","6.3","","2.0","","74","","","","4","","4","","24.1","","89.33","","","","","","NA"
"-114.01","51.12","CALGARY INTL A","3031092","2026-09-17 05:00","2026","09","17","05:00","","7.2","","1.6","","67","","","","","","0","","24.1","","89.34","","","","","","Clear"
"-114.01","51.12","CALGARY INTL A","3031092","2026-09-17 06:00","2026","09","17","06:00","","6.3","","1.6","","72","","","","","","0","","24.1","","89.37","","","","","","NA"
"-114.01","51.12","CALGARY INTL A","3031092","2026-09-17 07:00","2026","09","17","07:00","","7.5","","1.7","","67","","","","","","0","","64.4","","89.38","","","","","","NA"
"-114.01","51.12","CALGARY INTL A","3031092","2026-09-17 08:00","2026","09","17","08:00","","9.8","","4.1","","67","","","","17","","4","","64.4","","89.39","","","","","","Clear"
"-114.01","51.12","CALGARY INTL A","3031092","2026-09-17 09:00","2026","09","17","09:00","","14.3","","4.3","","51","","","","32","","7","","64.4","","89.40","","","","","","NA"
"-114.01","51.12","CALGARY INTL A","3031092","2026-09-17 10:00","2026","09","17","10:00","","17.8","","2.3","","35","","","","36","","17","","64.4","","89.38","","","","","","NA"
"-114.01","51.12","CALGARY INTL A","3031092","2026-09-17 11:00","2026","09","17","11:00","","18.9","","3.9","","37","","","","2","","15","","64.4","","89.31","","","","","","Clear"
"-114.01","51.12","CALGARY INTL A","3031092","2026-09-17 12:00","2026","09","17","12:00","","19.8","","3.0","","32","","","","5","","12","","64.4","","89.27","","","","","","NA"
"-114.01","51.12","CALGARY INTL A","3031092","2026-09-17 13:00","2026","09","17","13:00","","20.0","","2.2","","30","","","","","","0","","64.4","","89.24","","","","","","NA"
"-114.01","51.12","CALGARY INTL A","3031092","2026-09-17 14:00","2026","09","17","14:00","","21.1","","2.6","","29","","","","6","","4","","64.4","","89.20","","","","","","Clear"
"-114.01","51.12","CALGARY INTL A","3031092","2026-09-17 15:00","2026","09","17","15:00","","21.5","","1.8","","27","","","","19","","6","","48.3","","89.17","","","","","","NA"
"-114.01","51.12","CALGARY INTL A","3031092","2026-09-17 16:00","2026","09","17","16:00","","21.5","","1.4","","26","","","","12","","7","","48.3","","89.13","","","","","","NA"
"-114.01","51.12","CALGARY INTL A","3031092","2026-09-17 17:00","2026","09","17","17:00","","20.9","","2.2","","29","","","","4","","3","","32.2","","89.12","","","","","","Clear"
"-114.01","51.12","CALGARY INTL A","3031092","2026-09-17 18:00","2026","09","17","18:00","","19.5","","3.2","","34","","","","14","","12","","32.2","","89.11","","","","","","NA"
"-114.01","51.12","CALGARY INTL A","3031092","2026-09-17 19:00","2026","09","17","19:00","","17.6","","3.3","","38","","","","12","","10","","32.2","","89.14","","","","","","NA"
"-114.01","51.12","CALGARY INTL A","3031092","2026-09-17 20:00","2026","09","17","20:00","","16.2","","1.6","","37","","","","13","","11","","24.1","","89.17","","","","","","Clear"
"-114.01","51.12","CALGARY INTL A","3031092","2026-09-17 21:00","2026","09","17","21:00","","14.0","","2.0","","44","","","","14","","8","","24.1","","89.20","","","","","","NA"
"-114.01","51.12","CALGARY INTL A","3031092","2026-09-17 22:00","2026","09","17","22:00","","12.8","","3.8","","54","","","","","","0","","24.1","","89.21","","","","","","NA"
"-114.01","51.12","CALGARY INTL A","3031092","2026-09-17 23:00","2026","09","17","23:00","","10.5","","3.6","","62","","","","","","0","","24.1","","89.23","","","","","","Clear"
"-114.01","51.12","CALGARY INTL A","3031092","2026-09-18 00:00","2026","09","18","00:00","","8.3","","3.7","","72","","","","33","","3","","24.1","","89.21","","","","","","NA"
"-114.01","51.12","CALGARY INTL A","3031092","2026-09-18 01:00","2026","09","18","01:00","","7.3","","2.7","","72","","","","33","","4","","24.1","","89.22","","","","","","NA"
"-114.01","51.12","CALGARY INTL A","3031092","2026-09-18 02:00","2026","09","18","02:00","","6.1","","2.2","","76","","","","2","","3","","24.1","","89.27","","","","","","Clear"
"-114.01","51.12","CALGARY INTL A","3031092","2026-09-18 03:00","2026","09","18","03:00","","6.5","","2.3","","74","","","","","","0","","24.1","","89.30","","","","","","NA"
"-114.01","51.12","CALGARY INTL A","3031092","2026-09-18 04:00","2026","09","18","04:00","","5.0","","2.4","","83","","","","1","","4","","24.1","","89.36","","","","","","NA"
"-114.01","51.12","CALGARY INTL A","3031092","2026-09-18 05:00","2026","09","18","05:00","","5.5","","2.3","","79","","","","36","","5","","24.1","","89.40","","","","","","Clear"
"-114.01","51.12","CALGARY INTL A","3031092","2026-09-18 06:00","2026","09","18","06:00","","5.5","","2.9","","83","","","","","","0","","24.1","","89.44","","","","","","NA"
"-114.01","51.12","CALGARY INTL A","3031092","2026-09-18 07:00","2026","09","18","07:00","","5.5","","3.0","","84","","","","34","","8","","64.4","","89.52","","","","","","NA"
"-114.01","51.12","CALGARY INTL A","3031092","2026-09-18 08:00","2026","09","18","08:00","","10.0","","4.6","","69","","","","35","","10","","64.4","","89.55","","","","","","Clear"
"-114.01","51.12","CALGARY INTL A","3031092","2026-09-18 09:00","2026","09","18","09:00","","13.0","","5.0","","58","","","","32","","10","","64.4","","89.58","","","","","","NA"
"-114.01","51.12","CALGARY INTL A","3031092","2026-09-18 10:00","2026","09","18","10:00","","15.9","","6.2","","52","","","","32","","7","","64.4","","89.58","","","","","","NA"
"-114.01","51.12","CALGARY INTL A","3031092","2026-09-18 11:00","2026","09","18","11:00","","17.4","","5.1","","44","","","","","","0","","48.3","","89.58","","","","","","Clear"
"-114.01","51.12","CALGARY INTL A","3031092","2026-09-18 12:00","2026","09","18","12:00","","19.4","","4.9","","38","","","","15","","13","","48.3","","89.56","","","","","","NA"
"-114.01","51.12","CALGARY INTL A","3031092","2026-09-18 13:00","2026","09","18","13:00","","20.5","","5.5","","37","","","","17","","13","","32.2","","89.54","","","","","","NA"
"-114.01","51.12","CALGARY INTL A","3031092","2026-09-18 14:00","2026","09","18","14:00","","21.1","","3.9","","32","","","","14","","17","","32.2","","89.50","","","","","","Clear"
"-114.01","51.12","CALGARY INTL A","3031092","2026-09-18 15:00","2026","09","18","15:00","","21.5","","2.8","","29","","","","16","","12","","32.2","","89.44","","","","","","NA"
"-114.01","51.12","CALGARY INTL A","3031092","2026-09-18 16:00","2026","09","18","16:00","","21.6","","2.6","","28","","","","15","","20","","32.2","","89.43","","","","","","NA"
"-114.01","51.12","CALGARY INTL A","3031092","2026-09-18 17:00","2026","09","18","17:00","","20.9","","4.3","","33","","","","16","","15","","32.2","","89.45","","","","","","Mainly Clear"
"-114.01","51.12","CALGARY INTL A","3031092","2026-09-18 18:00","2026","09","18","18:00","","19.7","","4.3","","36","","","","14","","21","","32.2","","89.47","","","","","","NA"
"-114.01","51.12","CALGARY INTL A","3031092","2026-09-18 19:00","2026","09","18","19:00","","17.6","","4.2","","41","","","","13","","15","","64.4","","89.52","","","","","","NA"
"-114.01","51.12","CALGARY INTL A","3031092","2026-09-18 20:00","2026","09","18","20:00","","16.6","","4.4","","44","","","","14","","20","","24.1","","89.55","","","","","","Clear"
"-114.01","51.12","CALGARY INTL A","3031092","2026-09-18 21:00","2026","09","18","21:00","","13.2","","5.2","","58","","","","18","","12","","24.1","","89.58","","","","","","NA"
"-114.01","51.12","CALGARY INTL A","3031092","2026-09-18 22:00","2026","09","18","22:00","","13.4","","5.3","","58","","","","19","","8","","24.1","","89.59","","","","","","NA"
"-114.01","51.12","CALGARY INTL A","3031092","2026-09-18 23:00","2026","09","18","23:00","","13.4","","5.4","","58","","","","23","","3","","24.1","","89.61","","","","","","Clear"
"-114.01","51.12","CALGARY INTL A","3031092","2026-09-19 00:00","2026","09","19","00:00","","11.0","","5.4","","68","","","","","","0","","24.1","","89.62","","","","","","NA"
"-114.01","51.12","CALGARY INTL A","3031092","2026-09-19 01:00","2026","09","19","01:00","","9.4","","5.0","","74","","","","36","","4","","24.1","","89.62","","","","","","NA"
"-114.01","51.12","CALGARY INTL A","3031092","2026-09-19 02:00","2026","09","19","02:00","","8.6","","4.8","","77","","","","32","","3","","24.1","","89.61","","","","","","Clear"
"-114.01","51.12","CALGARY INTL A","3031092","2026-09-19 03:00","2026","09","19","03:00","","7.2","","3.9","","80","","","","11","","3","","24.1","","89.62","","","","","","NA"
"-114.01","51.12","CALGARY INTL A","3031092","2026-09-19 04:00","2026","09","19","04:00","","7.7","","5.2","","84","","","","20","","3","","24.1","","89.61","","","","","","NA"
"-114.01","51.12","CALGARY INTL A","3031092","2026-09-19 05:00","2026","09","19","05:00","","6.4","","4.4","","87","","","","13","","3","","24.1","","89.61","","","","","","Clear"
"-114.01","51.12","CALGARY INTL A","3031092","2026-09-19 06:00","2026","09","19","06:00","","6.2","","4.1","","87","","","","20","","3","","16.1","","89.60","","","","","","NA"
"-114.01","51.12","CALGARY INTL A","3031092","2026-09-19 07:00","2026","09","19","07:00","","5.9","","3.9","","87","","","","20","","9","","24.1","","89.61","","","","","","NA"
"-114.01","51.12","CALGARY INTL A","3031092","2026-09-19 08:00","2026","09","19","08:00","","9.2","","5.3","","76","","","","21","","8","","32.2","","89.62","","","","","","Clear"
"-114.01","51.12","CALGARY INTL A","3031092","2026-09-19 09:00","2026","09","19","09:00","","12.3","","6.6","","68","","","","19","","11","","32.2","","89.59","","","","","","NA"
"-114.01","51.12","CALGARY INTL A","3031092","2026-09-19 10:00","2026","09","19","10:00","","15.5","","7.2","","58","","","","19","","18","","24.1","","89.58","","","","","","NA"
"-114.01","51.12","CALGARY INTL A","3031092","2026-09-19 11:00","2026","09","19","11:00","","18.0","","8.2","","52","","","","17","","26","","24.1","","89.55","","","","","","Mainly Clear"
"-114.01","51.12","CALGARY INTL A","3031092","2026-09-19 12:00","2026","09","19","12:00","","20.5","","9.0","","47","","","","17","","34","","24.1","","89.50","","","","","","NA"
"-114.01","51.12","CALGARY INTL A","3031092","2026-09-19 13:00","2026","09","19","13:00","","21.2","","7.8","","42","","","","19","","34","","24.1","","89.43","","","","","","NA"
"-114.01","51.12","CALGARY INTL A","3031092","2026-09-19 14:00","2026","09","19","14:00","","21.9","","8.1","","41","","","","17","","34","","24.1","","89.38","","","","","","Mostly Cloudy"
"-114.01","51.12","CALGARY INTL A","3031092","2026-09-19 15:00","2026","09","19","15:00","","22.3","","8.1","","40","","","","17","","34","","24.1","","89.34","","","","","","NA"
"-114.01","51.12","CALGARY INTL A","3031092","2026-09-19 16:00","2026","09","19","16:00","","21.7","","7.9","","40","","","","18","","30","","24.1","","89.32","","","","","","NA"
"-114.01","51.12","CALGARY INTL A","3031092","2026-09-19 17:00","2026","09","19","17:00","","21.3","","7.5","","40","","","","16","","25","","24.1","","89.31","","","","","","Mostly Cloudy"
"-114.01","51.12","CALGARY INTL A","3031092","2026-09-19 18:00","2026","09","19","18:00","","19.8","","7.1","","43","","","","16","","26","","24.1","","89.31","","","","","","NA"
"-114.01","51.12","CALGARY INTL A","3031092","2026-09-19 19:00","2026","09","19","19:00","","17.8","","6.8","","48","","","","16","","21","","64.4","","89.32","","","","","","NA"
"-114.01","51.12","CALGARY INTL A","3031092","2026-09-19 20:00","2026","09","19","20:00","","15.8","","6.6","","54","","","","16","","16","","24.1","","89.33","","","","","","Clear"
"-114.01","51.12","CALGARY INTL A","3031092","2026-09-19 21:00","2026","09","19","21:00","","14.4","","6.4","","58","","","","16","","16","","24.1","","89.32","","","","","","NA"
"-114.01","51.12","CALGARY INTL A","3031092","2026-09-19 22:00","2026","09","19","22:00","","14.0","","6.0","","58","","","","17","","21","","24.1","","89.30","","","","","","NA"
"-114.01","51.12","CALGARY INTL A","3031092","2026-09-19 23:00","2026","09","19","23:00","","11.9","","6.4","","69","","","","17","","15","","24.1","","89.26","","","","","","Clear"
"-114.01","51.12","CALGARY INTL A","3031092","2026-09-20 00:00","2026","09","20","00:00","","9.9","","6.2","","77","","","","18","","12","","24.1","","89.26","","","","","","NA"
"-114.01","51.12","CALGARY INTL A","3031092","2026-09-20 01:00","2026","09","20","01:00","","9.2","","6.5","","83","","","","17","","9","","24.1","","89.27","","","","","","NA"
"-114.01","51.12","CALGARY INTL A","3031092","2026-09-20 02:00","2026","09","20","02:00","","10.1","","6.5","","78","","","","20","","8","","24.1","","89.25","","","","","","Clear"
"-114.01","51.12","CALGARY INTL A","3031092","2026-09-20 03:00","2026","09","20","03:00","","7.9","","5.6","","86","","","","20","","8","","24.1","","89.25","","","","","","NA"
"-114.01","51.12","CALGARY INTL A","3031092","2026-09-20 04:00","2026","09","20","04:00","","7.4","","5.4","","87","","","","21","","5","","24.1","","89.29","","","","","","NA"
"-114.01","51.12","CALGARY INTL A","3031092","2026-09-20 05:00","2026","09","20","05:00","","7.6","","4.5","","80","","","","22","","7","","24.1","","89.28","","","","","","Clear"
"-114.01","51.12","CALGARY INTL A","3031092","2026-09-20 06:00","2026","09","20","06:00","","8.2","","3.5","","72","","","","28","","4","","48.3","","89.30","","","","","","NA"
"-114.01","51.12","CALGARY INTL A","3031092","2026-09-20 07:00","2026","09","20","07:00","","7.2","","3.8","","79","","","","19","","5","","32.2","","89.34","","","","","","NA"
"-114.01","51.12","CALGARY INTL A","3031092","2026-09-20 08:00","2026","09","20","08:00","","11.0","","4.2","","62","","","","","","0","","32.2","","89.37","","","","","","Clear"
"-114.01","51.12","CALGARY INTL A","3031092","2026-09-20 09:00","2026","09","20","09:00","","14.7","","5.8","","55","","","","22","","5","","32.2","","89.37","","","","","","NA"
"-114.01","51.12","CALGARY INTL A","3031092","2026-09-20 10:00","2026","09","20","10:00","","18.2","","7.4","","49","","","","21","","9","","24.1","","89.36","","","","","","NA"
"-114.01","51.12","CALGARY INTL A","3031092","2026-09-20 11:00","2026","09","20","11:00","","21.1","","6.6","","39","","","","22","","8","","24.1","","89.36","","","","","","Mainly Clear"
"-114.01","51.12","CALGARY INTL A","3031092","2026-09-20 12:00","2026","09","20","12:00","","22.3","","4.0","","30","","","","","","0","","32.2","","89.30","","","","","","NA"
"-114.01","51.12","CALGARY INTL A","3031092","2026-09-20 13:00","2026","09","20","13:00","","23.2","","4.8","","30","","","","","","0","","24.1","","89.25","","","","","","NA"
"-114.01","51.12","CALGARY INTL A","3031092","2026-09-20 14:00","2026","09","20","14:00","","24.3","","1.5","","22","","","","17","","10","","24.1","","89.22","","","","","","Mainly Clear"
"-114.01","51.12","CALGARY INTL A","3031092","2026-09-20 15:00","2026","09","20","15:00","","24.3","","1.4","","22","","","","18","","10","","24.1","","89.18","","","","","","NA"
"-114.01","51.12","CALGARY INTL A","3031092","2026-09-20 16:00","2026","09","20","16:00","","24.1","","2.0","","23","","","","18","","12","","24.1","","89.16","","","","","","NA"
"-114.01","51.12","CALGARY INTL A","3031092","2026-09-20 17:00","2026","09","20","17:00","","23.3","","4.8","","30","","","","19","","14","","24.1","","89.14","","","","","","Mainly Clear"
"-114.01","51.12","CALGARY INTL A","3031092","2026-09-20 18:00","2026","09","20","18:00","","21.3","","4.1","","32","","","","17","","13","","24.1","","89.12","","","","","","NA"
"-114.01","51.12","CALGARY INTL A","3031092","2026-09-20 19:00","2026","09","20","19:00","","19.2","","3.4","","35","","","","17","","10","","64.4","","89.11","","","","","","NA"
"-114.01","51.12","CALGARY INTL A","3031092","2026-09-20 20:00","2026","09","20","20:00","","18.8","","4.0","","37","","","","16","","4","","24.1","","89.13","","","","","","Mainly Clear"
"-114.01","51.12","CALGARY INTL A","3031092","2026-09-20 21:00","2026","09","20","21:00","","17.0","","4.7","","44","","","","15","","5","","24.1","","89.12","","","","","","NA"
"-114.01","51.12","CALGARY INTL A","3031092","2026-09-20 22:00","2026","09","20","22:00","","16.4","","4.8","","46","","","","17","","7","","24.1","","89.12","","","","","","NA"
"-114.01","51.12","CALGARY INTL A","3031092","2026-09-20 23:00","2026","09","20","23:00","","12.2","","5.4","","63","","","","","","0","","24.1","","89.11","","","","","","Clear"
"-114.01","51.12","CALGARY INTL A","3031092","2026-09-21 00:00","2026","09","21","00:00","","10.8","","4.7","","66","","","","32","","7","","24.1","","89.10","","","","","","NA"
"-114.01","51.12","CALGARY INTL A","3031092","2026-09-21 01:00","2026","09","21","01:00","","10.2","","5.4","","72","","","","18","","9","","24.1","","89.10","","","","","","NA"
"-114.01","51.12","CALGARY INTL A","3031092","2026-09-21 02:00","2026","09","21","02:00","","10.4","","4.5","","67","","","","22","","12","","24.1","","89.08","","","","","","Clear"
"-114.01","51.12","CALGARY INTL A","3031092","2026-09-21 03:00","2026","09","21","03:00","","9.2","","4.0","","70","","","","19","","5","","24.1","","89.06","","","","","","NA"
"-114.01","51.12","CALGARY INTL A","3031092","2026-09-21 04:00","2026","09","21","04:00","","10.5","","3.8","","63","","","","23","","14","","24.1","","89.04","","","","","","NA"
"-114.01","51.12","CALGARY INTL A","3031092","2026-09-21 05:00","2026","09","21","05:00","","10.5","","3.6","","62","","","","22","","11","","24.1","","89.02","","","","","","Mainly Clear"
"-114.01","51.12","CALGARY INTL A","3031092","2026-09-21 06:00","2026","09","21","06:00","","10.5","","3.6","","62","","","","22","","10","","32.2","","89.02","","","","","","NA"
"-114.01","51.12","CALGARY INTL A","3031092","2026-09-21 07:00","2026","09","21","07:00","","9.9","","4.1","","67","","","","","","0","","32.2","","89.01","","","","","","NA"
"-114.01","51.12","CALGARY INTL A","3031092","2026-09-21 08:00","2026","09","21","08:00","","13.2","","5.1","","58","","","","19","","6","","32.2","","88.99","","","","","","Mostly Cloudy"
"-114.01","51.12","CALGARY INTL A","3031092","2026-09-21 09:00","2026","09","21","09:00","","16.9","","4.3","","43","","","","","","0","","32.2","","88.96","","","","","","NA"
"-114.01","51.12","CALGARY INTL A","3031092","2026-09-21 10:00","2026","09","21","10:00","","19.5","","7.0","","44","","","","16","","7","","32.2","","88.92","","","","","","NA"
"-114.01","51.12","CALGARY INTL A","3031092","2026-09-21 11:00","2026","09","21","11:00","","22.2","","6.6","","36","","","","18","","7","","32.2","","88.88","","","","","","Mainly Clear"
"-114.01","51.12","CALGARY INTL A","3031092","2026-09-21 12:00","2026","09","21","12:00","","23.5","","4.7","","29","","","","17","","14","","32.2","","88.82","","","","","","NA"
"-114.01","51.12","CALGARY INTL A","3031092","2026-09-21 13:00","2026","09","21","13:00","","24.4","","4.6","","27","","","","18","","14","","32.2","","88.78","","","","","","NA"
"-114.01","51.12","CALGARY INTL A","3031092","2026-09-21 14:00","2026","09","21","14:00","","25.5","","3.8","","24","","","","18","","9","","32.2","","88.72","","","","","","Clear"
"-114.01","51.12","CALGARY INTL A","3031092","2026-09-21 15:00","2026","09","21","15:00","","26.4","","2.5","","21","","","","17","","9","","32.2","","88.66","","25","","","","NA"
"-114.01","51.12","CALGARY INTL A","3031092","2026-09-21 16:00","2026","09","21","16:00","","26.5","","1.7","","20","","","","13","","14","","32.2","","88.60","","25","","","","NA"
"-114.01","51.12","CALGARY INTL A","3031092","2026-09-21 17:00","2026","09","21","17:00","","25.9","","1.1","","19","","","","17","","15","","24.1","","88.55","","","","","","Clear"
"-114.01","51.12","CALGARY INTL A","3031092","2026-09-21 18:00","2026","09","21","18:00","","23.0","","1.9","","25","","","","18","","16","","32.2","","88.50","","","","","","NA"
"-114.01","51.12","CALGARY INTL A","3031092","2026-09-21 19:00","2026","09","21","19:00","","22.4","","1.8","","25","","","","22","","5","","32.2","","88.52","","","","","","NA"
"-114.01","51.12","CALGARY INTL A","3031092","2026-09-21 20:00","2026","09","21","20:00","","20.4","","-1.5","","23","","","","23","","14","","24.1","","88.55","","","","","","Clear"
"-114.01","51.12","CALGARY INTL A","3031092","2026-09-21 21:00","2026","09","21","21:00","","19.9","","-1.1","","24","","","","23","","10","","24.1","","88.56","","","","","","NA"
"-114.01","51.12","CALGARY INTL A","3031092","2026-09-21 22:00","2026","09","21","22:00","","17.2","","0.0","","31","","","","19","","7","","24.1","","88.57","","","","","","NA"
"-114.01","51.12","CALGARY INTL A","3031092","2026-09-21 23:00","2026","09","21","23:00","","17.4","","-0.2","","30","","","","25","","7","","24.1","","88.56","","","","","","Clear"
"-114.01","51.12","CALGARY INTL A","3031092","2026-09-22 00:00","2026","09","22","00:00","","15.8","","0.4","","35","","","","21","","8","","24.1","","88.55","","","","","","NA"
"-114.01","51.12","CALGARY INTL A","3031092","2026-09-22 01:00","2026","09","22","01:00","","15.7","","1.6","","38","","","","22","","14","","24.1","","88.52","","","","","","NA"
"-114.01","51.12","CALGARY INTL A","3031092","2026-09-22 02:00","2026","09","22","02:00","","14.0","","1.9","","43","","","","23","","8","","24.1","","88.52","","","","","","Mainly Clear"
"-114.01","51.12","CALGARY INTL A","3031092","2026-09-22 03:00","2026","09","22","03:00","","11.8","","2.0","","51","","","","18","","12","","24.1","","88.51","","","","","","NA"
"-114.01","51.12","CALGARY INTL A","3031092","2026-09-22 04:00","2026","09","22","04:00","","10.9","","2.2","","55","","","","18","","9","","24.1","","88.51","","","","","","NA"
"-114.01","51.12","CALGARY INTL A","3031092","2026-09-22 05:00","2026","09","22","05:00","","13.6","","2.0","","45","","","","23","","16","","24.1","","88.50","","","","","","Clear"
"-114.01","51.12","CALGARY INTL A","3031092","2026-09-22 06:00","2026","09","22","06:00","","11.3","","2.1","","53","","","","20","","8","","24.1","","88.53","","","","","","NA"
"-114.01","51.12","CALGARY INTL A","3031092","2026-09-22 07:00","2026","09","22","07:00","","11.3","","2.4","","54","","","","22","","10","","24.1","","88.57","","","","","","NA"
"-114.01","51.12","CALGARY INTL A","3031092","2026-09-22 08:00","2026","09","22","08:00","","11.2","","3.2","","58","","","","","","0","","24.1","","88.62","","","","","","Mainly Clear"
"-114.01","51.12","CALGARY INTL A","3031092","2026-09-22 09:00","2026","09","22","09:00","","16.5","","4.3","","44","","","","17","","3","","24.1","","88.64","","","","","","NA"
"-114.01","51.12","CALGARY INTL A","3031092","2026-09-22 10:00","2026","09","22","10:00","","21.8","","5.6","","35","","","","34","","7","","24.1","","88.68","","","","","","NA"
"-114.01","51.12","CALGARY INTL A","3031092","2026-09-22 11:00","2026","09","22","11:00","","18.1","","5.3","","43","","","","35","","35","","24.1","","88.77","","","","","","Mainly Clear"
"-114.01","51.12","CALGARY INTL A","3031092","2026-09-22 12:00","2026","09","22","12:00","","18.0","","5.6","","44","","","","1","","31","","24.1","","88.79","","","","","","NA"
"-114.01","51.12","CALGARY INTL A","3031092","2026-09-22 13:00","2026","09","22","13:00","","18.5","","6.1","","44","","","","2","","29","","24.1","","88.80","","","","","","NA"
"-114.01","51.12","CALGARY INTL A","3031092","2026-09-22 14:00","2026","09","22","14:00","","17.8","","6.1","","46","","","","2","","25","","24.1","","88.78","","","","","","Mostly Cloudy"
"-114.01","51.12","CALGARY INTL A","3031092","2026-09-22 15:00","2026","09","22","15:00","","18.6","","6.3","","44","","","","2","","17","","19.3","","88.77","","","","","","NA"
"-114.01","51.12","CALGARY INTL A","3031092","2026-09-22 16:00","2026","09","22","16:00","","18.4","","6.2","","44","","","","2","","13","","16.1","","88.77","","","","","","NA"
"-114.01","51.12","CALGARY INTL A","3031092","2026-09-22 17:00","2026","09","22","17:00","","18.0","","5.4","","43","","","","5","","17","","16.1","","88.77","","","","","","Mostly Cloudy"
"-114.01","51.12","CALGARY INTL A","3031092","2026-09-22 18:00","2026","09","22","18:00","","16.0","","6.8","","54","","","","7","","10","","16.1","","88.80","","","","","","NA"
"-114.01","51.12","CALGARY INTL A","3031092","2026-09-22 19:00","2026","09","22","19:00","","14.3","","6.0","","57","","","","7","","9","","32.2","","88.82","","","","","","NA"
"-114.01","51.12","CALGARY INTL A","3031092","2026-09-22 20:00","2026","09","22","20:00","","12.9","","6.1","","63","","","","6","","8","","24.1","","88.84","","","","","","Mostly Cloudy"
"-114.01","51.12","CALGARY INTL A","3031092","2026-09-22 21:00","2026","09","22","21:00","","11.7","","5.8","","67","","","","34","","7","","24.1","","88.85","","","","","","NA"
"-114.01","51.12","CALGARY INTL A","3031092","2026-09-22 22:00","2026","09","22","22:00","","11.2","","5.5","","68","","","","2","","7","","24.1","","88.86","","","","","","NA"
"-114.01","51.12","CALGARY INTL A","3031092","2026-09-22 23:00","2026","09","22","23:00","","9.9","","5.3","","73","","","","36","","5","","24.1","","88.86","","","","","","Mainly Clear"
"-114.01","51.12","CALGARY INTL A","3031092","2026-09-23 00:00","2026","09","23","00:00","","9.5","","5.3","","75","","","","","","0","","24.1","","88.83","","","","","","NA"
"-114.01","51.12","CALGARY INTL A","3031092","2026-09-23 01:00","2026","09","23","01:00","","8.2","","4.8","","79","","","","","","0","","24.1","","88.82","","","","","","NA"
"-114.01","51.12","CALGARY INTL A","3031092","2026-09-23 02:00","2026","09","23","02:00","","7.0","","3.9","","81","","","","34","","6","","24.1","","88.80","","","","","","Clear"
"-114.01","51.12","CALGARY INTL A","3031092","2026-09-23 03:00","2026","09","23","03:00","","6.1","","3.1","","81","","","","","","0","","24.1","","88.77","","","","","","NA"
"-114.01","51.12","CALGARY INTL A","3031092","2026-09-23 04:00","2026","09","23","04:00","","6.5","","3.7","","82","","","","20","","5","","24.1","","88.76","","","","","","NA"
"-114.01","51.12","CALGARY INTL A","3031092","2026-09-23 05:00","2026","09","23","05:00","","5.2","","3.0","","85","","","","33","","8","","24.1","","88.76","","","","","","Mostly Cloudy"
"-114.01","51.12","CALGARY INTL A","3031092","2026-09-23 06:00","2026","09","23","06:00","","5.9","","3.5","","84","","","","19","","7","","24.1","","88.74","","","","","","NA"
"-114.01","51.12","CALGARY INTL A","3031092","2026-09-23 07:00","2026","09","23","07:00","","7.3","","4.6","","83","","","","21","","10","","32.2","","88.76","","","","","","NA"
"-114.01","51.12","CALGARY INTL A","3031092","2026-09-23 08:00","2026","09","23","08:00","","8.3","","5.2","","81","","","","20","","9","","32.2","","88.78","","","","","","Mostly Cloudy"
"-114.01","51.12","CALGARY INTL A","3031092","2026-09-23 09:00","2026","09","23","09:00","","13.1","","7.2","","67","","","","21","","5","","32.2","","88.82","","","","","","NA"
"-114.01","51.12","CALGARY INTL A","3031092","2026-09-23 10:00","2026","09","23","10:00","","15.1","","4.2","","48","","","","26","","6","","32.2","","88.86","","","","","","NA"
"-114.01","51.12","CALGARY INTL A","3031092","2026-09-23 11:00","2026","09","23","11:00","","15.8","","6.9","","55","","","","3","","10","","48.3","","88.93","","","","","","Mostly Cloudy"
"-114.01","51.12","CALGARY INTL A","3031092","2026-09-23 12:00","2026","09","23","12:00","","16.1","","6.6","","53","","","","36","","5","","48.3","","88.93","","","","","","NA"
"-114.01","51.12","CALGARY INTL A","3031092","2026-09-23 13:00","2026","09","23","13:00","","17.4","","6.5","","48","","","","34","","3","","32.2","","88.92","","","","","","NA"
"-114.01","51.12","CALGARY INTL A","3031092","2026-09-23 14:00","2026","09","23","14:00","","18.3","","6.7","","46","","","","10","","6","","32.2","","88.90","","","","","","Mostly Cloudy"
"-114.01","51.12","CALGARY INTL A","3031092","2026-09-23 15:00","2026","09","23","15:00","","18.8","","5.7","","42","","","","16","","11","","32.2","","88.91","","","","","","NA"
"-114.01","51.12","CALGARY INTL A","3031092","2026-09-23 16:00","2026","09","23","16:00","","19.8","","6.2","","41","","","","10","","17","","14.5","","88.89","","","","","","NA"
"-114.01","51.12","CALGARY INTL A","3031092","2026-09-23 17:00","2026","09","23","17:00","","17.6","","6.8","","49","","","","9","","15","","14.5","","88.93","","","","","","Cloudy"
"-114.01","51.12","CALGARY INTL A","3031092","2026-09-23 18:00","2026","09","23","18:00","","15.1","","6.9","","58","","","","10","","11","","16.1","","88.89","","","","","","NA"
"-114.01","51.12","CALGARY INTL A","3031092","2026-09-23 19:00","2026","09","23","19:00","","13.2","","6.1","","62","","","","2","","11","","32.2","","88.93","","","","","","NA"
"-114.01","51.12","CALGARY INTL A","3031092","2026-09-23 20:00","2026","09","23","20:00","","10.8","","6.2","","73","","","","34","","13","","24.1","","88.98","","","","","","Clear"
"-114.01","51.12","CALGARY INTL A","3031092","2026-09-23 21:00","2026","09","23","21:00","","9.6","","5.8","","77","","","","35","","14","","24.1","","89.03","","","","","","NA"
"-114.01","51.12","CALGARY INTL A","3031092","2026-09-23 22:00","2026","09","23","22:00","","9.2","","6.0","","81","","","","35","","15","","24.1","","89.06","","","","","","NA"
"-114.01","51.12","CALGARY INTL A","3031092","2026-09-23 23:00","2026","09","23","23:00","","8.6","","6.3","","85","","","","35","","12","","24.1","","89.09","","","","","","Clear"
"-114.01","51.12","CALGARY INTL A","3031092","2026-09-24 00:00","2026","09","24","00:00","","8.8","","6.7","","86","","","","34","","15","","24.1","","89.13","","","","","","NA"
"-114.01","51.12","CALGARY INTL A","3031092","2026-09-24 01:00","2026","09","24","01:00","","7.8","","5.8","","87","","","","34","","15","","24.1","","89.18","","","","","","NA"
"-114.01","51.12","CALGARY INTL A","3031092","2026-09-24 02:00","2026","09","24","02:00","","7.4","","5.4","","87","","","","35","","13","","24.1","","89.21","","","","","","Mainly Clear"
"-114.01","51.12","CALGARY INTL A","3031092","2026-09-24 03:00","2026","09","24","03:00","","7.0","","5.5","","90","","","","33","","7","","24.1","","89.25","","","","","","NA"
"-114.01","51.12","CALGARY INTL A","3031092","2026-09-24 04:00","2026","09","24","04:00","","6.3","","4.7","","90","","","","34","","10","","24.1","","89.25","","","","","","NA"
"-114.01","51.12","CALGARY INTL A","3031092","2026-09-24 05:00","2026","09","24","05:00","","6.3","","4.9","","91","","","","33","","8","","24.1","","89.28","","","","","","Mainly Clear"
"-114.01","51.12","CALGARY INTL A","3031092","2026-09-24 06:00","2026","09","24","06:00","","6.5","","4.9","","89","","","","","","0","","24.1","","89.31","","","","","","NA"
"-114.01","51.12","CALGARY INTL A","3031092","2026-09-24 07:00","2026","09","24","07:00","","6.4","","4.8","","90","","","","35","","6","","12.9","","89.35","","","","","","NA"
"-114.01","51.12","CALGARY INTL A","3031092","2026-09-24 08:00","2026","09","24","08:00","","8.4","","6.3","","86","","","","1","","3","","16.1","","89.37","","","","","","Mostly Cloudy"
"-114.01","51.12","CALGARY INTL A","3031092","2026-09-24 09:00","2026","09","24","09:00","","9.8","","7.1","","83","","","","","","0","","16.1","","89.35","","","","","","NA"
"-114.01","51.12","CALGARY INTL A","3031092","2026-09-24 10:00","2026","09","24","10:00","","11.7","","7.5","","75","","","","10","","7","","16.1","","89.31","","","","","","NA"
"-114.01","51.12","CALGARY INTL A","3031092","2026-09-24 11:00","2026","09","24","11:00","","12.7","","8.7","","76","","","","22","","4","","16.1","","89.29","","","","","","Cloudy"
"-114.01","51.12","CALGARY INTL A","3031092","2026-09-24 12:00","2026","09","24","12:00","","14.4","","9.2","","71","","","","14","","15","","16.1","","89.21","","","","","","NA"
"-114.01","51.12","CALGARY INTL A","3031092","2026-09-24 13:00","2026","09","24","13:00","","15.1","","9.4","","69","","","","16","","16","","16.1","","89.16","","","","","","NA"
"-114.01","51.12","CALGARY INTL A","3031092","2026-09-24 14:00","2026","09","24","14:00","","15.8","","9.6","","67","","","","13","","8","","24.1","","89.09","","","","","","Mostly Cloudy"
"-114.01","51.12","CALGARY INTL A","3031092","2026-09-24 15:00","2026","09","24","15:00","","17.8","","9.1","","57","","","","16","","16","","24.1","","89.01","","","","","","NA"
"-114.01","51.12","CALGARY INTL A","3031092","2026-09-24 16:00","2026","09","24","16:00","","18.2","","8.8","","54","","","","10","","17","","24.1","","88.97","","","","","","NA"
"-114.01","51.12","CALGARY INTL A","3031092","2026-09-24 17:00","2026","09","24","17:00","","17.9","","8.7","","55","","","","11","","23","","24.1","","88.93","","","","","","Mostly Cloudy"
"-114.01","51.12","CALGARY INTL A","3031092","2026-09-24 18:00","2026","09","24","18:00","","16.5","","9.4","","63","","","","11","","21","","16.1","","88.93","","","","","","NA"
"-114.01","51.12","CALGARY INTL A","3031092","2026-09-24 19:00","2026","09","24","19:00","","14.6","","9.0","","69","","","","10","","15","","24.1","","88.92","","","","","","NA"
"-114.01","51.12","CALGARY INTL A","3031092","2026-09-24 20:00","2026","09","24","20:00","","13.7","","8.6","","71","","","","12","","16","","24.1","","88.88","","","","","","Mostly Cloudy"
"-114.01","51.12","CALGARY INTL A","3031092","2026-09-24 21:00","2026","09","24","21:00","","13.0","","8.1","","72","","","","12","","16","","24.1","","88.83","","","","","","NA"
"-114.01","51.12","CALGARY INTL A","3031092","2026-09-24 22:00","2026","09","24","22:00","","12.4","","7.6","","72","","","","18","","10","","24.1","","88.78","","","","","","NA"
"-114.01","51.12","CALGARY INTL A","3031092","2026-09-24 23:00","2026","09","24","23:00","","11.7","","6.8","","72","","","","19","","7","","24.1","","88.73","","","","","","Mostly Cloudy"
"-114.01","51.12","CALGARY INTL A","3031092","2026-09-25 00:00","2026","09","25","00:00","","10.4","","5.8","","73","","","","17","","8","","24.1","","88.63","","","","","","NA"
"-114.01","51.12","CALGARY INTL A","3031092","2026-09-25 01:00","2026","09","25","01:00","","10.6","","5.8","","72","","","","20","","3","","24.1","","88.52","","","","","","NA"
"-114.01","51.12","CALGARY INTL A","3031092","2026-09-25 02:00","2026","09","25","02:00","","9.6","","4.7","","71","","","","19","","5","","24.1","","88.45","","","","","","Clear"
"-114.01","51.12","CALGARY INTL A","3031092","2026-09-25 03:00","2026","09","25","03:00","","8.4","","5.4","","81","","","","14","","7","","16.1","","88.35","","","","","","NA"
"-114.01","51.12","CALGARY INTL A","3031092","2026-09-25 04:00","2026","09","25","04:00","","8.4","","4.9","","78","","","","18","","7","","16.1","","88.28","","","","","","NA"
"-114.01","51.12","CALGARY INTL A","3031092","2026-09-25 05:00","2026","09","25","05:00","","8.2","","5.3","","82","","","","19","","8","","24.1","","88.19","","","","","","Mostly Cloudy"
"-114.01","51.12","CALGARY INTL A","3031092","2026-09-25 06:00","2026","09","25","06:00","","7.4","","5.1","","85","","","","18","","9","","24.1","","88.14","","","","","","NA"
"-114.01","51.12","CALGARY INTL A","3031092","2026-09-25 07:00","2026","09","25","07:00","","8.0","","5.5","","84","","","","20","","8","","32.2","","88.09","","","","","","NA"
"-114.01","51.12","CALGARY INTL A","3031092","2026-09-25 08:00","2026","09","25","08:00","","8.8","","5.5","","80","","","","23","","7","","64.4","","88.03","","","","","","Mostly Cloudy"
"-114.01","51.12","CALGARY INTL A","3031092","2026-09-25 09:00","2026","09","25","09:00","","9.6","","5.8","","77","","","","19","","8","","48.3","","87.92","","","","","","NA"
"-114.01","51.12","CALGARY INTL A","3031092","2026-09-25 10:00","2026","09","25","10:00","","13.4","","7.0","","65","","","","18","","9","","32.2","","87.88","","","","","","NA"
"-114.01","51.12","CALGARY INTL A","3031092","2026-09-25 11:00","2026","09","25","11:00","","14.9","","7.3","","60","","","","19","","14","","32.2","","87.79","","","","","","Cloudy"
"-114.01","51.12","CALGARY INTL A","3031092","2026-09-25 12:00","2026","09","25","12:00","","16.6","","7.8","","55","","","","16","","18","","24.1","","87.74","","","","","","NA"
"-114.01","51.12","CALGARY INTL A","3031092","2026-09-25 13:00","2026","09","25","13:00","","19.3","","8.4","","49","","","","17","","20","","24.1","","87.67","","","","","","NA"
"-114.01","51.12","CALGARY INTL A","3031092","2026-09-25 14:00","2026","09","25","14:00","","22.3","","8.7","","41","","","","18","","25","","24.1","","87.63","","","","","","Cloudy"
"-114.01","51.12","CALGARY INTL A","3031092","2026-09-25 15:00","2026","09","25","15:00","","22.1","","3.9","","30","","","","19","","35","","24.1","","87.63","","","","","","NA"
"-114.01","51.12","CALGARY INTL A","3031092","2026-09-25 16:00","2026","09","25","16:00","","20.4","","3.9","","33","","","","18","","33","","24.1","","87.73","","","","","","NA"
"-114.01","51.12","CALGARY INTL A","3031092","2026-09-25 17:00","2026","09","25","17:00","","18.8","","4.3","","38","","","","21","","28","","32.2","","87.80","","","","","","Mostly Cloudy"
"-114.01","51.12","CALGARY INTL A","3031092","2026-09-25 18:00","2026","09","25","18:00","","17.6","","3.3","","38","","","","27","","9","","24.1","","87.88","","","","","","NA"
"-114.01","51.12","CALGARY INTL A","3031092","2026-09-25 19:00","2026","09","25","19:00","","16.3","","-0.8","","31","","","","22","","28","","16.1","","87.89","","","","","","NA"
"-114.01","51.12","CALGARY INTL A","3031092","2026-09-25 20:00","2026","09","25","20:00","","14.3","","-2.3","","32","","","","29","","10","","24.1","","87.90","","","","","","Mainly Clear"
"-114.01","51.12","CALGARY INTL A","3031092","2026-09-25 21:00","2026","09","25","21:00","","12.4","","0.0","","42","","","","29","","5","","24.1","","87.95","","","","","","NA"
"-114.01","51.12","CALGARY INTL A","3031092","2026-09-25 22:00","2026","09","25","22:00","","11.1","","-1.2","","42","","","","24","","4","","24.1","","87.99","","","","","","NA"
"-114.01","51.12","CALGARY INTL A","3031092","2026-09-25 23:00","2026","09","25","23:00","","9.4","","-1.7","","46","","","","31","","12","","24.1","","88.02","","","","","","Clear"
"-114.01","51.12","CALGARY INTL A","3031092","2026-09-26 00:00","2026","09","26","00:00","","7.4","","1.5","","66","","","","36","","18","","24.1","","88.07","","","","","","NA"
"-114.01","51.12","CALGARY INTL A","3031092","2026-09-26 01:00","2026","09","26","01:00","","5.8","","3.5","","85","","","","3","","7","","24.1","","88.17","","","","","","NA"
"-114.01","51.12","CALGARY INTL A","3031092","2026-09-26 02:00","2026","09","26","02:00","","5.0","","3.3","","89","","","","7","","4","","24.1","","88.20","","","","","","Mainly Clear"
"-114.01","51.12","CALGARY INTL A","3031092","2026-09-26 03:00","2026","09","26","03:00","","6.2","","4.5","","89","","","","30","","12","","24.1","","88.27","","","","","","NA"
"-114.01","51.12","CALGARY INTL A","3031092","2026-09-26 04:00","2026","09","26","04:00","","5.9","","3.8","","87","","","","31","","5","","24.1","","88.35","","","","","","NA"
"-114.01","51.12","CALGARY INTL A","3031092","2026-09-26 05:00","2026","09","26","05:00","","5.4","","3.9","","91","","","","20","","5","","24.1","","88.38","","","","","","Clear"
"-114.01","51.12","CALGARY INTL A","3031092","2026-09-26 06:00","2026","09","26","06:00","","4.9","","3.8","","92","","","","20","","5","","32.2","","88.40","","","","","","NA"
"-114.01","51.12","CALGARY INTL A","3031092","2026-09-26 07:00","2026","09","26","07:00","","4.7","","3.3","","91","","","","","","0","","64.4","","88.45","","","","","","NA"
"-114.01","51.12","CALGARY INTL A","3031092","2026-09-26 08:00","2026","09","26","08:00","","6.6","","4.7","","88","","","","","","0","","48.3","","88.49","","","","","","Mostly Cloudy"
"-114.01","51.12","CALGARY INTL A","3031092","2026-09-26 09:00","2026","09","26","09:00","","7.8","","3.9","","76","","","","1","","5","","48.3","","88.56","","","","","","NA"
"-114.01","51.12","CALGARY INTL A","3031092","2026-09-26 10:00","2026","09","26","10:00","","7.5","","1.7","","67","","","","3","","16","","24.1","","88.62","","","","","","NA"
"-114.01","51.12","CALGARY INTL A","3031092","2026-09-26 11:00","2026","09","26","11:00","","8.6","","3.0","","68","","","","2","","18","","24.1","","88.68","","","","","","Mostly Cloudy"
"-114.01","51.12","CALGARY INTL A","3031092","2026-09-26 12:00","2026","09","26","12:00","","9.0","","4.0","","70","","","","1","","26","","24.1","","88.74","","","","","","NA"
"-114.01","51.12","CALGARY INTL A","3031092","2026-09-26 13:00","2026","09","26","13:00","","6.9","","3.8","","80","","","","1","","31","","24.1","","88.84","","","","","","Rain"
"-114.01","51.12","CALGARY INTL A","3031092","2026-09-26 14:00","2026","09","26","14:00","","6.8","","2.6","","74","","","","36","","26","","24.1","","88.88","","","","","","Mostly Cloudy"
"-114.01","51.12","CALGARY INTL A","3031092","2026-09-26 15:00","2026","09","26","15:00","","5.9","","1.8","","74","","","","36","","32","","24.1","","88.94","","","","","","NA"
"-114.01","51.12","CALGARY INTL A","3031092","2026-09-26 16:00","2026","09","26","16:00","","4.8","","2.8","","86","","","","35","","21","","14.5","","89.04","","","","","","Moderate Rain Showers"
"-114.01","51.12","CALGARY INTL A","3031092","2026-09-26 17:00","2026","09","26","17:00","","4.5","","2.5","","87","","","","1","","9","","24.1","","89.09","","","","","","Mostly Cloudy"
"-114.01","51.12","CALGARY INTL A","3031092","2026-09-26 18:00","2026","09","26","18:00","","5.7","","2.9","","82","","","","29","","10","","24.1","","89.14","","","","","","NA"
"-114.01","51.12","CALGARY INTL A","3031092","2026-09-26 19:00","2026","09","26","19:00","","5.1","","2.3","","82","","","","25","","6","","16.1","","89.20","","","","","","NA"
"-114.01","51.12","CALGARY INTL A","3031092","2026-09-26 20:00","2026","09","26","20:00","","4.5","","2.2","","85","","","","22","","13","","24.1","","89.26","","","","","","Mainly Clear"
"-114.01","51.12","CALGARY INTL A","3031092","2026-09-26 21:00","2026","09","26","21:00","","4.2","","1.9","","85","","","","22","","12","","24.1","","89.31","","","","","","NA"
"-114.01","51.12","CALGARY INTL A","3031092","2026-09-26 22:00","2026","09","26","22:00","","3.9","","1.5","","84","","","","23","","9","","24.1","","89.33","","","","","","NA"
"-114.01","51.12","CALGARY INTL A","3031092","2026-09-26 23:00","2026","09","26","23:00","","3.5","","1.2","","85","","","","24","","4","","24.1","","89.37","","","","","","Clear"
"-114.01","51.12","CALGARY INTL A","3031092","2026-09-27 00:00","2026","09","27","00:00","","3.0","","1.0","","87","","","","20","","5","","24.1","","89.37","","","","","","NA"
"-114.01","51.12","CALGARY INTL A","3031092","2026-09-27 01:00","2026","09","27","01:00","","2.0","","0.9","","92","","","","","","0","","24.1","","89.36","","","","","","NA"
"-114.01","51.12","CALGARY INTL A","3031092","2026-09-27 02:00","2026","09","27","02:00","","1.5","","0.9","","96","","","","20","","3","","24.1","","89.37","","","","","","Clear"
"-114.01","51.12","CALGARY INTL A","3031092","2026-09-27 03:00","2026","09","27","03:00","","0.3","","-0.6","","94","","","","","","0","","24.1","","89.39","","","","","","NA"
"-114.01","51.12","CALGARY INTL A","3031092","2026-09-27 04:00","2026","09","27","04:00","","0.1","","-0.4","","96","","","","22","","4","","24.1","","89.33","","","","","","NA"
"-114.01","51.12","CALGARY INTL A","3031092","2026-09-27 05:00","2026","09","27","05:00","","-1.3","","-2.0","","95","","","","19","","8","","24.1","","89.33","","","","-4","","Clear"
"-114.01","51.12","CALGARY INTL A","3031092","2026-09-27 06:00","2026","09","27","06:00","","-0.8","","-1.7","","94","","","","22","","8","","32.2","","89.33","","","","-4","","NA"
"-114.01","51.12","CALGARY INTL A","3031092","2026-09-27 07:00","2026","09","27","07:00","","-1.1","","-2.1","","93","","","","23","","7","","64.4","","89.32","","","","-4","","NA"
"-114.01","51.12","CALGARY INTL A","3031092","2026-09-27 08:00","2026","09","27","08:00","","1.1","","-0.8","","87","","","","20","","5","","64.4","","89.31","","","","","","Mainly Clear"
"-114.01","51.12","CALGARY INTL A","3031092","2026-09-27 09:00","2026","09","27","09:00","","5.0","","0.1","","70","","","","20","","9","","64.4","","89.29","","","","","","NA"
"-114.01","51.12","CALGARY INTL A","3031092","2026-09-27 10:00","2026","09","27","10:00","","8.8","","-0.6","","52","","","","21","","5","","64.4","","89.25","","","","","","NA"
"-114.01","51.12","CALGARY INTL A","3031092","2026-09-27 11:00","2026","09","27","11:00","","11.1","","-1.8","","41","","","","18","","10","","64.4","","89.23","","","","","","Cloudy"
"-114.01","51.12","CALGARY INTL A","3031092","2026-09-27 12:00","2026","09","27","12:00","","12.0","","-5.0","","30","","","","17","","15","","64.4","","89.17","","","","","","NA"
"-114.01","51.12","CALGARY INTL A","3031092","2026-09-27 13:00","2026","09","27","13:00","","12.6","","-4.9","","29","","","","20","","7","","64.4","","89.09","","","","","","NA"
"-114.01","51.12","CALGARY INTL A","3031092","2026-09-27 14:00","2026","09","27","14:00","","13.3","","-3.0","","32","","","","14","","4","","64.4","","89.02","","","","","","Cloudy"
"-114.01","51.12","CALGARY INTL A","3031092","2026-09-27 15:00","2026","09","27","15:00","","13.8","","-3.3","","30","","","","14","","7","","64.4","","88.94","","","","","","NA"
"-114.01","51.12","CALGARY INTL A","3031092","2026-09-27 16:00","2026","09","27","16:00","","14.0","","-1.8","","33","","","","17","","15","","64.4","","88.92","","","","","","NA"
"-114.01","51.12","CALGARY INTL A","3031092","2026-09-27 17:00","2026","09","27","17:00","","13.6","","-3.4","","31","","","","14","","10","","64.4","","88.88","","","","","","Mostly Cloudy"
"-114.01","51.12","CALGARY INTL A","3031092","2026-09-27 18:00","2026","09","27","18:00","","11.5","","-3.6","","34","","","","15","","13","","64.4","","88.87","","","","","","NA"
"-114.01","51.12","CALGARY INTL A","3031092","2026-09-27 19:00","2026","09","27","19:00","","10.9","","-3.4","","36","","","","15","","9","","64.4","","88.85","","","","","","NA"
"-114.01","51.12","CALGARY INTL A","3031092","2026-09-27 20:00","2026","09","27","20:00","","9.3","","-3.6","","40","","","","18","","9","","24.1","","88.83","","","","","","Mainly Clear"
"-114.01","51.12","CALGARY INTL A","3031092","2026-09-27 21:00","2026","09","27","21:00","","9.1","","-3.2","","42","","","","21","","5","","24.1","","88.82","","","","","","NA"
"-114.01","51.12","CALGARY INTL A","3031092","2026-09-27 22:00","2026","09","27","22:00","","6.3","","-2.3","","54","","","","34","","3","","24.1","","88.82","","","","","","NA"
"-114.01","51.12","CALGARY INTL A","3031092","2026-09-27 23:00","2026","09","27","23:00","","4.6","","-1.4","","65","","","","33","","6","","24.1","","88.80","","","","","","Clear"
"-114.01","51.12","CALGARY INTL A","3031092","2026-09-28 00:00","2026","09","28","00:00"
"-114.01","51.12","CALGARY INTL A","3031092","2026-09-28 01:00","2026","09","28","01:00"
"-114.01","51.12","CALGARY INTL A","3031092","2026-09-28 02:00","2026","09","28","02:00"
"-114.01","51.12","CALGARY INTL A","3031092","2026-09-28 03:00","2026","09","28","03:00"
"-114.01","51.12","CALGARY INTL A","3031092","2026-09-28 04:00","2026","09","28","04:00"
"-114.01","51.12","CALGARY INTL A","3031092","2026-09-28 05:00","2026","09","28","05:00"
"-114.01","51.12","CALGARY INTL A","3031092","2026-09-28 06:00","2026","09","28","06:00"
"-114.01","51.12","CALGARY INTL A","3031092","2026-09-28 07:00","2026","09","28","07:00"
"-114.01","51.12","CALGARY INTL A","3031092","2026-09-28 08:00","2026","09","28","08:00"
"-114.01","51.12","CALGARY INTL A","3031092","2026-09-28 09:00","2026","09","28","09:00"
"-114.01","51.12","CALGARY INTL A","3031092","2026-09-28 10:00","2026","09","28","10:00"
"-114.01","51.12","CALGARY INTL A","3031092","2026-09-28 11:00","2026","09","28","11:00"
"-114.01","51.12","CALGARY INTL A","3031092","2026-09-28 12:00","2026","09","28","12:00"
"-114.01","51.12","CALGARY INTL A","3031092","2026-09-28 13:00","2026","09","28","13:00"
"-114.01","51.12","CALGARY INTL A","3031092","2026-09-28 14:00","2026","09","28","14:00"
"-114.01","51.12","CALGARY INTL A","3031092","2026-09-28 15:00","2026","09","28","15:00"
"-114.01","51.12","CALGARY INTL A","3031092","2026-09-28 16:00","2026","09","28","16:00"
"-114.01","51.12","CALGARY INTL A","3031092","2026-09-28 17:00","2026","09","28","17:00"
"-114.01","51.12","CALGARY INTL A","3031092","2026-09-28 18:00","2026","09","28","18:00"
"-114.01","51.12","CALGARY INTL A","3031092","2026-09-28 19:00","2026","09","28","19:00"
"-114.01","51.12","CALGARY INTL A","3031092","2026-09-28 20:00","2026","09","28","20:00"
"-114.01","51.12","CALGARY INTL A","3031092","2026-09-28 21:00","2026","09","28","21:00"
"-114.01","51.12","CALGARY INTL A","3031092","2026-09-28 22:00","2026","09","28","22:00"
"-114.01","51.12","CALGARY INTL A","3031092","2026-09-28 23:00","2026","09","28","23:00"
"-114.01","51.12","CALGARY INTL A","3031092","2026-09-29 00:00","2026","09","29","00:00"
"-114.01","51.12","CALGARY INTL A","3031092","2026-09-29 01:00","2026","09","29","01:00"
"-114.01","51.12","CALGARY INTL A","3031092","2026-09-29 02:00","2026","09","29","02:00"
"-114.01","51.12","CALGARY INTL A","3031092","2026-09-29 03:00","2026","09","29","03:00"
"-114.01","51.12","CALGARY INTL A","3031092","2026-09-29 04:00","2026","09","29","04:00"
"-114.01","51.12","CALGARY INTL A","3031092","2026-09-29 05:00","2026","09","29","05:00"
"-114.01","51.12","CALGARY INTL A","3031092","2026-09-29 06:00","2026","09","29","06:00"
"-114.01","51.12","CALGARY INTL A","3031092","2026-09-29 07:00","2026","09","29","07:00"
"-114.01","51.12","CALGARY INTL A","3031092","2026-09-29 08:00","2026","09","29","08:00"
"-114.01","51.12","CALGARY INTL A","3031092","2026-09-29 09:00","2026","09","29","09:00"
"-114.01","51.12","CALGARY INTL A","3031092","2026-09-29 10:00","2026","09","29","10:00"
"-114.01","51.12","CALGARY INTL A","3031092","2026-09-29 11:00","2026","09","29","11:00"
"-114.01","51.12","CALGARY INTL A","3031092","2026-09-29 12:00","2026","09","29","12:00"
"-114.01","51.12","CALGARY INTL A","3031092","2026-09-29 13:00","2026","09","29","13:00"
"-114.01","51.12","CALGARY INTL A","3031092","2026-09-29 14:00","2026","09","29","14:00"
"-114.01","51.12","CALGARY INTL A","3031092","2026-09-29 15:00","2026","09","29","15:00"
"-114.01","51.12","CALGARY INTL A","3031092","2026-09-29 16:00","2026","09","29","16:00"
"-114.01","51.12","CALGARY INTL A","3031092","2026-09-29 17:00","2026","09","29","17:00"
"-114.01","51.12","CALGARY INTL A","3031092","2026-09-29 18:00","2026","09","29","18:00"
"-114.01","51.12","CALGARY INTL A","3031092","2026-09-29 19:00","2026","09","29","19:00"
"-114.01","51.12","CALGARY INTL A","3031092","2026-09-29 20:00","2026","09","29","20:00"
"-114.01","51.12","CALGARY INTL A","3031092","2026-09-29 21:00","2026","09","29","21:00"
"-114.01","51.12","CALGARY INTL A","3031092","2026-09-29 22:00","2026","09","29","22:00"
"-114.01","51.12","CALGARY INTL A","3031092","2026-09-29 23:00","2026","09","29","23:00"
"-114.01","51.12","CALGARY INTL A","3031092","2026-09-30 00:00","2026","09","30","00:00"
"-114.01","51.12","CALGARY INTL A","3031092","2026-09-30 01:00","2026","09","30","01:00"
"-114.01","51.12","CALGARY INTL A","3031092","2026-09-30 02:00","2026","09","30","02:00"
"-114.01","51.12","CALGARY INTL A","3031092","2026-09-30 03:00","2026","09","30","03:00"
"-114.01","51.12","CALGARY INTL A","3031092","2026-09-30 04:00","2026","09","30","04:00"
"-114.01","51.12","CALGARY INTL A","3031092","2026-09-30 05:00","2026","09","30","05:00"
"-114.01","51.12","CALGARY INTL A","3031092","2026-09-30 06:00","2026","09","30","06:00"
"-114.01","51.12","CALGARY INTL A","3031092","2026-09-30 07:00","2026","09","30","07:00"
"-114.01","51.12","CALGARY INTL A","3031092","2026-09-30 08:00","2026","09","30","08:00"
"-114.01","51.12","CALGARY INTL A","3031092","2026-09-30 09:00","2026","09","30","09:00"
"-114.01","51.12","CALGARY INTL A","3031092","2026-09-30 10:00","2026","09","30","10:00"
"-114.01","51.12","CALGARY INTL A","3031092","2026-09-30 11:00","2026","09","30","11:00"
"-114.01","51.12","CALGARY INTL A","3031092","2026-09-30 12:00","2026","09","30","12:00"
"-114.01","51.12","CALGARY INTL A","3031092","2026-09-30 13:00","2026","09","30","13:00"
"-114.01","51.12","CALGARY INTL A","3031092","2026-09-30 14:00","2026","09","30","14:00"
"-114.01","51.12","CALGARY INTL A","3031092","2026-09-30 15:00","2026","09","30","15:00"
"-114.01","51.12","CALGARY INTL A","3031092","2026-09-30 16:00","2026","09","30","16:00"
"-114.01","51.12","CALGARY INTL A","3031092","2026-09-30 17:00","2026","09","30","17:00"
"-114.01","51.12","CALGARY INTL A","3031092","2026-09-30 18:00","2026","09","30","18:00"
"-114.01","51.12","CALGARY INTL A","3031092","2026-09-30 19:00","2026","09","30","19:00"
"-114.01","51.12","CALGARY INTL A","3031092","2026-09-30 20:00","2026","09","30","20:00"
"-114.01","51.12","CALGARY INTL A","3031092","2026-09-30 21:00","2026","09","30","21:00"
"-114.01","51.12","CALGARY INTL A","3031092","2026-09-30 22:00","2026","09","30","22:00"
"-114.01","51.12","CALGARY INTL A","3031092","2026-09-30 23:00","2026","09","30","23:00"
