"Longitude (x)","Latitude (y)","Station Name","Climate ID","Date/Time (LST)","Year","Month","Day","Time (LST)","Flag","Temp (°C)","Temp Flag","Dew Point Temp (°C)","Dew Point Temp Flag","Rel Hum (%)","Rel Hum Flag","Precip. Amount (mm)","Precip. Amount Flag","Wind Dir (10s deg)","Wind Dir Flag","Wind Spd (km/h)","Wind Spd Flag","Visibility (km)","Visibility Flag","Stn Press (kPa)","Stn Press Flag","Hmdx","Hmdx Flag","Wind Chill","Wind Chill Flag","Weather"
"-114.01","51.12","CALGARY INTL A","3031092","2026-02-01 00:00","2026","02","01","00:00","","0.3","","-4.1","","72","","","","17","","6","","24.1","","89.11","","","","","","NA"
"-114.01","51.12","CALGARY INTL A","3031092","2026-02-01 01:00","2026","02","01","01:00","","0.9","","-4.2","","69","","","","23","","3","","24.1","","89.05","","","","","","NA"
"-114.01","51.12","CALGARY INTL A","3031092","2026-02-01 02:00","2026","02","01","02:00","","-0.7","","-3.8","","80","","","","10","","4","","24.1","","89.05","","","","-2","","Mostly Cloudy"
"-114.01","51.12","CALGARY INTL A","3031092","2026-02-01 03:00","2026","02","01","03:00","","-0.4","","-3.9","","77","","","","","","0","","24.1","","88.98","","","","","","NA"
"-114.01","51.12","CALGARY INTL A","3031092","2026-02-01 04:00","2026","02","01","04:00","","-0.2","","-3.8","","77","","","","12","","10","","24.1","","88.93","","","","-4","","NA"
"-114.01","51.12","CALGARY INTL A","3031092","2026-02-01 05:00","2026","02","01","05:00","","-0.1","","-3.9","","75","","","","17","","10","","24.1","","88.87","","","","-3","","Mostly Cloudy"
"-114.01","51.12","CALGARY INTL A","3031092","2026-02-01 06:00","2026","02","01","06:00","","-0.6","","-4.2","","76","","","","17","","7","","24.1","","88.81","","","","-3","","NA"
"-114.01","51.12","CALGARY INTL A","3031092","2026-02-01 07:00","2026","02","01","07:00","","-0.6","","-4.3","","76","","","","17","","8","","24.1","","88.76","","","","-3","","NA"
"-114.01","51.12","CALGARY INTL A","3031092","2026-02-01 08:00","2026","02","01","08:00","","-0.6","","-4.1","","77","","","","22","","14","","48.3","","88.69","","","","-5","","Cloudy"
"-114.01","51.12","CALGARY INTL A","3031092","2026-02-01 09:00","2026","02","01","09:00","","-0.6","","-3.9","","79","","","","17","","12","","64.4","","88.68","","","","-5","","NA"
"-114.01","51.12","CALGARY INTL A","3031092","2026-02-01 10:00","2026","02","01","10:00","","0.1","","-3.7","","75","","","","17","","12","","64.4","","88.65","","","","","","NA"
"-114.01","51.12","CALGARY INTL A","3031092","2026-02-01 11:00","2026","02","01","11:00","","0.2","","-3.7","","75","","","","19","","15","","64.4","","88.59","","","","","","Mostly Cloudy"
"-114.01","51.12","CALGARY INTL A","3031092","2026-02-01 12:00","2026","02","01","12:00","","1.2","","-3.3","","72","","","","18","","9","","64.4","","88.49","","","","","","NA"
"-114.01","51.12","CALGARY INTL A","3031092","2026-02-01 13:00","2026","02","01","13:00","","5.5","","-2.5","","56","","","","19","","13","","48.3","","88.39","","","","","","NA"
"-114.01","51.12","CALGARY INTL A","3031092","2026-02-01 14:00","2026","02","01","14:00","","5.1","","-2.2","","59","","","","16","","11","","48.3","","88.30","","","","","","Mostly Cloudy"
"-114.01","51.12","CALGARY INTL A","3031092","2026-02-01 15:00","2026","02","01","15:00","","6.9","","-2.1","","53","","","","17","","8","","32.2","","88.24","","","","","","NA"
"-114.01","51.12","CALGARY INTL A","3031092","2026-02-01 16:00","2026","02","01","16:00","","5.9","","-1.4","","60","","","","17","","7","","32.2","","88.17","","","","","","NA"
"-114.01","51.12","CALGARY INTL A","3031092","2026-02-01 17:00","2026","02","01","17:00","","4.8","","-1.1","","65","","","","12","","6","","24.1","","88.15","","","","","","Mostly Cloudy"
"-114.01","51.12","CALGARY INTL A","3031092","2026-02-01 18:00","2026","02","01","18:00","","2.1","","-1.9","","75","","","","9","","15","","24.1","","88.17","","","","","","NA"
"-114.01","51.12","CALGARY INTL A","3031092","2026-02-01 19:00","2026","02","01","19:00","","8.8","","-5.0","","37","","","","28","","22","","24.1","","88.18","","","","","","NA"
"-114.01","51.12","CALGARY INTL A","3031092","2026-02-01 20:00","2026","02","01","20:00","","8.0","","-4.6","","41","","","","28","","20","","24.1","","88.19","","","","","","Mostly Cloudy"
"-114.01","51.12","CALGARY INTL A","3031092","2026-02-01 21:00","2026","02","01","21:00","","7.6","","-4.5","","42","","","","28","","21","","24.1","","88.26","","","","","","NA"
"-114.01","51.12","CALGARY INTL A","3031092","2026-02-01 22:00","2026","02","01","22:00","","6.1","","-4.9","","45","","","","29","","14","","24.1","","88.34","","","","","","NA"
"-114.01","51.12","CALGARY INTL A","3031092","2026-02-01 23:00","2026","02","01","23:00","","0.7","","-3.6","","73","","","","36","","8","","24.1","","88.45","","","","","","Mostly Cloudy"
"-114.01","51.12","CALGARY INTL A","3031092","2026-02-02 00:00","2026","02","02","00:00","","0.7","","-3.8","","72","","","","32","","12","","24.1","","88.60","","","","","","NA"
"-114.01","51.12","CALGARY INTL A","3031092","2026-02-02 01:00","2026","02","02","01:00","","0.8","","-4.4","","68","","","","34","","13","","24.1","","88.68","","","","","","NA"
"-114.01","51.12","CALGARY INTL A","3031092","2026-02-02 02:00","2026","02","02","02:00","","-0.6","","-4.8","","74","","","","3","","7","","24.1","","88.76","","","","-3","","Mostly Cloudy"
"-114.01","51.12","CALGARY INTL A","3031092","2026-02-02 03:00","2026","02","02","03:00","","-0.6","","-4.0","","78","","","","17","","7","","24.1","","88.82","","","","-3","","NA"
"-114.01","51.12","CALGARY INTL A","3031092","2026-02-02 04:00","2026","02","02","04:00","","-1.2","","-4.3","","80","","","","15","","3","","24.1","","88.86","","","","-2","","NA"
"-114.01","51.12","CALGARY INTL A","3031092","2026-02-02 05:00","2026","02","02","05:00","","-0.8","","-4.7","","75","","","","21","","8","","24.1","","88.90","","","","-4","","Mainly Clear"
"-114.01","51.12","CALGARY INTL A","3031092","2026-02-02 06:00","2026","02","02","06:00","","5.3","","-6.3","","43","","","","28","","24","","24.1","","88.93","","","","","","NA"
"-114.01","51.12","CALGARY INTL A","3031092","2026-02-02 07:00","2026","02","02","07:00","","5.8","","-7.2","","39","","","","28","","24","","24.1","","88.96","","","","","","NA"
"-114.01","51.12","CALGARY INTL A","3031092","2026-02-02 08:00","2026","02","02","08:00","","5.8","","-7.6","","38","","","","28","","27","","64.4","","89.00","","","","","","Mainly Clear"
"-114.01","51.12","CALGARY INTL A","3031092","2026-02-02 09:00","2026","02","02","09:00","","6.0","","-7.5","","37","","","","27","","18","","64.4","","89.03","","","","","","NA"
"-114.01","51.12","CALGARY INTL A","3031092","2026-02-02 10:00","2026","02","02","10:00","","6.9","","-7.6","","35","","","","26","","18","","64.4","","89.03","","","","","","NA"
"-114.01","51.12","CALGARY INTL A","3031092","2026-02-02 11:00","2026","02","02","11:00","","8.2","","-7.4","","32","","","","25","","13","","64.4","","89.02","","","","","","Mostly Cloudy"
"-114.01","51.12","CALGARY INTL A","3031092","2026-02-02 12:00","2026","02","02","12:00","","8.9","","-7.9","","29","","","","29","","27","","64.4","","89.05","","","","","","NA"
"-114.01","51.12","CALGARY INTL A","3031092","2026-02-02 13:00","2026","02","02","13:00","","9.6","","-8.2","","28","","","","26","","27","","64.4","","89.01","","","","","","NA"
"-114.01","51.12","CALGARY INTL A","3031092","2026-02-02 14:00","2026","02","02","14:00","","9.5","","-8.5","","27","","","","28","","28","","64.4","","88.98","","","","","","Mostly Cloudy"
"-114.01","51.12","CALGARY INTL A","3031092","2026-02-02 15:00","2026","02","02","15:00","","9.6","","-8.5","","27","","","","27","","31","","64.4","","88.97","","","","","","NA"
"-114.01","51.12","CALGARY INTL A","3031092","2026-02-02 16:00","2026","02","02","16:00","","8.1","","-7.8","","31","","","","28","","28","","64.4","","89.01","","","","","","NA"
"-114.01","51.12","CALGARY INTL A","3031092","2026-02-02 17:00","2026","02","02","17:00","","7.7","","-7.8","","33","","","","28","","27","","64.4","","89.03","","","","","","Mostly Cloudy"
"-114.01","51.12","CALGARY INTL A","3031092","2026-02-02 18:00","2026","02","02","18:00","","7.1","","-7.9","","34","","","","28","","21","","64.4","","89.05","","","","","","NA"
"-114.01","51.12","CALGARY INTL A","3031092","2026-02-02 19:00","2026","02","02","19:00","","7.1","","-7.6","","34","","","","28","","19","","24.1","","89.04","","","","","","NA"
"-114.01","51.12","CALGARY INTL A","3031092","2026-02-02 20:00","2026","02","02","20:00","","7.0","","-7.5","","35","","","","28","","25","","24.1","","89.04","","","","","","Mostly Cloudy"
"-114.01","51.12","CALGARY INTL A","3031092","2026-02-02 21:00","2026","02","02","21:00","","7.3","","-7.0","","36","","","","28","","28","","24.1","","89.13","","","","","","NA"
"-114.01","51.12","CALGARY INTL A","3031092","2026-02-02 22:00","2026","02","02","22:00","","4.8","","-7.2","","42","","","","32","","8","","24.1","","89.18","","","","","","NA"
"-114.01","51.12","CALGARY INTL A","3031092","2026-02-02 23:00","2026","02","02","23:00","","4.3","","-6.9","","44","","","","31","","14","","24.1","","89.25","","","","","","Mostly Cloudy"
"-114.01","51.12","CALGARY INTL A","3031092","2026-02-03 00:00","2026","02","03","00:00","","4.5","","-7.0","","43","","","","29","","17","","24.1","","89.33","","","","","","NA"
"-114.01","51.12","CALGARY INTL A","3031092","2026-02-03 01:00","2026","02","03","01:00","","0.0","","-6.4","","62","","","","2","","7","","24.1","","89.44","","","","-2","","NA"
"-114.01","51.12","CALGARY INTL A","3031092","2026-02-03 02:00","2026","02","03","02:00","","2.4","","-6.6","","51","","","","31","","6","","24.1","","89.52","","","","","","Mostly Cloudy"
"-114.01","51.12","CALGARY INTL A","3031092","2026-02-03 03:00","2026","02","03","03:00","","2.0","","-5.6","","57","","","","7","","10","","24.1","","89.59","","","","","","NA"
"-114.01","51.12","CALGARY INTL A","3031092","2026-02-03 04:00","2026","02","03","04:00","","0.9","","-6.4","","58","","","","2","","10","","24.1","","89.69","","","","","","NA"
"-114.01","51.12","CALGARY INTL A","3031092","2026-02-03 05:00","2026","02","03","05:00","","1.0","","-6.5","","58","","","","","","0","","24.1","","89.76","","","","","","Mainly Clear"
"-114.01","51.12","CALGARY INTL A","3031092","2026-02-03 06:00","2026","02","03","06:00","","0.6","","-6.9","","57","","","","35","","9","","24.1","","89.83","","","","","","NA"
"-114.01","51.12","CALGARY INTL A","3031092","2026-02-03 07:00","2026","02","03","07:00","","-0.6","","-6.9","","62","","","","7","","4","","24.1","","89.89","","","","-2","","NA"
"-114.01","51.12","CALGARY INTL A","3031092","2026-02-03 08:00","2026","02","03","08:00","","-0.5","","-6.5","","64","","","","7","","9","","64.4","","89.89","","","","-4","","Mostly Cloudy"
"-114.01","51.12","CALGARY INTL A","3031092","2026-02-03 09:00","2026","02","03","09:00","","0.5","","-5.8","","63","","","","14","","6","","64.4","","89.96","","","","","","NA"
"-114.01","51.12","CALGARY INTL A","3031092","2026-02-03 10:00","2026","02","03","10:00","","2.0","","-5.1","","59","","","","17","","7","","64.4","","90.03","","","","","","NA"
"-114.01","51.12","CALGARY INTL A","3031092","2026-02-03 11:00","2026","02","03","11:00","","3.4","","-5.0","","54","","","","19","","13","","64.4","","90.03","","","","","","Mostly Cloudy"
"-114.01","51.12","CALGARY INTL A","3031092","2026-02-03 12:00","2026","02","03","12:00","","5.1","","-6.0","","45","","","","18","","15","","64.4","","90.04","","","","","","NA"
"-114.01","51.12","CALGARY INTL A","3031092","2026-02-03 13:00","2026","02","03","13:00","","6.4","","-6.1","","40","","","","17","","13","","64.4","","90.01","","","","","","NA"
"-114.01","51.12","CALGARY INTL A","3031092","2026-02-03 14:00","2026","02","03","14:00","","8.0","","-6.5","","35","","","","18","","14","","64.4","","89.94","","","","","","Mostly Cloudy"
"-114.01","51.12","CALGARY INTL A","3031092","2026-02-03 15:00","2026","02","03","15:00","","8.5","","-6.4","","34","","","","16","","16","","64.4","","89.92","","","","","","NA"
"-114.01","51.12","CALGARY INTL A","3031092","2026-02-03 16:00","2026","02","03","16:00","","7.3","","-6.1","","38","","","","16","","18","","64.4","","89.89","","","","","","NA"
"-114.01","51.12","CALGARY INTL A","3031092","2026-02-03 17:00","2026","02","03","17:00","","5.2","","-4.2","","51","","","","18","","13","","64.4","","89.89","","","","","","Mostly Cloudy"
"-114.01","51.12","CALGARY INTL A","3031092","2026-02-03 18:00","2026","02","03","18:00","","4.1","","-4.1","","56","","","","18","","13","","64.4","","89.82","","","","","","NA"
"-114.01","51.12","CALGARY INTL A","3031092","2026-02-03 19:00","2026","02","03","19:00","","3.5","","-4.2","","57","","","","20","","10","","24.1","","89.78","","","","","","NA"
"-114.01","51.12","CALGARY INTL A","3031092","2026-02-03 20:00","2026","02","03","20:00","","3.3","","-4.2","","58","","","","18","","7","","24.1","","89.68","","","","","","Mostly Cloudy"
"-114.01","51.12","CALGARY INTL A","3031092","2026-02-03 21:00","2026","02","03","21:00","","2.4","","-4.3","","62","","","","17","","8","","24.1","","89.56","","","","","","NA"
"-114.01","51.12","CALGARY INTL A","3031092","2026-02-03 22:00","2026","02","03","22:00","","3.4","","-4.4","","56","","","","22","","14","","24.1","","89.49","","","","","","NA"
"-114.01","51.12","CALGARY INTL A","3031092","2026-02-03 23:00","2026","02","03","23:00","","2.1","","-4.7","","61","","","","20","","8","","24.1","","89.40","","","","","","Mainly Clear"
"-114.01","51.12","CALGARY INTL A","3031092","2026-02-04 00:00","2026","02","04","00:00","","1.4","","-5.2","","61","","","","23","","10","","24.1","","89.37","","","","","","NA"
"-114.01","51.12","CALGARY INTL A","3031092","2026-02-04 01:00","2026","02","04","01:00","","4.1","","-5.5","","50","","","","21","","10","","24.1","","89.29","","","","","","NA"
"-114.01","51.12","CALGARY INTL A","3031092","2026-02-04 02:00","2026","02","04","02:00","","7.9","","-3.3","","45","","","","25","","5","","24.1","","89.22","","","","","","Mostly Cloudy"
"-114.01","51.12","CALGARY INTL A","3031092","2026-02-04 03:00","2026","02","04","03:00","","12.1","","-2.3","","36","","","","28","","32","","24.1","","89.22","","","","","","NA"
"-114.01","51.12","CALGARY INTL A","3031092","2026-02-04 04:00","2026","02","04","04:00","","12.3","","-2.1","","36","","","","26","","12","","24.1","","89.21","","","","","","NA"
"-114.01","51.12","CALGARY INTL A","3031092","2026-02-04 05:00","2026","02","04","05:00","","11.6","","-2.0","","39","","","","26","","9","","24.1","","89.19","","","","","","Mostly Cloudy"
"-114.01","51.12","CALGARY INTL A","3031092","2026-02-04 06:00","2026","02","04","06:00","","9.6","","-2.1","","44","","","","","","0","","24.1","","89.25","","","","","","NA"
"-114.01","51.12","CALGARY INTL A","3031092","2026-02-04 07:00","2026","02","04","07:00","","11.5","","-2.0","","39","","","","27","","6","","24.1","","89.30","","","","","","NA"
"-114.01","51.12","CALGARY INTL A","3031092","2026-02-04 08:00","2026","02","04","08:00","","11.7","","-2.0","","38","","","","29","","30","","64.4","","89.29","","","","","","Mostly Cloudy"
"-114.01","51.12","CALGARY INTL A","3031092","2026-02-04 09:00","2026","02","04","09:00","","12.5","","-2.1","","36","","","","28","","26","","64.4","","89.37","","","","","","NA"
"-114.01","51.12","CALGARY INTL A","3031092","2026-02-04 10:00","2026","02","04","10:00","","13.3","","-2.4","","33","","","","30","","22","","64.4","","89.39","","","","","","NA"
"-114.01","51.12","CALGARY INTL A","3031092","2026-02-04 11:00","2026","02","04","11:00","","12.3","","-2.6","","35","","","","29","","7","","64.4","","89.45","","","","","","Cloudy"
"-114.01","51.12","CALGARY INTL A","3031092","2026-02-04 12:00","2026","02","04","12:00","","13.5","","-3.0","","32","","","","25","","14","","64.4","","89.44","","","","","","NA"
"-114.01","51.12","CALGARY INTL A","3031092","2026-02-04 13:00","2026","02","04","13:00","","13.6","","-3.2","","31","","","","25","","13","","64.4","","89.41","","","","","","NA"
"-114.01","51.12","CALGARY INTL A","3031092","2026-02-04 14:00","2026","02","04","14:00","","13.5","","-3.8","","30","","","","22","","13","","64.4","","89.37","","","","","","Mostly Cloudy"
"-114.01","51.12","CALGARY INTL A","3031092","2026-02-04 15:00","2026","02","04","15:00","","14.2","","-4.6","","27","","","","23","","14","","64.4","","89.33","","","","","","NA"
"-114.01","51.12","CALGARY INTL A","3031092","2026-02-04 16:00","2026","02","04","16:00","","15.0","","-5.5","","24","","","","26","","16","","64.4","","89.32","","","","","","NA"
"-114.01","51.12","CALGARY INTL A","3031092","2026-02-04 17:00","2026","02","04","17:00","","16.1","","-5.7","","22","","","","27","","28","","64.4","","89.29","","","","","","Cloudy"
"-114.01","51.12","CALGARY INTL A","3031092","2026-02-04 18:00","2026","02","04","18:00","","15.5","","-5.6","","23","","","","28","","26","","64.4","","89.31","","","","","","NA"
"-114.01","51.12","CALGARY INTL A","3031092","2026-02-04 19:00","2026","02","04","19:00","","14.8","","-5.5","","24","","","","27","","17","","24.1","","89.28","","","","","","NA"
"-114.01","51.12","CALGARY INTL A","3031092","2026-02-04 20:00","2026","02","04","20:00","","15.2","","-5.7","","23","","","","27","","16","","24.1","","89.29","","","","","","Mostly Cloudy"
"-114.01","51.12","CALGARY INTL A","3031092","2026-02-04 21:00","2026","02","04","21:00","","12.4","","-5.0","","29","","","","22","","10","","24.1","","89.32","","","","","","NA"
"-114.01","51.12","CALGARY INTL A","3031092","2026-02-04 22:00","2026","02","04","22:00","","14.4","","-5.8","","24","","","","26","","13","","24.1","","89.34","","","","","","NA"
"-114.01","51.12","CALGARY INTL A","3031092","2026-02-04 23:00","2026","02","04","23:00","","12.6","","-5.2","","28","","","","23","","14","","24.1","","89.34","","","","","","Mostly Cloudy"
"-114.01","51.12","CALGARY INTL A","3031092","2026-02-05 00:00","2026","02","05","00:00","","12.3","","-5.6","","28","","","","24","","12","","24.1","","89.35","","","","","","NA"
"-114.01","51.12","CALGARY INTL A","3031092","2026-02-05 01:00","2026","02","05","01:00","","11.4","","-4.4","","33","","","","23","","21","","24.1","","89.31","","","","","","NA"
"-114.01","51.12","CALGARY INTL A","3031092","2026-02-05 02:00","2026","02","05","02:00","","10.2","","-3.9","","37","","","","23","","16","","24.1","","89.29","","","","","","Mostly Cloudy"
"-114.01","51.12","CALGARY INTL A","3031092","2026-02-05 03:00","2026","02","05","03:00","","6.6","","-4.1","","46","","","","19","","15","","24.1","","89.28","","","","","","NA"
"-114.01","51.12","CALGARY INTL A","3031092","2026-02-05 04:00","2026","02","05","04:00","","11.6","","-7.1","","26","","","","26","","10","","24.1","","89.26","","","","","","NA"
"-114.01","51.12","CALGARY INTL A","3031092","2026-02-05 05:00","2026","02","05","05:00","","11.8","","-7.7","","25","","","","26","","16","","24.1","","89.26","","","","","","Clear"
"-114.01","51.12","CALGARY INTL A","3031092","2026-02-05 06:00","2026","02","05","06:00","","10.3","","-7.6","","27","","","","25","","13","","24.1","","89.20","","","","","","NA"
"-114.01","51.12","CALGARY INTL A","3031092","2026-02-05 07:00","2026","02","05","07:00","","12.0","","-8.5","","23","","","","27","","25","","24.1","","89.23","","","","","","NA"
"-114.01","51.12","CALGARY INTL A","3031092","2026-02-05 08:00","2026","02","05","08:00","","12.2","","-8.4","","23","","","","28","","27","","64.4","","89.26","","","","","","Mainly Clear"
"-114.01","51.12","CALGARY INTL A","3031092","2026-02-05 09:00","2026","02","05","09:00","","13.4","","-8.5","","21","","","","27","","32","","64.4","","89.31","","","","","","NA"
"-114.01","51.12","CALGARY INTL A","3031092","2026-02-05 10:00","2026","02","05","10:00","","14.4","","-8.8","","19","","","","28","","33","","64.4","","89.33","","","","","","NA"
"-114.01","51.12","CALGARY INTL A","3031092","2026-02-05 11:00","2026","02","05","11:00","","15.6","","-8.5","","18","","","","28","","24","","64.4","","89.38","","","","","","Mainly Clear"
"-114.01","51.12","CALGARY INTL A","3031092","2026-02-05 12:00","2026","02","05","12:00","","17.1","","-8.5","","16","","","","28","","24","","64.4","","89.41","","","","","","NA"
"-114.01","51.12","CALGARY INTL A","3031092","2026-02-05 13:00","2026","02","05","13:00","","16.5","","-5.7","","21","","","","4","","24","","64.4","","89.43","","","","","","NA"
"-114.01","51.12","CALGARY INTL A","3031092","2026-02-05 14:00","2026","02","05","14:00","","15.0","","-4.5","","26","","","","7","","18","","64.4","","89.42","","","","","","Mainly Clear"
"-114.01","51.12","CALGARY INTL A","3031092","2026-02-05 15:00","2026","02","05","15:00","","14.2","","-3.2","","30","","","","7","","15","","64.4","","89.46","","","","","","NA"
"-114.01","51.12","CALGARY INTL A","3031092","2026-02-05 16:00","2026","02","05","16:00","","12.3","","-1.7","","37","","","","11","","16","","64.4","","89.49","","","","","","NA"
"-114.01","51.12","CALGARY INTL A","3031092","2026-02-05 17:00","2026","02","05","17:00","","10.1","","-1.4","","45","","","","14","","14","","64.4","","89.55","","","","","","Mainly Clear"
"-114.01","51.12","CALGARY INTL A","3031092","2026-02-05 18:00","2026","02","05","18:00","","7.3","","-1.0","","56","","","","13","","14","","64.4","","89.55","","","","","","NA"
"-114.01","51.12","CALGARY INTL A","3031092","2026-02-05 19:00","2026","02","05","19:00","","5.7","","-1.0","","62","","","","13","","13","","24.1","","89.54","","","","","","NA"
"-114.01","51.12","CALGARY INTL A","3031092","2026-02-05 20:00","2026","02","05","20:00","","4.6","","-1.8","","63","","","","18","","9","","24.1","","89.55","","","","","","Mainly Clear"
"-114.01","51.12","CALGARY INTL A","3031092","2026-02-05 21:00","2026","02","05","21:00","","3.7","","-1.3","","70","","","","18","","5","","24.1","","89.52","","","","","","NA"
"-114.01","51.12","CALGARY INTL A","3031092","2026-02-05 22:00","2026","02","05","22:00","","3.7","","-1.5","","69","","","","18","","8","","24.1","","89.48","","","","","","NA"
"-114.01","51.12","CALGARY INTL A","3031092","2026-02-05 23:00","2026","02","05","23:00","","3.0","","-1.6","","72","","","","20","","9","","24.1","","89.46","","","","","","Mainly Clear"
"-114.01","51.12","CALGARY INTL A","3031092","2026-02-06 00:00","2026","02","06","00:00","","3.5","","-1.5","","70","","","","17","","6","","24.1","","89.41","","","","","","NA"
"-114.01","51.12","CALGARY INTL A","3031092","2026-02-06 01:00","2026","02","06","01:00","","2.2","","-2.6","","70","","","","21","","5","","24.1","","89.36","","","","","","NA"
"-114.01","51.12","CALGARY INTL A","3031092","2026-02-06 02:00","2026","02","06","02:00","","0.8","","-2.3","","80","","","","20","","7","","24.1","","89.30","","","","","","Mostly Cloudy"
"-114.01","51.12","CALGARY INTL A","3031092","2026-02-06 03:00","2026","02","06","03:00","","0.0","","-2.4","","85","","","","19","","8","","24.1","","89.23","","","","-3","","NA"
"-114.01","51.12","CALGARY INTL A","3031092","2026-02-06 04:00","2026","02","06","04:00","","-0.2","","-3.0","","82","","","","19","","10","","24.1","","89.17","","","","-4","","NA"
"-114.01","51.12","CALGARY INTL A","3031092","2026-02-06 05:00","2026","02","06","05:00","","-1.2","","-3.1","","87","","","","21","","6","","24.1","","89.12","","","","-3","","Mostly Cloudy"
"-114.01","51.12","CALGARY INTL A","3031092","2026-02-06 06:00","2026","02","06","06:00","","-1.9","","-4.0","","86","","","","","","0","","24.1","","89.04","","","","","","NA"
"-114.01","51.12","CALGARY INTL A","3031092","2026-02-06 07:00","2026","02","06","07:00","","-2.1","","-4.8","","82","","","","","","0","","24.1","","88.93","","","","","","NA"
"-114.01","51.12","CALGARY INTL A","3031092","2026-02-06 08:00","2026","02","06","08:00","","-1.8","","-5.0","","79","","","","","","0","","48.3","","88.86","","","","","","Mostly Cloudy"
"-114.01","51.12","CALGARY INTL A","3031092","2026-02-06 09:00","2026","02","06","09:00","","1.4","","-3.2","","71","","","","19","","10","","32.2","","88.80","","","","","","NA"
"-114.01","51.12","CALGARY INTL A","3031092","2026-02-06 10:00","2026","02","06","10:00","","4.0","","-4.9","","52","","","","23","","13","","64.4","","88.72","","","","","","NA"
"-114.01","51.12","CALGARY INTL A","3031092","2026-02-06 11:00","2026","02","06","11:00","","5.1","","-5.3","","47","","","","21","","15","","64.4","","88.62","","","","","","Mostly Cloudy"
"-114.01","51.12","CALGARY INTL A","3031092","2026-02-06 12:00","2026","02","06","12:00","","5.4","","-3.0","","55","","","","","","0","","64.4","","88.58","","","","","","NA"
"-114.01","51.12","CALGARY INTL A","3031092","2026-02-06 13:00","2026","02","06","13:00","","5.4","","-3.1","","54","","","","36","","8","","64.4","","88.51","","","","","","NA"
"-114.01","51.12","CALGARY INTL A","3031092","2026-02-06 14:00","2026","02","06","14:00","","6.4","","-3.4","","50","","","","17","","4","","64.4","","88.42","","","","","","Mostly Cloudy"
"-114.01","51.12","CALGARY INTL A","3031092","2026-02-06 15:00","2026","02","06","15:00","","10.5","","-7.8","","27","","","","24","","13","","64.4","","88.34","","","","","","NA"
"-114.01","51.12","CALGARY INTL A","3031092","2026-02-06 16:00","2026","02","06","16:00","","12.3","","-8.6","","22","","","","30","","5","","48.3","","88.36","","","","","","NA"
"-114.01","51.12","CALGARY INTL A","3031092","2026-02-06 17:00","2026","02","06","17:00","","15.4","","-11.2","","15","","","","27","","27","","48.3","","88.37","","","","","","Mostly Cloudy"
"-114.01","51.12","CALGARY INTL A","3031092","2026-02-06 18:00","2026","02","06","18:00","","14.2","","-11.8","","15","","","","28","","29","","32.2","","88.43","","","","","","NA"
"-114.01","51.12","CALGARY INTL A","3031092","2026-02-06 19:00","2026","02","06","19:00","","12.9","","-11.6","","17","","","","27","","28","","24.1","","88.47","","","","","","NA"
"-114.01","51.12","CALGARY INTL A","3031092","2026-02-06 20:00","2026","02","06","20:00","","11.8","","-11.1","","19","","","","27","","26","","24.1","","88.47","","","","","","Mostly Cloudy"
"-114.01","51.12","CALGARY INTL A","3031092","2026-02-06 21:00","2026","02","06","21:00","","11.3","","-10.8","","20","","","","26","","22","","24.1","","88.44","","","","","","NA"
"-114.01","51.12","CALGARY INTL A","3031092","2026-02-06 22:00","2026","02","06","22:00","","11.0","","-10.8","","21","","","","27","","18","","24.1","","88.48","","","","","","NA"
"-114.01","51.12","CALGARY INTL A","3031092","2026-02-06 23:00","2026","02","06","23:00","","10.8","","-10.7","","21","","","","27","","19","","24.1","","88.51","","","","","","Mostly Cloudy"
"-114.01","51.12","CALGARY INTL A","3031092","2026-02-07 00:00","2026","02","07","00:00","","11.2","","-10.1","","21","","","","28","","32","","24.1","","88.52","","","","","","NA"
"-114.01","51.12","CALGARY INTL A","3031092","2026-02-07 01:00","2026","02","07","01:00","","12.2","","-9.8","","20","","","","27","","31","","24.1","","88.55","","","","","","NA"
"-114.01","51.12","CALGARY INTL A","3031092","2026-02-07 02:00","2026","02","07","02:00","","11.9","","-8.6","","23","","","","28","","21","","24.1","","88.61","","","","","","Mostly Cloudy"
"-114.01","51.12","CALGARY INTL A","3031092","2026-02-07 03:00","2026","02","07","03:00","","10.6","","-8.1","","26","","","","27","","13","","24.1","","88.64","","","","","","NA"
"-114.01","51.12","CALGARY INTL A","3031092","2026-02-07 04:00","2026","02","07","04:00","","9.4","","-7.7","","29","","","","29","","14","","24.1","","88.62","","","","","","NA"
"-114.01","51.12","CALGARY INTL A","3031092","2026-02-07 05:00","2026","02","07","05:00","","9.7","","-7.4","","29","","","","29","","9","","24.1","","88.63","","","","","","Mostly Cloudy"
"-114.01","51.12","CALGARY INTL A","3031092","2026-02-07 06:00","2026","02","07","06:00","","8.5","","-7.3","","32","","","","29","","9","","24.1","","88.61","","","","","","NA"
"-114.01","51.12","CALGARY INTL A","3031092","2026-02-07 07:00","2026","02","07","07:00","","5.2","","-7.0","","41","","","","22","","10","","24.1","","88.59","","","","","","NA"
"-114.01","51.12","CALGARY INTL A","3031092","2026-02-07 08:00","2026","02","07","08:00","","7.0","","-6.9","","37","","","","","","0","","64.4","","88.57","","","","","","Mainly Clear"
"-114.01","51.12","CALGARY INTL A","3031092","2026-02-07 09:00","2026","02","07","09:00","","8.5","","-6.2","","35","","","","8","","9","","64.4","","88.56","","","","","","NA"
"-114.01","51.12","CALGARY INTL A","3031092","2026-02-07 10:00","2026","02","07","10:00","","7.1","","-5.6","","40","","","","20","","15","","64.4","","88.55","","","","","","NA"
"-114.01","51.12","CALGARY INTL A","3031092","2026-02-07 11:00","2026","02","07","11:00","","10.8","","-5.0","","32","","","","18","","14","","64.4","","88.49","","","","","","Mostly Cloudy"
"-114.01","51.12","CALGARY INTL A","3031092","2026-02-07 12:00","2026","02","07","12:00","","13.5","","-5.6","","26","","","","20","","10","","64.4","","88.48","","","","","","NA"
"-114.01","51.12","CALGARY INTL A","3031092","2026-02-07 13:00","2026","02","07","13:00","","13.8","","-5.5","","26","","","","18","","12","","64.4","","88.37","","","","","","NA"
"-114.01","51.12","CALGARY INTL A","3031092","2026-02-07 14:00","2026","02","07","14:00","","14.3","","-6.8","","22","","","","20","","5","","64.4","","88.34","","","","","","Mostly Cloudy"
"-114.01","51.12","CALGARY INTL A","3031092","2026-02-07 15:00","2026","02","07","15:00","","13.3","","-7.4","","23","","","","28","","10","","48.3","","88.31","","","","","","NA"
"-114.01","51.12","CALGARY INTL A","3031092","2026-02-07 16:00","2026","02","07","16:00","","13.0","","-6.8","","24","","","","26","","13","","32.2","","88.26","","","","","","NA"
"-114.01","51.12","CALGARY INTL A","3031092","2026-02-07 17:00","2026","02","07","17:00","","12.3","","-5.6","","28","","","","30","","22","","64.4","","88.25","","","","","","Mostly Cloudy"
"-114.01","51.12","CALGARY INTL A","3031092","2026-02-07 18:00","2026","02","07","18:00","","12.2","","-5.9","","28","","","","27","","9","","24.1","","88.22","","","","","","NA"
"-114.01","51.12","CALGARY INTL A","3031092","2026-02-07 19:00","2026","02","07","19:00","","11.6","","-5.6","","30","","","","26","","17","","24.1","","88.18","","","","","","NA"
"-114.01","51.12","CALGARY INTL A","3031092","2026-02-07 20:00","2026","02","07","20:00","","10.8","","-4.9","","33","","","","21","","8","","24.1","","88.16","","","","","","Mostly Cloudy"
"-114.01","51.12","CALGARY INTL A","3031092","2026-02-07 21:00","2026","02","07","21:00","","10.8","","-4.6","","34","","","","27","","13","","24.1","","88.11","","","","","","NA"
"-114.01","51.12","CALGARY INTL A","3031092","2026-02-07 22:00","2026","02","07","22:00","","10.3","","-4.4","","35","","","","25","","13","","24.1","","88.07","","","","","","NA"
"-114.01","51.12","CALGARY INTL A","3031092","2026-02-07 23:00","2026","02","07","23:00","","10.0","","-4.3","","36","","","","18","","10","","24.1","","88.07","","","","","","Mostly Cloudy"
"-114.01","51.12","CALGARY INTL A","3031092","2026-02-08 00:00","2026","02","08","00:00","","9.3","","-4.3","","38","","","","27","","13","","24.1","","88.04","","","","","","NA"
"-114.01","51.12","CALGARY INTL A","3031092","2026-02-08 01:00","2026","02","08","01:00","","8.6","","-4.4","","40","","","","28","","14","","24.1","","88.10","","","","","","NA"
"-114.01","51.12","CALGARY INTL A","3031092","2026-02-08 02:00","2026","02","08","02:00","","8.2","","-4.4","","41","","","","30","","19","","24.1","","88.10","","","","","","Mostly Cloudy"
"-114.01","51.12","CALGARY INTL A","3031092","2026-02-08 03:00","2026","02","08","03:00","","8.6","","-4.8","","38","","","","27","","16","","24.1","","88.10","","","","","","NA"
"-114.01","51.12","CALGARY INTL A","3031092","2026-02-08 04:00","2026","02","08","04:00","","7.6","","-5.2","","40","","","","27","","17","","24.1","","88.10","","","","","","NA"
"-114.01","51.12","CALGARY INTL A","3031092","2026-02-08 05:00","2026","02","08","05:00","","5.8","","-5.0","","46","","","","26","","14","","24.1","","88.14","","","","","","Mostly Cloudy"
"-114.01","51.12","CALGARY INTL A","3031092","2026-02-08 06:00","2026","02","08","06:00","","6.6","","-4.6","","45","","","","27","","26","","24.1","","88.19","","","","","","NA"
"-114.01","51.12","CALGARY INTL A","3031092","2026-02-08 07:00","2026","02","08","07:00","","5.2","","-4.7","","49","","","","35","","21","","24.1","","88.30","","","","","","NA"
"-114.01","51.12","CALGARY INTL A","3031092","2026-02-08 08:00","2026","02","08","08:00","","2.2","","-4.0","","64","","","","33","","5","","64.4","","88.37","","","","","","Mainly Clear"
"-114.01","51.12","CALGARY INTL A","3031092","2026-02-08 09:00","2026","02","08","09:00","","3.7","","-3.2","","60","","","","27","","4","","64.4","","88.44","","","","","","NA"
"-114.01","51.12","CALGARY INTL A","3031092","2026-02-08 10:00","2026","02","08","10:00","","5.5","","-1.4","","61","","","","36","","5","","64.4","","88.59","","","","","","NA"
"-114.01","51.12","CALGARY INTL A","3031092","2026-02-08 11:00","2026","02","08","11:00","","6.1","","-0.8","","61","","","","2","","15","","64.4","","88.61","","","","","","Mostly Cloudy"
"-114.01","51.12","CALGARY INTL A","3031092","2026-02-08 12:00","2026","02","08","12:00","","8.0","","-1.1","","52","","","","4","","12","","64.4","","88.63","","","","","","NA"
"-114.01","51.12","CALGARY INTL A","3031092","2026-02-08 13:00","2026","02","08","13:00","","9.9","","-10.2","","23","","","","28","","19","","64.4","","88.58","","","","","","NA"
"-114.01","51.12","CALGARY INTL A","3031092","2026-02-08 14:00","2026","02","08","14:00","","9.8","","-10.2","","23","","","","27","","18","","64.4","","88.57","","","","","","Mostly Cloudy"
"-114.01","51.12","CALGARY INTL A","3031092","2026-02-08 15:00","2026","02","08","15:00","","7.9","","-1.4","","52","","","","3","","23","","64.4","","88.67","","","","","","NA"
"-114.01","51.12","CALGARY INTL A","3031092","2026-02-08 16:00","2026","02","08","16:00","","5.7","","-0.4","","65","","","","5","","16","","64.4","","88.70","","","","","","NA"
"-114.01","51.12","CALGARY INTL A","3031092","2026-02-08 17:00","2026","02","08","17:00","","5.2","","-0.9","","65","","","","13","","7","","64.4","","88.71","","","","","","Mainly Clear"
"-114.01","51.12","CALGARY INTL A","3031092","2026-02-08 18:00","2026","02","08","18:00","","2.7","","-1.2","","76","","","","19","","9","","64.4","","88.74","","","","","","NA"
"-114.01","51.12","CALGARY INTL A","3031092","2026-02-08 19:00","2026","02","08","19:00","","1.5","","-1.2","","82","","","","17","","10","","24.1","","88.76","","","","","","NA"
"-114.01","51.12","CALGARY INTL A","3031092","2026-02-08 20:00","2026","02","08","20:00","","2.0","","-1.0","","80","","","","25","","5","","24.1","","88.75","","","","","","Mainly Clear"
"-114.01","51.12","CALGARY INTL A","3031092","2026-02-08 21:00","2026","02","08","21:00","","0.7","","-1.7","","84","","","","18","","5","","24.1","","88.77","","","","","","NA"
"-114.01","51.12","CALGARY INTL A","3031092","2026-02-08 22:00","2026","02","08","22:00","","0.3","","-2.2","","83","","","","20","","7","","24.1","","88.78","","","","","","NA"
"-114.01","51.12","CALGARY INTL A","3031092","2026-02-08 23:00","2026","02","08","23:00","","-0.4","","-2.1","","88","","","","20","","3","","24.1","","88.76","","","","-1","","Mostly Cloudy"
"-114.01","51.12","CALGARY INTL A","3031092","2026-02-09 00:00","2026","02","09","00:00","","-1.5","","-3.6","","85","","","","25","","3","","24.1","","88.74","","","","-3","","NA"
"-114.01","51.12","CALGARY INTL A","3031092","2026-02-09 01:00","2026","02","09","01:00","","0.8","","-7.8","","53","","","","32","","5","","24.1","","88.73","","","","","","NA"
"-114.01","51.12","CALGARY INTL A","3031092","2026-02-09 02:00","2026","02","09","02:00","","-1.2","","-8.3","","59","","","","34","","9","","24.1","","88.72","","","","-4","","Mostly Cloudy"
"-114.01","51.12","CALGARY INTL A","3031092","2026-02-09 03:00","2026","02","09","03:00","","0.4","","-9.2","","48","","","","33","","5","","24.1","","88.73","","","","","","NA"
"-114.01","51.12","CALGARY INTL A","3031092","2026-02-09 04:00","2026","02","09","04:00","","-1.4","","-8.7","","58","","","","33","","7","","24.1","","88.76","","","","-4","","NA"
"-114.01","51.12","CALGARY INTL A","3031092","2026-02-09 05:00","2026","02","09","05:00","","-2.9","","-9.6","","60","","","","35","","8","","24.1","","88.79","","","","-6","","Mostly Cloudy"
"-114.01","51.12","CALGARY INTL A","3031092","2026-02-09 06:00","2026","02","09","06:00","","-3.8","","-10.3","","61","","","","34","","10","","24.1","","88.84","","","","-8","","NA"
"-114.01","51.12","CALGARY INTL A","3031092","2026-02-09 07:00","2026","02","09","07:00","","-4.1","","-10.9","","59","","","","32","","8","","24.1","","88.87","","","","-8","","NA"
"-114.01","51.12","CALGARY INTL A","3031092","2026-02-09 08:00","2026","02","09","08:00","","-4.0","","-10.7","","60","","","","","","0","","64.4","","88.91","","","","","","Mainly Clear"
"-114.01","51.12","CALGARY INTL A","3031092","2026-02-09 09:00","2026","02","09","09:00","","-4.4","","-10.0","","65","","","","","","0","","64.4","","88.95","","","","","","NA"
"-114.01","51.12","CALGARY INTL A","3031092","2026-02-09 10:00","2026","02","09","10:00","","-0.2","","-7.9","","56","","","","","","0","","64.4","","88.94","","","","","","NA"
"-114.01","51.12","CALGARY INTL A","3031092","2026-02-09 11:00","2026","02","09","11:00","","2.8","","-9.2","","41","","","","23","","10","","64.4","","88.96","","","","","","Mostly Cloudy"
"-114.01","51.12","CALGARY INTL A","3031092","2026-02-09 12:00","2026","02","09","12:00","","4.0","","-8.8","","39","","","","17","","9","","64.4","","88.95","","","","","","NA"
"-114.01","51.12","CALGARY INTL A","3031092","2026-02-09 13:00","2026","02","09","13:00","","4.1","","-9.2","","37","","","","19","","10","","64.4","","88.90","","","","","","NA"
"-114.01","51.12","CALGARY INTL A","3031092","2026-02-09 14:00","2026","02","09","14:00","","4.9","","-8.9","","36","","","","19","","13","","64.4","","88.85","","","","","","Mostly Cloudy"
"-114.01","51.12","CALGARY INTL A","3031092","2026-02-09 15:00","2026","02","09","15:00","","5.3","","-9.3","","34","","","","19","","12","","64.4","","88.83","","","","","","NA"
"-114.01","51.12","CALGARY INTL A","3031092","2026-02-09 16:00","2026","02","09","16:00","","5.0","","-10.2","","33","","","","18","","16","","64.4","","88.83","","","","","","NA"
"-114.01","51.12","CALGARY INTL A","3031092","2026-02-09 17:00","2026","02","09","17:00","","2.8","","-9.0","","42","","","","19","","13","","64.4","","88.82","","","","","","Mostly Cloudy"
"-114.01","51.12","CALGARY INTL A","3031092","2026-02-09 18:00","2026","02","09","18:00","","1.1","","-8.0","","51","","","","18","","15","","64.4","","88.84","","","","","","NA"
"-114.01","51.12","CALGARY INTL A","3031092","2026-02-09 19:00","2026","02","09","19:00","","0.5","","-7.6","","55","","","","19","","13","","24.1","","88.85","","","","","","NA"
"-114.01","51.12","CALGARY INTL A","3031092","2026-02-09 20:00","2026","02","09","20:00","","0.1","","-9.4","","49","","","","","","0","","24.1","","88.87","","","","","","Clear"
"-114.01","51.12","CALGARY INTL A","3031092","2026-02-09 21:00","2026","02","09","21:00","","2.5","","-13.4","","30","","","","27","","22","","24.1","","88.88","","","","","","NA"
"-114.01","51.12","CALGARY INTL A","3031092","2026-02-09 22:00","2026","02","09","22:00","","2.5","","-12.8","","32","","","","28","","18","","24.1","","88.90","","","","","","NA"
"-114.01","51.12","CALGARY INTL A","3031092","2026-02-09 23:00","2026","02","09","23:00","","2.4","","-12.8","","32","","","","28","","21","","24.1","","88.90","","","","","","Mostly Cloudy"
"-114.01","51.12","CALGARY INTL A","3031092","2026-02-10 00:00","2026","02","10","00:00","","2.0","","-12.8","","33","","","","28","","17","","24.1","","88.91","","","","","","NA"
"-114.01","51.12","CALGARY INTL A","3031092","2026-02-10 01:00","2026","02","10","01:00","","1.5","","-12.8","","34","","","","29","","14","","24.1","","88.91","","","","","","NA"
"-114.01","51.12","CALGARY INTL A","3031092","2026-02-10 02:00","2026","02","10","02:00","","1.5","","-12.8","","34","","","","28","","18","","24.1","","88.90","","","","","","Mainly Clear"
"-114.01","51.12","CALGARY INTL A","3031092","2026-02-10 03:00","2026","02","10","03:00","","-0.7","","-12.6","","40","","","","","","0","","24.1","","88.90","","","","","","NA"
"-114.01","51.12","CALGARY INTL A","3031092","2026-02-10 04:00","2026","02","10","04:00","","-1.9","","-12.1","","46","","","","17","","4","","24.1","","88.88","","","","-3","","NA"
"-114.01","51.12","CALGARY INTL A","3031092","2026-02-10 05:00","2026","02","10","05:00","","-2.2","","-12.2","","47","","","","5","","4","","24.1","","88.86","","","","-4","","Clear"
"-114.01","51.12","CALGARY INTL A","3031092","2026-02-10 06:00","2026","02","10","06:00"
"-114.01","51.12","CALGARY INTL A","3031092","2026-02-10 07:00","2026","02","10","07:00","","-2.4","","-11.7","","49","","","","15","","8","","24.1","","88.87","","","","-6","","NA"
"-114.01","51.12","CALGARY INTL A","3031092","2026-02-10 08:00","2026","02","10","08:00","","-1.4","","-12.1","","44","","","","16","","9","","64.4","","88.87","","","","-5","","Clear"
"-114.01","51.12","CALGARY INTL A","3031092","2026-02-10 09:00","2026","02","10","09:00","","-1.7","","-10.7","","51","","","","18","","15","","64.4","","88.88","","","","-7","","NA"
"-114.01","51.12","CALGARY INTL A","3031092","2026-02-10 10:00","2026","02","10","10:00","","1.5","","-10.2","","42","","","","19","","13","","64.4","","88.86","","","","","","NA"
"-114.01","51.12","CALGARY INTL A","3031092","2026-02-10 11:00","2026","02","10","11:00","","5.4","","-12.2","","27","","","","26","","10","","64.4","","88.83","","","","","","Clear"
"-114.01","51.12","CALGARY INTL A","3031092","2026-02-10 12:00","2026","02","10","12:00","","6.2","","-13.1","","24","","","","29","","28","","64.4","","88.79","","","","","","NA"
"-114.01","51.12","CALGARY INTL A","3031092","2026-02-10 13:00","2026","02","10","13:00","","7.1","","-12.9","","23","","","","28","","24","","64.4","","88.73","","","","","","NA"
"-114.01","51.12","CALGARY INTL A","3031092","2026-02-10 14:00","2026","02","10","14:00","","7.3","","-13.5","","21","","","","28","","24","","64.4","","88.67","","","","","","Mainly Clear"
"-114.01","51.12","CALGARY INTL A","3031092","2026-02-10 15:00","2026","02","10","15:00","","7.4","","-13.5","","21","","","","28","","28","","64.4","","88.64","","","","","","NA"
"-114.01","51.12","CALGARY INTL A","3031092","2026-02-10 16:00","2026","02","10","16:00","","7.0","","-13.4","","22","","","","27","","27","","64.4","","88.65","","","","","","NA"
"-114.01","51.12","CALGARY INTL A","3031092","2026-02-10 17:00","2026","02","10","17:00","","5.6","","-12.9","","25","","","","29","","27","","64.4","","88.68","","","","","","Mainly Clear"
"-114.01","51.12","CALGARY INTL A","3031092","2026-02-10 18:00","2026","02","10","18:00","","4.2","","-12.8","","28","","","","26","","11","","64.4","","88.69","","","","","","NA"
"-114.01","51.12","CALGARY INTL A","3031092","2026-02-10 19:00","2026","02","10","19:00","","2.9","","-12.5","","32","","","","26","","10","","24.1","","88.70","","","","","","NA"
"-114.01","51.12","CALGARY INTL A","3031092","2026-02-10 20:00","2026","02","10","20:00","","3.1","","-12.5","","31","","","","28","","20","","24.1","","88.71","","","","","","Mostly Cloudy"
"-114.01","51.12","CALGARY INTL A","3031092","2026-02-10 21:00","2026","02","10","21:00","","3.3","","-12.7","","30","","","","28","","8","","24.1","","88.74","","","","","","NA"
"-114.01","51.12","CALGARY INTL A","3031092","2026-02-10 22:00","2026","02","10","22:00","","2.1","","-12.2","","34","","","","24","","5","","24.1","","88.74","","","","","","NA"
"-114.01","51.12","CALGARY INTL A","3031092","2026-02-10 23:00","2026","02","10","23:00","","2.4","","-12.0","","34","","","","27","","10","","24.1","","88.74","","","","","","Mostly Cloudy"
"-114.01","51.12","CALGARY INTL A","3031092","2026-02-11 00:00","2026","02","11","00:00","","1.8","","-11.9","","36","","","","","","0","","24.1","","88.76","","","","","","NA"
"-114.01","51.12","CALGARY INTL A","3031092","2026-02-11 01:00","2026","02","11","01:00","","0.1","","-11.1","","43","","","","9","","3","","24.1","","88.75","","","","","","NA"
"-114.01","51.12","CALGARY INTL A","3031092","2026-02-11 02:00","2026","02","11","02:00","","2.0","","-12.3","","34","","","","28","","14","","24.1","","88.75","","","","","","Mostly Cloudy"
"-114.01","51.12","CALGARY INTL A","3031092","2026-02-11 03:00","2026","02","11","03:00","","1.0","","-12.1","","37","","","","26","","11","","24.1","","88.75","","","","","","NA"
"-114.01","51.12","CALGARY INTL A","3031092","2026-02-11 04:00","2026","02","11","04:00","","0.9","","-12.2","","37","","","","27","","5","","24.1","","88.75","","","","","","NA"
"-114.01","51.12","CALGARY INTL A","3031092","2026-02-11 05:00","2026","02","11","05:00","","0.8","","-12.3","","37","","","","30","","10","","24.1","","88.72","","","","","","Clear"
"-114.01","51.12","CALGARY INTL A","3031092","2026-02-11 06:00","2026","02","11","06:00","","-1.7","","-11.9","","46","","","","17","","9","","24.1","","88.71","","","","-5","","NA"
"-114.01","51.12","CALGARY INTL A","3031092","2026-02-11 07:00","2026","02","11","07:00","","-2.0","","-12.0","","47","","","","20","","7","","24.1","","88.70","","","","-5","","NA"
"-114.01","51.12","CALGARY INTL A","3031092","2026-02-11 08:00","2026","02","11","08:00","","-1.8","","-12.2","","45","","","","21","","5","","64.4","","88.70","","","","-4","","Mainly Clear"
"-114.01","51.12","CALGARY INTL A","3031092","2026-02-11 09:00","2026","02","11","09:00","","0.5","","-11.0","","42","","","","17","","4","","64.4","","88.74","","","","","","NA"
"-114.01","51.12","CALGARY INTL A","3031092","2026-02-11 10:00","2026","02","11","10:00","","3.1","","-11.7","","33","","","","","","0","","64.4","","88.74","","","","","","NA"
"-114.01","51.12","CALGARY INTL A","3031092","2026-02-11 11:00","2026","02","11","11:00","","5.0","","-13.0","","26","","","","28","","23","","64.4","","88.73","","","","","","Mostly Cloudy"
"-114.01","51.12","CALGARY INTL A","3031092","2026-02-11 12:00","2026","02","11","12:00","","5.8","","-13.9","","23","","","","28","","17","","64.4","","88.74","","","","","","NA"
"-114.01","51.12","CALGARY INTL A","3031092","2026-02-11 13:00","2026","02","11","13:00","","6.4","","-15.7","","19","","","","32","","9","","64.4","","88.74","","","","","","NA"
"-114.01","51.12","CALGARY INTL A","3031092","2026-02-11 14:00","2026","02","11","14:00","","7.4","","-15.3","","18","","","","30","","13","","64.4","","88.70","","","","","","Mostly Cloudy"
"-114.01","51.12","CALGARY INTL A","3031092","2026-02-11 15:00","2026","02","11","15:00","","7.7","","-15.7","","17","","","","24","","10","","64.4","","88.68","","","","","","NA"
"-114.01","51.12","CALGARY INTL A","3031092","2026-02-11 16:00","2026","02","11","16:00","","6.9","","-15.7","","18","","","","29","","9","","64.4","","88.69","","","","","","NA"
"-114.01","51.12","CALGARY INTL A","3031092","2026-02-11 17:00","2026","02","11","17:00","","6.8","","-15.5","","19","","","","","","0","","48.3","","88.67","","","","","","Mostly Cloudy"
"-114.01","51.12","CALGARY INTL A","3031092","2026-02-11 18:00","2026","02","11","18:00","","2.6","","-12.6","","32","","","","17","","14","","32.2","","88.71","","","","","","NA"
"-114.01","51.12","CALGARY INTL A","3031092","2026-02-11 19:00","2026","02","11","19:00","","2.4","","-12.6","","32","","","","20","","10","","24.1","","88.72","","","","","","NA"
"-114.01","51.12","CALGARY INTL A","3031092","2026-02-11 20:00","2026","02","11","20:00","","2.0","","-12.8","","33","","","","18","","4","","24.1","","88.72","","","","","","Clear"
"-114.01","51.12","CALGARY INTL A","3031092","2026-02-11 21:00","2026","02","11","21:00","","0.6","","-12.5","","37","","","","17","","7","","24.1","","88.72","","","","","","NA"
"-114.01","51.12","CALGARY INTL A","3031092","2026-02-11 22:00","2026","02","11","22:00","","0.4","","-12.5","","38","","","","17","","7","","24.1","","88.70","","","","","","NA"
"-114.01","51.12","CALGARY INTL A","3031092","2026-02-11 23:00","2026","02","11","23:00","","-0.2","","-14.0","","35","","","","20","","11","","24.1","","88.66","","","","-4","","Mainly Clear"
"-114.01","51.12","CALGARY INTL A","3031092","2026-02-12 00:00","2026","02","12","00:00","","-0.9","","-13.1","","39","","","","18","","9","","24.1","","88.62","","","","-4","","NA"
"-114.01","51.12","CALGARY INTL A","3031092","2026-02-12 01:00","2026","02","12","01:00","","4.9","","-18.2","","17","","","","27","","21","","24.1","","88.64","","","","","","NA"
"-114.01","51.12","CALGARY INTL A","3031092","2026-02-12 02:00","2026","02","12","02:00","","5.5","","-18.9","","15","","","","28","","34","","24.1","","88.63","","","","","","Mainly Clear"
"-114.01","51.12","CALGARY INTL A","3031092","2026-02-12 03:00","2026","02","12","03:00","","5.2","","-18.5","","16","","","","29","","27","","24.1","","88.69","","","","","","NA"
"-114.01","51.12","CALGARY INTL A","3031092","2026-02-12 04:00","2026","02","12","04:00","","5.8","","-17.5","","17","","","","28","","28","","24.1","","88.71","","","","","","NA"
"-114.01","51.12","CALGARY INTL A","3031092","2026-02-12 05:00","2026","02","12","05:00","","5.4","","-16.5","","19","","","","28","","31","","24.1","","88.70","","","","","","Mostly Cloudy"
"-114.01","51.12","CALGARY INTL A","3031092","2026-02-12 06:00","2026","02","12","06:00","","4.9","","-15.6","","21","","","","28","","23","","24.1","","88.72","","","","","","NA"
"-114.01","51.12","CALGARY INTL A","3031092","2026-02-12 07:00","2026","02","12","07:00","","3.8","","-14.7","","25","","","","30","","17","","24.1","","88.73","","","","","","NA"
"-114.01","51.12","CALGARY INTL A","3031092","2026-02-12 08:00","2026","02","12","08:00","","4.2","","-13.7","","26","","","","29","","21","","64.4","","88.77","","","","","","Mostly Cloudy"
"-114.01","51.12","CALGARY INTL A","3031092","2026-02-12 09:00","2026","02","12","09:00","","5.2","","-12.3","","27","","","","28","","28","","64.4","","88.78","","","","","","NA"
"-114.01","51.12","CALGARY INTL A","3031092","2026-02-12 10:00","2026","02","12","10:00","","6.3","","-11.6","","27","","","","27","","17","","64.4","","88.81","","","","","","NA"
"-114.01","51.12","CALGARY INTL A","3031092","2026-02-12 11:00","2026","02","12","11:00","","4.4","","-12.2","","29","","","","18","","14","","64.4","","88.82","","","","","","Mostly Cloudy"
"-114.01","51.12","CALGARY INTL A","3031092","2026-02-12 12:00","2026","02","12","12:00","","6.5","","-12.8","","24","","","","18","","19","","48.3","","88.80","","","","","","NA"
"-114.01","51.12","CALGARY INTL A","3031092","2026-02-12 13:00","2026","02","12","13:00","","7.8","","-12.6","","22","","","","19","","19","","64.4","","88.77","","","","","","NA"
"-114.01","51.12","CALGARY INTL A","3031092","2026-02-12 14:00","2026","02","12","14:00","","8.4","","-12.4","","22","","","","17","","23","","64.4","","88.71","","","","","","Mainly Clear"
"-114.01","51.12","CALGARY INTL A","3031092","2026-02-12 15:00","2026","02","12","15:00","","8.9","","-12.2","","21","","","","18","","21","","48.3","","88.63","","","","","","NA"
"-114.01","51.12","CALGARY INTL A","3031092","2026-02-12 16:00","2026","02","12","16:00","","8.9","","-11.0","","23","","","","19","","20","","48.3","","88.60","","","","","","NA"
"-114.01","51.12","CALGARY INTL A","3031092","2026-02-12 17:00","2026","02","12","17:00","","7.9","","-10.9","","25","","","","19","","17","","32.2","","88.58","","","","","","Mainly Clear"
"-114.01","51.12","CALGARY INTL A","3031092","2026-02-12 18:00","2026","02","12","18:00","","6.1","","-10.9","","28","","","","17","","8","","32.2","","88.59","","","","","","NA"
"-114.01","51.12","CALGARY INTL A","3031092","2026-02-12 19:00","2026","02","12","19:00","","7.0","","-7.7","","34","","","","23","","10","","24.1","","88.60","","","","","","NA"
"-114.01","51.12","CALGARY INTL A","3031092","2026-02-12 20:00","2026","02","12","20:00","","7.9","","-7.7","","32","","","","26","","23","","24.1","","88.57","","","","","","Mainly Clear"
"-114.01","51.12","CALGARY INTL A","3031092","2026-02-12 21:00","2026","02","12","21:00","","7.2","","-8.2","","33","","","","28","","17","","24.1","","88.60","","","","","","NA"
"-114.01","51.12","CALGARY INTL A","3031092","2026-02-12 22:00","2026","02","12","22:00","","7.0","","-8.5","","32","","","","28","","19","","24.1","","88.60","","","","","","NA"
"-114.01","51.12","CALGARY INTL A","3031092","2026-02-12 23:00","2026","02","12","23:00","","6.3","","-8.8","","33","","","","28","","25","","24.1","","88.59","","","","","","Mainly Clear"
"-114.01","51.12","CALGARY INTL A","3031092","2026-02-13 00:00","2026","02","13","00:00","","6.1","","-9.5","","32","","","","27","","26","","24.1","","88.59","","","","","","NA"
"-114.01","51.12","CALGARY INTL A","3031092","2026-02-13 01:00","2026","02","13","01:00","","5.7","","-9.8","","32","","","","24","","11","","24.1","","88.59","","","","","","NA"
"-114.01","51.12","CALGARY INTL A","3031092","2026-02-13 02:00","2026","02","13","02:00","","5.5","","-9.9","","32","","","","27","","25","","24.1","","88.58","","","","","","Mostly Cloudy"
"-114.01","51.12","CALGARY INTL A","3031092","2026-02-13 03:00","2026","02","13","03:00","","6.6","","-10.2","","29","","","","28","","25","","24.1","","88.54","","","","","","NA"
"-114.01","51.12","CALGARY INTL A","3031092","2026-02-13 04:00","2026","02","13","04:00","","6.5","","-10.4","","29","","","","27","","23","","24.1","","88.57","","","","","","NA"
"-114.01","51.12","CALGARY INTL A","3031092","2026-02-13 05:00","2026","02","13","05:00","","2.1","","-7.3","","50","","","","5","","31","","24.1","","88.69","","","","","","Mostly Cloudy"
"-114.01","51.12","CALGARY INTL A","3031092","2026-02-13 06:00","2026","02","13","06:00","","-0.4","","-7.5","","59","","","","33","","13","","24.1","","88.74","","","","-5","","NA"
"-114.01","51.12","CALGARY INTL A","3031092","2026-02-13 07:00","2026","02","13","07:00","","-0.6","","-8.3","","56","","","","34","","14","","24.1","","88.75","","","","-5","","NA"
"-114.01","51.12","CALGARY INTL A","3031092","2026-02-13 08:00","2026","02","13","08:00","","-1.5","","-8.8","","57","","","","34","","9","","64.4","","88.76","","","","-5","","Cloudy"
"-114.01","51.12","CALGARY INTL A","3031092","2026-02-13 09:00","2026","02","13","09:00","","0.0","","-9.1","","51","","","","29","","4","","64.4","","88.80","","","","-1","","NA"
"-114.01","51.12","CALGARY INTL A","3031092","2026-02-13 10:00","2026","02","13","10:00","","2.5","","-11.8","","34","","","","22","","8","","64.4","","88.79","","","","","","NA"
"-114.01","51.12","CALGARY INTL A","3031092","2026-02-13 11:00","2026","02","13","11:00","","3.5","","-12.0","","31","","","","19","","9","","64.4","","88.75","","","","","","Cloudy"
"-114.01","51.12","CALGARY INTL A","3031092","2026-02-13 12:00","2026","02","13","12:00","","5.4","","-13.7","","24","","","","19","","14","","64.4","","88.71","","","","","","NA"
"-114.01","51.12","CALGARY INTL A","3031092","2026-02-13 13:00","2026","02","13","13:00","","5.8","","-12.8","","25","","","","16","","19","","64.4","","88.60","","","","","","NA"
"-114.01","51.12","CALGARY INTL A","3031092","2026-02-13 14:00","2026","02","13","14:00","","5.8","","-12.7","","25","","","","17","","18","","48.3","","88.52","","","","","","Cloudy"
"-114.01","51.12","CALGARY INTL A","3031092","2026-02-13 15:00","2026","02","13","15:00","","7.1","","-11.6","","25","","","","14","","17","","48.3","","88.44","","","","","","NA"
"-114.01","51.12","CALGARY INTL A","3031092","2026-02-13 16:00","2026","02","13","16:00","","6.2","","-10.6","","29","","","","14","","20","","32.2","","88.41","","","","","","NA"
"-114.01","51.12","CALGARY INTL A","3031092","2026-02-13 17:00","2026","02","13","17:00","","5.1","","-9.9","","33","","","","12","","20","","32.2","","88.40","","","","","","Mostly Cloudy"
"-114.01","51.12","CALGARY INTL A","3031092","2026-02-13 18:00","2026","02","13","18:00","","2.5","","-9.8","","40","","","","16","","15","","32.2","","88.40","","","","","","NA"
"-114.01","51.12","CALGARY INTL A","3031092","2026-02-13 19:00","2026","02","13","19:00","","0.8","","-9.5","","46","","","","16","","13","","24.1","","88.37","","","","","","NA"
"-114.01","51.12","CALGARY INTL A","3031092","2026-02-13 20:00","2026","02","13","20:00","","0.6","","-9.2","","48","","","","15","","8","","24.1","","88.37","","","","","","Mainly Clear"
"-114.01","51.12","CALGARY INTL A","3031092","2026-02-13 21:00","2026","02","13","21:00","","-2.1","","-9.2","","59","","","","8","","5","","24.1","","88.34","","","","-4","","NA"
"-114.01","51.12","CALGARY INTL A","3031092","2026-02-13 22:00","2026","02","13","22:00","","-2.4","","-8.2","","65","","","","15","","13","","24.1","","88.32","","","","-7","","NA"
"-114.01","51.12","CALGARY INTL A","3031092","2026-02-13 23:00","2026","02","13","23:00","","-4.7","","-9.5","","70","","","","16","","9","","24.1","","88.29","","","","-9","","Mostly Cloudy"
"-114.01","51.12","CALGARY INTL A","3031092","2026-02-14 00:00","2026","02","14","00:00","","-2.9","","-8.9","","63","","","","20","","11","","24.1","","88.26","","","","-7","","NA"
"-114.01","51.12","CALGARY INTL A","3031092","2026-02-14 01:00","2026","02","14","01:00","","-0.7","","-9.7","","51","","","","22","","14","","24.1","","88.22","","","","-5","","NA"
"-114.01","51.12","CALGARY INTL A","3031092","2026-02-14 02:00","2026","02","14","02:00","","-1.6","","-8.6","","59","","","","19","","10","","24.1","","88.24","","","","-5","","Mostly Cloudy"
"-114.01","51.12","CALGARY INTL A","3031092","2026-02-14 03:00","2026","02","14","03:00","","0.0","","-9.5","","49","","","","21","","11","","24.1","","88.23","","","","-4","","NA"
"-114.01","51.12","CALGARY INTL A","3031092","2026-02-14 04:00","2026","02","14","04:00","","0.4","","-9.7","","47","","","","","","0","","24.1","","88.20","","","","","","NA"
"-114.01","51.12","CALGARY INTL A","3031092","2026-02-14 05:00","2026","02","14","05:00","","-0.5","","-9.6","","50","","","","","","0","","24.1","","88.21","","","","","","Mostly Cloudy"
"-114.01","51.12","CALGARY INTL A","3031092","2026-02-14 06:00","2026","02","14","06:00","","-1.3","","-9.3","","55","","","","14","","5","","24.1","","88.22","","","","-3","","NA"
"-114.01","51.12","CALGARY INTL A","3031092","2026-02-14 07:00","2026","02","14","07:00","","-2.2","","-8.6","","62","","","","18","","5","","24.1","","88.23","","","","-4","","NA"
"-114.01","51.12","CALGARY INTL A","3031092","2026-02-14 08:00","2026","02","14","08:00","","-2.5","","-7.8","","67","","","","34","","8","","64.4","","88.29","","","","-6","","Mostly Cloudy"
"-114.01","51.12","CALGARY INTL A","3031092","2026-02-14 09:00","2026","02","14","09:00","","-1.0","","-8.2","","58","","","","35","","10","","64.4","","88.32","","","","-5","","NA"
"-114.01","51.12","CALGARY INTL A","3031092","2026-02-14 10:00","2026","02","14","10:00","","1.0","","-8.1","","51","","","","35","","22","","64.4","","88.32","","","","","","NA"
"-114.01","51.12","CALGARY INTL A","3031092","2026-02-14 11:00","2026","02","14","11:00","","1.6","","-8.0","","49","","","","34","","21","","48.3","","88.40","","","","","","Mostly Cloudy"
"-114.01","51.12","CALGARY INTL A","3031092","2026-02-14 12:00","2026","02","14","12:00","","3.0","","-7.5","","46","","","","36","","21","","48.3","","88.41","","","","","","NA"
"-114.01","51.12","CALGARY INTL A","3031092","2026-02-14 13:00","2026","02","14","13:00","","3.3","","-7.7","","44","","","","36","","18","","32.2","","88.38","","","","","","NA"
"-114.01","51.12","CALGARY INTL A","3031092","2026-02-14 14:00","2026","02","14","14:00","","4.0","","-7.3","","44","","","","36","","20","","48.3","","88.38","","","","","","Mainly Clear"
"-114.01","51.12","CALGARY INTL A","3031092","2026-02-14 15:00","2026","02","14","15:00","","3.1","","-7.7","","45","","","","4","","14","","48.3","","88.38","","","","","","NA"
"-114.01","51.12","CALGARY INTL A","3031092","2026-02-14 16:00","2026","02","14","16:00","","2.4","","-7.5","","48","","","","5","","16","","32.2","","88.38","","","","","","NA"
"-114.01","51.12","CALGARY INTL A","3031092","2026-02-14 17:00","2026","02","14","17:00","","0.5","","-7.9","","54","","","","5","","13","","32.2","","88.40","","","","","","Mostly Cloudy"
"-114.01","51.12","CALGARY INTL A","3031092","2026-02-14 18:00","2026","02","14","18:00","","-0.6","","-7.5","","60","","","","5","","14","","48.3","","88.42","","","","-5","","NA"
"-114.01","51.12","CALGARY INTL A","3031092","2026-02-14 19:00","2026","02","14","19:00","","-3.2","","-7.3","","73","","","","7","","9","","24.1","","88.46","","","","-7","","NA"
"-114.01","51.12","CALGARY INTL A","3031092","2026-02-14 20:00","2026","02","14","20:00","","-3.1","","-6.8","","75","","","","36","","4","","24.1","","88.49","","","","-5","","Clear"
"-114.01","51.12","CALGARY INTL A","3031092","2026-02-14 21:00","2026","02","14","21:00","","-4.3","","-7.8","","76","","","","","","0","","24.1","","88.47","","","","","","NA"
"-114.01","51.12","CALGARY INTL A","3031092","2026-02-14 22:00","2026","02","14","22:00","","-6.5","","-9.9","","77","","","","34","","7","","24.1","","88.46","","","","-10","","NA"
"-114.01","51.12","CALGARY INTL A","3031092","2026-02-14 23:00","2026","02","14","23:00","","-7.6","","-10.2","","81","","","","1","","4","","24.1","","88.42","","","","-10","","Mainly Clear"
"-114.01","51.12","CALGARY INTL A","3031092","2026-02-15 00:00","2026","02","15","00:00","","-4.3","","-6.5","","85","","","","24","","9","","24.1","","88.37","","","","-8","","NA"
"-114.01","51.12","CALGARY INTL A","3031092","2026-02-15 01:00","2026","02","15","01:00","","-4.2","","-6.8","","82","","","","23","","13","","24.1","","88.34","","","","-9","","NA"
"-114.01","51.12","CALGARY INTL A","3031092","2026-02-15 02:00","2026","02","15","02:00","","-4.5","","-7.4","","81","","","","21","","11","","24.1","","88.30","","","","-9","","Mostly Cloudy"
"-114.01","51.12","CALGARY INTL A","3031092","2026-02-15 03:00","2026","02","15","03:00","","-5.4","","-7.6","","84","","","","20","","8","","24.1","","88.29","","","","-9","","NA"
"-114.01","51.12","CALGARY INTL A","3031092","2026-02-15 04:00","2026","02","15","04:00","","-5.1","","-8.0","","80","","","","23","","8","","24.1","","88.24","","","","-9","","NA"
"-114.01","51.12","CALGARY INTL A","3031092","2026-02-15 05:00","2026","02","15","05:00","","-6.5","","-9.5","","79","","","","18","","11","","24.1","","88.20","","","","-11","","Clear"
"-114.01","51.12","CALGARY INTL A","3031092","2026-02-15 06:00","2026","02","15","06:00","","-1.3","","-12.9","","41","","","","28","","19","","24.1","","88.18","","","","-7","","NA"
"-114.01","51.12","CALGARY INTL A","3031092","2026-02-15 07:00","2026","02","15","07:00","","-6.9","","-12.4","","65","","","","19","","12","","24.1","","88.18","","","","-12","","NA"
"-114.01","51.12","CALGARY INTL A","3031092","2026-02-15 08:00","2026","02","15","08:00","","-5.6","","-13.3","","55","","","","18","","5","","64.4","","88.20","","","","-8","","Clear"
"-114.01","51.12","CALGARY INTL A","3031092","2026-02-15 09:00","2026","02","15","09:00","","-1.4","","-13.7","","39","","","","26","","13","","64.4","","88.19","","","","-6","","NA"
"-114.01","51.12","CALGARY INTL A","3031092","2026-02-15 10:00","2026","02","15","10:00","","0.5","","-13.1","","36","","","","27","","12","","64.4","","88.18","","","","","","NA"
"-114.01","51.12","CALGARY INTL A","3031092","2026-02-15 11:00","2026","02","15","11:00","","2.4","","-14.5","","28","","","","27","","21","","64.4","","88.16","","","","","","Mainly Clear"
"-114.01","51.12","CALGARY INTL A","3031092","2026-02-15 12:00","2026","02","15","12:00","","3.6","","-15.9","","23","","","","28","","22","","64.4","","88.12","","","","","","NA"
"-114.01","51.12","CALGARY INTL A","3031092","2026-02-15 13:00","2026","02","15","13:00","","4.5","","-17.4","","19","","","","27","","7","","64.4","","88.02","","","","","","NA"
"-114.01","51.12","CALGARY INTL A","3031092","2026-02-15 14:00","2026","02","15","14:00","","5.3","","-17.1","","18","","","","27","","7","","64.4","","87.91","","","","","","Mainly Clear"
"-114.01","51.12","CALGARY INTL A","3031092","2026-02-15 15:00","2026","02","15","15:00","","5.8","","-17.4","","17","","","","20","","16","","64.4","","87.84","","","","","","NA"
"-114.01","51.12","CALGARY INTL A","3031092","2026-02-15 16:00","2026","02","15","16:00","","5.5","","-16.2","","19","","","","18","","14","","64.4","","87.80","","","","","","NA"
"-114.01","51.12","CALGARY INTL A","3031092","2026-02-15 17:00","2026","02","15","17:00","","3.8","","-17.1","","20","","","","29","","18","","64.4","","87.78","","","","","","Mostly Cloudy"
"-114.01","51.12","CALGARY INTL A","3031092","2026-02-15 18:00","2026","02","15","18:00","","2.7","","-16.7","","23","","","","28","","11","","64.4","","87.77","","","","","","NA"
"-114.01","51.12","CALGARY INTL A","3031092","2026-02-15 19:00","2026","02","15","19:00","","2.2","","-16.6","","24","","","","28","","15","","24.1","","87.76","","","","","","NA"
"-114.01","51.12","CALGARY INTL A","3031092","2026-02-15 20:00","2026","02","15","20:00","","2.0","","-17.1","","23","","","","29","","23","","24.1","","87.74","","","","","","Cloudy"
"-114.01","51.12","CALGARY INTL A","3031092","2026-02-15 21:00","2026","02","15","21:00","","1.8","","-18.3","","21","","","","28","","25","","24.1","","87.74","","","","","","NA"
"-114.01","51.12","CALGARY INTL A","3031092","2026-02-15 22:00","2026","02","15","22:00","","0.8","","-17.8","","24","","","","31","","15","","24.1","","87.74","","","","","","NA"
"-114.01","51.12","CALGARY INTL A","3031092","2026-02-15 23:00","2026","02","15","23:00","","-2.8","","-8.4","","65","","","","36","","22","","24.1","","87.77","","","","-9","","Cloudy"
"-114.01","51.12","CALGARY INTL A","3031092","2026-02-16 00:00","2026","02","16","00:00","","-4.2","","-9.1","","69","","","","34","","19","","24.1","","87.78","","","","-10","","NA"
"-114.01","51.12","CALGARY INTL A","3031092","2026-02-16 01:00","2026","02","16","01:00","","-5.3","","-9.4","","73","","","","35","","17","","24.1","","87.79","","","","-11","","NA"
"-114.01","51.12","CALGARY INTL A","3031092","2026-02-16 02:00","2026","02","16","02:00","","-6.4","","-9.6","","78","","","","35","","12","","24.1","","87.80","","","","-12","","Mostly Cloudy"
"-114.01","51.12","CALGARY INTL A","3031092","2026-02-16 03:00","2026","02","16","03:00","","-7.0","","-9.8","","80","","","","33","","8","","24.1","","87.79","","","","-11","","NA"
"-114.01","51.12","CALGARY INTL A","3031092","2026-02-16 04:00","2026","02","16","04:00","","-6.7","","-9.7","","79","","","","35","","6","","24.1","","87.78","","","","-10","","NA"
"-114.01","51.12","CALGARY INTL A","3031092","2026-02-16 05:00","2026","02","16","05:00","","-6.6","","-10.1","","77","","","","34","","6","","24.1","","87.75","","","","-10","","Cloudy"
"-114.01","51.12","CALGARY INTL A","3031092","2026-02-16 06:00","2026","02","16","06:00","","-7.3","","-10.4","","79","","","","34","","9","","24.1","","87.70","","","","-12","","NA"
"-114.01","51.12","CALGARY INTL A","3031092","2026-02-16 07:00","2026","02","16","07:00","","-7.7","","-10.8","","79","","","","","","0","","24.1","","87.72","","","","","","NA"
"-114.01","51.12","CALGARY INTL A","3031092","2026-02-16 08:00","2026","02","16","08:00","","-8.4","","-11.4","","79","","","","35","","5","","64.4","","87.71","","","","-11","","Mainly Clear"
"-114.01","51.12","CALGARY INTL A","3031092","2026-02-16 09:00","2026","02","16","09:00","","-7.9","","-10.8","","80","","","","34","","5","","64.4","","87.69","","","","-11","","NA"
"-114.01","51.12","CALGARY INTL A","3031092","2026-02-16 10:00","2026","02","16","10:00","","-5.0","","-9.1","","73","","","","6","","5","","64.4","","87.66","","","","-7","","NA"
"-114.01","51.12","CALGARY INTL A","3031092","2026-02-16 11:00","2026","02","16","11:00","","-3.3","","-7.5","","73","","","","10","","9","","64.4","","87.56","","","","-7","","Mainly Clear"
"-114.01","51.12","CALGARY INTL A","3031092","2026-02-16 12:00","2026","02","16","12:00","","-2.6","","-7.5","","69","","","","11","","8","","64.4","","87.56","","","","-6","","NA"
"-114.01","51.12","CALGARY INTL A","3031092","2026-02-16 13:00","2026","02","16","13:00","","-2.0","","-7.6","","65","","","","10","","9","","48.3","","87.46","","","","-5","","NA"
"-114.01","51.12","CALGARY INTL A","3031092","2026-02-16 14:00","2026","02","16","14:00","","-0.9","","-8.6","","56","","","","9","","16","","32.2","","87.36","","","","-6","","Mostly Cloudy"
"-114.01","51.12","CALGARY INTL A","3031092","2026-02-16 15:00","2026","02","16","15:00","","-1.0","","-8.8","","55","","","","9","","18","","24.1","","87.30","","","","-6","","NA"
"-114.01","51.12","CALGARY INTL A","3031092","2026-02-16 16:00","2026","02","16","16:00","","-1.3","","-8.5","","58","","","","12","","18","","24.1","","87.25","","","","-7","","Snow"
"-114.01","51.12","CALGARY INTL A","3031092","2026-02-16 17:00","2026","02","16","17:00","","-3.3","","-5.4","","86","","","","11","","14","","1.2","","87.28","","","","-8","","Snow"
"-114.01","51.12","CALGARY INTL A","3031092","2026-02-16 18:00","2026","02","16","18:00","","-3.7","","-5.0","","91","","","","10","","7","","2.0","","87.25","","","","-7","","Snow"
"-114.01","51.12","CALGARY INTL A","3031092","2026-02-16 19:00","2026","02","16","19:00","","-3.8","","-5.0","","91","","","","9","","9","","4.8","","87.23","","","","-8","","Snow"
"-114.01","51.12","CALGARY INTL A","3031092","2026-02-16 20:00","2026","02","16","20:00","","-3.8","","-5.4","","89","","","","7","","9","","24.1","","87.19","","","","-8","","Snow"
"-114.01","51.12","CALGARY INTL A","3031092","2026-02-16 21:00","2026","02","16","21:00","","-3.8","","-5.1","","90","","","","4","","10","","8.1","","87.17","","","","-8","","Snow"
"-114.01","51.12","CALGARY INTL A","3031092","2026-02-16 22:00","2026","02","16","22:00","","-3.6","","-4.9","","91","","","","4","","12","","4.0","","87.15","","","","-8","","Snow"
"-114.01","51.12","CALGARY INTL A","3031092","2026-02-16 23:00","2026","02","16","23:00","","-5.1","","-6.3","","92","","","","6","","26","","4.0","","87.11","","","","-13","","Snow,Fog"
"-114.01","51.12","CALGARY INTL A","3031092","2026-02-17 00:00","2026","02","17","00:00","","-6.5","","-7.8","","91","","","","4","","24","","3.6","","87.07","","","","-14","","Snow,Fog"
"-114.01","51.12","CALGARY INTL A","3031092","2026-02-17 01:00","2026","02","17","01:00","","-7.9","","-9.5","","88","","","","3","","25","","4.0","","87.10","","","","-16","","Snow,Fog"
"-114.01","51.12","CALGARY INTL A","3031092","2026-02-17 02:00","2026","02","17","02:00","","-8.8","","-11.1","","84","","","","36","","29","","8.1","","87.13","","","","-18","","Fog"
"-114.01","51.12","CALGARY INTL A","3031092","2026-02-17 03:00","2026","02","17","03:00","","-9.7","","-12.0","","84","","","","36","","34","","4.8","","87.12","","","","-20","","Snow,Fog"
"-114.01","51.12","CALGARY INTL A","3031092","2026-02-17 04:00","2026","02","17","04:00","","-10.2","","-12.6","","83","","","","36","","40","","3.2","","87.10","","","","-21","","Snow,Fog"
"-114.01","51.12","CALGARY INTL A","3031092","2026-02-17 05:00","2026","02","17","05:00","","-12.1","","-14.7","","81","","","","36","","39","","4.0","","87.21","","","","-23","","Snow,Fog,Blowing Snow"
"-114.01","51.12","CALGARY INTL A","3031092","2026-02-17 06:00","2026","02","17","06:00","","-14.1","","-16.9","","80","","","","35","","36","","2.0","","87.31","","","","-26","","Snow,Blowing Snow"
"-114.01","51.12","CALGARY INTL A","3031092","2026-02-17 07:00","2026","02","17","07:00","","-14.8","","-17.5","","80","","","","36","","37","","1.2","","87.44","","","","-27","","Snow,Blowing Snow"
"-114.01","51.12","CALGARY INTL A","3031092","2026-02-17 08:00","2026","02","17","08:00","","-15.7","","-18.4","","80","","","","35","","42","","0.8","","87.41","","","","-29","","Snow,Blowing Snow"
"-114.01","51.12","CALGARY INTL A","3031092","2026-02-17 09:00","2026","02","17","09:00","","-15.8","","-18.9","","77","","","","36","","41","","1.6","","87.47","","","","-29","","Snow,Blowing Snow"
"-114.01","51.12","CALGARY INTL A","3031092","2026-02-17 10:00","2026","02","17","10:00","","-16.4","","-19.6","","76","","","","35","","36","","1.2","","87.61","","","","-29","","Snow,Blowing Snow"
"-114.01","51.12","CALGARY INTL A","3031092","2026-02-17 11:00","2026","02","17","11:00","","-16.5","","-19.9","","76","","","","35","","53","","1.2","","87.69","","","","-31","","Snow,Blowing Snow"
"-114.01","51.12","CALGARY INTL A","3031092","2026-02-17 12:00","2026","02","17","12:00","","-17.5","","-20.6","","77","","","","36","","48","","0.8","","87.71","","","","-32","","Snow,Blowing Snow"
"-114.01","51.12","CALGARY INTL A","3031092","2026-02-17 13:00","2026","02","17","13:00","","-17.9","","-21.0","","77","","","","35","","43","","0.6","","87.78","","","","-32","","Snow,Blowing Snow"
"-114.01","51.12","CALGARY INTL A","3031092","2026-02-17 14:00","2026","02","17","14:00","","-18.1","","-21.5","","75","","","","36","","43","","1.2","","87.85","","","","-32","","Snow,Blowing Snow"
"-114.01","51.12","CALGARY INTL A","3031092","2026-02-17 15:00","2026","02","17","15:00","","-18.1","","-21.8","","73","","","","36","","33","","8.1","","87.92","","","","-31","","Snow,Drifting Snow"
"-114.01","51.12","CALGARY INTL A","3031092","2026-02-17 16:00","2026","02","17","16:00","","-18.5","","-22.3","","72","","","","36","","42","","2.4","","88.00","","","","-32","","Snow,Blowing Snow"
"-114.01","51.12","CALGARY INTL A","3031092","2026-02-17 17:00","2026","02","17","17:00","","-18.8","","-22.4","","73","","","","1","","34","","4.0","","88.12","","","","-32","","Snow,Drifting Snow"
"-114.01","51.12","CALGARY INTL A","3031092","2026-02-17 18:00","2026","02","17","18:00","","-19.1","","-23.3","","70","","","","35","","44","","8.1","","88.11","","","","-33","","Snow,Drifting Snow"
"-114.01","51.12","CALGARY INTL A","3031092","2026-02-17 19:00","2026","02","17","19:00","","-19.9","","-24.6","","67","","","","35","","36","","12.9","","88.15","","","","-33","","Snow,Drifting Snow"
"-114.01","51.12","CALGARY INTL A","3031092","2026-02-17 20:00","2026","02","17","20:00","","-20.8","","-25.2","","68","","","","36","","30","","24.1","","88.29","","","","-34","","Drifting Snow"
"-114.01","51.12","CALGARY INTL A","3031092","2026-02-17 21:00","2026","02","17","21:00","","-21.4","","-25.7","","69","","","","35","","24","","24.1","","88.32","","","","-33","","NA"
"-114.01","51.12","CALGARY INTL A","3031092","2026-02-17 22:00","2026","02","17","22:00","","-21.6","","-26.4","","66","","","","35","","22","","24.1","","88.40","","","","-33","","NA"
"-114.01","51.12","CALGARY INTL A","3031092","2026-02-17 23:00","2026","02","17","23:00","","-22.1","","-27.0","","65","","","","36","","21","","24.1","","88.44","","","","-33","","Mostly Cloudy"
"-114.01","51.12","CALGARY INTL A","3031092","2026-02-18 00:00","2026","02","18","00:00","","-22.6","","-28.4","","59","","","","35","","28","","24.1","","88.42","","","","-36","","NA"
"-114.01","51.12","CALGARY INTL A","3031092","2026-02-18 01:00","2026","02","18","01:00","","-23.1","","-27.9","","65","","","","36","","28","","24.1","","88.42","","","","-36","","NA"
"-114.01","51.12","CALGARY INTL A","3031092","2026-02-18 02:00","2026","02","18","02:00","","-24.1","","-29.6","","62","","","","35","","26","","24.1","","88.42","","","","-37","","Mainly Clear"
"-114.01","51.12","CALGARY INTL A","3031092","2026-02-18 03:00","2026","02","18","03:00","","-24.9","","-30.4","","61","","","","34","","27","","24.1","","88.43","","","","-38","","NA"
"-114.01","51.12","CALGARY INTL A","3031092","2026-02-18 04:00","2026","02","18","04:00","","-25.5","","-30.6","","63","","","","34","","17","","24.1","","88.46","","","","-37","","NA"
"-114.01","51.12","CALGARY INTL A","3031092","2026-02-18 05:00","2026","02","18","05:00","","-25.9","","-31.0","","63","","","","34","","21","","24.1","","88.48","","","","-38","","Clear"
"-114.01","51.12","CALGARY INTL A","3031092","2026-02-18 06:00","2026","02","18","06:00","","-26.1","","-31.0","","64","","","","34","","21","","24.1","","88.51","","","","-38","","NA"
"-114.01","51.12","CALGARY INTL A","3031092","2026-02-18 07:00","2026","02","18","07:00","","-26.4","","-31.2","","65","","","","33","","15","","24.1","","88.50","","","","-37","","NA"
"-114.01","51.12","CALGARY INTL A","3031092","2026-02-18 08:00","2026","02","18","08:00","","-26.5","","-31.2","","65","","","","35","","20","","64.4","","88.51","","","","-39","","Mainly Clear"
"-114.01","51.12","CALGARY INTL A","3031092","2026-02-18 09:00","2026","02","18","09:00","","-25.8","","-31.3","","61","","","","34","","22","","64.4","","88.53","","","","-38","","NA"
"-114.01","51.12","CALGARY INTL A","3031092","2026-02-18 10:00","2026","02","18","10:00","","-25.3","","-31.4","","57","","","","34","","25","","64.4","","88.58","","","","-38","","NA"
"-114.01","51.12","CALGARY INTL A","3031092","2026-02-18 11:00","2026","02","18","11:00","","-24.4","","-31.1","","55","","","","35","","26","","64.4","","88.60","","","","-37","","Mainly Clear"
"-114.01","51.12","CALGARY INTL A","3031092","2026-02-18 12:00","2026","02","18","12:00","","-24.4","","-31.1","","55","","","","1","","17","","64.4","","88.61","","","","-35","","NA"
"-114.01","51.12","CALGARY INTL A","3031092","2026-02-18 13:00","2026","02","18","13:00","","-24.2","","-30.6","","57","","","","1","","16","","64.4","","88.59","","","","-35","","NA"
"-114.01","51.12","CALGARY INTL A","3031092","2026-02-18 14:00","2026","02","18","14:00","","-23.6","","-30.1","","56","","","","36","","16","","48.3","","88.56","","","","-34","","Mostly Cloudy"
"-114.01","51.12","CALGARY INTL A","3031092","2026-02-18 15:00","2026","02","18","15:00","","-23.2","","-29.6","","57","","","","1","","14","","11.3","","88.59","","","","-33","","Snow"
"-114.01","51.12","CALGARY INTL A","3031092","2026-02-18 16:00","2026","02","18","16:00","","-22.7","","-27.8","","64","","","","1","","14","","4.0","","88.62","","","","-32","","Snow"
"-114.01","51.12","CALGARY INTL A","3031092","2026-02-18 17:00","2026","02","18","17:00","","-22.8","","-27.7","","64","","","","2","","12","","24.1","","88.66","","","","-31","","Mostly Cloudy"
"-114.01","51.12","CALGARY INTL A","3031092","2026-02-18 18:00","2026","02","18","18:00","","-22.7","","-27.2","","67","","","","1","","10","","3.6","","88.70","","","","-30","","Snow"
"-114.01","51.12","CALGARY INTL A","3031092","2026-02-18 19:00","2026","02","18","19:00","","-22.6","","-27.1","","68","","","","36","","12","","6.4","","88.75","","","","-31","","Snow"
"-114.01","51.12","CALGARY INTL A","3031092","2026-02-18 20:00","2026","02","18","20:00","","-22.3","","-26.3","","70","","","","35","","7","","4.8","","88.78","","","","-28","","Snow"
"-114.01","51.12","CALGARY INTL A","3031092","2026-02-18 21:00","2026","02","18","21:00","","-23.1","","-26.7","","73","","","","10","","7","","4.0","","88.84","","","","-29","","Snow"
"-114.01","51.12","CALGARY INTL A","3031092","2026-02-18 22:00","2026","02","18","22:00","","-24.0","","-27.8","","72","","","","15","","5","","6.4","","88.88","","","","-29","","Ice Crystals"
"-114.01","51.12","CALGARY INTL A","3031092","2026-02-18 23:00","2026","02","18","23:00","","-24.9","","-28.4","","74","","","","16","","5","","12.9","","88.88","","","","-30","","Ice Crystals"
"-114.01","51.12","CALGARY INTL A","3031092","2026-02-19 00:00","2026","02","19","00:00","","-24.6","","-27.9","","75","","","","17","","8","","12.9","","88.90","","","","-32","","Ice Crystals"
"-114.01","51.12","CALGARY INTL A","3031092","2026-02-19 01:00","2026","02","19","01:00","","-24.9","","-28.1","","76","","","","19","","9","","16.1","","88.90","","","","-33","","Ice Crystals"
"-114.01","51.12","CALGARY INTL A","3031092","2026-02-19 02:00","2026","02","19","02:00","","-25.1","","-28.0","","77","","","","18","","8","","16.1","","88.88","","","","-32","","Mainly Clear"
"-114.01","51.12","CALGARY INTL A","3031092","2026-02-19 03:00","2026","02","19","03:00","","-24.9","","-28.0","","76","","","","19","","7","","16.1","","88.84","","","","-31","","Ice Crystals"
"-114.01","51.12","CALGARY INTL A","3031092","2026-02-19 04:00","2026","02","19","04:00","","-24.8","","-28.0","","75","","","","18","","7","","24.1","","88.82","","","","-31","","NA"
"-114.01","51.12","CALGARY INTL A","3031092","2026-02-19 05:00","2026","02","19","05:00","","-26.3","","-29.6","","75","","","","","","0","","24.1","","88.80","","","","","","Mainly Clear"
"-114.01","51.12","CALGARY INTL A","3031092","2026-02-19 06:00","2026","02","19","06:00","","-25.6","","-28.8","","76","","","","18","","12","","24.1","","88.77","","","","-35","","NA"
"-114.01","51.12","CALGARY INTL A","3031092","2026-02-19 07:00","2026","02","19","07:00","","-25.6","","-28.8","","75","","","","18","","10","","24.1","","88.72","","","","-34","","NA"
"-114.01","51.12","CALGARY INTL A","3031092","2026-02-19 08:00","2026","02","19","08:00","","-25.7","","-28.9","","75","","","","18","","9","","64.4","","88.68","","","","-33","","Mainly Clear"
"-114.01","51.12","CALGARY INTL A","3031092","2026-02-19 09:00","2026","02","19","09:00","","-25.1","","-28.4","","75","","","","17","","16","","9.7","","88.66","","","","-36","","Ice Crystals"
"-114.01","51.12","CALGARY INTL A","3031092","2026-02-19 10:00","2026","02","19","10:00","","-23.8","","-27.1","","75","","","","18","","20","","9.7","","88.62","","","","-35","","Ice Crystals"
"-114.01","51.12","CALGARY INTL A","3031092","2026-02-19 11:00","2026","02","19","11:00","","-22.7","","-26.6","","71","","","","18","","23","","24.1","","88.59","","","","-35","","Ice Crystals"
"-114.01","51.12","CALGARY INTL A","3031092","2026-02-19 12:00","2026","02","19","12:00","","-22.0","","-26.8","","66","","","","17","","25","","32.2","","88.52","","","","-34","","NA"
"-114.01","51.12","CALGARY INTL A","3031092","2026-02-19 13:00","2026","02","19","13:00","","-21.5","","-27.0","","62","","","","17","","23","","48.3","","88.47","","","","-33","","NA"
"-114.01","51.12","CALGARY INTL A","3031092","2026-02-19 14:00","2026","02","19","14:00","","-21.2","","-26.6","","62","","","","17","","22","","32.2","","88.37","","","","-32","","Mostly Cloudy"
"-114.01","51.12","CALGARY INTL A","3031092","2026-02-19 15:00","2026","02","19","15:00","","-20.2","","-25.7","","62","","","","17","","19","","32.2","","88.31","","","","-30","","NA"
"-114.01","51.12","CALGARY INTL A","3031092","2026-02-19 16:00","2026","02","19","16:00","","-19.7","","-25.6","","60","","","","17","","18","","24.1","","88.28","","","","-30","","NA"
"-114.01","51.12","CALGARY INTL A","3031092","2026-02-19 17:00","2026","02","19","17:00","","-19.7","","-25.6","","60","","","","16","","23","","24.1","","88.25","","","","-31","","Mostly Cloudy"
"-114.01","51.12","CALGARY INTL A","3031092","2026-02-19 18:00","2026","02","19","18:00","","-20.4","","-25.7","","63","","","","17","","16","","24.1","","88.22","","","","-30","","NA"
"-114.01","51.12","CALGARY INTL A","3031092","2026-02-19 19:00","2026","02","19","19:00","","-20.7","","-25.9","","64","","","","18","","13","","24.1","","88.20","","","","-29","","NA"
"-114.01","51.12","CALGARY INTL A","3031092","2026-02-19 20:00","2026","02","19","20:00","","-20.9","","-25.8","","65","","","","18","","14","","24.1","","88.19","","","","-30","","Mostly Cloudy"
"-114.01","51.12","CALGARY INTL A","3031092","2026-02-19 21:00","2026","02","19","21:00","","-20.5","","-25.5","","65","","","","19","","16","","24.1","","88.15","","","","-30","","NA"
"-114.01","51.12","CALGARY INTL A","3031092","2026-02-19 22:00","2026","02","19","22:00","","-20.4","","-25.0","","67","","","","17","","11","","24.1","","88.13","","","","-28","","NA"
"-114.01","51.12","CALGARY INTL A","3031092","2026-02-19 23:00","2026","02","19","23:00","","-20.5","","-25.0","","68","","","","18","","8","","24.1","","88.11","","","","-27","","Mostly Cloudy"
"-114.01","51.12","CALGARY INTL A","3031092","2026-02-20 00:00","2026","02","20","00:00","","-20.0","","-24.3","","69","","","","16","","7","","24.1","","88.10","","","","-26","","NA"
"-114.01","51.12","CALGARY INTL A","3031092","2026-02-20 01:00","2026","02","20","01:00","","-20.0","","-23.6","","74","","","","18","","3","","6.4","","88.12","","","","-23","","Ice Crystals"
"-114.01","51.12","CALGARY INTL A","3031092","2026-02-20 02:00","2026","02","20","02:00","","-19.6","","-23.2","","73","","","","19","","3","","8.1","","88.11","","","","-22","","Ice Crystals"
"-114.01","51.12","CALGARY INTL A","3031092","2026-02-20 03:00","2026","02","20","03:00","","-18.9","","-22.6","","73","","","","","","0","","6.4","","88.12","","","","","","Ice Crystals"
"-114.01","51.12","CALGARY INTL A","3031092","2026-02-20 04:00","2026","02","20","04:00","","-18.5","","-21.9","","75","","","","2","","11","","6.4","","88.11","","","","-26","","Ice Crystals"
"-114.01","51.12","CALGARY INTL A","3031092","2026-02-20 05:00","2026","02","20","05:00","","-19.4","","-22.8","","75","","","","3","","9","","16.1","","88.16","","","","-26","","Mainly Clear"
"-114.01","51.12","CALGARY INTL A","3031092","2026-02-20 06:00","2026","02","20","06:00","","-20.6","","-23.7","","77","","","","4","","6","","24.1","","88.17","","","","-26","","NA"
"-114.01","51.12","CALGARY INTL A","3031092","2026-02-20 07:00","2026","02","20","07:00","","-20.1","","-22.9","","78","","","","","","0","","24.1","","88.21","","","","","","NA"
"-114.01","51.12","CALGARY INTL A","3031092","2026-02-20 08:00","2026","02","20","08:00","","-21.0","","-23.6","","80","","","","19","","6","","64.4","","88.24","","","","-26","","Ice Crystals"
"-114.01","51.12","CALGARY INTL A","3031092","2026-02-20 09:00","2026","02","20","09:00","","-20.0","","-22.6","","80","","","","17","","9","","64.4","","88.27","","","","-27","","Ice Crystals"
"-114.01","51.12","CALGARY INTL A","3031092","2026-02-20 10:00","2026","02","20","10:00","","-17.8","","-21.0","","76","","","","","","0","","64.4","","88.33","","","","","","NA"
"-114.01","51.12","CALGARY INTL A","3031092","2026-02-20 11:00","2026","02","20","11:00","","-15.9","","-20.3","","69","","","","","","0","","64.4","","88.37","","","","","","Clear"
"-114.01","51.12","CALGARY INTL A","3031092","2026-02-20 12:00","2026","02","20","12:00","","-14.1","","-18.9","","68","","","","5","","7","","48.3","","88.40","","","","-19","","NA"
"-114.01","51.12","CALGARY INTL A","3031092","2026-02-20 13:00","2026","02","20","13:00","","-12.5","","-18.6","","61","","","","6","","8","","48.3","","88.41","","","","-17","","NA"
"-114.01","51.12","CALGARY INTL A","3031092","2026-02-20 14:00","2026","02","20","14:00","","-11.3","","-17.6","","60","","","","8","","6","","32.2","","88.45","","","","-15","","Clear"
"-114.01","51.12","CALGARY INTL A","3031092","2026-02-20 15:00","2026","02","20","15:00","","-11.3","","-17.8","","60","","","","7","","9","","32.2","","88.50","","","","-16","","NA"
"-114.01","51.12","CALGARY INTL A","3031092","2026-02-20 16:00","2026","02","20","16:00","","-11.6","","-18.3","","58","","","","8","","11","","24.1","","88.59","","","","-18","","NA"
"-114.01","51.12","CALGARY INTL A","3031092","2026-02-20 17:00","2026","02","20","17:00","","-12.7","","-18.8","","61","","","","9","","9","","24.1","","88.66","","","","-18","","Mainly Clear"
"-114.01","51.12","CALGARY INTL A","3031092","2026-02-20 18:00","2026","02","20","18:00","","-13.6","","-19.0","","64","","","","13","","8","","32.2","","88.76","","","","-19","","NA"
"-114.01","51.12","CALGARY INTL A","3031092","2026-02-20 19:00","2026","02","20","19:00","","-15.4","","-19.9","","69","","","","18","","9","","24.1","","88.84","","","","-21","","NA"
"-114.01","51.12","CALGARY INTL A","3031092","2026-02-20 20:00","2026","02","20","20:00","","-16.5","","-20.3","","73","","","","14","","5","","24.1","","88.90","","","","-20","","Clear"
"-114.01","51.12","CALGARY INTL A","3031092","2026-02-20 21:00","2026","02","20","21:00","","-17.2","","-20.8","","74","","","","17","","4","","24.1","","88.99","","","","-20","","NA"
"-114.01","51.12","CALGARY INTL A","3031092","2026-02-20 22:00","2026","02","20","22:00","","-17.1","","-20.5","","76","","","","20","","3","","24.1","","89.05","","","","-19","","NA"
"-114.01","51.12","CALGARY INTL A","3031092","2026-02-20 23:00","2026","02","20","23:00","","-20.4","","-24.1","","73","","","","","","0","","24.1","","89.13","","","","","","Clear"
"-114.01","51.12","CALGARY INTL A","3031092","2026-02-21 00:00","2026","02","21","00:00","","-21.6","","-25.1","","74","","","","34","","3","","24.1","","89.19","","","","-24","","NA"
"-114.01","51.12","CALGARY INTL A","3031092","2026-02-21 01:00","2026","02","21","01:00","","-21.4","","-24.2","","78","","","","","","0","","24.1","","89.27","","","","","","NA"
"-114.01","51.12","CALGARY INTL A","3031092","2026-02-21 02:00","2026","02","21","02:00","","-21.6","","-24.6","","77","","","","33","","4","","24.1","","89.35","","","","-25","","Clear"
"-114.01","51.12","CALGARY INTL A","3031092","2026-02-21 03:00","2026","02","21","03:00","","-22.0","","-25.0","","77","","","","1","","3","","24.1","","89.42","","","","-25","","NA"
"-114.01","51.12","CALGARY INTL A","3031092","2026-02-21 04:00","2026","02","21","04:00","","-22.1","","-25.1","","78","","","","3","","3","","24.1","","89.49","","","","-25","","NA"
"-114.01","51.12","CALGARY INTL A","3031092","2026-02-21 05:00","2026","02","21","05:00","","-24.2","","-27.7","","73","","","","","","0","","24.1","","89.59","","","","","","Clear"
"-114.01","51.12","CALGARY INTL A","3031092","2026-02-21 06:00","2026","02","21","06:00","","-23.2","","-26.2","","77","","","","2","","3","","24.1","","89.67","","","","-26","","NA"
"-114.01","51.12","CALGARY INTL A","3031092","2026-02-21 07:00","2026","02","21","07:00","","-23.0","","-26.1","","76","","","","36","","7","","24.1","","89.75","","","","-29","","NA"
"-114.01","51.12","CALGARY INTL A","3031092","2026-02-21 08:00","2026","02","21","08:00","","-23.4","","-26.4","","77","","","","34","","5","","32.2","","89.85","","","","-28","","Mainly Clear"
"-114.01","51.12","CALGARY INTL A","3031092","2026-02-21 09:00","2026","02","21","09:00","","-21.4","","-24.8","","74","","","","1","","11","","24.1","","89.94","","","","-29","","NA"
"-114.01","51.12","CALGARY INTL A","3031092","2026-02-21 10:00","2026","02","21","10:00","","-19.0","","-21.9","","78","","","","1","","12","","24.1","","90.05","","","","-27","","NA"
"-114.01","51.12","CALGARY INTL A","3031092","2026-02-21 11:00","2026","02","21","11:00","","-17.4","","-21.0","","74","","","","2","","10","","16.1","","90.13","","","","-24","","Mostly Cloudy"
"-114.01","51.12","CALGARY INTL A","3031092","2026-02-21 12:00","2026","02","21","12:00","","-15.6","","-19.9","","70","","","","2","","7","","24.1","","90.20","","","","-21","","NA"
"-114.01","51.12","CALGARY INTL A","3031092","2026-02-21 13:00","2026","02","21","13:00","","-14.8","","-18.9","","72","","","","5","","13","","24.1","","90.21","","","","-22","","NA"
"-114.01","51.12","CALGARY INTL A","3031092","2026-02-21 14:00","2026","02","21","14:00","","-15.1","","-19.4","","70","","","","5","","5","","24.1","","90.24","","","","-19","","Mostly Cloudy"
"-114.01","51.12","CALGARY INTL A","3031092","2026-02-21 15:00","2026","02","21","15:00","","-14.6","","-19.2","","68","","","","9","","15","","24.1","","90.24","","","","-22","","NA"
"-114.01","51.12","CALGARY INTL A","3031092","2026-02-21 16:00","2026","02","21","16:00","","-15.2","","-19.6","","69","","","","10","","8","","24.1","","90.31","","","","-21","","NA"
"-114.01","51.12","CALGARY INTL A","3031092","2026-02-21 17:00","2026","02","21","17:00","","-15.7","","-20.0","","70","","","","11","","12","","24.1","","90.32","","","","-23","","Mostly Cloudy"
"-114.01","51.12","CALGARY INTL A","3031092","2026-02-21 18:00","2026","02","21","18:00","","-16.5","","-20.4","","72","","","","13","","12","","24.1","","90.33","","","","-24","","NA"
"-114.01","51.12","CALGARY INTL A","3031092","2026-02-21 19:00","2026","02","21","19:00","","-17.0","","-20.6","","74","","","","11","","12","","16.1","","90.37","","","","-24","","NA"
"-114.01","51.12","CALGARY INTL A","3031092","2026-02-21 20:00","2026","02","21","20:00","","-17.7","","-20.9","","77","","","","11","","16","","24.1","","90.38","","","","-27","","Mostly Cloudy"
"-114.01","51.12","CALGARY INTL A","3031092","2026-02-21 21:00","2026","02","21","21:00","","-18.1","","-21.1","","77","","","","13","","11","","16.1","","90.37","","","","-25","","NA"
"-114.01","51.12","CALGARY INTL A","3031092","2026-02-21 22:00","2026","02","21","22:00","","-18.3","","-21.3","","77","","","","17","","13","","24.1","","90.38","","","","-26","","NA"
"-114.01","51.12","CALGARY INTL A","3031092","2026-02-21 23:00","2026","02","21","23:00","","-18.8","","-21.6","","78","","","","17","","12","","24.1","","90.37","","","","-27","","Mainly Clear"
"-114.01","51.12","CALGARY INTL A","3031092","2026-02-22 00:00","2026","02","22","00:00","","-19.1","","-21.9","","79","","","","17","","14","","24.1","","90.31","","","","-28","","NA"
"-114.01","51.12","CALGARY INTL A","3031092","2026-02-22 01:00","2026","02","22","01:00","","-19.6","","-22.2","","80","","","","18","","12","","24.1","","90.29","","","","-28","","NA"
"-114.01","51.12","CALGARY INTL A","3031092","2026-02-22 02:00","2026","02","22","02:00","","-20.1","","-22.8","","80","","","","18","","14","","24.1","","90.27","","","","-29","","Mainly Clear"
"-114.01","51.12","CALGARY INTL A","3031092","2026-02-22 03:00","2026","02","22","03:00","","-19.9","","-22.7","","79","","","","16","","10","","24.1","","90.21","","","","-27","","NA"
"-114.01","51.12","CALGARY INTL A","3031092","2026-02-22 04:00","2026","02","22","04:00","","-20.0","","-22.7","","80","","","","18","","12","","9.7","","90.14","","","","-28","","Fog"
"-114.01","51.12","CALGARY INTL A","3031092","2026-02-22 05:00","2026","02","22","05:00","","-20.1","","-22.7","","81","","","","18","","14","","4.0","","90.08","","","","-29","","Fog"
"-114.01","51.12","CALGARY INTL A","3031092","2026-02-22 06:00","2026","02","22","06:00","","-19.9","","-22.2","","82","","","","18","","17","","4.0","","90.02","","","","-30","","Snow,Fog"
"-114.01","51.12","CALGARY INTL A","3031092","2026-02-22 07:00","2026","02","22","07:00","","-19.7","","-22.0","","82","","","","18","","13","","3.2","","89.94","","","","-28","","Snow,Fog"
"-114.01","51.12","CALGARY INTL A","3031092","2026-02-22 08:00","2026","02","22","08:00","","-19.6","","-21.9","","82","","","","16","","13","","9.7","","89.88","","","","-28","","Fog"
"-114.01","51.12","CALGARY INTL A","3031092","2026-02-22 09:00","2026","02","22","09:00","","-19.5","","-22.0","","81","","","","15","","13","","4.8","","89.87","","","","-28","","Fog"
"-114.01","51.12","CALGARY INTL A","3031092","2026-02-22 10:00","2026","02","22","10:00","","-18.6","","-21.1","","81","","","","18","","9","","12.9","","89.81","","","","-25","","NA"
"-114.01","51.12","CALGARY INTL A","3031092","2026-02-22 11:00","2026","02","22","11:00","","-17.3","","-19.9","","80","","","","15","","12","","12.9","","89.74","","","","-25","","Cloudy"
"-114.01","51.12","CALGARY INTL A","3031092","2026-02-22 12:00","2026","02","22","12:00","","-16.9","","-19.6","","80","","","","18","","13","","12.9","","89.69","","","","-25","","NA"
"-114.01","51.12","CALGARY INTL A","3031092","2026-02-22 13:00","2026","02","22","13:00","","-16.4","","-19.4","","78","","","","18","","9","","16.1","","89.59","","","","-22","","NA"
"-114.01","51.12","CALGARY INTL A","3031092","2026-02-22 14:00","2026","02","22","14:00","","-15.7","","-18.9","","77","","","","16","","13","","19.3","","89.50","","","","-23","","Mostly Cloudy"
"-114.01","51.12","CALGARY INTL A","3031092","2026-02-22 15:00","2026","02","22","15:00","","-14.9","","-18.6","","74","","","","15","","12","","24.1","","89.44","","","","-22","","NA"
"-114.01","51.12","CALGARY INTL A","3031092","2026-02-22 16:00","2026","02","22","16:00","","-14.1","","-17.7","","75","","","","16","","12","","24.1","","89.40","","","","-21","","NA"
"-114.01","51.12","CALGARY INTL A","3031092","2026-02-22 17:00","2026","02","22","17:00","","-13.2","","-16.9","","74","","","","15","","10","","24.1","","89.35","","","","-19","","Mostly Cloudy"
"-114.01","51.12","CALGARY INTL A","3031092","2026-02-22 18:00","2026","02","22","18:00","","-13.6","","-16.9","","76","","","","16","","11","","24.1","","89.28","","","","-20","","NA"
"-114.01","51.12","CALGARY INTL A","3031092","2026-02-22 19:00","2026","02","22","19:00","","-13.4","","-16.5","","78","","","","14","","7","","24.1","","89.23","","","","-18","","NA"
"-114.01","51.12","CALGARY INTL A","3031092","2026-02-22 20:00","2026","02","22","20:00","","-14.1","","-17.2","","78","","","","6","","4","","24.1","","89.17","","","","-17","","Mainly Clear"
"-114.01","51.12","CALGARY INTL A","3031092","2026-02-22 21:00","2026","02","22","21:00","","-15.6","","-18.4","","79","","","","9","","4","","24.1","","89.12","","","","-19","","Ice Crystals"
"-114.01","51.12","CALGARY INTL A","3031092","2026-02-22 22:00","2026","02","22","22:00","","-15.7","","-18.2","","81","","","","31","","7","","24.1","","89.09","","","","-21","","NA"
"-114.01","51.12","CALGARY INTL A","3031092","2026-02-22 23:00","2026","02","22","23:00","","-14.5","","-17.2","","80","","","","25","","5","","24.1","","88.97","","","","-18","","Clear"
"-114.01","51.12","CALGARY INTL A","3031092","2026-02-23 00:00","2026","02","23","00:00","","-13.9","","-17.6","","74","","","","22","","16","","24.1","","88.89","","","","-22","","NA"
"-114.01","51.12","CALGARY INTL A","3031092","2026-02-23 01:00","2026","02","23","01:00","","-14.3","","-18.3","","72","","","","19","","14","","24.1","","88.80","","","","-22","","NA"
"-114.01","51.12","CALGARY INTL A","3031092","2026-02-23 02:00","2026","02","23","02:00","","-13.7","","-17.3","","75","","","","","","0","","24.1","","88.77","","","","","","Mainly Clear"
"-114.01","51.12","CALGARY INTL A","3031092","2026-02-23 03:00","2026","02","23","03:00","","-14.9","","-18.3","","76","","","","36","","4","","24.1","","88.66","","","","-18","","NA"
"-114.01","51.12","CALGARY INTL A","3031092","2026-02-23 04:00","2026","02","23","04:00","","-15.4","","-18.5","","77","","","","36","","8","","24.1","","88.63","","","","-21","","NA"
"-114.01","51.12","CALGARY INTL A","3031092","2026-02-23 05:00","2026","02","23","05:00","","-16.0","","-19.1","","78","","","","36","","19","","24.1","","88.64","","","","-25","","Mostly Cloudy"
"-114.01","51.12","CALGARY INTL A","3031092","2026-02-23 06:00","2026","02","23","06:00","","-17.2","","-19.6","","82","","","","2","","19","","11.3","","88.56","","","","-27","","Ice Crystals"
"-114.01","51.12","CALGARY INTL A","3031092","2026-02-23 07:00","2026","02","23","07:00","","-17.4","","-19.8","","82","","","","36","","15","","4.0","","88.52","","","","-26","","Ice Crystals,Fog"
"-114.01","51.12","CALGARY INTL A","3031092","2026-02-23 08:00","2026","02","23","08:00","","-16.9","","-19.1","","83","","","","36","","14","","4.8","","88.41","","","","-25","","Fog"
"-114.01","51.12","CALGARY INTL A","3031092","2026-02-23 09:00","2026","02","23","09:00","","-15.4","","-17.7","","83","","","","31","","10","","6.4","","88.40","","","","-22","","Fog"
"-114.01","51.12","CALGARY INTL A","3031092","2026-02-23 10:00","2026","02","23","10:00","","-14.2","","-17.0","","79","","","","22","","4","","16.1","","88.12","","","","-17","","NA"
"-114.01","51.12","CALGARY INTL A","3031092","2026-02-23 11:00","2026","02","23","11:00","","-11.5","","-15.2","","74","","","","4","","10","","19.3","","88.10","","","","-17","","Mostly Cloudy"
"-114.01","51.12","CALGARY INTL A","3031092","2026-02-23 12:00","2026","02","23","12:00","","-10.1","","-14.2","","72","","","","4","","15","","19.3","","88.09","","","","-17","","NA"
"-114.01","51.12","CALGARY INTL A","3031092","2026-02-23 13:00","2026","02","23","13:00","","-10.1","","-13.5","","76","","","","3","","19","","24.1","","88.06","","","","-18","","NA"
"-114.01","51.12","CALGARY INTL A","3031092","2026-02-23 14:00","2026","02","23","14:00","","-10.0","","-13.8","","74","","","","2","","19","","24.1","","88.01","","","","-18","","Mostly Cloudy"
"-114.01","51.12","CALGARY INTL A","3031092","2026-02-23 15:00","2026","02","23","15:00","","-9.7","","-13.9","","71","","","","2","","16","","24.1","","88.01","","","","-17","","NA"
"-114.01","51.12","CALGARY INTL A","3031092","2026-02-23 16:00","2026","02","23","16:00","","-8.8","","-13.6","","69","","","","3","","5","","24.1","","88.03","","","","-12","","NA"
"-114.01","51.12","CALGARY INTL A","3031092","2026-02-23 17:00","2026","02","23","17:00","","-8.6","","-13.4","","68","","","","7","","3","","24.1","","88.04","","","","-10","","Mainly Clear"
"-114.01","51.12","CALGARY INTL A","3031092","2026-02-23 18:00","2026","02","23","18:00","","-11.2","","-15.0","","74","","","","8","","9","","19.3","","88.06","","","","-16","","NA"
"-114.01","51.12","CALGARY INTL A","3031092","2026-02-23 19:00","2026","02","23","19:00","","-11.7","","-15.2","","75","","","","21","","7","","19.3","","88.07","","","","-16","","NA"
"-114.01","51.12","CALGARY INTL A","3031092","2026-02-23 20:00","2026","02","23","20:00","","-11.6","","-15.2","","75","","","","34","","5","","24.1","","88.08","","","","-15","","Mainly Clear"
"-114.01","51.12","CALGARY INTL A","3031092","2026-02-23 21:00","2026","02","23","21:00","","-11.8","","-14.9","","78","","","","19","","8","","24.1","","88.05","","","","-17","","NA"
"-114.01","51.12","CALGARY INTL A","3031092","2026-02-23 22:00","2026","02","23","22:00","","-11.8","","-14.7","","80","","","","19","","8","","24.1","","88.02","","","","-17","","NA"
"-114.01","51.12","CALGARY INTL A","3031092","2026-02-23 23:00","2026","02","23","23:00","","-10.9","","-13.5","","81","","","","20","","5","","24.1","","87.98","","","","-14","","Mainly Clear"
"-114.01","51.12","CALGARY INTL A","3031092","2026-02-24 00:00","2026","02","24","00:00","","-13.9","","-17.0","","78","","","","1","","20","","16.1","","88.04","","","","-23","","NA"
"-114.01","51.12","CALGARY INTL A","3031092","2026-02-24 01:00","2026","02","24","01:00","","-15.0","","-17.7","","80","","","","36","","16","","16.1","","88.05","","","","-23","","NA"
"-114.01","51.12","CALGARY INTL A","3031092","2026-02-24 02:00","2026","02","24","02:00","","-10.8","","-12.7","","86","","","","34","","23","","3.2","","88.06","","","","-19","","Fog"
"-114.01","51.12","CALGARY INTL A","3031092","2026-02-24 03:00","2026","02","24","03:00","","-10.1","","-11.4","","91","","","","35","","13","","4.8","","88.10","","","","-16","","Fog"
"-114.01","51.12","CALGARY INTL A","3031092","2026-02-24 04:00","2026","02","24","04:00","","-9.2","","-10.6","","89","","","","34","","10","","9.7","","88.12","","","","-14","","Fog"
"-114.01","51.12","CALGARY INTL A","3031092","2026-02-24 05:00","2026","02","24","05:00","","-9.8","","-11.5","","87","","","","34","","12","","16.1","","88.11","","","","-16","","Mainly Clear"
"-114.01","51.12","CALGARY INTL A","3031092","2026-02-24 06:00","2026","02","24","06:00","","-11.1","","-12.5","","89","","","","23","","3","","24.1","","88.13","","","","-13","","NA"
"-114.01","51.12","CALGARY INTL A","3031092","2026-02-24 07:00","2026","02","24","07:00","","-10.4","","-12.2","","87","","","","21","","7","","24.1","","88.14","","","","-14","","NA"
"-114.01","51.12","CALGARY INTL A","3031092","2026-02-24 08:00","2026","02","24","08:00","","-11.2","","-12.9","","88","","","","19","","7","","64.4","","88.12","","","","-15","","Mainly Clear"
"-114.01","51.12","CALGARY INTL A","3031092","2026-02-24 09:00","2026","02","24","09:00","","-9.9","","-11.6","","87","","","","17","","8","","48.3","","88.10","","","","-14","","NA"
"-114.01","51.12","CALGARY INTL A","3031092","2026-02-24 10:00","2026","02","24","10:00","","-7.6","","-11.2","","76","","","","19","","14","","24.1","","88.10","","","","-14","","NA"
"-114.01","51.12","CALGARY INTL A","3031092","2026-02-24 11:00","2026","02","24","11:00","","-5.8","","-9.5","","75","","","","19","","21","","24.1","","88.04","","","","-13","","Mostly Cloudy"
"-114.01","51.12","CALGARY INTL A","3031092","2026-02-24 12:00","2026","02","24","12:00","","-5.5","","-8.8","","77","","","","19","","20","","24.1","","87.97","","","","-12","","NA"
"-114.01","51.12","CALGARY INTL A","3031092","2026-02-24 13:00","2026","02","24","13:00","","-3.7","","-8.0","","72","","","","20","","18","","64.4","","87.88","","","","-10","","NA"
"-114.01","51.12","CALGARY INTL A","3031092","2026-02-24 14:00","2026","02","24","14:00","","-1.8","","-7.5","","65","","","","19","","18","","64.4","","87.76","","","","-7","","Clear"
"-114.01","51.12","CALGARY INTL A","3031092","2026-02-24 15:00","2026","02","24","15:00","","-1.4","","-7.0","","66","","","","18","","17","","64.4","","87.67","","","","-7","","NA"
"-114.01","51.12","CALGARY INTL A","3031092","2026-02-24 16:00","2026","02","24","16:00","","-0.6","","-6.8","","63","","","","19","","18","","64.4","","87.60","","","","-6","","NA"
"-114.01","51.12","CALGARY INTL A","3031092","2026-02-24 17:00","2026","02","24","17:00","","-0.3","","-6.5","","63","","","","18","","18","","64.4","","87.55","","","","-5","","Mainly Clear"
"-114.01","51.12","CALGARY INTL A","3031092","2026-02-24 18:00","2026","02","24","18:00","","2.5","","-10.5","","38","","","","26","","18","","64.4","","87.50","","","","","","NA"
"-114.01","51.12","CALGARY INTL A","3031092","2026-02-24 19:00","2026","02","24","19:00","","1.9","","-10.7","","39","","","","26","","14","","24.1","","87.49","","","","","","NA"
"-114.01","51.12","CALGARY INTL A","3031092","2026-02-24 20:00","2026","02","24","20:00","","2.0","","-11.3","","37","","","","28","","31","","24.1","","87.44","","","","","","Mostly Cloudy"
"-114.01","51.12","CALGARY INTL A","3031092","2026-02-24 21:00","2026","02","24","21:00","","1.2","","-11.6","","38","","","","28","","29","","24.1","","87.42","","","","","","NA"
"-114.01","51.12","CALGARY INTL A","3031092","2026-02-24 22:00","2026","02","24","22:00","","0.7","","-11.9","","39","","","","28","","23","","24.1","","87.38","","","","","","NA"
"-114.01","51.12","CALGARY INTL A","3031092","2026-02-24 23:00","2026","02","24","23:00","","-0.7","","-11.9","","43","","","","33","","15","","24.1","","87.37","","","","-5","","Mainly Clear"
"-114.01","51.12","CALGARY INTL A","3031092","2026-02-25 00:00","2026","02","25","00:00","","0.6","","-12.3","","38","","","","28","","32","","24.1","","87.31","","","","","","NA"
"-114.01","51.12","CALGARY INTL A","3031092","2026-02-25 01:00","2026","02","25","01:00","","0.8","","-12.3","","37","","","","28","","32","","24.1","","87.27","","","","","","NA"
"-114.01","51.12","CALGARY INTL A","3031092","2026-02-25 02:00","2026","02","25","02:00","","1.4","","-12.0","","36","","","","27","","28","","24.1","","87.25","","","","","","Mostly Cloudy"
"-114.01","51.12","CALGARY INTL A","3031092","2026-02-25 03:00","2026","02","25","03:00","","1.6","","-12.0","","36","","","","27","","33","","24.1","","87.22","","","","","","NA"
"-114.01","51.12","CALGARY INTL A","3031092","2026-02-25 04:00","2026","02","25","04:00","","1.2","","-12.1","","36","","","","28","","28","","24.1","","87.25","","","","","","NA"
"-114.01","51.12","CALGARY INTL A","3031092","2026-02-25 05:00","2026","02","25","05:00","","1.3","","-12.3","","36","","","","28","","31","","24.1","","87.27","","","","","","Mostly Cloudy"
"-114.01","51.12","CALGARY INTL A","3031092","2026-02-25 06:00","2026","02","25","06:00","","1.3","","-12.2","","36","","","","27","","27","","24.1","","87.29","","","","","","NA"
"-114.01","51.12","CALGARY INTL A","3031092","2026-02-25 07:00","2026","02","25","07:00","","0.8","","-11.9","","38","","","","27","","13","","24.1","","87.29","","","","","","NA"
"-114.01","51.12","CALGARY INTL A","3031092","2026-02-25 08:00","2026","02","25","08:00","","-1.1","","-11.5","","45","","","","19","","4","","32.2","","87.28","","","","-2","","Mostly Cloudy"
"-114.01","51.12","CALGARY INTL A","3031092","2026-02-25 09:00","2026","02","25","09:00","","1.3","","-10.8","","40","","","","31","","9","","48.3","","87.34","","","","","","NA"
"-114.01","51.12","CALGARY INTL A","3031092","2026-02-25 10:00","2026","02","25","10:00","","2.6","","-10.8","","37","","","","29","","20","","64.4","","87.37","","","","","","NA"
"-114.01","51.12","CALGARY INTL A","3031092","2026-02-25 11:00","2026","02","25","11:00","","3.8","","-11.9","","31","","","","28","","29","","64.4","","87.42","","","","","","Mostly Cloudy"
"-114.01","51.12","CALGARY INTL A","3031092","2026-02-25 12:00","2026","02","25","12:00","","4.5","","-11.9","","29","","","","27","","26","","48.3","","87.46","","","","","","NA"
"-114.01","51.12","CALGARY INTL A","3031092","2026-02-25 13:00","2026","02","25","13:00","","4.9","","-12.6","","27","","","","27","","21","","48.3","","87.46","","","","","","NA"
"-114.01","51.12","CALGARY INTL A","3031092","2026-02-25 14:00","2026","02","25","14:00","","5.2","","-11.0","","30","","","","27","","12","","48.3","","87.43","","","","","","Mostly Cloudy"
"-114.01","51.12","CALGARY INTL A","3031092","2026-02-25 15:00","2026","02","25","15:00","","6.6","","-11.0","","27","","","","28","","35","","48.3","","87.45","","","","","","NA"
"-114.01","51.12","CALGARY INTL A","3031092","2026-02-25 16:00","2026","02","25","16:00","","6.5","","-11.2","","27","","","","27","","26","","48.3","","87.48","","","","","","NA"
"-114.01","51.12","CALGARY INTL A","3031092","2026-02-25 17:00","2026","02","25","17:00","","5.8","","-10.7","","29","","","","28","","23","","32.2","","87.49","","","","","","Mostly Cloudy"
"-114.01","51.12","CALGARY INTL A","3031092","2026-02-25 18:00","2026","02","25","18:00","","5.1","","-10.5","","32","","","","26","","19","","32.2","","87.48","","","","","","NA"
"-114.01","51.12","CALGARY INTL A","3031092","2026-02-25 19:00","2026","02","25","19:00","","4.9","","-10.6","","32","","","","26","","23","","24.1","","87.55","","","","","","NA"
"-114.01","51.12","CALGARY INTL A","3031092","2026-02-25 20:00","2026","02","25","20:00","","4.4","","-10.1","","34","","","","27","","16","","24.1","","87.57","","","","","","Cloudy"
"-114.01","51.12","CALGARY INTL A","3031092","2026-02-25 21:00","2026","02","25","21:00","","5.1","","-10.7","","31","","","","24","","29","","24.1","","87.58","","","","","","NA"
"-114.01","51.12","CALGARY INTL A","3031092","2026-02-25 22:00","2026","02","25","22:00","","4.3","","-10.3","","34","","","","25","","19","","24.1","","87.60","","","","","","NA"
"-114.01","51.12","CALGARY INTL A","3031092","2026-02-25 23:00","2026","02","25","23:00","","2.4","","-9.7","","41","","","","24","","13","","24.1","","87.63","","","","","","Mostly Cloudy"
"-114.01","51.12","CALGARY INTL A","3031092","2026-02-26 00:00","2026","02","26","00:00","","1.0","","-9.5","","46","","","","19","","13","","24.1","","87.67","","","","","","NA"
"-114.01","51.12","CALGARY INTL A","3031092","2026-02-26 01:00","2026","02","26","01:00","","1.1","","-9.8","","44","","","","21","","13","","24.1","","87.69","","","","","","NA"
"-114.01","51.12","CALGARY INTL A","3031092","2026-02-26 02:00","2026","02","26","02:00","","0.0","","-9.7","","48","","","","20","","10","","24.1","","87.69","","","","-3","","Mostly Cloudy"
"-114.01","51.12","CALGARY INTL A","3031092","2026-02-26 03:00","2026","02","26","03:00","","0.0","","-9.9","","48","","","","16","","5","","24.1","","87.69","","","","-2","","NA"
"-114.01","51.12","CALGARY INTL A","3031092","2026-02-26 04:00","2026","02","26","04:00","","1.9","","-10.8","","39","","","","20","","8","","24.1","","87.64","","","","","","NA"
"-114.01","51.12","CALGARY INTL A","3031092","2026-02-26 05:00","2026","02","26","05:00","","3.3","","-11.0","","34","","","","24","","12","","24.1","","87.66","","","","","","Mainly Clear"
"-114.01","51.12","CALGARY INTL A","3031092","2026-02-26 06:00","2026","02","26","06:00","","1.6","","-10.8","","40","","","","23","","13","","24.1","","87.66","","","","","","NA"
"-114.01","51.12","CALGARY INTL A","3031092","2026-02-26 07:00","2026","02","26","07:00","","-0.7","","-10.1","","49","","","","21","","9","","24.1","","87.62","","","","-4","","NA"
"-114.01","51.12","CALGARY INTL A","3031092","2026-02-26 08:00","2026","02","26","08:00","","-0.4","","-10.2","","48","","","","20","","13","","32.2","","87.63","","","","-5","","Mainly Clear"
"-114.01","51.12","CALGARY INTL A","3031092","2026-02-26 09:00","2026","02","26","09:00","","1.0","","-9.0","","47","","","","21","","17","","48.3","","87.60","","","","","","NA"
"-114.01","51.12","CALGARY INTL A","3031092","2026-02-26 10:00","2026","02","26","10:00","","2.9","","-8.7","","42","","","","19","","9","","48.3","","87.53","","","","","","NA"
"-114.01","51.12","CALGARY INTL A","3031092","2026-02-26 11:00","2026","02","26","11:00","","5.4","","-9.4","","34","","","","25","","16","","48.3","","87.48","","","","","","Mostly Cloudy"
"-114.01","51.12","CALGARY INTL A","3031092","2026-02-26 12:00","2026","02","26","12:00","","7.8","","-10.5","","26","","","","27","","25","","48.3","","87.49","","","","","","NA"
"-114.01","51.12","CALGARY INTL A","3031092","2026-02-26 13:00","2026","02","26","13:00","","8.2","","-10.7","","25","","","","28","","31","","48.3","","87.51","","","","","","NA"
"-114.01","51.12","CALGARY INTL A","3031092","2026-02-26 14:00","2026","02","26","14:00","","7.7","","-9.6","","28","","","","27","","27","","48.3","","87.43","","","","","","Mostly Cloudy"
"-114.01","51.12","CALGARY INTL A","3031092","2026-02-26 15:00","2026","02","26","15:00","","8.8","","-10.0","","25","","","","28","","35","","32.2","","87.41","","","","","","NA"
"-114.01","51.12","CALGARY INTL A","3031092","2026-02-26 16:00","2026","02","26","16:00","","8.9","","-10.1","","25","","","","26","","28","","32.2","","87.47","","","","","","NA"
"-114.01","51.12","CALGARY INTL A","3031092","2026-02-26 17:00","2026","02","26","17:00","","8.2","","-9.9","","27","","","","28","","34","","24.1","","87.53","","","","","","Mainly Clear"
"-114.01","51.12","CALGARY INTL A","3031092","2026-02-26 18:00","2026","02","26","18:00","","6.7","","-9.7","","30","","","","28","","22","","24.1","","87.59","","","","","","NA"
"-114.01","51.12","CALGARY INTL A","3031092","2026-02-26 19:00","2026","02","26","19:00","","5.4","","-9.3","","34","","","","29","","26","","24.1","","87.67","","","","","","NA"
"-114.01","51.12","CALGARY INTL A","3031092","2026-02-26 20:00","2026","02","26","20:00","","-1.9","","-4.4","","83","","","","1","","40","","16.1","","88.03","","","","-10","","Cloudy"
"-114.01","51.12","CALGARY INTL A","3031092","2026-02-26 21:00","2026","02","26","21:00","","-3.5","","-6.7","","78","","","","1","","39","","14.5","","88.16","","","","-12","","NA"
"-114.01","51.12","CALGARY INTL A","3031092","2026-02-26 22:00","2026","02","26","22:00","","-4.0","","-6.3","","84","","","","2","","21","","4.0","","88.33","","","","-10","","Snow,Fog"
"-114.01","51.12","CALGARY INTL A","3031092","2026-02-26 23:00","2026","02","26","23:00","","-5.2","","-7.0","","87","","","","4","","21","","2.0","","88.45","","","","-12","","Snow,Fog"
"-114.01","51.12","CALGARY INTL A","3031092","2026-02-27 00:00","2026","02","27","00:00","","-5.6","","-7.2","","88","","","","4","","17","","1.6","","88.57","","","","-12","","Snow,Fog"
"-114.01","51.12","CALGARY INTL A","3031092","2026-02-27 01:00","2026","02","27","01:00","","-5.9","","-8.0","","85","","","","2","","14","","3.2","","88.64","","","","-11","","Snow,Fog"
"-114.01","51.12","CALGARY INTL A","3031092","2026-02-27 02:00","2026","02","27","02:00","","-6.6","","-8.7","","85","","","","4","","10","","3.2","","88.70","","","","-11","","Snow,Fog"
"-114.01","51.12","CALGARY INTL A","3031092","2026-02-27 03:00","2026","02","27","03:00","","-7.1","","-9.1","","86","","","","4","","12","","3.2","","88.72","","","","-12","","Snow,Fog"
"-114.01","51.12","CALGARY INTL A","3031092","2026-02-27 04:00","2026","02","27","04:00","","-7.2","","-9.3","","84","","","","4","","10","","2.0","","88.75","","","","-12","","Snow,Fog"
"-114.01","51.12","CALGARY INTL A","3031092","2026-02-27 05:00","2026","02","27","05:00","","-7.2","","-9.1","","87","","","","10","","4","","2.0","","88.81","","","","-9","","Snow,Fog"
"-114.01","51.12","CALGARY INTL A","3031092","2026-02-27 06:00","2026","02","27","06:00","","-7.4","","-9.3","","86","","","","13","","8","","2.0","","88.81","","","","-11","","Snow,Fog"
"-114.01","51.12","CALGARY INTL A","3031092","2026-02-27 07:00","2026","02","27","07:00","","-7.5","","-9.3","","87","","","","15","","12","","2.0","","88.82","","","","-13","","Snow,Fog"
"-114.01","51.12","CALGARY INTL A","3031092","2026-02-27 08:00","2026","02","27","08:00","","-7.5","","-9.4","","86","","","","15","","11","","2.0","","88.87","","","","-13","","Snow,Fog"
"-114.01","51.12","CALGARY INTL A","3031092","2026-02-27 09:00","2026","02","27","09:00","","-8.5","","-10.5","","86","","","","10","","13","","4.0","","88.87","","","","-14","","Snow,Fog"
"-114.01","51.12","CALGARY INTL A","3031092","2026-02-27 10:00","2026","02","27","10:00","","-10.0","","-12.3","","83","","","","10","","17","","6.4","","88.87","","","","-17","","Snow,Fog"
"-114.01","51.12","CALGARY INTL A","3031092","2026-02-27 11:00","2026","02","27","11:00","","-10.5","","-13.1","","81","","","","9","","19","","6.4","","88.82","","","","-18","","Snow,Fog"
"-114.01","51.12","CALGARY INTL A","3031092","2026-02-27 12:00","2026","02","27","12:00","","-10.9","","-13.4","","82","","","","9","","19","","6.4","","88.80","","","","-19","","Snow,Fog"
"-114.01","51.12","CALGARY INTL A","3031092","2026-02-27 13:00","2026","02","27","13:00","","-10.9","","-13.5","","81","","","","9","","16","","4.0","","88.80","","","","-18","","Snow,Fog"
"-114.01","51.12","CALGARY INTL A","3031092","2026-02-27 14:00","2026","02","27","14:00","","-11.0","","-13.8","","80","","","","7","","17","","6.4","","88.79","","","","-18","","Snow,Fog"
"-114.01","51.12","CALGARY INTL A","3031092","2026-02-27 15:00","2026","02","27","15:00","","-10.9","","-13.6","","81","","","","9","","14","","2.8","","88.79","","","","-18","","Snow,Fog"
"-114.01","51.12","CALGARY INTL A","3031092","2026-02-27 16:00","2026","02","27","16:00","","-10.7","","-13.3","","81","","","","12","","16","","3.6","","88.74","","","","-18","","Snow,Fog"
"-114.01","51.12","CALGARY INTL A","3031092","2026-02-27 17:00","2026","02","27","17:00","","-11.4","","-13.9","","82","","","","10","","14","","8.1","","88.72","","","","-18","","Snow,Fog"
"-114.01","51.12","CALGARY INTL A","3031092","2026-02-27 18:00","2026","02","27","18:00","","-11.8","","-14.4","","81","","","","10","","12","","6.4","","88.78","","","","-18","","Snow,Fog"
"-114.01","51.12","CALGARY INTL A","3031092","2026-02-27 19:00","2026","02","27","19:00","","-12.2","","-14.4","","84","","","","7","","17","","0.8","","88.83","","","","-20","","Moderate Snow"
"-114.01","51.12","CALGARY INTL A","3031092","2026-02-27 20:00","2026","02","27","20:00","","-13.9","","-16.5","","81","","","","3","","18","","2.0","","88.93","","","","-22","","Snow,Fog"
"-114.01","51.12","CALGARY INTL A","3031092","2026-02-27 21:00","2026","02","27","21:00","","-15.0","","-17.4","","82","","","","1","","18","","0.8","","89.00","","","","-24","","Moderate Snow"
"-114.01","51.12","CALGARY INTL A","3031092","2026-02-27 22:00","2026","02","27","22:00","","-15.0","","-17.6","","81","","","","36","","11","","2.0","","89.05","","","","-22","","Snow,Fog"
"-114.01","51.12","CALGARY INTL A","3031092","2026-02-27 23:00","2026","02","27","23:00","","-14.6","","-17.3","","80","","","","35","","4","","4.8","","89.06","","","","-17","","Snow,Fog"
"-114.01","51.12","CALGARY INTL A","3031092","2026-02-28 00:00","2026","02","28","00:00","","-14.6","","-17.5","","79","","","","35","","5","","9.7","","89.13","","","","-18","","Snow,Fog"
"-114.01","51.12","CALGARY INTL A","3031092","2026-02-28 01:00","2026","02","28","01:00","","-15.4","","-18.0","","81","","","","6","","10","","12.9","","89.19","","","","-22","","Snow"
"-114.01","51.12","CALGARY INTL A","3031092","2026-02-28 02:00","2026","02","28","02:00","","-15.7","","-18.1","","82","","","","3","","13","","9.7","","89.29","","","","-23","","Snow,Fog"
"-114.01","51.12","CALGARY INTL A","3031092","2026-02-28 03:00","2026","02","28","03:00","","-16.9","","-19.6","","80","","","","36","","18","","8.1","","89.39","","","","-26","","Snow"
"-114.01","51.12","CALGARY INTL A","3031092","2026-02-28 04:00","2026","02","28","04:00","","-16.8","","-19.6","","79","","","","33","","8","","4.0","","89.43","","","","-22","","Snow,Fog"
"-114.01","51.12","CALGARY INTL A","3031092","2026-02-28 05:00","2026","02","28","05:00","","-16.0","","-18.9","","78","","","","29","","7","","4.0","","89.45","","","","-21","","Snow,Fog"
"-114.01","51.12","CALGARY INTL A","3031092","2026-02-28 06:00","2026","02","28","06:00","","-15.9","","-18.9","","78","","","","22","","9","","12.9","","89.45","","","","-22","","NA"
"-114.01","51.12","CALGARY INTL A","3031092","2026-02-28 07:00","2026","02","28","07:00","","-16.5","","-19.3","","79","","","","22","","5","","32.2","","89.48","","","","-20","","NA"
"-114.01","51.12","CALGARY INTL A","3031092","2026-02-28 08:00","2026","02","28","08:00","","-15.9","","-18.7","","80","","","","22","","8","","32.2","","89.49","","","","-21","","Mostly Cloudy"
"-114.01","51.12","CALGARY INTL A","3031092","2026-02-28 09:00","2026","02","28","09:00","","-14.6","","-17.6","","78","","","","21","","11","","32.2","","89.46","","","","-21","","NA"
"-114.01","51.12","CALGARY INTL A","3031092","2026-02-28 10:00","2026","02","28","10:00","","-13.5","","-17.3","","73","","","","18","","11","","64.4","","89.41","","","","-20","","NA"
"-114.01","51.12","CALGARY INTL A","3031092","2026-02-28 11:00","2026","02","28","11:00","","-12.0","","-16.6","","69","","","","17","","15","","64.4","","89.33","","","","-19","","Mainly Clear"
"-114.01","51.12","CALGARY INTL A","3031092","2026-02-28 12:00","2026","02","28","12:00","","-10.5","","-15.6","","67","","","","18","","18","","32.2","","89.30","","","","-18","","NA"
"-114.01","51.12","CALGARY INTL A","3031092","2026-02-28 13:00","2026","02","28","13:00","","-9.4","","-15.0","","64","","","","17","","10","","48.3","","89.23","","","","-15","","NA"
"-114.01","51.12","CALGARY INTL A","3031092","2026-02-28 14:00","2026","02","28","14:00","","-9.3","","-15.0","","64","","","","15","","15","","32.2","","89.15","","","","-16","","Mainly Clear"
"-114.01","51.12","CALGARY INTL A","3031092","2026-02-28 15:00","2026","02","28","15:00","","-9.3","","-14.6","","66","","","","14","","17","","24.1","","89.10","","","","-16","","NA"
"-114.01","51.12","CALGARY INTL A","3031092","2026-02-28 16:00","2026","02","28","16:00","","-9.6","","-14.5","","68","","","","17","","18","","24.1","","89.02","","","","-17","","NA"
"-114.01","51.12","CALGARY INTL A","3031092","2026-02-28 17:00","2026","02","28","17:00","","-9.8","","-14.0","","72","","","","16","","21","","32.2","","88.99","","","","-18","","Mostly Cloudy"
"-114.01","51.12","CALGARY INTL A","3031092","2026-02-28 18:00","2026","02","28","18:00","","-9.9","","-13.9","","73","","","","16","","18","","24.1","","89.00","","","","-17","","NA"
"-114.01","51.12","CALGARY INTL A","3031092","2026-02-28 19:00","2026","02","28","19:00","","-10.8","","-14.2","","76","","","","15","","14","","24.1","","89.01","","","","-17","","NA"
"-114.01","51.12","CALGARY INTL A","3031092","2026-02-28 20:00","2026","02","28","20:00","","-11.2","","-14.1","","80","","","","17","","10","","24.1","","89.00","","","","-17","","Clear"
"-114.01","51.12","CALGARY INTL A","3031092","2026-02-28 21:00","2026","02","28","21:00","","-12.6","","-15.0","","82","","","","16","","12","","24.1","","89.02","","","","-19","","NA"
"-114.01","51.12","CALGARY INTL A","3031092","2026-02-28 22:00","2026","02","28","22:00","","-14.5","","-16.4","","85","","","","19","","10","","24.1","","89.02","","","","-21","","NA"
"-114.01","51.12","CALGARY INTL A","3031092","2026-02-28 23:00","2026","02","28","23:00","","-14.1","","-15.9","","86","","","","18","","14","","8.1","","89.02","","","","-22","","Snow Grains,Fog"
