"Longitude (x)","Latitude (y)","Station Name","Climate ID","Date/Time (LST)","Year","Month","Day","Time (LST)","Flag","Temp (°C)","Temp Flag","Dew Point Temp (°C)","Dew Point Temp Flag","Rel Hum (%)","Rel Hum Flag","Precip. Amount (mm)","Precip. Amount Flag","Wind Dir (10s deg)","Wind Dir Flag","Wind Spd (km/h)","Wind Spd Flag","Visibility (km)","Visibility Flag","Stn Press (kPa)","Stn Press Flag","Hmdx","Hmdx Flag","Wind Chill","Wind Chill Flag","Weather"
"-114.01","51.12","CALGARY INTL A","3031092","2026-05-01 00:00","2026","05","01","00:00","","10.3","","-4.7","","35","","","","35","","13","","24.1","","89.01","","","","","","NA"
"-114.01","51.12","CALGARY INTL A","3031092","2026-05-01 01:00","2026","05","01","01:00","","7.3","","-4.3","","43","","","","35","","5","","24.1","","89.02","","","","","","NA"
"-114.01","51.12","CALGARY INTL A","3031092","2026-05-01 02:00","2026","05","01","02:00","","9.8","","-4.4","","36","","","","1","","10","","24.1","","89.04","","","","","","Clear"
"-114.01","51.12","CALGARY INTL A","3031092","2026-05-01 03:00","2026","05","01","03:00"
"-114.01","51.12","CALGARY INTL A","3031092","2026-05-01 04:00","2026","05","01","04:00","","6.1","","-5.2","","44","","","","34","","10","","24.1","","89.09","","","","","","NA"
"-114.01","51.12","CALGARY INTL A","3031092","2026-05-01 05:00","2026","05","01","05:00","","6.5","","-5.8","","41","","","","28","","3","","32.2","","89.10","","","","","","Mainly Clear"
"-114.01","51.12","CALGARY INTL A","3031092","2026-05-01 06:00","2026","05","01","06:00","","7.1","","-5.0","","42","","","","22","","3","","64.4","","89.11","","","","","","NA"
"-114.01","51.12","CALGARY INTL A","3031092","2026-05-01 07:00","2026","05","01","07:00","","10.7","","-3.1","","38","","","","11","","5","","64.4","","89.13","","","","","","NA"
"-114.01","51.12","CALGARY INTL A","3031092","2026-05-01 08:00","2026","05","01","08:00","","14.5","","-1.5","","33","","","","18","","10","","64.4","","89.13","","","","","","Mainly Clear"
"-114.01","51.12","CALGARY INTL A","3031092","2026-05-01 09:00","2026","05","01","09:00","","16.9","","-2.3","","27","","","","22","","12","","64.4","","89.09","","","","","","NA"
"-114.01","51.12","CALGARY INTL A","3031092","2026-05-01 10:00","2026","05","01","10:00","","18.7","","-4.3","","20","","","","25","","8","","64.4","","89.05","","","","","","NA"
"-114.01","51.12","CALGARY INTL A","3031092","2026-05-01 11:00","2026","05","01","11:00","","20.1","","-4.4","","19","","","","23","","12","","64.4","","88.99","","","","","","Mostly Cloudy"
"-114.01","51.12","CALGARY INTL A","3031092","2026-05-01 12:00","2026","05","01","12:00","","20.4","","-6.4","","16","","","","26","","16","","64.4","","88.95","","","","","","NA"
"-114.01","51.12","CALGARY INTL A","3031092","2026-05-01 13:00","2026","05","01","13:00","","20.3","","-4.8","","18","","","","30","","30","","64.4","","88.95","","","","","","NA"
"-114.01","51.12","CALGARY INTL A","3031092","2026-05-01 14:00","2026","05","01","14:00","","20.0","","-4.4","","19","","","","31","","26","","64.4","","88.95","","","","","","Cloudy"
"-114.01","51.12","CALGARY INTL A","3031092","2026-05-01 15:00","2026","05","01","15:00","","20.2","","-4.6","","18","","","","34","","21","","64.4","","88.95","","","","","","NA"
"-114.01","51.12","CALGARY INTL A","3031092","2026-05-01 16:00","2026","05","01","16:00","","20.5","","-4.3","","18","","","","33","","16","","64.4","","88.93","","","","","","NA"
"-114.01","51.12","CALGARY INTL A","3031092","2026-05-01 17:00","2026","05","01","17:00","","18.6","","-3.2","","22","","","","2","","22","","64.4","","88.93","","","","","","Cloudy"
"-114.01","51.12","CALGARY INTL A","3031092","2026-05-01 18:00","2026","05","01","18:00","","17.8","","-2.4","","25","","","","1","","24","","48.3","","88.96","","","","","","NA"
"-114.01","51.12","CALGARY INTL A","3031092","2026-05-01 19:00","2026","05","01","19:00","","16.7","","-1.9","","28","","","","1","","19","","64.4","","89.01","","","","","","NA"
"-114.01","51.12","CALGARY INTL A","3031092","2026-05-01 20:00","2026","05","01","20:00","","12.8","","1.4","","46","","","","1","","38","","64.4","","89.14","","","","","","Mostly Cloudy"
"-114.01","51.12","CALGARY INTL A","3031092","2026-05-01 21:00","2026","05","01","21:00","","12.2","","1.6","","48","","","","2","","31","","24.1","","89.26","","","","","","NA"
"-114.01","51.12","CALGARY INTL A","3031092","2026-05-01 22:00","2026","05","01","22:00","","10.0","","1.8","","56","","","","36","","13","","24.1","","89.30","","","","","","NA"
"-114.01","51.12","CALGARY INTL A","3031092","2026-05-01 23:00","2026","05","01","23:00","","10.5","","2.0","","56","","","","31","","7","","24.1","","89.36","","","","","","Mostly Cloudy"
"-114.01","51.12","CALGARY INTL A","3031092","2026-05-02 00:00","2026","05","02","00:00","","10.6","","1.4","","53","","","","32","","12","","24.1","","89.37","","","","","","NA"
"-114.01","51.12","CALGARY INTL A","3031092","2026-05-02 01:00","2026","05","02","01:00","","10.8","","1.6","","53","","","","31","","7","","24.1","","89.38","","","","","","NA"
"-114.01","51.12","CALGARY INTL A","3031092","2026-05-02 02:00","2026","05","02","02:00","","10.3","","3.1","","61","","","","34","","8","","24.1","","89.40","","","","","","Rain Showers"
"-114.01","51.12","CALGARY INTL A","3031092","2026-05-02 03:00","2026","05","02","03:00","","9.3","","2.8","","63","","","","35","","12","","24.1","","89.40","","","","","","Rain Showers"
"-114.01","51.12","CALGARY INTL A","3031092","2026-05-02 04:00","2026","05","02","04:00","","8.9","","2.3","","63","","","","34","","10","","24.1","","89.42","","","","","","NA"
"-114.01","51.12","CALGARY INTL A","3031092","2026-05-02 05:00","2026","05","02","05:00","","7.3","","1.8","","68","","","","36","","8","","64.4","","89.42","","","","","","Mostly Cloudy"
"-114.01","51.12","CALGARY INTL A","3031092","2026-05-02 06:00","2026","05","02","06:00","","8.1","","2.1","","66","","","","32","","3","","64.4","","89.42","","","","","","NA"
"-114.01","51.12","CALGARY INTL A","3031092","2026-05-02 07:00","2026","05","02","07:00","","9.2","","1.7","","60","","","","27","","4","","64.4","","89.44","","","","","","NA"
"-114.01","51.12","CALGARY INTL A","3031092","2026-05-02 08:00","2026","05","02","08:00","","10.1","","1.3","","54","","","","36","","3","","64.4","","89.47","","","","","","Mostly Cloudy"
"-114.01","51.12","CALGARY INTL A","3031092","2026-05-02 09:00","2026","05","02","09:00","","11.5","","1.7","","51","","","","9","","8","","64.4","","89.46","","","","","","NA"
"-114.01","51.12","CALGARY INTL A","3031092","2026-05-02 10:00","2026","05","02","10:00","","12.6","","1.7","","47","","","","10","","8","","64.4","","89.42","","","","","","NA"
"-114.01","51.12","CALGARY INTL A","3031092","2026-05-02 11:00","2026","05","02","11:00","","14.6","","1.6","","41","","","","16","","13","","64.4","","89.36","","","","","","Mostly Cloudy"
"-114.01","51.12","CALGARY INTL A","3031092","2026-05-02 12:00","2026","05","02","12:00","","15.3","","1.1","","38","","","","17","","12","","64.4","","89.29","","","","","","NA"
"-114.01","51.12","CALGARY INTL A","3031092","2026-05-02 13:00","2026","05","02","13:00","","16.1","","0.7","","35","","","","13","","8","","64.4","","89.21","","","","","","NA"
"-114.01","51.12","CALGARY INTL A","3031092","2026-05-02 14:00","2026","05","02","14:00","","17.2","","2.3","","36","","","","16","","8","","64.4","","89.12","","","","","","Mainly Clear"
"-114.01","51.12","CALGARY INTL A","3031092","2026-05-02 15:00","2026","05","02","15:00","","17.7","","0.6","","31","","","","19","","7","","64.4","","89.04","","","","","","NA"
"-114.01","51.12","CALGARY INTL A","3031092","2026-05-02 16:00","2026","05","02","16:00","","18.5","","0.6","","30","","","","21","","5","","64.4","","88.95","","","","","","NA"
"-114.01","51.12","CALGARY INTL A","3031092","2026-05-02 17:00","2026","05","02","17:00","","18.9","","1.4","","31","","","","18","","12","","64.4","","88.87","","","","","","Mainly Clear"
"-114.01","51.12","CALGARY INTL A","3031092","2026-05-02 18:00","2026","05","02","18:00","","19.1","","0.9","","29","","","","17","","19","","64.4","","88.81","","","","","","NA"
"-114.01","51.12","CALGARY INTL A","3031092","2026-05-02 19:00","2026","05","02","19:00","","17.0","","1.2","","34","","","","18","","23","","64.4","","88.77","","","","","","NA"
"-114.01","51.12","CALGARY INTL A","3031092","2026-05-02 20:00","2026","05","02","20:00","","14.9","","1.8","","41","","","","18","","14","","64.4","","88.78","","","","","","Mainly Clear"
"-114.01","51.12","CALGARY INTL A","3031092","2026-05-02 21:00","2026","05","02","21:00","","14.4","","2.2","","44","","","","19","","20","","24.1","","88.81","","","","","","NA"
"-114.01","51.12","CALGARY INTL A","3031092","2026-05-02 22:00","2026","05","02","22:00","","12.7","","0.7","","44","","","","21","","5","","24.1","","88.84","","","","","","NA"
"-114.01","51.12","CALGARY INTL A","3031092","2026-05-02 23:00","2026","05","02","23:00","","12.1","","-4.4","","31","","","","","","0","","24.1","","88.84","","","","","","Mainly Clear"
"-114.01","51.12","CALGARY INTL A","3031092","2026-05-03 00:00","2026","05","03","00:00","","12.8","","-6.9","","25","","","","31","","15","","24.1","","88.85","","","","","","NA"
"-114.01","51.12","CALGARY INTL A","3031092","2026-05-03 01:00","2026","05","03","01:00","","9.8","","-6.0","","32","","","","36","","8","","24.1","","88.85","","","","","","NA"
"-114.01","51.12","CALGARY INTL A","3031092","2026-05-03 02:00","2026","05","03","02:00","","9.0","","-5.1","","36","","","","35","","10","","24.1","","88.85","","","","","","Clear"
"-114.01","51.12","CALGARY INTL A","3031092","2026-05-03 03:00","2026","05","03","03:00","","9.2","","-5.4","","35","","","","35","","7","","24.1","","88.85","","","","","","NA"
"-114.01","51.12","CALGARY INTL A","3031092","2026-05-03 04:00","2026","05","03","04:00","","10.4","","-6.0","","31","","","","","","0","","24.1","","88.85","","","","","","NA"
"-114.01","51.12","CALGARY INTL A","3031092","2026-05-03 05:00","2026","05","03","05:00","","10.3","","-6.0","","31","","","","29","","5","","64.4","","88.82","","","","","","Mainly Clear"
"-114.01","51.12","CALGARY INTL A","3031092","2026-05-03 06:00","2026","05","03","06:00","","10.8","","-5.5","","31","","","","29","","7","","64.4","","88.81","","","","","","NA"
"-114.01","51.12","CALGARY INTL A","3031092","2026-05-03 07:00","2026","05","03","07:00","","12.5","","-4.6","","30","","","","","","0","","64.4","","88.81","","","","","","NA"
"-114.01","51.12","CALGARY INTL A","3031092","2026-05-03 08:00","2026","05","03","08:00","","14.7","","-3.4","","28","","","","32","","15","","64.4","","88.80","","","","","","Mostly Cloudy"
"-114.01","51.12","CALGARY INTL A","3031092","2026-05-03 09:00","2026","05","03","09:00","","16.9","","-4.0","","24","","","","29","","18","","64.4","","88.77","","","","","","NA"
"-114.01","51.12","CALGARY INTL A","3031092","2026-05-03 10:00","2026","05","03","10:00","","19.0","","-3.1","","22","","","","32","","24","","64.4","","88.74","","","","","","NA"
"-114.01","51.12","CALGARY INTL A","3031092","2026-05-03 11:00","2026","05","03","11:00","","19.8","","-2.9","","21","","","","36","","27","","64.4","","88.68","","","","","","Mostly Cloudy"
"-114.01","51.12","CALGARY INTL A","3031092","2026-05-03 12:00","2026","05","03","12:00","","20.1","","-1.6","","23","","","","34","","16","","64.4","","88.62","","","","","","NA"
"-114.01","51.12","CALGARY INTL A","3031092","2026-05-03 13:00","2026","05","03","13:00","","20.4","","-0.6","","24","","","","36","","14","","64.4","","88.54","","","","","","NA"
"-114.01","51.12","CALGARY INTL A","3031092","2026-05-03 14:00","2026","05","03","14:00","","21.0","","-1.6","","22","","","","5","","16","","64.4","","88.50","","","","","","Mostly Cloudy"
"-114.01","51.12","CALGARY INTL A","3031092","2026-05-03 15:00","2026","05","03","15:00","","21.1","","-1.5","","22","","","","2","","22","","64.4","","88.45","","","","","","NA"
"-114.01","51.12","CALGARY INTL A","3031092","2026-05-03 16:00","2026","05","03","16:00","","19.6","","-0.4","","26","","","","2","","36","","64.4","","88.48","","","","","","NA"
"-114.01","51.12","CALGARY INTL A","3031092","2026-05-03 17:00","2026","05","03","17:00","","19.2","","-0.9","","26","","","","1","","41","","64.4","","88.48","","","","","","Cloudy"
"-114.01","51.12","CALGARY INTL A","3031092","2026-05-03 18:00","2026","05","03","18:00","","17.8","","-1.2","","27","","","","3","","39","","64.4","","88.54","","","","","","NA"
"-114.01","51.12","CALGARY INTL A","3031092","2026-05-03 19:00","2026","05","03","19:00","","14.9","","-2.8","","29","","","","4","","35","","64.4","","88.69","","","","","","NA"
"-114.01","51.12","CALGARY INTL A","3031092","2026-05-03 20:00","2026","05","03","20:00","","13.7","","-3.0","","31","","","","3","","32","","48.3","","88.78","","","","","","Cloudy"
"-114.01","51.12","CALGARY INTL A","3031092","2026-05-03 21:00","2026","05","03","21:00","","12.4","","-3.4","","33","","","","3","","34","","24.1","","88.92","","","","","","NA"
"-114.01","51.12","CALGARY INTL A","3031092","2026-05-03 22:00","2026","05","03","22:00","","11.4","","-1.9","","40","","","","36","","28","","16.1","","89.01","","","","","","NA"
"-114.01","51.12","CALGARY INTL A","3031092","2026-05-03 23:00","2026","05","03","23:00","","9.6","","1.4","","57","","","","35","","22","","16.1","","89.08","","","","","","Cloudy"
"-114.01","51.12","CALGARY INTL A","3031092","2026-05-04 00:00","2026","05","04","00:00","","8.5","","0.8","","58","","","","35","","26","","16.1","","89.14","","","","","","Rain"
"-114.01","51.12","CALGARY INTL A","3031092","2026-05-04 01:00","2026","05","04","01:00","","8.7","","-0.3","","53","","","","28","","4","","24.1","","89.09","","","","","","NA"
"-114.01","51.12","CALGARY INTL A","3031092","2026-05-04 02:00","2026","05","04","02:00","","7.7","","0.0","","58","","","","34","","6","","24.1","","89.09","","","","","","Mostly Cloudy"
"-114.01","51.12","CALGARY INTL A","3031092","2026-05-04 03:00","2026","05","04","03:00","","6.2","","-1.0","","60","","","","35","","9","","24.1","","89.10","","","","","","NA"
"-114.01","51.12","CALGARY INTL A","3031092","2026-05-04 04:00","2026","05","04","04:00","","5.0","","-3.1","","56","","","","34","","13","","24.1","","89.12","","","","","","NA"
"-114.01","51.12","CALGARY INTL A","3031092","2026-05-04 05:00","2026","05","04","05:00","","4.2","","-3.7","","56","","","","33","","12","","64.4","","89.14","","","","","","Mostly Cloudy"
"-114.01","51.12","CALGARY INTL A","3031092","2026-05-04 06:00","2026","05","04","06:00","","4.4","","-4.1","","54","","","","32","","13","","64.4","","89.13","","","","","","NA"
"-114.01","51.12","CALGARY INTL A","3031092","2026-05-04 07:00","2026","05","04","07:00","","5.4","","-4.6","","48","","","","36","","16","","64.4","","89.16","","","","","","NA"
"-114.01","51.12","CALGARY INTL A","3031092","2026-05-04 08:00","2026","05","04","08:00","","6.3","","-4.3","","47","","","","35","","19","","64.4","","89.20","","","","","","Mostly Cloudy"
"-114.01","51.12","CALGARY INTL A","3031092","2026-05-04 09:00","2026","05","04","09:00","","7.7","","-5.0","","40","","","","35","","34","","64.4","","89.20","","","","","","NA"
"-114.01","51.12","CALGARY INTL A","3031092","2026-05-04 10:00","2026","05","04","10:00","","9.5","","-5.6","","34","","","","34","","36","","64.4","","89.20","","","","","","NA"
"-114.01","51.12","CALGARY INTL A","3031092","2026-05-04 11:00","2026","05","04","11:00","","10.7","","-7.0","","28","","","","34","","32","","64.4","","89.15","","","","","","Mostly Cloudy"
"-114.01","51.12","CALGARY INTL A","3031092","2026-05-04 12:00","2026","05","04","12:00","","12.1","","-8.3","","23","","","","35","","40","","64.4","","89.13","","","","","","NA"
"-114.01","51.12","CALGARY INTL A","3031092","2026-05-04 13:00","2026","05","04","13:00","","12.4","","-10.7","","19","","","","34","","43","","64.4","","89.11","","","","","","NA"
"-114.01","51.12","CALGARY INTL A","3031092","2026-05-04 14:00","2026","05","04","14:00","","13.3","","-9.6","","19","","","","36","","39","","64.4","","89.11","","","","","","Mainly Clear"
"-114.01","51.12","CALGARY INTL A","3031092","2026-05-04 15:00","2026","05","04","15:00","","13.4","","-8.5","","21","","","","1","","37","","64.4","","89.08","","","","","","NA"
"-114.01","51.12","CALGARY INTL A","3031092","2026-05-04 16:00","2026","05","04","16:00","","12.4","","-9.0","","22","","","","36","","34","","64.4","","89.06","","","","","","NA"
"-114.01","51.12","CALGARY INTL A","3031092","2026-05-04 17:00","2026","05","04","17:00","","11.7","","-9.8","","21","","","","1","","31","","64.4","","89.07","","","","","","Mostly Cloudy"
"-114.01","51.12","CALGARY INTL A","3031092","2026-05-04 18:00","2026","05","04","18:00","","11.3","","-9.4","","22","","","","2","","35","","64.4","","89.07","","","","","","NA"
"-114.01","51.12","CALGARY INTL A","3031092","2026-05-04 19:00","2026","05","04","19:00","","10.0","","-8.5","","26","","","","3","","29","","48.3","","89.10","","","","","","NA"
"-114.01","51.12","CALGARY INTL A","3031092","2026-05-04 20:00","2026","05","04","20:00","","9.2","","-8.3","","28","","","","3","","23","","32.2","","89.15","","","","","","Cloudy"
"-114.01","51.12","CALGARY INTL A","3031092","2026-05-04 21:00","2026","05","04","21:00","","8.2","","-9.1","","28","","","","4","","21","","24.1","","89.20","","","","","","NA"
"-114.01","51.12","CALGARY INTL A","3031092","2026-05-04 22:00","2026","05","04","22:00","","7.3","","-8.8","","31","","","","3","","18","","24.1","","89.26","","","","","","NA"
"-114.01","51.12","CALGARY INTL A","3031092","2026-05-04 23:00","2026","05","04","23:00","","5.7","","-6.2","","42","","","","9","","16","","24.1","","89.33","","","","","","Mostly Cloudy"
"-114.01","51.12","CALGARY INTL A","3031092","2026-05-05 00:00","2026","05","05","00:00","","4.6","","-4.3","","52","","","","9","","9","","24.1","","89.35","","","","","","NA"
"-114.01","51.12","CALGARY INTL A","3031092","2026-05-05 01:00","2026","05","05","01:00","","4.2","","-3.6","","57","","","","4","","11","","24.1","","89.36","","","","","","NA"
"-114.01","51.12","CALGARY INTL A","3031092","2026-05-05 02:00","2026","05","05","02:00","","4.0","","-3.4","","58","","","","1","","16","","24.1","","89.36","","","","","","Mostly Cloudy"
"-114.01","51.12","CALGARY INTL A","3031092","2026-05-05 03:00","2026","05","05","03:00","","3.0","","-5.1","","56","","","","6","","16","","24.1","","89.41","","","","","","NA"
"-114.01","51.12","CALGARY INTL A","3031092","2026-05-05 04:00","2026","05","05","04:00","","2.5","","-5.3","","57","","","","7","","6","","12.9","","89.44","","","","","","NA"
"-114.01","51.12","CALGARY INTL A","3031092","2026-05-05 05:00","2026","05","05","05:00","","2.2","","-5.8","","56","","","","7","","5","","19.3","","89.45","","","","","","Mostly Cloudy"
"-114.01","51.12","CALGARY INTL A","3031092","2026-05-05 06:00","2026","05","05","06:00","","2.6","","-5.3","","56","","","","33","","8","","19.3","","89.46","","","","","","NA"
"-114.01","51.12","CALGARY INTL A","3031092","2026-05-05 07:00","2026","05","05","07:00","","3.0","","-4.8","","57","","","","32","","13","","24.1","","89.46","","","","","","NA"
"-114.01","51.12","CALGARY INTL A","3031092","2026-05-05 08:00","2026","05","05","08:00","","4.1","","-4.7","","53","","","","34","","18","","24.1","","89.48","","","","","","Mostly Cloudy"
"-114.01","51.12","CALGARY INTL A","3031092","2026-05-05 09:00","2026","05","05","09:00","","4.5","","-5.4","","49","","","","35","","18","","32.2","","89.48","","","","","","NA"
"-114.01","51.12","CALGARY INTL A","3031092","2026-05-05 10:00","2026","05","05","10:00","","6.0","","-6.2","","41","","","","34","","18","","32.2","","89.46","","","","","","NA"
"-114.01","51.12","CALGARY INTL A","3031092","2026-05-05 11:00","2026","05","05","11:00","","6.8","","-8.8","","32","","","","3","","25","","64.4","","89.48","","","","","","Mostly Cloudy"
"-114.01","51.12","CALGARY INTL A","3031092","2026-05-05 12:00","2026","05","05","12:00","","7.8","","-7.5","","33","","","","1","","18","","64.4","","89.46","","","","","","NA"
"-114.01","51.12","CALGARY INTL A","3031092","2026-05-05 13:00","2026","05","05","13:00","","9.0","","-6.9","","32","","","","2","","21","","64.4","","89.43","","","","","","NA"
"-114.01","51.12","CALGARY INTL A","3031092","2026-05-05 14:00","2026","05","05","14:00","","8.7","","-7.7","","31","","","","34","","17","","64.4","","89.40","","","","","","Mostly Cloudy"
"-114.01","51.12","CALGARY INTL A","3031092","2026-05-05 15:00","2026","05","05","15:00","","10.0","","-6.8","","30","","","","1","","10","","64.4","","89.35","","","","","","NA"
"-114.01","51.12","CALGARY INTL A","3031092","2026-05-05 16:00","2026","05","05","16:00","","10.2","","-8.0","","27","","","","5","","20","","64.4","","89.28","","","","","","NA"
"-114.01","51.12","CALGARY INTL A","3031092","2026-05-05 17:00","2026","05","05","17:00","","9.9","","-10.3","","23","","","","2","","9","","64.4","","89.23","","","","","","Mainly Clear"
"-114.01","51.12","CALGARY INTL A","3031092","2026-05-05 18:00","2026","05","05","18:00","","9.7","","-9.1","","26","","","","9","","10","","64.4","","89.20","","","","","","NA"
"-114.01","51.12","CALGARY INTL A","3031092","2026-05-05 19:00","2026","05","05","19:00","","8.9","","-9.4","","26","","","","9","","12","","32.2","","89.19","","","","","","NA"
"-114.01","51.12","CALGARY INTL A","3031092","2026-05-05 20:00","2026","05","05","20:00","","7.3","","-8.7","","31","","","","12","","19","","32.2","","89.19","","","","","","Mainly Clear"
"-114.01","51.12","CALGARY INTL A","3031092","2026-05-05 21:00","2026","05","05","21:00","","6.0","","-8.3","","35","","","","13","","16","","24.1","","89.21","","","","","","NA"
"-114.01","51.12","CALGARY INTL A","3031092","2026-05-05 22:00","2026","05","05","22:00","","4.7","","-8.8","","37","","","","14","","20","","24.1","","89.18","","","","","","NA"
"-114.01","51.12","CALGARY INTL A","3031092","2026-05-05 23:00","2026","05","05","23:00","","3.2","","-8.9","","41","","","","17","","22","","24.1","","89.14","","","","","","Clear"
"-114.01","51.12","CALGARY INTL A","3031092","2026-05-06 00:00","2026","05","06","00:00","","1.8","","-8.3","","47","","","","18","","14","","24.1","","89.10","","","","","","NA"
"-114.01","51.12","CALGARY INTL A","3031092","2026-05-06 01:00","2026","05","06","01:00","","1.6","","-8.6","","47","","","","18","","21","","24.1","","89.02","","","","","","NA"
"-114.01","51.12","CALGARY INTL A","3031092","2026-05-06 02:00","2026","05","06","02:00","","0.9","","-8.3","","51","","","","18","","17","","24.1","","88.96","","","","","","Clear"
"-114.01","51.12","CALGARY INTL A","3031092","2026-05-06 03:00","2026","05","06","03:00","","0.3","","-8.0","","54","","","","19","","14","","24.1","","88.89","","","","","","NA"
"-114.01","51.12","CALGARY INTL A","3031092","2026-05-06 04:00","2026","05","06","04:00","","-0.2","","-7.7","","57","","","","19","","11","","24.1","","88.82","","","","-4","","NA"
"-114.01","51.12","CALGARY INTL A","3031092","2026-05-06 05:00","2026","05","06","05:00","","-0.3","","-7.2","","60","","","","18","","10","","48.3","","88.75","","","","-4","","Clear"
"-114.01","51.12","CALGARY INTL A","3031092","2026-05-06 06:00","2026","05","06","06:00","","1.4","","-6.9","","54","","","","21","","10","","64.4","","88.72","","","","","","NA"
"-114.01","51.12","CALGARY INTL A","3031092","2026-05-06 07:00","2026","05","06","07:00","","3.6","","-6.7","","47","","","","22","","10","","64.4","","88.70","","","","","","NA"
"-114.01","51.12","CALGARY INTL A","3031092","2026-05-06 08:00","2026","05","06","08:00","","6.5","","-6.0","","40","","","","23","","12","","64.4","","88.64","","","","","","Mainly Clear"
"-114.01","51.12","CALGARY INTL A","3031092","2026-05-06 09:00","2026","05","06","09:00","","10.3","","-4.5","","35","","","","20","","8","","64.4","","88.58","","","","","","NA"
"-114.01","51.12","CALGARY INTL A","3031092","2026-05-06 10:00","2026","05","06","10:00","","13.1","","-3.3","","32","","","","18","","14","","64.4","","88.50","","","","","","NA"
"-114.01","51.12","CALGARY INTL A","3031092","2026-05-06 11:00","2026","05","06","11:00","","15.7","","-2.3","","29","","","","18","","14","","64.4","","88.42","","","","","","Mainly Clear"
"-114.01","51.12","CALGARY INTL A","3031092","2026-05-06 12:00","2026","05","06","12:00","","18.9","","-2.4","","23","","","","14","","12","","64.4","","88.36","","","","","","NA"
"-114.01","51.12","CALGARY INTL A","3031092","2026-05-06 13:00","2026","05","06","13:00","","20.1","","-2.3","","22","","","","10","","4","","64.4","","88.31","","","","","","NA"
"-114.01","51.12","CALGARY INTL A","3031092","2026-05-06 14:00","2026","05","06","14:00","","20.5","","-1.3","","23","","","","3","","9","","64.4","","88.26","","","","","","Cloudy"
"-114.01","51.12","CALGARY INTL A","3031092","2026-05-06 15:00","2026","05","06","15:00","","21.7","","-0.8","","22","","","","5","","13","","48.3","","88.21","","","","","","NA"
"-114.01","51.12","CALGARY INTL A","3031092","2026-05-06 16:00","2026","05","06","16:00","","20.6","","-2.2","","21","","","","2","","10","","64.4","","88.19","","","","","","NA"
"-114.01","51.12","CALGARY INTL A","3031092","2026-05-06 17:00","2026","05","06","17:00","","20.0","","-0.2","","25","","","","7","","5","","64.4","","88.16","","","","","","Cloudy"
"-114.01","51.12","CALGARY INTL A","3031092","2026-05-06 18:00","2026","05","06","18:00","","19.0","","-0.7","","26","","","","2","","18","","64.4","","88.23","","","","","","NA"
"-114.01","51.12","CALGARY INTL A","3031092","2026-05-06 19:00","2026","05","06","19:00","","18.2","","-1.3","","26","","","","3","","26","","48.3","","88.24","","","","","","NA"
"-114.01","51.12","CALGARY INTL A","3031092","2026-05-06 20:00","2026","05","06","20:00","","14.7","","-0.9","","34","","","","10","","18","","32.2","","88.35","","","","","","Mostly Cloudy"
"-114.01","51.12","CALGARY INTL A","3031092","2026-05-06 21:00","2026","05","06","21:00","","13.6","","-0.8","","37","","","","13","","14","","24.1","","88.44","","","","","","NA"
"-114.01","51.12","CALGARY INTL A","3031092","2026-05-06 22:00","2026","05","06","22:00","","12.2","","-1.8","","38","","","","30","","3","","24.1","","88.54","","","","","","NA"
"-114.01","51.12","CALGARY INTL A","3031092","2026-05-06 23:00","2026","05","06","23:00","","10.6","","-0.5","","46","","","","36","","16","","24.1","","88.62","","","","","","Mostly Cloudy"
"-114.01","51.12","CALGARY INTL A","3031092","2026-05-07 00:00","2026","05","07","00:00","","11.4","","-0.6","","43","","","","31","","7","","24.1","","88.63","","","","","","NA"
"-114.01","51.12","CALGARY INTL A","3031092","2026-05-07 01:00","2026","05","07","01:00","","11.8","","0.7","","46","","","","23","","8","","24.1","","88.61","","","","","","NA"
"-114.01","51.12","CALGARY INTL A","3031092","2026-05-07 02:00","2026","05","07","02:00","","11.4","","0.7","","47","","","","23","","8","","24.1","","88.59","","","","","","Mostly Cloudy"
"-114.01","51.12","CALGARY INTL A","3031092","2026-05-07 03:00","2026","05","07","03:00","","12.2","","1.8","","49","","","","27","","14","","24.1","","88.61","","","","","","NA"
"-114.01","51.12","CALGARY INTL A","3031092","2026-05-07 04:00","2026","05","07","04:00","","12.3","","-0.1","","42","","","","28","","18","","24.1","","88.61","","","","","","NA"
"-114.01","51.12","CALGARY INTL A","3031092","2026-05-07 05:00","2026","05","07","05:00","","11.9","","-0.6","","42","","","","29","","22","","24.1","","88.66","","","","","","Mostly Cloudy"
"-114.01","51.12","CALGARY INTL A","3031092","2026-05-07 06:00","2026","05","07","06:00","","12.0","","0.1","","44","","","","34","","10","","48.3","","88.69","","","","","","NA"
"-114.01","51.12","CALGARY INTL A","3031092","2026-05-07 07:00","2026","05","07","07:00","","13.8","","-0.6","","37","","","","32","","22","","64.4","","88.74","","","","","","NA"
"-114.01","51.12","CALGARY INTL A","3031092","2026-05-07 08:00","2026","05","07","08:00","","14.8","","0.0","","36","","","","33","","25","","64.4","","88.78","","","","","","Mostly Cloudy"
"-114.01","51.12","CALGARY INTL A","3031092","2026-05-07 09:00","2026","05","07","09:00","","15.2","","-1.8","","31","","","","34","","27","","64.4","","88.74","","","","","","NA"
"-114.01","51.12","CALGARY INTL A","3031092","2026-05-07 10:00","2026","05","07","10:00","","17.4","","-0.6","","29","","","","34","","24","","64.4","","88.72","","","","","","NA"
"-114.01","51.12","CALGARY INTL A","3031092","2026-05-07 11:00","2026","05","07","11:00","","18.2","","-1.8","","26","","","","34","","21","","64.4","","88.68","","","","","","Cloudy"
"-114.01","51.12","CALGARY INTL A","3031092","2026-05-07 12:00","2026","05","07","12:00","","17.9","","-1.6","","26","","","","34","","24","","64.4","","88.68","","","","","","NA"
"-114.01","51.12","CALGARY INTL A","3031092","2026-05-07 13:00","2026","05","07","13:00","","19.3","","-2.2","","23","","","","31","","19","","64.4","","88.67","","","","","","NA"
"-114.01","51.12","CALGARY INTL A","3031092","2026-05-07 14:00","2026","05","07","14:00","","19.8","","-2.5","","22","","","","4","","12","","64.4","","88.65","","","","","","Mostly Cloudy"
"-114.01","51.12","CALGARY INTL A","3031092","2026-05-07 15:00","2026","05","07","15:00","","20.7","","-3.0","","20","","","","36","","21","","64.4","","88.60","","","","","","NA"
"-114.01","51.12","CALGARY INTL A","3031092","2026-05-07 16:00","2026","05","07","16:00","","19.8","","-3.0","","21","","","","4","","19","","64.4","","88.58","","","","","","NA"
"-114.01","51.12","CALGARY INTL A","3031092","2026-05-07 17:00","2026","05","07","17:00","","19.2","","-3.1","","22","","","","35","","14","","48.3","","88.58","","","","","","Mostly Cloudy"
"-114.01","51.12","CALGARY INTL A","3031092","2026-05-07 18:00","2026","05","07","18:00","","18.8","","-3.2","","22","","","","30","","7","","48.3","","88.60","","","","","","NA"
"-114.01","51.12","CALGARY INTL A","3031092","2026-05-07 19:00","2026","05","07","19:00","","18.1","","-1.3","","27","","","","31","","6","","32.2","","88.63","","","","","","Rain Showers"
"-114.01","51.12","CALGARY INTL A","3031092","2026-05-07 20:00","2026","05","07","20:00","","17.4","","-3.2","","24","","","","10","","5","","64.4","","88.65","","","","","","Mainly Clear"
"-114.01","51.12","CALGARY INTL A","3031092","2026-05-07 21:00","2026","05","07","21:00","","15.2","","-2.7","","29","","","","34","","10","","32.2","","88.68","","","","","","NA"
"-114.01","51.12","CALGARY INTL A","3031092","2026-05-07 22:00","2026","05","07","22:00","","12.2","","-1.7","","38","","","","36","","10","","24.1","","88.69","","","","","","NA"
"-114.01","51.12","CALGARY INTL A","3031092","2026-05-07 23:00","2026","05","07","23:00","","12.1","","-1.1","","40","","","","21","","4","","24.1","","88.67","","","","","","Mainly Clear"
"-114.01","51.12","CALGARY INTL A","3031092","2026-05-08 00:00","2026","05","08","00:00","","8.9","","-0.9","","50","","","","36","","9","","32.2","","88.66","","","","","","NA"
"-114.01","51.12","CALGARY INTL A","3031092","2026-05-08 01:00","2026","05","08","01:00","","10.3","","-1.1","","45","","","","28","","8","","24.1","","88.66","","","","","","NA"
"-114.01","51.12","CALGARY INTL A","3031092","2026-05-08 02:00","2026","05","08","02:00","","8.3","","0.0","","56","","","","31","","3","","24.1","","88.65","","","","","","Clear"
"-114.01","51.12","CALGARY INTL A","3031092","2026-05-08 03:00","2026","05","08","03:00","","8.4","","-0.8","","52","","","","22","","10","","24.1","","88.61","","","","","","NA"
"-114.01","51.12","CALGARY INTL A","3031092","2026-05-08 04:00","2026","05","08","04:00","","7.7","","-1.1","","53","","","","36","","3","","24.1","","88.64","","","","","","NA"
"-114.01","51.12","CALGARY INTL A","3031092","2026-05-08 05:00","2026","05","08","05:00","","7.6","","-1.7","","52","","","","28","","7","","64.4","","88.64","","","","","","Mostly Cloudy"
"-114.01","51.12","CALGARY INTL A","3031092","2026-05-08 06:00","2026","05","08","06:00","","9.4","","-2.5","","43","","","","33","","10","","64.4","","88.65","","","","","","NA"
"-114.01","51.12","CALGARY INTL A","3031092","2026-05-08 07:00","2026","05","08","07:00","","11.7","","-3.6","","34","","","","35","","15","","64.4","","88.67","","","","","","NA"
"-114.01","51.12","CALGARY INTL A","3031092","2026-05-08 08:00","2026","05","08","08:00","","14.4","","-2.6","","31","","","","33","","22","","64.4","","88.65","","","","","","Mostly Cloudy"
"-114.01","51.12","CALGARY INTL A","3031092","2026-05-08 09:00","2026","05","08","09:00","","17.2","","-5.0","","21","","","","33","","27","","64.4","","88.65","","","","","","NA"
"-114.01","51.12","CALGARY INTL A","3031092","2026-05-08 10:00","2026","05","08","10:00","","18.2","","-4.1","","21","","","","35","","19","","64.4","","88.65","","","","","","NA"
"-114.01","51.12","CALGARY INTL A","3031092","2026-05-08 11:00","2026","05","08","11:00","","19.2","","-3.5","","21","","","","34","","14","","64.4","","88.62","","","","","","Cloudy"
"-114.01","51.12","CALGARY INTL A","3031092","2026-05-08 12:00","2026","05","08","12:00","","19.8","","-3.4","","20","","","","33","","26","","64.4","","88.60","","","","","","NA"
"-114.01","51.12","CALGARY INTL A","3031092","2026-05-08 13:00","2026","05","08","13:00","","20.0","","-4.5","","19","","","","1","","25","","64.4","","88.56","","","","","","NA"
"-114.01","51.12","CALGARY INTL A","3031092","2026-05-08 14:00","2026","05","08","14:00","","20.8","","-2.9","","20","","","","2","","23","","64.4","","88.55","","","","","","Cloudy"
"-114.01","51.12","CALGARY INTL A","3031092","2026-05-08 15:00","2026","05","08","15:00","","20.3","","-4.7","","18","","","","3","","30","","64.4","","88.51","","","","","","NA"
"-114.01","51.12","CALGARY INTL A","3031092","2026-05-08 16:00","2026","05","08","16:00","","19.6","","-4.1","","20","","","","1","","25","","64.4","","88.53","","","","","","NA"
"-114.01","51.12","CALGARY INTL A","3031092","2026-05-08 17:00","2026","05","08","17:00","","18.6","","-3.8","","21","","","","3","","22","","48.3","","88.55","","","","","","Cloudy"
"-114.01","51.12","CALGARY INTL A","3031092","2026-05-08 18:00","2026","05","08","18:00","","17.6","","-4.0","","22","","","","4","","26","","48.3","","88.57","","","","","","NA"
"-114.01","51.12","CALGARY INTL A","3031092","2026-05-08 19:00","2026","05","08","19:00","","16.8","","-3.6","","24","","","","5","","18","","48.3","","88.60","","","","","","NA"
"-114.01","51.12","CALGARY INTL A","3031092","2026-05-08 20:00","2026","05","08","20:00","","15.8","","-3.9","","25","","","","6","","17","","24.1","","88.66","","","","","","Cloudy"
"-114.01","51.12","CALGARY INTL A","3031092","2026-05-08 21:00","2026","05","08","21:00","","14.6","","-3.3","","29","","","","7","","12","","24.1","","88.74","","","","","","NA"
"-114.01","51.12","CALGARY INTL A","3031092","2026-05-08 22:00","2026","05","08","22:00","","14.1","","-3.4","","29","","","","9","","19","","24.1","","88.79","","","","","","NA"
"-114.01","51.12","CALGARY INTL A","3031092","2026-05-08 23:00","2026","05","08","23:00","","13.2","","-3.0","","32","","","","10","","17","","24.1","","88.83","","","","","","Mostly Cloudy"
"-114.01","51.12","CALGARY INTL A","3031092","2026-05-09 00:00","2026","05","09","00:00","","12.6","","-3.1","","33","","","","11","","10","","24.1","","88.89","","","","","","NA"
"-114.01","51.12","CALGARY INTL A","3031092","2026-05-09 01:00","2026","05","09","01:00","","10.4","","-2.5","","40","","","","9","","9","","24.1","","88.90","","","","","","NA"
"-114.01","51.12","CALGARY INTL A","3031092","2026-05-09 02:00","2026","05","09","02:00","","10.9","","-2.8","","38","","","","19","","3","","24.1","","88.93","","","","","","Mostly Cloudy"
"-114.01","51.12","CALGARY INTL A","3031092","2026-05-09 03:00","2026","05","09","03:00","","10.0","","-1.6","","44","","","","6","","6","","24.1","","88.94","","","","","","NA"
"-114.01","51.12","CALGARY INTL A","3031092","2026-05-09 04:00","2026","05","09","04:00","","9.7","","-1.3","","46","","","","3","","3","","24.1","","88.96","","","","","","NA"
"-114.01","51.12","CALGARY INTL A","3031092","2026-05-09 05:00","2026","05","09","05:00","","8.6","","-0.8","","52","","","","34","","7","","32.2","","88.98","","","","","","Mostly Cloudy"
"-114.01","51.12","CALGARY INTL A","3031092","2026-05-09 06:00","2026","05","09","06:00","","9.2","","-0.2","","52","","","","28","","3","","64.4","","89.04","","","","","","NA"
"-114.01","51.12","CALGARY INTL A","3031092","2026-05-09 07:00","2026","05","09","07:00","","10.5","","-0.5","","46","","","","","","0","","64.4","","89.08","","","","","","NA"
"-114.01","51.12","CALGARY INTL A","3031092","2026-05-09 08:00","2026","05","09","08:00","","11.3","","0.8","","48","","","","15","","4","","64.4","","89.13","","","","","","Mostly Cloudy"
"-114.01","51.12","CALGARY INTL A","3031092","2026-05-09 09:00","2026","05","09","09:00","","11.8","","0.5","","46","","","","9","","5","","64.4","","89.16","","","","","","NA"
"-114.01","51.12","CALGARY INTL A","3031092","2026-05-09 10:00","2026","05","09","10:00","","13.2","","3.6","","52","","","","6","","4","","64.4","","89.16","","","","","","NA"
"-114.01","51.12","CALGARY INTL A","3031092","2026-05-09 11:00","2026","05","09","11:00","","14.8","","2.3","","43","","","","2","","3","","48.3","","89.17","","","","","","Mostly Cloudy"
"-114.01","51.12","CALGARY INTL A","3031092","2026-05-09 12:00","2026","05","09","12:00","","15.7","","2.9","","42","","","","20","","5","","48.3","","89.17","","","","","","NA"
"-114.01","51.12","CALGARY INTL A","3031092","2026-05-09 13:00","2026","05","09","13:00","","17.0","","2.5","","37","","","","5","","9","","48.3","","89.14","","","","","","NA"
"-114.01","51.12","CALGARY INTL A","3031092","2026-05-09 14:00","2026","05","09","14:00","","16.2","","1.4","","37","","","","16","","6","","64.4","","89.12","","","","","","Mostly Cloudy"
"-114.01","51.12","CALGARY INTL A","3031092","2026-05-09 15:00","2026","05","09","15:00","","16.8","","0.2","","32","","","","26","","5","","48.3","","89.11","","","","","","NA"
"-114.01","51.12","CALGARY INTL A","3031092","2026-05-09 16:00","2026","05","09","16:00","","17.2","","0.8","","33","","","","","","0","","48.3","","89.09","","","","","","NA"
"-114.01","51.12","CALGARY INTL A","3031092","2026-05-09 17:00","2026","05","09","17:00","","18.0","","1.0","","32","","","","","","0","","32.2","","89.07","","","","","","Mostly Cloudy"
"-114.01","51.12","CALGARY INTL A","3031092","2026-05-09 18:00","2026","05","09","18:00","","18.1","","1.2","","32","","","","6","","9","","32.2","","89.06","","","","","","NA"
"-114.01","51.12","CALGARY INTL A","3031092","2026-05-09 19:00","2026","05","09","19:00","","17.6","","1.7","","34","","","","13","","14","","64.4","","89.04","","","","","","NA"
"-114.01","51.12","CALGARY INTL A","3031092","2026-05-09 20:00","2026","05","09","20:00","","16.4","","1.7","","37","","","","13","","14","","64.4","","89.04","","","","","","Mostly Cloudy"
"-114.01","51.12","CALGARY INTL A","3031092","2026-05-09 21:00","2026","05","09","21:00","","14.8","","1.4","","40","","","","13","","12","","24.1","","89.07","","","","","","NA"
"-114.01","51.12","CALGARY INTL A","3031092","2026-05-09 22:00","2026","05","09","22:00","","13.5","","1.2","","43","","","","14","","12","","24.1","","89.09","","","","","","NA"
"-114.01","51.12","CALGARY INTL A","3031092","2026-05-09 23:00","2026","05","09","23:00","","12.2","","0.8","","45","","","","16","","23","","24.1","","89.06","","","","","","Mostly Cloudy"
"-114.01","51.12","CALGARY INTL A","3031092","2026-05-10 00:00","2026","05","10","00:00","","10.3","","0.8","","52","","","","16","","9","","24.1","","89.04","","","","","","NA"
"-114.01","51.12","CALGARY INTL A","3031092","2026-05-10 01:00","2026","05","10","01:00","","8.8","","1.3","","59","","","","16","","11","","24.1","","88.99","","","","","","NA"
"-114.01","51.12","CALGARY INTL A","3031092","2026-05-10 02:00","2026","05","10","02:00","","8.6","","1.8","","62","","","","18","","9","","24.1","","88.96","","","","","","Mostly Cloudy"
"-114.01","51.12","CALGARY INTL A","3031092","2026-05-10 03:00","2026","05","10","03:00","","8.8","","1.8","","61","","","","20","","9","","24.1","","88.94","","","","","","NA"
"-114.01","51.12","CALGARY INTL A","3031092","2026-05-10 04:00","2026","05","10","04:00","","8.4","","2.2","","65","","","","18","","7","","24.1","","88.91","","","","","","NA"
"-114.01","51.12","CALGARY INTL A","3031092","2026-05-10 05:00","2026","05","10","05:00","","8.3","","1.3","","61","","","","20","","8","","64.4","","88.86","","","","","","Mostly Cloudy"
"-114.01","51.12","CALGARY INTL A","3031092","2026-05-10 06:00","2026","05","10","06:00","","7.9","","1.9","","66","","","","21","","4","","64.4","","88.85","","","","","","NA"
"-114.01","51.12","CALGARY INTL A","3031092","2026-05-10 07:00","2026","05","10","07:00","","8.7","","2.6","","65","","","","36","","4","","64.4","","88.83","","","","","","NA"
"-114.01","51.12","CALGARY INTL A","3031092","2026-05-10 08:00","2026","05","10","08:00","","11.2","","3.4","","59","","","","","","0","","64.4","","88.81","","","","","","Mostly Cloudy"
"-114.01","51.12","CALGARY INTL A","3031092","2026-05-10 09:00","2026","05","10","09:00","","15.1","","0.6","","37","","","","26","","7","","64.4","","88.80","","","","","","NA"
"-114.01","51.12","CALGARY INTL A","3031092","2026-05-10 10:00","2026","05","10","10:00","","16.6","","-0.5","","31","","","","27","","11","","64.4","","88.77","","","","","","NA"
"-114.01","51.12","CALGARY INTL A","3031092","2026-05-10 11:00","2026","05","10","11:00","","17.0","","0.9","","34","","","","23","","6","","64.4","","88.73","","","","","","Mostly Cloudy"
"-114.01","51.12","CALGARY INTL A","3031092","2026-05-10 12:00","2026","05","10","12:00","","17.8","","-0.1","","30","","","","22","","7","","64.4","","88.67","","","","","","NA"
"-114.01","51.12","CALGARY INTL A","3031092","2026-05-10 13:00","2026","05","10","13:00","","18.7","","-0.3","","27","","","","19","","14","","64.4","","88.60","","","","","","NA"
"-114.01","51.12","CALGARY INTL A","3031092","2026-05-10 14:00","2026","05","10","14:00","","18.2","","-2.3","","24","","","","17","","17","","64.4","","88.53","","","","","","Mostly Cloudy"
"-114.01","51.12","CALGARY INTL A","3031092","2026-05-10 15:00","2026","05","10","15:00","","20.2","","-1.5","","23","","","","13","","14","","64.4","","88.45","","","","","","NA"
"-114.01","51.12","CALGARY INTL A","3031092","2026-05-10 16:00","2026","05","10","16:00","","20.5","","-2.1","","22","","","","16","","14","","64.4","","88.38","","","","","","NA"
"-114.01","51.12","CALGARY INTL A","3031092","2026-05-10 17:00","2026","05","10","17:00","","20.6","","-1.0","","23","","","","18","","11","","32.2","","88.35","","","","","","Mostly Cloudy"
"-114.01","51.12","CALGARY INTL A","3031092","2026-05-10 18:00","2026","05","10","18:00","","20.2","","-2.7","","21","","","","30","","32","","32.2","","88.33","","","","","","NA"
"-114.01","51.12","CALGARY INTL A","3031092","2026-05-10 19:00","2026","05","10","19:00","","19.5","","-3.3","","21","","","","28","","35","","32.2","","88.29","","","","","","NA"
"-114.01","51.12","CALGARY INTL A","3031092","2026-05-10 20:00","2026","05","10","20:00","","17.2","","-2.1","","27","","","","28","","26","","64.4","","88.31","","","","","","Mostly Cloudy"
"-114.01","51.12","CALGARY INTL A","3031092","2026-05-10 21:00","2026","05","10","21:00","","15.5","","-1.6","","31","","","","26","","18","","24.1","","88.32","","","","","","NA"
"-114.01","51.12","CALGARY INTL A","3031092","2026-05-10 22:00","2026","05","10","22:00","","14.4","","-0.8","","35","","","","28","","30","","24.1","","88.34","","","","","","NA"
"-114.01","51.12","CALGARY INTL A","3031092","2026-05-10 23:00","2026","05","10","23:00","","14.2","","-0.6","","36","","","","29","","28","","24.1","","88.40","","","","","","Mostly Cloudy"
"-114.01","51.12","CALGARY INTL A","3031092","2026-05-11 00:00","2026","05","11","00:00","","14.1","","-0.5","","37","","","","29","","31","","24.1","","88.50","","","","","","NA"
"-114.01","51.12","CALGARY INTL A","3031092","2026-05-11 01:00","2026","05","11","01:00","","12.5","","0.8","","45","","","","31","","26","","24.1","","88.57","","","","","","NA"
"-114.01","51.12","CALGARY INTL A","3031092","2026-05-11 02:00","2026","05","11","02:00","","12.6","","-0.3","","41","","","","32","","20","","24.1","","88.64","","","","","","Mostly Cloudy"
"-114.01","51.12","CALGARY INTL A","3031092","2026-05-11 03:00","2026","05","11","03:00","","12.0","","-0.1","","43","","","","32","","24","","24.1","","88.70","","","","","","NA"
"-114.01","51.12","CALGARY INTL A","3031092","2026-05-11 04:00","2026","05","11","04:00","","11.4","","0.0","","46","","","","32","","18","","24.1","","88.80","","","","","","NA"
"-114.01","51.12","CALGARY INTL A","3031092","2026-05-11 05:00","2026","05","11","05:00","","10.3","","0.2","","50","","","","32","","14","","32.2","","88.85","","","","","","Mostly Cloudy"
"-114.01","51.12","CALGARY INTL A","3031092","2026-05-11 06:00","2026","05","11","06:00","","10.1","","0.6","","52","","","","34","","22","","64.4","","88.94","","","","","","NA"
"-114.01","51.12","CALGARY INTL A","3031092","2026-05-11 07:00","2026","05","11","07:00","","9.3","","2.6","","63","","","","36","","41","","64.4","","89.04","","","","","","NA"
"-114.01","51.12","CALGARY INTL A","3031092","2026-05-11 08:00","2026","05","11","08:00","","7.8","","2.4","","69","","","","35","","41","","64.4","","89.19","","","","","","Mostly Cloudy"
"-114.01","51.12","CALGARY INTL A","3031092","2026-05-11 09:00","2026","05","11","09:00","","8.1","","2.2","","66","","","","34","","39","","48.3","","89.25","","","","","","NA"
"-114.01","51.12","CALGARY INTL A","3031092","2026-05-11 10:00","2026","05","11","10:00","","8.9","","2.8","","65","","","","35","","30","","48.3","","89.26","","","","","","Rain Showers"
"-114.01","51.12","CALGARY INTL A","3031092","2026-05-11 11:00","2026","05","11","11:00","","12.3","","-0.5","","41","","","","36","","32","","64.4","","89.27","","","","","","Mainly Clear"
"-114.01","51.12","CALGARY INTL A","3031092","2026-05-11 12:00","2026","05","11","12:00","","14.1","","-0.6","","36","","","","35","","23","","64.4","","89.23","","","","","","NA"
"-114.01","51.12","CALGARY INTL A","3031092","2026-05-11 13:00","2026","05","11","13:00","","14.9","","-0.7","","34","","","","33","","17","","64.4","","89.20","","","","","","NA"
"-114.01","51.12","CALGARY INTL A","3031092","2026-05-11 14:00","2026","05","11","14:00","","15.2","","-0.5","","34","","","","36","","14","","64.4","","89.17","","","","","","Mostly Cloudy"
"-114.01","51.12","CALGARY INTL A","3031092","2026-05-11 15:00","2026","05","11","15:00","","13.0","","1.2","","44","","","","1","","31","","64.4","","89.22","","","","","","Rain Showers"
"-114.01","51.12","CALGARY INTL A","3031092","2026-05-11 16:00","2026","05","11","16:00","","15.2","","-1.4","","32","","","","1","","26","","64.4","","89.23","","","","","","NA"
"-114.01","51.12","CALGARY INTL A","3031092","2026-05-11 17:00","2026","05","11","17:00","","15.9","","-0.6","","32","","","","2","","18","","64.4","","89.26","","","","","","Mainly Clear"
"-114.01","51.12","CALGARY INTL A","3031092","2026-05-11 18:00","2026","05","11","18:00","","16.0","","-1.6","","30","","","","1","","16","","64.4","","89.27","","","","","","NA"
"-114.01","51.12","CALGARY INTL A","3031092","2026-05-11 19:00","2026","05","11","19:00","","15.0","","-2.3","","30","","","","36","","16","","48.3","","89.28","","","","","","NA"
"-114.01","51.12","CALGARY INTL A","3031092","2026-05-11 20:00","2026","05","11","20:00","","13.1","","-2.4","","34","","","","36","","9","","48.3","","89.31","","","","","","Mainly Clear"
"-114.01","51.12","CALGARY INTL A","3031092","2026-05-11 21:00","2026","05","11","21:00","","11.9","","-2.6","","36","","","","9","","5","","32.2","","89.38","","","","","","NA"
"-114.01","51.12","CALGARY INTL A","3031092","2026-05-11 22:00","2026","05","11","22:00","","11.6","","-1.9","","39","","","","23","","3","","24.1","","89.44","","","","","","NA"
"-114.01","51.12","CALGARY INTL A","3031092","2026-05-11 23:00","2026","05","11","23:00","","9.4","","-1.9","","45","","","","","","0","","24.1","","89.47","","","","","","Mainly Clear"
"-114.01","51.12","CALGARY INTL A","3031092","2026-05-12 00:00","2026","05","12","00:00","","8.2","","-1.0","","52","","","","19","","4","","24.1","","89.50","","","","","","NA"
"-114.01","51.12","CALGARY INTL A","3031092","2026-05-12 01:00","2026","05","12","01:00","","8.3","","-1.1","","52","","","","","","0","","24.1","","89.50","","","","","","NA"
"-114.01","51.12","CALGARY INTL A","3031092","2026-05-12 02:00","2026","05","12","02:00","","6.4","","-1.9","","55","","","","","","0","","24.1","","89.51","","","","","","Clear"
"-114.01","51.12","CALGARY INTL A","3031092","2026-05-12 03:00","2026","05","12","03:00","","5.4","","-1.8","","60","","","","","","0","","24.1","","89.53","","","","","","NA"
"-114.01","51.12","CALGARY INTL A","3031092","2026-05-12 04:00","2026","05","12","04:00","","4.3","","-2.6","","61","","","","33","","6","","24.1","","89.54","","","","","","NA"
"-114.01","51.12","CALGARY INTL A","3031092","2026-05-12 05:00","2026","05","12","05:00","","3.8","","-1.6","","67","","","","19","","3","","32.2","","89.54","","","","","","Clear"
"-114.01","51.12","CALGARY INTL A","3031092","2026-05-12 06:00","2026","05","12","06:00","","5.3","","-2.2","","58","","","","34","","4","","48.3","","89.56","","","","","","NA"
"-114.01","51.12","CALGARY INTL A","3031092","2026-05-12 07:00","2026","05","12","07:00","","7.6","","-1.4","","53","","","","22","","5","","64.4","","89.58","","","","","","NA"
"-114.01","51.12","CALGARY INTL A","3031092","2026-05-12 08:00","2026","05","12","08:00","","11.4","","-1.0","","42","","","","","","0","","64.4","","89.54","","","","","","Mainly Clear"
"-114.01","51.12","CALGARY INTL A","3031092","2026-05-12 09:00","2026","05","12","09:00","","13.8","","-1.5","","35","","","","17","","7","","64.4","","89.48","","","","","","NA"
"-114.01","51.12","CALGARY INTL A","3031092","2026-05-12 10:00","2026","05","12","10:00","","15.9","","0.0","","34","","","","18","","23","","64.4","","89.46","","","","","","NA"
"-114.01","51.12","CALGARY INTL A","3031092","2026-05-12 11:00","2026","05","12","11:00","","17.3","","0.0","","31","","","","20","","16","","64.4","","89.38","","","","","","Mainly Clear"
"-114.01","51.12","CALGARY INTL A","3031092","2026-05-12 12:00","2026","05","12","12:00","","18.6","","-0.5","","27","","","","21","","19","","64.4","","89.33","","","","","","NA"
"-114.01","51.12","CALGARY INTL A","3031092","2026-05-12 13:00","2026","05","12","13:00","","19.8","","-1.9","","23","","","","14","","18","","64.4","","89.23","","","","","","NA"
"-114.01","51.12","CALGARY INTL A","3031092","2026-05-12 14:00","2026","05","12","14:00","","20.8","","-1.8","","22","","","","22","","5","","64.4","","89.17","","","","","","Mostly Cloudy"
"-114.01","51.12","CALGARY INTL A","3031092","2026-05-12 15:00","2026","05","12","15:00","","22.2","","-2.5","","19","","","","17","","15","","64.4","","89.08","","","","","","NA"
"-114.01","51.12","CALGARY INTL A","3031092","2026-05-12 16:00","2026","05","12","16:00","","22.2","","-2.5","","19","","","","17","","13","","64.4","","89.03","","","","","","NA"
"-114.01","51.12","CALGARY INTL A","3031092","2026-05-12 17:00","2026","05","12","17:00","","22.2","","-3.0","","18","","","","16","","10","","64.4","","88.96","","","","","","Mostly Cloudy"
"-114.01","51.12","CALGARY INTL A","3031092","2026-05-12 18:00","2026","05","12","18:00","","22.6","","-3.2","","17","","","","15","","23","","64.4","","88.88","","","","","","NA"
"-114.01","51.12","CALGARY INTL A","3031092","2026-05-12 19:00","2026","05","12","19:00","","21.1","","-3.0","","19","","","","15","","21","","48.3","","88.85","","","","","","NA"
"-114.01","51.12","CALGARY INTL A","3031092","2026-05-12 20:00","2026","05","12","20:00","","19.8","","-2.7","","21","","","","14","","17","","32.2","","88.83","","","","","","Mostly Cloudy"
"-114.01","51.12","CALGARY INTL A","3031092","2026-05-12 21:00","2026","05","12","21:00","","18.3","","-2.3","","24","","","","14","","18","","24.1","","88.81","","","","","","NA"
"-114.01","51.12","CALGARY INTL A","3031092","2026-05-12 22:00","2026","05","12","22:00","","16.3","","-1.4","","30","","","","21","","10","","24.1","","88.77","","","","","","NA"
"-114.01","51.12","CALGARY INTL A","3031092","2026-05-12 23:00","2026","05","12","23:00","","14.2","","-0.7","","36","","","","19","","13","","24.1","","88.71","","","","","","Mostly Cloudy"
"-114.01","51.12","CALGARY INTL A","3031092","2026-05-13 00:00","2026","05","13","00:00","","15.4","","-1.0","","32","","","","24","","4","","24.1","","88.67","","","","","","NA"
"-114.01","51.12","CALGARY INTL A","3031092","2026-05-13 01:00","2026","05","13","01:00","","13.3","","-1.6","","36","","","","21","","11","","24.1","","88.59","","","","","","NA"
"-114.01","51.12","CALGARY INTL A","3031092","2026-05-13 02:00","2026","05","13","02:00","","12.4","","-2.2","","36","","","","18","","6","","24.1","","88.51","","","","","","Mostly Cloudy"
"-114.01","51.12","CALGARY INTL A","3031092","2026-05-13 03:00","2026","05","13","03:00","","10.2","","-1.1","","45","","","","19","","10","","24.1","","88.43","","","","","","NA"
"-114.01","51.12","CALGARY INTL A","3031092","2026-05-13 04:00","2026","05","13","04:00","","11.0","","-1.6","","41","","","","22","","12","","24.1","","88.42","","","","","","NA"
"-114.01","51.12","CALGARY INTL A","3031092","2026-05-13 05:00","2026","05","13","05:00","","11.0","","-1.3","","42","","","","23","","14","","32.2","","88.31","","","","","","Mostly Cloudy"
"-114.01","51.12","CALGARY INTL A","3031092","2026-05-13 06:00","2026","05","13","06:00","","11.2","","-1.0","","42","","","","26","","21","","32.2","","88.34","","","","","","NA"
"-114.01","51.12","CALGARY INTL A","3031092","2026-05-13 07:00","2026","05","13","07:00","","11.9","","0.3","","45","","","","35","","10","","64.4","","88.20","","","","","","Rain"
"-114.01","51.12","CALGARY INTL A","3031092","2026-05-13 08:00","2026","05","13","08:00","","13.3","","0.6","","42","","","","32","","9","","64.4","","88.04","","","","","","Mostly Cloudy"
"-114.01","51.12","CALGARY INTL A","3031092","2026-05-13 09:00","2026","05","13","09:00","","16.2","","-0.2","","33","","","","","","0","","64.4","","88.03","","","","","","NA"
"-114.01","51.12","CALGARY INTL A","3031092","2026-05-13 10:00","2026","05","13","10:00","","18.6","","-0.5","","27","","","","7","","7","","64.4","","87.87","","","","","","NA"
"-114.01","51.12","CALGARY INTL A","3031092","2026-05-13 11:00","2026","05","13","11:00","","19.8","","-0.9","","25","","","","13","","9","","64.4","","87.78","","","","","","Cloudy"
"-114.01","51.12","CALGARY INTL A","3031092","2026-05-13 12:00","2026","05","13","12:00","","19.2","","2.4","","32","","","","15","","17","","64.4","","87.69","","","","","","NA"
"-114.01","51.12","CALGARY INTL A","3031092","2026-05-13 13:00","2026","05","13","13:00","","20.5","","1.9","","29","","","","14","","16","","32.2","","87.59","","","","","","NA"
"-114.01","51.12","CALGARY INTL A","3031092","2026-05-13 14:00","2026","05","13","14:00","","21.5","","3.5","","30","","","","19","","26","","64.4","","87.49","","","","","","Mostly Cloudy"
"-114.01","51.12","CALGARY INTL A","3031092","2026-05-13 15:00","2026","05","13","15:00","","21.7","","4.4","","32","","","","19","","22","","64.4","","87.40","","","","","","NA"
"-114.01","51.12","CALGARY INTL A","3031092","2026-05-13 16:00","2026","05","13","16:00","","23.0","","3.2","","27","","","","20","","21","","48.3","","87.30","","","","","","NA"
"-114.01","51.12","CALGARY INTL A","3031092","2026-05-13 17:00","2026","05","13","17:00","","21.9","","4.2","","31","","","","19","","25","","64.4","","87.25","","","","","","Mostly Cloudy"
"-114.01","51.12","CALGARY INTL A","3031092","2026-05-13 18:00","2026","05","13","18:00","","21.5","","2.1","","27","","","","22","","39","","48.3","","87.13","","","","","","NA"
"-114.01","51.12","CALGARY INTL A","3031092","2026-05-13 19:00","2026","05","13","19:00","","21.5","","0.8","","25","","","","28","","26","","24.1","","87.14","","","","","","NA"
"-114.01","51.12","CALGARY INTL A","3031092","2026-05-13 20:00","2026","05","13","20:00","","18.8","","1.3","","31","","","","26","","20","","32.2","","87.13","","","","","","Mostly Cloudy"
"-114.01","51.12","CALGARY INTL A","3031092","2026-05-13 21:00","2026","05","13","21:00","","16.4","","2.4","","39","","","","29","","43","","24.1","","87.16","","","","","","NA"
"-114.01","51.12","CALGARY INTL A","3031092","2026-05-13 22:00","2026","05","13","22:00","","14.0","","1.7","","43","","","","29","","32","","24.1","","87.14","","","","","","NA"
"-114.01","51.12","CALGARY INTL A","3031092","2026-05-13 23:00","2026","05","13","23:00","","12.1","","7.0","","71","","","","34","","34","","24.1","","87.30","","","","","","Mostly Cloudy"
"-114.01","51.12","CALGARY INTL A","3031092","2026-05-14 00:00","2026","05","14","00:00","","11.4","","3.5","","58","","","","34","","38","","24.1","","87.38","","","","","","NA"
"-114.01","51.12","CALGARY INTL A","3031092","2026-05-14 01:00","2026","05","14","01:00","","10.2","","4.1","","66","","","","33","","36","","24.1","","87.40","","","","","","NA"
"-114.01","51.12","CALGARY INTL A","3031092","2026-05-14 02:00","2026","05","14","02:00","","9.4","","4.2","","70","","","","32","","35","","24.1","","87.42","","","","","","Mostly Cloudy"
"-114.01","51.12","CALGARY INTL A","3031092","2026-05-14 03:00","2026","05","14","03:00","","9.4","","3.5","","66","","","","33","","36","","24.1","","87.47","","","","","","NA"
"-114.01","51.12","CALGARY INTL A","3031092","2026-05-14 04:00","2026","05","14","04:00","","9.6","","3.4","","65","","","","34","","34","","24.1","","87.54","","","","","","NA"
"-114.01","51.12","CALGARY INTL A","3031092","2026-05-14 05:00","2026","05","14","05:00","","9.8","","3.0","","62","","","","33","","30","","32.2","","87.59","","","","","","Mostly Cloudy"
"-114.01","51.12","CALGARY INTL A","3031092","2026-05-14 06:00","2026","05","14","06:00","","10.1","","2.7","","60","","","","31","","30","","64.4","","87.67","","","","","","NA"
"-114.01","51.12","CALGARY INTL A","3031092","2026-05-14 07:00","2026","05","14","07:00","","10.9","","1.8","","53","","","","33","","28","","64.4","","87.72","","","","","","NA"
"-114.01","51.12","CALGARY INTL A","3031092","2026-05-14 08:00","2026","05","14","08:00","","12.9","","2.1","","48","","","","33","","22","","64.4","","87.74","","","","","","Mostly Cloudy"
"-114.01","51.12","CALGARY INTL A","3031092","2026-05-14 09:00","2026","05","14","09:00","","15.7","","0.0","","34","","","","31","","23","","64.4","","87.72","","","","","","NA"
"-114.01","51.12","CALGARY INTL A","3031092","2026-05-14 10:00","2026","05","14","10:00","","16.3","","-3.3","","26","","","","27","","25","","64.4","","87.70","","","","","","NA"
"-114.01","51.12","CALGARY INTL A","3031092","2026-05-14 11:00","2026","05","14","11:00","","17.3","","-4.9","","21","","","","29","","30","","64.4","","87.70","","","","","","Mostly Cloudy"
"-114.01","51.12","CALGARY INTL A","3031092","2026-05-14 12:00","2026","05","14","12:00","","18.0","","-7.1","","17","","","","29","","37","","64.4","","87.71","","","","","","NA"
"-114.01","51.12","CALGARY INTL A","3031092","2026-05-14 13:00","2026","05","14","13:00","","18.4","","-5.3","","19","","","","27","","37","","64.4","","87.72","","","","","","NA"
"-114.01","51.12","CALGARY INTL A","3031092","2026-05-14 14:00","2026","05","14","14:00","","18.6","","-5.0","","20","","","","30","","28","","64.4","","87.76","","","","","","Mostly Cloudy"
"-114.01","51.12","CALGARY INTL A","3031092","2026-05-14 15:00","2026","05","14","15:00","","17.9","","-5.7","","20","","","","28","","32","","64.4","","87.80","","","","","","NA"
"-114.01","51.12","CALGARY INTL A","3031092","2026-05-14 16:00","2026","05","14","16:00","","17.8","","-6.3","","19","","","","27","","44","","64.4","","87.83","","","","","","NA"
"-114.01","51.12","CALGARY INTL A","3031092","2026-05-14 17:00","2026","05","14","17:00","","17.1","","-6.3","","20","","","","29","","47","","64.4","","87.89","","","","","","Mostly Cloudy"
"-114.01","51.12","CALGARY INTL A","3031092","2026-05-14 18:00","2026","05","14","18:00","","15.7","","-4.8","","24","","","","28","","37","","64.4","","87.91","","","","","","NA"
"-114.01","51.12","CALGARY INTL A","3031092","2026-05-14 19:00","2026","05","14","19:00","","14.7","","-5.1","","25","","","","28","","31","","48.3","","87.96","","","","","","NA"
"-114.01","51.12","CALGARY INTL A","3031092","2026-05-14 20:00","2026","05","14","20:00","","13.5","","-5.9","","25","","","","28","","32","","32.2","","87.98","","","","","","Mainly Clear"
"-114.01","51.12","CALGARY INTL A","3031092","2026-05-14 21:00","2026","05","14","21:00","","12.4","","-5.9","","27","","","","29","","32","","24.1","","88.06","","","","","","NA"
"-114.01","51.12","CALGARY INTL A","3031092","2026-05-14 22:00","2026","05","14","22:00","","11.5","","-6.6","","28","","","","28","","29","","24.1","","88.08","","","","","","NA"
"-114.01","51.12","CALGARY INTL A","3031092","2026-05-14 23:00","2026","05","14","23:00","","10.6","","-6.7","","29","","","","28","","26","","24.1","","88.08","","","","","","Mainly Clear"
"-114.01","51.12","CALGARY INTL A","3031092","2026-05-15 00:00","2026","05","15","00:00","","8.7","","-6.8","","33","","","","30","","14","","24.1","","88.10","","","","","","NA"
"-114.01","51.12","CALGARY INTL A","3031092","2026-05-15 01:00","2026","05","15","01:00","","8.4","","-6.7","","34","","","","30","","14","","24.1","","88.09","","","","","","NA"
"-114.01","51.12","CALGARY INTL A","3031092","2026-05-15 02:00","2026","05","15","02:00","","8.4","","-6.6","","34","","","","31","","20","","24.1","","88.09","","","","","","Mostly Cloudy"
"-114.01","51.12","CALGARY INTL A","3031092","2026-05-15 03:00","2026","05","15","03:00","","7.9","","-6.7","","35","","","","31","","16","","24.1","","88.11","","","","","","NA"
"-114.01","51.12","CALGARY INTL A","3031092","2026-05-15 04:00","2026","05","15","04:00","","6.1","","-5.8","","42","","","","2","","25","","24.1","","88.20","","","","","","NA"
"-114.01","51.12","CALGARY INTL A","3031092","2026-05-15 05:00","2026","05","15","05:00","","7.4","","-5.4","","40","","","","34","","16","","32.2","","88.24","","","","","","Mostly Cloudy"
"-114.01","51.12","CALGARY INTL A","3031092","2026-05-15 06:00","2026","05","15","06:00","","7.5","","-4.6","","42","","","","33","","12","","32.2","","88.29","","","","","","NA"
"-114.01","51.12","CALGARY INTL A","3031092","2026-05-15 07:00","2026","05","15","07:00","","8.0","","-4.6","","40","","","","34","","14","","64.4","","88.36","","","","","","NA"
"-114.01","51.12","CALGARY INTL A","3031092","2026-05-15 08:00","2026","05","15","08:00","","9.4","","-3.4","","40","","","","34","","25","","64.4","","88.42","","","","","","Mostly Cloudy"
"-114.01","51.12","CALGARY INTL A","3031092","2026-05-15 09:00","2026","05","15","09:00","","9.8","","-2.0","","44","","","","34","","27","","64.4","","88.44","","","","","","NA"
"-114.01","51.12","CALGARY INTL A","3031092","2026-05-15 10:00","2026","05","15","10:00","","10.9","","-2.3","","40","","","","36","","18","","64.4","","88.44","","","","","","NA"
"-114.01","51.12","CALGARY INTL A","3031092","2026-05-15 11:00","2026","05","15","11:00","","11.1","","-2.8","","37","","","","31","","8","","64.4","","88.41","","","","","","Mostly Cloudy"
"-114.01","51.12","CALGARY INTL A","3031092","2026-05-15 12:00","2026","05","15","12:00","","12.1","","-0.6","","41","","","","15","","9","","64.4","","88.40","","","","","","NA"
"-114.01","51.12","CALGARY INTL A","3031092","2026-05-15 13:00","2026","05","15","13:00","","12.9","","-2.4","","34","","","","16","","6","","64.4","","88.35","","","","","","NA"
"-114.01","51.12","CALGARY INTL A","3031092","2026-05-15 14:00","2026","05","15","14:00","","11.7","","-1.8","","39","","","","1","","41","","48.3","","88.38","","","","","","Mostly Cloudy"
"-114.01","51.12","CALGARY INTL A","3031092","2026-05-15 15:00","2026","05","15","15:00","","12.5","","-1.2","","39","","","","1","","22","","64.4","","88.39","","","","","","NA"
"-114.01","51.12","CALGARY INTL A","3031092","2026-05-15 16:00","2026","05","15","16:00","","12.4","","-3.5","","33","","","","7","","4","","64.4","","88.34","","","","","","NA"
"-114.01","51.12","CALGARY INTL A","3031092","2026-05-15 17:00","2026","05","15","17:00","","12.6","","-4.0","","31","","","","2","","7","","64.4","","88.35","","","","","","Mostly Cloudy"
"-114.01","51.12","CALGARY INTL A","3031092","2026-05-15 18:00","2026","05","15","18:00","","13.2","","-5.3","","27","","","","31","","17","","64.4","","88.33","","","","","","NA"
"-114.01","51.12","CALGARY INTL A","3031092","2026-05-15 19:00","2026","05","15","19:00","","10.5","","-1.8","","42","","","","22","","24","","32.2","","88.39","","","","","","NA"
"-114.01","51.12","CALGARY INTL A","3031092","2026-05-15 20:00","2026","05","15","20:00","","10.4","","-2.4","","40","","","","11","","18","","32.2","","88.33","","","","","","Mostly Cloudy"
"-114.01","51.12","CALGARY INTL A","3031092","2026-05-15 21:00","2026","05","15","21:00","","10.2","","-4.0","","37","","","","11","","9","","24.1","","88.34","","","","","","NA"
"-114.01","51.12","CALGARY INTL A","3031092","2026-05-15 22:00","2026","05","15","22:00","","8.7","","-2.2","","46","","","","34","","8","","24.1","","88.33","","","","","","NA"
"-114.01","51.12","CALGARY INTL A","3031092","2026-05-15 23:00","2026","05","15","23:00","","9.2","","-2.3","","45","","","","22","","10","","24.1","","88.30","","","","","","Mostly Cloudy"
"-114.01","51.12","CALGARY INTL A","3031092","2026-05-16 00:00","2026","05","16","00:00","","7.9","","-1.5","","51","","","","27","","11","","16.1","","88.32","","","","","","NA"
"-114.01","51.12","CALGARY INTL A","3031092","2026-05-16 01:00","2026","05","16","01:00","","8.3","","-1.6","","50","","","","29","","9","","16.1","","88.34","","","","","","NA"
"-114.01","51.12","CALGARY INTL A","3031092","2026-05-16 02:00","2026","05","16","02:00","","6.4","","1.7","","72","","","","29","","18","","24.1","","88.30","","","","","","Mostly Cloudy"
"-114.01","51.12","CALGARY INTL A","3031092","2026-05-16 03:00","2026","05","16","03:00","","4.3","","1.9","","84","","","","9","","7","","24.1","","88.32","","","","","","NA"
"-114.01","51.12","CALGARY INTL A","3031092","2026-05-16 04:00","2026","05","16","04:00","","3.8","","1.3","","84","","","","4","","4","","24.1","","88.32","","","","","","NA"
"-114.01","51.12","CALGARY INTL A","3031092","2026-05-16 05:00","2026","05","16","05:00","","3.3","","1.9","","90","","","","32","","10","","9.7","","88.30","","","","","","Rain,Fog"
"-114.01","51.12","CALGARY INTL A","3031092","2026-05-16 06:00","2026","05","16","06:00","","3.2","","1.7","","90","","","","36","","8","","14.5","","88.34","","","","","","Rain"
"-114.01","51.12","CALGARY INTL A","3031092","2026-05-16 07:00","2026","05","16","07:00","","2.5","","1.4","","93","","","","1","","16","","12.9","","88.35","","","","","","Rain"
"-114.01","51.12","CALGARY INTL A","3031092","2026-05-16 08:00","2026","05","16","08:00","","1.1","","0.4","","95","","","","1","","17","","4.0","","88.40","","","","","","Snow,Fog"
"-114.01","51.12","CALGARY INTL A","3031092","2026-05-16 09:00","2026","05","16","09:00","","0.4","","-0.2","","96","","","","36","","16","","3.6","","88.41","","","","","","Snow,Fog"
"-114.01","51.12","CALGARY INTL A","3031092","2026-05-16 10:00","2026","05","16","10:00","","0.4","","-0.2","","96","","","","1","","13","","1.2","","88.43","","","","","","Snow,Fog"
"-114.01","51.12","CALGARY INTL A","3031092","2026-05-16 11:00","2026","05","16","11:00","","0.7","","0.3","","97","","","","1","","22","","1.2","","88.43","","","","","","Snow,Fog"
"-114.01","51.12","CALGARY INTL A","3031092","2026-05-16 12:00","2026","05","16","12:00","","1.1","","0.7","","97","","","","1","","32","","6.4","","88.46","","","","","","Snow,Fog"
"-114.01","51.12","CALGARY INTL A","3031092","2026-05-16 13:00","2026","05","16","13:00","","1.7","","1.2","","96","","","","1","","28","","12.9","","88.49","","","","","","Rain,Snow"
"-114.01","51.12","CALGARY INTL A","3031092","2026-05-16 14:00","2026","05","16","14:00","","2.1","","1.1","","93","","","","36","","23","","19.3","","88.54","","","","","","Drizzle"
"-114.01","51.12","CALGARY INTL A","3031092","2026-05-16 15:00","2026","05","16","15:00","","2.8","","1.2","","89","","","","35","","24","","12.9","","88.58","","","","","","NA"
"-114.01","51.12","CALGARY INTL A","3031092","2026-05-16 16:00","2026","05","16","16:00","","5.0","","1.3","","77","","","","32","","21","","24.1","","88.60","","","","","","NA"
"-114.01","51.12","CALGARY INTL A","3031092","2026-05-16 17:00","2026","05","16","17:00","","7.1","","0.5","","63","","","","35","","23","","24.1","","88.62","","","","","","Mostly Cloudy"
"-114.01","51.12","CALGARY INTL A","3031092","2026-05-16 18:00","2026","05","16","18:00","","6.7","","-0.9","","58","","","","1","","17","","24.1","","88.66","","","","","","NA"
"-114.01","51.12","CALGARY INTL A","3031092","2026-05-16 19:00","2026","05","16","19:00","","6.3","","-1.7","","56","","","","4","","24","","32.2","","88.69","","","","","","NA"
"-114.01","51.12","CALGARY INTL A","3031092","2026-05-16 20:00","2026","05","16","20:00","","5.4","","-1.7","","60","","","","36","","4","","32.2","","88.76","","","","","","Mostly Cloudy"
"-114.01","51.12","CALGARY INTL A","3031092","2026-05-16 21:00","2026","05","16","21:00","","4.3","","-2.2","","63","","","","4","","19","","24.1","","88.84","","","","","","NA"
"-114.01","51.12","CALGARY INTL A","3031092","2026-05-16 22:00","2026","05","16","22:00","","2.8","","-1.5","","73","","","","5","","13","","24.1","","88.90","","","","","","NA"
"-114.01","51.12","CALGARY INTL A","3031092","2026-05-16 23:00","2026","05","16","23:00","","2.4","","-1.5","","76","","","","1","","10","","24.1","","88.93","","","","","","Mostly Cloudy"
"-114.01","51.12","CALGARY INTL A","3031092","2026-05-17 00:00","2026","05","17","00:00","","1.8","","-1.7","","77","","","","2","","18","","16.1","","88.96","","","","","","Rain Showers,Snow Showers"
"-114.01","51.12","CALGARY INTL A","3031092","2026-05-17 01:00","2026","05","17","01:00","","1.6","","-1.9","","78","","","","36","","14","","24.1","","89.02","","","","","","NA"
"-114.01","51.12","CALGARY INTL A","3031092","2026-05-17 02:00","2026","05","17","02:00","","0.8","","-2.4","","79","","","","1","","15","","24.1","","89.07","","","","","","Mostly Cloudy"
"-114.01","51.12","CALGARY INTL A","3031092","2026-05-17 03:00","2026","05","17","03:00","","1.0","","-2.4","","79","","","","36","","13","","24.1","","89.13","","","","","","NA"
"-114.01","51.12","CALGARY INTL A","3031092","2026-05-17 04:00","2026","05","17","04:00","","1.2","","-2.3","","77","","","","35","","12","","24.1","","89.17","","","","","","NA"
"-114.01","51.12","CALGARY INTL A","3031092","2026-05-17 05:00","2026","05","17","05:00","","0.9","","-2.2","","80","","","","34","","9","","14.5","","89.19","","","","","","Mostly Cloudy"
"-114.01","51.12","CALGARY INTL A","3031092","2026-05-17 06:00","2026","05","17","06:00","","2.6","","-1.3","","75","","","","34","","21","","14.5","","89.22","","","","","","NA"
"-114.01","51.12","CALGARY INTL A","3031092","2026-05-17 07:00","2026","05","17","07:00","","3.6","","-0.1","","77","","","","35","","26","","24.1","","89.26","","","","","","NA"
"-114.01","51.12","CALGARY INTL A","3031092","2026-05-17 08:00","2026","05","17","08:00","","4.0","","-0.6","","72","","","","36","","27","","24.1","","89.32","","","","","","Mostly Cloudy"
"-114.01","51.12","CALGARY INTL A","3031092","2026-05-17 09:00","2026","05","17","09:00","","4.9","","-1.9","","62","","","","1","","35","","32.2","","89.35","","","","","","NA"
"-114.01","51.12","CALGARY INTL A","3031092","2026-05-17 10:00","2026","05","17","10:00","","6.5","","-2.5","","52","","","","36","","26","","32.2","","89.34","","","","","","NA"
"-114.01","51.12","CALGARY INTL A","3031092","2026-05-17 11:00","2026","05","17","11:00","","7.7","","-3.6","","45","","","","35","","26","","48.3","","89.33","","","","","","Mostly Cloudy"
"-114.01","51.12","CALGARY INTL A","3031092","2026-05-17 12:00","2026","05","17","12:00","","9.3","","-2.8","","42","","","","1","","24","","48.3","","89.33","","","","","","NA"
"-114.01","51.12","CALGARY INTL A","3031092","2026-05-17 13:00","2026","05","17","13:00","","9.4","","-4.1","","38","","","","2","","31","","32.2","","89.34","","","","","","NA"
"-114.01","51.12","CALGARY INTL A","3031092","2026-05-17 14:00","2026","05","17","14:00","","9.5","","-4.7","","36","","","","3","","21","","32.2","","89.34","","","","","","Mostly Cloudy"
"-114.01","51.12","CALGARY INTL A","3031092","2026-05-17 15:00","2026","05","17","15:00","","9.7","","-5.2","","35","","","","4","","18","","24.1","","89.33","","","","","","NA"
"-114.01","51.12","CALGARY INTL A","3031092","2026-05-17 16:00","2026","05","17","16:00","","10.6","","-5.5","","32","","","","5","","23","","24.1","","89.33","","","","","","NA"
"-114.01","51.12","CALGARY INTL A","3031092","2026-05-17 17:00","2026","05","17","17:00","","9.1","","0.5","","55","","","","33","","25","","24.1","","89.37","","","","","","Mostly Cloudy"
"-114.01","51.12","CALGARY INTL A","3031092","2026-05-17 18:00","2026","05","17","18:00","","9.3","","-1.0","","49","","","","28","","19","","32.2","","89.34","","","","","","NA"
"-114.01","51.12","CALGARY INTL A","3031092","2026-05-17 19:00","2026","05","17","19:00","","8.3","","-0.8","","52","","","","33","","9","","64.4","","89.40","","","","","","NA"
"-114.01","51.12","CALGARY INTL A","3031092","2026-05-17 20:00","2026","05","17","20:00","","4.7","","0.4","","73","","","","13","","18","","14.5","","89.39","","","","","","Rain Showers"
"-114.01","51.12","CALGARY INTL A","3031092","2026-05-17 21:00","2026","05","17","21:00","","4.2","","0.8","","78","","","","13","","9","","16.1","","89.45","","","","","","Rain"
"-114.01","51.12","CALGARY INTL A","3031092","2026-05-17 22:00","2026","05","17","22:00","","3.8","","0.6","","79","","","","18","","5","","16.1","","89.43","","","","","","Rain"
"-114.01","51.12","CALGARY INTL A","3031092","2026-05-17 23:00","2026","05","17","23:00","","3.3","","1.1","","85","","","","14","","11","","24.1","","89.39","","","","","","Mostly Cloudy"
"-114.01","51.12","CALGARY INTL A","3031092","2026-05-18 00:00","2026","05","18","00:00","","2.5","","0.2","","85","","","","16","","8","","24.1","","89.37","","","","","","NA"
"-114.01","51.12","CALGARY INTL A","3031092","2026-05-18 01:00","2026","05","18","01:00","","2.9","","0.5","","84","","","","24","","7","","24.1","","89.37","","","","","","NA"
"-114.01","51.12","CALGARY INTL A","3031092","2026-05-18 02:00","2026","05","18","02:00","","2.5","","0.2","","85","","","","28","","7","","24.1","","89.33","","","","","","Mainly Clear"
"-114.01","51.12","CALGARY INTL A","3031092","2026-05-18 03:00","2026","05","18","03:00","","-0.1","","-1.7","","89","","","","7","","4","","24.1","","89.33","","","","-1","","NA"
"-114.01","51.12","CALGARY INTL A","3031092","2026-05-18 04:00","2026","05","18","04:00","","0.3","","-1.5","","87","","","","6","","3","","32.2","","89.31","","","","","","NA"
"-114.01","51.12","CALGARY INTL A","3031092","2026-05-18 05:00","2026","05","18","05:00","","0.3","","-1.1","","90","","","","","","0","","64.4","","89.32","","","","","","Mainly Clear"
"-114.01","51.12","CALGARY INTL A","3031092","2026-05-18 06:00","2026","05","18","06:00","","0.6","","-1.2","","88","","","","21","","3","","64.4","","89.32","","","","","","NA"
"-114.01","51.12","CALGARY INTL A","3031092","2026-05-18 07:00","2026","05","18","07:00","","3.7","","0.6","","80","","","","","","0","","64.4","","89.31","","","","","","NA"
"-114.01","51.12","CALGARY INTL A","3031092","2026-05-18 08:00","2026","05","18","08:00","","5.7","","0.3","","68","","","","15","","7","","64.4","","89.30","","","","","","Mainly Clear"
"-114.01","51.12","CALGARY INTL A","3031092","2026-05-18 09:00","2026","05","18","09:00","","7.7","","-0.4","","56","","","","25","","7","","64.4","","89.28","","","","","","NA"
"-114.01","51.12","CALGARY INTL A","3031092","2026-05-18 10:00","2026","05","18","10:00","","9.7","","0.3","","52","","","","18","","11","","64.4","","89.24","","","","","","NA"
"-114.01","51.12","CALGARY INTL A","3031092","2026-05-18 11:00","2026","05","18","11:00","","10.3","","-1.4","","44","","","","34","","11","","64.4","","89.19","","","","","","Mostly Cloudy"
"-114.01","51.12","CALGARY INTL A","3031092","2026-05-18 12:00","2026","05","18","12:00","","10.7","","-1.5","","42","","","","2","","6","","48.3","","89.15","","","","","","Rain Showers"
"-114.01","51.12","CALGARY INTL A","3031092","2026-05-18 13:00","2026","05","18","13:00","","9.5","","-1.4","","46","","","","9","","4","","32.2","","89.17","","","","","","NA"
"-114.01","51.12","CALGARY INTL A","3031092","2026-05-18 14:00","2026","05","18","14:00","","11.1","","0.6","","48","","","","1","","17","","64.4","","89.18","","","","","","Mostly Cloudy"
"-114.01","51.12","CALGARY INTL A","3031092","2026-05-18 15:00","2026","05","18","15:00","","11.0","","-1.2","","43","","","","1","","9","","32.2","","89.17","","","","","","NA"
"-114.01","51.12","CALGARY INTL A","3031092","2026-05-18 16:00","2026","05","18","16:00","","11.5","","-0.7","","43","","","","12","","5","","32.2","","89.13","","","","","","NA"
"-114.01","51.12","CALGARY INTL A","3031092","2026-05-18 17:00","2026","05","18","17:00","","12.6","","0.6","","44","","","","20","","19","","64.4","","89.09","","","","","","Mainly Clear"
"-114.01","51.12","CALGARY INTL A","3031092","2026-05-18 18:00","2026","05","18","18:00","","11.9","","0.0","","44","","","","21","","13","","64.4","","89.08","","","","","","NA"
"-114.01","51.12","CALGARY INTL A","3031092","2026-05-18 19:00","2026","05","18","19:00","","8.1","","0.8","","60","","","","3","","7","","48.3","","89.10","","","","","","Rain Showers"
"-114.01","51.12","CALGARY INTL A","3031092","2026-05-18 20:00","2026","05","18","20:00","","8.7","","0.9","","58","","","","19","","17","","32.2","","89.05","","","","","","Mainly Clear"
"-114.01","51.12","CALGARY INTL A","3031092","2026-05-18 21:00","2026","05","18","21:00","","8.3","","-0.2","","55","","","","20","","9","","24.1","","89.07","","","","","","NA"
"-114.01","51.12","CALGARY INTL A","3031092","2026-05-18 22:00","2026","05","18","22:00","","8.3","","0.7","","58","","","","23","","10","","24.1","","89.06","","","","","","NA"
"-114.01","51.12","CALGARY INTL A","3031092","2026-05-18 23:00","2026","05","18","23:00","","8.0","","0.7","","60","","","","23","","9","","24.1","","89.04","","","","","","Mostly Cloudy"
"-114.01","51.12","CALGARY INTL A","3031092","2026-05-19 00:00","2026","05","19","00:00","","7.9","","0.4","","59","","","","24","","9","","24.1","","89.02","","","","","","NA"
"-114.01","51.12","CALGARY INTL A","3031092","2026-05-19 01:00","2026","05","19","01:00","","8.4","","0.0","","55","","","","27","","6","","24.1","","89.00","","","","","","NA"
"-114.01","51.12","CALGARY INTL A","3031092","2026-05-19 02:00","2026","05","19","02:00","","8.3","","-0.3","","55","","","","31","","8","","24.1","","88.98","","","","","","Mostly Cloudy"
"-114.01","51.12","CALGARY INTL A","3031092","2026-05-19 03:00","2026","05","19","03:00","","7.9","","-0.8","","54","","","","27","","7","","24.1","","88.96","","","","","","NA"
"-114.01","51.12","CALGARY INTL A","3031092","2026-05-19 04:00","2026","05","19","04:00","","6.2","","0.3","","66","","","","24","","8","","24.1","","88.95","","","","","","NA"
"-114.01","51.12","CALGARY INTL A","3031092","2026-05-19 05:00","2026","05","19","05:00","","5.2","","0.4","","71","","","","","","0","","48.3","","88.94","","","","","","Mostly Cloudy"
"-114.01","51.12","CALGARY INTL A","3031092","2026-05-19 06:00","2026","05","19","06:00","","7.1","","0.0","","61","","","","","","0","","64.4","","88.95","","","","","","NA"
"-114.01","51.12","CALGARY INTL A","3031092","2026-05-19 07:00","2026","05","19","07:00","","9.4","","0.9","","55","","","","35","","13","","64.4","","88.98","","","","","","NA"
"-114.01","51.12","CALGARY INTL A","3031092","2026-05-19 08:00","2026","05","19","08:00","","11.0","","-0.4","","45","","","","35","","19","","64.4","","88.99","","","","","","Mostly Cloudy"
"-114.01","51.12","CALGARY INTL A","3031092","2026-05-19 09:00","2026","05","19","09:00","","12.2","","-0.2","","42","","","","2","","17","","64.4","","88.98","","","","","","NA"
"-114.01","51.12","CALGARY INTL A","3031092","2026-05-19 10:00","2026","05","19","10:00","","12.8","","0.3","","42","","","","35","","4","","64.4","","88.95","","","","","","NA"
"-114.01","51.12","CALGARY INTL A","3031092","2026-05-19 11:00","2026","05","19","11:00","","15.1","","0.1","","36","","","","1","","15","","64.4","","88.91","","","","","","Mostly Cloudy"
"-114.01","51.12","CALGARY INTL A","3031092","2026-05-19 12:00","2026","05","19","12:00","","14.3","","-1.0","","35","","","","32","","6","","64.4","","88.87","","","","","","NA"
"-114.01","51.12","CALGARY INTL A","3031092","2026-05-19 13:00","2026","05","19","13:00","","15.3","","-2.9","","28","","","","22","","12","","64.4","","88.83","","","","","","Rain Showers"
"-114.01","51.12","CALGARY INTL A","3031092","2026-05-19 14:00","2026","05","19","14:00","","14.8","","-1.5","","32","","","","2","","9","","64.4","","88.77","","","","","","Mostly Cloudy"
"-114.01","51.12","CALGARY INTL A","3031092","2026-05-19 15:00","2026","05","19","15:00","","15.8","","-1.8","","30","","","","20","","8","","64.4","","88.72","","","","","","NA"
"-114.01","51.12","CALGARY INTL A","3031092","2026-05-19 16:00","2026","05","19","16:00","","15.4","","-1.6","","31","","","","23","","18","","48.3","","88.68","","","","","","NA"
"-114.01","51.12","CALGARY INTL A","3031092","2026-05-19 17:00","2026","05","19","17:00","","15.1","","-1.2","","32","","","","19","","10","","48.3","","88.66","","","","","","Mostly Cloudy"
"-114.01","51.12","CALGARY INTL A","3031092","2026-05-19 18:00","2026","05","19","18:00","","12.9","","3.3","","52","","","","1","","21","","48.3","","88.77","","","","","","Rain Showers"
"-114.01","51.12","CALGARY INTL A","3031092","2026-05-19 19:00","2026","05","19","19:00","","9.6","","3.9","","67","","","","36","","32","","48.3","","88.90","","","","","","NA"
"-114.01","51.12","CALGARY INTL A","3031092","2026-05-19 20:00","2026","05","19","20:00","","8.3","","3.7","","73","","","","36","","26","","32.2","","88.95","","","","","","Mostly Cloudy"
"-114.01","51.12","CALGARY INTL A","3031092","2026-05-19 21:00","2026","05","19","21:00","","8.2","","3.2","","71","","","","34","","18","","24.1","","88.98","","","","","","NA"
"-114.01","51.12","CALGARY INTL A","3031092","2026-05-19 22:00","2026","05","19","22:00","","7.1","","3.4","","77","","","","33","","25","","9.7","","89.06","","","","","","Rain,Fog"
"-114.01","51.12","CALGARY INTL A","3031092","2026-05-19 23:00","2026","05","19","23:00","","7.0","","2.4","","72","","","","34","","22","","24.1","","89.05","","","","","","Mostly Cloudy"
"-114.01","51.12","CALGARY INTL A","3031092","2026-05-20 00:00","2026","05","20","00:00","","6.8","","1.9","","71","","","","31","","15","","24.1","","89.04","","","","","","NA"
"-114.01","51.12","CALGARY INTL A","3031092","2026-05-20 01:00","2026","05","20","01:00","","7.0","","1.1","","66","","","","29","","14","","24.1","","89.06","","","","","","NA"
"-114.01","51.12","CALGARY INTL A","3031092","2026-05-20 02:00","2026","05","20","02:00","","6.8","","0.2","","63","","","","31","","13","","24.1","","89.04","","","","","","Mostly Cloudy"
"-114.01","51.12","CALGARY INTL A","3031092","2026-05-20 03:00","2026","05","20","03:00","","6.7","","0.4","","64","","","","29","","16","","24.1","","89.08","","","","","","NA"
"-114.01","51.12","CALGARY INTL A","3031092","2026-05-20 04:00","2026","05","20","04:00","","5.9","","0.8","","70","","","","29","","14","","24.1","","89.09","","","","","","NA"
"-114.01","51.12","CALGARY INTL A","3031092","2026-05-20 05:00","2026","05","20","05:00","","6.5","","-0.3","","62","","","","31","","16","","32.2","","89.14","","","","","","Mostly Cloudy"
"-114.01","51.12","CALGARY INTL A","3031092","2026-05-20 06:00","2026","05","20","06:00","","6.5","","-0.3","","62","","","","32","","17","","32.2","","89.19","","","","","","NA"
"-114.01","51.12","CALGARY INTL A","3031092","2026-05-20 07:00","2026","05","20","07:00","","8.0","","0.1","","57","","","","33","","18","","32.2","","89.20","","","","","","NA"
"-114.01","51.12","CALGARY INTL A","3031092","2026-05-20 08:00","2026","05","20","08:00","","9.2","","-0.7","","50","","","","34","","33","","48.3","","89.22","","","","","","Mostly Cloudy"
"-114.01","51.12","CALGARY INTL A","3031092","2026-05-20 09:00","2026","05","20","09:00","","9.2","","-0.4","","51","","","","33","","31","","48.3","","89.22","","","","","","NA"
"-114.01","51.12","CALGARY INTL A","3031092","2026-05-20 10:00","2026","05","20","10:00","","11.2","","0.3","","47","","","","35","","32","","48.3","","89.21","","","","","","NA"
"-114.01","51.12","CALGARY INTL A","3031092","2026-05-20 11:00","2026","05","20","11:00","","10.7","","-0.8","","45","","","","32","","29","","24.1","","89.17","","","","","","Mostly Cloudy"
"-114.01","51.12","CALGARY INTL A","3031092","2026-05-20 12:00","2026","05","20","12:00","","9.0","","1.2","","58","","","","32","","21","","24.1","","89.21","","","","","","Rain Showers"
"-114.01","51.12","CALGARY INTL A","3031092","2026-05-20 13:00","2026","05","20","13:00","","11.7","","-0.4","","43","","","","32","","34","","48.3","","89.23","","","","","","NA"
"-114.01","51.12","CALGARY INTL A","3031092","2026-05-20 14:00","2026","05","20","14:00","","10.9","","-0.1","","46","","","","36","","49","","24.1","","89.32","","","","","","Mostly Cloudy"
"-114.01","51.12","CALGARY INTL A","3031092","2026-05-20 15:00","2026","05","20","15:00","","10.8","","-1.3","","43","","","","32","","28","","24.1","","89.29","","","","","","NA"
"-114.01","51.12","CALGARY INTL A","3031092","2026-05-20 16:00","2026","05","20","16:00","","12.2","","-2.0","","37","","","","33","","24","","32.2","","89.30","","","","","","NA"
"-114.01","51.12","CALGARY INTL A","3031092","2026-05-20 17:00","2026","05","20","17:00","","11.1","","-0.2","","45","","","","33","","40","","48.3","","89.31","","","","","","Mostly Cloudy"
"-114.01","51.12","CALGARY INTL A","3031092","2026-05-20 18:00","2026","05","20","18:00","","10.7","","-1.6","","42","","","","33","","31","","24.1","","89.32","","","","","","NA"
"-114.01","51.12","CALGARY INTL A","3031092","2026-05-20 19:00","2026","05","20","19:00","","10.1","","-1.0","","46","","","","33","","38","","48.3","","89.37","","","","","","NA"
"-114.01","51.12","CALGARY INTL A","3031092","2026-05-20 20:00","2026","05","20","20:00","","8.7","","-0.3","","53","","","","32","","18","","32.2","","89.38","","","","","","Mostly Cloudy"
"-114.01","51.12","CALGARY INTL A","3031092","2026-05-20 21:00","2026","05","20","21:00","","8.7","","-0.4","","53","","","","31","","19","","24.1","","89.41","","","","","","NA"
"-114.01","51.12","CALGARY INTL A","3031092","2026-05-20 22:00","2026","05","20","22:00","","9.1","","-1.3","","48","","","","31","","22","","24.1","","89.43","","","","","","NA"
"-114.01","51.12","CALGARY INTL A","3031092","2026-05-20 23:00","2026","05","20","23:00","","9.1","","-1.5","","47","","","","30","","24","","24.1","","89.39","","","","","","Cloudy"
"-114.01","51.12","CALGARY INTL A","3031092","2026-05-21 00:00","2026","05","21","00:00","","8.5","","-1.5","","49","","","","35","","19","","24.1","","89.41","","","","","","NA"
"-114.01","51.12","CALGARY INTL A","3031092","2026-05-21 01:00","2026","05","21","01:00","","7.6","","-1.0","","54","","","","33","","18","","24.1","","89.42","","","","","","NA"
"-114.01","51.12","CALGARY INTL A","3031092","2026-05-21 02:00","2026","05","21","02:00","","7.6","","-0.9","","55","","","","32","","16","","24.1","","89.41","","","","","","Mostly Cloudy"
"-114.01","51.12","CALGARY INTL A","3031092","2026-05-21 03:00","2026","05","21","03:00","","7.0","","-0.7","","58","","","","33","","15","","24.1","","89.41","","","","","","NA"
"-114.01","51.12","CALGARY INTL A","3031092","2026-05-21 04:00","2026","05","21","04:00","","6.0","","-1.0","","61","","","","32","","13","","32.2","","89.41","","","","","","NA"
"-114.01","51.12","CALGARY INTL A","3031092","2026-05-21 05:00","2026","05","21","05:00","","5.7","","-1.5","","60","","","","33","","13","","48.3","","89.41","","","","","","Mainly Clear"
"-114.01","51.12","CALGARY INTL A","3031092","2026-05-21 06:00","2026","05","21","06:00","","6.8","","-1.4","","56","","","","34","","13","","32.2","","89.42","","","","","","NA"
"-114.01","51.12","CALGARY INTL A","3031092","2026-05-21 07:00","2026","05","21","07:00","","9.3","","-1.3","","48","","","","34","","15","","64.4","","89.43","","","","","","NA"
"-114.01","51.12","CALGARY INTL A","3031092","2026-05-21 08:00","2026","05","21","08:00","","10.7","","-1.2","","43","","","","33","","10","","64.4","","89.43","","","","","","Mainly Clear"
"-114.01","51.12","CALGARY INTL A","3031092","2026-05-21 09:00","2026","05","21","09:00","","12.5","","-1.6","","37","","","","35","","13","","64.4","","89.38","","","","","","NA"
"-114.01","51.12","CALGARY INTL A","3031092","2026-05-21 10:00","2026","05","21","10:00","","13.8","","-2.5","","32","","","","1","","10","","64.4","","89.34","","","","","","NA"
"-114.01","51.12","CALGARY INTL A","3031092","2026-05-21 11:00","2026","05","21","11:00","","14.6","","-3.3","","29","","","","1","","13","","64.4","","89.29","","","","","","Mostly Cloudy"
"-114.01","51.12","CALGARY INTL A","3031092","2026-05-21 12:00","2026","05","21","12:00","","15.1","","-1.9","","31","","","","14","","5","","64.4","","89.23","","","","","","NA"
"-114.01","51.12","CALGARY INTL A","3031092","2026-05-21 13:00","2026","05","21","13:00","","15.3","","-2.3","","30","","","","","","0","","64.4","","89.15","","","","","","NA"
"-114.01","51.12","CALGARY INTL A","3031092","2026-05-21 14:00","2026","05","21","14:00","","16.3","","-3.4","","25","","","","11","","12","","64.4","","89.09","","","","","","Mostly Cloudy"
"-114.01","51.12","CALGARY INTL A","3031092","2026-05-21 15:00","2026","05","21","15:00","","17.1","","-3.3","","24","","","","12","","13","","64.4","","89.04","","","","","","NA"
"-114.01","51.12","CALGARY INTL A","3031092","2026-05-21 16:00","2026","05","21","16:00","","16.9","","-4.4","","23","","","","18","","9","","64.4","","88.97","","","","","","NA"
"-114.01","51.12","CALGARY INTL A","3031092","2026-05-21 17:00","2026","05","21","17:00","","17.6","","-3.5","","23","","","","19","","12","","64.4","","88.92","","","","","","Mostly Cloudy"
"-114.01","51.12","CALGARY INTL A","3031092","2026-05-21 18:00","2026","05","21","18:00","","16.1","","-2.6","","27","","","","18","","21","","64.4","","88.90","","","","","","NA"
"-114.01","51.12","CALGARY INTL A","3031092","2026-05-21 19:00","2026","05","21","19:00","","15.6","","-1.9","","30","","","","14","","22","","64.4","","88.90","","","","","","NA"
"-114.01","51.12","CALGARY INTL A","3031092","2026-05-21 20:00","2026","05","21","20:00","","14.7","","-1.7","","32","","","","16","","26","","64.4","","88.88","","","","","","Mostly Cloudy"
"-114.01","51.12","CALGARY INTL A","3031092","2026-05-21 21:00","2026","05","21","21:00","","14.0","","-1.7","","34","","","","16","","17","","32.2","","88.92","","","","","","NA"
"-114.01","51.12","CALGARY INTL A","3031092","2026-05-21 22:00","2026","05","21","22:00","","13.1","","-1.0","","38","","","","22","","8","","24.1","","88.93","","","","","","NA"
"-114.01","51.12","CALGARY INTL A","3031092","2026-05-21 23:00","2026","05","21","23:00","","12.8","","-0.9","","39","","","","22","","7","","24.1","","88.93","","","","","","Mostly Cloudy"
"-114.01","51.12","CALGARY INTL A","3031092","2026-05-22 00:00","2026","05","22","00:00","","12.0","","-1.1","","40","","","","18","","5","","24.1","","88.90","","","","","","NA"
"-114.01","51.12","CALGARY INTL A","3031092","2026-05-22 01:00","2026","05","22","01:00","","11.2","","-0.4","","45","","","","2","","5","","24.1","","88.88","","","","","","NA"
"-114.01","51.12","CALGARY INTL A","3031092","2026-05-22 02:00","2026","05","22","02:00","","10.7","","0.0","","47","","","","7","","6","","24.1","","88.87","","","","","","Mostly Cloudy"
"-114.01","51.12","CALGARY INTL A","3031092","2026-05-22 03:00","2026","05","22","03:00","","8.1","","-0.5","","55","","","","1","","8","","24.1","","88.87","","","","","","NA"
"-114.01","51.12","CALGARY INTL A","3031092","2026-05-22 04:00","2026","05","22","04:00","","7.5","","-0.2","","58","","","","32","","8","","32.2","","88.86","","","","","","NA"
"-114.01","51.12","CALGARY INTL A","3031092","2026-05-22 05:00","2026","05","22","05:00","","6.6","","0.3","","64","","","","32","","8","","64.4","","88.85","","","","","","Mostly Cloudy"
"-114.01","51.12","CALGARY INTL A","3031092","2026-05-22 06:00","2026","05","22","06:00","","7.4","","0.0","","59","","","","33","","3","","64.4","","88.85","","","","","","NA"
"-114.01","51.12","CALGARY INTL A","3031092","2026-05-22 07:00","2026","05","22","07:00","","9.5","","0.7","","54","","","","","","0","","64.4","","88.86","","","","","","NA"
"-114.01","51.12","CALGARY INTL A","3031092","2026-05-22 08:00","2026","05","22","08:00","","12.9","","2.1","","48","","","","33","","9","","64.4","","88.86","","","","","","Cloudy"
"-114.01","51.12","CALGARY INTL A","3031092","2026-05-22 09:00","2026","05","22","09:00","","14.6","","1.7","","41","","","","1","","8","","64.4","","88.84","","","","","","NA"
"-114.01","51.12","CALGARY INTL A","3031092","2026-05-22 10:00","2026","05","22","10:00","","15.7","","1.6","","38","","","","5","","7","","64.4","","88.78","","","","","","NA"
"-114.01","51.12","CALGARY INTL A","3031092","2026-05-22 11:00","2026","05","22","11:00","","17.3","","0.8","","33","","","","2","","13","","64.4","","88.75","","","","","","Mostly Cloudy"
"-114.01","51.12","CALGARY INTL A","3031092","2026-05-22 12:00","2026","05","22","12:00","","17.2","","-0.4","","30","","","","13","","5","","64.4","","88.71","","","","","","NA"
"-114.01","51.12","CALGARY INTL A","3031092","2026-05-22 13:00","2026","05","22","13:00","","17.9","","0.9","","32","","","","5","","8","","64.4","","88.69","","","","","","NA"
"-114.01","51.12","CALGARY INTL A","3031092","2026-05-22 14:00","2026","05","22","14:00","","18.2","","1.4","","32","","","","3","","12","","48.3","","88.64","","","","","","Mostly Cloudy"
"-114.01","51.12","CALGARY INTL A","3031092","2026-05-22 15:00","2026","05","22","15:00","","18.4","","-1.0","","27","","","","8","","8","","48.3","","88.59","","","","","","NA"
"-114.01","51.12","CALGARY INTL A","3031092","2026-05-22 16:00","2026","05","22","16:00","","17.7","","-0.2","","30","","","","","","0","","48.3","","88.58","","","","","","NA"
"-114.01","51.12","CALGARY INTL A","3031092","2026-05-22 17:00","2026","05","22","17:00","","15.5","","3.1","","43","","","","6","","7","","48.3","","88.66","","","","","","Rain Showers"
"-114.01","51.12","CALGARY INTL A","3031092","2026-05-22 18:00","2026","05","22","18:00","","16.5","","2.4","","38","","","","7","","8","","48.3","","88.58","","","","","","NA"
"-114.01","51.12","CALGARY INTL A","3031092","2026-05-22 19:00","2026","05","22","19:00","","15.2","","2.5","","42","","","","20","","10","","32.2","","88.57","","","","","","NA"
"-114.01","51.12","CALGARY INTL A","3031092","2026-05-22 20:00","2026","05","22","20:00","","15.5","","1.9","","40","","","","19","","7","","48.3","","88.59","","","","","","Mostly Cloudy"
"-114.01","51.12","CALGARY INTL A","3031092","2026-05-22 21:00","2026","05","22","21:00","","13.8","","2.7","","47","","","","28","","28","","16.1","","88.62","","","","","","Rain Showers"
"-114.01","51.12","CALGARY INTL A","3031092","2026-05-22 22:00","2026","05","22","22:00","","13.9","","2.1","","45","","","","23","","14","","16.1","","88.58","","","","","","Rain Showers"
"-114.01","51.12","CALGARY INTL A","3031092","2026-05-22 23:00","2026","05","22","23:00","","13.7","","2.7","","47","","","","30","","4","","16.1","","88.57","","","","","","Rain Showers"
"-114.01","51.12","CALGARY INTL A","3031092","2026-05-23 00:00","2026","05","23","00:00","","13.0","","3.4","","52","","","","25","","8","","24.1","","88.51","","","","","","NA"
"-114.01","51.12","CALGARY INTL A","3031092","2026-05-23 01:00","2026","05","23","01:00","","10.5","","4.2","","65","","","","14","","4","","24.1","","88.51","","","","","","NA"
"-114.01","51.12","CALGARY INTL A","3031092","2026-05-23 02:00","2026","05","23","02:00","","8.0","","3.8","","75","","","","18","","8","","24.1","","88.50","","","","","","Clear"
"-114.01","51.12","CALGARY INTL A","3031092","2026-05-23 03:00","2026","05","23","03:00","","6.4","","2.8","","78","","","","21","","7","","24.1","","88.49","","","","","","NA"
"-114.01","51.12","CALGARY INTL A","3031092","2026-05-23 04:00","2026","05","23","04:00","","7.0","","3.1","","76","","","","22","","4","","64.4","","88.47","","","","","","NA"
"-114.01","51.12","CALGARY INTL A","3031092","2026-05-23 05:00","2026","05","23","05:00","","6.7","","2.7","","75","","","","17","","6","","64.4","","88.45","","","","","","Mainly Clear"
"-114.01","51.12","CALGARY INTL A","3031092","2026-05-23 06:00","2026","05","23","06:00","","7.5","","3.2","","74","","","","19","","5","","64.4","","88.44","","","","","","NA"
"-114.01","51.12","CALGARY INTL A","3031092","2026-05-23 07:00","2026","05","23","07:00","","11.1","","2.9","","57","","","","18","","4","","64.4","","88.43","","","","","","NA"
"-114.01","51.12","CALGARY INTL A","3031092","2026-05-23 08:00","2026","05","23","08:00","","14.2","","3.1","","47","","","","20","","9","","64.4","","88.41","","","","","","Cloudy"
"-114.01","51.12","CALGARY INTL A","3031092","2026-05-23 09:00","2026","05","23","09:00","","16.1","","4.0","","44","","","","16","","9","","64.4","","88.36","","","","","","NA"
"-114.01","51.12","CALGARY INTL A","3031092","2026-05-23 10:00","2026","05","23","10:00","","18.0","","2.6","","35","","","","20","","12","","64.4","","88.33","","","","","","NA"
"-114.01","51.12","CALGARY INTL A","3031092","2026-05-23 11:00","2026","05","23","11:00","","19.6","","1.2","","29","","","","20","","17","","64.4","","88.27","","","","","","Mostly Cloudy"
"-114.01","51.12","CALGARY INTL A","3031092","2026-05-23 12:00","2026","05","23","12:00","","20.0","","1.9","","30","","","","17","","15","","64.4","","88.20","","","","","","NA"
"-114.01","51.12","CALGARY INTL A","3031092","2026-05-23 13:00","2026","05","23","13:00","","20.8","","0.8","","26","","","","19","","13","","64.4","","88.14","","","","","","NA"
"-114.01","51.12","CALGARY INTL A","3031092","2026-05-23 14:00","2026","05","23","14:00","","21.2","","-0.6","","23","","","","28","","20","","64.4","","88.10","","","","","","Cloudy"
"-114.01","51.12","CALGARY INTL A","3031092","2026-05-23 15:00","2026","05","23","15:00","","22.4","","-0.2","","22","","","","23","","18","","64.4","","88.07","","","","","","NA"
"-114.01","51.12","CALGARY INTL A","3031092","2026-05-23 16:00","2026","05","23","16:00","","22.9","","-1.8","","19","","","","29","","32","","64.4","","88.06","","","","","","NA"
"-114.01","51.12","CALGARY INTL A","3031092","2026-05-23 17:00","2026","05","23","17:00","","22.4","","-2.2","","19","","","","28","","30","","48.3","","88.03","","","","","","Mainly Clear"
"-114.01","51.12","CALGARY INTL A","3031092","2026-05-23 18:00","2026","05","23","18:00","","21.4","","-3.2","","19","","","","27","","24","","48.3","","88.01","","","","","","NA"
"-114.01","51.12","CALGARY INTL A","3031092","2026-05-23 19:00","2026","05","23","19:00","","21.0","","-1.3","","22","","","","29","","16","","64.4","","88.02","","","","","","NA"
"-114.01","51.12","CALGARY INTL A","3031092","2026-05-23 20:00","2026","05","23","20:00","","20.0","","-1.4","","23","","","","29","","13","","48.3","","88.04","","","","","","Mostly Cloudy"
"-114.01","51.12","CALGARY INTL A","3031092","2026-05-23 21:00","2026","05","23","21:00","","19.1","","-1.3","","25","","","","27","","8","","32.2","","88.05","","","","","","NA"
"-114.01","51.12","CALGARY INTL A","3031092","2026-05-23 22:00","2026","05","23","22:00","","16.4","","-0.3","","32","","","","21","","6","","24.1","","88.04","","","","","","NA"
"-114.01","51.12","CALGARY INTL A","3031092","2026-05-23 23:00","2026","05","23","23:00","","15.1","","-0.5","","34","","","","20","","12","","24.1","","88.02","","","","","","Mostly Cloudy"
"-114.01","51.12","CALGARY INTL A","3031092","2026-05-24 00:00","2026","05","24","00:00","","13.1","","0.3","","41","","","","19","","10","","24.1","","88.01","","","","","","NA"
"-114.01","51.12","CALGARY INTL A","3031092","2026-05-24 01:00","2026","05","24","01:00","","15.7","","-0.3","","33","","","","21","","8","","24.1","","88.02","","","","","","NA"
"-114.01","51.12","CALGARY INTL A","3031092","2026-05-24 02:00","2026","05","24","02:00","","11.8","","1.0","","47","","","","12","","5","","24.1","","88.07","","","","","","Mostly Cloudy"
"-114.01","51.12","CALGARY INTL A","3031092","2026-05-24 03:00","2026","05","24","03:00","","10.7","","3.1","","59","","","","1","","35","","24.1","","88.23","","","","","","NA"
"-114.01","51.12","CALGARY INTL A","3031092","2026-05-24 04:00","2026","05","24","04:00","","9.3","","2.7","","63","","","","36","","26","","32.2","","88.35","","","","","","NA"
"-114.01","51.12","CALGARY INTL A","3031092","2026-05-24 05:00","2026","05","24","05:00","","7.5","","3.0","","73","","","","36","","15","","64.4","","88.40","","","","","","Mostly Cloudy"
"-114.01","51.12","CALGARY INTL A","3031092","2026-05-24 06:00","2026","05","24","06:00","","8.7","","2.7","","66","","","","33","","10","","64.4","","88.47","","","","","","NA"
"-114.01","51.12","CALGARY INTL A","3031092","2026-05-24 07:00","2026","05","24","07:00","","9.7","","1.3","","56","","","","35","","9","","64.4","","88.51","","","","","","NA"
"-114.01","51.12","CALGARY INTL A","3031092","2026-05-24 08:00","2026","05","24","08:00","","10.3","","-2.0","","42","","","","36","","9","","64.4","","88.54","","","","","","Mostly Cloudy"
"-114.01","51.12","CALGARY INTL A","3031092","2026-05-24 09:00","2026","05","24","09:00","","10.4","","-1.8","","43","","","","5","","6","","64.4","","88.52","","","","","","NA"
"-114.01","51.12","CALGARY INTL A","3031092","2026-05-24 10:00","2026","05","24","10:00","","11.6","","-2.5","","37","","","","5","","4","","64.4","","88.48","","","","","","NA"
"-114.01","51.12","CALGARY INTL A","3031092","2026-05-24 11:00","2026","05","24","11:00","","13.4","","-1.8","","35","","","","19","","14","","64.4","","88.43","","","","","","Mostly Cloudy"
"-114.01","51.12","CALGARY INTL A","3031092","2026-05-24 12:00","2026","05","24","12:00","","14.9","","-1.3","","33","","","","17","","18","","64.4","","88.35","","","","","","NA"
"-114.01","51.12","CALGARY INTL A","3031092","2026-05-24 13:00","2026","05","24","13:00","","16.2","","-0.2","","32","","","","18","","12","","64.4","","88.31","","","","","","NA"
"-114.01","51.12","CALGARY INTL A","3031092","2026-05-24 14:00","2026","05","24","14:00","","17.6","","0.2","","31","","","","18","","12","","64.4","","88.28","","","","","","Mostly Cloudy"
"-114.01","51.12","CALGARY INTL A","3031092","2026-05-24 15:00","2026","05","24","15:00","","20.1","","2.4","","31","","","","15","","12","","64.4","","88.23","","","","","","NA"
"-114.01","51.12","CALGARY INTL A","3031092","2026-05-24 16:00","2026","05","24","16:00","","21.5","","2.0","","27","","","","18","","12","","64.4","","88.21","","","","","","NA"
"-114.01","51.12","CALGARY INTL A","3031092","2026-05-24 17:00","2026","05","24","17:00","","20.9","","2.5","","29","","","","16","","5","","64.4","","88.18","","","","","","Cloudy"
"-114.01","51.12","CALGARY INTL A","3031092","2026-05-24 18:00","2026","05","24","18:00","","21.8","","-0.6","","22","","","","30","","15","","64.4","","88.19","","","","","","NA"
"-114.01","51.12","CALGARY INTL A","3031092","2026-05-24 19:00","2026","05","24","19:00","","21.3","","-2.4","","20","","","","29","","30","","64.4","","88.23","","","","","","NA"
"-114.01","51.12","CALGARY INTL A","3031092","2026-05-24 20:00","2026","05","24","20:00","","19.2","","-1.1","","25","","","","30","","18","","64.4","","88.30","","","","","","Mostly Cloudy"
"-114.01","51.12","CALGARY INTL A","3031092","2026-05-24 21:00","2026","05","24","21:00","","17.5","","-1.2","","28","","","","32","","20","","32.2","","88.35","","","","","","NA"
"-114.01","51.12","CALGARY INTL A","3031092","2026-05-24 22:00","2026","05","24","22:00","","15.5","","-1.1","","32","","","","36","","7","","24.1","","88.40","","","","","","NA"
"-114.01","51.12","CALGARY INTL A","3031092","2026-05-24 23:00","2026","05","24","23:00","","13.2","","-0.4","","39","","","","34","","10","","24.1","","88.37","","","","","","Mainly Clear"
"-114.01","51.12","CALGARY INTL A","3031092","2026-05-25 00:00","2026","05","25","00:00","","10.5","","-0.1","","48","","","","2","","11","","24.1","","88.38","","","","","","NA"
"-114.01","51.12","CALGARY INTL A","3031092","2026-05-25 01:00","2026","05","25","01:00","","11.5","","-0.2","","44","","","","21","","4","","24.1","","88.37","","","","","","NA"
"-114.01","51.12","CALGARY INTL A","3031092","2026-05-25 02:00","2026","05","25","02:00","","10.8","","0.3","","48","","","","","","0","","24.1","","88.38","","","","","","Clear"
"-114.01","51.12","CALGARY INTL A","3031092","2026-05-25 03:00","2026","05","25","03:00","","7.8","","0.7","","61","","","","11","","8","","24.1","","88.33","","","","","","NA"
"-114.01","51.12","CALGARY INTL A","3031092","2026-05-25 04:00","2026","05","25","04:00","","8.0","","0.5","","59","","","","","","0","","32.2","","88.30","","","","","","NA"
"-114.01","51.12","CALGARY INTL A","3031092","2026-05-25 05:00","2026","05","25","05:00","","6.5","","1.2","","68","","","","19","","10","","64.4","","88.29","","","","","","Mainly Clear"
"-114.01","51.12","CALGARY INTL A","3031092","2026-05-25 06:00","2026","05","25","06:00","","8.9","","0.6","","56","","","","22","","14","","64.4","","88.29","","","","","","NA"
"-114.01","51.12","CALGARY INTL A","3031092","2026-05-25 07:00","2026","05","25","07:00","","11.6","","0.9","","48","","","","22","","11","","64.4","","88.27","","","","","","NA"
"-114.01","51.12","CALGARY INTL A","3031092","2026-05-25 08:00","2026","05","25","08:00","","15.2","","1.9","","40","","","","20","","9","","64.4","","88.22","","","","","","Mostly Cloudy"
"-114.01","51.12","CALGARY INTL A","3031092","2026-05-25 09:00","2026","05","25","09:00","","17.7","","3.2","","38","","","","21","","12","","64.4","","88.18","","","","","","NA"
"-114.01","51.12","CALGARY INTL A","3031092","2026-05-25 10:00","2026","05","25","10:00","","20.8","","2.1","","29","","","","20","","8","","64.4","","88.13","","","","","","NA"
"-114.01","51.12","CALGARY INTL A","3031092","2026-05-25 11:00","2026","05","25","11:00","","21.1","","0.1","","24","","","","26","","11","","64.4","","88.13","","","","","","Mostly Cloudy"
"-114.01","51.12","CALGARY INTL A","3031092","2026-05-25 12:00","2026","05","25","12:00","","21.5","","0.6","","25","","","","17","","10","","64.4","","88.11","","","","","","NA"
"-114.01","51.12","CALGARY INTL A","3031092","2026-05-25 13:00","2026","05","25","13:00","","21.9","","1.5","","26","","","","16","","13","","64.4","","88.08","","","","","","NA"
"-114.01","51.12","CALGARY INTL A","3031092","2026-05-25 14:00","2026","05","25","14:00","","23.9","","-0.2","","20","","","","14","","19","","64.4","","88.07","","","","","","Mostly Cloudy"
"-114.01","51.12","CALGARY INTL A","3031092","2026-05-25 15:00","2026","05","25","15:00","","24.6","","-0.8","","18","","","","13","","10","","64.4","","88.02","","","","","","NA"
"-114.01","51.12","CALGARY INTL A","3031092","2026-05-25 16:00","2026","05","25","16:00","","24.1","","-1.1","","19","","","","14","","21","","64.4","","88.01","","","","","","NA"
"-114.01","51.12","CALGARY INTL A","3031092","2026-05-25 17:00","2026","05","25","17:00","","25.3","","-2.8","","15","","","","15","","25","","64.4","","87.99","","","","","","Mostly Cloudy"
"-114.01","51.12","CALGARY INTL A","3031092","2026-05-25 18:00","2026","05","25","18:00","","25.4","","-2.4","","16","","","","18","","14","","64.4","","87.94","","","","","","NA"
"-114.01","51.12","CALGARY INTL A","3031092","2026-05-25 19:00","2026","05","25","19:00","","22.9","","-1.2","","20","","","","18","","18","","32.2","","87.96","","","","","","NA"
"-114.01","51.12","CALGARY INTL A","3031092","2026-05-25 20:00","2026","05","25","20:00","","22.8","","-2.5","","18","","","","28","","8","","32.2","","88.02","","","","","","Mostly Cloudy"
"-114.01","51.12","CALGARY INTL A","3031092","2026-05-25 21:00","2026","05","25","21:00","","17.9","","-0.9","","28","","","","35","","4","","32.2","","88.03","","","","","","NA"
"-114.01","51.12","CALGARY INTL A","3031092","2026-05-25 22:00","2026","05","25","22:00","","15.6","","0.5","","36","","","","33","","7","","24.1","","88.04","","","","","","NA"
"-114.01","51.12","CALGARY INTL A","3031092","2026-05-25 23:00","2026","05","25","23:00","","14.0","","0.7","","40","","","","34","","7","","24.1","","88.04","","","","","","Mostly Cloudy"
"-114.01","51.12","CALGARY INTL A","3031092","2026-05-26 00:00","2026","05","26","00:00","","11.9","","1.6","","49","","","","34","","3","","24.1","","88.07","","","","","","NA"
"-114.01","51.12","CALGARY INTL A","3031092","2026-05-26 01:00","2026","05","26","01:00","","15.8","","1.1","","37","","","","23","","11","","24.1","","88.15","","","","","","NA"
"-114.01","51.12","CALGARY INTL A","3031092","2026-05-26 02:00","2026","05","26","02:00","","15.0","","2.9","","44","","","","","","0","","24.1","","88.10","","","","","","Mostly Cloudy"
"-114.01","51.12","CALGARY INTL A","3031092","2026-05-26 03:00","2026","05","26","03:00","","15.2","","4.3","","48","","","","4","","3","","24.1","","88.04","","","","","","NA"
"-114.01","51.12","CALGARY INTL A","3031092","2026-05-26 04:00","2026","05","26","04:00","","14.7","","3.3","","46","","","","36","","10","","24.1","","88.05","","","","","","NA"
"-114.01","51.12","CALGARY INTL A","3031092","2026-05-26 05:00","2026","05","26","05:00","","14.2","","3.3","","48","","","","30","","4","","24.1","","88.13","","","","","","Mostly Cloudy"
"-114.01","51.12","CALGARY INTL A","3031092","2026-05-26 06:00","2026","05","26","06:00","","13.6","","4.4","","54","","","","36","","5","","48.3","","88.15","","","","","","NA"
"-114.01","51.12","CALGARY INTL A","3031092","2026-05-26 07:00","2026","05","26","07:00","","15.0","","4.5","","49","","","","32","","6","","64.4","","88.19","","","","","","NA"
"-114.01","51.12","CALGARY INTL A","3031092","2026-05-26 08:00","2026","05","26","08:00","","16.7","","4.3","","44","","","","35","","19","","64.4","","88.19","","","","","","Mostly Cloudy"
"-114.01","51.12","CALGARY INTL A","3031092","2026-05-26 09:00","2026","05","26","09:00","","17.5","","3.0","","38","","","","35","","19","","64.4","","88.25","","","","","","NA"
"-114.01","51.12","CALGARY INTL A","3031092","2026-05-26 10:00","2026","05","26","10:00","","19.4","","3.1","","33","","","","36","","22","","64.4","","88.28","","","","","","NA"
"-114.01","51.12","CALGARY INTL A","3031092","2026-05-26 11:00","2026","05","26","11:00","","21.2","","5.2","","35","","","","1","","30","","64.4","","88.30","","","","","","Mainly Clear"
"-114.01","51.12","CALGARY INTL A","3031092","2026-05-26 12:00","2026","05","26","12:00","","21.9","","5.5","","34","","","","1","","27","","48.3","","88.37","","","","","","NA"
"-114.01","51.12","CALGARY INTL A","3031092","2026-05-26 13:00","2026","05","26","13:00","","22.7","","5.2","","32","","","","1","","33","","48.3","","88.41","","","","","","NA"
"-114.01","51.12","CALGARY INTL A","3031092","2026-05-26 14:00","2026","05","26","14:00","","23.9","","5.0","","29","","","","36","","29","","32.2","","88.46","","","","","","Mostly Cloudy"
"-114.01","51.12","CALGARY INTL A","3031092","2026-05-26 15:00","2026","05","26","15:00","","23.7","","3.6","","27","","","","1","","27","","48.3","","88.43","","","","","","NA"
"-114.01","51.12","CALGARY INTL A","3031092","2026-05-26 16:00","2026","05","26","16:00","","25.3","","4.7","","26","","","","1","","26","","48.3","","88.43","","","","","","NA"
"-114.01","51.12","CALGARY INTL A","3031092","2026-05-26 17:00","2026","05","26","17:00","","25.8","","5.0","","26","","","","36","","23","","32.2","","88.42","","25","","","","Mainly Clear"
"-114.01","51.12","CALGARY INTL A","3031092","2026-05-26 18:00","2026","05","26","18:00","","23.9","","5.2","","30","","","","36","","30","","24.1","","88.41","","","","","","NA"
"-114.01","51.12","CALGARY INTL A","3031092","2026-05-26 19:00","2026","05","26","19:00","","22.5","","5.5","","33","","","","34","","26","","19.3","","88.45","","","","","","NA"
"-114.01","51.12","CALGARY INTL A","3031092","2026-05-26 20:00","2026","05","26","20:00","","20.8","","5.1","","36","","","","35","","25","","19.3","","88.48","","","","","","Mostly Cloudy"
"-114.01","51.12","CALGARY INTL A","3031092","2026-05-26 21:00","2026","05","26","21:00","","19.5","","4.6","","37","","","","36","","31","","19.3","","88.54","","","","","","NA"
"-114.01","51.12","CALGARY INTL A","3031092","2026-05-26 22:00","2026","05","26","22:00","","18.8","","5.5","","41","","","","35","","33","","12.9","","88.53","","","","","","Thunderstorms"
"-114.01","51.12","CALGARY INTL A","3031092","2026-05-26 23:00","2026","05","26","23:00","","18.4","","7.6","","49","","","","34","","32","","16.1","","88.60","","","","","","Mostly Cloudy"
"-114.01","51.12","CALGARY INTL A","3031092","2026-05-27 00:00","2026","05","27","00:00","","17.4","","7.9","","54","","","","34","","35","","19.3","","88.60","","","","","","NA"
"-114.01","51.12","CALGARY INTL A","3031092","2026-05-27 01:00","2026","05","27","01:00","","16.8","","8.0","","56","","","","33","","21","","12.9","","88.69","","","","","","NA"
"-114.01","51.12","CALGARY INTL A","3031092","2026-05-27 02:00","2026","05","27","02:00","","15.2","","8.7","","65","","","","34","","29","","19.3","","88.70","","","","","","Mostly Cloudy"
"-114.01","51.12","CALGARY INTL A","3031092","2026-05-27 03:00","2026","05","27","03:00","","15.1","","8.8","","66","","","","32","","30","","16.1","","88.69","","","","","","NA"
"-114.01","51.12","CALGARY INTL A","3031092","2026-05-27 04:00","2026","05","27","04:00","","14.7","","9.2","","69","","","","36","","27","","24.1","","88.75","","","","","","NA"
"-114.01","51.12","CALGARY INTL A","3031092","2026-05-27 05:00","2026","05","27","05:00","","15.0","","7.8","","62","","","","34","","27","","16.1","","88.67","","","","","","Mostly Cloudy"
"-114.01","51.12","CALGARY INTL A","3031092","2026-05-27 06:00","2026","05","27","06:00","","15.9","","7.4","","57","","","","36","","28","","32.2","","88.65","","","","","","NA"
"-114.01","51.12","CALGARY INTL A","3031092","2026-05-27 07:00","2026","05","27","07:00","","16.6","","7.8","","56","","","","36","","22","","48.3","","88.70","","","","","","NA"
"-114.01","51.12","CALGARY INTL A","3031092","2026-05-27 08:00","2026","05","27","08:00","","17.8","","7.8","","52","","","","35","","20","","64.4","","88.73","","","","","","Mostly Cloudy"
"-114.01","51.12","CALGARY INTL A","3031092","2026-05-27 09:00","2026","05","27","09:00","","19.4","","8.8","","50","","","","33","","19","","32.2","","88.70","","","","","","NA"
"-114.01","51.12","CALGARY INTL A","3031092","2026-05-27 10:00","2026","05","27","10:00","","19.9","","8.8","","48","","","","34","","18","","48.3","","88.71","","","","","","NA"
"-114.01","51.12","CALGARY INTL A","3031092","2026-05-27 11:00","2026","05","27","11:00","","20.6","","8.7","","46","","","","31","","23","","48.3","","88.68","","","","","","Mostly Cloudy"
"-114.01","51.12","CALGARY INTL A","3031092","2026-05-27 12:00","2026","05","27","12:00","","22.1","","8.8","","42","","","","34","","23","","48.3","","88.62","","","","","","NA"
"-114.01","51.12","CALGARY INTL A","3031092","2026-05-27 13:00","2026","05","27","13:00","","23.6","","8.6","","38","","","","36","","21","","48.3","","88.61","","","","","","NA"
"-114.01","51.12","CALGARY INTL A","3031092","2026-05-27 14:00","2026","05","27","14:00","","25.3","","8.5","","34","","","","3","","12","","32.2","","88.63","","26","","","","Mainly Clear"
"-114.01","51.12","CALGARY INTL A","3031092","2026-05-27 15:00","2026","05","27","15:00","","25.5","","9.6","","36","","","","33","","14","","24.1","","88.57","","27","","","","NA"
"-114.01","51.12","CALGARY INTL A","3031092","2026-05-27 16:00","2026","05","27","16:00","","25.9","","8.9","","34","","","","3","","16","","24.1","","88.52","","27","","","","NA"
"-114.01","51.12","CALGARY INTL A","3031092","2026-05-27 17:00","2026","05","27","17:00","","25.4","","8.5","","34","","","","28","","11","","24.1","","88.52","","26","","","","Mainly Clear"
"-114.01","51.12","CALGARY INTL A","3031092","2026-05-27 18:00","2026","05","27","18:00","","25.0","","9.1","","36","","","","36","","11","","32.2","","88.52","","26","","","","NA"
"-114.01","51.12","CALGARY INTL A","3031092","2026-05-27 19:00","2026","05","27","19:00","","24.2","","9.3","","38","","","","34","","13","","32.2","","88.49","","25","","","","NA"
"-114.01","51.12","CALGARY INTL A","3031092","2026-05-27 20:00","2026","05","27","20:00","","21.7","","9.6","","46","","","","36","","15","","32.2","","88.49","","","","","","Mainly Clear"
"-114.01","51.12","CALGARY INTL A","3031092","2026-05-27 21:00","2026","05","27","21:00","","20.1","","10.7","","54","","","","28","","9","","24.1","","88.58","","","","","","NA"
"-114.01","51.12","CALGARY INTL A","3031092","2026-05-27 22:00","2026","05","27","22:00","","19.1","","10.3","","56","","","","31","","4","","24.1","","88.60","","","","","","NA"
"-114.01","51.12","CALGARY INTL A","3031092","2026-05-27 23:00","2026","05","27","23:00","","16.1","","10.1","","67","","","","35","","13","","24.1","","88.61","","","","","","Mostly Cloudy"
"-114.01","51.12","CALGARY INTL A","3031092","2026-05-28 00:00","2026","05","28","00:00","","14.6","","10.0","","74","","","","34","","9","","24.1","","88.65","","","","","","NA"
"-114.01","51.12","CALGARY INTL A","3031092","2026-05-28 01:00","2026","05","28","01:00","","15.3","","9.9","","70","","","","32","","9","","16.1","","88.64","","","","","","NA"
"-114.01","51.12","CALGARY INTL A","3031092","2026-05-28 02:00","2026","05","28","02:00","","14.2","","10.7","","80","","","","14","","3","","16.1","","88.67","","","","","","Mostly Cloudy"
"-114.01","51.12","CALGARY INTL A","3031092","2026-05-28 03:00","2026","05","28","03:00","","14.3","","9.1","","71","","","","32","","9","","16.1","","88.70","","","","","","NA"
"-114.01","51.12","CALGARY INTL A","3031092","2026-05-28 04:00","2026","05","28","04:00","","12.5","","8.6","","77","","","","33","","7","","16.1","","88.73","","","","","","NA"
"-114.01","51.12","CALGARY INTL A","3031092","2026-05-28 05:00","2026","05","28","05:00","","12.7","","9.1","","79","","","","","","0","","16.1","","88.78","","","","","","Mainly Clear"
"-114.01","51.12","CALGARY INTL A","3031092","2026-05-28 06:00","2026","05","28","06:00","","14.0","","9.4","","73","","","","34","","8","","16.1","","88.81","","","","","","NA"
"-114.01","51.12","CALGARY INTL A","3031092","2026-05-28 07:00","2026","05","28","07:00","","17.2","","9.9","","62","","","","33","","17","","14.5","","88.82","","","","","","NA"
"-114.01","51.12","CALGARY INTL A","3031092","2026-05-28 08:00","2026","05","28","08:00","","19.9","","9.5","","51","","","","35","","24","","14.5","","88.82","","","","","","Mostly Cloudy"
"-114.01","51.12","CALGARY INTL A","3031092","2026-05-28 09:00","2026","05","28","09:00","","21.0","","10.1","","49","","","","36","","15","","24.1","","88.82","","","","","","NA"
"-114.01","51.12","CALGARY INTL A","3031092","2026-05-28 10:00","2026","05","28","10:00","","22.5","","8.9","","41","","","","36","","13","","24.1","","88.80","","","","","","NA"
"-114.01","51.12","CALGARY INTL A","3031092","2026-05-28 11:00","2026","05","28","11:00","","23.8","","10.0","","41","","","","2","","14","","24.1","","88.75","","25","","","","Mostly Cloudy"
"-114.01","51.12","CALGARY INTL A","3031092","2026-05-28 12:00","2026","05","28","12:00","","24.8","","10.2","","39","","","","7","","4","","24.1","","88.72","","26","","","","NA"
"-114.01","51.12","CALGARY INTL A","3031092","2026-05-28 13:00","2026","05","28","13:00","","25.3","","10.0","","37","","","","8","","5","","24.1","","88.68","","27","","","","NA"
"-114.01","51.12","CALGARY INTL A","3031092","2026-05-28 14:00","2026","05","28","14:00","","25.9","","9.6","","35","","","","9","","5","","24.1","","88.60","","27","","","","Mostly Cloudy"
"-114.01","51.12","CALGARY INTL A","3031092","2026-05-28 15:00","2026","05","28","15:00","","25.8","","10.1","","37","","","","16","","6","","24.1","","88.55","","27","","","","NA"
"-114.01","51.12","CALGARY INTL A","3031092","2026-05-28 16:00","2026","05","28","16:00","","25.4","","9.3","","36","","","","18","","8","","24.1","","88.46","","26","","","","NA"
"-114.01","51.12","CALGARY INTL A","3031092","2026-05-28 17:00","2026","05","28","17:00","","25.8","","9.9","","36","","","","21","","14","","24.1","","88.43","","27","","","","Mostly Cloudy"
"-114.01","51.12","CALGARY INTL A","3031092","2026-05-28 18:00","2026","05","28","18:00","","25.9","","9.7","","35","","","","21","","7","","24.1","","88.32","","27","","","","NA"
"-114.01","51.12","CALGARY INTL A","3031092","2026-05-28 19:00","2026","05","28","19:00","","25.4","","9.1","","35","","","","19","","8","","24.1","","88.30","","26","","","","NA"
"-114.01","51.12","CALGARY INTL A","3031092","2026-05-28 20:00","2026","05","28","20:00","","23.9","","9.0","","38","","","","19","","9","","48.3","","88.27","","25","","","","Mostly Cloudy"
"-114.01","51.12","CALGARY INTL A","3031092","2026-05-28 21:00","2026","05","28","21:00","","23.0","","11.3","","47","","","","32","","4","","24.1","","88.25","","25","","","","NA"
"-114.01","51.12","CALGARY INTL A","3031092","2026-05-28 22:00","2026","05","28","22:00","","21.1","","11.5","","54","","","","34","","5","","16.1","","88.22","","","","","","NA"
"-114.01","51.12","CALGARY INTL A","3031092","2026-05-28 23:00","2026","05","28","23:00","","18.7","","11.3","","62","","","","34","","8","","16.1","","88.19","","","","","","Mostly Cloudy"
"-114.01","51.12","CALGARY INTL A","3031092","2026-05-29 00:00","2026","05","29","00:00","","17.7","","11.4","","66","","","","36","","8","","16.1","","88.14","","","","","","NA"
"-114.01","51.12","CALGARY INTL A","3031092","2026-05-29 01:00","2026","05","29","01:00","","17.6","","11.2","","66","","","","","","0","","16.1","","88.12","","","","","","NA"
"-114.01","51.12","CALGARY INTL A","3031092","2026-05-29 02:00","2026","05","29","02:00","","19.1","","10.3","","56","","","","20","","13","","16.1","","88.12","","","","","","Mostly Cloudy"
"-114.01","51.12","CALGARY INTL A","3031092","2026-05-29 03:00","2026","05","29","03:00","","19.6","","8.5","","48","","","","20","","13","","24.1","","88.07","","","","","","NA"
"-114.01","51.12","CALGARY INTL A","3031092","2026-05-29 04:00","2026","05","29","04:00","","19.3","","7.8","","47","","","","20","","8","","24.1","","88.01","","","","","","NA"
"-114.01","51.12","CALGARY INTL A","3031092","2026-05-29 05:00","2026","05","29","05:00","","19.1","","7.7","","47","","","","14","","19","","32.2","","87.97","","","","","","Mostly Cloudy"
"-114.01","51.12","CALGARY INTL A","3031092","2026-05-29 06:00","2026","05","29","06:00"
"-114.01","51.12","CALGARY INTL A","3031092","2026-05-29 07:00","2026","05","29","07:00","","18.1","","9.8","","58","","","","9","","7","","48.3","","87.84","","","","","","NA"
"-114.01","51.12","CALGARY INTL A","3031092","2026-05-29 08:00","2026","05","29","08:00","","21.0","","9.8","","48","","","","13","","5","","48.3","","87.85","","","","","","Mostly Cloudy"
"-114.01","51.12","CALGARY INTL A","3031092","2026-05-29 09:00","2026","05","29","09:00","","21.3","","9.4","","46","","","","23","","12","","64.4","","87.87","","","","","","NA"
"-114.01","51.12","CALGARY INTL A","3031092","2026-05-29 10:00","2026","05","29","10:00","","22.7","","9.0","","41","","","","22","","12","","64.4","","87.85","","","","","","NA"
"-114.01","51.12","CALGARY INTL A","3031092","2026-05-29 11:00","2026","05","29","11:00","","24.2","","8.0","","35","","","","19","","16","","64.4","","87.85","","25","","","","Mostly Cloudy"
"-114.01","51.12","CALGARY INTL A","3031092","2026-05-29 12:00","2026","05","29","12:00","","25.4","","3.3","","23","","","","29","","18","","64.4","","87.80","","","","","","NA"
"-114.01","51.12","CALGARY INTL A","3031092","2026-05-29 13:00","2026","05","29","13:00","","27.2","","3.8","","22","","","","30","","15","","64.4","","87.79","","26","","","","NA"
"-114.01","51.12","CALGARY INTL A","3031092","2026-05-29 14:00","2026","05","29","14:00","","28.0","","0.2","","16","","","","24","","22","","64.4","","87.77","","26","","","","Mainly Clear"
"-114.01","51.12","CALGARY INTL A","3031092","2026-05-29 15:00","2026","05","29","15:00","","28.2","","0.3","","16","","","","22","","21","","64.4","","87.80","","26","","","","NA"
"-114.01","51.12","CALGARY INTL A","3031092","2026-05-29 16:00","2026","05","29","16:00","","27.8","","1.5","","18","","","","23","","17","","64.4","","87.81","","26","","","","NA"
"-114.01","51.12","CALGARY INTL A","3031092","2026-05-29 17:00","2026","05","29","17:00","","27.4","","0.9","","18","","","","29","","23","","64.4","","87.85","","25","","","","Mostly Cloudy"
"-114.01","51.12","CALGARY INTL A","3031092","2026-05-29 18:00","2026","05","29","18:00","","26.5","","1.2","","19","","","","28","","19","","48.3","","87.90","","25","","","","NA"
"-114.01","51.12","CALGARY INTL A","3031092","2026-05-29 19:00","2026","05","29","19:00","","25.6","","0.4","","19","","","","27","","17","","64.4","","87.94","","","","","","NA"
"-114.01","51.12","CALGARY INTL A","3031092","2026-05-29 20:00","2026","05","29","20:00","","24.5","","1.6","","22","","","","29","","13","","64.4","","88.07","","","","","","Mostly Cloudy"
"-114.01","51.12","CALGARY INTL A","3031092","2026-05-29 21:00","2026","05","29","21:00","","23.3","","2.1","","25","","","","26","","7","","48.3","","88.17","","","","","","NA"
"-114.01","51.12","CALGARY INTL A","3031092","2026-05-29 22:00","2026","05","29","22:00","","21.2","","1.9","","28","","","","24","","3","","24.1","","88.21","","","","","","NA"
"-114.01","51.12","CALGARY INTL A","3031092","2026-05-29 23:00","2026","05","29","23:00","","21.3","","0.2","","24","","","","31","","7","","24.1","","88.29","","","","","","Cloudy"
"-114.01","51.12","CALGARY INTL A","3031092","2026-05-30 00:00","2026","05","30","00:00","","17.1","","7.9","","54","","","","3","","33","","24.1","","88.43","","","","","","NA"
"-114.01","51.12","CALGARY INTL A","3031092","2026-05-30 01:00","2026","05","30","01:00","","14.8","","7.8","","63","","","","36","","20","","24.1","","88.51","","","","","","NA"
"-114.01","51.12","CALGARY INTL A","3031092","2026-05-30 02:00","2026","05","30","02:00","","13.8","","7.2","","64","","","","36","","23","","24.1","","88.62","","","","","","Mainly Clear"
"-114.01","51.12","CALGARY INTL A","3031092","2026-05-30 03:00","2026","05","30","03:00","","12.8","","7.6","","71","","","","35","","21","","24.1","","88.74","","","","","","NA"
"-114.01","51.12","CALGARY INTL A","3031092","2026-05-30 04:00","2026","05","30","04:00","","12.5","","7.9","","73","","","","34","","16","","24.1","","88.85","","","","","","NA"
"-114.01","51.12","CALGARY INTL A","3031092","2026-05-30 05:00","2026","05","30","05:00","","12.2","","7.1","","71","","","","34","","22","","14.5","","88.90","","","","","","Mostly Cloudy"
"-114.01","51.12","CALGARY INTL A","3031092","2026-05-30 06:00","2026","05","30","06:00","","12.3","","6.6","","68","","","","34","","23","","16.1","","88.98","","","","","","NA"
"-114.01","51.12","CALGARY INTL A","3031092","2026-05-30 07:00","2026","05","30","07:00","","12.6","","6.4","","66","","","","34","","27","","24.1","","89.06","","","","","","NA"
"-114.01","51.12","CALGARY INTL A","3031092","2026-05-30 08:00","2026","05","30","08:00","","13.2","","6.6","","64","","","","35","","34","","24.1","","89.11","","","","","","Cloudy"
"-114.01","51.12","CALGARY INTL A","3031092","2026-05-30 09:00","2026","05","30","09:00","","13.4","","3.1","","50","","","","35","","32","","24.1","","89.18","","","","","","Rain Showers"
"-114.01","51.12","CALGARY INTL A","3031092","2026-05-30 10:00","2026","05","30","10:00","","12.1","","7.2","","72","","","","36","","30","","19.3","","89.17","","","","","","Rain Showers"
"-114.01","51.12","CALGARY INTL A","3031092","2026-05-30 11:00","2026","05","30","11:00","","13.8","","7.1","","64","","","","33","","38","","24.1","","89.18","","","","","","Mostly Cloudy"
"-114.01","51.12","CALGARY INTL A","3031092","2026-05-30 12:00","2026","05","30","12:00","","12.3","","5.9","","65","","","","33","","28","","24.1","","89.20","","","","","","NA"
"-114.01","51.12","CALGARY INTL A","3031092","2026-05-30 13:00","2026","05","30","13:00","","11.8","","4.8","","62","","","","34","","28","","24.1","","89.21","","","","","","NA"
"-114.01","51.12","CALGARY INTL A","3031092","2026-05-30 14:00","2026","05","30","14:00","","13.7","","4.8","","55","","","","33","","27","","24.1","","89.18","","","","","","Mostly Cloudy"
"-114.01","51.12","CALGARY INTL A","3031092","2026-05-30 15:00","2026","05","30","15:00","","15.6","","4.0","","46","","","","35","","28","","32.2","","89.15","","","","","","NA"
"-114.01","51.12","CALGARY INTL A","3031092","2026-05-30 16:00","2026","05","30","16:00","","14.7","","4.0","","48","","","","33","","32","","24.1","","89.15","","","","","","NA"
"-114.01","51.12","CALGARY INTL A","3031092","2026-05-30 17:00","2026","05","30","17:00","","13.9","","3.9","","51","","","","32","","23","","32.2","","89.16","","","","","","Cloudy"
"-114.01","51.12","CALGARY INTL A","3031092","2026-05-30 18:00","2026","05","30","18:00","","14.1","","4.4","","52","","","","32","","24","","32.2","","89.16","","","","","","NA"
"-114.01","51.12","CALGARY INTL A","3031092","2026-05-30 19:00","2026","05","30","19:00","","13.6","","4.1","","52","","","","34","","26","","64.4","","89.16","","","","","","NA"
"-114.01","51.12","CALGARY INTL A","3031092","2026-05-30 20:00","2026","05","30","20:00","","12.8","","5.6","","62","","","","34","","21","","24.1","","89.19","","","","","","Cloudy"
"-114.01","51.12","CALGARY INTL A","3031092","2026-05-30 21:00","2026","05","30","21:00","","11.4","","4.2","","61","","","","34","","28","","16.1","","89.25","","","","","","Rain"
"-114.01","51.12","CALGARY INTL A","3031092","2026-05-30 22:00","2026","05","30","22:00","","11.5","","2.9","","55","","","","34","","27","","24.1","","89.26","","","","","","Rain"
"-114.01","51.12","CALGARY INTL A","3031092","2026-05-30 23:00","2026","05","30","23:00","","10.0","","3.5","","64","","","","34","","23","","16.1","","89.26","","","","","","Rain"
"-114.01","51.12","CALGARY INTL A","3031092","2026-05-31 00:00","2026","05","31","00:00","","9.0","","4.8","","75","","","","33","","25","","16.1","","89.24","","","","","","Rain"
"-114.01","51.12","CALGARY INTL A","3031092","2026-05-31 01:00","2026","05","31","01:00","","9.2","","4.5","","72","","","","32","","26","","24.1","","89.17","","","","","","Rain"
"-114.01","51.12","CALGARY INTL A","3031092","2026-05-31 02:00","2026","05","31","02:00","","9.1","","5.0","","75","","","","32","","32","","12.9","","89.18","","","","","","Rain"
"-114.01","51.12","CALGARY INTL A","3031092","2026-05-31 03:00","2026","05","31","03:00","","8.4","","5.3","","81","","","","32","","39","","12.9","","89.18","","","","","","Rain"
"-114.01","51.12","CALGARY INTL A","3031092","2026-05-31 04:00","2026","05","31","04:00","","8.3","","4.1","","75","","","","33","","36","","11.3","","89.17","","","","","","Rain"
"-114.01","51.12","CALGARY INTL A","3031092","2026-05-31 05:00","2026","05","31","05:00","","8.7","","3.3","","69","","","","33","","44","","14.5","","89.19","","","","","","Rain"
"-114.01","51.12","CALGARY INTL A","3031092","2026-05-31 06:00","2026","05","31","06:00","","7.3","","4.8","","84","","","","32","","38","","14.5","","89.23","","","","","","Rain"
"-114.01","51.12","CALGARY INTL A","3031092","2026-05-31 07:00","2026","05","31","07:00","","6.6","","4.3","","85","","","","33","","42","","11.3","","89.20","","","","","","Moderate Rain"
"-114.01","51.12","CALGARY INTL A","3031092","2026-05-31 08:00","2026","05","31","08:00","","6.1","","3.9","","85","","","","32","","45","","14.5","","89.25","","","","","","Rain"
"-114.01","51.12","CALGARY INTL A","3031092","2026-05-31 09:00","2026","05","31","09:00","","5.2","","3.4","","88","","","","32","","47","","11.3","","89.25","","","","","","Rain"
"-114.01","51.12","CALGARY INTL A","3031092","2026-05-31 10:00","2026","05","31","10:00","","4.9","","3.1","","88","","","","33","","42","","11.3","","89.27","","","","","","Rain"
"-114.01","51.12","CALGARY INTL A","3031092","2026-05-31 11:00","2026","05","31","11:00","","4.4","","2.9","","90","","","","32","","40","","9.7","","89.27","","","","","","Moderate Rain,Fog"
"-114.01","51.12","CALGARY INTL A","3031092","2026-05-31 12:00","2026","05","31","12:00","","3.9","","2.4","","89","","","","32","","43","","11.3","","89.29","","","","","","Rain"
"-114.01","51.12","CALGARY INTL A","3031092","2026-05-31 13:00","2026","05","31","13:00","","3.9","","2.4","","89","","","","32","","49","","8.1","","89.31","","","","","","Rain,Fog"
"-114.01","51.12","CALGARY INTL A","3031092","2026-05-31 14:00","2026","05","31","14:00","","4.3","","2.6","","89","","","","33","","34","","9.7","","89.35","","","","","","Rain,Fog"
"-114.01","51.12","CALGARY INTL A","3031092","2026-05-31 15:00","2026","05","31","15:00","","4.3","","2.2","","86","","","","33","","37","","12.9","","89.38","","","","","","Rain"
"-114.01","51.12","CALGARY INTL A","3031092","2026-05-31 16:00","2026","05","31","16:00","","4.2","","2.2","","87","","","","34","","35","","9.7","","89.41","","","","","","Rain,Fog"
"-114.01","51.12","CALGARY INTL A","3031092","2026-05-31 17:00","2026","05","31","17:00","","4.1","","2.3","","88","","","","33","","37","","12.9","","89.43","","","","","","Rain"
"-114.01","51.12","CALGARY INTL A","3031092","2026-05-31 18:00","2026","05","31","18:00","","4.1","","2.3","","88","","","","33","","35","","11.3","","89.44","","","","","","Rain"
"-114.01","51.12","CALGARY INTL A","3031092","2026-05-31 19:00","2026","05","31","19:00","","4.5","","2.4","","86","","","","33","","50","","11.3","","89.47","","","","","","Rain"
"-114.01","51.12","CALGARY INTL A","3031092","2026-05-31 20:00","2026","05","31","20:00","","4.6","","2.5","","86","","","","33","","37","","14.5","","89.49","","","","","","Rain"
"-114.01","51.12","CALGARY INTL A","3031092","2026-05-31 21:00","2026","05","31","21:00","","4.7","","2.6","","86","","","","33","","36","","14.5","","89.50","","","","","","Rain"
"-114.01","51.12","CALGARY INTL A","3031092","2026-05-31 22:00","2026","05","31","22:00","","5.1","","2.8","","85","","","","34","","33","","16.1","","89.48","","","","","","Rain"
"-114.01","51.12","CALGARY INTL A","3031092","2026-05-31 23:00","2026","05","31","23:00","","4.9","","2.2","","82","","","","33","","40","","14.5","","89.49","","","","","","Rain"
