"Longitude (x)","Latitude (y)","Station Name","Climate ID","Date/Time (LST)","Year","Month","Day","Time (LST)","Flag","Temp (°C)","Temp Flag","Dew Point Temp (°C)","Dew Point Temp Flag","Rel Hum (%)","Rel Hum Flag","Precip. Amount (mm)","Precip. Amount Flag","Wind Dir (10s deg)","Wind Dir Flag","Wind Spd (km/h)","Wind Spd Flag","Visibility (km)","Visibility Flag","Stn Press (kPa)","Stn Press Flag","Hmdx","Hmdx Flag","Wind Chill","Wind Chill Flag","Weather"
"-114.01","51.12","CALGARY INTL A","3031092","2026-07-01 00:00","2026","07","01","00:00","","14.7","","11.2","","80","","","","5","","5","","12.9","","88.48","","","","","","NA"
"-114.01","51.12","CALGARY INTL A","3031092","2026-07-01 01:00","2026","07","01","01:00","","13.9","","11.6","","86","","","","6","","8","","11.3","","88.47","","","","","","NA"
"-114.01","51.12","CALGARY INTL A","3031092","2026-07-01 02:00","2026","07","01","02:00","","13.7","","11.4","","86","","","","1","","3","","12.9","","88.47","","","","","","Cloudy"
"-114.01","51.12","CALGARY INTL A","3031092","2026-07-01 03:00","2026","07","01","03:00","","13.8","","11.4","","85","","","","31","","5","","12.9","","88.45","","","","","","NA"
"-114.01","51.12","CALGARY INTL A","3031092","2026-07-01 04:00","2026","07","01","04:00","","13.8","","10.8","","82","","","","","","0","","12.9","","88.44","","","","","","NA"
"-114.01","51.12","CALGARY INTL A","3031092","2026-07-01 05:00","2026","07","01","05:00","","12.3","","10.5","","89","","","","33","","5","","16.1","","88.46","","","","","","Mostly Cloudy"
"-114.01","51.12","CALGARY INTL A","3031092","2026-07-01 06:00","2026","07","01","06:00","","12.7","","10.9","","89","","","","34","","5","","16.1","","88.49","","","","","","NA"
"-114.01","51.12","CALGARY INTL A","3031092","2026-07-01 07:00","2026","07","01","07:00","","14.0","","11.3","","84","","","","35","","7","","14.5","","88.49","","","","","","NA"
"-114.01","51.12","CALGARY INTL A","3031092","2026-07-01 08:00","2026","07","01","08:00","","15.0","","10.9","","76","","","","34","","7","","14.5","","88.52","","","","","","Mostly Cloudy"
"-114.01","51.12","CALGARY INTL A","3031092","2026-07-01 09:00","2026","07","01","09:00","","15.8","","11.7","","76","","","","26","","3","","14.5","","88.52","","","","","","NA"
"-114.01","51.12","CALGARY INTL A","3031092","2026-07-01 10:00","2026","07","01","10:00","","17.6","","12.0","","69","","","","9","","4","","14.5","","88.51","","","","","","NA"
"-114.01","51.12","CALGARY INTL A","3031092","2026-07-01 11:00","2026","07","01","11:00","","18.5","","10.6","","60","","","","5","","7","","14.5","","88.49","","","","","","Mostly Cloudy"
"-114.01","51.12","CALGARY INTL A","3031092","2026-07-01 12:00","2026","07","01","12:00","","18.2","","12.0","","66","","","","10","","10","","14.5","","88.47","","","","","","Rain Showers"
"-114.01","51.12","CALGARY INTL A","3031092","2026-07-01 13:00","2026","07","01","13:00","","16.2","","8.2","","59","","","","29","","26","","32.2","","88.47","","","","","","Thunderstorms"
"-114.01","51.12","CALGARY INTL A","3031092","2026-07-01 14:00","2026","07","01","14:00","","16.9","","13.1","","78","","","","33","","9","","32.2","","88.49","","","","","","Thunderstorms"
"-114.01","51.12","CALGARY INTL A","3031092","2026-07-01 15:00","2026","07","01","15:00","","19.4","","12.9","","66","","","","15","","10","","24.1","","88.46","","","","","","NA"
"-114.01","51.12","CALGARY INTL A","3031092","2026-07-01 16:00","2026","07","01","16:00","","20.6","","10.9","","53","","","","15","","9","","24.1","","88.39","","","","","","NA"
"-114.01","51.12","CALGARY INTL A","3031092","2026-07-01 17:00","2026","07","01","17:00","","20.2","","8.9","","48","","","","16","","12","","32.2","","88.40","","","","","","Mostly Cloudy"
"-114.01","51.12","CALGARY INTL A","3031092","2026-07-01 18:00","2026","07","01","18:00","","14.3","","9.9","","75","","","","30","","33","","14.5","","88.46","","","","","","Thunderstorms,Rain Showers"
"-114.01","51.12","CALGARY INTL A","3031092","2026-07-01 19:00","2026","07","01","19:00","","14.6","","10.6","","77","","","","1","","21","","24.1","","88.49","","","","","","NA"
"-114.01","51.12","CALGARY INTL A","3031092","2026-07-01 20:00","2026","07","01","20:00","","13.9","","10.5","","80","","","","34","","10","","16.1","","88.51","","","","","","Mainly Clear"
"-114.01","51.12","CALGARY INTL A","3031092","2026-07-01 21:00","2026","07","01","21:00","","13.3","","10.9","","85","","","","33","","8","","24.1","","88.53","","","","","","NA"
"-114.01","51.12","CALGARY INTL A","3031092","2026-07-01 22:00","2026","07","01","22:00","","12.7","","10.8","","88","","","","35","","10","","24.1","","88.57","","","","","","NA"
"-114.01","51.12","CALGARY INTL A","3031092","2026-07-01 23:00","2026","07","01","23:00","","12.5","","10.5","","88","","","","33","","7","","24.1","","88.59","","","","","","Mostly Cloudy"
"-114.01","51.12","CALGARY INTL A","3031092","2026-07-02 00:00","2026","07","02","00:00","","12.5","","10.4","","87","","","","19","","3","","24.1","","88.61","","","","","","NA"
"-114.01","51.12","CALGARY INTL A","3031092","2026-07-02 01:00","2026","07","02","01:00","","12.9","","10.0","","83","","","","28","","5","","24.1","","88.59","","","","","","NA"
"-114.01","51.12","CALGARY INTL A","3031092","2026-07-02 02:00","2026","07","02","02:00","","10.6","","9.1","","91","","","","35","","13","","24.1","","88.64","","","","","","Mostly Cloudy"
"-114.01","51.12","CALGARY INTL A","3031092","2026-07-02 03:00","2026","07","02","03:00","","10.7","","9.4","","92","","","","35","","11","","24.1","","88.66","","","","","","NA"
"-114.01","51.12","CALGARY INTL A","3031092","2026-07-02 04:00","2026","07","02","04:00","","10.9","","9.4","","90","","","","35","","12","","24.1","","88.66","","","","","","NA"
"-114.01","51.12","CALGARY INTL A","3031092","2026-07-02 05:00","2026","07","02","05:00","","11.0","","9.3","","89","","","","34","","11","","19.3","","88.69","","","","","","Mostly Cloudy"
"-114.01","51.12","CALGARY INTL A","3031092","2026-07-02 06:00","2026","07","02","06:00","","12.1","","9.8","","85","","","","32","","9","","16.1","","88.72","","","","","","NA"
"-114.01","51.12","CALGARY INTL A","3031092","2026-07-02 07:00","2026","07","02","07:00","","12.9","","9.6","","80","","","","25","","4","","48.3","","88.77","","","","","","NA"
"-114.01","51.12","CALGARY INTL A","3031092","2026-07-02 08:00","2026","07","02","08:00","","13.9","","10.3","","79","","","","28","","4","","64.4","","88.77","","","","","","Mostly Cloudy"
"-114.01","51.12","CALGARY INTL A","3031092","2026-07-02 09:00","2026","07","02","09:00","","16.8","","10.6","","66","","","","35","","4","","64.4","","88.76","","","","","","NA"
"-114.01","51.12","CALGARY INTL A","3031092","2026-07-02 10:00","2026","07","02","10:00","","17.8","","10.1","","61","","","","34","","9","","64.4","","88.74","","","","","","NA"
"-114.01","51.12","CALGARY INTL A","3031092","2026-07-02 11:00","2026","07","02","11:00","","18.8","","8.5","","51","","","","6","","7","","64.4","","88.72","","","","","","Mostly Cloudy"
"-114.01","51.12","CALGARY INTL A","3031092","2026-07-02 12:00","2026","07","02","12:00","","19.4","","7.1","","44","","","","","","0","","48.3","","88.70","","","","","","NA"
"-114.01","51.12","CALGARY INTL A","3031092","2026-07-02 13:00","2026","07","02","13:00","","20.4","","8.1","","45","","","","11","","3","","48.3","","88.68","","","","","","NA"
"-114.01","51.12","CALGARY INTL A","3031092","2026-07-02 14:00","2026","07","02","14:00","","21.0","","12.0","","56","","","","15","","16","","48.3","","88.68","","","","","","Mostly Cloudy"
"-114.01","51.12","CALGARY INTL A","3031092","2026-07-02 15:00","2026","07","02","15:00","","20.3","","8.3","","46","","","","16","","16","","48.3","","88.65","","","","","","Thunderstorms"
"-114.01","51.12","CALGARY INTL A","3031092","2026-07-02 16:00","2026","07","02","16:00","","21.5","","6.8","","38","","","","22","","13","","64.4","","88.63","","","","","","NA"
"-114.01","51.12","CALGARY INTL A","3031092","2026-07-02 17:00","2026","07","02","17:00","","21.4","","8.3","","43","","","","17","","13","","48.3","","88.58","","","","","","Mostly Cloudy"
"-114.01","51.12","CALGARY INTL A","3031092","2026-07-02 18:00","2026","07","02","18:00","","20.9","","7.6","","42","","","","17","","16","","48.3","","88.58","","","","","","NA"
"-114.01","51.12","CALGARY INTL A","3031092","2026-07-02 19:00","2026","07","02","19:00","","20.4","","7.4","","43","","","","18","","20","","32.2","","88.58","","","","","","NA"
"-114.01","51.12","CALGARY INTL A","3031092","2026-07-02 20:00","2026","07","02","20:00","","18.5","","8.8","","53","","","","18","","15","","32.2","","88.60","","","","","","Mainly Clear"
"-114.01","51.12","CALGARY INTL A","3031092","2026-07-02 21:00","2026","07","02","21:00","","17.9","","9.1","","56","","","","20","","7","","32.2","","88.63","","","","","","NA"
"-114.01","51.12","CALGARY INTL A","3031092","2026-07-02 22:00","2026","07","02","22:00","","16.3","","9.8","","65","","","","17","","7","","19.3","","88.64","","","","","","NA"
"-114.01","51.12","CALGARY INTL A","3031092","2026-07-02 23:00","2026","07","02","23:00","","14.8","","10.0","","73","","","","19","","12","","24.1","","88.62","","","","","","Mostly Cloudy"
"-114.01","51.12","CALGARY INTL A","3031092","2026-07-03 00:00","2026","07","03","00:00","","15.6","","10.0","","69","","","","21","","8","","24.1","","88.61","","","","","","NA"
"-114.01","51.12","CALGARY INTL A","3031092","2026-07-03 01:00","2026","07","03","01:00","","14.9","","9.2","","69","","","","21","","10","","24.1","","88.59","","","","","","NA"
"-114.01","51.12","CALGARY INTL A","3031092","2026-07-03 02:00","2026","07","03","02:00","","14.0","","7.9","","67","","","","21","","9","","24.1","","88.59","","","","","","Mostly Cloudy"
"-114.01","51.12","CALGARY INTL A","3031092","2026-07-03 03:00","2026","07","03","03:00","","14.0","","8.2","","68","","","","22","","14","","24.1","","88.58","","","","","","NA"
"-114.01","51.12","CALGARY INTL A","3031092","2026-07-03 04:00","2026","07","03","04:00","","14.6","","5.4","","54","","","","34","","9","","24.1","","88.60","","","","","","NA"
"-114.01","51.12","CALGARY INTL A","3031092","2026-07-03 05:00","2026","07","03","05:00","","15.9","","6.0","","52","","","","30","","21","","24.1","","88.60","","","","","","Mainly Clear"
"-114.01","51.12","CALGARY INTL A","3031092","2026-07-03 06:00","2026","07","03","06:00","","17.5","","5.4","","45","","","","29","","36","","32.2","","88.62","","","","","","NA"
"-114.01","51.12","CALGARY INTL A","3031092","2026-07-03 07:00","2026","07","03","07:00","","17.2","","5.6","","46","","","","28","","25","","64.4","","88.70","","","","","","NA"
"-114.01","51.12","CALGARY INTL A","3031092","2026-07-03 08:00","2026","07","03","08:00","","18.8","","5.7","","42","","","","30","","26","","64.4","","88.77","","","","","","Mainly Clear"
"-114.01","51.12","CALGARY INTL A","3031092","2026-07-03 09:00","2026","07","03","09:00","","20.1","","4.9","","36","","","","30","","23","","64.4","","88.82","","","","","","NA"
"-114.01","51.12","CALGARY INTL A","3031092","2026-07-03 10:00","2026","07","03","10:00","","20.7","","6.2","","38","","","","33","","8","","64.4","","88.83","","","","","","NA"
"-114.01","51.12","CALGARY INTL A","3031092","2026-07-03 11:00","2026","07","03","11:00","","20.6","","7.2","","41","","","","1","","8","","64.4","","88.84","","","","","","Mostly Cloudy"
"-114.01","51.12","CALGARY INTL A","3031092","2026-07-03 12:00","2026","07","03","12:00","","20.4","","10.3","","52","","","","4","","16","","64.4","","88.85","","","","","","NA"
"-114.01","51.12","CALGARY INTL A","3031092","2026-07-03 13:00","2026","07","03","13:00","","19.1","","9.7","","54","","","","6","","18","","64.4","","88.85","","","","","","NA"
"-114.01","51.12","CALGARY INTL A","3031092","2026-07-03 14:00","2026","07","03","14:00","","19.8","","10.9","","56","","","","10","","16","","64.4","","88.86","","","","","","Thunderstorms,Rain Showers"
"-114.01","51.12","CALGARY INTL A","3031092","2026-07-03 15:00","2026","07","03","15:00","","19.7","","11.3","","58","","","","6","","19","","64.4","","88.87","","","","","","Rain Showers"
"-114.01","51.12","CALGARY INTL A","3031092","2026-07-03 16:00","2026","07","03","16:00","","19.4","","10.1","","54","","","","9","","15","","64.4","","88.83","","","","","","NA"
"-114.01","51.12","CALGARY INTL A","3031092","2026-07-03 17:00","2026","07","03","17:00","","17.2","","12.1","","72","","","","12","","20","","48.3","","88.84","","","","","","Thunderstorms,Rain Showers"
"-114.01","51.12","CALGARY INTL A","3031092","2026-07-03 18:00","2026","07","03","18:00","","20.4","","11.0","","54","","","","13","","19","","48.3","","88.81","","","","","","NA"
"-114.01","51.12","CALGARY INTL A","3031092","2026-07-03 19:00","2026","07","03","19:00","","20.3","","10.8","","54","","","","11","","18","","48.3","","88.83","","","","","","NA"
"-114.01","51.12","CALGARY INTL A","3031092","2026-07-03 20:00","2026","07","03","20:00","","19.4","","9.6","","53","","","","11","","12","","64.4","","88.87","","","","","","Mostly Cloudy"
"-114.01","51.12","CALGARY INTL A","3031092","2026-07-03 21:00","2026","07","03","21:00","","17.1","","9.5","","61","","","","5","","20","","64.4","","88.95","","","","","","NA"
"-114.01","51.12","CALGARY INTL A","3031092","2026-07-03 22:00","2026","07","03","22:00","","16.3","","9.7","","65","","","","8","","4","","24.1","","89.00","","","","","","NA"
"-114.01","51.12","CALGARY INTL A","3031092","2026-07-03 23:00","2026","07","03","23:00","","15.2","","10.2","","72","","","","4","","8","","24.1","","89.03","","","","","","Mainly Clear"
"-114.01","51.12","CALGARY INTL A","3031092","2026-07-04 00:00","2026","07","04","00:00","","14.7","","9.8","","72","","","","3","","3","","24.1","","89.03","","","","","","NA"
"-114.01","51.12","CALGARY INTL A","3031092","2026-07-04 01:00","2026","07","04","01:00","","13.5","","9.9","","79","","","","17","","8","","24.1","","89.00","","","","","","NA"
"-114.01","51.12","CALGARY INTL A","3031092","2026-07-04 02:00","2026","07","04","02:00","","13.9","","10.1","","77","","","","17","","9","","16.1","","88.96","","","","","","Mostly Cloudy"
"-114.01","51.12","CALGARY INTL A","3031092","2026-07-04 03:00","2026","07","04","03:00","","14.2","","10.4","","78","","","","19","","9","","24.1","","88.93","","","","","","NA"
"-114.01","51.12","CALGARY INTL A","3031092","2026-07-04 04:00","2026","07","04","04:00","","13.1","","10.8","","86","","","","18","","8","","32.2","","88.86","","","","","","NA"
"-114.01","51.12","CALGARY INTL A","3031092","2026-07-04 05:00","2026","07","04","05:00","","13.4","","10.9","","85","","","","19","","7","","48.3","","88.82","","","","","","Mostly Cloudy"
"-114.01","51.12","CALGARY INTL A","3031092","2026-07-04 06:00","2026","07","04","06:00","","14.1","","11.2","","83","","","","23","","8","","64.4","","88.83","","","","","","NA"
"-114.01","51.12","CALGARY INTL A","3031092","2026-07-04 07:00","2026","07","04","07:00","","14.1","","11.7","","85","","","","19","","8","","64.4","","88.78","","","","","","NA"
"-114.01","51.12","CALGARY INTL A","3031092","2026-07-04 08:00","2026","07","04","08:00","","17.6","","8.6","","55","","","","25","","9","","64.4","","88.80","","","","","","Mainly Clear"
"-114.01","51.12","CALGARY INTL A","3031092","2026-07-04 09:00","2026","07","04","09:00","","19.8","","9.9","","52","","","","23","","10","","64.4","","88.76","","","","","","NA"
"-114.01","51.12","CALGARY INTL A","3031092","2026-07-04 10:00","2026","07","04","10:00","","22.1","","9.5","","44","","","","22","","10","","64.4","","88.73","","","","","","NA"
"-114.01","51.12","CALGARY INTL A","3031092","2026-07-04 11:00","2026","07","04","11:00","","23.5","","3.9","","28","","","","27","","11","","64.4","","88.71","","","","","","Mostly Cloudy"
"-114.01","51.12","CALGARY INTL A","3031092","2026-07-04 12:00","2026","07","04","12:00","","22.7","","6.7","","35","","","","","","0","","64.4","","88.70","","","","","","NA"
"-114.01","51.12","CALGARY INTL A","3031092","2026-07-04 13:00","2026","07","04","13:00","","23.3","","7.9","","37","","","","11","","4","","64.4","","88.67","","","","","","NA"
"-114.01","51.12","CALGARY INTL A","3031092","2026-07-04 14:00","2026","07","04","14:00","","24.3","","7.2","","33","","","","13","","9","","64.4","","88.62","","","","","","Mostly Cloudy"
"-114.01","51.12","CALGARY INTL A","3031092","2026-07-04 15:00","2026","07","04","15:00","","23.6","","6.6","","33","","","","10","","14","","64.4","","88.60","","","","","","NA"
"-114.01","51.12","CALGARY INTL A","3031092","2026-07-04 16:00","2026","07","04","16:00","","24.8","","7.7","","33","","","","9","","17","","64.4","","88.54","","25","","","","NA"
"-114.01","51.12","CALGARY INTL A","3031092","2026-07-04 17:00","2026","07","04","17:00","","25.8","","6.0","","28","","","","26","","7","","48.3","","88.50","","25","","","","Mostly Cloudy"
"-114.01","51.12","CALGARY INTL A","3031092","2026-07-04 18:00","2026","07","04","18:00","","25.4","","1.0","","20","","","","29","","29","","32.2","","88.51","","","","","","NA"
"-114.01","51.12","CALGARY INTL A","3031092","2026-07-04 19:00","2026","07","04","19:00","","24.0","","2.5","","24","","","","28","","21","","64.4","","88.57","","","","","","NA"
"-114.01","51.12","CALGARY INTL A","3031092","2026-07-04 20:00","2026","07","04","20:00","","18.8","","10.4","","58","","","","2","","35","","32.2","","88.71","","","","","","Mainly Clear"
"-114.01","51.12","CALGARY INTL A","3031092","2026-07-04 21:00","2026","07","04","21:00","","15.3","","9.3","","67","","","","1","","37","","32.2","","88.91","","","","","","NA"
"-114.01","51.12","CALGARY INTL A","3031092","2026-07-04 22:00","2026","07","04","22:00","","13.8","","9.1","","73","","","","36","","26","","16.1","","89.03","","","","","","NA"
"-114.01","51.12","CALGARY INTL A","3031092","2026-07-04 23:00","2026","07","04","23:00","","12.9","","7.1","","67","","","","1","","23","","16.1","","89.10","","","","","","Thunderstorms,Rain Showers"
"-114.01","51.12","CALGARY INTL A","3031092","2026-07-05 00:00","2026","07","05","00:00","","13.0","","7.4","","69","","","","29","","11","","24.1","","89.17","","","","","","NA"
"-114.01","51.12","CALGARY INTL A","3031092","2026-07-05 01:00","2026","07","05","01:00","","12.2","","7.5","","73","","","","27","","10","","24.1","","89.14","","","","","","NA"
"-114.01","51.12","CALGARY INTL A","3031092","2026-07-05 02:00","2026","07","05","02:00","","11.7","","8.0","","78","","","","25","","8","","24.1","","89.15","","","","","","Mostly Cloudy"
"-114.01","51.12","CALGARY INTL A","3031092","2026-07-05 03:00","2026","07","05","03:00","","11.6","","7.7","","77","","","","28","","7","","24.1","","89.13","","","","","","NA"
"-114.01","51.12","CALGARY INTL A","3031092","2026-07-05 04:00","2026","07","05","04:00","","11.0","","7.3","","78","","","","25","","5","","24.1","","89.13","","","","","","NA"
"-114.01","51.12","CALGARY INTL A","3031092","2026-07-05 05:00","2026","07","05","05:00","","9.5","","7.1","","85","","","","20","","7","","64.4","","89.16","","","","","","Mainly Clear"
"-114.01","51.12","CALGARY INTL A","3031092","2026-07-05 06:00","2026","07","05","06:00","","11.4","","7.3","","76","","","","20","","4","","64.4","","89.19","","","","","","NA"
"-114.01","51.12","CALGARY INTL A","3031092","2026-07-05 07:00","2026","07","05","07:00","","13.3","","6.7","","64","","","","24","","5","","64.4","","89.21","","","","","","NA"
"-114.01","51.12","CALGARY INTL A","3031092","2026-07-05 08:00","2026","07","05","08:00","","15.1","","7.3","","59","","","","17","","3","","64.4","","89.21","","","","","","Mostly Cloudy"
"-114.01","51.12","CALGARY INTL A","3031092","2026-07-05 09:00","2026","07","05","09:00","","15.4","","7.5","","59","","","","3","","13","","64.4","","89.21","","","","","","NA"
"-114.01","51.12","CALGARY INTL A","3031092","2026-07-05 10:00","2026","07","05","10:00","","16.5","","7.8","","56","","","","5","","15","","48.3","","89.22","","","","","","NA"
"-114.01","51.12","CALGARY INTL A","3031092","2026-07-05 11:00","2026","07","05","11:00","","16.4","","7.6","","56","","","","7","","14","","48.3","","89.20","","","","","","Mostly Cloudy"
"-114.01","51.12","CALGARY INTL A","3031092","2026-07-05 12:00","2026","07","05","12:00","","15.8","","7.2","","57","","","","7","","16","","24.1","","89.19","","","","","","Rain Showers"
"-114.01","51.12","CALGARY INTL A","3031092","2026-07-05 13:00","2026","07","05","13:00","","14.1","","8.8","","71","","","","3","","17","","9.7","","89.24","","","","","","Thunderstorms,Rain Showers,Fog"
"-114.01","51.12","CALGARY INTL A","3031092","2026-07-05 14:00","2026","07","05","14:00","","13.8","","8.8","","71","","","","4","","19","","24.1","","89.22","","","","","","Thunderstorms,Rain Showers"
"-114.01","51.12","CALGARY INTL A","3031092","2026-07-05 15:00","2026","07","05","15:00","","17.0","","9.0","","59","","","","5","","19","","24.1","","89.22","","","","","","NA"
"-114.01","51.12","CALGARY INTL A","3031092","2026-07-05 16:00","2026","07","05","16:00","","13.8","","8.2","","69","","","","36","","25","","12.9","","89.32","","","","","","Thunderstorms,Rain Showers"
"-114.01","51.12","CALGARY INTL A","3031092","2026-07-05 17:00","2026","07","05","17:00","","13.9","","9.0","","72","","","","34","","24","","24.1","","89.43","","","","","","Cloudy"
"-114.01","51.12","CALGARY INTL A","3031092","2026-07-05 18:00","2026","07","05","18:00","","11.7","","8.1","","79","","","","1","","12","","24.1","","89.44","","","","","","NA"
"-114.01","51.12","CALGARY INTL A","3031092","2026-07-05 19:00","2026","07","05","19:00","","13.5","","7.9","","68","","","","26","","10","","32.2","","89.45","","","","","","NA"
"-114.01","51.12","CALGARY INTL A","3031092","2026-07-05 20:00","2026","07","05","20:00","","13.5","","7.5","","66","","","","28","","12","","32.2","","89.50","","","","","","Mainly Clear"
"-114.01","51.12","CALGARY INTL A","3031092","2026-07-05 21:00","2026","07","05","21:00","","11.9","","7.3","","73","","","","29","","9","","32.2","","89.52","","","","","","NA"
"-114.01","51.12","CALGARY INTL A","3031092","2026-07-05 22:00","2026","07","05","22:00","","11.8","","7.7","","76","","","","27","","7","","24.1","","89.57","","","","","","NA"
"-114.01","51.12","CALGARY INTL A","3031092","2026-07-05 23:00","2026","07","05","23:00","","10.1","","7.1","","81","","","","18","","7","","24.1","","89.61","","","","","","Clear"
"-114.01","51.12","CALGARY INTL A","3031092","2026-07-06 00:00","2026","07","06","00:00","","9.2","","7.1","","86","","","","21","","9","","24.1","","89.63","","","","","","NA"
"-114.01","51.12","CALGARY INTL A","3031092","2026-07-06 01:00","2026","07","06","01:00","","8.6","","6.5","","86","","","","20","","8","","24.1","","89.65","","","","","","NA"
"-114.01","51.12","CALGARY INTL A","3031092","2026-07-06 02:00","2026","07","06","02:00","","7.9","","6.3","","89","","","","33","","6","","24.1","","89.63","","","","","","Clear"
"-114.01","51.12","CALGARY INTL A","3031092","2026-07-06 03:00","2026","07","06","03:00","","8.1","","6.5","","89","","","","22","","8","","24.1","","89.62","","","","","","NA"
"-114.01","51.12","CALGARY INTL A","3031092","2026-07-06 04:00","2026","07","06","04:00","","8.1","","5.7","","84","","","","24","","4","","24.1","","89.61","","","","","","NA"
"-114.01","51.12","CALGARY INTL A","3031092","2026-07-06 05:00","2026","07","06","05:00","","7.7","","5.2","","84","","","","","","0","","32.2","","89.63","","","","","","Clear"
"-114.01","51.12","CALGARY INTL A","3031092","2026-07-06 06:00","2026","07","06","06:00","","8.7","","5.7","","81","","","","20","","9","","48.3","","89.64","","","","","","NA"
"-114.01","51.12","CALGARY INTL A","3031092","2026-07-06 07:00","2026","07","06","07:00","","11.0","","6.2","","72","","","","22","","7","","64.4","","89.65","","","","","","NA"
"-114.01","51.12","CALGARY INTL A","3031092","2026-07-06 08:00","2026","07","06","08:00","","13.1","","6.2","","62","","","","21","","7","","64.4","","89.65","","","","","","Mainly Clear"
"-114.01","51.12","CALGARY INTL A","3031092","2026-07-06 09:00","2026","07","06","09:00","","15.5","","6.5","","54","","","","18","","17","","64.4","","89.63","","","","","","NA"
"-114.01","51.12","CALGARY INTL A","3031092","2026-07-06 10:00","2026","07","06","10:00","","17.5","","6.8","","49","","","","15","","23","","64.4","","89.62","","","","","","NA"
"-114.01","51.12","CALGARY INTL A","3031092","2026-07-06 11:00","2026","07","06","11:00","","18.3","","7.6","","49","","","","18","","24","","64.4","","89.58","","","","","","Mainly Clear"
"-114.01","51.12","CALGARY INTL A","3031092","2026-07-06 12:00","2026","07","06","12:00","","19.1","","8.6","","50","","","","16","","20","","64.4","","89.55","","","","","","NA"
"-114.01","51.12","CALGARY INTL A","3031092","2026-07-06 13:00","2026","07","06","13:00","","19.8","","8.7","","48","","","","16","","22","","64.4","","89.50","","","","","","NA"
"-114.01","51.12","CALGARY INTL A","3031092","2026-07-06 14:00","2026","07","06","14:00","","20.5","","8.5","","46","","","","17","","26","","64.4","","89.45","","","","","","Mainly Clear"
"-114.01","51.12","CALGARY INTL A","3031092","2026-07-06 15:00","2026","07","06","15:00","","20.9","","8.1","","43","","","","15","","32","","64.4","","89.40","","","","","","NA"
"-114.01","51.12","CALGARY INTL A","3031092","2026-07-06 16:00","2026","07","06","16:00","","20.9","","8.5","","44","","","","15","","27","","64.4","","89.37","","","","","","NA"
"-114.01","51.12","CALGARY INTL A","3031092","2026-07-06 17:00","2026","07","06","17:00","","20.7","","8.7","","46","","","","14","","30","","64.4","","89.34","","","","","","Mainly Clear"
"-114.01","51.12","CALGARY INTL A","3031092","2026-07-06 18:00","2026","07","06","18:00","","20.1","","9.3","","49","","","","16","","30","","64.4","","89.30","","","","","","NA"
"-114.01","51.12","CALGARY INTL A","3031092","2026-07-06 19:00","2026","07","06","19:00","","19.3","","10.1","","55","","","","15","","31","","32.2","","89.32","","","","","","NA"
"-114.01","51.12","CALGARY INTL A","3031092","2026-07-06 20:00","2026","07","06","20:00","","18.2","","10.4","","60","","","","16","","19","","32.2","","89.31","","","","","","Mainly Clear"
"-114.01","51.12","CALGARY INTL A","3031092","2026-07-06 21:00","2026","07","06","21:00","","16.8","","10.3","","65","","","","16","","17","","24.1","","89.33","","","","","","NA"
"-114.01","51.12","CALGARY INTL A","3031092","2026-07-06 22:00","2026","07","06","22:00","","15.5","","10.2","","71","","","","16","","18","","24.1","","89.32","","","","","","NA"
"-114.01","51.12","CALGARY INTL A","3031092","2026-07-06 23:00","2026","07","06","23:00","","14.1","","10.2","","77","","","","16","","12","","24.1","","89.32","","","","","","Clear"
"-114.01","51.12","CALGARY INTL A","3031092","2026-07-07 00:00","2026","07","07","00:00"
"-114.01","51.12","CALGARY INTL A","3031092","2026-07-07 01:00","2026","07","07","01:00","","13.6","","9.9","","78","","","","16","","14","","24.1","","89.27","","","","","","NA"
"-114.01","51.12","CALGARY INTL A","3031092","2026-07-07 02:00","2026","07","07","02:00","","12.7","","9.7","","82","","","","16","","9","","24.1","","89.28","","","","","","Clear"
"-114.01","51.12","CALGARY INTL A","3031092","2026-07-07 03:00","2026","07","07","03:00","","12.2","","10.0","","86","","","","18","","6","","24.1","","89.24","","","","","","NA"
"-114.01","51.12","CALGARY INTL A","3031092","2026-07-07 04:00","2026","07","07","04:00","","11.9","","9.7","","86","","","","18","","9","","24.1","","89.22","","","","","","NA"
"-114.01","51.12","CALGARY INTL A","3031092","2026-07-07 05:00","2026","07","07","05:00","","11.9","","9.9","","88","","","","18","","7","","24.1","","89.25","","","","","","Mainly Clear"
"-114.01","51.12","CALGARY INTL A","3031092","2026-07-07 06:00","2026","07","07","06:00","","12.8","","10.5","","86","","","","17","","9","","32.2","","89.26","","","","","","NA"
"-114.01","51.12","CALGARY INTL A","3031092","2026-07-07 07:00","2026","07","07","07:00","","14.5","","11.1","","79","","","","18","","11","","48.3","","89.25","","","","","","NA"
"-114.01","51.12","CALGARY INTL A","3031092","2026-07-07 08:00","2026","07","07","08:00","","16.6","","11.8","","73","","","","18","","8","","64.4","","89.25","","","","","","Clear"
"-114.01","51.12","CALGARY INTL A","3031092","2026-07-07 09:00","2026","07","07","09:00","","18.1","","11.5","","65","","","","19","","16","","64.4","","89.23","","","","","","NA"
"-114.01","51.12","CALGARY INTL A","3031092","2026-07-07 10:00","2026","07","07","10:00","","20.6","","11.9","","57","","","","19","","18","","64.4","","89.22","","","","","","NA"
"-114.01","51.12","CALGARY INTL A","3031092","2026-07-07 11:00","2026","07","07","11:00","","21.7","","13.2","","58","","","","15","","21","","64.4","","89.21","","25","","","","Clear"
"-114.01","51.12","CALGARY INTL A","3031092","2026-07-07 12:00","2026","07","07","12:00","","22.5","","12.9","","54","","","","16","","26","","64.4","","89.18","","25","","","","NA"
"-114.01","51.12","CALGARY INTL A","3031092","2026-07-07 13:00","2026","07","07","13:00","","23.1","","12.3","","50","","","","17","","25","","64.4","","89.13","","26","","","","NA"
"-114.01","51.12","CALGARY INTL A","3031092","2026-07-07 14:00","2026","07","07","14:00","","23.8","","12.4","","48","","","","15","","26","","64.4","","89.11","","26","","","","Mainly Clear"
"-114.01","51.12","CALGARY INTL A","3031092","2026-07-07 15:00","2026","07","07","15:00","","23.9","","13.9","","53","","","","16","","22","","64.4","","89.10","","27","","","","NA"
"-114.01","51.12","CALGARY INTL A","3031092","2026-07-07 16:00","2026","07","07","16:00","","24.0","","14.1","","53","","","","17","","22","","64.4","","89.06","","27","","","","NA"
"-114.01","51.12","CALGARY INTL A","3031092","2026-07-07 17:00","2026","07","07","17:00","","23.0","","14.0","","56","","","","16","","25","","64.4","","89.02","","26","","","","Mainly Clear"
"-114.01","51.12","CALGARY INTL A","3031092","2026-07-07 18:00","2026","07","07","18:00","","23.4","","14.1","","55","","","","15","","30","","64.4","","89.00","","27","","","","NA"
"-114.01","51.12","CALGARY INTL A","3031092","2026-07-07 19:00","2026","07","07","19:00","","22.5","","15.1","","62","","","","17","","26","","32.2","","88.98","","27","","","","NA"
"-114.01","51.12","CALGARY INTL A","3031092","2026-07-07 20:00","2026","07","07","20:00","","21.2","","15.0","","67","","","","16","","21","","32.2","","89.00","","25","","","","Mainly Clear"
"-114.01","51.12","CALGARY INTL A","3031092","2026-07-07 21:00","2026","07","07","21:00","","19.6","","15.1","","75","","","","16","","23","","24.1","","89.00","","","","","","NA"
"-114.01","51.12","CALGARY INTL A","3031092","2026-07-07 22:00","2026","07","07","22:00","","18.2","","14.6","","79","","","","17","","17","","24.1","","89.01","","","","","","NA"
"-114.01","51.12","CALGARY INTL A","3031092","2026-07-07 23:00","2026","07","07","23:00","","17.6","","13.9","","79","","","","17","","18","","24.1","","88.99","","","","","","Clear"
"-114.01","51.12","CALGARY INTL A","3031092","2026-07-08 00:00","2026","07","08","00:00","","16.4","","13.9","","85","","","","17","","13","","24.1","","88.96","","","","","","NA"
"-114.01","51.12","CALGARY INTL A","3031092","2026-07-08 01:00","2026","07","08","01:00","","15.2","","13.7","","91","","","","17","","8","","24.1","","88.91","","","","","","NA"
"-114.01","51.12","CALGARY INTL A","3031092","2026-07-08 02:00","2026","07","08","02:00","","14.5","","13.5","","94","","","","18","","9","","24.1","","88.87","","","","","","Clear"
"-114.01","51.12","CALGARY INTL A","3031092","2026-07-08 03:00","2026","07","08","03:00","","14.4","","13.4","","94","","","","23","","4","","24.1","","88.84","","","","","","NA"
"-114.01","51.12","CALGARY INTL A","3031092","2026-07-08 04:00","2026","07","08","04:00","","14.3","","13.8","","97","","","","23","","8","","3.2","","88.80","","","","","","Fog"
"-114.01","51.12","CALGARY INTL A","3031092","2026-07-08 05:00","2026","07","08","05:00","","13.9","","13.4","","97","","","","22","","14","","14.5","","88.78","","","","","","Mainly Clear"
"-114.01","51.12","CALGARY INTL A","3031092","2026-07-08 06:00","2026","07","08","06:00","","15.9","","13.0","","83","","","","24","","5","","24.1","","88.77","","","","","","NA"
"-114.01","51.12","CALGARY INTL A","3031092","2026-07-08 07:00","2026","07","08","07:00","","18.4","","11.0","","62","","","","22","","12","","64.4","","88.75","","","","","","NA"
"-114.01","51.12","CALGARY INTL A","3031092","2026-07-08 08:00","2026","07","08","08:00","","19.4","","9.8","","53","","","","23","","16","","64.4","","88.77","","","","","","Mostly Cloudy"
"-114.01","51.12","CALGARY INTL A","3031092","2026-07-08 09:00","2026","07","08","09:00","","23.1","","10.4","","44","","","","21","","10","","64.4","","88.73","","25","","","","NA"
"-114.01","51.12","CALGARY INTL A","3031092","2026-07-08 10:00","2026","07","08","10:00","","24.9","","9.6","","38","","","","17","","10","","64.4","","88.68","","26","","","","NA"
"-114.01","51.12","CALGARY INTL A","3031092","2026-07-08 11:00","2026","07","08","11:00","","24.9","","12.9","","47","","","","18","","10","","64.4","","88.64","","28","","","","Mostly Cloudy"
"-114.01","51.12","CALGARY INTL A","3031092","2026-07-08 12:00","2026","07","08","12:00","","25.9","","5.7","","27","","","","32","","5","","64.4","","88.62","","25","","","","NA"
"-114.01","51.12","CALGARY INTL A","3031092","2026-07-08 13:00","2026","07","08","13:00","","27.1","","9.7","","33","","","","19","","10","","64.4","","88.60","","28","","","","NA"
"-114.01","51.12","CALGARY INTL A","3031092","2026-07-08 14:00","2026","07","08","14:00","","27.1","","5.5","","25","","","","27","","5","","64.4","","88.56","","27","","","","Mostly Cloudy"
"-114.01","51.12","CALGARY INTL A","3031092","2026-07-08 15:00","2026","07","08","15:00","","25.4","","7.7","","32","","","","35","","9","","48.3","","88.56","","26","","","","NA"
"-114.01","51.12","CALGARY INTL A","3031092","2026-07-08 16:00","2026","07","08","16:00","","26.5","","7.3","","29","","","","14","","5","","64.4","","88.52","","27","","","","NA"
"-114.01","51.12","CALGARY INTL A","3031092","2026-07-08 17:00","2026","07","08","17:00","","25.8","","9.4","","35","","","","7","","12","","64.4","","88.57","","27","","","","Mainly Clear"
"-114.01","51.12","CALGARY INTL A","3031092","2026-07-08 18:00","2026","07","08","18:00","","24.5","","13.1","","49","","","","3","","25","","48.3","","88.60","","27","","","","NA"
"-114.01","51.12","CALGARY INTL A","3031092","2026-07-08 19:00","2026","07","08","19:00","","23.5","","13.9","","54","","","","2","","23","","14.5","","88.62","","27","","","","NA"
"-114.01","51.12","CALGARY INTL A","3031092","2026-07-08 20:00","2026","07","08","20:00","","18.6","","15.1","","80","","","","2","","45","","14.5","","88.74","","","","","","Thunderstorms,Moderate Rain Showers,Hail"
"-114.01","51.12","CALGARY INTL A","3031092","2026-07-08 21:00","2026","07","08","21:00","","17.5","","15.2","","86","","","","2","","17","","14.5","","88.85","","","","","","NA"
"-114.01","51.12","CALGARY INTL A","3031092","2026-07-08 22:00","2026","07","08","22:00","","16.9","","15.1","","89","","","","1","","18","","19.3","","88.90","","","","","","NA"
"-114.01","51.12","CALGARY INTL A","3031092","2026-07-08 23:00","2026","07","08","23:00","","16.4","","14.6","","89","","","","3","","19","","16.1","","88.92","","","","","","Mostly Cloudy"
"-114.01","51.12","CALGARY INTL A","3031092","2026-07-09 00:00","2026","07","09","00:00","","15.3","","13.4","","88","","","","10","","3","","16.1","","88.97","","","","","","NA"
"-114.01","51.12","CALGARY INTL A","3031092","2026-07-09 01:00","2026","07","09","01:00","","14.3","","12.0","","86","","","","1","","11","","19.3","","88.97","","","","","","NA"
"-114.01","51.12","CALGARY INTL A","3031092","2026-07-09 02:00","2026","07","09","02:00","","13.4","","11.7","","89","","","","7","","8","","19.3","","88.93","","","","","","Mostly Cloudy"
"-114.01","51.12","CALGARY INTL A","3031092","2026-07-09 03:00","2026","07","09","03:00","","14.4","","11.7","","84","","","","5","","4","","19.3","","88.94","","","","","","NA"
"-114.01","51.12","CALGARY INTL A","3031092","2026-07-09 04:00","2026","07","09","04:00","","14.4","","12.1","","86","","","","19","","5","","19.3","","88.90","","","","","","NA"
"-114.01","51.12","CALGARY INTL A","3031092","2026-07-09 05:00","2026","07","09","05:00","","13.8","","12.4","","91","","","","19","","9","","14.5","","88.87","","","","","","Mostly Cloudy"
"-114.01","51.12","CALGARY INTL A","3031092","2026-07-09 06:00","2026","07","09","06:00","","14.5","","12.3","","87","","","","19","","12","","14.5","","88.88","","","","","","NA"
"-114.01","51.12","CALGARY INTL A","3031092","2026-07-09 07:00","2026","07","09","07:00","","15.2","","12.1","","81","","","","18","","5","","14.5","","88.88","","","","","","NA"
"-114.01","51.12","CALGARY INTL A","3031092","2026-07-09 08:00","2026","07","09","08:00","","16.3","","11.7","","74","","","","18","","10","","14.5","","88.83","","","","","","Mostly Cloudy"
"-114.01","51.12","CALGARY INTL A","3031092","2026-07-09 09:00","2026","07","09","09:00","","18.0","","13.5","","74","","","","17","","10","","14.5","","88.79","","","","","","NA"
"-114.01","51.12","CALGARY INTL A","3031092","2026-07-09 10:00","2026","07","09","10:00","","18.8","","13.7","","72","","","","17","","10","","14.5","","88.73","","","","","","NA"
"-114.01","51.12","CALGARY INTL A","3031092","2026-07-09 11:00","2026","07","09","11:00","","20.3","","13.5","","64","","","","19","","9","","24.1","","88.71","","","","","","Mostly Cloudy"
"-114.01","51.12","CALGARY INTL A","3031092","2026-07-09 12:00","2026","07","09","12:00","","22.5","","10.9","","47","","","","14","","7","","24.1","","88.68","","","","","","NA"
"-114.01","51.12","CALGARY INTL A","3031092","2026-07-09 13:00","2026","07","09","13:00","","24.4","","8.0","","35","","","","20","","13","","32.2","","88.64","","25","","","","NA"
"-114.01","51.12","CALGARY INTL A","3031092","2026-07-09 14:00","2026","07","09","14:00","","25.4","","6.3","","29","","","","22","","18","","32.2","","88.59","","25","","","","Cloudy"
"-114.01","51.12","CALGARY INTL A","3031092","2026-07-09 15:00","2026","07","09","15:00","","24.3","","10.1","","40","","","","16","","10","","32.2","","88.56","","26","","","","NA"
"-114.01","51.12","CALGARY INTL A","3031092","2026-07-09 16:00","2026","07","09","16:00","","25.3","","11.5","","41","","","","17","","23","","32.2","","88.54","","27","","","","NA"
"-114.01","51.12","CALGARY INTL A","3031092","2026-07-09 17:00","2026","07","09","17:00","","24.3","","12.1","","46","","","","14","","12","","32.2","","88.55","","27","","","","Mostly Cloudy"
"-114.01","51.12","CALGARY INTL A","3031092","2026-07-09 18:00","2026","07","09","18:00","","24.2","","10.7","","42","","","","10","","27","","32.2","","88.55","","26","","","","NA"
"-114.01","51.12","CALGARY INTL A","3031092","2026-07-09 19:00","2026","07","09","19:00","","22.5","","13.9","","58","","","","11","","19","","32.2","","88.55","","26","","","","NA"
"-114.01","51.12","CALGARY INTL A","3031092","2026-07-09 20:00","2026","07","09","20:00","","21.1","","14.1","","64","","","","10","","15","","32.2","","88.57","","25","","","","Mostly Cloudy"
"-114.01","51.12","CALGARY INTL A","3031092","2026-07-09 21:00","2026","07","09","21:00","","19.4","","14.9","","75","","","","8","","9","","32.2","","88.60","","","","","","NA"
"-114.01","51.12","CALGARY INTL A","3031092","2026-07-09 22:00","2026","07","09","22:00","","19.1","","14.8","","76","","","","7","","4","","19.3","","88.62","","","","","","NA"
"-114.01","51.12","CALGARY INTL A","3031092","2026-07-09 23:00","2026","07","09","23:00","","17.5","","14.5","","82","","","","9","","8","","19.3","","88.59","","","","","","Mainly Clear"
"-114.01","51.12","CALGARY INTL A","3031092","2026-07-10 00:00","2026","07","10","00:00","","16.4","","13.6","","83","","","","7","","8","","19.3","","88.54","","","","","","NA"
"-114.01","51.12","CALGARY INTL A","3031092","2026-07-10 01:00","2026","07","10","01:00","","15.8","","13.5","","87","","","","2","","7","","19.3","","88.51","","","","","","NA"
"-114.01","51.12","CALGARY INTL A","3031092","2026-07-10 02:00","2026","07","10","02:00","","14.1","","11.8","","86","","","","35","","4","","19.3","","88.48","","","","","","Mainly Clear"
"-114.01","51.12","CALGARY INTL A","3031092","2026-07-10 03:00","2026","07","10","03:00","","13.5","","11.7","","89","","","","9","","4","","19.3","","88.47","","","","","","NA"
"-114.01","51.12","CALGARY INTL A","3031092","2026-07-10 04:00","2026","07","10","04:00","","13.0","","11.9","","93","","","","","","0","","16.1","","88.46","","","","","","NA"
"-114.01","51.12","CALGARY INTL A","3031092","2026-07-10 05:00","2026","07","10","05:00","","14.0","","12.0","","88","","","","24","","4","","16.1","","88.48","","","","","","Mainly Clear"
"-114.01","51.12","CALGARY INTL A","3031092","2026-07-10 06:00","2026","07","10","06:00","","14.3","","12.0","","86","","","","36","","4","","32.2","","88.48","","","","","","NA"
"-114.01","51.12","CALGARY INTL A","3031092","2026-07-10 07:00","2026","07","10","07:00","","17.0","","13.8","","81","","","","21","","11","","32.2","","88.46","","","","","","NA"
"-114.01","51.12","CALGARY INTL A","3031092","2026-07-10 08:00","2026","07","10","08:00","","19.2","","13.9","","71","","","","23","","10","","48.3","","88.45","","","","","","Mainly Clear"
"-114.01","51.12","CALGARY INTL A","3031092","2026-07-10 09:00","2026","07","10","09:00","","22.2","","13.1","","56","","","","17","","10","","48.3","","88.44","","25","","","","NA"
"-114.01","51.12","CALGARY INTL A","3031092","2026-07-10 10:00","2026","07","10","10:00","","23.9","","6.2","","31","","","","29","","14","","64.4","","88.41","","","","","","NA"
"-114.01","51.12","CALGARY INTL A","3031092","2026-07-10 11:00","2026","07","10","11:00","","25.3","","5.2","","27","","","","25","","6","","64.4","","88.40","","25","","","","Mostly Cloudy"
"-114.01","51.12","CALGARY INTL A","3031092","2026-07-10 12:00","2026","07","10","12:00","","25.3","","6.5","","30","","","","30","","3","","64.4","","88.41","","25","","","","NA"
"-114.01","51.12","CALGARY INTL A","3031092","2026-07-10 13:00","2026","07","10","13:00","","24.9","","6.3","","30","","","","17","","14","","64.4","","88.41","","25","","","","NA"
"-114.01","51.12","CALGARY INTL A","3031092","2026-07-10 14:00","2026","07","10","14:00","","25.1","","7.2","","31","","","","16","","8","","64.4","","88.39","","25","","","","Mostly Cloudy"
"-114.01","51.12","CALGARY INTL A","3031092","2026-07-10 15:00","2026","07","10","15:00","","26.6","","2.1","","20","","","","24","","5","","64.4","","88.38","","25","","","","NA"
"-114.01","51.12","CALGARY INTL A","3031092","2026-07-10 16:00","2026","07","10","16:00","","27.3","","4.0","","22","","","","20","","19","","64.4","","88.35","","26","","","","NA"
"-114.01","51.12","CALGARY INTL A","3031092","2026-07-10 17:00","2026","07","10","17:00","","26.3","","11.2","","38","","","","5","","19","","48.3","","88.36","","28","","","","Mostly Cloudy"
"-114.01","51.12","CALGARY INTL A","3031092","2026-07-10 18:00","2026","07","10","18:00","","25.9","","10.2","","37","","","","12","","28","","48.3","","88.35","","27","","","","NA"
"-114.01","51.12","CALGARY INTL A","3031092","2026-07-10 19:00","2026","07","10","19:00","","26.0","","5.1","","26","","","","32","","17","","64.4","","88.36","","25","","","","NA"
"-114.01","51.12","CALGARY INTL A","3031092","2026-07-10 20:00","2026","07","10","20:00","","25.8","","5.8","","27","","","","28","","9","","64.4","","88.42","","25","","","","Mostly Cloudy"
"-114.01","51.12","CALGARY INTL A","3031092","2026-07-10 21:00","2026","07","10","21:00","","22.7","","6.5","","35","","","","","","0","","64.4","","88.45","","","","","","NA"
"-114.01","51.12","CALGARY INTL A","3031092","2026-07-10 22:00","2026","07","10","22:00","","21.3","","9.8","","47","","","","1","","3","","24.1","","88.48","","","","","","NA"
"-114.01","51.12","CALGARY INTL A","3031092","2026-07-10 23:00","2026","07","10","23:00","","19.5","","11.2","","59","","","","31","","5","","24.1","","88.46","","","","","","Clear"
"-114.01","51.12","CALGARY INTL A","3031092","2026-07-11 00:00","2026","07","11","00:00","","16.5","","10.0","","65","","","","","","0","","24.1","","88.44","","","","","","NA"
"-114.01","51.12","CALGARY INTL A","3031092","2026-07-11 01:00","2026","07","11","01:00","","15.5","","9.0","","65","","","","6","","3","","24.1","","88.44","","","","","","NA"
"-114.01","51.12","CALGARY INTL A","3031092","2026-07-11 02:00","2026","07","11","02:00","","16.5","","8.7","","59","","","","26","","5","","16.1","","88.43","","","","","","Clear"
"-114.01","51.12","CALGARY INTL A","3031092","2026-07-11 03:00","2026","07","11","03:00","","14.7","","8.5","","66","","","","23","","3","","24.1","","88.45","","","","","","NA"
"-114.01","51.12","CALGARY INTL A","3031092","2026-07-11 04:00","2026","07","11","04:00","","13.8","","7.3","","65","","","","","","0","","32.2","","88.44","","","","","","NA"
"-114.01","51.12","CALGARY INTL A","3031092","2026-07-11 05:00","2026","07","11","05:00","","13.6","","7.6","","67","","","","29","","5","","64.4","","88.49","","","","","","Mainly Clear"
"-114.01","51.12","CALGARY INTL A","3031092","2026-07-11 06:00","2026","07","11","06:00","","12.9","","7.9","","72","","","","1","","11","","64.4","","88.52","","","","","","NA"
"-114.01","51.12","CALGARY INTL A","3031092","2026-07-11 07:00","2026","07","11","07:00","","14.8","","12.2","","84","","","","1","","9","","64.4","","88.50","","","","","","NA"
"-114.01","51.12","CALGARY INTL A","3031092","2026-07-11 08:00","2026","07","11","08:00","","16.2","","13.8","","86","","","","36","","9","","64.4","","88.46","","","","","","Mainly Clear"
"-114.01","51.12","CALGARY INTL A","3031092","2026-07-11 09:00","2026","07","11","09:00","","19.1","","14.4","","74","","","","6","","9","","64.4","","88.48","","","","","","NA"
"-114.01","51.12","CALGARY INTL A","3031092","2026-07-11 10:00","2026","07","11","10:00","","22.6","","10.5","","46","","","","14","","10","","64.4","","88.44","","","","","","NA"
"-114.01","51.12","CALGARY INTL A","3031092","2026-07-11 11:00","2026","07","11","11:00","","23.9","","13.1","","50","","","","12","","12","","64.4","","88.37","","27","","","","Mainly Clear"
"-114.01","51.12","CALGARY INTL A","3031092","2026-07-11 12:00","2026","07","11","12:00","","27.1","","12.7","","40","","","","13","","22","","64.4","","88.26","","30","","","","NA"
"-114.01","51.12","CALGARY INTL A","3031092","2026-07-11 13:00","2026","07","11","13:00","","29.8","","2.8","","17","","","","20","","23","","64.4","","88.27","","28","","","","NA"
"-114.01","51.12","CALGARY INTL A","3031092","2026-07-11 14:00","2026","07","11","14:00","","28.3","","14.1","","41","","","","35","","20","","64.4","","88.35","","32","","","","Mainly Clear"
"-114.01","51.12","CALGARY INTL A","3031092","2026-07-11 15:00","2026","07","11","15:00","","29.4","","10.0","","29","","","","35","","19","","64.4","","88.42","","31","","","","NA"
"-114.01","51.12","CALGARY INTL A","3031092","2026-07-11 16:00","2026","07","11","16:00","","21.5","","13.0","","58","","","","35","","38","","64.4","","88.53","","","","","","NA"
"-114.01","51.12","CALGARY INTL A","3031092","2026-07-11 17:00","2026","07","11","17:00","","21.4","","12.9","","58","","","","36","","30","","64.4","","88.58","","","","","","Mainly Clear"
"-114.01","51.12","CALGARY INTL A","3031092","2026-07-11 18:00","2026","07","11","18:00","","21.3","","12.9","","58","","","","2","","24","","64.4","","88.64","","","","","","NA"
"-114.01","51.12","CALGARY INTL A","3031092","2026-07-11 19:00","2026","07","11","19:00","","20.8","","11.6","","55","","","","2","","26","","64.4","","88.71","","","","","","NA"
"-114.01","51.12","CALGARY INTL A","3031092","2026-07-11 20:00","2026","07","11","20:00","","19.8","","11.4","","58","","","","3","","16","","48.3","","88.77","","","","","","Mainly Clear"
"-114.01","51.12","CALGARY INTL A","3031092","2026-07-11 21:00","2026","07","11","21:00","","18.2","","11.1","","63","","","","2","","10","","64.4","","88.84","","","","","","NA"
"-114.01","51.12","CALGARY INTL A","3031092","2026-07-11 22:00","2026","07","11","22:00","","18.1","","11.3","","64","","","","5","","5","","24.1","","88.88","","","","","","NA"
"-114.01","51.12","CALGARY INTL A","3031092","2026-07-11 23:00","2026","07","11","23:00","","17.3","","10.7","","65","","","","","","0","","24.1","","88.89","","","","","","Clear"
"-114.01","51.12","CALGARY INTL A","3031092","2026-07-12 00:00","2026","07","12","00:00","","15.6","","10.4","","71","","","","1","","5","","24.1","","88.89","","","","","","NA"
"-114.01","51.12","CALGARY INTL A","3031092","2026-07-12 01:00","2026","07","12","01:00","","13.7","","10.4","","81","","","","","","0","","24.1","","88.89","","","","","","NA"
"-114.01","51.12","CALGARY INTL A","3031092","2026-07-12 02:00","2026","07","12","02:00","","13.8","","10.4","","80","","","","7","","6","","24.1","","88.82","","","","","","Clear"
"-114.01","51.12","CALGARY INTL A","3031092","2026-07-12 03:00","2026","07","12","03:00","","13.8","","11.1","","84","","","","11","","4","","24.1","","88.78","","","","","","NA"
"-114.01","51.12","CALGARY INTL A","3031092","2026-07-12 04:00","2026","07","12","04:00","","13.7","","11.5","","87","","","","15","","10","","24.1","","88.76","","","","","","NA"
"-114.01","51.12","CALGARY INTL A","3031092","2026-07-12 05:00","2026","07","12","05:00","","13.5","","11.3","","86","","","","13","","10","","64.4","","88.70","","","","","","Mainly Clear"
"-114.01","51.12","CALGARY INTL A","3031092","2026-07-12 06:00","2026","07","12","06:00","","14.4","","12.3","","87","","","","17","","15","","48.3","","88.72","","","","","","NA"
"-114.01","51.12","CALGARY INTL A","3031092","2026-07-12 07:00","2026","07","12","07:00","","14.9","","12.5","","85","","","","19","","18","","64.4","","88.66","","","","","","NA"
"-114.01","51.12","CALGARY INTL A","3031092","2026-07-12 08:00","2026","07","12","08:00","","17.6","","12.3","","71","","","","19","","14","","64.4","","88.64","","","","","","Mainly Clear"
"-114.01","51.12","CALGARY INTL A","3031092","2026-07-12 09:00","2026","07","12","09:00","","22.2","","11.1","","49","","","","19","","19","","64.4","","88.63","","","","","","NA"
"-114.01","51.12","CALGARY INTL A","3031092","2026-07-12 10:00","2026","07","12","10:00","","25.4","","9.6","","36","","","","18","","20","","64.4","","88.57","","26","","","","NA"
"-114.01","51.12","CALGARY INTL A","3031092","2026-07-12 11:00","2026","07","12","11:00","","27.4","","3.6","","21","","","","29","","16","","64.4","","88.55","","26","","","","Mainly Clear"
"-114.01","51.12","CALGARY INTL A","3031092","2026-07-12 12:00","2026","07","12","12:00","","28.6","","-2.5","","13","","","","26","","22","","64.4","","88.50","","26","","","","NA"
"-114.01","51.12","CALGARY INTL A","3031092","2026-07-12 13:00","2026","07","12","13:00","","27.9","","-5.8","","10","","","","26","","27","","64.4","","88.53","","25","","","","NA"
"-114.01","51.12","CALGARY INTL A","3031092","2026-07-12 14:00","2026","07","12","14:00","","28.1","","-6.1","","10","","","","24","","21","","64.4","","88.58","","25","","","","Mainly Clear"
"-114.01","51.12","CALGARY INTL A","3031092","2026-07-12 15:00","2026","07","12","15:00","","28.6","","-5.6","","10","","","","25","","23","","64.4","","88.63","","25","","","","NA"
"-114.01","51.12","CALGARY INTL A","3031092","2026-07-12 16:00","2026","07","12","16:00","","28.1","","-3.5","","12","","","","24","","20","","64.4","","88.64","","25","","","","NA"
"-114.01","51.12","CALGARY INTL A","3031092","2026-07-12 17:00","2026","07","12","17:00","","27.5","","-3.4","","13","","","","24","","17","","64.4","","88.69","","25","","","","Mostly Cloudy"
"-114.01","51.12","CALGARY INTL A","3031092","2026-07-12 18:00","2026","07","12","18:00","","27.5","","-2.5","","14","","","","23","","23","","64.4","","88.70","","25","","","","NA"
"-114.01","51.12","CALGARY INTL A","3031092","2026-07-12 19:00","2026","07","12","19:00","","27.2","","-4.1","","12","","","","27","","18","","32.2","","88.75","","","","","","NA"
"-114.01","51.12","CALGARY INTL A","3031092","2026-07-12 20:00","2026","07","12","20:00","","26.0","","-1.4","","16","","","","27","","11","","32.2","","88.79","","","","","","Mostly Cloudy"
"-114.01","51.12","CALGARY INTL A","3031092","2026-07-12 21:00","2026","07","12","21:00","","20.3","","16.6","","79","","","","5","","13","","32.2","","88.88","","25","","","","NA"
"-114.01","51.12","CALGARY INTL A","3031092","2026-07-12 22:00","2026","07","12","22:00","","18.3","","15.9","","86","","","","5","","13","","24.1","","88.97","","","","","","NA"
"-114.01","51.12","CALGARY INTL A","3031092","2026-07-12 23:00","2026","07","12","23:00","","17.4","","14.6","","84","","","","3","","14","","24.1","","89.04","","","","","","Mainly Clear"
"-114.01","51.12","CALGARY INTL A","3031092","2026-07-13 00:00","2026","07","13","00:00","","16.4","","14.2","","86","","","","2","","12","","24.1","","89.11","","","","","","NA"
"-114.01","51.12","CALGARY INTL A","3031092","2026-07-13 01:00","2026","07","13","01:00","","15.0","","13.6","","91","","","","36","","12","","24.1","","89.18","","","","","","NA"
"-114.01","51.12","CALGARY INTL A","3031092","2026-07-13 02:00","2026","07","13","02:00","","15.4","","10.2","","71","","","","3","","21","","24.1","","89.26","","","","","","Mostly Cloudy"
"-114.01","51.12","CALGARY INTL A","3031092","2026-07-13 03:00","2026","07","13","03:00","","15.1","","8.5","","65","","","","4","","16","","24.1","","89.29","","","","","","NA"
"-114.01","51.12","CALGARY INTL A","3031092","2026-07-13 04:00","2026","07","13","04:00","","13.8","","8.5","","70","","","","8","","13","","24.1","","89.30","","","","","","NA"
"-114.01","51.12","CALGARY INTL A","3031092","2026-07-13 05:00","2026","07","13","05:00","","13.6","","8.7","","72","","","","9","","11","","32.2","","89.35","","","","","","Mostly Cloudy"
"-114.01","51.12","CALGARY INTL A","3031092","2026-07-13 06:00","2026","07","13","06:00","","14.7","","8.3","","65","","","","9","","16","","24.1","","89.40","","","","","","NA"
"-114.01","51.12","CALGARY INTL A","3031092","2026-07-13 07:00","2026","07","13","07:00","","15.5","","6.6","","55","","","","12","","10","","32.2","","89.42","","","","","","NA"
"-114.01","51.12","CALGARY INTL A","3031092","2026-07-13 08:00","2026","07","13","08:00","","16.5","","7.3","","54","","","","9","","8","","48.3","","89.45","","","","","","Mostly Cloudy"
"-114.01","51.12","CALGARY INTL A","3031092","2026-07-13 09:00","2026","07","13","09:00","","17.7","","7.6","","51","","","","15","","14","","48.3","","89.43","","","","","","NA"
"-114.01","51.12","CALGARY INTL A","3031092","2026-07-13 10:00","2026","07","13","10:00","","19.2","","8.2","","48","","","","11","","24","","64.4","","89.39","","","","","","NA"
"-114.01","51.12","CALGARY INTL A","3031092","2026-07-13 11:00","2026","07","13","11:00","","19.7","","9.2","","51","","","","16","","27","","64.4","","89.37","","","","","","Mainly Clear"
"-114.01","51.12","CALGARY INTL A","3031092","2026-07-13 12:00","2026","07","13","12:00","","20.3","","10.1","","51","","","","15","","22","","64.4","","89.32","","","","","","NA"
"-114.01","51.12","CALGARY INTL A","3031092","2026-07-13 13:00","2026","07","13","13:00","","21.6","","10.7","","49","","","","15","","21","","48.3","","89.27","","","","","","NA"
"-114.01","51.12","CALGARY INTL A","3031092","2026-07-13 14:00","2026","07","13","14:00","","23.1","","10.4","","44","","","","15","","22","","64.4","","89.25","","25","","","","Clear"
"-114.01","51.12","CALGARY INTL A","3031092","2026-07-13 15:00","2026","07","13","15:00","","24.2","","11.7","","45","","","","12","","19","","64.4","","89.24","","26","","","","NA"
"-114.01","51.12","CALGARY INTL A","3031092","2026-07-13 16:00","2026","07","13","16:00","","24.1","","11.4","","44","","","","15","","9","","64.4","","89.22","","26","","","","NA"
"-114.01","51.12","CALGARY INTL A","3031092","2026-07-13 17:00","2026","07","13","17:00","","25.2","","11.8","","43","","","","11","","21","","64.4","","89.21","","27","","","","Mainly Clear"
"-114.01","51.12","CALGARY INTL A","3031092","2026-07-13 18:00","2026","07","13","18:00","","24.9","","12.5","","46","","","","9","","19","","64.4","","89.19","","27","","","","NA"
"-114.01","51.12","CALGARY INTL A","3031092","2026-07-13 19:00","2026","07","13","19:00","","23.2","","14.0","","56","","","","10","","18","","32.2","","89.23","","27","","","","NA"
"-114.01","51.12","CALGARY INTL A","3031092","2026-07-13 20:00","2026","07","13","20:00","","21.6","","13.6","","60","","","","9","","18","","32.2","","89.27","","25","","","","Clear"
"-114.01","51.12","CALGARY INTL A","3031092","2026-07-13 21:00","2026","07","13","21:00","","19.9","","11.9","","60","","","","7","","13","","24.1","","89.33","","","","","","NA"
"-114.01","51.12","CALGARY INTL A","3031092","2026-07-13 22:00","2026","07","13","22:00","","18.4","","11.0","","62","","","","35","","5","","24.1","","89.40","","","","","","NA"
"-114.01","51.12","CALGARY INTL A","3031092","2026-07-13 23:00","2026","07","13","23:00","","17.4","","11.9","","70","","","","35","","12","","24.1","","89.45","","","","","","Clear"
"-114.01","51.12","CALGARY INTL A","3031092","2026-07-14 00:00","2026","07","14","00:00","","16.2","","11.2","","72","","","","34","","16","","24.1","","89.48","","","","","","NA"
"-114.01","51.12","CALGARY INTL A","3031092","2026-07-14 01:00","2026","07","14","01:00","","15.2","","10.6","","74","","","","34","","15","","24.1","","89.53","","","","","","NA"
"-114.01","51.12","CALGARY INTL A","3031092","2026-07-14 02:00","2026","07","14","02:00","","14.7","","10.7","","77","","","","34","","16","","24.1","","89.56","","","","","","Clear"
"-114.01","51.12","CALGARY INTL A","3031092","2026-07-14 03:00","2026","07","14","03:00","","14.2","","10.7","","79","","","","35","","16","","24.1","","89.58","","","","","","NA"
"-114.01","51.12","CALGARY INTL A","3031092","2026-07-14 04:00","2026","07","14","04:00","","13.1","","10.3","","83","","","","35","","8","","24.1","","89.63","","","","","","NA"
"-114.01","51.12","CALGARY INTL A","3031092","2026-07-14 05:00","2026","07","14","05:00","","13.2","","10.1","","82","","","","34","","9","","32.2","","89.66","","","","","","Mainly Clear"
"-114.01","51.12","CALGARY INTL A","3031092","2026-07-14 06:00","2026","07","14","06:00","","14.5","","10.4","","76","","","","35","","11","","32.2","","89.71","","","","","","NA"
"-114.01","51.12","CALGARY INTL A","3031092","2026-07-14 07:00","2026","07","14","07:00","","16.6","","11.5","","71","","","","34","","9","","48.3","","89.74","","","","","","NA"
"-114.01","51.12","CALGARY INTL A","3031092","2026-07-14 08:00","2026","07","14","08:00","","16.8","","12.9","","78","","","","36","","18","","48.3","","89.76","","","","","","Mostly Cloudy"
"-114.01","51.12","CALGARY INTL A","3031092","2026-07-14 09:00","2026","07","14","09:00","","18.7","","14.2","","75","","","","35","","14","","24.1","","89.76","","","","","","NA"
"-114.01","51.12","CALGARY INTL A","3031092","2026-07-14 10:00","2026","07","14","10:00","","18.7","","15.7","","82","","","","34","","8","","19.3","","89.77","","","","","","Drizzle"
"-114.01","51.12","CALGARY INTL A","3031092","2026-07-14 11:00","2026","07","14","11:00","","19.9","","16.9","","83","","","","5","","5","","24.1","","89.75","","","","","","Cloudy"
"-114.01","51.12","CALGARY INTL A","3031092","2026-07-14 12:00","2026","07","14","12:00","","21.0","","17.0","","77","","","","9","","11","","24.1","","89.74","","26","","","","NA"
"-114.01","51.12","CALGARY INTL A","3031092","2026-07-14 13:00","2026","07","14","13:00","","20.9","","16.8","","77","","","","9","","14","","24.1","","89.74","","26","","","","NA"
"-114.01","51.12","CALGARY INTL A","3031092","2026-07-14 14:00","2026","07","14","14:00","","21.8","","17.2","","75","","","","6","","12","","24.1","","89.68","","27","","","","Cloudy"
"-114.01","51.12","CALGARY INTL A","3031092","2026-07-14 15:00","2026","07","14","15:00","","22.1","","17.6","","75","","","","12","","10","","24.1","","89.67","","28","","","","NA"
"-114.01","51.12","CALGARY INTL A","3031092","2026-07-14 16:00","2026","07","14","16:00","","22.5","","17.6","","74","","","","15","","17","","24.1","","89.66","","28","","","","NA"
"-114.01","51.12","CALGARY INTL A","3031092","2026-07-14 17:00","2026","07","14","17:00","","22.7","","17.6","","73","","","","16","","22","","24.1","","89.59","","28","","","","Mostly Cloudy"
"-114.01","51.12","CALGARY INTL A","3031092","2026-07-14 18:00","2026","07","14","18:00","","22.2","","18.0","","77","","","","16","","23","","48.3","","89.54","","28","","","","NA"
"-114.01","51.12","CALGARY INTL A","3031092","2026-07-14 19:00","2026","07","14","19:00","","22.0","","17.4","","75","","","","18","","19","","32.2","","89.48","","28","","","","NA"
"-114.01","51.12","CALGARY INTL A","3031092","2026-07-14 20:00","2026","07","14","20:00","","21.5","","14.7","","65","","","","18","","12","","32.2","","89.45","","25","","","","Mostly Cloudy"
"-114.01","51.12","CALGARY INTL A","3031092","2026-07-14 21:00","2026","07","14","21:00","","20.5","","14.5","","68","","","","17","","9","","32.2","","89.47","","","","","","NA"
"-114.01","51.12","CALGARY INTL A","3031092","2026-07-14 22:00","2026","07","14","22:00","","19.4","","14.8","","74","","","","15","","11","","24.1","","89.47","","","","","","NA"
"-114.01","51.12","CALGARY INTL A","3031092","2026-07-14 23:00","2026","07","14","23:00","","17.4","","13.9","","80","","","","19","","10","","24.1","","89.48","","","","","","Clear"
"-114.01","51.12","CALGARY INTL A","3031092","2026-07-15 00:00","2026","07","15","00:00","","17.5","","13.0","","75","","","","19","","8","","24.1","","89.50","","","","","","NA"
"-114.01","51.12","CALGARY INTL A","3031092","2026-07-15 01:00","2026","07","15","01:00","","16.1","","11.8","","75","","","","19","","11","","24.1","","89.50","","","","","","NA"
"-114.01","51.12","CALGARY INTL A","3031092","2026-07-15 02:00","2026","07","15","02:00","","15.8","","11.0","","73","","","","17","","11","","24.1","","89.48","","","","","","Clear"
"-114.01","51.12","CALGARY INTL A","3031092","2026-07-15 03:00","2026","07","15","03:00","","15.4","","10.7","","73","","","","20","","9","","24.1","","89.48","","","","","","NA"
"-114.01","51.12","CALGARY INTL A","3031092","2026-07-15 04:00","2026","07","15","04:00","","16.0","","10.3","","69","","","","22","","5","","24.1","","89.48","","","","","","NA"
"-114.01","51.12","CALGARY INTL A","3031092","2026-07-15 05:00","2026","07","15","05:00","","14.5","","10.0","","74","","","","20","","11","","32.2","","89.48","","","","","","Mainly Clear"
"-114.01","51.12","CALGARY INTL A","3031092","2026-07-15 06:00","2026","07","15","06:00","","15.2","","11.1","","76","","","","34","","15","","32.2","","89.52","","","","","","NA"
"-114.01","51.12","CALGARY INTL A","3031092","2026-07-15 07:00","2026","07","15","07:00","","17.0","","11.7","","71","","","","6","","4","","32.2","","89.57","","","","","","NA"
"-114.01","51.12","CALGARY INTL A","3031092","2026-07-15 08:00","2026","07","15","08:00","","19.9","","10.2","","53","","","","17","","20","","24.1","","89.58","","","","","","Mainly Clear"
"-114.01","51.12","CALGARY INTL A","3031092","2026-07-15 09:00","2026","07","15","09:00","","20.5","","11.7","","57","","","","18","","21","","24.1","","89.57","","","","","","NA"
"-114.01","51.12","CALGARY INTL A","3031092","2026-07-15 10:00","2026","07","15","10:00","","22.0","","12.4","","54","","","","18","","21","","24.1","","89.51","","","","","","NA"
"-114.01","51.12","CALGARY INTL A","3031092","2026-07-15 11:00","2026","07","15","11:00","","22.9","","12.5","","51","","","","19","","16","","24.1","","89.49","","25","","","","Mostly Cloudy"
"-114.01","51.12","CALGARY INTL A","3031092","2026-07-15 12:00","2026","07","15","12:00","","24.3","","12.4","","47","","","","16","","17","","24.1","","89.45","","27","","","","NA"
"-114.01","51.12","CALGARY INTL A","3031092","2026-07-15 13:00","2026","07","15","13:00","","24.2","","13.3","","50","","","","20","","12","","32.2","","89.43","","27","","","","NA"
"-114.01","51.12","CALGARY INTL A","3031092","2026-07-15 14:00","2026","07","15","14:00","","24.5","","13.3","","49","","","","15","","16","","32.2","","89.38","","27","","","","Mostly Cloudy"
"-114.01","51.12","CALGARY INTL A","3031092","2026-07-15 15:00","2026","07","15","15:00","","25.7","","14.2","","49","","","","15","","18","","32.2","","89.32","","29","","","","NA"
"-114.01","51.12","CALGARY INTL A","3031092","2026-07-15 16:00","2026","07","15","16:00","","26.0","","12.8","","43","","","","9","","7","","32.2","","89.35","","29","","","","NA"
"-114.01","51.12","CALGARY INTL A","3031092","2026-07-15 17:00","2026","07","15","17:00","","26.4","","13.1","","43","","","","9","","15","","24.1","","89.28","","29","","","","Mainly Clear"
"-114.01","51.12","CALGARY INTL A","3031092","2026-07-15 18:00","2026","07","15","18:00","","24.8","","13.9","","50","","","","5","","12","","24.1","","89.29","","28","","","","NA"
"-114.01","51.12","CALGARY INTL A","3031092","2026-07-15 19:00","2026","07","15","19:00","","24.6","","15.9","","58","","","","8","","17","","16.1","","89.28","","29","","","","NA"
"-114.01","51.12","CALGARY INTL A","3031092","2026-07-15 20:00","2026","07","15","20:00","","23.3","","16.7","","66","","","","16","","16","","16.1","","89.26","","28","","","","Mainly Clear"
"-114.01","51.12","CALGARY INTL A","3031092","2026-07-15 21:00","2026","07","15","21:00","","21.9","","16.3","","70","","","","14","","19","","16.1","","89.30","","27","","","","NA"
"-114.01","51.12","CALGARY INTL A","3031092","2026-07-15 22:00","2026","07","15","22:00","","19.6","","16.3","","81","","","","19","","10","","24.1","","89.32","","","","","","NA"
"-114.01","51.12","CALGARY INTL A","3031092","2026-07-15 23:00","2026","07","15","23:00","","19.6","","17.0","","84","","","","16","","16","","24.1","","89.32","","","","","","Mainly Clear"
"-114.01","51.12","CALGARY INTL A","3031092","2026-07-16 00:00","2026","07","16","00:00","","18.9","","17.1","","89","","","","15","","15","","24.1","","89.31","","","","","","NA"
"-114.01","51.12","CALGARY INTL A","3031092","2026-07-16 01:00","2026","07","16","01:00","","17.6","","16.4","","92","","","","17","","9","","16.1","","89.27","","","","","","NA"
"-114.01","51.12","CALGARY INTL A","3031092","2026-07-16 02:00","2026","07","16","02:00","","17.5","","16.5","","94","","","","19","","7","","24.1","","89.26","","","","","","Mainly Clear"
"-114.01","51.12","CALGARY INTL A","3031092","2026-07-16 03:00","2026","07","16","03:00","","17.1","","14.0","","82","","","","22","","6","","24.1","","89.27","","","","","","NA"
"-114.01","51.12","CALGARY INTL A","3031092","2026-07-16 04:00","2026","07","16","04:00","","15.4","","13.1","","86","","","","20","","7","","24.1","","89.26","","","","","","NA"
"-114.01","51.12","CALGARY INTL A","3031092","2026-07-16 05:00","2026","07","16","05:00","","14.9","","11.8","","82","","","","22","","6","","24.1","","89.24","","","","","","Mainly Clear"
"-114.01","51.12","CALGARY INTL A","3031092","2026-07-16 06:00","2026","07","16","06:00","","15.0","","10.4","","74","","","","34","","15","","32.2","","89.29","","","","","","NA"
"-114.01","51.12","CALGARY INTL A","3031092","2026-07-16 07:00","2026","07","16","07:00","","16.4","","11.5","","73","","","","33","","13","","48.3","","89.33","","","","","","NA"
"-114.01","51.12","CALGARY INTL A","3031092","2026-07-16 08:00","2026","07","16","08:00","","17.2","","13.3","","77","","","","3","","8","","48.3","","89.39","","","","","","Mostly Cloudy"
"-114.01","51.12","CALGARY INTL A","3031092","2026-07-16 09:00","2026","07","16","09:00","","19.1","","14.1","","73","","","","36","","8","","24.1","","89.38","","","","","","NA"
"-114.01","51.12","CALGARY INTL A","3031092","2026-07-16 10:00","2026","07","16","10:00","","20.4","","14.6","","69","","","","4","","7","","32.2","","89.35","","","","","","NA"
"-114.01","51.12","CALGARY INTL A","3031092","2026-07-16 11:00","2026","07","16","11:00","","22.2","","13.8","","59","","","","7","","5","","32.2","","89.30","","25","","","","Mostly Cloudy"
"-114.01","51.12","CALGARY INTL A","3031092","2026-07-16 12:00","2026","07","16","12:00","","24.2","","14.8","","55","","","","10","","9","","24.1","","89.25","","28","","","","NA"
"-114.01","51.12","CALGARY INTL A","3031092","2026-07-16 13:00","2026","07","16","13:00","","25.4","","16.6","","58","","","","15","","17","","24.1","","89.20","","30","","","","NA"
"-114.01","51.12","CALGARY INTL A","3031092","2026-07-16 14:00","2026","07","16","14:00","","27.1","","17.6","","56","","","","15","","16","","24.1","","89.16","","33","","","","Mostly Cloudy"
"-114.01","51.12","CALGARY INTL A","3031092","2026-07-16 15:00","2026","07","16","15:00","","28.2","","15.7","","46","","","","18","","24","","24.1","","89.10","","33","","","","NA"
"-114.01","51.12","CALGARY INTL A","3031092","2026-07-16 16:00","2026","07","16","16:00","","26.2","","15.9","","52","","","","17","","21","","24.1","","89.07","","31","","","","NA"
"-114.01","51.12","CALGARY INTL A","3031092","2026-07-16 17:00","2026","07","16","17:00","","27.4","","15.4","","47","","","","16","","22","","24.1","","89.04","","32","","","","Mostly Cloudy"
"-114.01","51.12","CALGARY INTL A","3031092","2026-07-16 18:00","2026","07","16","18:00","","26.3","","17.3","","57","","","","14","","20","","24.1","","89.01","","32","","","","NA"
"-114.01","51.12","CALGARY INTL A","3031092","2026-07-16 19:00","2026","07","16","19:00","","25.4","","17.7","","62","","","","15","","23","","14.5","","89.02","","31","","","","NA"
"-114.01","51.12","CALGARY INTL A","3031092","2026-07-16 20:00","2026","07","16","20:00","","24.5","","17.5","","64","","","","16","","25","","14.5","","89.03","","30","","","","Mainly Clear"
"-114.01","51.12","CALGARY INTL A","3031092","2026-07-16 21:00","2026","07","16","21:00","","23.3","","17.8","","70","","","","16","","18","","14.5","","89.03","","29","","","","NA"
"-114.01","51.12","CALGARY INTL A","3031092","2026-07-16 22:00","2026","07","16","22:00","","21.4","","17.8","","80","","","","9","","10","","12.9","","89.04","","27","","","","NA"
"-114.01","51.12","CALGARY INTL A","3031092","2026-07-16 23:00","2026","07","16","23:00","","21.1","","18.3","","84","","","","13","","10","","19.3","","89.06","","27","","","","Clear"
"-114.01","51.12","CALGARY INTL A","3031092","2026-07-17 00:00","2026","07","17","00:00","","21.1","","16.5","","75","","","","16","","10","","19.3","","89.09","","26","","","","NA"
"-114.01","51.12","CALGARY INTL A","3031092","2026-07-17 01:00","2026","07","17","01:00","","19.4","","15.7","","79","","","","18","","10","","19.3","","89.07","","","","","","NA"
"-114.01","51.12","CALGARY INTL A","3031092","2026-07-17 02:00","2026","07","17","02:00","","19.5","","15.8","","79","","","","17","","4","","19.3","","89.06","","","","","","Mainly Clear"
"-114.01","51.12","CALGARY INTL A","3031092","2026-07-17 03:00","2026","07","17","03:00","","16.8","","15.1","","90","","","","36","","5","","19.3","","89.08","","","","","","NA"
"-114.01","51.12","CALGARY INTL A","3031092","2026-07-17 04:00","2026","07","17","04:00","","15.9","","14.5","","92","","","","33","","6","","19.3","","89.09","","","","","","NA"
"-114.01","51.12","CALGARY INTL A","3031092","2026-07-17 05:00","2026","07","17","05:00","","15.8","","14.4","","92","","","","34","","8","","14.5","","89.11","","","","","","Mainly Clear"
"-114.01","51.12","CALGARY INTL A","3031092","2026-07-17 06:00","2026","07","17","06:00","","16.3","","14.7","","90","","","","33","","4","","14.5","","89.11","","","","","","NA"
"-114.01","51.12","CALGARY INTL A","3031092","2026-07-17 07:00","2026","07","17","07:00","","19.1","","16.1","","82","","","","","","0","","24.1","","89.14","","","","","","NA"
"-114.01","51.12","CALGARY INTL A","3031092","2026-07-17 08:00","2026","07","17","08:00","","21.6","","17.7","","78","","","","1","","9","","14.5","","89.16","","27","","","","Mostly Cloudy"
"-114.01","51.12","CALGARY INTL A","3031092","2026-07-17 09:00","2026","07","17","09:00","","22.3","","17.0","","72","","","","9","","8","","14.5","","89.18","","28","","","","NA"
"-114.01","51.12","CALGARY INTL A","3031092","2026-07-17 10:00","2026","07","17","10:00","","22.5","","17.1","","71","","","","9","","6","","16.1","","89.17","","28","","","","NA"
"-114.01","51.12","CALGARY INTL A","3031092","2026-07-17 11:00","2026","07","17","11:00","","24.3","","17.4","","65","","","","17","","5","","16.1","","89.16","","30","","","","Mostly Cloudy"
"-114.01","51.12","CALGARY INTL A","3031092","2026-07-17 12:00","2026","07","17","12:00","","25.4","","16.6","","57","","","","35","","8","","24.1","","89.12","","30","","","","NA"
"-114.01","51.12","CALGARY INTL A","3031092","2026-07-17 13:00","2026","07","17","13:00","","26.3","","16.3","","53","","","","4","","8","","24.1","","89.12","","31","","","","NA"
"-114.01","51.12","CALGARY INTL A","3031092","2026-07-17 14:00","2026","07","17","14:00","","26.9","","17.7","","57","","","","10","","13","","24.1","","89.16","","33","","","","Mostly Cloudy"
"-114.01","51.12","CALGARY INTL A","3031092","2026-07-17 15:00","2026","07","17","15:00","","26.5","","18.7","","62","","","","10","","12","","24.1","","89.09","","33","","","","NA"
"-114.01","51.12","CALGARY INTL A","3031092","2026-07-17 16:00","2026","07","17","16:00","","27.7","","17.9","","55","","","","14","","16","","24.1","","89.06","","34","","","","NA"
"-114.01","51.12","CALGARY INTL A","3031092","2026-07-17 17:00","2026","07","17","17:00","","27.0","","18.2","","58","","","","14","","12","","24.1","","88.98","","33","","","","Mostly Cloudy"
"-114.01","51.12","CALGARY INTL A","3031092","2026-07-17 18:00","2026","07","17","18:00","","25.6","","19.3","","67","","","","13","","22","","32.2","","88.99","","33","","","","NA"
"-114.01","51.12","CALGARY INTL A","3031092","2026-07-17 19:00","2026","07","17","19:00","","25.1","","17.3","","61","","","","15","","17","","64.4","","88.90","","31","","","","NA"
"-114.01","51.12","CALGARY INTL A","3031092","2026-07-17 20:00","2026","07","17","20:00","","24.3","","17.8","","66","","","","14","","19","","64.4","","88.92","","30","","","","Mainly Clear"
"-114.01","51.12","CALGARY INTL A","3031092","2026-07-17 21:00","2026","07","17","21:00","","23.2","","17.6","","70","","","","14","","19","","64.4","","88.91","","29","","","","NA"
"-114.01","51.12","CALGARY INTL A","3031092","2026-07-17 22:00","2026","07","17","22:00","","21.4","","16.9","","75","","","","16","","13","","24.1","","88.89","","27","","","","NA"
"-114.01","51.12","CALGARY INTL A","3031092","2026-07-17 23:00","2026","07","17","23:00","","20.8","","16.5","","76","","","","16","","9","","24.1","","88.87","","26","","","","Clear"
"-114.01","51.12","CALGARY INTL A","3031092","2026-07-18 00:00","2026","07","18","00:00","","20.5","","16.2","","76","","","","16","","16","","24.1","","88.83","","25","","","","NA"
"-114.01","51.12","CALGARY INTL A","3031092","2026-07-18 01:00","2026","07","18","01:00","","19.6","","15.9","","79","","","","18","","7","","24.1","","88.82","","","","","","NA"
"-114.01","51.12","CALGARY INTL A","3031092","2026-07-18 02:00","2026","07","18","02:00","","18.6","","15.0","","80","","","","15","","10","","24.1","","88.81","","","","","","Mainly Clear"
"-114.01","51.12","CALGARY INTL A","3031092","2026-07-18 03:00","2026","07","18","03:00","","19.9","","14.8","","72","","","","21","","12","","24.1","","88.83","","","","","","NA"
"-114.01","51.12","CALGARY INTL A","3031092","2026-07-18 04:00","2026","07","18","04:00","","21.8","","11.1","","50","","","","24","","13","","32.2","","88.75","","","","","","NA"
"-114.01","51.12","CALGARY INTL A","3031092","2026-07-18 05:00","2026","07","18","05:00","","22.5","","9.9","","44","","","","26","","13","","14.5","","88.72","","","","","","Mostly Cloudy"
"-114.01","51.12","CALGARY INTL A","3031092","2026-07-18 06:00","2026","07","18","06:00","","23.6","","10.7","","44","","","","22","","15","","14.5","","88.75","","25","","","","NA"
"-114.01","51.12","CALGARY INTL A","3031092","2026-07-18 07:00","2026","07","18","07:00","","22.4","","11.0","","48","","","","24","","8","","14.5","","88.80","","","","","","NA"
"-114.01","51.12","CALGARY INTL A","3031092","2026-07-18 08:00","2026","07","18","08:00","","23.1","","11.6","","48","","","","14","","4","","14.5","","88.82","","25","","","","Mainly Clear"
"-114.01","51.12","CALGARY INTL A","3031092","2026-07-18 09:00","2026","07","18","09:00","","26.1","","9.4","","34","","","","17","","5","","14.5","","88.81","","27","","","","NA"
"-114.01","51.12","CALGARY INTL A","3031092","2026-07-18 10:00","2026","07","18","10:00","","24.8","","15.0","","54","","","","35","","18","","14.5","","88.81","","29","","","","NA"
"-114.01","51.12","CALGARY INTL A","3031092","2026-07-18 11:00","2026","07","18","11:00","","26.4","","16.0","","52","","","","5","","8","","14.5","","88.77","","31","","","","Clear"
"-114.01","51.12","CALGARY INTL A","3031092","2026-07-18 12:00","2026","07","18","12:00","","29.0","","14.2","","40","","","","13","","16","","14.5","","88.70","","32","","","","NA"
"-114.01","51.12","CALGARY INTL A","3031092","2026-07-18 13:00","2026","07","18","13:00","","31.4","","9.6","","25","","","","17","","23","","14.5","","88.62","","32","","","","NA"
"-114.01","51.12","CALGARY INTL A","3031092","2026-07-18 14:00","2026","07","18","14:00","","31.3","","11.6","","29","","","","18","","32","","16.1","","88.57","","33","","","","Mainly Clear"
"-114.01","51.12","CALGARY INTL A","3031092","2026-07-18 15:00","2026","07","18","15:00","","32.7","","5.7","","18","","","","18","","23","","24.1","","88.46","","32","","","","NA"
"-114.01","51.12","CALGARY INTL A","3031092","2026-07-18 16:00","2026","07","18","16:00","","32.5","","0.7","","13","","","","17","","36","","24.1","","88.36","","31","","","","NA"
"-114.01","51.12","CALGARY INTL A","3031092","2026-07-18 17:00","2026","07","18","17:00","","32.2","","-0.2","","12","","","","21","","33","","24.1","","88.26","","30","","","","Mainly Clear"
"-114.01","51.12","CALGARY INTL A","3031092","2026-07-18 18:00","2026","07","18","18:00","","31.1","","0.1","","13","","","","21","","30","","24.1","","88.20","","29","","","","NA"
"-114.01","51.12","CALGARY INTL A","3031092","2026-07-18 19:00","2026","07","18","19:00","","29.6","","-0.5","","14","","","","22","","25","","14.5","","88.21","","27","","","","NA"
"-114.01","51.12","CALGARY INTL A","3031092","2026-07-18 20:00","2026","07","18","20:00","","27.7","","0.5","","17","","","","23","","21","","14.5","","88.23","","26","","","","Clear"
"-114.01","51.12","CALGARY INTL A","3031092","2026-07-18 21:00","2026","07","18","21:00","","25.8","","-0.2","","18","","","","23","","22","","14.5","","88.31","","","","","","NA"
"-114.01","51.12","CALGARY INTL A","3031092","2026-07-18 22:00","2026","07","18","22:00","","20.4","","9.0","","47","","","","35","","39","","12.9","","88.54","","","","","","NA"
"-114.01","51.12","CALGARY INTL A","3031092","2026-07-18 23:00","2026","07","18","23:00","","16.8","","9.9","","63","","","","35","","20","","16.1","","88.66","","","","","","Clear"
"-114.01","51.12","CALGARY INTL A","3031092","2026-07-19 00:00","2026","07","19","00:00","","15.6","","9.2","","65","","","","36","","19","","16.1","","88.72","","","","","","NA"
"-114.01","51.12","CALGARY INTL A","3031092","2026-07-19 01:00","2026","07","19","01:00","","14.5","","8.6","","67","","","","35","","15","","16.1","","88.76","","","","","","NA"
"-114.01","51.12","CALGARY INTL A","3031092","2026-07-19 02:00","2026","07","19","02:00","","14.6","","8.1","","65","","","","29","","8","","24.1","","88.83","","","","","","Clear"
"-114.01","51.12","CALGARY INTL A","3031092","2026-07-19 03:00","2026","07","19","03:00","","14.3","","8.2","","66","","","","29","","9","","24.1","","88.88","","","","","","NA"
"-114.01","51.12","CALGARY INTL A","3031092","2026-07-19 04:00","2026","07","19","04:00","","13.3","","8.1","","70","","","","34","","5","","24.1","","88.91","","","","","","NA"
"-114.01","51.12","CALGARY INTL A","3031092","2026-07-19 05:00","2026","07","19","05:00","","14.1","","8.1","","67","","","","","","0","","24.1","","88.93","","","","","","Clear"
"-114.01","51.12","CALGARY INTL A","3031092","2026-07-19 06:00","2026","07","19","06:00","","13.8","","8.4","","70","","","","34","","5","","32.2","","88.97","","","","","","NA"
"-114.01","51.12","CALGARY INTL A","3031092","2026-07-19 07:00","2026","07","19","07:00","","15.4","","8.7","","64","","","","","","0","","14.5","","88.98","","","","","","NA"
"-114.01","51.12","CALGARY INTL A","3031092","2026-07-19 08:00","2026","07","19","08:00","","17.2","","9.3","","59","","","","17","","9","","24.1","","88.95","","","","","","Clear"
"-114.01","51.12","CALGARY INTL A","3031092","2026-07-19 09:00","2026","07","19","09:00","","19.1","","8.8","","51","","","","19","","9","","24.1","","88.93","","","","","","NA"
"-114.01","51.12","CALGARY INTL A","3031092","2026-07-19 10:00","2026","07","19","10:00","","21.8","","7.6","","39","","","","27","","4","","24.1","","88.91","","","","","","NA"
"-114.01","51.12","CALGARY INTL A","3031092","2026-07-19 11:00","2026","07","19","11:00","","23.6","","4.2","","28","","","","29","","14","","24.1","","88.91","","","","","","Mainly Clear"
"-114.01","51.12","CALGARY INTL A","3031092","2026-07-19 12:00","2026","07","19","12:00","","23.6","","5.7","","31","","","","5","","6","","24.1","","88.92","","","","","","NA"
"-114.01","51.12","CALGARY INTL A","3031092","2026-07-19 13:00","2026","07","19","13:00","","23.9","","9.0","","38","","","","10","","16","","24.1","","88.95","","25","","","","NA"
"-114.01","51.12","CALGARY INTL A","3031092","2026-07-19 14:00","2026","07","19","14:00","","24.3","","8.6","","36","","","","10","","12","","24.1","","88.96","","25","","","","Mostly Cloudy"
"-114.01","51.12","CALGARY INTL A","3031092","2026-07-19 15:00","2026","07","19","15:00","","24.9","","9.1","","36","","","","7","","9","","24.1","","88.94","","26","","","","NA"
"-114.01","51.12","CALGARY INTL A","3031092","2026-07-19 16:00","2026","07","19","16:00","","24.9","","9.3","","37","","","","1","","4","","24.1","","88.95","","26","","","","NA"
"-114.01","51.12","CALGARY INTL A","3031092","2026-07-19 17:00","2026","07","19","17:00","","24.5","","8.9","","37","","","","3","","6","","24.1","","88.95","","25","","","","Mostly Cloudy"
"-114.01","51.12","CALGARY INTL A","3031092","2026-07-19 18:00","2026","07","19","18:00","","24.1","","9.5","","39","","","","6","","17","","24.1","","89.00","","25","","","","NA"
"-114.01","51.12","CALGARY INTL A","3031092","2026-07-19 19:00","2026","07","19","19:00","","22.3","","10.9","","48","","","","4","","31","","19.3","","89.08","","","","","","NA"
"-114.01","51.12","CALGARY INTL A","3031092","2026-07-19 20:00","2026","07","19","20:00","","20.2","","10.5","","53","","","","2","","30","","19.3","","89.11","","","","","","Mainly Clear"
"-114.01","51.12","CALGARY INTL A","3031092","2026-07-19 21:00","2026","07","19","21:00","","18.1","","10.0","","59","","","","1","","17","","19.3","","89.20","","","","","","NA"
"-114.01","51.12","CALGARY INTL A","3031092","2026-07-19 22:00","2026","07","19","22:00","","16.6","","10.4","","66","","","","35","","12","","19.3","","89.25","","","","","","NA"
"-114.01","51.12","CALGARY INTL A","3031092","2026-07-19 23:00","2026","07","19","23:00","","16.7","","10.8","","68","","","","36","","9","","19.3","","89.30","","","","","","Mostly Cloudy"
"-114.01","51.12","CALGARY INTL A","3031092","2026-07-20 00:00","2026","07","20","00:00","","15.8","","10.4","","70","","","","36","","19","","19.3","","89.32","","","","","","NA"
"-114.01","51.12","CALGARY INTL A","3031092","2026-07-20 01:00","2026","07","20","01:00","","15.0","","10.2","","73","","","","34","","12","","24.1","","89.33","","","","","","NA"
"-114.01","51.12","CALGARY INTL A","3031092","2026-07-20 02:00","2026","07","20","02:00","","15.7","","10.7","","72","","","","28","","10","","12.9","","89.40","","","","","","Cloudy"
"-114.01","51.12","CALGARY INTL A","3031092","2026-07-20 03:00","2026","07","20","03:00","","14.2","","11.7","","85","","","","4","","17","","9.7","","89.39","","","","","","Thunderstorms,Rain Showers,Fog"
"-114.01","51.12","CALGARY INTL A","3031092","2026-07-20 04:00","2026","07","20","04:00","","13.7","","12.4","","92","","","","31","","5","","24.1","","89.43","","","","","","NA"
"-114.01","51.12","CALGARY INTL A","3031092","2026-07-20 05:00","2026","07","20","05:00","","13.6","","12.0","","90","","","","22","","9","","19.3","","89.46","","","","","","Mainly Clear"
"-114.01","51.12","CALGARY INTL A","3031092","2026-07-20 06:00","2026","07","20","06:00","","14.0","","11.4","","85","","","","28","","8","","19.3","","89.51","","","","","","NA"
"-114.01","51.12","CALGARY INTL A","3031092","2026-07-20 07:00","2026","07","20","07:00","","15.4","","11.4","","77","","","","25","","7","","24.1","","89.52","","","","","","NA"
"-114.01","51.12","CALGARY INTL A","3031092","2026-07-20 08:00","2026","07","20","08:00","","16.7","","12.1","","74","","","","28","","9","","24.1","","89.56","","","","","","Mainly Clear"
"-114.01","51.12","CALGARY INTL A","3031092","2026-07-20 09:00","2026","07","20","09:00","","18.5","","11.1","","62","","","","33","","11","","24.1","","89.62","","","","","","NA"
"-114.01","51.12","CALGARY INTL A","3031092","2026-07-20 10:00","2026","07","20","10:00","","19.2","","11.7","","61","","","","34","","19","","24.1","","89.68","","","","","","NA"
"-114.01","51.12","CALGARY INTL A","3031092","2026-07-20 11:00","2026","07","20","11:00","","19.2","","11.9","","62","","","","34","","22","","48.3","","89.69","","","","","","Mostly Cloudy"
"-114.01","51.12","CALGARY INTL A","3031092","2026-07-20 12:00","2026","07","20","12:00","","20.0","","12.2","","60","","","","36","","27","","64.4","","89.73","","","","","","NA"
"-114.01","51.12","CALGARY INTL A","3031092","2026-07-20 13:00","2026","07","20","13:00","","19.9","","12.9","","63","","","","35","","21","","64.4","","89.73","","","","","","NA"
"-114.01","51.12","CALGARY INTL A","3031092","2026-07-20 14:00","2026","07","20","14:00","","21.1","","13.3","","61","","","","36","","22","","64.4","","89.76","","","","","","Mostly Cloudy"
"-114.01","51.12","CALGARY INTL A","3031092","2026-07-20 15:00","2026","07","20","15:00","","20.8","","12.4","","58","","","","1","","20","","32.2","","89.79","","","","","","NA"
"-114.01","51.12","CALGARY INTL A","3031092","2026-07-20 16:00","2026","07","20","16:00","","22.4","","13.0","","55","","","","3","","16","","24.1","","89.75","","25","","","","NA"
"-114.01","51.12","CALGARY INTL A","3031092","2026-07-20 17:00","2026","07","20","17:00","","22.2","","11.5","","50","","","","2","","12","","24.1","","89.74","","","","","","Mostly Cloudy"
"-114.01","51.12","CALGARY INTL A","3031092","2026-07-20 18:00","2026","07","20","18:00","","21.0","","12.4","","57","","","","5","","21","","24.1","","89.78","","","","","","NA"
"-114.01","51.12","CALGARY INTL A","3031092","2026-07-20 19:00","2026","07","20","19:00","","19.6","","13.7","","68","","","","2","","27","","24.1","","89.81","","","","","","NA"
"-114.01","51.12","CALGARY INTL A","3031092","2026-07-20 20:00","2026","07","20","20:00","","18.8","","13.2","","70","","","","4","","16","","19.3","","89.84","","","","","","Mostly Cloudy"
"-114.01","51.12","CALGARY INTL A","3031092","2026-07-20 21:00","2026","07","20","21:00","","17.9","","14.0","","78","","","","5","","15","","24.1","","89.88","","","","","","NA"
"-114.01","51.12","CALGARY INTL A","3031092","2026-07-20 22:00","2026","07","20","22:00","","17.4","","13.8","","79","","","","5","","12","","24.1","","89.89","","","","","","NA"
"-114.01","51.12","CALGARY INTL A","3031092","2026-07-20 23:00","2026","07","20","23:00","","16.6","","14.1","","85","","","","3","","13","","24.1","","89.88","","","","","","Mostly Cloudy"
"-114.01","51.12","CALGARY INTL A","3031092","2026-07-21 00:00","2026","07","21","00:00","","15.7","","13.8","","88","","","","36","","10","","24.1","","89.89","","","","","","NA"
"-114.01","51.12","CALGARY INTL A","3031092","2026-07-21 01:00","2026","07","21","01:00","","15.7","","13.9","","89","","","","2","","8","","8.1","","89.87","","","","","","Smoke"
"-114.01","51.12","CALGARY INTL A","3031092","2026-07-21 02:00","2026","07","21","02:00","","15.4","","14.1","","92","","","","3","","7","","8.1","","89.82","","","","","","Smoke"
"-114.01","51.12","CALGARY INTL A","3031092","2026-07-21 03:00","2026","07","21","03:00","","15.4","","14.1","","92","","","","4","","6","","8.1","","89.81","","","","","","Smoke"
"-114.01","51.12","CALGARY INTL A","3031092","2026-07-21 04:00","2026","07","21","04:00","","15.5","","14.2","","92","","","","9","","7","","4.8","","89.77","","","","","","Smoke"
"-114.01","51.12","CALGARY INTL A","3031092","2026-07-21 05:00","2026","07","21","05:00","","15.2","","14.1","","93","","","","15","","12","","2.4","","89.73","","","","","","Fog,Smoke"
"-114.01","51.12","CALGARY INTL A","3031092","2026-07-21 06:00","2026","07","21","06:00","","14.9","","14.0","","94","","","","18","","11","","3.2","","89.72","","","","","","Fog,Smoke"
"-114.01","51.12","CALGARY INTL A","3031092","2026-07-21 07:00","2026","07","21","07:00","","16.0","","14.5","","91","","","","15","","10","","4.8","","89.70","","","","","","Fog,Smoke"
"-114.01","51.12","CALGARY INTL A","3031092","2026-07-21 08:00","2026","07","21","08:00","","16.9","","14.3","","85","","","","17","","17","","6.4","","89.68","","","","","","Fog,Smoke"
"-114.01","51.12","CALGARY INTL A","3031092","2026-07-21 09:00","2026","07","21","09:00","","18.8","","14.1","","74","","","","19","","13","","14.5","","89.66","","","","","","NA"
"-114.01","51.12","CALGARY INTL A","3031092","2026-07-21 10:00","2026","07","21","10:00","","20.7","","14.4","","67","","","","19","","17","","19.3","","89.62","","","","","","NA"
"-114.01","51.12","CALGARY INTL A","3031092","2026-07-21 11:00","2026","07","21","11:00","","22.6","","14.1","","58","","","","16","","22","","19.3","","89.59","","26","","","","Mostly Cloudy"
"-114.01","51.12","CALGARY INTL A","3031092","2026-07-21 12:00","2026","07","21","12:00","","23.2","","13.8","","55","","","","17","","17","","24.1","","89.54","","26","","","","NA"
"-114.01","51.12","CALGARY INTL A","3031092","2026-07-21 13:00","2026","07","21","13:00","","24.0","","13.9","","53","","","","13","","18","","24.1","","89.52","","27","","","","NA"
"-114.01","51.12","CALGARY INTL A","3031092","2026-07-21 14:00","2026","07","21","14:00","","24.3","","13.2","","49","","","","15","","16","","24.1","","89.49","","27","","","","Mostly Cloudy"
"-114.01","51.12","CALGARY INTL A","3031092","2026-07-21 15:00","2026","07","21","15:00","","25.3","","13.0","","46","","","","15","","19","","24.1","","89.46","","28","","","","NA"
"-114.01","51.12","CALGARY INTL A","3031092","2026-07-21 16:00","2026","07","21","16:00","","25.6","","13.0","","45","","","","17","","14","","24.1","","89.43","","28","","","","NA"
"-114.01","51.12","CALGARY INTL A","3031092","2026-07-21 17:00","2026","07","21","17:00","","25.4","","13.1","","46","","","","15","","17","","24.1","","89.40","","28","","","","Mostly Cloudy"
"-114.01","51.12","CALGARY INTL A","3031092","2026-07-21 18:00","2026","07","21","18:00","","24.6","","13.6","","50","","","","15","","21","","24.1","","89.37","","28","","","","NA"
"-114.01","51.12","CALGARY INTL A","3031092","2026-07-21 19:00","2026","07","21","19:00","","23.8","","13.2","","51","","","","15","","20","","19.3","","89.37","","27","","","","NA"
"-114.01","51.12","CALGARY INTL A","3031092","2026-07-21 20:00","2026","07","21","20:00","","22.8","","13.2","","54","","","","14","","17","","19.3","","89.38","","26","","","","Mostly Cloudy"
"-114.01","51.12","CALGARY INTL A","3031092","2026-07-21 21:00","2026","07","21","21:00","","21.8","","14.1","","61","","","","13","","10","","19.3","","89.41","","25","","","","NA"
"-114.01","51.12","CALGARY INTL A","3031092","2026-07-21 22:00","2026","07","21","22:00","","20.8","","14.6","","67","","","","14","","13","","19.3","","89.42","","25","","","","NA"
"-114.01","51.12","CALGARY INTL A","3031092","2026-07-21 23:00","2026","07","21","23:00","","20.0","","14.8","","72","","","","19","","7","","19.3","","89.45","","","","","","Clear"
"-114.01","51.12","CALGARY INTL A","3031092","2026-07-22 00:00","2026","07","22","00:00","","19.0","","14.5","","75","","","","18","","9","","19.3","","89.45","","","","","","NA"
"-114.01","51.12","CALGARY INTL A","3031092","2026-07-22 01:00","2026","07","22","01:00","","18.3","","14.5","","78","","","","19","","8","","19.3","","89.41","","","","","","NA"
"-114.01","51.12","CALGARY INTL A","3031092","2026-07-22 02:00","2026","07","22","02:00","","17.9","","14.1","","78","","","","20","","7","","19.3","","89.38","","","","","","Clear"
"-114.01","51.12","CALGARY INTL A","3031092","2026-07-22 03:00","2026","07","22","03:00","","16.8","","13.8","","82","","","","16","","4","","19.3","","89.35","","","","","","NA"
"-114.01","51.12","CALGARY INTL A","3031092","2026-07-22 04:00","2026","07","22","04:00","","16.3","","13.6","","84","","","","","","0","","19.3","","89.32","","","","","","NA"
"-114.01","51.12","CALGARY INTL A","3031092","2026-07-22 05:00","2026","07","22","05:00","","15.4","","13.1","","86","","","","21","","6","","19.3","","89.30","","","","","","Mainly Clear"
"-114.01","51.12","CALGARY INTL A","3031092","2026-07-22 06:00","2026","07","22","06:00","","16.4","","13.4","","82","","","","25","","3","","24.1","","89.31","","","","","","NA"
"-114.01","51.12","CALGARY INTL A","3031092","2026-07-22 07:00","2026","07","22","07:00","","17.6","","14.0","","79","","","","","","0","","24.1","","89.31","","","","","","NA"
"-114.01","51.12","CALGARY INTL A","3031092","2026-07-22 08:00","2026","07","22","08:00","","19.9","","14.4","","70","","","","16","","7","","24.1","","89.29","","","","","","Clear"
"-114.01","51.12","CALGARY INTL A","3031092","2026-07-22 09:00","2026","07","22","09:00","","22.5","","14.5","","60","","","","22","","10","","24.1","","89.26","","26","","","","NA"
"-114.01","51.12","CALGARY INTL A","3031092","2026-07-22 10:00","2026","07","22","10:00","","24.7","","13.5","","49","","","","20","","8","","24.1","","89.23","","28","","","","NA"
"-114.01","51.12","CALGARY INTL A","3031092","2026-07-22 11:00","2026","07","22","11:00","","27.1","","10.3","","34","","","","32","","7","","19.3","","89.22","","29","","","","Mainly Clear"
"-114.01","51.12","CALGARY INTL A","3031092","2026-07-22 12:00","2026","07","22","12:00","","27.7","","9.7","","32","","","","2","","14","","16.1","","89.19","","29","","","","NA"
"-114.01","51.12","CALGARY INTL A","3031092","2026-07-22 13:00","2026","07","22","13:00","","27.8","","9.5","","31","","","","36","","12","","14.5","","89.17","","29","","","","NA"
"-114.01","51.12","CALGARY INTL A","3031092","2026-07-22 14:00","2026","07","22","14:00","","28.1","","9.2","","30","","","","3","","14","","14.5","","89.12","","29","","","","Mainly Clear"
"-114.01","51.12","CALGARY INTL A","3031092","2026-07-22 15:00","2026","07","22","15:00","","27.6","","12.7","","39","","","","9","","23","","16.1","","89.09","","30","","","","NA"
"-114.01","51.12","CALGARY INTL A","3031092","2026-07-22 16:00","2026","07","22","16:00","","27.6","","11.6","","36","","","","12","","14","","16.1","","89.07","","30","","","","NA"
"-114.01","51.12","CALGARY INTL A","3031092","2026-07-22 17:00","2026","07","22","17:00","","27.7","","10.7","","34","","","","8","","14","","16.1","","89.05","","29","","","","Mainly Clear"
"-114.01","51.12","CALGARY INTL A","3031092","2026-07-22 18:00","2026","07","22","18:00","","26.9","","10.3","","35","","","","9","","14","","16.1","","89.03","","28","","","","NA"
"-114.01","51.12","CALGARY INTL A","3031092","2026-07-22 19:00","2026","07","22","19:00","","26.2","","10.9","","38","","","","11","","13","","14.5","","89.04","","28","","","","NA"
"-114.01","51.12","CALGARY INTL A","3031092","2026-07-22 20:00","2026","07","22","20:00","","25.0","","10.9","","41","","","","11","","9","","14.5","","89.03","","27","","","","Mainly Clear"
"-114.01","51.12","CALGARY INTL A","3031092","2026-07-22 21:00","2026","07","22","21:00","","22.5","","12.0","","51","","","","11","","8","","6.4","","89.09","","25","","","","Smoke"
"-114.01","51.12","CALGARY INTL A","3031092","2026-07-22 22:00","2026","07","22","22:00","","22.1","","12.6","","54","","","","15","","11","","12.9","","89.10","","25","","","","NA"
"-114.01","51.12","CALGARY INTL A","3031092","2026-07-22 23:00","2026","07","22","23:00","","21.7","","13.6","","60","","","","17","","8","","12.9","","89.09","","25","","","","Mainly Clear"
"-114.01","51.12","CALGARY INTL A","3031092","2026-07-23 00:00","2026","07","23","00:00","","21.0","","13.6","","62","","","","21","","7","","14.5","","89.07","","","","","","NA"
"-114.01","51.12","CALGARY INTL A","3031092","2026-07-23 01:00","2026","07","23","01:00","","19.5","","13.4","","68","","","","20","","7","","14.5","","89.02","","","","","","NA"
"-114.01","51.12","CALGARY INTL A","3031092","2026-07-23 02:00","2026","07","23","02:00","","17.7","","13.2","","74","","","","22","","6","","19.3","","88.97","","","","","","Mainly Clear"
"-114.01","51.12","CALGARY INTL A","3031092","2026-07-23 03:00","2026","07","23","03:00","","17.5","","12.8","","73","","","","20","","7","","14.5","","88.94","","","","","","NA"
"-114.01","51.12","CALGARY INTL A","3031092","2026-07-23 04:00","2026","07","23","04:00","","15.4","","11.5","","78","","","","23","","6","","14.5","","88.91","","","","","","NA"
"-114.01","51.12","CALGARY INTL A","3031092","2026-07-23 05:00","2026","07","23","05:00","","15.1","","11.4","","78","","","","","","0","","8.1","","88.93","","","","","","Smoke"
"-114.01","51.12","CALGARY INTL A","3031092","2026-07-23 06:00","2026","07","23","06:00","","15.1","","11.3","","78","","","","9","","3","","8.1","","88.95","","","","","","Smoke"
"-114.01","51.12","CALGARY INTL A","3031092","2026-07-23 07:00","2026","07","23","07:00","","16.5","","11.1","","70","","","","23","","7","","8.1","","88.94","","","","","","Smoke"
"-114.01","51.12","CALGARY INTL A","3031092","2026-07-23 08:00","2026","07","23","08:00","","17.7","","11.6","","67","","","","31","","5","","8.1","","88.92","","","","","","Smoke"
"-114.01","51.12","CALGARY INTL A","3031092","2026-07-23 09:00","2026","07","23","09:00","","20.7","","12.0","","57","","","","23","","9","","9.7","","88.90","","","","","","Smoke"
"-114.01","51.12","CALGARY INTL A","3031092","2026-07-23 10:00","2026","07","23","10:00","","23.9","","11.9","","46","","","","27","","3","","9.7","","88.86","","26","","","","Smoke"
"-114.01","51.12","CALGARY INTL A","3031092","2026-07-23 11:00","2026","07","23","11:00","","25.9","","10.8","","38","","","","","","0","","8.1","","88.82","","28","","","","Smoke"
"-114.01","51.12","CALGARY INTL A","3031092","2026-07-23 12:00","2026","07","23","12:00","","26.5","","11.4","","38","","","","23","","7","","8.1","","88.79","","28","","","","Smoke"
"-114.01","51.12","CALGARY INTL A","3031092","2026-07-23 13:00","2026","07","23","13:00","","27.1","","8.5","","30","","","","21","","8","","8.1","","88.78","","28","","","","Smoke"
"-114.01","51.12","CALGARY INTL A","3031092","2026-07-23 14:00","2026","07","23","14:00","","25.3","","10.8","","40","","","","17","","8","","8.1","","88.78","","27","","","","Smoke"
"-114.01","51.12","CALGARY INTL A","3031092","2026-07-23 15:00","2026","07","23","15:00","","24.6","","12.3","","46","","","","34","","15","","8.1","","88.80","","27","","","","Rain Showers,Smoke"
"-114.01","51.12","CALGARY INTL A","3031092","2026-07-23 16:00","2026","07","23","16:00","","23.6","","9.5","","40","","","","33","","23","","4.0","","88.75","","25","","","","Smoke"
"-114.01","51.12","CALGARY INTL A","3031092","2026-07-23 17:00","2026","07","23","17:00","","24.0","","8.6","","37","","","","","","0","","4.0","","88.72","","25","","","","Smoke"
"-114.01","51.12","CALGARY INTL A","3031092","2026-07-23 18:00","2026","07","23","18:00","","25.4","","7.9","","32","","","","29","","30","","4.0","","88.62","","26","","","","Smoke"
"-114.01","51.12","CALGARY INTL A","3031092","2026-07-23 19:00","2026","07","23","19:00","","25.7","","7.3","","31","","","","29","","34","","4.0","","88.57","","26","","","","Smoke"
"-114.01","51.12","CALGARY INTL A","3031092","2026-07-23 20:00","2026","07","23","20:00","","24.3","","8.0","","35","","","","27","","21","","6.4","","88.60","","25","","","","Smoke"
"-114.01","51.12","CALGARY INTL A","3031092","2026-07-23 21:00","2026","07","23","21:00","","23.6","","7.3","","35","","","","25","","12","","4.0","","88.62","","","","","","Smoke"
"-114.01","51.12","CALGARY INTL A","3031092","2026-07-23 22:00","2026","07","23","22:00","","22.1","","7.2","","38","","","","26","","11","","8.1","","88.64","","","","","","Smoke"
"-114.01","51.12","CALGARY INTL A","3031092","2026-07-23 23:00","2026","07","23","23:00","","21.8","","6.1","","36","","","","25","","8","","8.1","","88.63","","","","","","Smoke"
"-114.01","51.12","CALGARY INTL A","3031092","2026-07-24 00:00","2026","07","24","00:00","","18.1","","7.7","","50","","","","18","","7","","8.1","","88.61","","","","","","Smoke"
"-114.01","51.12","CALGARY INTL A","3031092","2026-07-24 01:00","2026","07","24","01:00","","21.0","","4.7","","34","","","","27","","10","","8.1","","88.59","","","","","","Smoke"
"-114.01","51.12","CALGARY INTL A","3031092","2026-07-24 02:00","2026","07","24","02:00","","18.9","","5.7","","42","","","","","","0","","8.1","","88.60","","","","","","Smoke"
"-114.01","51.12","CALGARY INTL A","3031092","2026-07-24 03:00","2026","07","24","03:00","","17.2","","6.6","","49","","","","20","","9","","8.1","","88.57","","","","","","Smoke"
"-114.01","51.12","CALGARY INTL A","3031092","2026-07-24 04:00","2026","07","24","04:00","","16.0","","6.4","","53","","","","17","","6","","8.1","","88.56","","","","","","Smoke"
"-114.01","51.12","CALGARY INTL A","3031092","2026-07-24 05:00","2026","07","24","05:00","","16.7","","7.2","","53","","","","17","","12","","6.4","","88.56","","","","","","Smoke"
"-114.01","51.12","CALGARY INTL A","3031092","2026-07-24 06:00","2026","07","24","06:00","","16.4","","7.5","","55","","","","35","","5","","4.0","","88.56","","","","","","Smoke"
"-114.01","51.12","CALGARY INTL A","3031092","2026-07-24 07:00","2026","07","24","07:00","","20.5","","7.9","","44","","","","30","","15","","6.4","","88.55","","","","","","Smoke"
"-114.01","51.12","CALGARY INTL A","3031092","2026-07-24 08:00","2026","07","24","08:00","","20.9","","8.6","","45","","","","23","","6","","6.4","","88.55","","","","","","Smoke"
"-114.01","51.12","CALGARY INTL A","3031092","2026-07-24 09:00","2026","07","24","09:00","","22.8","","9.9","","44","","","","19","","8","","6.4","","88.53","","","","","","Smoke"
"-114.01","51.12","CALGARY INTL A","3031092","2026-07-24 10:00","2026","07","24","10:00","","24.9","","10.0","","39","","","","21","","9","","6.4","","88.50","","26","","","","Smoke"
"-114.01","51.12","CALGARY INTL A","3031092","2026-07-24 11:00","2026","07","24","11:00","","27.0","","9.5","","33","","","","24","","5","","6.4","","88.45","","28","","","","Smoke"
"-114.01","51.12","CALGARY INTL A","3031092","2026-07-24 12:00","2026","07","24","12:00","","28.5","","8.9","","29","","","","18","","10","","6.4","","88.40","","29","","","","Smoke"
"-114.01","51.12","CALGARY INTL A","3031092","2026-07-24 13:00","2026","07","24","13:00","","29.0","","8.9","","28","","","","31","","3","","8.1","","88.37","","30","","","","Smoke"
"-114.01","51.12","CALGARY INTL A","3031092","2026-07-24 14:00","2026","07","24","14:00","","29.4","","8.6","","27","","","","31","","17","","14.5","","88.34","","30","","","","Mostly Cloudy"
"-114.01","51.12","CALGARY INTL A","3031092","2026-07-24 15:00","2026","07","24","15:00","","30.6","","6.8","","22","","","","24","","17","","14.5","","88.32","","31","","","","NA"
"-114.01","51.12","CALGARY INTL A","3031092","2026-07-24 16:00","2026","07","24","16:00","","30.6","","5.0","","19","","","","28","","23","","14.5","","88.31","","30","","","","NA"
"-114.01","51.12","CALGARY INTL A","3031092","2026-07-24 17:00","2026","07","24","17:00","","30.9","","4.3","","18","","","","29","","28","","16.1","","88.29","","30","","","","Clear"
"-114.01","51.12","CALGARY INTL A","3031092","2026-07-24 18:00","2026","07","24","18:00","","30.2","","5.0","","20","","","","30","","28","","16.1","","88.29","","29","","","","NA"
"-114.01","51.12","CALGARY INTL A","3031092","2026-07-24 19:00","2026","07","24","19:00","","29.0","","5.4","","22","","","","30","","19","","16.1","","88.33","","28","","","","NA"
"-114.01","51.12","CALGARY INTL A","3031092","2026-07-24 20:00","2026","07","24","20:00","","26.8","","6.3","","27","","","","31","","16","","14.5","","88.38","","27","","","","Clear"
"-114.01","51.12","CALGARY INTL A","3031092","2026-07-24 21:00","2026","07","24","21:00","","23.3","","7.7","","36","","","","32","","13","","9.7","","88.44","","","","","","Smoke"
"-114.01","51.12","CALGARY INTL A","3031092","2026-07-24 22:00","2026","07","24","22:00","","21.6","","6.8","","38","","","","33","","11","","16.1","","88.47","","","","","","NA"
"-114.01","51.12","CALGARY INTL A","3031092","2026-07-24 23:00","2026","07","24","23:00","","21.1","","5.1","","35","","","","34","","14","","16.1","","88.48","","","","","","Clear"
"-114.01","51.12","CALGARY INTL A","3031092","2026-07-25 00:00","2026","07","25","00:00","","19.7","","5.4","","39","","","","34","","13","","16.1","","88.52","","","","","","NA"
"-114.01","51.12","CALGARY INTL A","3031092","2026-07-25 01:00","2026","07","25","01:00","","18.7","","5.7","","42","","","","10","","4","","16.1","","88.58","","","","","","NA"
"-114.01","51.12","CALGARY INTL A","3031092","2026-07-25 02:00","2026","07","25","02:00","","22.2","","6.5","","36","","","","23","","22","","16.1","","88.67","","","","","","Mostly Cloudy"
"-114.01","51.12","CALGARY INTL A","3031092","2026-07-25 03:00","2026","07","25","03:00","","21.8","","6.1","","36","","","","23","","8","","16.1","","88.60","","","","","","NA"
"-114.01","51.12","CALGARY INTL A","3031092","2026-07-25 04:00","2026","07","25","04:00","","21.3","","6.8","","39","","","","28","","16","","16.1","","88.60","","","","","","NA"
"-114.01","51.12","CALGARY INTL A","3031092","2026-07-25 05:00","2026","07","25","05:00","","20.0","","7.2","","43","","","","24","","4","","14.5","","88.61","","","","","","Mainly Clear"
"-114.01","51.12","CALGARY INTL A","3031092","2026-07-25 06:00","2026","07","25","06:00","","19.0","","7.2","","46","","","","","","0","","12.9","","88.61","","","","","","NA"
"-114.01","51.12","CALGARY INTL A","3031092","2026-07-25 07:00","2026","07","25","07:00","","17.7","","9.0","","56","","","","19","","16","","19.3","","88.65","","","","","","NA"
"-114.01","51.12","CALGARY INTL A","3031092","2026-07-25 08:00","2026","07","25","08:00","","19.9","","8.8","","49","","","","21","","8","","19.3","","88.66","","","","","","Mostly Cloudy"
"-114.01","51.12","CALGARY INTL A","3031092","2026-07-25 09:00","2026","07","25","09:00","","22.5","","10.8","","47","","","","19","","7","","19.3","","88.63","","","","","","NA"
"-114.01","51.12","CALGARY INTL A","3031092","2026-07-25 10:00","2026","07","25","10:00","","25.0","","11.3","","42","","","","20","","14","","19.3","","88.57","","27","","","","NA"
"-114.01","51.12","CALGARY INTL A","3031092","2026-07-25 11:00","2026","07","25","11:00","","28.4","","10.4","","32","","","","19","","19","","9.7","","88.53","","30","","","","Smoke"
"-114.01","51.12","CALGARY INTL A","3031092","2026-07-25 12:00","2026","07","25","12:00","","30.0","","7.9","","25","","","","18","","18","","11.3","","88.50","","30","","","","NA"
"-114.01","51.12","CALGARY INTL A","3031092","2026-07-25 13:00","2026","07","25","13:00","","30.4","","7.2","","23","","","","20","","20","","12.9","","88.45","","30","","","","NA"
"-114.01","51.12","CALGARY INTL A","3031092","2026-07-25 14:00","2026","07","25","14:00","","31.4","","7.0","","21","","","","17","","30","","12.9","","88.39","","31","","","","Mainly Clear"
"-114.01","51.12","CALGARY INTL A","3031092","2026-07-25 15:00","2026","07","25","15:00","","31.3","","8.3","","23","","","","17","","20","","12.9","","88.35","","32","","","","NA"
"-114.01","51.12","CALGARY INTL A","3031092","2026-07-25 16:00","2026","07","25","16:00","","31.4","","8.7","","24","","","","17","","23","","9.7","","88.29","","32","","","","Smoke"
"-114.01","51.12","CALGARY INTL A","3031092","2026-07-25 17:00","2026","07","25","17:00","","30.3","","10.1","","28","","","","16","","31","","9.7","","88.21","","32","","","","Smoke"
"-114.01","51.12","CALGARY INTL A","3031092","2026-07-25 18:00","2026","07","25","18:00","","29.8","","10.4","","30","","","","15","","25","","14.5","","88.14","","31","","","","NA"
"-114.01","51.12","CALGARY INTL A","3031092","2026-07-25 19:00","2026","07","25","19:00","","27.6","","6.5","","26","","","","30","","20","","14.5","","88.20","","27","","","","NA"
"-114.01","51.12","CALGARY INTL A","3031092","2026-07-25 20:00","2026","07","25","20:00","","24.4","","5.9","","30","","","","4","","13","","14.5","","88.21","","","","","","Mainly Clear"
"-114.01","51.12","CALGARY INTL A","3031092","2026-07-25 21:00","2026","07","25","21:00","","22.4","","6.0","","34","","","","19","","14","","16.1","","88.23","","","","","","NA"
"-114.01","51.12","CALGARY INTL A","3031092","2026-07-25 22:00","2026","07","25","22:00","","21.9","","6.5","","36","","","","22","","9","","16.1","","88.30","","","","","","NA"
"-114.01","51.12","CALGARY INTL A","3031092","2026-07-25 23:00","2026","07","25","23:00","","20.7","","7.9","","43","","","","33","","11","","16.1","","88.44","","","","","","Mainly Clear"
"-114.01","51.12","CALGARY INTL A","3031092","2026-07-26 00:00","2026","07","26","00:00","","20.6","","7.8","","43","","","","34","","28","","16.1","","88.52","","","","","","NA"
"-114.01","51.12","CALGARY INTL A","3031092","2026-07-26 01:00","2026","07","26","01:00","","18.0","","13.6","","75","","","","35","","21","","16.1","","88.60","","","","","","NA"
"-114.01","51.12","CALGARY INTL A","3031092","2026-07-26 02:00","2026","07","26","02:00","","16.6","","12.8","","78","","","","35","","15","","16.1","","88.65","","","","","","Clear"
"-114.01","51.12","CALGARY INTL A","3031092","2026-07-26 03:00","2026","07","26","03:00","","15.3","","12.6","","83","","","","35","","17","","16.1","","88.74","","","","","","NA"
"-114.01","51.12","CALGARY INTL A","3031092","2026-07-26 04:00","2026","07","26","04:00","","14.8","","12.2","","84","","","","31","","4","","16.1","","88.83","","","","","","NA"
"-114.01","51.12","CALGARY INTL A","3031092","2026-07-26 05:00","2026","07","26","05:00","","15.0","","12.3","","84","","","","24","","6","","16.1","","88.89","","","","","","Clear"
"-114.01","51.12","CALGARY INTL A","3031092","2026-07-26 06:00","2026","07","26","06:00","","15.3","","12.3","","82","","","","22","","8","","16.1","","88.93","","","","","","NA"
"-114.01","51.12","CALGARY INTL A","3031092","2026-07-26 07:00","2026","07","26","07:00","","16.6","","12.1","","75","","","","22","","7","","24.1","","88.94","","","","","","NA"
"-114.01","51.12","CALGARY INTL A","3031092","2026-07-26 08:00","2026","07","26","08:00","","18.6","","11.9","","65","","","","22","","9","","24.1","","88.91","","","","","","Mainly Clear"
"-114.01","51.12","CALGARY INTL A","3031092","2026-07-26 09:00","2026","07","26","09:00","","21.3","","11.4","","53","","","","20","","13","","24.1","","88.88","","","","","","NA"
"-114.01","51.12","CALGARY INTL A","3031092","2026-07-26 10:00","2026","07","26","10:00","","22.8","","10.8","","46","","","","18","","16","","24.1","","88.82","","","","","","NA"
"-114.01","51.12","CALGARY INTL A","3031092","2026-07-26 11:00","2026","07","26","11:00","","23.8","","9.6","","40","","","","21","","16","","19.3","","88.76","","25","","","","Clear"
"-114.01","51.12","CALGARY INTL A","3031092","2026-07-26 12:00","2026","07","26","12:00","","25.4","","7.0","","31","","","","21","","7","","16.1","","88.71","","25","","","","NA"
"-114.01","51.12","CALGARY INTL A","3031092","2026-07-26 13:00","2026","07","26","13:00","","26.8","","5.8","","26","","","","30","","13","","16.1","","88.71","","26","","","","NA"
"-114.01","51.12","CALGARY INTL A","3031092","2026-07-26 14:00","2026","07","26","14:00","","27.0","","5.5","","25","","","","","","0","","16.1","","88.70","","26","","","","Mainly Clear"
"-114.01","51.12","CALGARY INTL A","3031092","2026-07-26 15:00","2026","07","26","15:00","","28.2","","7.7","","27","","","","28","","4","","16.1","","88.67","","28","","","","NA"
"-114.01","51.12","CALGARY INTL A","3031092","2026-07-26 16:00","2026","07","26","16:00","","29.3","","6.0","","23","","","","26","","13","","19.3","","88.64","","29","","","","NA"
"-114.01","51.12","CALGARY INTL A","3031092","2026-07-26 17:00","2026","07","26","17:00","","29.0","","6.5","","24","","","","28","","13","","19.3","","88.62","","29","","","","Mainly Clear"
"-114.01","51.12","CALGARY INTL A","3031092","2026-07-26 18:00","2026","07","26","18:00","","28.3","","4.6","","22","","","","30","","4","","24.1","","88.63","","27","","","","NA"
"-114.01","51.12","CALGARY INTL A","3031092","2026-07-26 19:00","2026","07","26","19:00","","26.6","","7.8","","30","","","","9","","14","","32.2","","88.64","","27","","","","NA"
"-114.01","51.12","CALGARY INTL A","3031092","2026-07-26 20:00","2026","07","26","20:00","","24.9","","8.0","","33","","","","11","","9","","32.2","","88.66","","25","","","","Mainly Clear"
"-114.01","51.12","CALGARY INTL A","3031092","2026-07-26 21:00","2026","07","26","21:00","","23.9","","7.4","","34","","","","11","","5","","24.1","","88.70","","","","","","NA"
"-114.01","51.12","CALGARY INTL A","3031092","2026-07-26 22:00","2026","07","26","22:00","","20.8","","9.4","","48","","","","36","","3","","24.1","","88.75","","","","","","NA"
"-114.01","51.12","CALGARY INTL A","3031092","2026-07-26 23:00","2026","07","26","23:00","","19.0","","9.1","","52","","","","33","","9","","24.1","","88.77","","","","","","Mainly Clear"
"-114.01","51.12","CALGARY INTL A","3031092","2026-07-27 00:00","2026","07","27","00:00","","18.3","","9.4","","56","","","","6","","7","","24.1","","88.75","","","","","","NA"
"-114.01","51.12","CALGARY INTL A","3031092","2026-07-27 01:00","2026","07","27","01:00","","16.4","","8.3","","58","","","","33","","14","","24.1","","88.78","","","","","","NA"
"-114.01","51.12","CALGARY INTL A","3031092","2026-07-27 02:00","2026","07","27","02:00","","16.2","","8.1","","58","","","","34","","9","","24.1","","88.76","","","","","","Clear"
"-114.01","51.12","CALGARY INTL A","3031092","2026-07-27 03:00","2026","07","27","03:00","","17.0","","8.5","","57","","","","31","","8","","24.1","","88.76","","","","","","NA"
"-114.01","51.12","CALGARY INTL A","3031092","2026-07-27 04:00","2026","07","27","04:00","","14.4","","7.4","","63","","","","16","","4","","24.1","","88.76","","","","","","NA"
"-114.01","51.12","CALGARY INTL A","3031092","2026-07-27 05:00","2026","07","27","05:00","","14.6","","5.7","","55","","","","21","","10","","24.1","","88.78","","","","","","Mainly Clear"
"-114.01","51.12","CALGARY INTL A","3031092","2026-07-27 06:00","2026","07","27","06:00","","18.8","","4.2","","38","","","","23","","12","","32.2","","88.79","","","","","","NA"
"-114.01","51.12","CALGARY INTL A","3031092","2026-07-27 07:00","2026","07","27","07:00","","20.5","","3.5","","32","","","","25","","13","","32.2","","88.81","","","","","","NA"
"-114.01","51.12","CALGARY INTL A","3031092","2026-07-27 08:00","2026","07","27","08:00","","22.1","","3.9","","30","","","","27","","15","","24.1","","88.83","","","","","","Mostly Cloudy"
"-114.01","51.12","CALGARY INTL A","3031092","2026-07-27 09:00","2026","07","27","09:00","","23.0","","3.5","","28","","","","27","","24","","24.1","","88.84","","","","","","NA"
"-114.01","51.12","CALGARY INTL A","3031092","2026-07-27 10:00","2026","07","27","10:00","","24.0","","3.9","","27","","","","28","","27","","24.1","","88.85","","","","","","NA"
"-114.01","51.12","CALGARY INTL A","3031092","2026-07-27 11:00","2026","07","27","11:00","","25.9","","3.5","","23","","","","30","","25","","24.1","","88.84","","25","","","","Mostly Cloudy"
"-114.01","51.12","CALGARY INTL A","3031092","2026-07-27 12:00","2026","07","27","12:00","","25.7","","3.3","","23","","","","27","","17","","32.2","","88.85","","","","","","NA"
"-114.01","51.12","CALGARY INTL A","3031092","2026-07-27 13:00","2026","07","27","13:00","","26.9","","3.3","","21","","","","29","","22","","32.2","","88.84","","26","","","","NA"
"-114.01","51.12","CALGARY INTL A","3031092","2026-07-27 14:00","2026","07","27","14:00","","28.0","","2.6","","19","","","","33","","18","","32.2","","88.82","","27","","","","Mainly Clear"
"-114.01","51.12","CALGARY INTL A","3031092","2026-07-27 15:00","2026","07","27","15:00","","26.7","","1.3","","19","","","","23","","10","","48.3","","88.79","","25","","","","NA"
"-114.01","51.12","CALGARY INTL A","3031092","2026-07-27 16:00","2026","07","27","16:00","","27.7","","3.2","","20","","","","30","","12","","48.3","","88.79","","26","","","","NA"
"-114.01","51.12","CALGARY INTL A","3031092","2026-07-27 17:00","2026","07","27","17:00","","27.2","","3.5","","21","","","","2","","4","","48.3","","88.77","","26","","","","Mainly Clear"
"-114.01","51.12","CALGARY INTL A","3031092","2026-07-27 18:00","2026","07","27","18:00","","28.8","","2.9","","19","","","","29","","14","","48.3","","88.78","","27","","","","NA"
"-114.01","51.12","CALGARY INTL A","3031092","2026-07-27 19:00","2026","07","27","19:00","","22.4","","15.6","","65","","","","5","","36","","32.2","","88.90","","27","","","","NA"
"-114.01","51.12","CALGARY INTL A","3031092","2026-07-27 20:00","2026","07","27","20:00","","20.0","","14.8","","72","","","","4","","23","","24.1","","88.98","","","","","","Mainly Clear"
"-114.01","51.12","CALGARY INTL A","3031092","2026-07-27 21:00","2026","07","27","21:00","","18.4","","14.4","","78","","","","2","","18","","24.1","","89.05","","","","","","NA"
"-114.01","51.12","CALGARY INTL A","3031092","2026-07-27 22:00","2026","07","27","22:00","","16.9","","13.3","","79","","","","2","","17","","24.1","","89.09","","","","","","NA"
"-114.01","51.12","CALGARY INTL A","3031092","2026-07-27 23:00","2026","07","27","23:00","","16.0","","13.1","","83","","","","33","","8","","24.1","","89.12","","","","","","Clear"
"-114.01","51.12","CALGARY INTL A","3031092","2026-07-28 00:00","2026","07","28","00:00","","15.6","","12.7","","83","","","","31","","8","","24.1","","89.16","","","","","","NA"
"-114.01","51.12","CALGARY INTL A","3031092","2026-07-28 01:00","2026","07","28","01:00","","14.8","","12.6","","87","","","","34","","8","","24.1","","89.13","","","","","","NA"
"-114.01","51.12","CALGARY INTL A","3031092","2026-07-28 02:00","2026","07","28","02:00","","13.5","","11.4","","87","","","","34","","5","","24.1","","89.11","","","","","","Clear"
"-114.01","51.12","CALGARY INTL A","3031092","2026-07-28 03:00","2026","07","28","03:00","","13.0","","11.0","","88","","","","6","","3","","24.1","","89.11","","","","","","NA"
"-114.01","51.12","CALGARY INTL A","3031092","2026-07-28 04:00","2026","07","28","04:00","","13.1","","11.5","","90","","","","","","0","","19.3","","89.06","","","","","","NA"
"-114.01","51.12","CALGARY INTL A","3031092","2026-07-28 05:00","2026","07","28","05:00","","13.1","","11.2","","88","","","","7","","5","","24.1","","89.05","","","","","","Mainly Clear"
"-114.01","51.12","CALGARY INTL A","3031092","2026-07-28 06:00","2026","07","28","06:00","","14.0","","12.2","","89","","","","18","","5","","24.1","","89.03","","","","","","NA"
"-114.01","51.12","CALGARY INTL A","3031092","2026-07-28 07:00","2026","07","28","07:00","","15.6","","13.5","","87","","","","17","","10","","24.1","","88.99","","","","","","NA"
"-114.01","51.12","CALGARY INTL A","3031092","2026-07-28 08:00","2026","07","28","08:00","","17.1","","13.4","","78","","","","19","","14","","24.1","","88.93","","","","","","Clear"
"-114.01","51.12","CALGARY INTL A","3031092","2026-07-28 09:00","2026","07","28","09:00","","18.7","","13.1","","69","","","","19","","13","","24.1","","88.85","","","","","","NA"
"-114.01","51.12","CALGARY INTL A","3031092","2026-07-28 10:00","2026","07","28","10:00","","20.7","","14.0","","65","","","","16","","12","","24.1","","88.78","","","","","","NA"
"-114.01","51.12","CALGARY INTL A","3031092","2026-07-28 11:00","2026","07","28","11:00","","23.5","","12.8","","50","","","","17","","19","","24.1","","88.72","","26","","","","Clear"
"-114.01","51.12","CALGARY INTL A","3031092","2026-07-28 12:00","2026","07","28","12:00","","25.3","","10.8","","39","","","","18","","13","","24.1","","88.64","","27","","","","NA"
"-114.01","51.12","CALGARY INTL A","3031092","2026-07-28 13:00","2026","07","28","13:00","","27.1","","9.5","","33","","","","19","","8","","24.1","","88.56","","28","","","","NA"
"-114.01","51.12","CALGARY INTL A","3031092","2026-07-28 14:00","2026","07","28","14:00","","28.4","","6.5","","25","","","","16","","13","","32.2","","88.50","","28","","","","Mainly Clear"
"-114.01","51.12","CALGARY INTL A","3031092","2026-07-28 15:00","2026","07","28","15:00","","29.3","","4.1","","20","","","","25","","18","","48.3","","88.44","","28","","","","NA"
"-114.01","51.12","CALGARY INTL A","3031092","2026-07-28 16:00","2026","07","28","16:00","","29.3","","2.1","","17","","","","23","","21","","64.4","","88.37","","28","","","","NA"
"-114.01","51.12","CALGARY INTL A","3031092","2026-07-28 17:00","2026","07","28","17:00","","29.9","","2.9","","17","","","","21","","25","","48.3","","88.34","","29","","","","Mainly Clear"
"-114.01","51.12","CALGARY INTL A","3031092","2026-07-28 18:00","2026","07","28","18:00","","29.4","","4.0","","19","","","","20","","20","","32.2","","88.30","","28","","","","NA"
"-114.01","51.12","CALGARY INTL A","3031092","2026-07-28 19:00","2026","07","28","19:00","","29.0","","3.3","","19","","","","24","","13","","24.1","","88.28","","28","","","","NA"
"-114.01","51.12","CALGARY INTL A","3031092","2026-07-28 20:00","2026","07","28","20:00","","26.1","","2.4","","21","","","","29","","16","","24.1","","88.32","","25","","","","Mainly Clear"
"-114.01","51.12","CALGARY INTL A","3031092","2026-07-28 21:00","2026","07","28","21:00","","24.3","","2.1","","23","","","","33","","18","","24.1","","88.42","","","","","","NA"
"-114.01","51.12","CALGARY INTL A","3031092","2026-07-28 22:00","2026","07","28","22:00","","19.1","","6.8","","44","","","","36","","12","","24.1","","88.51","","","","","","NA"
"-114.01","51.12","CALGARY INTL A","3031092","2026-07-28 23:00","2026","07","28","23:00","","17.7","","7.1","","50","","","","36","","17","","24.1","","88.65","","","","","","Clear"
"-114.01","51.12","CALGARY INTL A","3031092","2026-07-29 00:00","2026","07","29","00:00","","16.7","","7.1","","53","","","","3","","28","","24.1","","88.75","","","","","","NA"
"-114.01","51.12","CALGARY INTL A","3031092","2026-07-29 01:00","2026","07","29","01:00","","13.9","","7.8","","66","","","","1","","13","","24.1","","88.82","","","","","","NA"
"-114.01","51.12","CALGARY INTL A","3031092","2026-07-29 02:00","2026","07","29","02:00","","13.4","","8.1","","70","","","","34","","12","","24.1","","88.85","","","","","","Clear"
"-114.01","51.12","CALGARY INTL A","3031092","2026-07-29 03:00","2026","07","29","03:00","","14.1","","7.5","","64","","","","25","","9","","24.1","","88.94","","","","","","NA"
"-114.01","51.12","CALGARY INTL A","3031092","2026-07-29 04:00","2026","07","29","04:00","","14.2","","7.0","","61","","","","27","","5","","24.1","","88.97","","","","","","NA"
"-114.01","51.12","CALGARY INTL A","3031092","2026-07-29 05:00","2026","07","29","05:00","","13.2","","6.9","","65","","","","19","","3","","24.1","","88.96","","","","","","Mainly Clear"
"-114.01","51.12","CALGARY INTL A","3031092","2026-07-29 06:00","2026","07","29","06:00","","13.3","","7.3","","67","","","","","","0","","24.1","","88.96","","","","","","NA"
"-114.01","51.12","CALGARY INTL A","3031092","2026-07-29 07:00","2026","07","29","07:00","","15.8","","6.5","","54","","","","24","","7","","24.1","","88.98","","","","","","NA"
"-114.01","51.12","CALGARY INTL A","3031092","2026-07-29 08:00","2026","07","29","08:00","","17.5","","6.4","","48","","","","23","","7","","24.1","","88.99","","","","","","Clear"
"-114.01","51.12","CALGARY INTL A","3031092","2026-07-29 09:00","2026","07","29","09:00","","19.4","","4.5","","37","","","","17","","14","","24.1","","88.98","","","","","","NA"
"-114.01","51.12","CALGARY INTL A","3031092","2026-07-29 10:00","2026","07","29","10:00","","21.0","","3.2","","30","","","","15","","18","","24.1","","88.94","","","","","","NA"
"-114.01","51.12","CALGARY INTL A","3031092","2026-07-29 11:00","2026","07","29","11:00","","22.1","","4.9","","32","","","","12","","18","","24.1","","88.90","","","","","","Clear"
"-114.01","51.12","CALGARY INTL A","3031092","2026-07-29 12:00","2026","07","29","12:00","","23.2","","6.5","","34","","","","14","","19","","24.1","","88.87","","","","","","NA"
"-114.01","51.12","CALGARY INTL A","3031092","2026-07-29 13:00","2026","07","29","13:00","","23.7","","6.5","","33","","","","12","","21","","24.1","","88.82","","","","","","NA"
"-114.01","51.12","CALGARY INTL A","3031092","2026-07-29 14:00","2026","07","29","14:00","","25.3","","6.7","","30","","","","17","","17","","24.1","","88.78","","25","","","","Clear"
"-114.01","51.12","CALGARY INTL A","3031092","2026-07-29 15:00","2026","07","29","15:00","","26.1","","5.5","","26","","","","12","","15","","24.1","","88.73","","26","","","","NA"
"-114.01","51.12","CALGARY INTL A","3031092","2026-07-29 16:00","2026","07","29","16:00","","26.4","","5.1","","25","","","","12","","15","","24.1","","88.71","","26","","","","NA"
"-114.01","51.12","CALGARY INTL A","3031092","2026-07-29 17:00","2026","07","29","17:00","","26.6","","4.8","","24","","","","13","","22","","24.1","","88.70","","26","","","","Clear"
"-114.01","51.12","CALGARY INTL A","3031092","2026-07-29 18:00","2026","07","29","18:00","","25.9","","5.2","","26","","","","12","","22","","24.1","","88.71","","25","","","","NA"
"-114.01","51.12","CALGARY INTL A","3031092","2026-07-29 19:00","2026","07","29","19:00","","24.9","","6.4","","30","","","","11","","22","","64.4","","88.71","","25","","","","NA"
"-114.01","51.12","CALGARY INTL A","3031092","2026-07-29 20:00","2026","07","29","20:00","","22.7","","7.0","","36","","","","11","","18","","64.4","","88.76","","","","","","Mainly Clear"
"-114.01","51.12","CALGARY INTL A","3031092","2026-07-29 21:00","2026","07","29","21:00","","20.7","","7.7","","43","","","","11","","17","","24.1","","88.82","","","","","","NA"
"-114.01","51.12","CALGARY INTL A","3031092","2026-07-29 22:00","2026","07","29","22:00","","19.4","","7.7","","46","","","","","","0","","24.1","","88.88","","","","","","NA"
"-114.01","51.12","CALGARY INTL A","3031092","2026-07-29 23:00","2026","07","29","23:00","","17.8","","8.1","","52","","","","3","","9","","24.1","","88.92","","","","","","Mainly Clear"
"-114.01","51.12","CALGARY INTL A","3031092","2026-07-30 00:00","2026","07","30","00:00","","14.9","","8.2","","64","","","","36","","10","","24.1","","88.98","","","","","","NA"
"-114.01","51.12","CALGARY INTL A","3031092","2026-07-30 01:00","2026","07","30","01:00","","13.7","","8.6","","71","","","","35","","14","","24.1","","89.01","","","","","","NA"
"-114.01","51.12","CALGARY INTL A","3031092","2026-07-30 02:00","2026","07","30","02:00","","13.1","","9.8","","80","","","","36","","19","","24.1","","89.02","","","","","","Mostly Cloudy"
"-114.01","51.12","CALGARY INTL A","3031092","2026-07-30 03:00","2026","07","30","03:00","","12.0","","9.4","","84","","","","34","","16","","24.1","","89.04","","","","","","NA"
"-114.01","51.12","CALGARY INTL A","3031092","2026-07-30 04:00","2026","07","30","04:00","","11.6","","9.2","","85","","","","34","","13","","24.1","","89.06","","","","","","NA"
"-114.01","51.12","CALGARY INTL A","3031092","2026-07-30 05:00","2026","07","30","05:00","","10.7","","8.8","","88","","","","35","","12","","16.1","","89.10","","","","","","Mainly Clear"
"-114.01","51.12","CALGARY INTL A","3031092","2026-07-30 06:00","2026","07","30","06:00","","11.5","","9.2","","86","","","","34","","12","","16.1","","89.13","","","","","","NA"
"-114.01","51.12","CALGARY INTL A","3031092","2026-07-30 07:00","2026","07","30","07:00","","12.9","","9.6","","80","","","","35","","11","","16.1","","89.16","","","","","","NA"
"-114.01","51.12","CALGARY INTL A","3031092","2026-07-30 08:00","2026","07","30","08:00","","14.8","","10.1","","73","","","","33","","10","","16.1","","89.16","","","","","","Mostly Cloudy"
"-114.01","51.12","CALGARY INTL A","3031092","2026-07-30 09:00","2026","07","30","09:00","","16.8","","10.3","","65","","","","33","","8","","16.1","","89.16","","","","","","NA"
"-114.01","51.12","CALGARY INTL A","3031092","2026-07-30 10:00","2026","07","30","10:00","","18.9","","10.6","","58","","","","33","","6","","16.1","","89.13","","","","","","NA"
"-114.01","51.12","CALGARY INTL A","3031092","2026-07-30 11:00","2026","07","30","11:00","","20.5","","11.1","","54","","","","2","","4","","16.1","","89.11","","","","","","Mostly Cloudy"
"-114.01","51.12","CALGARY INTL A","3031092","2026-07-30 12:00","2026","07","30","12:00","","22.9","","10.4","","45","","","","6","","9","","16.1","","89.10","","","","","","NA"
"-114.01","51.12","CALGARY INTL A","3031092","2026-07-30 13:00","2026","07","30","13:00","","23.7","","11.5","","46","","","","11","","12","","16.1","","89.07","","26","","","","NA"
"-114.01","51.12","CALGARY INTL A","3031092","2026-07-30 14:00","2026","07","30","14:00","","24.9","","11.5","","42","","","","36","","9","","14.5","","89.07","","27","","","","Mostly Cloudy"
"-114.01","51.12","CALGARY INTL A","3031092","2026-07-30 15:00","2026","07","30","15:00","","24.0","","11.6","","45","","","","9","","15","","16.1","","89.06","","26","","","","NA"
"-114.01","51.12","CALGARY INTL A","3031092","2026-07-30 16:00","2026","07","30","16:00","","25.5","","10.5","","39","","","","4","","12","","14.5","","89.03","","27","","","","NA"
"-114.01","51.12","CALGARY INTL A","3031092","2026-07-30 17:00","2026","07","30","17:00","","25.3","","10.8","","40","","","","4","","8","","14.5","","89.01","","27","","","","Mostly Cloudy"
"-114.01","51.12","CALGARY INTL A","3031092","2026-07-30 18:00","2026","07","30","18:00","","25.0","","10.2","","39","","","","5","","14","","14.5","","89.03","","26","","","","NA"
"-114.01","51.12","CALGARY INTL A","3031092","2026-07-30 19:00","2026","07","30","19:00","","23.7","","10.1","","42","","","","2","","14","","14.5","","89.05","","25","","","","NA"
"-114.01","51.12","CALGARY INTL A","3031092","2026-07-30 20:00","2026","07","30","20:00","","21.9","","12.7","","56","","","","34","","10","","14.5","","89.11","","25","","","","Clear"
"-114.01","51.12","CALGARY INTL A","3031092","2026-07-30 21:00","2026","07","30","21:00","","20.2","","12.3","","60","","","","34","","10","","16.1","","89.16","","","","","","NA"
"-114.01","51.12","CALGARY INTL A","3031092","2026-07-30 22:00","2026","07","30","22:00","","18.5","","12.4","","67","","","","34","","9","","16.1","","89.19","","","","","","NA"
"-114.01","51.12","CALGARY INTL A","3031092","2026-07-30 23:00","2026","07","30","23:00","","17.4","","12.0","","70","","","","34","","10","","16.1","","89.21","","","","","","Clear"
"-114.01","51.12","CALGARY INTL A","3031092","2026-07-31 00:00","2026","07","31","00:00","","16.2","","11.8","","75","","","","34","","9","","16.1","","89.22","","","","","","NA"
"-114.01","51.12","CALGARY INTL A","3031092","2026-07-31 01:00","2026","07","31","01:00","","15.4","","11.4","","77","","","","33","","4","","16.1","","89.22","","","","","","NA"
"-114.01","51.12","CALGARY INTL A","3031092","2026-07-31 02:00","2026","07","31","02:00","","14.8","","11.3","","79","","","","33","","8","","16.1","","89.25","","","","","","Clear"
"-114.01","51.12","CALGARY INTL A","3031092","2026-07-31 03:00","2026","07","31","03:00","","14.3","","10.9","","80","","","","35","","4","","16.1","","89.26","","","","","","NA"
"-114.01","51.12","CALGARY INTL A","3031092","2026-07-31 04:00","2026","07","31","04:00","","13.7","","10.7","","81","","","","","","0","","16.1","","89.27","","","","","","NA"
"-114.01","51.12","CALGARY INTL A","3031092","2026-07-31 05:00","2026","07","31","05:00","","13.7","","10.6","","82","","","","35","","3","","14.5","","89.29","","","","","","Mainly Clear"
"-114.01","51.12","CALGARY INTL A","3031092","2026-07-31 06:00","2026","07","31","06:00","","13.9","","10.2","","78","","","","18","","4","","14.5","","89.33","","","","","","NA"
"-114.01","51.12","CALGARY INTL A","3031092","2026-07-31 07:00","2026","07","31","07:00","","15.8","","9.9","","67","","","","23","","7","","14.5","","89.35","","","","","","NA"
"-114.01","51.12","CALGARY INTL A","3031092","2026-07-31 08:00","2026","07","31","08:00","","17.6","","10.5","","63","","","","11","","3","","14.5","","89.39","","","","","","Clear"
"-114.01","51.12","CALGARY INTL A","3031092","2026-07-31 09:00","2026","07","31","09:00","","20.4","","10.4","","52","","","","","","0","","14.5","","89.39","","","","","","NA"
"-114.01","51.12","CALGARY INTL A","3031092","2026-07-31 10:00","2026","07","31","10:00","","24.3","","9.7","","39","","","","21","","4","","11.3","","89.38","","25","","","","NA"
"-114.01","51.12","CALGARY INTL A","3031092","2026-07-31 11:00","2026","07","31","11:00","","26.8","","5.5","","25","","","","15","","3","","8.1","","89.38","","26","","","","Smoke"
"-114.01","51.12","CALGARY INTL A","3031092","2026-07-31 12:00","2026","07","31","12:00","","28.5","","3.5","","20","","","","14","","5","","8.1","","89.36","","27","","","","Smoke"
"-114.01","51.12","CALGARY INTL A","3031092","2026-07-31 13:00","2026","07","31","13:00","","28.1","","5.1","","23","","","","7","","7","","8.1","","89.34","","27","","","","Smoke"
"-114.01","51.12","CALGARY INTL A","3031092","2026-07-31 14:00","2026","07","31","14:00","","28.5","","6.5","","24","","","","13","","12","","8.1","","89.34","","28","","","","Smoke"
"-114.01","51.12","CALGARY INTL A","3031092","2026-07-31 15:00","2026","07","31","15:00","","29.2","","7.3","","25","","","","16","","16","","8.1","","89.33","","29","","","","Smoke"
"-114.01","51.12","CALGARY INTL A","3031092","2026-07-31 16:00","2026","07","31","16:00","","28.8","","6.9","","25","","","","10","","16","","8.1","","89.29","","29","","","","Smoke"
"-114.01","51.12","CALGARY INTL A","3031092","2026-07-31 17:00","2026","07","31","17:00","","28.8","","6.4","","24","","","","11","","18","","8.1","","89.25","","29","","","","Smoke"
"-114.01","51.12","CALGARY INTL A","3031092","2026-07-31 18:00","2026","07","31","18:00","","27.9","","7.7","","28","","","","15","","22","","8.1","","89.25","","28","","","","Smoke"
"-114.01","51.12","CALGARY INTL A","3031092","2026-07-31 19:00","2026","07","31","19:00","","26.4","","9.5","","34","","","","14","","16","","12.9","","89.25","","27","","","","NA"
"-114.01","51.12","CALGARY INTL A","3031092","2026-07-31 20:00","2026","07","31","20:00","","24.2","","11.2","","44","","","","11","","12","","9.7","","89.22","","26","","","","Smoke"
"-114.01","51.12","CALGARY INTL A","3031092","2026-07-31 21:00","2026","07","31","21:00","","23.1","","10.8","","45","","","","13","","12","","9.7","","89.25","","25","","","","Smoke"
"-114.01","51.12","CALGARY INTL A","3031092","2026-07-31 22:00","2026","07","31","22:00","","22.2","","9.9","","45","","","","13","","15","","16.1","","89.24","","","","","","NA"
"-114.01","51.12","CALGARY INTL A","3031092","2026-07-31 23:00","2026","07","31","23:00","","20.8","","9.9","","49","","","","15","","14","","16.1","","89.20","","","","","","Clear"
