"Longitude (x)","Latitude (y)","Station Name","Climate ID","Date/Time (LST)","Year","Month","Day","Time (LST)","Flag","Temp (°C)","Temp Flag","Dew Point Temp (°C)","Dew Point Temp Flag","Rel Hum (%)","Rel Hum Flag","Precip. Amount (mm)","Precip. Amount Flag","Wind Dir (10s deg)","Wind Dir Flag","Wind Spd (km/h)","Wind Spd Flag","Visibility (km)","Visibility Flag","Stn Press (kPa)","Stn Press Flag","Hmdx","Hmdx Flag","Wind Chill","Wind Chill Flag","Weather"
"-114.01","51.12","CALGARY INTL A","3031092","2026-08-01 00:00","2026","08","01","00:00","","18.3","","10.4","","60","","","","17","","9","","16.1","","89.13","","","","","","NA"
"-114.01","51.12","CALGARY INTL A","3031092","2026-08-01 01:00","2026","08","01","01:00","","16.8","","10.4","","66","","","","16","","11","","16.1","","89.08","","","","","","NA"
"-114.01","51.12","CALGARY INTL A","3031092","2026-08-01 02:00","2026","08","01","02:00","","16.9","","10.5","","66","","","","15","","7","","16.1","","89.04","","","","","","Clear"
"-114.01","51.12","CALGARY INTL A","3031092","2026-08-01 03:00","2026","08","01","03:00","","15.5","","11.2","","75","","","","20","","8","","11.3","","89.00","","","","","","NA"
"-114.01","51.12","CALGARY INTL A","3031092","2026-08-01 04:00","2026","08","01","04:00","","15.9","","10.0","","68","","","","22","","10","","12.9","","88.94","","","","","","NA"
"-114.01","51.12","CALGARY INTL A","3031092","2026-08-01 05:00","2026","08","01","05:00","","15.1","","9.4","","69","","","","22","","12","","8.1","","88.89","","","","","","Smoke"
"-114.01","51.12","CALGARY INTL A","3031092","2026-08-01 06:00","2026","08","01","06:00","","13.9","","9.2","","73","","","","20","","7","","9.7","","88.83","","","","","","Smoke"
"-114.01","51.12","CALGARY INTL A","3031092","2026-08-01 07:00","2026","08","01","07:00","","15.3","","8.9","","65","","","","21","","10","","9.7","","88.78","","","","","","Smoke"
"-114.01","51.12","CALGARY INTL A","3031092","2026-08-01 08:00","2026","08","01","08:00","","18.6","","8.4","","51","","","","21","","12","","9.7","","88.73","","","","","","Smoke"
"-114.01","51.12","CALGARY INTL A","3031092","2026-08-01 09:00","2026","08","01","09:00","","20.9","","8.9","","46","","","","21","","9","","8.1","","88.64","","","","","","Smoke"
"-114.01","51.12","CALGARY INTL A","3031092","2026-08-01 10:00","2026","08","01","10:00","","25.5","","9.6","","36","","","","19","","11","","9.7","","88.54","","27","","","","Smoke"
"-114.01","51.12","CALGARY INTL A","3031092","2026-08-01 11:00","2026","08","01","11:00","","30.4","","7.2","","23","","","","18","","23","","9.7","","88.43","","30","","","","Smoke"
"-114.01","51.12","CALGARY INTL A","3031092","2026-08-01 12:00","2026","08","01","12:00","","32.6","","6.3","","19","","","","19","","32","","9.7","","88.32","","32","","","","Smoke"
"-114.01","51.12","CALGARY INTL A","3031092","2026-08-01 13:00","2026","08","01","13:00","","34.1","","5.4","","16","","","","18","","22","","9.7","","88.22","","34","","","","Smoke"
"-114.01","51.12","CALGARY INTL A","3031092","2026-08-01 14:00","2026","08","01","14:00","","34.0","","3.9","","15","","","","21","","28","","8.1","","88.12","","33","","","","Smoke"
"-114.01","51.12","CALGARY INTL A","3031092","2026-08-01 15:00","2026","08","01","15:00","","33.9","","3.4","","14","","","","22","","20","","8.1","","88.03","","33","","","","Smoke"
"-114.01","51.12","CALGARY INTL A","3031092","2026-08-01 16:00","2026","08","01","16:00","","33.7","","0.8","","12","","","","22","","34","","8.1","","87.96","","32","","","","Smoke"
"-114.01","51.12","CALGARY INTL A","3031092","2026-08-01 17:00","2026","08","01","17:00","","32.8","","0.8","","13","","","","23","","30","","14.5","","87.91","","31","","","","Clear"
"-114.01","51.12","CALGARY INTL A","3031092","2026-08-01 18:00","2026","08","01","18:00","","31.5","","1.5","","14","","","","23","","28","","14.5","","87.88","","30","","","","NA"
"-114.01","51.12","CALGARY INTL A","3031092","2026-08-01 19:00","2026","08","01","19:00","","29.9","","1.3","","16","","","","23","","23","","14.5","","87.86","","28","","","","NA"
"-114.01","51.12","CALGARY INTL A","3031092","2026-08-01 20:00","2026","08","01","20:00","","27.8","","1.8","","18","","","","23","","20","","14.5","","87.89","","26","","","","Clear"
"-114.01","51.12","CALGARY INTL A","3031092","2026-08-01 21:00","2026","08","01","21:00","","26.2","","-0.4","","17","","","","23","","23","","12.9","","87.99","","","","","","NA"
"-114.01","51.12","CALGARY INTL A","3031092","2026-08-01 22:00","2026","08","01","22:00","","22.1","","8.7","","42","","","","1","","20","","12.9","","88.13","","","","","","NA"
"-114.01","51.12","CALGARY INTL A","3031092","2026-08-01 23:00","2026","08","01","23:00","","20.6","","9.5","","48","","","","34","","8","","12.9","","88.11","","","","","","Clear"
"-114.01","51.12","CALGARY INTL A","3031092","2026-08-02 00:00","2026","08","02","00:00","","19.3","","9.9","","54","","","","35","","14","","12.9","","88.17","","","","","","NA"
"-114.01","51.12","CALGARY INTL A","3031092","2026-08-02 01:00","2026","08","02","01:00","","18.0","","9.6","","58","","","","36","","18","","12.9","","88.35","","","","","","NA"
"-114.01","51.12","CALGARY INTL A","3031092","2026-08-02 02:00","2026","08","02","02:00","","15.2","","8.2","","63","","","","2","","29","","12.9","","88.41","","","","","","Mainly Clear"
"-114.01","51.12","CALGARY INTL A","3031092","2026-08-02 03:00","2026","08","02","03:00","","12.5","","8.7","","78","","","","1","","19","","12.9","","88.44","","","","","","NA"
"-114.01","51.12","CALGARY INTL A","3031092","2026-08-02 04:00","2026","08","02","04:00","","11.3","","8.3","","82","","","","1","","11","","12.9","","88.52","","","","","","NA"
"-114.01","51.12","CALGARY INTL A","3031092","2026-08-02 05:00","2026","08","02","05:00","","10.7","","7.7","","81","","","","31","","13","","11.3","","88.58","","","","","","Clear"
"-114.01","51.12","CALGARY INTL A","3031092","2026-08-02 06:00","2026","08","02","06:00","","10.3","","7.8","","85","","","","1","","16","","14.5","","88.65","","","","","","NA"
"-114.01","51.12","CALGARY INTL A","3031092","2026-08-02 07:00","2026","08","02","07:00","","13.1","","8.8","","75","","","","21","","7","","19.3","","88.66","","","","","","NA"
"-114.01","51.12","CALGARY INTL A","3031092","2026-08-02 08:00","2026","08","02","08:00","","15.2","","8.1","","62","","","","21","","12","","19.3","","88.67","","","","","","Mainly Clear"
"-114.01","51.12","CALGARY INTL A","3031092","2026-08-02 09:00","2026","08","02","09:00","","18.1","","-2.7","","24","","","","29","","30","","14.5","","88.66","","","","","","NA"
"-114.01","51.12","CALGARY INTL A","3031092","2026-08-02 10:00","2026","08","02","10:00","","18.9","","-2.2","","24","","","","29","","23","","14.5","","88.65","","","","","","NA"
"-114.01","51.12","CALGARY INTL A","3031092","2026-08-02 11:00","2026","08","02","11:00","","19.5","","-2.7","","22","","","","28","","25","","14.5","","88.64","","","","","","Mainly Clear"
"-114.01","51.12","CALGARY INTL A","3031092","2026-08-02 12:00","2026","08","02","12:00","","19.7","","-3.5","","20","","","","27","","23","","12.9","","88.63","","","","","","NA"
"-114.01","51.12","CALGARY INTL A","3031092","2026-08-02 13:00","2026","08","02","13:00","","20.1","","-3.2","","20","","","","27","","21","","12.9","","88.63","","","","","","NA"
"-114.01","51.12","CALGARY INTL A","3031092","2026-08-02 14:00","2026","08","02","14:00","","20.9","","-3.0","","20","","","","29","","36","","12.9","","88.63","","","","","","Mainly Clear"
"-114.01","51.12","CALGARY INTL A","3031092","2026-08-02 15:00","2026","08","02","15:00","","21.1","","-4.0","","18","","","","29","","23","","16.1","","88.66","","","","","","NA"
"-114.01","51.12","CALGARY INTL A","3031092","2026-08-02 16:00","2026","08","02","16:00","","21.1","","-4.2","","18","","","","28","","26","","16.1","","88.69","","","","","","NA"
"-114.01","51.12","CALGARY INTL A","3031092","2026-08-02 17:00","2026","08","02","17:00","","21.2","","-3.9","","18","","","","29","","29","","19.3","","88.73","","","","","","Mainly Clear"
"-114.01","51.12","CALGARY INTL A","3031092","2026-08-02 18:00","2026","08","02","18:00","","16.9","","1.6","","35","","","","1","","39","","24.1","","88.86","","","","","","NA"
"-114.01","51.12","CALGARY INTL A","3031092","2026-08-02 19:00","2026","08","02","19:00","","14.0","","2.9","","47","","","","36","","30","","24.1","","89.00","","","","","","NA"
"-114.01","51.12","CALGARY INTL A","3031092","2026-08-02 20:00","2026","08","02","20:00","","12.3","","3.4","","54","","","","35","","36","","24.1","","89.07","","","","","","Mostly Cloudy"
"-114.01","51.12","CALGARY INTL A","3031092","2026-08-02 21:00","2026","08","02","21:00","","11.9","","2.3","","52","","","","35","","42","","24.1","","89.13","","","","","","NA"
"-114.01","51.12","CALGARY INTL A","3031092","2026-08-02 22:00","2026","08","02","22:00","","9.5","","4.1","","69","","","","35","","41","","24.1","","89.31","","","","","","NA"
"-114.01","51.12","CALGARY INTL A","3031092","2026-08-02 23:00","2026","08","02","23:00","","8.5","","4.0","","74","","","","34","","32","","24.1","","89.39","","","","","","Mostly Cloudy"
"-114.01","51.12","CALGARY INTL A","3031092","2026-08-03 00:00","2026","08","03","00:00","","8.2","","4.4","","77","","","","33","","23","","24.1","","89.43","","","","","","NA"
"-114.01","51.12","CALGARY INTL A","3031092","2026-08-03 01:00","2026","08","03","01:00","","9.1","","4.5","","73","","","","33","","21","","24.1","","89.46","","","","","","NA"
"-114.01","51.12","CALGARY INTL A","3031092","2026-08-03 02:00","2026","08","03","02:00","","10.2","","3.9","","65","","","","32","","20","","24.1","","89.48","","","","","","Mostly Cloudy"
"-114.01","51.12","CALGARY INTL A","3031092","2026-08-03 03:00","2026","08","03","03:00","","8.6","","6.0","","83","","","","34","","29","","9.7","","89.53","","","","","","Rain,Fog"
"-114.01","51.12","CALGARY INTL A","3031092","2026-08-03 04:00","2026","08","03","04:00","","8.5","","6.1","","85","","","","32","","17","","19.3","","89.57","","","","","","NA"
"-114.01","51.12","CALGARY INTL A","3031092","2026-08-03 05:00","2026","08","03","05:00","","8.8","","5.3","","78","","","","31","","10","","24.1","","89.58","","","","","","Mostly Cloudy"
"-114.01","51.12","CALGARY INTL A","3031092","2026-08-03 06:00","2026","08","03","06:00","","9.7","","5.1","","73","","","","32","","15","","32.2","","89.59","","","","","","NA"
"-114.01","51.12","CALGARY INTL A","3031092","2026-08-03 07:00","2026","08","03","07:00","","10.3","","5.1","","70","","","","33","","19","","64.4","","89.62","","","","","","NA"
"-114.01","51.12","CALGARY INTL A","3031092","2026-08-03 08:00","2026","08","03","08:00","","11.8","","5.5","","65","","","","34","","26","","64.4","","89.62","","","","","","Mainly Clear"
"-114.01","51.12","CALGARY INTL A","3031092","2026-08-03 09:00","2026","08","03","09:00","","13.5","","5.1","","57","","","","32","","24","","64.4","","89.60","","","","","","NA"
"-114.01","51.12","CALGARY INTL A","3031092","2026-08-03 10:00","2026","08","03","10:00","","15.2","","3.2","","44","","","","35","","31","","64.4","","89.60","","","","","","NA"
"-114.01","51.12","CALGARY INTL A","3031092","2026-08-03 11:00","2026","08","03","11:00","","15.8","","2.6","","41","","","","35","","22","","64.4","","89.60","","","","","","Mostly Cloudy"
"-114.01","51.12","CALGARY INTL A","3031092","2026-08-03 12:00","2026","08","03","12:00","","15.2","","2.4","","42","","","","35","","23","","64.4","","89.58","","","","","","NA"
"-114.01","51.12","CALGARY INTL A","3031092","2026-08-03 13:00","2026","08","03","13:00","","17.0","","2.6","","38","","","","31","","19","","64.4","","89.57","","","","","","NA"
"-114.01","51.12","CALGARY INTL A","3031092","2026-08-03 14:00","2026","08","03","14:00","","18.7","","2.1","","33","","","","35","","16","","64.4","","89.54","","","","","","Mostly Cloudy"
"-114.01","51.12","CALGARY INTL A","3031092","2026-08-03 15:00","2026","08","03","15:00","","19.2","","-0.1","","27","","","","33","","23","","64.4","","89.51","","","","","","NA"
"-114.01","51.12","CALGARY INTL A","3031092","2026-08-03 16:00","2026","08","03","16:00","","19.4","","1.0","","29","","","","36","","22","","64.4","","89.50","","","","","","NA"
"-114.01","51.12","CALGARY INTL A","3031092","2026-08-03 17:00","2026","08","03","17:00","","20.0","","1.9","","30","","","","35","","18","","64.4","","89.47","","","","","","Mainly Clear"
"-114.01","51.12","CALGARY INTL A","3031092","2026-08-03 18:00","2026","08","03","18:00","","19.2","","2.2","","32","","","","1","","17","","64.4","","89.46","","","","","","NA"
"-114.01","51.12","CALGARY INTL A","3031092","2026-08-03 19:00","2026","08","03","19:00","","18.3","","2.0","","33","","","","36","","15","","32.2","","89.47","","","","","","NA"
"-114.01","51.12","CALGARY INTL A","3031092","2026-08-03 20:00","2026","08","03","20:00","","16.3","","1.9","","38","","","","5","","9","","24.1","","89.47","","","","","","Mainly Clear"
"-114.01","51.12","CALGARY INTL A","3031092","2026-08-03 21:00","2026","08","03","21:00","","14.9","","2.2","","42","","","","8","","8","","24.1","","89.52","","","","","","NA"
"-114.01","51.12","CALGARY INTL A","3031092","2026-08-03 22:00","2026","08","03","22:00","","13.5","","2.5","","47","","","","7","","5","","24.1","","89.53","","","","","","NA"
"-114.01","51.12","CALGARY INTL A","3031092","2026-08-03 23:00","2026","08","03","23:00","","13.8","","3.4","","49","","","","","","0","","24.1","","89.53","","","","","","Mostly Cloudy"
"-114.01","51.12","CALGARY INTL A","3031092","2026-08-04 00:00","2026","08","04","00:00","","14.0","","3.5","","49","","","","22","","6","","24.1","","89.50","","","","","","NA"
"-114.01","51.12","CALGARY INTL A","3031092","2026-08-04 01:00","2026","08","04","01:00","","13.0","","3.1","","51","","","","25","","5","","24.1","","89.48","","","","","","NA"
"-114.01","51.12","CALGARY INTL A","3031092","2026-08-04 02:00","2026","08","04","02:00","","12.7","","2.6","","50","","","","26","","5","","24.1","","89.47","","","","","","Mainly Clear"
"-114.01","51.12","CALGARY INTL A","3031092","2026-08-04 03:00","2026","08","04","03:00","","11.3","","3.1","","57","","","","30","","5","","24.1","","89.46","","","","","","NA"
"-114.01","51.12","CALGARY INTL A","3031092","2026-08-04 04:00","2026","08","04","04:00","","10.4","","3.2","","61","","","","19","","3","","24.1","","89.46","","","","","","NA"
"-114.01","51.12","CALGARY INTL A","3031092","2026-08-04 05:00","2026","08","04","05:00","","10.0","","3.7","","65","","","","21","","3","","32.2","","89.46","","","","","","Mostly Cloudy"
"-114.01","51.12","CALGARY INTL A","3031092","2026-08-04 06:00","2026","08","04","06:00","","10.4","","3.6","","62","","","","21","","6","","32.2","","89.43","","","","","","NA"
"-114.01","51.12","CALGARY INTL A","3031092","2026-08-04 07:00","2026","08","04","07:00","","11.5","","3.7","","58","","","","23","","10","","64.4","","89.42","","","","","","NA"
"-114.01","51.12","CALGARY INTL A","3031092","2026-08-04 08:00","2026","08","04","08:00","","14.3","","3.9","","49","","","","23","","11","","64.4","","89.43","","","","","","Mainly Clear"
"-114.01","51.12","CALGARY INTL A","3031092","2026-08-04 09:00","2026","08","04","09:00","","17.7","","4.3","","41","","","","22","","9","","64.4","","89.38","","","","","","NA"
"-114.01","51.12","CALGARY INTL A","3031092","2026-08-04 10:00","2026","08","04","10:00","","19.2","","5.5","","40","","","","21","","8","","64.4","","89.34","","","","","","NA"
"-114.01","51.12","CALGARY INTL A","3031092","2026-08-04 11:00","2026","08","04","11:00","","20.3","","2.7","","31","","","","26","","12","","64.4","","89.29","","","","","","Mainly Clear"
"-114.01","51.12","CALGARY INTL A","3031092","2026-08-04 12:00","2026","08","04","12:00","","20.8","","2.8","","30","","","","13","","5","","64.4","","89.24","","","","","","NA"
"-114.01","51.12","CALGARY INTL A","3031092","2026-08-04 13:00","2026","08","04","13:00","","22.6","","1.5","","25","","","","19","","5","","64.4","","89.17","","","","","","NA"
"-114.01","51.12","CALGARY INTL A","3031092","2026-08-04 14:00","2026","08","04","14:00","","22.7","","1.6","","24","","","","30","","9","","64.4","","89.12","","","","","","Mainly Clear"
"-114.01","51.12","CALGARY INTL A","3031092","2026-08-04 15:00","2026","08","04","15:00","","23.8","","2.1","","24","","","","18","","7","","64.4","","89.06","","","","","","NA"
"-114.01","51.12","CALGARY INTL A","3031092","2026-08-04 16:00","2026","08","04","16:00","","24.0","","1.3","","22","","","","9","","4","","64.4","","89.01","","","","","","NA"
"-114.01","51.12","CALGARY INTL A","3031092","2026-08-04 17:00","2026","08","04","17:00","","24.4","","2.0","","23","","","","18","","9","","64.4","","88.94","","","","","","Mainly Clear"
"-114.01","51.12","CALGARY INTL A","3031092","2026-08-04 18:00","2026","08","04","18:00","","24.1","","2.4","","24","","","","16","","14","","64.4","","88.92","","","","","","NA"
"-114.01","51.12","CALGARY INTL A","3031092","2026-08-04 19:00","2026","08","04","19:00","","22.5","","2.8","","27","","","","15","","19","","24.1","","88.89","","","","","","NA"
"-114.01","51.12","CALGARY INTL A","3031092","2026-08-04 20:00","2026","08","04","20:00","","20.9","","3.3","","31","","","","11","","11","","32.2","","88.91","","","","","","Mostly Cloudy"
"-114.01","51.12","CALGARY INTL A","3031092","2026-08-04 21:00","2026","08","04","21:00","","18.4","","4.6","","40","","","","8","","10","","24.1","","88.96","","","","","","NA"
"-114.01","51.12","CALGARY INTL A","3031092","2026-08-04 22:00","2026","08","04","22:00","","18.2","","5.8","","44","","","","3","","15","","24.1","","88.99","","","","","","NA"
"-114.01","51.12","CALGARY INTL A","3031092","2026-08-04 23:00","2026","08","04","23:00","","15.5","","6.1","","53","","","","35","","14","","24.1","","89.02","","","","","","Mainly Clear"
"-114.01","51.12","CALGARY INTL A","3031092","2026-08-05 00:00","2026","08","05","00:00","","15.5","","6.4","","54","","","","34","","17","","24.1","","89.09","","","","","","NA"
"-114.01","51.12","CALGARY INTL A","3031092","2026-08-05 01:00","2026","08","05","01:00","","14.9","","7.9","","62","","","","35","","22","","24.1","","89.13","","","","","","NA"
"-114.01","51.12","CALGARY INTL A","3031092","2026-08-05 02:00","2026","08","05","02:00","","13.8","","8.4","","70","","","","34","","16","","24.1","","89.14","","","","","","Mainly Clear"
"-114.01","51.12","CALGARY INTL A","3031092","2026-08-05 03:00","2026","08","05","03:00","","14.1","","8.4","","68","","","","26","","10","","24.1","","89.13","","","","","","NA"
"-114.01","51.12","CALGARY INTL A","3031092","2026-08-05 04:00","2026","08","05","04:00","","13.2","","8.0","","70","","","","32","","8","","24.1","","89.14","","","","","","NA"
"-114.01","51.12","CALGARY INTL A","3031092","2026-08-05 05:00","2026","08","05","05:00","","14.0","","7.8","","66","","","","26","","8","","32.2","","89.12","","","","","","Mainly Clear"
"-114.01","51.12","CALGARY INTL A","3031092","2026-08-05 06:00","2026","08","05","06:00","","14.8","","7.5","","61","","","","28","","9","","32.2","","89.13","","","","","","NA"
"-114.01","51.12","CALGARY INTL A","3031092","2026-08-05 07:00","2026","08","05","07:00","","15.6","","7.5","","58","","","","25","","10","","32.2","","89.14","","","","","","NA"
"-114.01","51.12","CALGARY INTL A","3031092","2026-08-05 08:00","2026","08","05","08:00","","17.8","","7.5","","51","","","","27","","11","","32.2","","89.16","","","","","","Mostly Cloudy"
"-114.01","51.12","CALGARY INTL A","3031092","2026-08-05 09:00","2026","08","05","09:00","","19.6","","7.9","","46","","","","26","","11","","32.2","","89.15","","","","","","NA"
"-114.01","51.12","CALGARY INTL A","3031092","2026-08-05 10:00","2026","08","05","10:00","","21.6","","7.6","","40","","","","34","","9","","32.2","","89.12","","","","","","NA"
"-114.01","51.12","CALGARY INTL A","3031092","2026-08-05 11:00","2026","08","05","11:00","","22.9","","6.9","","35","","","","34","","10","","32.2","","89.10","","","","","","Mostly Cloudy"
"-114.01","51.12","CALGARY INTL A","3031092","2026-08-05 12:00","2026","08","05","12:00","","23.8","","6.8","","33","","","","36","","11","","32.2","","89.05","","","","","","NA"
"-114.01","51.12","CALGARY INTL A","3031092","2026-08-05 13:00","2026","08","05","13:00","","24.1","","5.8","","30","","","","21","","8","","48.3","","88.99","","","","","","NA"
"-114.01","51.12","CALGARY INTL A","3031092","2026-08-05 14:00","2026","08","05","14:00","","25.1","","5.3","","27","","","","17","","12","","48.3","","88.94","","","","","","Mostly Cloudy"
"-114.01","51.12","CALGARY INTL A","3031092","2026-08-05 15:00","2026","08","05","15:00","","24.6","","4.4","","27","","","","13","","6","","48.3","","88.88","","","","","","NA"
"-114.01","51.12","CALGARY INTL A","3031092","2026-08-05 16:00","2026","08","05","16:00","","25.3","","5.7","","28","","","","14","","22","","48.3","","88.83","","25","","","","NA"
"-114.01","51.12","CALGARY INTL A","3031092","2026-08-05 17:00","2026","08","05","17:00","","25.5","","6.4","","29","","","","13","","14","","48.3","","88.79","","25","","","","Mostly Cloudy"
"-114.01","51.12","CALGARY INTL A","3031092","2026-08-05 18:00","2026","08","05","18:00","","24.8","","6.9","","31","","","","14","","7","","48.3","","88.76","","25","","","","NA"
"-114.01","51.12","CALGARY INTL A","3031092","2026-08-05 19:00","2026","08","05","19:00","","23.5","","6.2","","32","","","","12","","20","","16.1","","88.74","","","","","","NA"
"-114.01","51.12","CALGARY INTL A","3031092","2026-08-05 20:00","2026","08","05","20:00","","21.9","","7.6","","39","","","","11","","14","","24.1","","88.73","","","","","","Mostly Cloudy"
"-114.01","51.12","CALGARY INTL A","3031092","2026-08-05 21:00","2026","08","05","21:00","","19.6","","7.7","","46","","","","9","","12","","14.5","","88.76","","","","","","NA"
"-114.01","51.12","CALGARY INTL A","3031092","2026-08-05 22:00","2026","08","05","22:00","","18.2","","9.2","","55","","","","","","0","","19.3","","88.76","","","","","","NA"
"-114.01","51.12","CALGARY INTL A","3031092","2026-08-05 23:00","2026","08","05","23:00","","17.2","","9.1","","59","","","","","","0","","19.3","","88.74","","","","","","Clear"
"-114.01","51.12","CALGARY INTL A","3031092","2026-08-06 00:00","2026","08","06","00:00","","14.6","","8.8","","68","","","","34","","11","","19.3","","88.74","","","","","","NA"
"-114.01","51.12","CALGARY INTL A","3031092","2026-08-06 01:00","2026","08","06","01:00","","12.9","","8.0","","72","","","","34","","8","","19.3","","88.73","","","","","","NA"
"-114.01","51.12","CALGARY INTL A","3031092","2026-08-06 02:00","2026","08","06","02:00","","12.4","","7.6","","72","","","","34","","11","","19.3","","88.75","","","","","","Mainly Clear"
"-114.01","51.12","CALGARY INTL A","3031092","2026-08-06 03:00","2026","08","06","03:00","","12.2","","7.5","","73","","","","1","","18","","19.3","","88.85","","","","","","NA"
"-114.01","51.12","CALGARY INTL A","3031092","2026-08-06 04:00","2026","08","06","04:00","","14.1","","9.3","","72","","","","35","","27","","19.3","","89.04","","","","","","NA"
"-114.01","51.12","CALGARY INTL A","3031092","2026-08-06 05:00","2026","08","06","05:00","","12.7","","10.1","","84","","","","36","","27","","16.1","","89.15","","","","","","Mainly Clear"
"-114.01","51.12","CALGARY INTL A","3031092","2026-08-06 06:00","2026","08","06","06:00","","12.8","","10.7","","87","","","","36","","27","","16.1","","89.24","","","","","","NA"
"-114.01","51.12","CALGARY INTL A","3031092","2026-08-06 07:00","2026","08","06","07:00","","13.0","","10.4","","84","","","","36","","22","","32.2","","89.31","","","","","","NA"
"-114.01","51.12","CALGARY INTL A","3031092","2026-08-06 08:00","2026","08","06","08:00","","11.9","","8.8","","81","","","","2","","27","","32.2","","89.36","","","","","","Cloudy"
"-114.01","51.12","CALGARY INTL A","3031092","2026-08-06 09:00","2026","08","06","09:00","","12.4","","8.8","","79","","","","36","","13","","24.1","","89.41","","","","","","NA"
"-114.01","51.12","CALGARY INTL A","3031092","2026-08-06 10:00","2026","08","06","10:00","","12.8","","8.7","","76","","","","1","","16","","24.1","","89.46","","","","","","NA"
"-114.01","51.12","CALGARY INTL A","3031092","2026-08-06 11:00","2026","08","06","11:00","","14.6","","9.2","","70","","","","6","","14","","24.1","","89.44","","","","","","Mostly Cloudy"
"-114.01","51.12","CALGARY INTL A","3031092","2026-08-06 12:00","2026","08","06","12:00","","15.7","","8.9","","64","","","","2","","19","","24.1","","89.45","","","","","","NA"
"-114.01","51.12","CALGARY INTL A","3031092","2026-08-06 13:00","2026","08","06","13:00","","15.4","","9.1","","65","","","","1","","17","","24.1","","89.46","","","","","","NA"
"-114.01","51.12","CALGARY INTL A","3031092","2026-08-06 14:00","2026","08","06","14:00","","16.3","","8.4","","59","","","","1","","9","","24.1","","89.47","","","","","","Cloudy"
"-114.01","51.12","CALGARY INTL A","3031092","2026-08-06 15:00","2026","08","06","15:00","","16.7","","8.9","","60","","","","32","","7","","24.1","","89.47","","","","","","NA"
"-114.01","51.12","CALGARY INTL A","3031092","2026-08-06 16:00","2026","08","06","16:00","","17.1","","8.8","","58","","","","26","","4","","24.1","","89.46","","","","","","NA"
"-114.01","51.12","CALGARY INTL A","3031092","2026-08-06 17:00","2026","08","06","17:00","","17.6","","8.8","","56","","","","23","","4","","24.1","","89.47","","","","","","Mostly Cloudy"
"-114.01","51.12","CALGARY INTL A","3031092","2026-08-06 18:00","2026","08","06","18:00","","17.8","","8.9","","56","","","","29","","5","","24.1","","89.46","","","","","","NA"
"-114.01","51.12","CALGARY INTL A","3031092","2026-08-06 19:00","2026","08","06","19:00","","17.7","","9.2","","57","","","","24","","9","","16.1","","89.46","","","","","","NA"
"-114.01","51.12","CALGARY INTL A","3031092","2026-08-06 20:00","2026","08","06","20:00","","16.4","","9.9","","65","","","","26","","8","","16.1","","89.50","","","","","","Clear"
"-114.01","51.12","CALGARY INTL A","3031092","2026-08-06 21:00","2026","08","06","21:00","","15.3","","9.8","","69","","","","30","","8","","14.5","","89.56","","","","","","NA"
"-114.01","51.12","CALGARY INTL A","3031092","2026-08-06 22:00","2026","08","06","22:00","","14.1","","9.7","","75","","","","31","","5","","14.5","","89.56","","","","","","NA"
"-114.01","51.12","CALGARY INTL A","3031092","2026-08-06 23:00","2026","08","06","23:00","","14.1","","9.9","","76","","","","26","","3","","19.3","","89.57","","","","","","Mainly Clear"
"-114.01","51.12","CALGARY INTL A","3031092","2026-08-07 00:00","2026","08","07","00:00","","12.1","","8.8","","80","","","","9","","5","","19.3","","89.56","","","","","","NA"
"-114.01","51.12","CALGARY INTL A","3031092","2026-08-07 01:00","2026","08","07","01:00","","12.0","","7.7","","75","","","","5","","4","","19.3","","89.54","","","","","","NA"
"-114.01","51.12","CALGARY INTL A","3031092","2026-08-07 02:00","2026","08","07","02:00","","11.4","","7.2","","75","","","","7","","4","","19.3","","89.52","","","","","","Clear"
"-114.01","51.12","CALGARY INTL A","3031092","2026-08-07 03:00","2026","08","07","03:00","","9.8","","7.0","","83","","","","11","","5","","19.3","","89.51","","","","","","NA"
"-114.01","51.12","CALGARY INTL A","3031092","2026-08-07 04:00","2026","08","07","04:00","","9.7","","7.9","","88","","","","18","","7","","19.3","","89.48","","","","","","NA"
"-114.01","51.12","CALGARY INTL A","3031092","2026-08-07 05:00","2026","08","07","05:00","","9.2","","7.4","","88","","","","21","","6","","14.5","","89.47","","","","","","Mainly Clear"
"-114.01","51.12","CALGARY INTL A","3031092","2026-08-07 06:00","2026","08","07","06:00","","9.1","","7.4","","89","","","","21","","5","","14.5","","89.46","","","","","","NA"
"-114.01","51.12","CALGARY INTL A","3031092","2026-08-07 07:00","2026","08","07","07:00","","10.4","","7.8","","84","","","","21","","8","","14.5","","89.43","","","","","","NA"
"-114.01","51.12","CALGARY INTL A","3031092","2026-08-07 08:00","2026","08","07","08:00","","12.1","","8.3","","78","","","","22","","8","","14.5","","89.41","","","","","","Clear"
"-114.01","51.12","CALGARY INTL A","3031092","2026-08-07 09:00","2026","08","07","09:00","","14.6","","9.6","","72","","","","23","","11","","14.5","","89.38","","","","","","NA"
"-114.01","51.12","CALGARY INTL A","3031092","2026-08-07 10:00","2026","08","07","10:00","","16.9","","9.7","","62","","","","18","","10","","24.1","","89.35","","","","","","NA"
"-114.01","51.12","CALGARY INTL A","3031092","2026-08-07 11:00","2026","08","07","11:00","","19.1","","9.5","","53","","","","16","","14","","24.1","","89.35","","","","","","Clear"
"-114.01","51.12","CALGARY INTL A","3031092","2026-08-07 12:00","2026","08","07","12:00","","20.3","","9.5","","49","","","","15","","14","","24.1","","89.31","","","","","","NA"
"-114.01","51.12","CALGARY INTL A","3031092","2026-08-07 13:00","2026","08","07","13:00","","22.3","","9.3","","43","","","","15","","18","","24.1","","89.27","","","","","","NA"
"-114.01","51.12","CALGARY INTL A","3031092","2026-08-07 14:00","2026","08","07","14:00","","22.1","","8.7","","42","","","","16","","14","","24.1","","89.24","","","","","","Cloudy"
"-114.01","51.12","CALGARY INTL A","3031092","2026-08-07 15:00","2026","08","07","15:00","","23.6","","10.0","","42","","","","14","","15","","24.1","","89.18","","25","","","","NA"
"-114.01","51.12","CALGARY INTL A","3031092","2026-08-07 16:00","2026","08","07","16:00","","23.9","","9.6","","40","","","","15","","13","","24.1","","89.17","","25","","","","NA"
"-114.01","51.12","CALGARY INTL A","3031092","2026-08-07 17:00","2026","08","07","17:00","","24.1","","9.8","","40","","","","13","","14","","24.1","","89.12","","25","","","","Clear"
"-114.01","51.12","CALGARY INTL A","3031092","2026-08-07 18:00","2026","08","07","18:00","","23.3","","9.3","","40","","","","14","","20","","16.1","","89.10","","","","","","NA"
"-114.01","51.12","CALGARY INTL A","3031092","2026-08-07 19:00","2026","08","07","19:00","","21.9","","8.9","","43","","","","17","","14","","14.5","","89.11","","","","","","NA"
"-114.01","51.12","CALGARY INTL A","3031092","2026-08-07 20:00","2026","08","07","20:00","","20.2","","8.8","","47","","","","14","","10","","12.9","","89.11","","","","","","Clear"
"-114.01","51.12","CALGARY INTL A","3031092","2026-08-07 21:00","2026","08","07","21:00","","18.9","","9.5","","54","","","","12","","8","","16.1","","89.13","","","","","","NA"
"-114.01","51.12","CALGARY INTL A","3031092","2026-08-07 22:00","2026","08","07","22:00","","18.0","","9.2","","56","","","","12","","11","","16.1","","89.11","","","","","","NA"
"-114.01","51.12","CALGARY INTL A","3031092","2026-08-07 23:00","2026","08","07","23:00","","17.4","","9.1","","58","","","","5","","6","","24.1","","89.11","","","","","","Clear"
"-114.01","51.12","CALGARY INTL A","3031092","2026-08-08 00:00","2026","08","08","00:00","","13.8","","9.2","","73","","","","35","","5","","16.1","","89.10","","","","","","NA"
"-114.01","51.12","CALGARY INTL A","3031092","2026-08-08 01:00","2026","08","08","01:00","","12.0","","8.5","","79","","","","35","","11","","16.1","","89.16","","","","","","NA"
"-114.01","51.12","CALGARY INTL A","3031092","2026-08-08 02:00","2026","08","08","02:00","","12.7","","8.3","","74","","","","35","","18","","24.1","","89.25","","","","","","Clear"
"-114.01","51.12","CALGARY INTL A","3031092","2026-08-08 03:00","2026","08","08","03:00","","12.9","","10.2","","83","","","","35","","20","","14.5","","89.34","","","","","","NA"
"-114.01","51.12","CALGARY INTL A","3031092","2026-08-08 04:00","2026","08","08","04:00","","12.9","","10.2","","83","","","","35","","17","","16.1","","89.36","","","","","","NA"
"-114.01","51.12","CALGARY INTL A","3031092","2026-08-08 05:00","2026","08","08","05:00","","12.9","","9.6","","80","","","","30","","10","","16.1","","89.40","","","","","","Clear"
"-114.01","51.12","CALGARY INTL A","3031092","2026-08-08 06:00","2026","08","08","06:00","","13.5","","9.9","","79","","","","25","","7","","16.1","","89.40","","","","","","NA"
"-114.01","51.12","CALGARY INTL A","3031092","2026-08-08 07:00","2026","08","08","07:00","","14.6","","10.3","","75","","","","27","","9","","24.1","","89.36","","","","","","NA"
"-114.01","51.12","CALGARY INTL A","3031092","2026-08-08 08:00","2026","08","08","08:00","","15.8","","10.8","","72","","","","27","","7","","24.1","","89.37","","","","","","Cloudy"
"-114.01","51.12","CALGARY INTL A","3031092","2026-08-08 09:00","2026","08","08","09:00","","17.5","","10.4","","62","","","","24","","10","","24.1","","89.34","","","","","","NA"
"-114.01","51.12","CALGARY INTL A","3031092","2026-08-08 10:00","2026","08","08","10:00","","19.8","","9.0","","49","","","","24","","11","","24.1","","89.32","","","","","","NA"
"-114.01","51.12","CALGARY INTL A","3031092","2026-08-08 11:00","2026","08","08","11:00","","21.2","","8.4","","43","","","","18","","8","","24.1","","89.31","","","","","","Clear"
"-114.01","51.12","CALGARY INTL A","3031092","2026-08-08 12:00","2026","08","08","12:00","","23.0","","8.2","","38","","","","15","","16","","24.1","","89.27","","","","","","NA"
"-114.01","51.12","CALGARY INTL A","3031092","2026-08-08 13:00","2026","08","08","13:00","","23.3","","8.2","","38","","","","14","","19","","24.1","","89.22","","","","","","NA"
"-114.01","51.12","CALGARY INTL A","3031092","2026-08-08 14:00","2026","08","08","14:00","","24.3","","9.0","","37","","","","14","","16","","24.1","","89.21","","25","","","","Clear"
"-114.01","51.12","CALGARY INTL A","3031092","2026-08-08 15:00","2026","08","08","15:00","","23.8","","10.0","","41","","","","17","","18","","24.1","","89.17","","25","","","","NA"
"-114.01","51.12","CALGARY INTL A","3031092","2026-08-08 16:00","2026","08","08","16:00","","24.3","","10.3","","41","","","","14","","18","","24.1","","89.12","","26","","","","NA"
"-114.01","51.12","CALGARY INTL A","3031092","2026-08-08 17:00","2026","08","08","17:00","","23.8","","11.1","","44","","","","13","","22","","24.1","","89.09","","26","","","","Cloudy"
"-114.01","51.12","CALGARY INTL A","3031092","2026-08-08 18:00","2026","08","08","18:00","","22.5","","11.3","","49","","","","11","","21","","24.1","","89.10","","","","","","NA"
"-114.01","51.12","CALGARY INTL A","3031092","2026-08-08 19:00","2026","08","08","19:00","","21.4","","11.2","","52","","","","9","","20","","16.1","","89.08","","","","","","NA"
"-114.01","51.12","CALGARY INTL A","3031092","2026-08-08 20:00","2026","08","08","20:00","","20.1","","11.1","","56","","","","11","","22","","12.9","","89.02","","","","","","Mainly Clear"
"-114.01","51.12","CALGARY INTL A","3031092","2026-08-08 21:00","2026","08","08","21:00","","10.9","","9.6","","91","","","","32","","58","","3.2","","89.29","","","","","","Thunderstorms,Moderate Rain Showers"
"-114.01","51.12","CALGARY INTL A","3031092","2026-08-08 22:00","2026","08","08","22:00","","13.7","","10.8","","83","","","","8","","28","","12.9","","89.10","","","","","","Thunderstorms,Rain Showers"
"-114.01","51.12","CALGARY INTL A","3031092","2026-08-08 23:00","2026","08","08","23:00","","13.3","","11.1","","87","","","","35","","18","","24.1","","89.36","","","","","","Mostly Cloudy"
"-114.01","51.12","CALGARY INTL A","3031092","2026-08-09 00:00","2026","08","09","00:00","","12.5","","10.9","","90","","","","2","","16","","24.1","","89.32","","","","","","NA"
"-114.01","51.12","CALGARY INTL A","3031092","2026-08-09 01:00","2026","08","09","01:00","","12.5","","11.1","","91","","","","25","","6","","24.1","","89.30","","","","","","NA"
"-114.01","51.12","CALGARY INTL A","3031092","2026-08-09 02:00","2026","08","09","02:00","","12.1","","10.8","","92","","","","26","","5","","16.1","","89.27","","","","","","Mainly Clear"
"-114.01","51.12","CALGARY INTL A","3031092","2026-08-09 03:00","2026","08","09","03:00","","12.0","","10.7","","92","","","","25","","6","","16.1","","89.25","","","","","","NA"
"-114.01","51.12","CALGARY INTL A","3031092","2026-08-09 04:00","2026","08","09","04:00","","12.5","","10.4","","87","","","","23","","6","","16.1","","89.22","","","","","","NA"
"-114.01","51.12","CALGARY INTL A","3031092","2026-08-09 05:00","2026","08","09","05:00","","11.3","","9.4","","88","","","","7","","8","","8.1","","89.26","","","","","","Fog"
"-114.01","51.12","CALGARY INTL A","3031092","2026-08-09 06:00","2026","08","09","06:00","","10.8","","9.9","","94","","","","","","0","","8.1","","89.29","","","","","","Fog"
"-114.01","51.12","CALGARY INTL A","3031092","2026-08-09 07:00","2026","08","09","07:00","","11.9","","10.2","","89","","","","23","","5","","9.7","","89.30","","","","","","Fog"
"-114.01","51.12","CALGARY INTL A","3031092","2026-08-09 08:00","2026","08","09","08:00","","13.2","","10.9","","86","","","","28","","5","","14.5","","89.32","","","","","","Mostly Cloudy"
"-114.01","51.12","CALGARY INTL A","3031092","2026-08-09 09:00","2026","08","09","09:00","","15.0","","11.1","","77","","","","22","","9","","16.1","","89.29","","","","","","NA"
"-114.01","51.12","CALGARY INTL A","3031092","2026-08-09 10:00","2026","08","09","10:00","","17.3","","10.8","","65","","","","21","","9","","16.1","","89.29","","","","","","NA"
"-114.01","51.12","CALGARY INTL A","3031092","2026-08-09 11:00","2026","08","09","11:00","","19.1","","9.2","","52","","","","20","","6","","19.3","","89.28","","","","","","Mainly Clear"
"-114.01","51.12","CALGARY INTL A","3031092","2026-08-09 12:00","2026","08","09","12:00","","20.0","","9.6","","51","","","","20","","11","","19.3","","89.25","","","","","","NA"
"-114.01","51.12","CALGARY INTL A","3031092","2026-08-09 13:00","2026","08","09","13:00","","20.9","","9.8","","49","","","","18","","12","","16.1","","89.22","","","","","","NA"
"-114.01","51.12","CALGARY INTL A","3031092","2026-08-09 14:00","2026","08","09","14:00","","22.1","","10.1","","46","","","","14","","12","","16.1","","89.18","","","","","","Mainly Clear"
"-114.01","51.12","CALGARY INTL A","3031092","2026-08-09 15:00","2026","08","09","15:00","","22.2","","11.1","","49","","","","16","","11","","16.1","","89.13","","","","","","NA"
"-114.01","51.12","CALGARY INTL A","3031092","2026-08-09 16:00","2026","08","09","16:00","","22.6","","10.7","","46","","","","15","","17","","16.1","","89.10","","","","","","NA"
"-114.01","51.12","CALGARY INTL A","3031092","2026-08-09 17:00","2026","08","09","17:00","","22.2","","11.1","","49","","","","15","","18","","16.1","","89.07","","","","","","Mainly Clear"
"-114.01","51.12","CALGARY INTL A","3031092","2026-08-09 18:00","2026","08","09","18:00","","21.3","","11.3","","53","","","","13","","16","","16.1","","89.06","","","","","","NA"
"-114.01","51.12","CALGARY INTL A","3031092","2026-08-09 19:00","2026","08","09","19:00","","20.4","","11.6","","57","","","","13","","20","","19.3","","89.08","","","","","","NA"
"-114.01","51.12","CALGARY INTL A","3031092","2026-08-09 20:00","2026","08","09","20:00","","19.4","","11.1","","58","","","","12","","19","","19.3","","89.08","","","","","","Mostly Cloudy"
"-114.01","51.12","CALGARY INTL A","3031092","2026-08-09 21:00","2026","08","09","21:00","","18.4","","11.4","","63","","","","13","","18","","19.3","","89.11","","","","","","NA"
"-114.01","51.12","CALGARY INTL A","3031092","2026-08-09 22:00","2026","08","09","22:00","","18.0","","10.9","","63","","","","14","","10","","19.3","","89.14","","","","","","NA"
"-114.01","51.12","CALGARY INTL A","3031092","2026-08-09 23:00","2026","08","09","23:00","","16.6","","11.9","","74","","","","9","","6","","12.9","","89.16","","","","","","Mostly Cloudy"
"-114.01","51.12","CALGARY INTL A","3031092","2026-08-10 00:00","2026","08","10","00:00","","16.3","","12.1","","76","","","","6","","3","","12.9","","89.16","","","","","","NA"
"-114.01","51.12","CALGARY INTL A","3031092","2026-08-10 01:00","2026","08","10","01:00","","16.0","","11.8","","76","","","","18","","15","","12.9","","89.15","","","","","","Thunderstorms"
"-114.01","51.12","CALGARY INTL A","3031092","2026-08-10 02:00","2026","08","10","02:00","","15.1","","11.7","","80","","","","12","","13","","16.1","","89.08","","","","","","Mostly Cloudy"
"-114.01","51.12","CALGARY INTL A","3031092","2026-08-10 03:00","2026","08","10","03:00","","14.2","","10.6","","79","","","","19","","6","","16.1","","89.08","","","","","","NA"
"-114.01","51.12","CALGARY INTL A","3031092","2026-08-10 04:00","2026","08","10","04:00","","14.4","","9.8","","74","","","","18","","7","","24.1","","89.05","","","","","","NA"
"-114.01","51.12","CALGARY INTL A","3031092","2026-08-10 05:00","2026","08","10","05:00","","13.5","","10.6","","82","","","","18","","12","","16.1","","89.04","","","","","","Cloudy"
"-114.01","51.12","CALGARY INTL A","3031092","2026-08-10 06:00","2026","08","10","06:00","","14.4","","10.9","","79","","","","16","","7","","19.3","","89.07","","","","","","NA"
"-114.01","51.12","CALGARY INTL A","3031092","2026-08-10 07:00","2026","08","10","07:00","","15.4","","10.9","","74","","","","5","","6","","24.1","","89.17","","","","","","NA"
"-114.01","51.12","CALGARY INTL A","3031092","2026-08-10 08:00","2026","08","10","08:00","","14.6","","10.4","","76","","","","5","","21","","19.3","","89.20","","","","","","Mostly Cloudy"
"-114.01","51.12","CALGARY INTL A","3031092","2026-08-10 09:00","2026","08","10","09:00","","16.1","","11.0","","72","","","","5","","10","","19.3","","89.15","","","","","","NA"
"-114.01","51.12","CALGARY INTL A","3031092","2026-08-10 10:00","2026","08","10","10:00","","16.7","","11.4","","71","","","","8","","6","","24.1","","89.16","","","","","","NA"
"-114.01","51.12","CALGARY INTL A","3031092","2026-08-10 11:00","2026","08","10","11:00","","18.0","","11.5","","65","","","","9","","14","","19.3","","89.16","","","","","","Mostly Cloudy"
"-114.01","51.12","CALGARY INTL A","3031092","2026-08-10 12:00","2026","08","10","12:00","","18.5","","11.6","","64","","","","11","","18","","19.3","","89.12","","","","","","NA"
"-114.01","51.12","CALGARY INTL A","3031092","2026-08-10 13:00","2026","08","10","13:00","","19.0","","12.2","","64","","","","9","","20","","19.3","","89.10","","","","","","NA"
"-114.01","51.12","CALGARY INTL A","3031092","2026-08-10 14:00","2026","08","10","14:00","","19.1","","11.6","","61","","","","13","","10","","24.1","","89.10","","","","","","Cloudy"
"-114.01","51.12","CALGARY INTL A","3031092","2026-08-10 15:00","2026","08","10","15:00","","20.0","","11.7","","58","","","","14","","11","","24.1","","89.11","","","","","","NA"
"-114.01","51.12","CALGARY INTL A","3031092","2026-08-10 16:00","2026","08","10","16:00","","19.5","","11.8","","61","","","","6","","12","","19.3","","89.10","","","","","","NA"
"-114.01","51.12","CALGARY INTL A","3031092","2026-08-10 17:00","2026","08","10","17:00","","19.2","","12.2","","63","","","","6","","14","","24.1","","89.09","","","","","","Cloudy"
"-114.01","51.12","CALGARY INTL A","3031092","2026-08-10 18:00","2026","08","10","18:00","","18.4","","12.9","","70","","","","3","","23","","19.3","","89.12","","","","","","NA"
"-114.01","51.12","CALGARY INTL A","3031092","2026-08-10 19:00","2026","08","10","19:00","","16.2","","13.3","","83","","","","2","","21","","14.5","","89.17","","","","","","NA"
"-114.01","51.12","CALGARY INTL A","3031092","2026-08-10 20:00","2026","08","10","20:00","","15.8","","13.3","","85","","","","36","","23","","16.1","","89.21","","","","","","Cloudy"
"-114.01","51.12","CALGARY INTL A","3031092","2026-08-10 21:00","2026","08","10","21:00","","15.5","","12.7","","83","","","","2","","17","","12.9","","89.28","","","","","","NA"
"-114.01","51.12","CALGARY INTL A","3031092","2026-08-10 22:00","2026","08","10","22:00","","14.8","","12.0","","83","","","","4","","11","","12.9","","89.26","","","","","","NA"
"-114.01","51.12","CALGARY INTL A","3031092","2026-08-10 23:00","2026","08","10","23:00","","14.7","","12.2","","85","","","","5","","5","","14.5","","89.28","","","","","","Cloudy"
"-114.01","51.12","CALGARY INTL A","3031092","2026-08-11 00:00","2026","08","11","00:00","","14.8","","12.4","","86","","","","2","","6","","14.5","","89.31","","","","","","NA"
"-114.01","51.12","CALGARY INTL A","3031092","2026-08-11 01:00","2026","08","11","01:00","","14.5","","12.3","","87","","","","1","","14","","14.5","","89.33","","","","","","NA"
"-114.01","51.12","CALGARY INTL A","3031092","2026-08-11 02:00","2026","08","11","02:00","","14.0","","12.3","","90","","","","4","","8","","14.5","","89.32","","","","","","Cloudy"
"-114.01","51.12","CALGARY INTL A","3031092","2026-08-11 03:00","2026","08","11","03:00","","13.6","","12.1","","90","","","","18","","10","","19.3","","89.28","","","","","","NA"
"-114.01","51.12","CALGARY INTL A","3031092","2026-08-11 04:00","2026","08","11","04:00","","14.3","","12.5","","89","","","","26","","4","","14.5","","89.28","","","","","","NA"
"-114.01","51.12","CALGARY INTL A","3031092","2026-08-11 05:00","2026","08","11","05:00","","13.5","","11.9","","90","","","","22","","3","","14.5","","89.28","","","","","","Cloudy"
"-114.01","51.12","CALGARY INTL A","3031092","2026-08-11 06:00","2026","08","11","06:00","","12.9","","11.5","","91","","","","2","","14","","19.3","","89.32","","","","","","NA"
"-114.01","51.12","CALGARY INTL A","3031092","2026-08-11 07:00","2026","08","11","07:00","","14.1","","11.2","","83","","","","12","","9","","19.3","","89.32","","","","","","NA"
"-114.01","51.12","CALGARY INTL A","3031092","2026-08-11 08:00","2026","08","11","08:00","","14.5","","10.4","","76","","","","13","","8","","19.3","","89.33","","","","","","Cloudy"
"-114.01","51.12","CALGARY INTL A","3031092","2026-08-11 09:00","2026","08","11","09:00","","15.1","","10.6","","75","","","","11","","7","","16.1","","89.34","","","","","","NA"
"-114.01","51.12","CALGARY INTL A","3031092","2026-08-11 10:00","2026","08","11","10:00","","15.5","","11.1","","75","","","","16","","11","","16.1","","89.33","","","","","","NA"
"-114.01","51.12","CALGARY INTL A","3031092","2026-08-11 11:00","2026","08","11","11:00","","16.3","","11.3","","72","","","","17","","12","","16.1","","89.32","","","","","","Cloudy"
"-114.01","51.12","CALGARY INTL A","3031092","2026-08-11 12:00","2026","08","11","12:00","","16.5","","11.9","","74","","","","13","","11","","16.1","","89.31","","","","","","NA"
"-114.01","51.12","CALGARY INTL A","3031092","2026-08-11 13:00","2026","08","11","13:00","","16.2","","12.6","","79","","","","9","","14","","16.1","","89.29","","","","","","NA"
"-114.01","51.12","CALGARY INTL A","3031092","2026-08-11 14:00","2026","08","11","14:00","","16.1","","12.7","","80","","","","10","","11","","12.9","","89.28","","","","","","Rain Showers"
"-114.01","51.12","CALGARY INTL A","3031092","2026-08-11 15:00","2026","08","11","15:00","","15.8","","12.4","","80","","","","7","","13","","12.9","","89.27","","","","","","NA"
"-114.01","51.12","CALGARY INTL A","3031092","2026-08-11 16:00","2026","08","11","16:00","","16.5","","12.9","","79","","","","8","","15","","16.1","","89.23","","","","","","NA"
"-114.01","51.12","CALGARY INTL A","3031092","2026-08-11 17:00","2026","08","11","17:00","","16.9","","12.3","","74","","","","8","","12","","16.1","","89.23","","","","","","Cloudy"
"-114.01","51.12","CALGARY INTL A","3031092","2026-08-11 18:00","2026","08","11","18:00","","16.8","","12.6","","76","","","","15","","16","","16.1","","89.22","","","","","","NA"
"-114.01","51.12","CALGARY INTL A","3031092","2026-08-11 19:00","2026","08","11","19:00","","16.4","","12.0","","75","","","","","","0","","11.3","","89.29","","","","","","Rain Showers"
"-114.01","51.12","CALGARY INTL A","3031092","2026-08-11 20:00","2026","08","11","20:00","","12.7","","9.3","","79","","","","2","","32","","8.1","","89.38","","","","","","Thunderstorms,Heavy Rain Showers"
"-114.01","51.12","CALGARY INTL A","3031092","2026-08-11 21:00","2026","08","11","21:00","","11.8","","10.4","","91","","","","2","","13","","12.9","","89.42","","","","","","Thunderstorms,Rain Showers"
"-114.01","51.12","CALGARY INTL A","3031092","2026-08-11 22:00","2026","08","11","22:00","","11.8","","10.7","","93","","","","34","","13","","11.3","","89.45","","","","","","Rain Showers"
"-114.01","51.12","CALGARY INTL A","3031092","2026-08-11 23:00","2026","08","11","23:00","","12.5","","10.4","","87","","","","33","","17","","16.1","","89.48","","","","","","Rain Showers"
"-114.01","51.12","CALGARY INTL A","3031092","2026-08-12 00:00","2026","08","12","00:00","","11.8","","10.8","","93","","","","34","","10","","24.1","","89.44","","","","","","NA"
"-114.01","51.12","CALGARY INTL A","3031092","2026-08-12 01:00","2026","08","12","01:00","","12.1","","10.7","","91","","","","27","","8","","24.1","","89.47","","","","","","NA"
"-114.01","51.12","CALGARY INTL A","3031092","2026-08-12 02:00","2026","08","12","02:00","","12.2","","10.5","","89","","","","27","","5","","24.1","","89.50","","","","","","Rain"
"-114.01","51.12","CALGARY INTL A","3031092","2026-08-12 03:00","2026","08","12","03:00","","12.2","","10.3","","88","","","","32","","5","","24.1","","89.50","","","","","","NA"
"-114.01","51.12","CALGARY INTL A","3031092","2026-08-12 04:00","2026","08","12","04:00","","12.0","","9.9","","87","","","","32","","7","","24.1","","89.50","","","","","","NA"
"-114.01","51.12","CALGARY INTL A","3031092","2026-08-12 05:00","2026","08","12","05:00","","11.8","","9.4","","85","","","","32","","11","","24.1","","89.49","","","","","","Cloudy"
"-114.01","51.12","CALGARY INTL A","3031092","2026-08-12 06:00","2026","08","12","06:00","","11.4","","9.5","","88","","","","33","","12","","24.1","","89.51","","","","","","NA"
"-114.01","51.12","CALGARY INTL A","3031092","2026-08-12 07:00","2026","08","12","07:00","","11.4","","9.7","","89","","","","32","","14","","24.1","","89.52","","","","","","NA"
"-114.01","51.12","CALGARY INTL A","3031092","2026-08-12 08:00","2026","08","12","08:00","","11.6","","9.9","","89","","","","33","","14","","16.1","","89.54","","","","","","Cloudy"
"-114.01","51.12","CALGARY INTL A","3031092","2026-08-12 09:00","2026","08","12","09:00","","11.9","","10.6","","91","","","","35","","15","","16.1","","89.55","","","","","","Rain"
"-114.01","51.12","CALGARY INTL A","3031092","2026-08-12 10:00","2026","08","12","10:00","","12.1","","10.9","","92","","","","36","","17","","16.1","","89.55","","","","","","Rain"
"-114.01","51.12","CALGARY INTL A","3031092","2026-08-12 11:00","2026","08","12","11:00","","13.6","","11.2","","85","","","","36","","15","","24.1","","89.56","","","","","","Cloudy"
"-114.01","51.12","CALGARY INTL A","3031092","2026-08-12 12:00","2026","08","12","12:00","","12.9","","11.3","","90","","","","36","","4","","14.5","","89.55","","","","","","Rain Showers"
"-114.01","51.12","CALGARY INTL A","3031092","2026-08-12 13:00","2026","08","12","13:00","","15.1","","11.9","","81","","","","21","","12","","24.1","","89.49","","","","","","NA"
"-114.01","51.12","CALGARY INTL A","3031092","2026-08-12 14:00","2026","08","12","14:00","","12.7","","10.8","","89","","","","17","","13","","24.1","","89.52","","","","","","Rain Showers"
"-114.01","51.12","CALGARY INTL A","3031092","2026-08-12 15:00","2026","08","12","15:00","","13.9","","11.3","","84","","","","16","","7","","24.1","","89.49","","","","","","Rain Showers"
"-114.01","51.12","CALGARY INTL A","3031092","2026-08-12 16:00","2026","08","12","16:00","","15.0","","11.4","","79","","","","21","","12","","24.1","","89.45","","","","","","NA"
"-114.01","51.12","CALGARY INTL A","3031092","2026-08-12 17:00","2026","08","12","17:00","","12.6","","10.1","","84","","","","","","0","","24.1","","89.46","","","","","","Rain Showers"
"-114.01","51.12","CALGARY INTL A","3031092","2026-08-12 18:00","2026","08","12","18:00","","14.7","","9.7","","72","","","","","","0","","24.1","","89.44","","","","","","NA"
"-114.01","51.12","CALGARY INTL A","3031092","2026-08-12 19:00","2026","08","12","19:00","","14.2","","10.3","","77","","","","2","","8","","19.3","","89.42","","","","","","NA"
"-114.01","51.12","CALGARY INTL A","3031092","2026-08-12 20:00","2026","08","12","20:00","","13.9","","10.7","","81","","","","","","0","","16.1","","89.48","","","","","","Mostly Cloudy"
"-114.01","51.12","CALGARY INTL A","3031092","2026-08-12 21:00","2026","08","12","21:00","","13.5","","10.5","","82","","","","1","","16","","19.3","","89.54","","","","","","NA"
"-114.01","51.12","CALGARY INTL A","3031092","2026-08-12 22:00","2026","08","12","22:00","","12.9","","9.7","","80","","","","35","","4","","19.3","","89.53","","","","","","NA"
"-114.01","51.12","CALGARY INTL A","3031092","2026-08-12 23:00","2026","08","12","23:00","","11.9","","9.1","","83","","","","36","","17","","19.3","","89.54","","","","","","Mostly Cloudy"
"-114.01","51.12","CALGARY INTL A","3031092","2026-08-13 00:00","2026","08","13","00:00","","10.9","","9.3","","90","","","","34","","11","","19.3","","89.54","","","","","","NA"
"-114.01","51.12","CALGARY INTL A","3031092","2026-08-13 01:00","2026","08","13","01:00","","10.7","","8.8","","88","","","","36","","8","","19.3","","89.52","","","","","","NA"
"-114.01","51.12","CALGARY INTL A","3031092","2026-08-13 02:00","2026","08","13","02:00","","10.2","","8.5","","89","","","","36","","12","","19.3","","89.52","","","","","","Mostly Cloudy"
"-114.01","51.12","CALGARY INTL A","3031092","2026-08-13 03:00","2026","08","13","03:00","","9.8","","8.8","","93","","","","35","","17","","19.3","","89.52","","","","","","NA"
"-114.01","51.12","CALGARY INTL A","3031092","2026-08-13 04:00","2026","08","13","04:00","","10.1","","9.2","","95","","","","1","","13","","19.3","","89.52","","","","","","NA"
"-114.01","51.12","CALGARY INTL A","3031092","2026-08-13 05:00","2026","08","13","05:00","","10.6","","9.3","","92","","","","1","","9","","19.3","","89.53","","","","","","Mostly Cloudy"
"-114.01","51.12","CALGARY INTL A","3031092","2026-08-13 06:00","2026","08","13","06:00","","10.5","","9.2","","92","","","","3","","18","","14.5","","89.53","","","","","","NA"
"-114.01","51.12","CALGARY INTL A","3031092","2026-08-13 07:00","2026","08","13","07:00","","10.8","","9.4","","91","","","","3","","16","","9.7","","89.55","","","","","","Fog"
"-114.01","51.12","CALGARY INTL A","3031092","2026-08-13 08:00","2026","08","13","08:00","","11.0","","9.2","","89","","","","5","","18","","14.5","","89.56","","","","","","Cloudy"
"-114.01","51.12","CALGARY INTL A","3031092","2026-08-13 09:00","2026","08","13","09:00","","11.1","","8.8","","86","","","","4","","19","","14.5","","89.56","","","","","","NA"
"-114.01","51.12","CALGARY INTL A","3031092","2026-08-13 10:00","2026","08","13","10:00","","11.2","","8.6","","84","","","","6","","17","","14.5","","89.58","","","","","","NA"
"-114.01","51.12","CALGARY INTL A","3031092","2026-08-13 11:00","2026","08","13","11:00","","10.8","","9.2","","90","","","","5","","20","","8.1","","89.59","","","","","","Fog"
"-114.01","51.12","CALGARY INTL A","3031092","2026-08-13 12:00","2026","08","13","12:00","","10.9","","8.9","","88","","","","4","","16","","8.1","","89.57","","","","","","Rain,Fog"
"-114.01","51.12","CALGARY INTL A","3031092","2026-08-13 13:00","2026","08","13","13:00","","11.4","","9.8","","90","","","","6","","13","","9.7","","89.56","","","","","","Rain,Fog"
"-114.01","51.12","CALGARY INTL A","3031092","2026-08-13 14:00","2026","08","13","14:00","","11.3","","9.6","","89","","","","5","","17","","8.1","","89.55","","","","","","Rain,Fog"
"-114.01","51.12","CALGARY INTL A","3031092","2026-08-13 15:00","2026","08","13","15:00","","11.2","","9.6","","90","","","","4","","13","","8.1","","89.55","","","","","","Rain,Fog"
"-114.01","51.12","CALGARY INTL A","3031092","2026-08-13 16:00","2026","08","13","16:00","","10.7","","9.4","","91","","","","4","","19","","6.4","","89.56","","","","","","Rain,Fog"
"-114.01","51.12","CALGARY INTL A","3031092","2026-08-13 17:00","2026","08","13","17:00","","11.3","","10.1","","92","","","","1","","11","","9.7","","89.56","","","","","","Rain,Fog"
"-114.01","51.12","CALGARY INTL A","3031092","2026-08-13 18:00","2026","08","13","18:00","","11.1","","9.5","","90","","","","36","","15","","14.5","","89.57","","","","","","Rain"
"-114.01","51.12","CALGARY INTL A","3031092","2026-08-13 19:00","2026","08","13","19:00","","10.8","","9.2","","89","","","","36","","11","","14.5","","89.56","","","","","","Rain"
"-114.01","51.12","CALGARY INTL A","3031092","2026-08-13 20:00","2026","08","13","20:00","","10.5","","9.0","","91","","","","34","","11","","14.5","","89.59","","","","","","Cloudy"
"-114.01","51.12","CALGARY INTL A","3031092","2026-08-13 21:00","2026","08","13","21:00","","10.5","","9.1","","91","","","","36","","8","","14.5","","89.62","","","","","","NA"
"-114.01","51.12","CALGARY INTL A","3031092","2026-08-13 22:00","2026","08","13","22:00","","10.4","","9.4","","93","","","","33","","8","","14.5","","89.62","","","","","","NA"
"-114.01","51.12","CALGARY INTL A","3031092","2026-08-13 23:00","2026","08","13","23:00","","10.1","","8.9","","92","","","","34","","13","","14.5","","89.61","","","","","","Cloudy"
"-114.01","51.12","CALGARY INTL A","3031092","2026-08-14 00:00","2026","08","14","00:00","","10.2","","8.9","","91","","","","32","","7","","19.3","","89.61","","","","","","NA"
"-114.01","51.12","CALGARY INTL A","3031092","2026-08-14 01:00","2026","08","14","01:00","","10.2","","8.8","","91","","","","35","","10","","19.3","","89.59","","","","","","NA"
"-114.01","51.12","CALGARY INTL A","3031092","2026-08-14 02:00","2026","08","14","02:00","","10.0","","8.7","","91","","","","34","","12","","19.3","","89.57","","","","","","Cloudy"
"-114.01","51.12","CALGARY INTL A","3031092","2026-08-14 03:00","2026","08","14","03:00","","9.9","","8.4","","90","","","","34","","10","","8.1","","89.57","","","","","","Fog"
"-114.01","51.12","CALGARY INTL A","3031092","2026-08-14 04:00","2026","08","14","04:00","","9.4","","8.8","","96","","","","35","","12","","3.6","","89.58","","","","","","Rain,Fog"
"-114.01","51.12","CALGARY INTL A","3031092","2026-08-14 05:00","2026","08","14","05:00","","9.4","","8.8","","96","","","","34","","8","","6.4","","89.57","","","","","","Rain,Fog"
"-114.01","51.12","CALGARY INTL A","3031092","2026-08-14 06:00","2026","08","14","06:00","","9.5","","8.8","","95","","","","34","","10","","14.5","","89.58","","","","","","NA"
"-114.01","51.12","CALGARY INTL A","3031092","2026-08-14 07:00","2026","08","14","07:00","","9.7","","8.6","","93","","","","33","","10","","14.5","","89.61","","","","","","Rain"
"-114.01","51.12","CALGARY INTL A","3031092","2026-08-14 08:00","2026","08","14","08:00","","9.9","","9.0","","94","","","","34","","13","","14.5","","89.61","","","","","","Cloudy"
"-114.01","51.12","CALGARY INTL A","3031092","2026-08-14 09:00","2026","08","14","09:00","","10.8","","9.3","","90","","","","36","","9","","14.5","","89.63","","","","","","NA"
"-114.01","51.12","CALGARY INTL A","3031092","2026-08-14 10:00","2026","08","14","10:00","","11.1","","9.3","","88","","","","36","","6","","16.1","","89.64","","","","","","NA"
"-114.01","51.12","CALGARY INTL A","3031092","2026-08-14 11:00","2026","08","14","11:00","","12.0","","9.4","","84","","","","33","","5","","14.5","","89.62","","","","","","Cloudy"
"-114.01","51.12","CALGARY INTL A","3031092","2026-08-14 12:00","2026","08","14","12:00","","12.4","","8.6","","78","","","","5","","7","","16.1","","89.60","","","","","","NA"
"-114.01","51.12","CALGARY INTL A","3031092","2026-08-14 13:00","2026","08","14","13:00","","13.2","","8.4","","73","","","","3","","8","","24.1","","89.59","","","","","","NA"
"-114.01","51.12","CALGARY INTL A","3031092","2026-08-14 14:00","2026","08","14","14:00","","13.3","","8.4","","72","","","","","","0","","24.1","","89.59","","","","","","Cloudy"
"-114.01","51.12","CALGARY INTL A","3031092","2026-08-14 15:00","2026","08","14","15:00","","13.5","","8.7","","73","","","","19","","6","","24.1","","89.60","","","","","","NA"
"-114.01","51.12","CALGARY INTL A","3031092","2026-08-14 16:00","2026","08","14","16:00","","13.9","","8.3","","69","","","","","","0","","24.1","","89.59","","","","","","NA"
"-114.01","51.12","CALGARY INTL A","3031092","2026-08-14 17:00","2026","08","14","17:00","","13.9","","8.5","","69","","","","","","0","","24.1","","89.61","","","","","","Cloudy"
"-114.01","51.12","CALGARY INTL A","3031092","2026-08-14 18:00","2026","08","14","18:00","","14.0","","8.6","","69","","","","21","","8","","24.1","","89.61","","","","","","NA"
"-114.01","51.12","CALGARY INTL A","3031092","2026-08-14 19:00","2026","08","14","19:00","","13.9","","8.5","","69","","","","20","","10","","16.1","","89.61","","","","","","NA"
"-114.01","51.12","CALGARY INTL A","3031092","2026-08-14 20:00","2026","08","14","20:00","","12.7","","9.1","","79","","","","18","","8","","24.1","","89.63","","","","","","Mostly Cloudy"
"-114.01","51.12","CALGARY INTL A","3031092","2026-08-14 21:00","2026","08","14","21:00","","12.4","","8.8","","78","","","","19","","7","","16.1","","89.67","","","","","","NA"
"-114.01","51.12","CALGARY INTL A","3031092","2026-08-14 22:00","2026","08","14","22:00","","12.2","","9.7","","84","","","","18","","8","","16.1","","89.67","","","","","","NA"
"-114.01","51.12","CALGARY INTL A","3031092","2026-08-14 23:00","2026","08","14","23:00","","11.8","","9.9","","89","","","","18","","8","","24.1","","89.67","","","","","","Mainly Clear"
"-114.01","51.12","CALGARY INTL A","3031092","2026-08-15 00:00","2026","08","15","00:00","","11.2","","9.4","","88","","","","18","","8","","24.1","","89.67","","","","","","NA"
"-114.01","51.12","CALGARY INTL A","3031092","2026-08-15 01:00","2026","08","15","01:00","","10.6","","9.1","","90","","","","","","0","","24.1","","89.66","","","","","","NA"
"-114.01","51.12","CALGARY INTL A","3031092","2026-08-15 02:00","2026","08","15","02:00","","9.5","","8.7","","95","","","","","","0","","16.1","","89.64","","","","","","Clear"
"-114.01","51.12","CALGARY INTL A","3031092","2026-08-15 03:00","2026","08","15","03:00","","8.8","","8.3","","96","","","","","","0","","12.9","","89.62","","","","","","NA"
"-114.01","51.12","CALGARY INTL A","3031092","2026-08-15 04:00","2026","08","15","04:00","","7.7","","7.0","","95","","","","28","","5","","8.1","","89.61","","","","","","Fog"
"-114.01","51.12","CALGARY INTL A","3031092","2026-08-15 05:00","2026","08","15","05:00","","7.7","","7.3","","98","","","","22","","5","","16.1","","89.63","","","","","","Clear"
"-114.01","51.12","CALGARY INTL A","3031092","2026-08-15 06:00","2026","08","15","06:00","","6.8","","6.4","","97","","","","","","0","","14.5","","89.66","","","","","","NA"
"-114.01","51.12","CALGARY INTL A","3031092","2026-08-15 07:00","2026","08","15","07:00","","8.4","","7.4","","93","","","","","","0","","32.2","","89.69","","","","","","NA"
"-114.01","51.12","CALGARY INTL A","3031092","2026-08-15 08:00","2026","08","15","08:00","","10.8","","8.8","","87","","","","18","","5","","32.2","","89.71","","","","","","Mainly Clear"
"-114.01","51.12","CALGARY INTL A","3031092","2026-08-15 09:00","2026","08","15","09:00","","13.7","","10.2","","79","","","","18","","10","","32.2","","89.71","","","","","","NA"
"-114.01","51.12","CALGARY INTL A","3031092","2026-08-15 10:00","2026","08","15","10:00","","15.4","","9.9","","69","","","","18","","18","","32.2","","89.70","","","","","","NA"
"-114.01","51.12","CALGARY INTL A","3031092","2026-08-15 11:00","2026","08","15","11:00","","17.1","","10.3","","64","","","","19","","15","","32.2","","89.69","","","","","","Mainly Clear"
"-114.01","51.12","CALGARY INTL A","3031092","2026-08-15 12:00","2026","08","15","12:00","","18.3","","10.3","","59","","","","18","","17","","32.2","","89.66","","","","","","NA"
"-114.01","51.12","CALGARY INTL A","3031092","2026-08-15 13:00","2026","08","15","13:00","","20.1","","9.7","","51","","","","17","","17","","24.1","","89.62","","","","","","NA"
"-114.01","51.12","CALGARY INTL A","3031092","2026-08-15 14:00","2026","08","15","14:00","","21.6","","9.5","","46","","","","19","","13","","24.1","","89.58","","","","","","Mainly Clear"
"-114.01","51.12","CALGARY INTL A","3031092","2026-08-15 15:00","2026","08","15","15:00","","22.5","","7.7","","38","","","","18","","13","","24.1","","89.55","","","","","","NA"
"-114.01","51.12","CALGARY INTL A","3031092","2026-08-15 16:00","2026","08","15","16:00","","22.8","","6.3","","34","","","","14","","10","","24.1","","89.55","","","","","","NA"
"-114.01","51.12","CALGARY INTL A","3031092","2026-08-15 17:00","2026","08","15","17:00","","22.9","","5.9","","33","","","","15","","12","","24.1","","89.49","","","","","","Mostly Cloudy"
"-114.01","51.12","CALGARY INTL A","3031092","2026-08-15 18:00","2026","08","15","18:00","","20.7","","7.2","","41","","","","15","","14","","32.2","","89.50","","","","","","NA"
"-114.01","51.12","CALGARY INTL A","3031092","2026-08-15 19:00","2026","08","15","19:00","","19.6","","8.4","","48","","","","32","","21","","12.9","","89.58","","","","","","Thunderstorms,Rain Showers"
"-114.01","51.12","CALGARY INTL A","3031092","2026-08-15 20:00","2026","08","15","20:00","","15.2","","11.4","","78","","","","13","","19","","12.9","","89.61","","","","","","Thunderstorms,Rain Showers"
"-114.01","51.12","CALGARY INTL A","3031092","2026-08-15 21:00","2026","08","15","21:00","","15.4","","9.6","","68","","","","14","","23","","16.1","","89.63","","","","","","NA"
"-114.01","51.12","CALGARY INTL A","3031092","2026-08-15 22:00","2026","08","15","22:00","","14.9","","10.4","","74","","","","22","","11","","24.1","","89.61","","","","","","NA"
"-114.01","51.12","CALGARY INTL A","3031092","2026-08-15 23:00","2026","08","15","23:00","","13.9","","10.4","","80","","","","23","","19","","24.1","","89.60","","","","","","Clear"
"-114.01","51.12","CALGARY INTL A","3031092","2026-08-16 00:00","2026","08","16","00:00","","12.5","","10.0","","85","","","","17","","7","","24.1","","89.61","","","","","","NA"
"-114.01","51.12","CALGARY INTL A","3031092","2026-08-16 01:00","2026","08","16","01:00","","13.0","","9.5","","80","","","","28","","9","","24.1","","89.64","","","","","","NA"
"-114.01","51.12","CALGARY INTL A","3031092","2026-08-16 02:00","2026","08","16","02:00","","13.6","","9.2","","74","","","","23","","7","","24.1","","89.62","","","","","","Mainly Clear"
"-114.01","51.12","CALGARY INTL A","3031092","2026-08-16 03:00","2026","08","16","03:00","","11.6","","9.6","","87","","","","28","","7","","24.1","","89.64","","","","","","NA"
"-114.01","51.12","CALGARY INTL A","3031092","2026-08-16 04:00","2026","08","16","04:00","","13.8","","9.1","","73","","","","28","","8","","24.1","","89.63","","","","","","NA"
"-114.01","51.12","CALGARY INTL A","3031092","2026-08-16 05:00","2026","08","16","05:00","","12.2","","8.9","","80","","","","29","","6","","16.1","","89.64","","","","","","Clear"
"-114.01","51.12","CALGARY INTL A","3031092","2026-08-16 06:00","2026","08","16","06:00","","11.6","","8.9","","84","","","","24","","12","","16.1","","89.63","","","","","","NA"
"-114.01","51.12","CALGARY INTL A","3031092","2026-08-16 07:00","2026","08","16","07:00","","12.9","","8.8","","76","","","","","","0","","16.1","","89.68","","","","","","NA"
"-114.01","51.12","CALGARY INTL A","3031092","2026-08-16 08:00","2026","08","16","08:00","","14.6","","8.9","","68","","","","32","","5","","24.1","","89.69","","","","","","Clear"
"-114.01","51.12","CALGARY INTL A","3031092","2026-08-16 09:00","2026","08","16","09:00","","16.8","","9.3","","61","","","","","","0","","24.1","","89.70","","","","","","NA"
"-114.01","51.12","CALGARY INTL A","3031092","2026-08-16 10:00","2026","08","16","10:00","","19.1","","10.3","","56","","","","2","","7","","24.1","","89.68","","","","","","NA"
"-114.01","51.12","CALGARY INTL A","3031092","2026-08-16 11:00","2026","08","16","11:00","","20.3","","8.2","","45","","","","3","","5","","24.1","","89.69","","","","","","Mainly Clear"
"-114.01","51.12","CALGARY INTL A","3031092","2026-08-16 12:00","2026","08","16","12:00","","21.0","","8.9","","45","","","","7","","10","","24.1","","89.69","","","","","","NA"
"-114.01","51.12","CALGARY INTL A","3031092","2026-08-16 13:00","2026","08","16","13:00","","21.8","","8.9","","43","","","","1","","7","","24.1","","89.62","","","","","","NA"
"-114.01","51.12","CALGARY INTL A","3031092","2026-08-16 14:00","2026","08","16","14:00","","22.6","","7.5","","38","","","","","","0","","24.1","","89.58","","","","","","Cloudy"
"-114.01","51.12","CALGARY INTL A","3031092","2026-08-16 15:00","2026","08","16","15:00","","23.3","","9.1","","40","","","","6","","5","","24.1","","89.52","","","","","","NA"
"-114.01","51.12","CALGARY INTL A","3031092","2026-08-16 16:00","2026","08","16","16:00","","23.4","","8.2","","37","","","","13","","6","","24.1","","89.49","","","","","","NA"
"-114.01","51.12","CALGARY INTL A","3031092","2026-08-16 17:00","2026","08","16","17:00","","23.5","","8.9","","39","","","","12","","7","","24.1","","89.48","","","","","","Cloudy"
"-114.01","51.12","CALGARY INTL A","3031092","2026-08-16 18:00","2026","08","16","18:00","","22.6","","10.1","","45","","","","13","","16","","24.1","","89.47","","","","","","NA"
"-114.01","51.12","CALGARY INTL A","3031092","2026-08-16 19:00","2026","08","16","19:00","","21.5","","9.5","","46","","","","11","","14","","19.3","","89.51","","","","","","NA"
"-114.01","51.12","CALGARY INTL A","3031092","2026-08-16 20:00","2026","08","16","20:00","","19.8","","9.6","","51","","","","36","","27","","12.9","","89.55","","","","","","Thunderstorms,Rain Showers"
"-114.01","51.12","CALGARY INTL A","3031092","2026-08-16 21:00","2026","08","16","21:00","","16.6","","13.2","","80","","","","33","","16","","11.3","","89.58","","","","","","NA"
"-114.01","51.12","CALGARY INTL A","3031092","2026-08-16 22:00","2026","08","16","22:00","","15.6","","13.5","","87","","","","2","","7","","14.5","","89.60","","","","","","Thunderstorms,Rain Showers"
"-114.01","51.12","CALGARY INTL A","3031092","2026-08-16 23:00","2026","08","16","23:00","","15.5","","11.0","","74","","","","24","","9","","11.3","","89.68","","","","","","Thunderstorms,Rain Showers"
"-114.01","51.12","CALGARY INTL A","3031092","2026-08-17 00:00","2026","08","17","00:00","","14.7","","11.4","","81","","","","8","","13","","19.3","","89.64","","","","","","NA"
"-114.01","51.12","CALGARY INTL A","3031092","2026-08-17 01:00","2026","08","17","01:00","","13.7","","11.6","","87","","","","21","","15","","12.9","","89.59","","","","","","Thunderstorms,Rain Showers"
"-114.01","51.12","CALGARY INTL A","3031092","2026-08-17 02:00","2026","08","17","02:00","","16.3","","9.3","","63","","","","27","","12","","16.1","","89.56","","","","","","Rain Showers"
"-114.01","51.12","CALGARY INTL A","3031092","2026-08-17 03:00","2026","08","17","03:00","","13.5","","11.1","","85","","","","22","","8","","24.1","","89.59","","","","","","NA"
"-114.01","51.12","CALGARY INTL A","3031092","2026-08-17 04:00","2026","08","17","04:00","","13.5","","10.2","","80","","","","25","","4","","16.1","","89.59","","","","","","NA"
"-114.01","51.12","CALGARY INTL A","3031092","2026-08-17 05:00","2026","08","17","05:00","","12.7","","10.1","","84","","","","3","","8","","16.1","","89.58","","","","","","Clear"
"-114.01","51.12","CALGARY INTL A","3031092","2026-08-17 06:00","2026","08","17","06:00","","11.4","","9.7","","89","","","","3","","13","","14.5","","89.60","","","","","","NA"
"-114.01","51.12","CALGARY INTL A","3031092","2026-08-17 07:00","2026","08","17","07:00","","11.0","","9.7","","91","","","","1","","22","","24.1","","89.62","","","","","","NA"
"-114.01","51.12","CALGARY INTL A","3031092","2026-08-17 08:00","2026","08","17","08:00","","10.4","","10.1","","98","","","","36","","17","","0.4","","89.60","","","","","","Fog"
"-114.01","51.12","CALGARY INTL A","3031092","2026-08-17 09:00","2026","08","17","09:00","","11.3","","10.8","","97","","","","35","","10","","4.8","","89.60","","","","","","Fog"
"-114.01","51.12","CALGARY INTL A","3031092","2026-08-17 10:00","2026","08","17","10:00","","13.2","","11.8","","91","","","","2","","7","","16.1","","89.59","","","","","","NA"
"-114.01","51.12","CALGARY INTL A","3031092","2026-08-17 11:00","2026","08","17","11:00","","15.8","","12.7","","82","","","","1","","8","","19.3","","89.57","","","","","","Mainly Clear"
"-114.01","51.12","CALGARY INTL A","3031092","2026-08-17 12:00","2026","08","17","12:00","","18.5","","10.9","","61","","","","21","","3","","24.1","","89.50","","","","","","NA"
"-114.01","51.12","CALGARY INTL A","3031092","2026-08-17 13:00","2026","08","17","13:00","","19.7","","11.2","","58","","","","23","","7","","24.1","","89.44","","","","","","NA"
"-114.01","51.12","CALGARY INTL A","3031092","2026-08-17 14:00","2026","08","17","14:00","","21.8","","11.5","","52","","","","8","","9","","24.1","","89.38","","","","","","Mainly Clear"
"-114.01","51.12","CALGARY INTL A","3031092","2026-08-17 15:00","2026","08","17","15:00","","22.6","","9.4","","43","","","","7","","13","","24.1","","89.34","","","","","","NA"
"-114.01","51.12","CALGARY INTL A","3031092","2026-08-17 16:00","2026","08","17","16:00","","22.5","","8.8","","41","","","","5","","8","","24.1","","89.29","","","","","","NA"
"-114.01","51.12","CALGARY INTL A","3031092","2026-08-17 17:00","2026","08","17","17:00","","21.3","","11.0","","51","","","","7","","8","","32.2","","89.28","","","","","","Mainly Clear"
"-114.01","51.12","CALGARY INTL A","3031092","2026-08-17 18:00","2026","08","17","18:00","","22.3","","9.9","","45","","","","11","","12","","24.1","","89.24","","","","","","NA"
"-114.01","51.12","CALGARY INTL A","3031092","2026-08-17 19:00","2026","08","17","19:00","","21.4","","9.8","","47","","","","13","","12","","24.1","","89.21","","","","","","NA"
"-114.01","51.12","CALGARY INTL A","3031092","2026-08-17 20:00","2026","08","17","20:00"
"-114.01","51.12","CALGARY INTL A","3031092","2026-08-17 21:00","2026","08","17","21:00","","18.5","","10.1","","58","","","","13","","9","","24.1","","89.24","","","","","","NA"
"-114.01","51.12","CALGARY INTL A","3031092","2026-08-17 22:00","2026","08","17","22:00","","17.5","","9.6","","60","","","","17","","9","","24.1","","89.23","","","","","","NA"
"-114.01","51.12","CALGARY INTL A","3031092","2026-08-17 23:00","2026","08","17","23:00","","16.1","","10.1","","67","","","","19","","7","","24.1","","89.23","","","","","","Clear"
"-114.01","51.12","CALGARY INTL A","3031092","2026-08-18 00:00","2026","08","18","00:00","","15.6","","10.0","","69","","","","18","","4","","19.3","","89.19","","","","","","NA"
"-114.01","51.12","CALGARY INTL A","3031092","2026-08-18 01:00","2026","08","18","01:00","","13.6","","10.0","","79","","","","31","","4","","24.1","","89.18","","","","","","NA"
"-114.01","51.12","CALGARY INTL A","3031092","2026-08-18 02:00","2026","08","18","02:00","","14.0","","10.1","","77","","","","20","","3","","12.9","","89.14","","","","","","Clear"
"-114.01","51.12","CALGARY INTL A","3031092","2026-08-18 03:00","2026","08","18","03:00","","12.6","","9.4","","81","","","","22","","11","","12.9","","89.11","","","","","","NA"
"-114.01","51.12","CALGARY INTL A","3031092","2026-08-18 04:00","2026","08","18","04:00","","11.4","","8.6","","82","","","","22","","8","","12.9","","89.10","","","","","","NA"
"-114.01","51.12","CALGARY INTL A","3031092","2026-08-18 05:00","2026","08","18","05:00","","11.5","","8.7","","83","","","","23","","10","","16.1","","89.06","","","","","","Mainly Clear"
"-114.01","51.12","CALGARY INTL A","3031092","2026-08-18 06:00","2026","08","18","06:00","","10.3","","7.7","","83","","","","21","","6","","16.1","","89.04","","","","","","NA"
"-114.01","51.12","CALGARY INTL A","3031092","2026-08-18 07:00","2026","08","18","07:00","","12.6","","8.9","","78","","","","20","","5","","24.1","","89.02","","","","","","NA"
"-114.01","51.12","CALGARY INTL A","3031092","2026-08-18 08:00","2026","08","18","08:00","","16.8","","7.5","","54","","","","20","","7","","24.1","","89.00","","","","","","Mainly Clear"
"-114.01","51.12","CALGARY INTL A","3031092","2026-08-18 09:00","2026","08","18","09:00","","19.9","","7.2","","43","","","","22","","10","","19.3","","88.95","","","","","","NA"
"-114.01","51.12","CALGARY INTL A","3031092","2026-08-18 10:00","2026","08","18","10:00","","21.5","","8.0","","41","","","","22","","10","","24.1","","88.91","","","","","","NA"
"-114.01","51.12","CALGARY INTL A","3031092","2026-08-18 11:00","2026","08","18","11:00","","22.2","","10.0","","45","","","","16","","9","","24.1","","88.91","","","","","","Mainly Clear"
"-114.01","51.12","CALGARY INTL A","3031092","2026-08-18 12:00","2026","08","18","12:00","","25.4","","5.1","","27","","","","28","","14","","19.3","","88.88","","25","","","","NA"
"-114.01","51.12","CALGARY INTL A","3031092","2026-08-18 13:00","2026","08","18","13:00","","25.9","","4.8","","25","","","","32","","14","","19.3","","88.82","","25","","","","NA"
"-114.01","51.12","CALGARY INTL A","3031092","2026-08-18 14:00","2026","08","18","14:00","","25.4","","4.3","","25","","","","27","","9","","19.3","","88.80","","","","","","Mostly Cloudy"
"-114.01","51.12","CALGARY INTL A","3031092","2026-08-18 15:00","2026","08","18","15:00","","25.9","","6.2","","28","","","","29","","21","","19.3","","88.81","","26","","","","NA"
"-114.01","51.12","CALGARY INTL A","3031092","2026-08-18 16:00","2026","08","18","16:00","","26.4","","6.0","","27","","","","28","","26","","16.1","","88.80","","26","","","","NA"
"-114.01","51.12","CALGARY INTL A","3031092","2026-08-18 17:00","2026","08","18","17:00","","25.8","","7.7","","31","","","","32","","3","","16.1","","88.80","","26","","","","Mainly Clear"
"-114.01","51.12","CALGARY INTL A","3031092","2026-08-18 18:00","2026","08","18","18:00","","24.4","","9.5","","38","","","","3","","14","","19.3","","88.82","","25","","","","NA"
"-114.01","51.12","CALGARY INTL A","3031092","2026-08-18 19:00","2026","08","18","19:00","","22.1","","10.4","","47","","","","6","","9","","19.3","","88.80","","","","","","NA"
"-114.01","51.12","CALGARY INTL A","3031092","2026-08-18 20:00","2026","08","18","20:00","","20.6","","9.3","","48","","","","6","","5","","19.3","","88.82","","","","","","Mostly Cloudy"
"-114.01","51.12","CALGARY INTL A","3031092","2026-08-18 21:00","2026","08","18","21:00","","20.2","","9.2","","49","","","","","","0","","24.1","","88.88","","","","","","NA"
"-114.01","51.12","CALGARY INTL A","3031092","2026-08-18 22:00","2026","08","18","22:00","","18.8","","9.7","","55","","","","","","0","","24.1","","88.90","","","","","","NA"
"-114.01","51.12","CALGARY INTL A","3031092","2026-08-18 23:00","2026","08","18","23:00","","16.6","","10.2","","65","","","","22","","5","","19.3","","88.90","","","","","","Clear"
"-114.01","51.12","CALGARY INTL A","3031092","2026-08-19 00:00","2026","08","19","00:00","","15.6","","10.0","","69","","","","","","0","","24.1","","88.92","","","","","","NA"
"-114.01","51.12","CALGARY INTL A","3031092","2026-08-19 01:00","2026","08","19","01:00","","14.5","","10.1","","75","","","","","","0","","24.1","","88.92","","","","","","NA"
"-114.01","51.12","CALGARY INTL A","3031092","2026-08-19 02:00","2026","08","19","02:00","","13.5","","9.2","","75","","","","34","","8","","24.1","","88.95","","","","","","Mainly Clear"
"-114.01","51.12","CALGARY INTL A","3031092","2026-08-19 03:00","2026","08","19","03:00","","14.5","","9.3","","71","","","","32","","3","","24.1","","88.99","","","","","","NA"
"-114.01","51.12","CALGARY INTL A","3031092","2026-08-19 04:00","2026","08","19","04:00","","15.9","","8.5","","61","","","","34","","19","","24.1","","89.02","","","","","","NA"
"-114.01","51.12","CALGARY INTL A","3031092","2026-08-19 05:00","2026","08","19","05:00","","14.3","","8.1","","66","","","","34","","10","","24.1","","89.02","","","","","","Mainly Clear"
"-114.01","51.12","CALGARY INTL A","3031092","2026-08-19 06:00","2026","08","19","06:00","","13.4","","7.9","","69","","","","36","","8","","32.2","","89.03","","","","","","NA"
"-114.01","51.12","CALGARY INTL A","3031092","2026-08-19 07:00","2026","08","19","07:00","","16.3","","9.3","","63","","","","36","","4","","64.4","","89.07","","","","","","NA"
"-114.01","51.12","CALGARY INTL A","3031092","2026-08-19 08:00","2026","08","19","08:00","","19.2","","8.8","","51","","","","32","","7","","64.4","","89.10","","","","","","Mostly Cloudy"
"-114.01","51.12","CALGARY INTL A","3031092","2026-08-19 09:00","2026","08","19","09:00","","18.7","","9.4","","54","","","","","","0","","64.4","","89.11","","","","","","NA"
"-114.01","51.12","CALGARY INTL A","3031092","2026-08-19 10:00","2026","08","19","10:00","","20.5","","9.4","","49","","","","35","","11","","64.4","","89.12","","","","","","NA"
"-114.01","51.12","CALGARY INTL A","3031092","2026-08-19 11:00","2026","08","19","11:00","","22.1","","6.7","","36","","","","11","","8","","64.4","","89.13","","","","","","Mainly Clear"
"-114.01","51.12","CALGARY INTL A","3031092","2026-08-19 12:00","2026","08","19","12:00","","22.8","","7.5","","37","","","","27","","4","","64.4","","89.11","","","","","","NA"
"-114.01","51.12","CALGARY INTL A","3031092","2026-08-19 13:00","2026","08","19","13:00","","23.9","","9.0","","38","","","","6","","10","","48.3","","89.07","","25","","","","NA"
"-114.01","51.12","CALGARY INTL A","3031092","2026-08-19 14:00","2026","08","19","14:00","","24.7","","10.8","","41","","","","5","","5","","48.3","","89.06","","26","","","","Mainly Clear"
"-114.01","51.12","CALGARY INTL A","3031092","2026-08-19 15:00","2026","08","19","15:00","","25.1","","10.1","","38","","","","8","","8","","32.2","","89.02","","26","","","","NA"
"-114.01","51.12","CALGARY INTL A","3031092","2026-08-19 16:00","2026","08","19","16:00","","25.2","","11.3","","41","","","","16","","9","","32.2","","89.02","","27","","","","NA"
"-114.01","51.12","CALGARY INTL A","3031092","2026-08-19 17:00","2026","08","19","17:00","","24.6","","9.7","","38","","","","9","","14","","32.2","","89.03","","26","","","","Mostly Cloudy"
"-114.01","51.12","CALGARY INTL A","3031092","2026-08-19 18:00","2026","08","19","18:00","","23.2","","10.5","","44","","","","10","","14","","48.3","","89.04","","25","","","","NA"
"-114.01","51.12","CALGARY INTL A","3031092","2026-08-19 19:00","2026","08","19","19:00","","22.4","","11.1","","49","","","","9","","9","","32.2","","89.06","","","","","","NA"
"-114.01","51.12","CALGARY INTL A","3031092","2026-08-19 20:00","2026","08","19","20:00","","20.5","","10.1","","51","","","","8","","16","","24.1","","89.12","","","","","","Mostly Cloudy"
"-114.01","51.12","CALGARY INTL A","3031092","2026-08-19 21:00","2026","08","19","21:00","","18.8","","10.0","","56","","","","8","","12","","24.1","","89.20","","","","","","NA"
"-114.01","51.12","CALGARY INTL A","3031092","2026-08-19 22:00","2026","08","19","22:00","","17.5","","10.0","","61","","","","7","","4","","24.1","","89.22","","","","","","NA"
"-114.01","51.12","CALGARY INTL A","3031092","2026-08-19 23:00","2026","08","19","23:00","","17.9","","9.6","","58","","","","7","","5","","24.1","","89.26","","","","","","Mainly Clear"
"-114.01","51.12","CALGARY INTL A","3031092","2026-08-20 00:00","2026","08","20","00:00","","17.5","","9.4","","59","","","","19","","6","","24.1","","89.28","","","","","","NA"
"-114.01","51.12","CALGARY INTL A","3031092","2026-08-20 01:00","2026","08","20","01:00","","17.2","","9.6","","61","","","","","","0","","24.1","","89.26","","","","","","NA"
"-114.01","51.12","CALGARY INTL A","3031092","2026-08-20 02:00","2026","08","20","02:00","","15.3","","10.1","","71","","","","","","0","","24.1","","89.28","","","","","","Mostly Cloudy"
"-114.01","51.12","CALGARY INTL A","3031092","2026-08-20 03:00","2026","08","20","03:00","","14.8","","9.9","","72","","","","","","0","","24.1","","89.29","","","","","","NA"
"-114.01","51.12","CALGARY INTL A","3031092","2026-08-20 04:00","2026","08","20","04:00","","14.1","","9.4","","74","","","","","","0","","24.1","","89.29","","","","","","NA"
"-114.01","51.12","CALGARY INTL A","3031092","2026-08-20 05:00","2026","08","20","05:00","","12.3","","9.0","","80","","","","36","","4","","24.1","","89.29","","","","","","Mainly Clear"
"-114.01","51.12","CALGARY INTL A","3031092","2026-08-20 06:00","2026","08","20","06:00"
"-114.01","51.12","CALGARY INTL A","3031092","2026-08-20 07:00","2026","08","20","07:00","","12.9","","9.4","","79","","","","34","","5","","24.1","","89.34","","","","","","NA"
"-114.01","51.12","CALGARY INTL A","3031092","2026-08-20 08:00","2026","08","20","08:00","","15.9","","10.6","","70","","","","","","0","","24.1","","89.36","","","","","","Mostly Cloudy"
"-114.01","51.12","CALGARY INTL A","3031092","2026-08-20 09:00","2026","08","20","09:00","","19.0","","9.4","","53","","","","17","","8","","24.1","","89.35","","","","","","NA"
"-114.01","51.12","CALGARY INTL A","3031092","2026-08-20 10:00","2026","08","20","10:00","","20.4","","9.1","","48","","","","16","","17","","32.2","","89.36","","","","","","NA"
"-114.01","51.12","CALGARY INTL A","3031092","2026-08-20 11:00","2026","08","20","11:00","","21.9","","10.5","","48","","","","15","","13","","32.2","","89.35","","","","","","Mostly Cloudy"
"-114.01","51.12","CALGARY INTL A","3031092","2026-08-20 12:00","2026","08","20","12:00","","22.2","","10.5","","47","","","","18","","23","","32.2","","89.32","","","","","","NA"
"-114.01","51.12","CALGARY INTL A","3031092","2026-08-20 13:00","2026","08","20","13:00","","23.3","","11.2","","46","","","","14","","16","","32.2","","89.30","","25","","","","NA"
"-114.01","51.12","CALGARY INTL A","3031092","2026-08-20 14:00","2026","08","20","14:00","","24.3","","10.0","","40","","","","16","","19","","24.1","","89.26","","26","","","","Mostly Cloudy"
"-114.01","51.12","CALGARY INTL A","3031092","2026-08-20 15:00","2026","08","20","15:00","","23.2","","10.5","","44","","","","15","","17","","24.1","","89.30","","25","","","","NA"
"-114.01","51.12","CALGARY INTL A","3031092","2026-08-20 16:00","2026","08","20","16:00","","22.3","","11.6","","50","","","","15","","17","","24.1","","89.31","","","","","","NA"
"-114.01","51.12","CALGARY INTL A","3031092","2026-08-20 17:00","2026","08","20","17:00","","22.1","","11.6","","51","","","","15","","16","","24.1","","89.27","","","","","","Mostly Cloudy"
"-114.01","51.12","CALGARY INTL A","3031092","2026-08-20 18:00","2026","08","20","18:00","","20.4","","11.7","","57","","","","1","","4","","24.1","","89.31","","","","","","NA"
"-114.01","51.12","CALGARY INTL A","3031092","2026-08-20 19:00","2026","08","20","19:00","","21.3","","9.9","","48","","","","","","0","","14.5","","89.31","","","","","","NA"
"-114.01","51.12","CALGARY INTL A","3031092","2026-08-20 20:00","2026","08","20","20:00","","19.4","","11.1","","58","","","","","","0","","14.5","","89.41","","","","","","Mostly Cloudy"
"-114.01","51.12","CALGARY INTL A","3031092","2026-08-20 21:00","2026","08","20","21:00","","19.2","","11.9","","62","","","","22","","6","","19.3","","89.47","","","","","","NA"
"-114.01","51.12","CALGARY INTL A","3031092","2026-08-20 22:00","2026","08","20","22:00","","16.0","","11.7","","76","","","","10","","11","","19.3","","89.52","","","","","","NA"
"-114.01","51.12","CALGARY INTL A","3031092","2026-08-20 23:00","2026","08","20","23:00","","16.3","","11.8","","75","","","","13","","9","","19.3","","89.53","","","","","","Mainly Clear"
"-114.01","51.12","CALGARY INTL A","3031092","2026-08-21 00:00","2026","08","21","00:00","","13.8","","11.2","","84","","","","36","","13","","19.3","","89.62","","","","","","NA"
"-114.01","51.12","CALGARY INTL A","3031092","2026-08-21 01:00","2026","08","21","01:00","","12.9","","10.6","","86","","","","35","","8","","19.3","","89.66","","","","","","NA"
"-114.01","51.12","CALGARY INTL A","3031092","2026-08-21 02:00","2026","08","21","02:00","","12.8","","10.1","","84","","","","34","","10","","19.3","","89.67","","","","","","Mainly Clear"
"-114.01","51.12","CALGARY INTL A","3031092","2026-08-21 03:00","2026","08","21","03:00","","12.4","","9.7","","84","","","","34","","9","","19.3","","89.65","","","","","","NA"
"-114.01","51.12","CALGARY INTL A","3031092","2026-08-21 04:00","2026","08","21","04:00","","12.7","","9.6","","81","","","","26","","4","","19.3","","89.66","","","","","","NA"
"-114.01","51.12","CALGARY INTL A","3031092","2026-08-21 05:00","2026","08","21","05:00","","10.7","","8.7","","88","","","","34","","9","","19.3","","89.66","","","","","","Mainly Clear"
"-114.01","51.12","CALGARY INTL A","3031092","2026-08-21 06:00","2026","08","21","06:00","","10.7","","8.7","","87","","","","34","","9","","14.5","","89.71","","","","","","NA"
"-114.01","51.12","CALGARY INTL A","3031092","2026-08-21 07:00","2026","08","21","07:00","","11.9","","9.3","","84","","","","35","","6","","24.1","","89.74","","","","","","NA"
"-114.01","51.12","CALGARY INTL A","3031092","2026-08-21 08:00","2026","08","21","08:00","","14.0","","10.2","","78","","","","","","0","","24.1","","89.74","","","","","","Mostly Cloudy"
"-114.01","51.12","CALGARY INTL A","3031092","2026-08-21 09:00","2026","08","21","09:00","","16.4","","11.0","","70","","","","","","0","","24.1","","89.74","","","","","","NA"
"-114.01","51.12","CALGARY INTL A","3031092","2026-08-21 10:00","2026","08","21","10:00","","18.4","","11.0","","61","","","","21","","8","","24.1","","89.73","","","","","","NA"
"-114.01","51.12","CALGARY INTL A","3031092","2026-08-21 11:00","2026","08","21","11:00","","20.2","","12.0","","59","","","","19","","8","","24.1","","89.71","","","","","","Clear"
"-114.01","51.12","CALGARY INTL A","3031092","2026-08-21 12:00","2026","08","21","12:00","","21.7","","13.0","","57","","","","18","","18","","24.1","","89.70","","","","","","NA"
"-114.01","51.12","CALGARY INTL A","3031092","2026-08-21 13:00","2026","08","21","13:00","","23.4","","13.7","","54","","","","18","","21","","24.1","","89.64","","27","","","","NA"
"-114.01","51.12","CALGARY INTL A","3031092","2026-08-21 14:00","2026","08","21","14:00","","24.6","","13.1","","48","","","","18","","17","","24.1","","89.61","","27","","","","Clear"
"-114.01","51.12","CALGARY INTL A","3031092","2026-08-21 15:00","2026","08","21","15:00","","25.3","","13.3","","47","","","","17","","17","","24.1","","89.56","","28","","","","NA"
"-114.01","51.12","CALGARY INTL A","3031092","2026-08-21 16:00","2026","08","21","16:00","","25.9","","13.6","","46","","","","16","","19","","24.1","","89.53","","29","","","","NA"
"-114.01","51.12","CALGARY INTL A","3031092","2026-08-21 17:00","2026","08","21","17:00","","24.9","","13.1","","47","","","","18","","20","","24.1","","89.50","","28","","","","Mostly Cloudy"
"-114.01","51.12","CALGARY INTL A","3031092","2026-08-21 18:00","2026","08","21","18:00","","24.6","","12.7","","47","","","","16","","20","","24.1","","89.48","","27","","","","NA"
"-114.01","51.12","CALGARY INTL A","3031092","2026-08-21 19:00","2026","08","21","19:00","","23.7","","12.0","","47","","","","15","","22","","16.1","","89.48","","26","","","","NA"
"-114.01","51.12","CALGARY INTL A","3031092","2026-08-21 20:00","2026","08","21","20:00","","21.6","","13.3","","59","","","","15","","16","","14.5","","89.48","","25","","","","Mainly Clear"
"-114.01","51.12","CALGARY INTL A","3031092","2026-08-21 21:00","2026","08","21","21:00","","20.6","","13.6","","64","","","","16","","17","","14.5","","89.50","","","","","","NA"
"-114.01","51.12","CALGARY INTL A","3031092","2026-08-21 22:00","2026","08","21","22:00","","18.1","","13.1","","72","","","","19","","10","","19.3","","89.50","","","","","","NA"
"-114.01","51.12","CALGARY INTL A","3031092","2026-08-21 23:00","2026","08","21","23:00","","18.3","","13.2","","72","","","","21","","10","","19.3","","89.49","","","","","","Mainly Clear"
"-114.01","51.12","CALGARY INTL A","3031092","2026-08-22 00:00","2026","08","22","00:00","","18.0","","12.8","","71","","","","19","","7","","19.3","","89.45","","","","","","NA"
"-114.01","51.12","CALGARY INTL A","3031092","2026-08-22 01:00","2026","08","22","01:00","","17.5","","12.7","","73","","","","18","","5","","19.3","","89.41","","","","","","NA"
"-114.01","51.12","CALGARY INTL A","3031092","2026-08-22 02:00","2026","08","22","02:00","","15.8","","12.1","","78","","","","17","","12","","19.3","","89.36","","","","","","Clear"
"-114.01","51.12","CALGARY INTL A","3031092","2026-08-22 03:00","2026","08","22","03:00","","15.1","","12.4","","84","","","","20","","6","","19.3","","89.32","","","","","","NA"
"-114.01","51.12","CALGARY INTL A","3031092","2026-08-22 04:00","2026","08","22","04:00","","14.3","","12.2","","87","","","","18","","9","","19.3","","89.28","","","","","","NA"
"-114.01","51.12","CALGARY INTL A","3031092","2026-08-22 05:00","2026","08","22","05:00","","14.2","","11.7","","85","","","","21","","7","","19.3","","89.27","","","","","","Mostly Cloudy"
"-114.01","51.12","CALGARY INTL A","3031092","2026-08-22 06:00","2026","08","22","06:00","","13.4","","11.6","","89","","","","21","","9","","14.5","","89.26","","","","","","NA"
"-114.01","51.12","CALGARY INTL A","3031092","2026-08-22 07:00","2026","08","22","07:00","","15.0","","11.8","","81","","","","22","","8","","9.7","","89.26","","","","","","Smoke"
"-114.01","51.12","CALGARY INTL A","3031092","2026-08-22 08:00","2026","08","22","08:00","","16.2","","11.8","","75","","","","15","","4","","9.7","","89.25","","","","","","Smoke"
"-114.01","51.12","CALGARY INTL A","3031092","2026-08-22 09:00","2026","08","22","09:00","","16.6","","10.8","","68","","","","22","","11","","8.1","","89.25","","","","","","Smoke"
"-114.01","51.12","CALGARY INTL A","3031092","2026-08-22 10:00","2026","08","22","10:00","","18.4","","11.6","","64","","","","21","","4","","9.7","","89.24","","","","","","Smoke"
"-114.01","51.12","CALGARY INTL A","3031092","2026-08-22 11:00","2026","08","22","11:00","","21.4","","10.3","","49","","","","24","","9","","8.1","","89.23","","","","","","Smoke"
"-114.01","51.12","CALGARY INTL A","3031092","2026-08-22 12:00","2026","08","22","12:00","","21.2","","12.1","","56","","","","20","","11","","9.7","","89.19","","","","","","Smoke"
"-114.01","51.12","CALGARY INTL A","3031092","2026-08-22 13:00","2026","08","22","13:00","","23.2","","10.9","","45","","","","6","","6","","9.7","","89.10","","25","","","","Smoke"
"-114.01","51.12","CALGARY INTL A","3031092","2026-08-22 14:00","2026","08","22","14:00","","25.7","","12.4","","43","","","","","","0","","9.7","","89.02","","28","","","","Smoke"
"-114.01","51.12","CALGARY INTL A","3031092","2026-08-22 15:00","2026","08","22","15:00","","27.6","","11.4","","36","","","","11","","4","","14.5","","88.95","","30","","","","NA"
"-114.01","51.12","CALGARY INTL A","3031092","2026-08-22 16:00","2026","08","22","16:00","","28.3","","9.7","","31","","","","7","","8","","24.1","","88.87","","29","","","","NA"
"-114.01","51.12","CALGARY INTL A","3031092","2026-08-22 17:00","2026","08","22","17:00","","27.6","","11.7","","37","","","","14","","19","","14.5","","88.84","","30","","","","Mainly Clear"
"-114.01","51.12","CALGARY INTL A","3031092","2026-08-22 18:00","2026","08","22","18:00","","25.9","","12.4","","42","","","","14","","17","","14.5","","88.82","","28","","","","NA"
"-114.01","51.12","CALGARY INTL A","3031092","2026-08-22 19:00","2026","08","22","19:00","","23.9","","12.5","","48","","","","16","","13","","14.5","","88.79","","26","","","","NA"
"-114.01","51.12","CALGARY INTL A","3031092","2026-08-22 20:00","2026","08","22","20:00","","22.6","","12.4","","52","","","","19","","11","","14.5","","88.78","","25","","","","Mainly Clear"
"-114.01","51.12","CALGARY INTL A","3031092","2026-08-22 21:00","2026","08","22","21:00","","22.7","","12.3","","51","","","","16","","4","","19.3","","88.75","","25","","","","NA"
"-114.01","51.12","CALGARY INTL A","3031092","2026-08-22 22:00","2026","08","22","22:00","","22.6","","12.7","","53","","","","18","","5","","19.3","","88.68","","25","","","","NA"
"-114.01","51.12","CALGARY INTL A","3031092","2026-08-22 23:00","2026","08","22","23:00","","20.8","","13.5","","62","","","","19","","9","","19.3","","88.63","","","","","","Mostly Cloudy"
"-114.01","51.12","CALGARY INTL A","3031092","2026-08-23 00:00","2026","08","23","00:00","","21.4","","12.4","","56","","","","22","","9","","19.3","","88.59","","","","","","NA"
"-114.01","51.12","CALGARY INTL A","3031092","2026-08-23 01:00","2026","08","23","01:00","","20.0","","12.2","","60","","","","20","","8","","19.3","","88.57","","","","","","NA"
"-114.01","51.12","CALGARY INTL A","3031092","2026-08-23 02:00","2026","08","23","02:00","","17.7","","11.9","","69","","","","5","","3","","19.3","","88.52","","","","","","Mainly Clear"
"-114.01","51.12","CALGARY INTL A","3031092","2026-08-23 03:00","2026","08","23","03:00","","17.6","","10.2","","62","","","","36","","7","","19.3","","88.51","","","","","","NA"
"-114.01","51.12","CALGARY INTL A","3031092","2026-08-23 04:00","2026","08","23","04:00","","18.1","","9.9","","59","","","","30","","5","","19.3","","88.53","","","","","","NA"
"-114.01","51.12","CALGARY INTL A","3031092","2026-08-23 05:00","2026","08","23","05:00","","14.7","","11.3","","80","","","","19","","8","","19.3","","88.55","","","","","","Mainly Clear"
"-114.01","51.12","CALGARY INTL A","3031092","2026-08-23 06:00","2026","08","23","06:00","","15.2","","10.5","","74","","","","22","","8","","14.5","","88.60","","","","","","NA"
"-114.01","51.12","CALGARY INTL A","3031092","2026-08-23 07:00","2026","08","23","07:00","","19.2","","9.4","","52","","","","28","","38","","32.2","","88.69","","","","","","NA"
"-114.01","51.12","CALGARY INTL A","3031092","2026-08-23 08:00","2026","08","23","08:00","","19.7","","8.3","","47","","","","28","","28","","32.2","","88.66","","","","","","Mostly Cloudy"
"-114.01","51.12","CALGARY INTL A","3031092","2026-08-23 09:00","2026","08","23","09:00","","19.8","","10.1","","53","","","","27","","25","","32.2","","88.64","","","","","","NA"
"-114.01","51.12","CALGARY INTL A","3031092","2026-08-23 10:00","2026","08","23","10:00","","21.8","","9.0","","44","","","","26","","28","","32.2","","88.61","","","","","","NA"
"-114.01","51.12","CALGARY INTL A","3031092","2026-08-23 11:00","2026","08","23","11:00","","22.0","","7.5","","39","","","","27","","18","","32.2","","88.60","","","","","","Mostly Cloudy"
"-114.01","51.12","CALGARY INTL A","3031092","2026-08-23 12:00","2026","08","23","12:00","","25.5","","7.5","","31","","","","26","","22","","32.2","","88.54","","26","","","","NA"
"-114.01","51.12","CALGARY INTL A","3031092","2026-08-23 13:00","2026","08","23","13:00","","26.9","","4.9","","24","","","","24","","17","","32.2","","88.48","","26","","","","NA"
"-114.01","51.12","CALGARY INTL A","3031092","2026-08-23 14:00","2026","08","23","14:00","","25.9","","1.7","","20","","","","26","","17","","32.2","","88.44","","","","","","Mostly Cloudy"
"-114.01","51.12","CALGARY INTL A","3031092","2026-08-23 15:00","2026","08","23","15:00","","27.2","","0.8","","18","","","","26","","19","","32.2","","88.45","","25","","","","NA"
"-114.01","51.12","CALGARY INTL A","3031092","2026-08-23 16:00","2026","08","23","16:00","","25.5","","0.7","","19","","","","25","","20","","19.3","","88.44","","","","","","NA"
"-114.01","51.12","CALGARY INTL A","3031092","2026-08-23 17:00","2026","08","23","17:00","","22.4","","1.5","","25","","","","27","","32","","32.2","","88.48","","","","","","Mostly Cloudy"
"-114.01","51.12","CALGARY INTL A","3031092","2026-08-23 18:00","2026","08","23","18:00","","20.9","","3.6","","32","","","","28","","33","","32.2","","88.53","","","","","","NA"
"-114.01","51.12","CALGARY INTL A","3031092","2026-08-23 19:00","2026","08","23","19:00","","18.2","","5.1","","42","","","","31","","23","","32.2","","88.70","","","","","","NA"
"-114.01","51.12","CALGARY INTL A","3031092","2026-08-23 20:00","2026","08","23","20:00","","15.1","","7.5","","60","","","","32","","27","","32.2","","88.81","","","","","","Mostly Cloudy"
"-114.01","51.12","CALGARY INTL A","3031092","2026-08-23 21:00","2026","08","23","21:00","","15.6","","6.8","","55","","","","28","","21","","24.1","","88.84","","","","","","NA"
"-114.01","51.12","CALGARY INTL A","3031092","2026-08-23 22:00","2026","08","23","22:00","","14.9","","7.1","","59","","","","33","","9","","24.1","","88.96","","","","","","NA"
"-114.01","51.12","CALGARY INTL A","3031092","2026-08-23 23:00","2026","08","23","23:00","","15.7","","7.7","","58","","","","29","","17","","24.1","","88.95","","","","","","Mostly Cloudy"
"-114.01","51.12","CALGARY INTL A","3031092","2026-08-24 00:00","2026","08","24","00:00","","15.7","","8.2","","60","","","","32","","22","","24.1","","89.02","","","","","","NA"
"-114.01","51.12","CALGARY INTL A","3031092","2026-08-24 01:00","2026","08","24","01:00","","15.6","","7.9","","60","","","","31","","24","","24.1","","89.04","","","","","","NA"
"-114.01","51.12","CALGARY INTL A","3031092","2026-08-24 02:00","2026","08","24","02:00","","15.5","","8.0","","61","","","","32","","22","","24.1","","89.08","","","","","","Mostly Cloudy"
"-114.01","51.12","CALGARY INTL A","3031092","2026-08-24 03:00","2026","08","24","03:00","","15.9","","7.3","","56","","","","31","","16","","24.1","","89.13","","","","","","NA"
"-114.01","51.12","CALGARY INTL A","3031092","2026-08-24 04:00","2026","08","24","04:00","","15.3","","8.0","","61","","","","27","","16","","24.1","","89.15","","","","","","NA"
"-114.01","51.12","CALGARY INTL A","3031092","2026-08-24 05:00","2026","08","24","05:00","","15.6","","6.5","","54","","","","28","","18","","24.1","","89.20","","","","","","Mostly Cloudy"
"-114.01","51.12","CALGARY INTL A","3031092","2026-08-24 06:00","2026","08","24","06:00","","16.2","","5.7","","50","","","","31","","23","","32.2","","89.26","","","","","","NA"
"-114.01","51.12","CALGARY INTL A","3031092","2026-08-24 07:00","2026","08","24","07:00","","17.3","","5.8","","46","","","","31","","23","","32.2","","89.35","","","","","","NA"
"-114.01","51.12","CALGARY INTL A","3031092","2026-08-24 08:00","2026","08","24","08:00","","18.5","","6.4","","45","","","","31","","28","","48.3","","89.40","","","","","","Mostly Cloudy"
"-114.01","51.12","CALGARY INTL A","3031092","2026-08-24 09:00","2026","08","24","09:00","","19.3","","7.1","","45","","","","31","","28","","48.3","","89.45","","","","","","NA"
"-114.01","51.12","CALGARY INTL A","3031092","2026-08-24 10:00","2026","08","24","10:00","","20.1","","7.6","","44","","","","31","","27","","32.2","","89.49","","","","","","NA"
"-114.01","51.12","CALGARY INTL A","3031092","2026-08-24 11:00","2026","08","24","11:00","","20.8","","8.6","","45","","","","33","","28","","48.3","","89.51","","","","","","Mostly Cloudy"
"-114.01","51.12","CALGARY INTL A","3031092","2026-08-24 12:00","2026","08","24","12:00","","20.8","","6.8","","40","","","","31","","28","","48.3","","89.54","","","","","","NA"
"-114.01","51.12","CALGARY INTL A","3031092","2026-08-24 13:00","2026","08","24","13:00","","22.9","","7.4","","36","","","","35","","24","","48.3","","89.54","","","","","","NA"
"-114.01","51.12","CALGARY INTL A","3031092","2026-08-24 14:00","2026","08","24","14:00","","22.5","","7.7","","38","","","","35","","17","","48.3","","89.56","","","","","","Mostly Cloudy"
"-114.01","51.12","CALGARY INTL A","3031092","2026-08-24 15:00","2026","08","24","15:00","","22.6","","6.1","","34","","","","35","","17","","48.3","","89.55","","","","","","NA"
"-114.01","51.12","CALGARY INTL A","3031092","2026-08-24 16:00","2026","08","24","16:00","","22.9","","7.7","","37","","","","36","","19","","48.3","","89.55","","","","","","NA"
"-114.01","51.12","CALGARY INTL A","3031092","2026-08-24 17:00","2026","08","24","17:00","","22.1","","7.3","","38","","","","36","","18","","48.3","","89.56","","","","","","Mainly Clear"
"-114.01","51.12","CALGARY INTL A","3031092","2026-08-24 18:00","2026","08","24","18:00","","21.5","","7.9","","41","","","","1","","15","","32.2","","89.58","","","","","","NA"
"-114.01","51.12","CALGARY INTL A","3031092","2026-08-24 19:00","2026","08","24","19:00","","20.2","","7.5","","43","","","","5","","16","","32.2","","89.61","","","","","","NA"
"-114.01","51.12","CALGARY INTL A","3031092","2026-08-24 20:00","2026","08","24","20:00","","18.5","","7.4","","48","","","","5","","12","","32.2","","89.66","","","","","","Mainly Clear"
"-114.01","51.12","CALGARY INTL A","3031092","2026-08-24 21:00","2026","08","24","21:00","","15.9","","8.8","","63","","","","7","","13","","24.1","","89.71","","","","","","NA"
"-114.01","51.12","CALGARY INTL A","3031092","2026-08-24 22:00","2026","08","24","22:00","","16.5","","8.6","","59","","","","32","","5","","24.1","","89.74","","","","","","NA"
"-114.01","51.12","CALGARY INTL A","3031092","2026-08-24 23:00","2026","08","24","23:00","","15.2","","8.5","","64","","","","32","","3","","24.1","","89.77","","","","","","Clear"
"-114.01","51.12","CALGARY INTL A","3031092","2026-08-25 00:00","2026","08","25","00:00","","14.8","","8.8","","67","","","","22","","5","","24.1","","89.80","","","","","","NA"
"-114.01","51.12","CALGARY INTL A","3031092","2026-08-25 01:00","2026","08","25","01:00","","14.1","","8.8","","70","","","","","","0","","24.1","","89.80","","","","","","NA"
"-114.01","51.12","CALGARY INTL A","3031092","2026-08-25 02:00","2026","08","25","02:00","","11.6","","7.7","","77","","","","2","","5","","24.1","","89.78","","","","","","Mainly Clear"
"-114.01","51.12","CALGARY INTL A","3031092","2026-08-25 03:00","2026","08","25","03:00","","11.8","","7.8","","76","","","","","","0","","24.1","","89.78","","","","","","NA"
"-114.01","51.12","CALGARY INTL A","3031092","2026-08-25 04:00","2026","08","25","04:00","","11.4","","7.6","","77","","","","29","","4","","24.1","","89.77","","","","","","NA"
"-114.01","51.12","CALGARY INTL A","3031092","2026-08-25 05:00","2026","08","25","05:00","","10.1","","7.8","","86","","","","20","","3","","24.1","","89.78","","","","","","Clear"
"-114.01","51.12","CALGARY INTL A","3031092","2026-08-25 06:00","2026","08","25","06:00","","9.7","","7.2","","84","","","","","","0","","32.2","","89.80","","","","","","NA"
"-114.01","51.12","CALGARY INTL A","3031092","2026-08-25 07:00","2026","08","25","07:00","","11.4","","7.6","","77","","","","","","0","","64.4","","89.82","","","","","","NA"
"-114.01","51.12","CALGARY INTL A","3031092","2026-08-25 08:00","2026","08","25","08:00","","14.3","","9.1","","70","","","","","","0","","64.4","","89.82","","","","","","Mostly Cloudy"
"-114.01","51.12","CALGARY INTL A","3031092","2026-08-25 09:00","2026","08","25","09:00","","17.5","","8.7","","56","","","","17","","14","","64.4","","89.81","","","","","","NA"
"-114.01","51.12","CALGARY INTL A","3031092","2026-08-25 10:00","2026","08","25","10:00","","19.4","","9.0","","51","","","","17","","13","","48.3","","89.80","","","","","","NA"
"-114.01","51.12","CALGARY INTL A","3031092","2026-08-25 11:00","2026","08","25","11:00","","21.4","","10.8","","50","","","","16","","18","","48.3","","89.76","","","","","","Mostly Cloudy"
"-114.01","51.12","CALGARY INTL A","3031092","2026-08-25 12:00","2026","08","25","12:00","","23.2","","8.8","","39","","","","17","","25","","48.3","","89.71","","","","","","NA"
"-114.01","51.12","CALGARY INTL A","3031092","2026-08-25 13:00","2026","08","25","13:00","","24.1","","9.1","","38","","","","20","","26","","32.2","","89.67","","25","","","","NA"
"-114.01","51.12","CALGARY INTL A","3031092","2026-08-25 14:00","2026","08","25","14:00","","24.6","","8.5","","35","","","","18","","22","","32.2","","89.61","","25","","","","Mostly Cloudy"
"-114.01","51.12","CALGARY INTL A","3031092","2026-08-25 15:00","2026","08","25","15:00","","25.1","","8.2","","34","","","","16","","24","","32.2","","89.57","","26","","","","NA"
"-114.01","51.12","CALGARY INTL A","3031092","2026-08-25 16:00","2026","08","25","16:00","","25.0","","8.5","","34","","","","16","","23","","32.2","","89.55","","26","","","","NA"
"-114.01","51.12","CALGARY INTL A","3031092","2026-08-25 17:00","2026","08","25","17:00","","24.9","","7.8","","33","","","","14","","22","","32.2","","89.52","","25","","","","Clear"
"-114.01","51.12","CALGARY INTL A","3031092","2026-08-25 18:00","2026","08","25","18:00","","24.2","","8.3","","36","","","","16","","23","","32.2","","89.51","","25","","","","NA"
"-114.01","51.12","CALGARY INTL A","3031092","2026-08-25 19:00","2026","08","25","19:00","","23.1","","8.7","","40","","","","14","","16","","24.1","","89.49","","","","","","NA"
"-114.01","51.12","CALGARY INTL A","3031092","2026-08-25 20:00","2026","08","25","20:00","","21.0","","9.3","","47","","","","13","","16","","24.1","","89.52","","","","","","Mainly Clear"
"-114.01","51.12","CALGARY INTL A","3031092","2026-08-25 21:00","2026","08","25","21:00","","20.2","","9.2","","49","","","","15","","23","","24.1","","89.55","","","","","","NA"
"-114.01","51.12","CALGARY INTL A","3031092","2026-08-25 22:00","2026","08","25","22:00","","17.1","","9.8","","62","","","","17","","15","","24.1","","89.57","","","","","","NA"
"-114.01","51.12","CALGARY INTL A","3031092","2026-08-25 23:00","2026","08","25","23:00","","16.2","","9.7","","65","","","","19","","12","","24.1","","89.54","","","","","","Clear"
"-114.01","51.12","CALGARY INTL A","3031092","2026-08-26 00:00","2026","08","26","00:00","","16.3","","9.4","","63","","","","17","","7","","24.1","","89.53","","","","","","NA"
"-114.01","51.12","CALGARY INTL A","3031092","2026-08-26 01:00","2026","08","26","01:00","","15.7","","9.1","","64","","","","18","","9","","24.1","","89.51","","","","","","NA"
"-114.01","51.12","CALGARY INTL A","3031092","2026-08-26 02:00","2026","08","26","02:00","","15.7","","9.0","","64","","","","20","","6","","24.1","","89.48","","","","","","Clear"
"-114.01","51.12","CALGARY INTL A","3031092","2026-08-26 03:00","2026","08","26","03:00","","13.8","","8.7","","71","","","","17","","5","","24.1","","89.44","","","","","","NA"
"-114.01","51.12","CALGARY INTL A","3031092","2026-08-26 04:00","2026","08","26","04:00","","13.5","","8.6","","72","","","","17","","7","","19.3","","89.41","","","","","","NA"
"-114.01","51.12","CALGARY INTL A","3031092","2026-08-26 05:00","2026","08","26","05:00","","13.4","","8.7","","73","","","","23","","7","","24.1","","89.41","","","","","","Mostly Cloudy"
"-114.01","51.12","CALGARY INTL A","3031092","2026-08-26 06:00","2026","08","26","06:00","","11.5","","8.0","","79","","","","20","","8","","24.1","","89.41","","","","","","NA"
"-114.01","51.12","CALGARY INTL A","3031092","2026-08-26 07:00","2026","08","26","07:00","","12.8","","8.9","","77","","","","21","","8","","32.2","","89.43","","","","","","NA"
"-114.01","51.12","CALGARY INTL A","3031092","2026-08-26 08:00","2026","08","26","08:00","","16.1","","8.8","","61","","","","21","","8","","32.2","","89.42","","","","","","Mostly Cloudy"
"-114.01","51.12","CALGARY INTL A","3031092","2026-08-26 09:00","2026","08","26","09:00","","19.0","","9.8","","55","","","","21","","8","","32.2","","89.41","","","","","","NA"
"-114.01","51.12","CALGARY INTL A","3031092","2026-08-26 10:00","2026","08","26","10:00","","21.0","","8.4","","44","","","","23","","13","","32.2","","89.41","","","","","","NA"
"-114.01","51.12","CALGARY INTL A","3031092","2026-08-26 11:00","2026","08","26","11:00","","23.5","","10.7","","44","","","","19","","11","","32.2","","89.38","","25","","","","Mainly Clear"
"-114.01","51.12","CALGARY INTL A","3031092","2026-08-26 12:00","2026","08","26","12:00","","25.3","","9.5","","36","","","","19","","12","","24.1","","89.34","","26","","","","NA"
"-114.01","51.12","CALGARY INTL A","3031092","2026-08-26 13:00","2026","08","26","13:00","","27.5","","8.7","","30","","","","17","","13","","24.1","","89.28","","28","","","","NA"
"-114.01","51.12","CALGARY INTL A","3031092","2026-08-26 14:00","2026","08","26","14:00","","28.7","","7.2","","25","","","","12","","10","","32.2","","89.24","","29","","","","Mainly Clear"
"-114.01","51.12","CALGARY INTL A","3031092","2026-08-26 15:00","2026","08","26","15:00","","29.1","","5.2","","22","","","","17","","14","","32.2","","89.18","","28","","","","NA"
"-114.01","51.12","CALGARY INTL A","3031092","2026-08-26 16:00","2026","08","26","16:00","","29.1","","6.2","","23","","","","13","","16","","24.1","","89.12","","29","","","","NA"
"-114.01","51.12","CALGARY INTL A","3031092","2026-08-26 17:00","2026","08","26","17:00","","28.8","","7.5","","26","","","","15","","13","","24.1","","89.07","","29","","","","Mainly Clear"
"-114.01","51.12","CALGARY INTL A","3031092","2026-08-26 18:00","2026","08","26","18:00","","27.9","","7.8","","28","","","","12","","17","","24.1","","89.04","","28","","","","NA"
"-114.01","51.12","CALGARY INTL A","3031092","2026-08-26 19:00","2026","08","26","19:00","","26.0","","9.6","","35","","","","13","","17","","24.1","","89.01","","27","","","","NA"
"-114.01","51.12","CALGARY INTL A","3031092","2026-08-26 20:00","2026","08","26","20:00","","24.1","","9.5","","39","","","","13","","13","","24.1","","89.04","","25","","","","Mostly Cloudy"
"-114.01","51.12","CALGARY INTL A","3031092","2026-08-26 21:00","2026","08","26","21:00","","24.1","","8.5","","37","","","","14","","20","","24.1","","89.02","","25","","","","NA"
"-114.01","51.12","CALGARY INTL A","3031092","2026-08-26 22:00","2026","08","26","22:00","","21.4","","10.2","","48","","","","18","","13","","24.1","","89.04","","","","","","NA"
"-114.01","51.12","CALGARY INTL A","3031092","2026-08-26 23:00","2026","08","26","23:00","","21.9","","9.6","","45","","","","20","","5","","24.1","","88.98","","","","","","Mostly Cloudy"
"-114.01","51.12","CALGARY INTL A","3031092","2026-08-27 00:00","2026","08","27","00:00","","20.6","","9.4","","48","","","","13","","21","","24.1","","88.94","","","","","","NA"
"-114.01","51.12","CALGARY INTL A","3031092","2026-08-27 01:00","2026","08","27","01:00","","22.4","","6.6","","36","","","","23","","14","","24.1","","88.90","","","","","","NA"
"-114.01","51.12","CALGARY INTL A","3031092","2026-08-27 02:00","2026","08","27","02:00","","22.0","","6.1","","35","","","","22","","13","","24.1","","88.89","","","","","","Mostly Cloudy"
"-114.01","51.12","CALGARY INTL A","3031092","2026-08-27 03:00","2026","08","27","03:00","","20.2","","6.2","","40","","","","21","","8","","24.1","","88.86","","","","","","NA"
"-114.01","51.12","CALGARY INTL A","3031092","2026-08-27 04:00","2026","08","27","04:00","","19.9","","6.0","","40","","","","22","","8","","24.1","","88.80","","","","","","NA"
"-114.01","51.12","CALGARY INTL A","3031092","2026-08-27 05:00","2026","08","27","05:00","","18.3","","6.5","","46","","","","19","","9","","24.1","","88.78","","","","","","Clear"
"-114.01","51.12","CALGARY INTL A","3031092","2026-08-27 06:00","2026","08","27","06:00","","16.8","","7.7","","55","","","","21","","12","","24.1","","88.78","","","","","","NA"
"-114.01","51.12","CALGARY INTL A","3031092","2026-08-27 07:00","2026","08","27","07:00","","15.7","","8.3","","61","","","","21","","13","","32.2","","88.79","","","","","","NA"
"-114.01","51.12","CALGARY INTL A","3031092","2026-08-27 08:00","2026","08","27","08:00","","18.1","","8.0","","51","","","","22","","14","","32.2","","88.80","","","","","","Mostly Cloudy"
"-114.01","51.12","CALGARY INTL A","3031092","2026-08-27 09:00","2026","08","27","09:00","","19.0","","7.5","","47","","","","22","","10","","48.3","","88.80","","","","","","NA"
"-114.01","51.12","CALGARY INTL A","3031092","2026-08-27 10:00","2026","08","27","10:00","","19.7","","7.5","","45","","","","21","","14","","48.3","","88.79","","","","","","NA"
"-114.01","51.12","CALGARY INTL A","3031092","2026-08-27 11:00","2026","08","27","11:00","","21.9","","5.4","","34","","","","22","","12","","32.2","","88.74","","","","","","Mostly Cloudy"
"-114.01","51.12","CALGARY INTL A","3031092","2026-08-27 12:00","2026","08","27","12:00","","25.3","","8.2","","33","","","","20","","10","","32.2","","88.68","","26","","","","NA"
"-114.01","51.12","CALGARY INTL A","3031092","2026-08-27 13:00","2026","08","27","13:00","","28.8","","7.0","","25","","","","19","","22","","32.2","","88.62","","29","","","","NA"
"-114.01","51.12","CALGARY INTL A","3031092","2026-08-27 14:00","2026","08","27","14:00","","28.2","","7.6","","27","","","","18","","18","","24.1","","88.55","","28","","","","Mostly Cloudy"
"-114.01","51.12","CALGARY INTL A","3031092","2026-08-27 15:00","2026","08","27","15:00","","27.7","","6.9","","26","","","","18","","27","","24.1","","88.49","","28","","","","NA"
"-114.01","51.12","CALGARY INTL A","3031092","2026-08-27 16:00","2026","08","27","16:00","","29.8","","5.8","","21","","","","18","","32","","16.1","","88.39","","29","","","","NA"
"-114.01","51.12","CALGARY INTL A","3031092","2026-08-27 17:00","2026","08","27","17:00","","29.1","","8.9","","28","","","","18","","23","","24.1","","88.31","","30","","","","Mainly Clear"
"-114.01","51.12","CALGARY INTL A","3031092","2026-08-27 18:00","2026","08","27","18:00","","28.4","","6.0","","24","","","","19","","24","","24.1","","88.25","","28","","","","NA"
"-114.01","51.12","CALGARY INTL A","3031092","2026-08-27 19:00","2026","08","27","19:00","","26.1","","6.2","","28","","","","19","","26","","14.5","","88.21","","26","","","","NA"
"-114.01","51.12","CALGARY INTL A","3031092","2026-08-27 20:00","2026","08","27","20:00","","22.8","","5.7","","33","","","","18","","22","","14.5","","88.21","","","","","","Mainly Clear"
"-114.01","51.12","CALGARY INTL A","3031092","2026-08-27 21:00","2026","08","27","21:00","","21.3","","4.9","","34","","","","19","","10","","24.1","","88.28","","","","","","NA"
"-114.01","51.12","CALGARY INTL A","3031092","2026-08-27 22:00","2026","08","27","22:00","","22.2","","3.2","","29","","","","26","","17","","24.1","","88.39","","","","","","NA"
"-114.01","51.12","CALGARY INTL A","3031092","2026-08-27 23:00","2026","08","27","23:00","","18.1","","5.4","","43","","","","36","","14","","24.1","","88.46","","","","","","Clear"
"-114.01","51.12","CALGARY INTL A","3031092","2026-08-28 00:00","2026","08","28","00:00","","20.1","","4.8","","36","","","","22","","7","","24.1","","88.51","","","","","","NA"
"-114.01","51.12","CALGARY INTL A","3031092","2026-08-28 01:00","2026","08","28","01:00","","18.9","","4.1","","37","","","","23","","14","","24.1","","88.60","","","","","","NA"
"-114.01","51.12","CALGARY INTL A","3031092","2026-08-28 02:00","2026","08","28","02:00","","15.7","","6.4","","54","","","","17","","3","","24.1","","88.64","","","","","","Mainly Clear"
"-114.01","51.12","CALGARY INTL A","3031092","2026-08-28 03:00","2026","08","28","03:00","","16.8","","4.8","","45","","","","21","","5","","24.1","","88.62","","","","","","NA"
"-114.01","51.12","CALGARY INTL A","3031092","2026-08-28 04:00","2026","08","28","04:00","","13.5","","6.7","","63","","","","16","","8","","24.1","","88.67","","","","","","NA"
"-114.01","51.12","CALGARY INTL A","3031092","2026-08-28 05:00","2026","08","28","05:00","","12.1","","7.0","","71","","","","21","","9","","24.1","","88.72","","","","","","Mainly Clear"
"-114.01","51.12","CALGARY INTL A","3031092","2026-08-28 06:00","2026","08","28","06:00","","13.3","","5.9","","61","","","","15","","7","","14.5","","88.74","","","","","","NA"
"-114.01","51.12","CALGARY INTL A","3031092","2026-08-28 07:00","2026","08","28","07:00","","14.1","","6.0","","58","","","","24","","8","","24.1","","88.79","","","","","","NA"
"-114.01","51.12","CALGARY INTL A","3031092","2026-08-28 08:00","2026","08","28","08:00","","15.0","","7.1","","59","","","","36","","13","","24.1","","88.80","","","","","","Mostly Cloudy"
"-114.01","51.12","CALGARY INTL A","3031092","2026-08-28 09:00","2026","08","28","09:00","","16.8","","7.0","","52","","","","4","","13","","24.1","","88.78","","","","","","NA"
"-114.01","51.12","CALGARY INTL A","3031092","2026-08-28 10:00","2026","08","28","10:00","","18.7","","7.7","","48","","","","11","","7","","24.1","","88.74","","","","","","NA"
"-114.01","51.12","CALGARY INTL A","3031092","2026-08-28 11:00","2026","08","28","11:00","","19.3","","6.8","","44","","","","14","","4","","24.1","","88.72","","","","","","Mostly Cloudy"
"-114.01","51.12","CALGARY INTL A","3031092","2026-08-28 12:00","2026","08","28","12:00","","20.8","","7.2","","41","","","","5","","3","","24.1","","88.68","","","","","","NA"
"-114.01","51.12","CALGARY INTL A","3031092","2026-08-28 13:00","2026","08","28","13:00","","21.1","","5.2","","35","","","","","","0","","24.1","","88.65","","","","","","NA"
"-114.01","51.12","CALGARY INTL A","3031092","2026-08-28 14:00","2026","08","28","14:00","","22.9","","5.0","","31","","","","4","","3","","24.1","","88.61","","","","","","Mostly Cloudy"
"-114.01","51.12","CALGARY INTL A","3031092","2026-08-28 15:00","2026","08","28","15:00","","24.2","","4.1","","27","","","","18","","15","","24.1","","88.56","","","","","","NA"
"-114.01","51.12","CALGARY INTL A","3031092","2026-08-28 16:00","2026","08","28","16:00","","24.1","","3.5","","26","","","","22","","10","","24.1","","88.56","","","","","","NA"
"-114.01","51.12","CALGARY INTL A","3031092","2026-08-28 17:00","2026","08","28","17:00","","23.7","","1.8","","24","","","","27","","9","","24.1","","88.54","","","","","","Mostly Cloudy"
"-114.01","51.12","CALGARY INTL A","3031092","2026-08-28 18:00","2026","08","28","18:00","","22.3","","1.2","","24","","","","28","","10","","24.1","","88.55","","","","","","NA"
"-114.01","51.12","CALGARY INTL A","3031092","2026-08-28 19:00","2026","08","28","19:00","","20.3","","4.5","","35","","","","1","","10","","14.5","","88.57","","","","","","NA"
"-114.01","51.12","CALGARY INTL A","3031092","2026-08-28 20:00","2026","08","28","20:00","","17.6","","4.7","","42","","","","3","","14","","16.1","","88.60","","","","","","Mostly Cloudy"
"-114.01","51.12","CALGARY INTL A","3031092","2026-08-28 21:00","2026","08","28","21:00","","16.7","","6.8","","52","","","","7","","14","","24.1","","88.64","","","","","","NA"
"-114.01","51.12","CALGARY INTL A","3031092","2026-08-28 22:00","2026","08","28","22:00","","15.8","","7.5","","58","","","","5","","10","","19.3","","88.67","","","","","","NA"
"-114.01","51.12","CALGARY INTL A","3031092","2026-08-28 23:00","2026","08","28","23:00","","15.4","","7.8","","61","","","","2","","5","","19.3","","88.70","","","","","","Mostly Cloudy"
"-114.01","51.12","CALGARY INTL A","3031092","2026-08-29 00:00","2026","08","29","00:00","","15.0","","7.5","","60","","","","","","0","","19.3","","88.71","","","","","","NA"
"-114.01","51.12","CALGARY INTL A","3031092","2026-08-29 01:00","2026","08","29","01:00","","12.4","","7.4","","71","","","","34","","9","","19.3","","88.71","","","","","","NA"
"-114.01","51.12","CALGARY INTL A","3031092","2026-08-29 02:00","2026","08","29","02:00","","11.5","","7.5","","76","","","","35","","8","","19.3","","88.69","","","","","","Mainly Clear"
"-114.01","51.12","CALGARY INTL A","3031092","2026-08-29 03:00","2026","08","29","03:00","","10.8","","7.5","","80","","","","34","","9","","19.3","","88.70","","","","","","NA"
"-114.01","51.12","CALGARY INTL A","3031092","2026-08-29 04:00","2026","08","29","04:00","","10.4","","7.2","","81","","","","1","","8","","19.3","","88.70","","","","","","NA"
"-114.01","51.12","CALGARY INTL A","3031092","2026-08-29 05:00","2026","08","29","05:00","","9.7","","7.1","","84","","","","36","","4","","19.3","","88.69","","","","","","Mainly Clear"
"-114.01","51.12","CALGARY INTL A","3031092","2026-08-29 06:00","2026","08","29","06:00","","9.9","","6.7","","80","","","","32","","7","","16.1","","88.68","","","","","","NA"
"-114.01","51.12","CALGARY INTL A","3031092","2026-08-29 07:00","2026","08","29","07:00","","11.2","","7.3","","77","","","","","","0","","14.5","","88.68","","","","","","NA"
"-114.01","51.12","CALGARY INTL A","3031092","2026-08-29 08:00","2026","08","29","08:00","","13.1","","8.3","","72","","","","35","","10","","16.1","","88.66","","","","","","Mainly Clear"
"-114.01","51.12","CALGARY INTL A","3031092","2026-08-29 09:00","2026","08","29","09:00","","14.7","","8.2","","64","","","","33","","7","","14.5","","88.66","","","","","","NA"
"-114.01","51.12","CALGARY INTL A","3031092","2026-08-29 10:00","2026","08","29","10:00","","16.8","","9.2","","60","","","","33","","3","","24.1","","88.59","","","","","","NA"
"-114.01","51.12","CALGARY INTL A","3031092","2026-08-29 11:00","2026","08","29","11:00","","18.2","","8.1","","51","","","","22","","5","","24.1","","88.55","","","","","","Mainly Clear"
"-114.01","51.12","CALGARY INTL A","3031092","2026-08-29 12:00","2026","08","29","12:00","","20.0","","8.1","","46","","","","21","","3","","24.1","","88.50","","","","","","NA"
"-114.01","51.12","CALGARY INTL A","3031092","2026-08-29 13:00","2026","08","29","13:00","","21.4","","7.4","","40","","","","20","","8","","24.1","","88.45","","","","","","NA"
"-114.01","51.12","CALGARY INTL A","3031092","2026-08-29 14:00","2026","08","29","14:00","","22.6","","4.1","","30","","","","16","","16","","24.1","","88.39","","","","","","Mainly Clear"
"-114.01","51.12","CALGARY INTL A","3031092","2026-08-29 15:00","2026","08","29","15:00","","23.2","","3.8","","28","","","","19","","16","","24.1","","88.35","","","","","","NA"
"-114.01","51.12","CALGARY INTL A","3031092","2026-08-29 16:00","2026","08","29","16:00","","23.7","","5.4","","30","","","","19","","14","","24.1","","88.30","","","","","","NA"
"-114.01","51.12","CALGARY INTL A","3031092","2026-08-29 17:00","2026","08","29","17:00","","22.1","","2.8","","28","","","","19","","16","","24.1","","88.27","","","","","","Mostly Cloudy"
"-114.01","51.12","CALGARY INTL A","3031092","2026-08-29 18:00","2026","08","29","18:00","","20.2","","3.3","","32","","","","19","","15","","32.2","","88.30","","","","","","NA"
"-114.01","51.12","CALGARY INTL A","3031092","2026-08-29 19:00","2026","08","29","19:00","","19.2","","2.5","","33","","","","19","","19","","24.1","","88.28","","","","","","NA"
"-114.01","51.12","CALGARY INTL A","3031092","2026-08-29 20:00","2026","08","29","20:00","","17.7","","3.4","","38","","","","18","","18","","16.1","","88.28","","","","","","Mostly Cloudy"
"-114.01","51.12","CALGARY INTL A","3031092","2026-08-29 21:00","2026","08","29","21:00","","17.4","","2.2","","36","","","","19","","21","","24.1","","88.34","","","","","","NA"
"-114.01","51.12","CALGARY INTL A","3031092","2026-08-29 22:00","2026","08","29","22:00","","15.9","","2.5","","40","","","","","","0","","24.1","","88.42","","","","","","NA"
"-114.01","51.12","CALGARY INTL A","3031092","2026-08-29 23:00","2026","08","29","23:00","","12.9","","7.2","","68","","","","35","","14","","24.1","","88.43","","","","","","Mostly Cloudy"
"-114.01","51.12","CALGARY INTL A","3031092","2026-08-30 00:00","2026","08","30","00:00","","12.7","","6.9","","67","","","","33","","15","","24.1","","88.41","","","","","","NA"
"-114.01","51.12","CALGARY INTL A","3031092","2026-08-30 01:00","2026","08","30","01:00","","13.1","","4.8","","57","","","","27","","11","","24.1","","88.39","","","","","","NA"
"-114.01","51.12","CALGARY INTL A","3031092","2026-08-30 02:00","2026","08","30","02:00","","11.3","","5.3","","66","","","","29","","15","","24.1","","88.42","","","","","","Mostly Cloudy"
"-114.01","51.12","CALGARY INTL A","3031092","2026-08-30 03:00","2026","08","30","03:00","","12.2","","3.9","","57","","","","29","","21","","24.1","","88.39","","","","","","NA"
"-114.01","51.12","CALGARY INTL A","3031092","2026-08-30 04:00","2026","08","30","04:00","","12.1","","3.6","","56","","","","28","","26","","24.1","","88.43","","","","","","NA"
"-114.01","51.12","CALGARY INTL A","3031092","2026-08-30 05:00","2026","08","30","05:00","","12.0","","3.3","","55","","","","29","","22","","24.1","","88.43","","","","","","Mostly Cloudy"
"-114.01","51.12","CALGARY INTL A","3031092","2026-08-30 06:00","2026","08","30","06:00","","11.4","","3.5","","58","","","","29","","24","","16.1","","88.40","","","","","","NA"
"-114.01","51.12","CALGARY INTL A","3031092","2026-08-30 07:00","2026","08","30","07:00","","11.3","","3.7","","59","","","","27","","17","","16.1","","88.44","","","","","","NA"
"-114.01","51.12","CALGARY INTL A","3031092","2026-08-30 08:00","2026","08","30","08:00","","10.1","","5.8","","75","","","","26","","16","","19.3","","88.47","","","","","","Rain Showers"
"-114.01","51.12","CALGARY INTL A","3031092","2026-08-30 09:00","2026","08","30","09:00","","10.4","","5.7","","72","","","","28","","21","","19.3","","88.43","","","","","","NA"
"-114.01","51.12","CALGARY INTL A","3031092","2026-08-30 10:00","2026","08","30","10:00","","11.6","","6.1","","68","","","","30","","19","","24.1","","88.40","","","","","","NA"
"-114.01","51.12","CALGARY INTL A","3031092","2026-08-30 11:00","2026","08","30","11:00"
"-114.01","51.12","CALGARY INTL A","3031092","2026-08-30 12:00","2026","08","30","12:00","","13.7","","7.3","","65","","","","31","","34","","32.2","","88.38","","","","","","NA"
"-114.01","51.12","CALGARY INTL A","3031092","2026-08-30 13:00","2026","08","30","13:00","","15.6","","8.0","","60","","","","30","","35","","32.2","","88.34","","","","","","NA"
"-114.01","51.12","CALGARY INTL A","3031092","2026-08-30 14:00","2026","08","30","14:00","","17.8","","8.1","","53","","","","32","","39","","32.2","","88.36","","","","","","Mainly Clear"
"-114.01","51.12","CALGARY INTL A","3031092","2026-08-30 15:00","2026","08","30","15:00","","18.4","","8.6","","52","","","","32","","38","","32.2","","88.35","","","","","","NA"
"-114.01","51.12","CALGARY INTL A","3031092","2026-08-30 16:00","2026","08","30","16:00","","17.4","","8.2","","55","","","","32","","42","","32.2","","88.41","","","","","","NA"
"-114.01","51.12","CALGARY INTL A","3031092","2026-08-30 17:00","2026","08","30","17:00","","17.9","","8.3","","53","","","","35","","33","","32.2","","88.48","","","","","","Mostly Cloudy"
"-114.01","51.12","CALGARY INTL A","3031092","2026-08-30 18:00","2026","08","30","18:00","","16.7","","9.5","","62","","","","36","","21","","32.2","","88.53","","","","","","NA"
"-114.01","51.12","CALGARY INTL A","3031092","2026-08-30 19:00","2026","08","30","19:00","","16.1","","8.8","","62","","","","32","","20","","24.1","","88.57","","","","","","NA"
"-114.01","51.12","CALGARY INTL A","3031092","2026-08-30 20:00","2026","08","30","20:00","","15.4","","7.6","","60","","","","29","","18","","24.1","","88.64","","","","","","Mostly Cloudy"
"-114.01","51.12","CALGARY INTL A","3031092","2026-08-30 21:00","2026","08","30","21:00","","14.7","","5.7","","55","","","","30","","20","","24.1","","88.70","","","","","","NA"
"-114.01","51.12","CALGARY INTL A","3031092","2026-08-30 22:00","2026","08","30","22:00","","14.5","","5.8","","56","","","","31","","17","","24.1","","88.70","","","","","","NA"
"-114.01","51.12","CALGARY INTL A","3031092","2026-08-30 23:00","2026","08","30","23:00","","15.2","","6.5","","56","","","","30","","19","","24.1","","88.70","","","","","","Mostly Cloudy"
"-114.01","51.12","CALGARY INTL A","3031092","2026-08-31 00:00","2026","08","31","00:00","","13.9","","7.8","","66","","","","29","","16","","24.1","","88.72","","","","","","NA"
"-114.01","51.12","CALGARY INTL A","3031092","2026-08-31 01:00","2026","08","31","01:00","","14.6","","6.8","","59","","","","29","","18","","24.1","","88.74","","","","","","NA"
"-114.01","51.12","CALGARY INTL A","3031092","2026-08-31 02:00","2026","08","31","02:00","","13.6","","8.2","","69","","","","30","","17","","24.1","","88.79","","","","","","Mostly Cloudy"
"-114.01","51.12","CALGARY INTL A","3031092","2026-08-31 03:00","2026","08","31","03:00","","12.9","","7.7","","70","","","","26","","16","","24.1","","88.80","","","","","","NA"
"-114.01","51.12","CALGARY INTL A","3031092","2026-08-31 04:00","2026","08","31","04:00","","13.2","","7.0","","66","","","","29","","11","","24.1","","88.82","","","","","","NA"
"-114.01","51.12","CALGARY INTL A","3031092","2026-08-31 05:00","2026","08","31","05:00","","12.2","","6.1","","66","","","","27","","4","","24.1","","88.87","","","","","","Mostly Cloudy"
"-114.01","51.12","CALGARY INTL A","3031092","2026-08-31 06:00","2026","08","31","06:00","","12.0","","6.3","","68","","","","32","","3","","48.3","","88.92","","","","","","NA"
"-114.01","51.12","CALGARY INTL A","3031092","2026-08-31 07:00","2026","08","31","07:00","","12.0","","6.6","","69","","","","35","","4","","64.4","","88.97","","","","","","NA"
"-114.01","51.12","CALGARY INTL A","3031092","2026-08-31 08:00","2026","08","31","08:00","","15.4","","6.9","","57","","","","35","","5","","64.4","","89.00","","","","","","Mainly Clear"
"-114.01","51.12","CALGARY INTL A","3031092","2026-08-31 09:00","2026","08","31","09:00","","16.8","","6.9","","52","","","","34","","10","","64.4","","89.00","","","","","","NA"
"-114.01","51.12","CALGARY INTL A","3031092","2026-08-31 10:00","2026","08","31","10:00","","17.3","","7.0","","51","","","","27","","7","","64.4","","88.99","","","","","","NA"
"-114.01","51.12","CALGARY INTL A","3031092","2026-08-31 11:00","2026","08","31","11:00","","18.9","","5.1","","40","","","","21","","7","","64.4","","88.98","","","","","","Mainly Clear"
"-114.01","51.12","CALGARY INTL A","3031092","2026-08-31 12:00","2026","08","31","12:00","","20.5","","4.7","","35","","","","24","","9","","64.4","","88.93","","","","","","NA"
"-114.01","51.12","CALGARY INTL A","3031092","2026-08-31 13:00","2026","08","31","13:00","","20.9","","5.5","","36","","","","20","","5","","64.4","","88.87","","","","","","NA"
"-114.01","51.12","CALGARY INTL A","3031092","2026-08-31 14:00","2026","08","31","14:00","","21.7","","5.0","","33","","","","16","","12","","64.4","","88.81","","","","","","Mainly Clear"
"-114.01","51.12","CALGARY INTL A","3031092","2026-08-31 15:00","2026","08","31","15:00","","22.2","","4.5","","31","","","","14","","4","","48.3","","88.79","","","","","","NA"
"-114.01","51.12","CALGARY INTL A","3031092","2026-08-31 16:00","2026","08","31","16:00","","22.3","","6.0","","35","","","","17","","10","","48.3","","88.76","","","","","","NA"
"-114.01","51.12","CALGARY INTL A","3031092","2026-08-31 17:00","2026","08","31","17:00","","22.1","","5.1","","33","","","","16","","8","","48.3","","88.74","","","","","","Mostly Cloudy"
"-114.01","51.12","CALGARY INTL A","3031092","2026-08-31 18:00","2026","08","31","18:00","","21.5","","5.7","","35","","","","17","","14","","32.2","","88.73","","","","","","NA"
"-114.01","51.12","CALGARY INTL A","3031092","2026-08-31 19:00","2026","08","31","19:00","","20.0","","5.4","","38","","","","14","","14","","48.3","","88.72","","","","","","NA"
"-114.01","51.12","CALGARY INTL A","3031092","2026-08-31 20:00","2026","08","31","20:00","","18.4","","5.4","","42","","","","13","","15","","32.2","","88.73","","","","","","Mainly Clear"
"-114.01","51.12","CALGARY INTL A","3031092","2026-08-31 21:00","2026","08","31","21:00","","17.6","","5.2","","44","","","","14","","15","","24.1","","88.77","","","","","","NA"
"-114.01","51.12","CALGARY INTL A","3031092","2026-08-31 22:00","2026","08","31","22:00","","15.2","","5.8","","53","","","","15","","10","","24.1","","88.77","","","","","","NA"
"-114.01","51.12","CALGARY INTL A","3031092","2026-08-31 23:00","2026","08","31","23:00","","15.9","","6.0","","51","","","","19","","4","","24.1","","88.76","","","","","","Clear"
