"Longitude (x)","Latitude (y)","Station Name","Climate ID","Date/Time (LST)","Year","Month","Day","Time (LST)","Flag","Temp (°C)","Temp Flag","Dew Point Temp (°C)","Dew Point Temp Flag","Rel Hum (%)","Rel Hum Flag","Precip. Amount (mm)","Precip. Amount Flag","Wind Dir (10s deg)","Wind Dir Flag","Wind Spd (km/h)","Wind Spd Flag","Visibility (km)","Visibility Flag","Stn Press (kPa)","Stn Press Flag","Hmdx","Hmdx Flag","Wind Chill","Wind Chill Flag","Weather"
"-114.01","51.12","CALGARY INTL A","3031092","2026-04-01 00:00","2026","04","01","00:00","","-6.6","","-9.1","","83","","","","33","","10","","24.1","","88.25","","","","-11","","NA"
"-114.01","51.12","CALGARY INTL A","3031092","2026-04-01 01:00","2026","04","01","01:00","","-8.9","","-11.5","","82","","","","2","","9","","19.3","","88.23","","","","-14","","NA"
"-114.01","51.12","CALGARY INTL A","3031092","2026-04-01 02:00","2026","04","01","02:00","","-9.8","","-12.3","","82","","","","35","","6","","24.1","","88.20","","","","-13","","Clear"
"-114.01","51.12","CALGARY INTL A","3031092","2026-04-01 03:00","2026","04","01","03:00","","-8.8","","-10.8","","86","","","","","","0","","24.1","","88.17","","","","","","NA"
"-114.01","51.12","CALGARY INTL A","3031092","2026-04-01 04:00","2026","04","01","04:00","","-8.9","","-10.9","","86","","","","","","0","","24.1","","88.16","","","","","","NA"
"-114.01","51.12","CALGARY INTL A","3031092","2026-04-01 05:00","2026","04","01","05:00","","-8.3","","-10.2","","86","","","","25","","4","","24.1","","88.17","","","","-10","","Mostly Cloudy"
"-114.01","51.12","CALGARY INTL A","3031092","2026-04-01 06:00","2026","04","01","06:00","","-6.8","","-9.2","","84","","","","24","","7","","32.2","","88.16","","","","-10","","NA"
"-114.01","51.12","CALGARY INTL A","3031092","2026-04-01 07:00","2026","04","01","07:00","","-9.2","","-11.3","","85","","","","7","","3","","48.3","","88.14","","","","-11","","NA"
"-114.01","51.12","CALGARY INTL A","3031092","2026-04-01 08:00","2026","04","01","08:00","","-7.2","","-10.3","","78","","","","","","0","","48.3","","88.16","","","","","","Mainly Clear"
"-114.01","51.12","CALGARY INTL A","3031092","2026-04-01 09:00","2026","04","01","09:00","","-3.5","","-9.2","","64","","","","36","","3","","48.3","","88.17","","","","-5","","NA"
"-114.01","51.12","CALGARY INTL A","3031092","2026-04-01 10:00","2026","04","01","10:00","","-1.3","","-6.9","","66","","","","2","","6","","48.3","","88.14","","","","-4","","NA"
"-114.01","51.12","CALGARY INTL A","3031092","2026-04-01 11:00","2026","04","01","11:00","","0.3","","-6.4","","61","","","","8","","7","","32.2","","88.10","","","","","","Mostly Cloudy"
"-114.01","51.12","CALGARY INTL A","3031092","2026-04-01 12:00","2026","04","01","12:00","","1.8","","-5.6","","58","","","","15","","13","","24.1","","88.07","","","","","","NA"
"-114.01","51.12","CALGARY INTL A","3031092","2026-04-01 13:00","2026","04","01","13:00","","2.4","","-6.0","","54","","","","15","","17","","32.2","","88.04","","","","","","NA"
"-114.01","51.12","CALGARY INTL A","3031092","2026-04-01 14:00","2026","04","01","14:00","","2.4","","-6.3","","53","","","","13","","17","","32.2","","87.99","","","","","","Cloudy"
"-114.01","51.12","CALGARY INTL A","3031092","2026-04-01 15:00","2026","04","01","15:00","","2.7","","-4.8","","58","","","","15","","17","","24.1","","87.93","","","","","","NA"
"-114.01","51.12","CALGARY INTL A","3031092","2026-04-01 16:00","2026","04","01","16:00","","3.9","","-3.7","","58","","","","14","","19","","24.1","","87.88","","","","","","NA"
"-114.01","51.12","CALGARY INTL A","3031092","2026-04-01 17:00","2026","04","01","17:00","","4.4","","-4.0","","54","","","","13","","22","","24.1","","87.83","","","","","","Cloudy"
"-114.01","51.12","CALGARY INTL A","3031092","2026-04-01 18:00","2026","04","01","18:00","","4.2","","-2.9","","60","","","","13","","9","","24.1","","87.80","","","","","","NA"
"-114.01","51.12","CALGARY INTL A","3031092","2026-04-01 19:00","2026","04","01","19:00","","3.5","","-2.3","","66","","","","8","","9","","24.1","","87.75","","","","","","NA"
"-114.01","51.12","CALGARY INTL A","3031092","2026-04-01 20:00","2026","04","01","20:00","","2.7","","-2.6","","68","","","","9","","17","","24.1","","87.76","","","","","","Mostly Cloudy"
"-114.01","51.12","CALGARY INTL A","3031092","2026-04-01 21:00","2026","04","01","21:00","","2.2","","-2.7","","70","","","","12","","16","","24.1","","87.82","","","","","","NA"
"-114.01","51.12","CALGARY INTL A","3031092","2026-04-01 22:00","2026","04","01","22:00","","1.8","","-3.5","","68","","","","11","","14","","24.1","","87.84","","","","","","NA"
"-114.01","51.12","CALGARY INTL A","3031092","2026-04-01 23:00","2026","04","01","23:00","","0.6","","-2.3","","80","","","","5","","13","","8.1","","87.81","","","","","","Snow"
"-114.01","51.12","CALGARY INTL A","3031092","2026-04-02 00:00","2026","04","02","00:00","","-0.2","","-1.9","","88","","","","6","","10","","6.4","","87.84","","","","-4","","Snow"
"-114.01","51.12","CALGARY INTL A","3031092","2026-04-02 01:00","2026","04","02","01:00","","-0.7","","-2.0","","91","","","","5","","15","","11.3","","87.79","","","","-5","","NA"
"-114.01","51.12","CALGARY INTL A","3031092","2026-04-02 02:00","2026","04","02","02:00","","-1.0","","-2.4","","90","","","","6","","17","","11.3","","87.77","","","","-6","","Cloudy"
"-114.01","51.12","CALGARY INTL A","3031092","2026-04-02 03:00","2026","04","02","03:00","","-1.2","","-2.5","","91","","","","5","","18","","11.3","","87.74","","","","-6","","NA"
"-114.01","51.12","CALGARY INTL A","3031092","2026-04-02 04:00","2026","04","02","04:00","","-1.3","","-2.5","","92","","","","5","","18","","6.4","","87.72","","","","-7","","Fog"
"-114.01","51.12","CALGARY INTL A","3031092","2026-04-02 05:00","2026","04","02","05:00","","-1.6","","-2.7","","92","","","","3","","18","","2.0","","87.74","","","","-7","","Snow,Fog"
"-114.01","51.12","CALGARY INTL A","3031092","2026-04-02 06:00","2026","04","02","06:00","","-1.7","","-2.6","","93","","","","4","","15","","1.6","","87.79","","","","-7","","Snow"
"-114.01","51.12","CALGARY INTL A","3031092","2026-04-02 07:00","2026","04","02","07:00","","-1.8","","-2.5","","95","","","","3","","13","","0.4","","87.83","","","","-6","","Heavy Snow"
"-114.01","51.12","CALGARY INTL A","3031092","2026-04-02 08:00","2026","04","02","08:00","","-1.9","","-2.7","","94","","","","2","","16","","0.8","","87.90","","","","-7","","Moderate Snow"
"-114.01","51.12","CALGARY INTL A","3031092","2026-04-02 09:00","2026","04","02","09:00","","-2.0","","-2.9","","93","","","","1","","19","","0.4","","87.95","","","","-8","","Heavy Snow"
"-114.01","51.12","CALGARY INTL A","3031092","2026-04-02 10:00","2026","04","02","10:00","","-1.9","","-3.1","","91","","","","3","","24","","0.4","","88.04","","","","-8","","Heavy Snow"
"-114.01","51.12","CALGARY INTL A","3031092","2026-04-02 11:00","2026","04","02","11:00","","-1.6","","-3.4","","88","","","","2","","24","","0.4","","88.10","","","","-8","","Heavy Snow"
"-114.01","51.12","CALGARY INTL A","3031092","2026-04-02 12:00","2026","04","02","12:00","","-1.8","","-3.4","","88","","","","3","","23","","0.8","","88.16","","","","-8","","Moderate Snow"
"-114.01","51.12","CALGARY INTL A","3031092","2026-04-02 13:00","2026","04","02","13:00","","-1.2","","-2.8","","89","","","","36","","22","","1.2","","88.24","","","","-7","","Snow"
"-114.01","51.12","CALGARY INTL A","3031092","2026-04-02 14:00","2026","04","02","14:00","","-0.9","","-2.9","","87","","","","2","","19","","3.6","","88.31","","","","-6","","Snow"
"-114.01","51.12","CALGARY INTL A","3031092","2026-04-02 15:00","2026","04","02","15:00","","-1.2","","-3.2","","86","","","","5","","20","","8.1","","88.41","","","","-7","","Snow"
"-114.01","51.12","CALGARY INTL A","3031092","2026-04-02 16:00","2026","04","02","16:00","","-1.8","","-3.5","","88","","","","5","","17","","2.0","","88.50","","","","-7","","Snow"
"-114.01","51.12","CALGARY INTL A","3031092","2026-04-02 17:00","2026","04","02","17:00","","-1.9","","-3.5","","89","","","","5","","16","","2.8","","88.61","","","","-7","","Snow"
"-114.01","51.12","CALGARY INTL A","3031092","2026-04-02 18:00","2026","04","02","18:00","","-1.7","","-3.4","","88","","","","5","","11","","14.5","","88.69","","","","-6","","NA"
"-114.01","51.12","CALGARY INTL A","3031092","2026-04-02 19:00","2026","04","02","19:00","","-2.1","","-3.6","","90","","","","6","","9","","9.7","","88.79","","","","-6","","Fog"
"-114.01","51.12","CALGARY INTL A","3031092","2026-04-02 20:00","2026","04","02","20:00","","-2.2","","-3.4","","91","","","","3","","7","","8.1","","88.87","","","","-5","","Fog"
"-114.01","51.12","CALGARY INTL A","3031092","2026-04-02 21:00","2026","04","02","21:00","","-2.4","","-3.8","","90","","","","7","","6","","9.7","","88.96","","","","-5","","Snow,Fog"
"-114.01","51.12","CALGARY INTL A","3031092","2026-04-02 22:00","2026","04","02","22:00","","-2.4","","-3.7","","90","","","","8","","5","","9.7","","89.01","","","","-4","","Snow,Fog"
"-114.01","51.12","CALGARY INTL A","3031092","2026-04-02 23:00","2026","04","02","23:00","","-2.5","","-3.7","","91","","","","3","","5","","4.8","","89.05","","","","-4","","Snow,Fog"
"-114.01","51.12","CALGARY INTL A","3031092","2026-04-03 00:00","2026","04","03","00:00","","-2.6","","-3.8","","91","","","","","","0","","4.8","","89.07","","","","","","Snow,Fog"
"-114.01","51.12","CALGARY INTL A","3031092","2026-04-03 01:00","2026","04","03","01:00","","-2.4","","-3.6","","91","","","","15","","5","","6.4","","89.08","","","","-4","","Fog"
"-114.01","51.12","CALGARY INTL A","3031092","2026-04-03 02:00","2026","04","03","02:00"
"-114.01","51.12","CALGARY INTL A","3031092","2026-04-03 03:00","2026","04","03","03:00","","-2.5","","-3.4","","93","","","","19","","10","","6.4","","89.14","","","","-6","","Fog"
"-114.01","51.12","CALGARY INTL A","3031092","2026-04-03 04:00","2026","04","03","04:00","","-2.6","","-3.5","","93","","","","18","","9","","6.4","","89.17","","","","-6","","Fog"
"-114.01","51.12","CALGARY INTL A","3031092","2026-04-03 05:00","2026","04","03","05:00","","-2.5","","-3.4","","94","","","","19","","7","","6.4","","89.21","","","","-5","","Fog"
"-114.01","51.12","CALGARY INTL A","3031092","2026-04-03 06:00","2026","04","03","06:00","","-1.8","","-2.8","","93","","","","21","","12","","9.7","","89.24","","","","-6","","Fog"
"-114.01","51.12","CALGARY INTL A","3031092","2026-04-03 07:00","2026","04","03","07:00","","-1.0","","-3.0","","86","","","","22","","12","","64.4","","89.29","","","","-5","","NA"
"-114.01","51.12","CALGARY INTL A","3031092","2026-04-03 08:00","2026","04","03","08:00","","-0.3","","-2.7","","84","","","","22","","7","","64.4","","89.35","","","","-3","","Mostly Cloudy"
"-114.01","51.12","CALGARY INTL A","3031092","2026-04-03 09:00","2026","04","03","09:00","","1.0","","-2.6","","77","","","","15","","3","","48.3","","89.39","","","","","","NA"
"-114.01","51.12","CALGARY INTL A","3031092","2026-04-03 10:00","2026","04","03","10:00","","2.7","","-2.2","","70","","","","16","","4","","48.3","","89.40","","","","","","NA"
"-114.01","51.12","CALGARY INTL A","3031092","2026-04-03 11:00","2026","04","03","11:00","","3.9","","-2.0","","65","","","","19","","7","","64.4","","89.43","","","","","","Mostly Cloudy"
"-114.01","51.12","CALGARY INTL A","3031092","2026-04-03 12:00","2026","04","03","12:00","","4.7","","-1.5","","64","","","","17","","9","","64.4","","89.43","","","","","","NA"
"-114.01","51.12","CALGARY INTL A","3031092","2026-04-03 13:00","2026","04","03","13:00","","5.4","","-2.0","","59","","","","17","","11","","48.3","","89.43","","","","","","NA"
"-114.01","51.12","CALGARY INTL A","3031092","2026-04-03 14:00","2026","04","03","14:00","","5.6","","-2.5","","56","","","","16","","12","","32.2","","89.44","","","","","","Cloudy"
"-114.01","51.12","CALGARY INTL A","3031092","2026-04-03 15:00","2026","04","03","15:00","","5.5","","-2.3","","57","","","","16","","17","","48.3","","89.43","","","","","","NA"
"-114.01","51.12","CALGARY INTL A","3031092","2026-04-03 16:00","2026","04","03","16:00","","4.6","","-1.4","","65","","","","17","","16","","32.2","","89.41","","","","","","NA"
"-114.01","51.12","CALGARY INTL A","3031092","2026-04-03 17:00","2026","04","03","17:00","","5.8","","-1.0","","61","","","","16","","12","","24.1","","89.40","","","","","","Cloudy"
"-114.01","51.12","CALGARY INTL A","3031092","2026-04-03 18:00","2026","04","03","18:00","","4.8","","-0.8","","67","","","","17","","15","","24.1","","89.40","","","","","","NA"
"-114.01","51.12","CALGARY INTL A","3031092","2026-04-03 19:00","2026","04","03","19:00","","3.5","","-0.9","","73","","","","18","","10","","32.2","","89.41","","","","","","NA"
"-114.01","51.12","CALGARY INTL A","3031092","2026-04-03 20:00","2026","04","03","20:00","","3.3","","-0.7","","75","","","","16","","8","","24.1","","89.44","","","","","","Mostly Cloudy"
"-114.01","51.12","CALGARY INTL A","3031092","2026-04-03 21:00","2026","04","03","21:00","","2.7","","-0.6","","79","","","","19","","7","","24.1","","89.46","","","","","","NA"
"-114.01","51.12","CALGARY INTL A","3031092","2026-04-03 22:00","2026","04","03","22:00","","2.1","","-0.7","","82","","","","18","","4","","24.1","","89.47","","","","","","NA"
"-114.01","51.12","CALGARY INTL A","3031092","2026-04-03 23:00","2026","04","03","23:00","","3.1","","-3.5","","62","","","","13","","5","","24.1","","89.47","","","","","","Mostly Cloudy"
"-114.01","51.12","CALGARY INTL A","3031092","2026-04-04 00:00","2026","04","04","00:00","","3.9","","-6.0","","48","","","","25","","4","","24.1","","89.47","","","","","","NA"
"-114.01","51.12","CALGARY INTL A","3031092","2026-04-04 01:00","2026","04","04","01:00","","5.6","","-7.0","","40","","","","28","","26","","24.1","","89.48","","","","","","NA"
"-114.01","51.12","CALGARY INTL A","3031092","2026-04-04 02:00","2026","04","04","02:00","","4.5","","-6.6","","44","","","","29","","11","","24.1","","89.50","","","","","","Mostly Cloudy"
"-114.01","51.12","CALGARY INTL A","3031092","2026-04-04 03:00","2026","04","04","03:00","","5.6","","-6.9","","40","","","","28","","20","","24.1","","89.51","","","","","","NA"
"-114.01","51.12","CALGARY INTL A","3031092","2026-04-04 04:00","2026","04","04","04:00","","5.7","","-6.7","","41","","","","28","","18","","24.1","","89.51","","","","","","NA"
"-114.01","51.12","CALGARY INTL A","3031092","2026-04-04 05:00","2026","04","04","05:00","","5.7","","-6.5","","41","","","","28","","19","","24.1","","89.52","","","","","","Mostly Cloudy"
"-114.01","51.12","CALGARY INTL A","3031092","2026-04-04 06:00","2026","04","04","06:00","","5.1","","-5.9","","45","","","","29","","14","","64.4","","89.56","","","","","","NA"
"-114.01","51.12","CALGARY INTL A","3031092","2026-04-04 07:00","2026","04","04","07:00","","4.1","","-5.3","","50","","","","33","","19","","64.4","","89.64","","","","","","NA"
"-114.01","51.12","CALGARY INTL A","3031092","2026-04-04 08:00","2026","04","04","08:00","","3.1","","-4.2","","59","","","","34","","15","","64.4","","89.73","","","","","","Mainly Clear"
"-114.01","51.12","CALGARY INTL A","3031092","2026-04-04 09:00","2026","04","04","09:00","","4.4","","-3.3","","58","","","","35","","16","","64.4","","89.74","","","","","","NA"
"-114.01","51.12","CALGARY INTL A","3031092","2026-04-04 10:00","2026","04","04","10:00","","5.0","","-3.5","","54","","","","1","","13","","64.4","","89.77","","","","","","NA"
"-114.01","51.12","CALGARY INTL A","3031092","2026-04-04 11:00","2026","04","04","11:00","","5.5","","-4.0","","51","","","","3","","12","","64.4","","89.76","","","","","","Mainly Clear"
"-114.01","51.12","CALGARY INTL A","3031092","2026-04-04 12:00","2026","04","04","12:00","","5.8","","-3.0","","53","","","","7","","13","","64.4","","89.77","","","","","","NA"
"-114.01","51.12","CALGARY INTL A","3031092","2026-04-04 13:00","2026","04","04","13:00","","6.6","","-4.2","","46","","","","7","","7","","64.4","","89.76","","","","","","NA"
"-114.01","51.12","CALGARY INTL A","3031092","2026-04-04 14:00","2026","04","04","14:00","","7.1","","-3.6","","47","","","","8","","8","","64.4","","89.75","","","","","","Mainly Clear"
"-114.01","51.12","CALGARY INTL A","3031092","2026-04-04 15:00","2026","04","04","15:00","","7.3","","-3.9","","45","","","","5","","12","","64.4","","89.75","","","","","","NA"
"-114.01","51.12","CALGARY INTL A","3031092","2026-04-04 16:00","2026","04","04","16:00","","7.7","","-2.8","","47","","","","4","","9","","64.4","","89.76","","","","","","NA"
"-114.01","51.12","CALGARY INTL A","3031092","2026-04-04 17:00","2026","04","04","17:00","","6.6","","-1.0","","58","","","","3","","25","","64.4","","89.81","","","","","","Mainly Clear"
"-114.01","51.12","CALGARY INTL A","3031092","2026-04-04 18:00","2026","04","04","18:00","","5.4","","-2.0","","59","","","","3","","26","","64.4","","89.87","","","","","","NA"
"-114.01","51.12","CALGARY INTL A","3031092","2026-04-04 19:00","2026","04","04","19:00","","4.0","","-2.5","","63","","","","2","","25","","48.3","","89.92","","","","","","NA"
"-114.01","51.12","CALGARY INTL A","3031092","2026-04-04 20:00","2026","04","04","20:00","","2.8","","-2.7","","67","","","","1","","15","","24.1","","90.00","","","","","","Mostly Cloudy"
"-114.01","51.12","CALGARY INTL A","3031092","2026-04-04 21:00","2026","04","04","21:00","","2.9","","-2.3","","69","","","","3","","18","","24.1","","90.07","","","","","","NA"
"-114.01","51.12","CALGARY INTL A","3031092","2026-04-04 22:00","2026","04","04","22:00","","2.4","","-1.9","","73","","","","1","","12","","24.1","","90.11","","","","","","NA"
"-114.01","51.12","CALGARY INTL A","3031092","2026-04-04 23:00","2026","04","04","23:00","","2.1","","-1.9","","75","","","","1","","9","","24.1","","90.14","","","","","","Mostly Cloudy"
"-114.01","51.12","CALGARY INTL A","3031092","2026-04-05 00:00","2026","04","05","00:00","","2.0","","-1.9","","75","","","","35","","5","","24.1","","90.18","","","","","","NA"
"-114.01","51.12","CALGARY INTL A","3031092","2026-04-05 01:00","2026","04","05","01:00","","1.7","","-1.8","","77","","","","4","","4","","24.1","","90.18","","","","","","NA"
"-114.01","51.12","CALGARY INTL A","3031092","2026-04-05 02:00","2026","04","05","02:00","","1.3","","-1.7","","80","","","","4","","10","","24.1","","90.21","","","","","","Mostly Cloudy"
"-114.01","51.12","CALGARY INTL A","3031092","2026-04-05 03:00","2026","04","05","03:00","","0.8","","-1.8","","83","","","","5","","9","","24.1","","90.21","","","","","","NA"
"-114.01","51.12","CALGARY INTL A","3031092","2026-04-05 04:00","2026","04","05","04:00","","0.0","","-1.8","","87","","","","7","","10","","24.1","","90.21","","","","-3","","NA"
"-114.01","51.12","CALGARY INTL A","3031092","2026-04-05 05:00","2026","04","05","05:00","","-0.8","","-2.4","","89","","","","9","","9","","16.1","","90.20","","","","-4","","Cloudy"
"-114.01","51.12","CALGARY INTL A","3031092","2026-04-05 06:00","2026","04","05","06:00","","-1.4","","-3.4","","87","","","","10","","14","","11.3","","90.22","","","","-6","","Snow"
"-114.01","51.12","CALGARY INTL A","3031092","2026-04-05 07:00","2026","04","05","07:00","","-1.8","","-3.4","","89","","","","9","","14","","14.5","","90.22","","","","-6","","Snow"
"-114.01","51.12","CALGARY INTL A","3031092","2026-04-05 08:00","2026","04","05","08:00","","-1.9","","-3.2","","91","","","","9","","13","","2.0","","90.23","","","","-6","","Snow"
"-114.01","51.12","CALGARY INTL A","3031092","2026-04-05 09:00","2026","04","05","09:00","","-1.7","","-2.8","","92","","","","10","","11","","2.0","","90.24","","","","-6","","Snow"
"-114.01","51.12","CALGARY INTL A","3031092","2026-04-05 10:00","2026","04","05","10:00","","-1.5","","-2.8","","91","","","","11","","18","","2.0","","90.25","","","","-7","","Snow"
"-114.01","51.12","CALGARY INTL A","3031092","2026-04-05 11:00","2026","04","05","11:00","","-1.3","","-2.8","","90","","","","11","","21","","2.0","","90.24","","","","-7","","Snow"
"-114.01","51.12","CALGARY INTL A","3031092","2026-04-05 12:00","2026","04","05","12:00","","-1.1","","-2.6","","90","","","","11","","18","","1.6","","90.23","","","","-6","","Snow"
"-114.01","51.12","CALGARY INTL A","3031092","2026-04-05 13:00","2026","04","05","13:00","","-1.1","","-2.5","","90","","","","11","","18","","2.0","","90.21","","","","-6","","Snow"
"-114.01","51.12","CALGARY INTL A","3031092","2026-04-05 14:00","2026","04","05","14:00","","-1.0","","-2.4","","91","","","","11","","19","","2.4","","90.21","","","","-6","","Snow,Fog"
"-114.01","51.12","CALGARY INTL A","3031092","2026-04-05 15:00","2026","04","05","15:00","","-0.9","","-2.2","","91","","","","11","","17","","4.8","","90.20","","","","-6","","Snow,Fog"
"-114.01","51.12","CALGARY INTL A","3031092","2026-04-05 16:00","2026","04","05","16:00","","-0.8","","-2.0","","92","","","","11","","19","","6.4","","90.19","","","","-6","","Snow,Fog"
"-114.01","51.12","CALGARY INTL A","3031092","2026-04-05 17:00","2026","04","05","17:00","","-0.8","","-1.9","","92","","","","11","","14","","6.4","","90.19","","","","-5","","Snow,Fog"
"-114.01","51.12","CALGARY INTL A","3031092","2026-04-05 18:00","2026","04","05","18:00","","-1.0","","-2.1","","92","","","","11","","17","","4.8","","90.17","","","","-6","","Snow,Fog"
"-114.01","51.12","CALGARY INTL A","3031092","2026-04-05 19:00","2026","04","05","19:00","","-1.1","","-2.1","","93","","","","11","","20","","1.6","","90.17","","","","-7","","Snow,Fog"
"-114.01","51.12","CALGARY INTL A","3031092","2026-04-05 20:00","2026","04","05","20:00","","-1.3","","-2.2","","93","","","","12","","20","","2.0","","90.20","","","","-7","","Snow,Fog"
"-114.01","51.12","CALGARY INTL A","3031092","2026-04-05 21:00","2026","04","05","21:00","","-1.3","","-2.2","","93","","","","12","","14","","2.0","","90.21","","","","-6","","Snow,Fog"
"-114.01","51.12","CALGARY INTL A","3031092","2026-04-05 22:00","2026","04","05","22:00","","-1.3","","-2.2","","94","","","","12","","13","","3.2","","90.20","","","","-6","","Snow,Fog"
"-114.01","51.12","CALGARY INTL A","3031092","2026-04-05 23:00","2026","04","05","23:00","","-1.3","","-2.4","","92","","","","14","","18","","3.2","","90.17","","","","-7","","Snow,Fog"
"-114.01","51.12","CALGARY INTL A","3031092","2026-04-06 00:00","2026","04","06","00:00","","-1.9","","-2.9","","93","","","","14","","25","","2.0","","90.15","","","","-8","","Snow,Fog"
"-114.01","51.12","CALGARY INTL A","3031092","2026-04-06 01:00","2026","04","06","01:00","","-2.0","","-2.8","","94","","","","14","","23","","2.0","","90.11","","","","-8","","Snow,Fog"
"-114.01","51.12","CALGARY INTL A","3031092","2026-04-06 02:00","2026","04","06","02:00","","-2.0","","-2.8","","95","","","","15","","21","","2.0","","90.06","","","","-8","","Snow,Fog"
"-114.01","51.12","CALGARY INTL A","3031092","2026-04-06 03:00","2026","04","06","03:00","","-2.1","","-2.8","","95","","","","15","","21","","2.0","","90.00","","","","-8","","Snow,Fog"
"-114.01","51.12","CALGARY INTL A","3031092","2026-04-06 04:00","2026","04","06","04:00","","-2.4","","-3.0","","96","","","","14","","23","","1.2","","89.95","","","","-9","","Snow,Fog"
"-114.01","51.12","CALGARY INTL A","3031092","2026-04-06 05:00","2026","04","06","05:00","","-2.8","","-3.3","","96","","","","13","","22","","0.4","","89.90","","","","-9","","Snow Grains,Freezing Fog"
"-114.01","51.12","CALGARY INTL A","3031092","2026-04-06 06:00","2026","04","06","06:00","","-3.1","","-3.6","","96","","","","14","","21","","0.4","","89.86","","","","-9","","Snow Grains,Freezing Fog"
"-114.01","51.12","CALGARY INTL A","3031092","2026-04-06 07:00","2026","04","06","07:00","","-3.2","","-3.8","","96","","","","15","","21","","1.2","","89.80","","","","-9","","Freezing Drizzle,Fog"
"-114.01","51.12","CALGARY INTL A","3031092","2026-04-06 08:00","2026","04","06","08:00","","-3.1","","-3.6","","96","","","","15","","22","","1.0","","89.72","","","","-9","","Fog"
"-114.01","51.12","CALGARY INTL A","3031092","2026-04-06 09:00","2026","04","06","09:00","","-2.8","","-3.3","","96","","","","15","","21","","1.0","","89.64","","","","-9","","Fog"
"-114.01","51.12","CALGARY INTL A","3031092","2026-04-06 10:00","2026","04","06","10:00","","-2.0","","-2.5","","97","","","","16","","27","","4.8","","89.55","","","","-9","","Fog"
"-114.01","51.12","CALGARY INTL A","3031092","2026-04-06 11:00","2026","04","06","11:00","","-1.8","","-2.2","","97","","","","16","","32","","4.8","","89.44","","","","-9","","Fog"
"-114.01","51.12","CALGARY INTL A","3031092","2026-04-06 12:00","2026","04","06","12:00","","-0.9","","-1.4","","96","","","","16","","24","","9.7","","89.35","","","","-7","","Fog"
"-114.01","51.12","CALGARY INTL A","3031092","2026-04-06 13:00","2026","04","06","13:00","","0.3","","-1.2","","90","","","","14","","20","","19.3","","89.20","","","","","","NA"
"-114.01","51.12","CALGARY INTL A","3031092","2026-04-06 14:00","2026","04","06","14:00","","2.4","","-0.6","","81","","","","16","","26","","24.1","","89.06","","","","","","Cloudy"
"-114.01","51.12","CALGARY INTL A","3031092","2026-04-06 15:00","2026","04","06","15:00","","4.5","","-0.1","","72","","","","17","","24","","24.1","","88.90","","","","","","NA"
"-114.01","51.12","CALGARY INTL A","3031092","2026-04-06 16:00","2026","04","06","16:00","","4.6","","-0.8","","68","","","","17","","19","","32.2","","88.76","","","","","","NA"
"-114.01","51.12","CALGARY INTL A","3031092","2026-04-06 17:00","2026","04","06","17:00","","5.2","","-0.3","","68","","","","16","","21","","48.3","","88.62","","","","","","Mostly Cloudy"
"-114.01","51.12","CALGARY INTL A","3031092","2026-04-06 18:00","2026","04","06","18:00","","6.2","","0.0","","64","","","","15","","20","","32.2","","88.48","","","","","","NA"
"-114.01","51.12","CALGARY INTL A","3031092","2026-04-06 19:00","2026","04","06","19:00","","5.7","","0.2","","68","","","","15","","21","","32.2","","88.34","","","","","","NA"
"-114.01","51.12","CALGARY INTL A","3031092","2026-04-06 20:00","2026","04","06","20:00","","4.1","","-0.7","","71","","","","13","","11","","24.1","","88.25","","","","","","Mostly Cloudy"
"-114.01","51.12","CALGARY INTL A","3031092","2026-04-06 21:00","2026","04","06","21:00","","2.7","","-1.1","","76","","","","6","","5","","24.1","","88.12","","","","","","NA"
"-114.01","51.12","CALGARY INTL A","3031092","2026-04-06 22:00","2026","04","06","22:00","","2.6","","-0.7","","79","","","","","","0","","24.1","","88.00","","","","","","NA"
"-114.01","51.12","CALGARY INTL A","3031092","2026-04-06 23:00","2026","04","06","23:00","","2.2","","-0.2","","84","","","","22","","10","","24.1","","87.85","","","","","","Clear"
"-114.01","51.12","CALGARY INTL A","3031092","2026-04-07 00:00","2026","04","07","00:00","","1.8","","-0.9","","82","","","","21","","6","","24.1","","87.74","","","","","","NA"
"-114.01","51.12","CALGARY INTL A","3031092","2026-04-07 01:00","2026","04","07","01:00","","0.6","","-1.7","","85","","","","34","","9","","24.1","","87.65","","","","","","NA"
"-114.01","51.12","CALGARY INTL A","3031092","2026-04-07 02:00","2026","04","07","02:00","","0.1","","-1.8","","87","","","","36","","9","","24.1","","87.63","","","","","","Mainly Clear"
"-114.01","51.12","CALGARY INTL A","3031092","2026-04-07 03:00","2026","04","07","03:00","","-0.1","","-2.4","","84","","","","2","","12","","24.1","","87.58","","","","-4","","NA"
"-114.01","51.12","CALGARY INTL A","3031092","2026-04-07 04:00","2026","04","07","04:00","","-0.1","","-2.2","","86","","","","35","","7","","24.1","","87.58","","","","-3","","NA"
"-114.01","51.12","CALGARY INTL A","3031092","2026-04-07 05:00","2026","04","07","05:00","","0.4","","-2.1","","84","","","","35","","37","","19.3","","87.77","","","","","","Mostly Cloudy"
"-114.01","51.12","CALGARY INTL A","3031092","2026-04-07 06:00","2026","04","07","06:00","","-0.2","","-4.0","","75","","","","35","","49","","4.8","","87.84","","","","-8","","Snow"
"-114.01","51.12","CALGARY INTL A","3031092","2026-04-07 07:00","2026","04","07","07:00","","-0.8","","-3.6","","82","","","","35","","39","","6.4","","87.85","","","","-8","","Snow Showers"
"-114.01","51.12","CALGARY INTL A","3031092","2026-04-07 08:00","2026","04","07","08:00","","-1.4","","-4.4","","80","","","","35","","44","","11.3","","87.96","","","","-10","","Snow Showers"
"-114.01","51.12","CALGARY INTL A","3031092","2026-04-07 09:00","2026","04","07","09:00","","-1.3","","-4.3","","80","","","","35","","49","","4.8","","87.99","","","","-10","","Snow Showers"
"-114.01","51.12","CALGARY INTL A","3031092","2026-04-07 10:00","2026","04","07","10:00","","-0.4","","-4.9","","71","","","","34","","33","","24.1","","88.08","","","","-7","","NA"
"-114.01","51.12","CALGARY INTL A","3031092","2026-04-07 11:00","2026","04","07","11:00","","0.6","","-7.5","","55","","","","34","","32","","24.1","","88.10","","","","","","Mostly Cloudy"
"-114.01","51.12","CALGARY INTL A","3031092","2026-04-07 12:00","2026","04","07","12:00","","2.1","","-7.0","","51","","","","33","","36","","24.1","","88.13","","","","","","NA"
"-114.01","51.12","CALGARY INTL A","3031092","2026-04-07 13:00","2026","04","07","13:00","","3.2","","-6.8","","48","","","","33","","23","","24.1","","88.20","","","","","","NA"
"-114.01","51.12","CALGARY INTL A","3031092","2026-04-07 14:00","2026","04","07","14:00","","1.0","","-2.7","","76","","","","1","","32","","48.3","","88.28","","","","","","Mostly Cloudy"
"-114.01","51.12","CALGARY INTL A","3031092","2026-04-07 15:00","2026","04","07","15:00","","3.1","","-6.8","","48","","","","32","","25","","48.3","","88.31","","","","","","NA"
"-114.01","51.12","CALGARY INTL A","3031092","2026-04-07 16:00","2026","04","07","16:00","","2.5","","-7.5","","47","","","","25","","10","","48.3","","88.36","","","","","","NA"
"-114.01","51.12","CALGARY INTL A","3031092","2026-04-07 17:00","2026","04","07","17:00","","2.4","","-5.0","","58","","","","35","","16","","48.3","","88.44","","","","","","Mostly Cloudy"
"-114.01","51.12","CALGARY INTL A","3031092","2026-04-07 18:00","2026","04","07","18:00","","2.4","","-7.1","","50","","","","34","","32","","32.2","","88.50","","","","","","NA"
"-114.01","51.12","CALGARY INTL A","3031092","2026-04-07 19:00","2026","04","07","19:00","","1.0","","-6.1","","59","","","","33","","25","","32.2","","88.60","","","","","","NA"
"-114.01","51.12","CALGARY INTL A","3031092","2026-04-07 20:00","2026","04","07","20:00","","0.2","","-6.3","","61","","","","33","","21","","24.1","","88.69","","","","","","Mainly Clear"
"-114.01","51.12","CALGARY INTL A","3031092","2026-04-07 21:00","2026","04","07","21:00","","0.3","","-6.1","","62","","","","32","","26","","24.1","","88.75","","","","","","NA"
"-114.01","51.12","CALGARY INTL A","3031092","2026-04-07 22:00","2026","04","07","22:00","","0.3","","-6.7","","60","","","","33","","34","","24.1","","88.82","","","","","","NA"
"-114.01","51.12","CALGARY INTL A","3031092","2026-04-07 23:00","2026","04","07","23:00","","-0.7","","-6.8","","64","","","","33","","35","","24.1","","88.87","","","","-8","","Mostly Cloudy"
"-114.01","51.12","CALGARY INTL A","3031092","2026-04-08 00:00","2026","04","08","00:00","","-1.1","","-6.7","","66","","","","34","","32","","24.1","","88.94","","","","-8","","NA"
"-114.01","51.12","CALGARY INTL A","3031092","2026-04-08 01:00","2026","04","08","01:00","","-1.4","","-7.9","","61","","","","35","","34","","24.1","","89.01","","","","-9","","NA"
"-114.01","51.12","CALGARY INTL A","3031092","2026-04-08 02:00","2026","04","08","02:00","","-1.4","","-7.8","","62","","","","34","","27","","24.1","","89.05","","","","-8","","Mostly Cloudy"
"-114.01","51.12","CALGARY INTL A","3031092","2026-04-08 03:00","2026","04","08","03:00","","-1.9","","-7.8","","64","","","","34","","21","","24.1","","89.09","","","","-8","","NA"
"-114.01","51.12","CALGARY INTL A","3031092","2026-04-08 04:00","2026","04","08","04:00","","-2.2","","-7.7","","66","","","","35","","23","","24.1","","89.17","","","","-8","","NA"
"-114.01","51.12","CALGARY INTL A","3031092","2026-04-08 05:00","2026","04","08","05:00","","-2.7","","-7.6","","69","","","","36","","16","","24.1","","89.18","","","","-8","","Mostly Cloudy"
"-114.01","51.12","CALGARY INTL A","3031092","2026-04-08 06:00","2026","04","08","06:00","","-3.2","","-7.6","","72","","","","36","","7","","32.2","","89.20","","","","-6","","NA"
"-114.01","51.12","CALGARY INTL A","3031092","2026-04-08 07:00","2026","04","08","07:00","","-2.8","","-7.7","","69","","","","","","0","","64.4","","89.20","","","","","","NA"
"-114.01","51.12","CALGARY INTL A","3031092","2026-04-08 08:00","2026","04","08","08:00","","-2.0","","-7.8","","65","","","","12","","3","","64.4","","89.18","","","","-3","","Mostly Cloudy"
"-114.01","51.12","CALGARY INTL A","3031092","2026-04-08 09:00","2026","04","08","09:00","","-0.7","","-7.9","","58","","","","23","","3","","64.4","","89.14","","","","-2","","NA"
"-114.01","51.12","CALGARY INTL A","3031092","2026-04-08 10:00","2026","04","08","10:00","","0.9","","-7.8","","53","","","","3","","3","","64.4","","89.12","","","","","","NA"
"-114.01","51.12","CALGARY INTL A","3031092","2026-04-08 11:00","2026","04","08","11:00","","1.5","","-7.8","","50","","","","8","","5","","64.4","","89.08","","","","","","Mostly Cloudy"
"-114.01","51.12","CALGARY INTL A","3031092","2026-04-08 12:00","2026","04","08","12:00","","2.2","","-7.6","","48","","","","8","","7","","64.4","","89.03","","","","","","NA"
"-114.01","51.12","CALGARY INTL A","3031092","2026-04-08 13:00","2026","04","08","13:00","","3.2","","-7.5","","45","","","","6","","11","","64.4","","88.97","","","","","","NA"
"-114.01","51.12","CALGARY INTL A","3031092","2026-04-08 14:00","2026","04","08","14:00","","4.1","","-8.2","","40","","","","12","","5","","64.4","","88.91","","","","","","Mostly Cloudy"
"-114.01","51.12","CALGARY INTL A","3031092","2026-04-08 15:00","2026","04","08","15:00","","4.1","","-7.2","","44","","","","11","","12","","48.3","","88.89","","","","","","NA"
"-114.01","51.12","CALGARY INTL A","3031092","2026-04-08 16:00","2026","04","08","16:00","","3.8","","-7.0","","45","","","","8","","10","","48.3","","88.89","","","","","","NA"
"-114.01","51.12","CALGARY INTL A","3031092","2026-04-08 17:00","2026","04","08","17:00","","4.0","","-6.8","","46","","","","9","","13","","32.2","","88.91","","","","","","Mostly Cloudy"
"-114.01","51.12","CALGARY INTL A","3031092","2026-04-08 18:00","2026","04","08","18:00","","3.7","","-6.7","","47","","","","7","","11","","24.1","","88.93","","","","","","NA"
"-114.01","51.12","CALGARY INTL A","3031092","2026-04-08 19:00","2026","04","08","19:00","","2.9","","-5.8","","53","","","","6","","12","","24.1","","88.96","","","","","","NA"
"-114.01","51.12","CALGARY INTL A","3031092","2026-04-08 20:00","2026","04","08","20:00","","2.7","","-5.5","","55","","","","4","","15","","24.1","","89.04","","","","","","Cloudy"
"-114.01","51.12","CALGARY INTL A","3031092","2026-04-08 21:00","2026","04","08","21:00","","0.7","","-2.7","","78","","","","33","","17","","8.1","","89.14","","","","","","Snow"
"-114.01","51.12","CALGARY INTL A","3031092","2026-04-08 22:00","2026","04","08","22:00","","-0.2","","-1.6","","91","","","","30","","5","","8.1","","89.15","","","","-2","","Fog"
"-114.01","51.12","CALGARY INTL A","3031092","2026-04-08 23:00","2026","04","08","23:00","","0.4","","-1.9","","85","","","","25","","10","","24.1","","89.15","","","","","","Mostly Cloudy"
"-114.01","51.12","CALGARY INTL A","3031092","2026-04-09 00:00","2026","04","09","00:00","","0.0","","-2.4","","84","","","","23","","11","","24.1","","89.18","","","","-4","","NA"
"-114.01","51.12","CALGARY INTL A","3031092","2026-04-09 01:00","2026","04","09","01:00","","-0.4","","-2.8","","84","","","","28","","10","","24.1","","89.23","","","","-4","","NA"
"-114.01","51.12","CALGARY INTL A","3031092","2026-04-09 02:00","2026","04","09","02:00","","-2.0","","-4.0","","87","","","","2","","8","","24.1","","89.27","","","","-5","","Mainly Clear"
"-114.01","51.12","CALGARY INTL A","3031092","2026-04-09 03:00","2026","04","09","03:00","","-2.3","","-4.3","","86","","","","34","","6","","24.1","","89.30","","","","-5","","NA"
"-114.01","51.12","CALGARY INTL A","3031092","2026-04-09 04:00","2026","04","09","04:00","","-2.4","","-4.5","","86","","","","35","","4","","24.1","","89.30","","","","-4","","NA"
"-114.01","51.12","CALGARY INTL A","3031092","2026-04-09 05:00","2026","04","09","05:00","","-2.6","","-4.6","","86","","","","23","","7","","24.1","","89.33","","","","-5","","Clear"
"-114.01","51.12","CALGARY INTL A","3031092","2026-04-09 06:00","2026","04","09","06:00","","-3.4","","-5.6","","85","","","","32","","4","","32.2","","89.36","","","","-5","","NA"
"-114.01","51.12","CALGARY INTL A","3031092","2026-04-09 07:00","2026","04","09","07:00","","-3.0","","-5.1","","86","","","","20","","5","","64.4","","89.40","","","","-5","","NA"
"-114.01","51.12","CALGARY INTL A","3031092","2026-04-09 08:00","2026","04","09","08:00","","-0.7","","-4.4","","76","","","","5","","3","","64.4","","89.42","","","","-2","","Mainly Clear"
"-114.01","51.12","CALGARY INTL A","3031092","2026-04-09 09:00","2026","04","09","09:00","","1.9","","-3.9","","66","","","","36","","10","","48.3","","89.42","","","","","","NA"
"-114.01","51.12","CALGARY INTL A","3031092","2026-04-09 10:00","2026","04","09","10:00","","2.4","","-4.3","","61","","","","2","","10","","48.3","","89.43","","","","","","NA"
"-114.01","51.12","CALGARY INTL A","3031092","2026-04-09 11:00","2026","04","09","11:00","","3.5","","-4.6","","56","","","","4","","5","","48.3","","89.42","","","","","","Mostly Cloudy"
"-114.01","51.12","CALGARY INTL A","3031092","2026-04-09 12:00","2026","04","09","12:00","","4.6","","-5.1","","50","","","","4","","7","","64.4","","89.39","","","","","","NA"
"-114.01","51.12","CALGARY INTL A","3031092","2026-04-09 13:00","2026","04","09","13:00","","5.1","","-4.6","","50","","","","9","","7","","64.4","","89.35","","","","","","NA"
"-114.01","51.12","CALGARY INTL A","3031092","2026-04-09 14:00","2026","04","09","14:00","","6.6","","-5.9","","40","","","","19","","5","","64.4","","89.31","","","","","","Mostly Cloudy"
"-114.01","51.12","CALGARY INTL A","3031092","2026-04-09 15:00","2026","04","09","15:00","","7.0","","-5.6","","40","","","","18","","8","","64.4","","89.26","","","","","","NA"
"-114.01","51.12","CALGARY INTL A","3031092","2026-04-09 16:00","2026","04","09","16:00","","7.3","","-5.7","","39","","","","10","","12","","48.3","","89.24","","","","","","NA"
"-114.01","51.12","CALGARY INTL A","3031092","2026-04-09 17:00","2026","04","09","17:00","","7.7","","-4.1","","43","","","","17","","11","","32.2","","89.20","","","","","","Mainly Clear"
"-114.01","51.12","CALGARY INTL A","3031092","2026-04-09 18:00","2026","04","09","18:00","","7.2","","-4.5","","43","","","","15","","18","","32.2","","89.18","","","","","","NA"
"-114.01","51.12","CALGARY INTL A","3031092","2026-04-09 19:00","2026","04","09","19:00","","6.4","","-4.8","","45","","","","15","","20","","64.4","","89.13","","","","","","NA"
"-114.01","51.12","CALGARY INTL A","3031092","2026-04-09 20:00","2026","04","09","20:00","","5.3","","-4.8","","48","","","","14","","18","","64.4","","89.15","","","","","","Clear"
"-114.01","51.12","CALGARY INTL A","3031092","2026-04-09 21:00","2026","04","09","21:00","","3.7","","-4.9","","53","","","","14","","21","","24.1","","89.16","","","","","","NA"
"-114.01","51.12","CALGARY INTL A","3031092","2026-04-09 22:00","2026","04","09","22:00","","1.9","","-4.4","","63","","","","17","","16","","24.1","","89.15","","","","","","NA"
"-114.01","51.12","CALGARY INTL A","3031092","2026-04-09 23:00","2026","04","09","23:00","","1.3","","-4.3","","67","","","","17","","16","","24.1","","89.13","","","","","","Clear"
"-114.01","51.12","CALGARY INTL A","3031092","2026-04-10 00:00","2026","04","10","00:00","","1.1","","-4.5","","66","","","","17","","18","","24.1","","89.11","","","","","","NA"
"-114.01","51.12","CALGARY INTL A","3031092","2026-04-10 01:00","2026","04","10","01:00","","-0.1","","-4.9","","70","","","","18","","12","","24.1","","89.08","","","","-4","","NA"
"-114.01","51.12","CALGARY INTL A","3031092","2026-04-10 02:00","2026","04","10","02:00","","-0.2","","-4.7","","71","","","","17","","8","","24.1","","89.02","","","","-3","","Clear"
"-114.01","51.12","CALGARY INTL A","3031092","2026-04-10 03:00","2026","04","10","03:00","","-0.2","","-5.3","","69","","","","19","","4","","24.1","","88.97","","","","-1","","NA"
"-114.01","51.12","CALGARY INTL A","3031092","2026-04-10 04:00","2026","04","10","04:00","","-0.1","","-5.3","","68","","","","20","","6","","24.1","","88.92","","","","-2","","NA"
"-114.01","51.12","CALGARY INTL A","3031092","2026-04-10 05:00","2026","04","10","05:00","","-1.6","","-5.0","","78","","","","20","","9","","24.1","","88.90","","","","-5","","Clear"
"-114.01","51.12","CALGARY INTL A","3031092","2026-04-10 06:00","2026","04","10","06:00","","-1.7","","-5.3","","77","","","","23","","10","","64.4","","88.88","","","","-5","","NA"
"-114.01","51.12","CALGARY INTL A","3031092","2026-04-10 07:00","2026","04","10","07:00","","-0.6","","-5.0","","72","","","","","","0","","64.4","","88.86","","","","","","NA"
"-114.01","51.12","CALGARY INTL A","3031092","2026-04-10 08:00","2026","04","10","08:00","","1.5","","-4.9","","62","","","","21","","9","","64.4","","88.85","","","","","","Mostly Cloudy"
"-114.01","51.12","CALGARY INTL A","3031092","2026-04-10 09:00","2026","04","10","09:00","","6.2","","-4.1","","48","","","","","","0","","64.4","","88.83","","","","","","NA"
"-114.01","51.12","CALGARY INTL A","3031092","2026-04-10 10:00","2026","04","10","10:00","","9.8","","-5.0","","35","","","","6","","4","","64.4","","88.80","","","","","","NA"
"-114.01","51.12","CALGARY INTL A","3031092","2026-04-10 11:00","2026","04","10","11:00","","11.0","","-7.6","","26","","","","7","","7","","64.4","","88.77","","","","","","Mostly Cloudy"
"-114.01","51.12","CALGARY INTL A","3031092","2026-04-10 12:00","2026","04","10","12:00","","11.6","","-3.0","","36","","","","8","","13","","64.4","","88.73","","","","","","NA"
"-114.01","51.12","CALGARY INTL A","3031092","2026-04-10 13:00","2026","04","10","13:00","","12.1","","-5.4","","29","","","","5","","13","","64.4","","88.68","","","","","","NA"
"-114.01","51.12","CALGARY INTL A","3031092","2026-04-10 14:00","2026","04","10","14:00","","12.4","","-7.3","","25","","","","30","","3","","64.4","","88.62","","","","","","Cloudy"
"-114.01","51.12","CALGARY INTL A","3031092","2026-04-10 15:00","2026","04","10","15:00","","13.1","","-7.7","","23","","","","14","","4","","64.4","","88.54","","","","","","NA"
"-114.01","51.12","CALGARY INTL A","3031092","2026-04-10 16:00","2026","04","10","16:00","","13.9","","-7.5","","22","","","","14","","13","","48.3","","88.49","","","","","","NA"
"-114.01","51.12","CALGARY INTL A","3031092","2026-04-10 17:00","2026","04","10","17:00","","13.7","","-5.3","","26","","","","11","","12","","48.3","","88.44","","","","","","Mostly Cloudy"
"-114.01","51.12","CALGARY INTL A","3031092","2026-04-10 18:00","2026","04","10","18:00","","12.7","","-5.0","","29","","","","9","","16","","48.3","","88.41","","","","","","NA"
"-114.01","51.12","CALGARY INTL A","3031092","2026-04-10 19:00","2026","04","10","19:00","","11.1","","-4.6","","33","","","","11","","14","","48.3","","88.37","","","","","","NA"
"-114.01","51.12","CALGARY INTL A","3031092","2026-04-10 20:00","2026","04","10","20:00","","8.3","","-4.1","","41","","","","10","","13","","64.4","","88.36","","","","","","Mainly Clear"
"-114.01","51.12","CALGARY INTL A","3031092","2026-04-10 21:00","2026","04","10","21:00","","6.6","","-4.5","","45","","","","10","","12","","24.1","","88.37","","","","","","NA"
"-114.01","51.12","CALGARY INTL A","3031092","2026-04-10 22:00","2026","04","10","22:00","","4.8","","-4.8","","50","","","","","","0","","24.1","","88.32","","","","","","NA"
"-114.01","51.12","CALGARY INTL A","3031092","2026-04-10 23:00","2026","04","10","23:00","","5.5","","-5.4","","46","","","","","","0","","24.1","","88.29","","","","","","Mostly Cloudy"
"-114.01","51.12","CALGARY INTL A","3031092","2026-04-11 00:00","2026","04","11","00:00","","5.7","","-5.2","","45","","","","","","0","","24.1","","88.26","","","","","","NA"
"-114.01","51.12","CALGARY INTL A","3031092","2026-04-11 01:00","2026","04","11","01:00","","2.4","","-4.4","","61","","","","34","","5","","24.1","","88.22","","","","","","NA"
"-114.01","51.12","CALGARY INTL A","3031092","2026-04-11 02:00","2026","04","11","02:00","","0.9","","-4.3","","68","","","","35","","7","","24.1","","88.17","","","","","","Clear"
"-114.01","51.12","CALGARY INTL A","3031092","2026-04-11 03:00","2026","04","11","03:00","","0.2","","-4.0","","74","","","","36","","9","","24.1","","88.13","","","","","","NA"
"-114.01","51.12","CALGARY INTL A","3031092","2026-04-11 04:00","2026","04","11","04:00","","0.3","","-4.6","","70","","","","","","0","","24.1","","88.09","","","","","","NA"
"-114.01","51.12","CALGARY INTL A","3031092","2026-04-11 05:00","2026","04","11","05:00","","-0.7","","-4.7","","74","","","","34","","7","","24.1","","88.07","","","","-3","","Mostly Cloudy"
"-114.01","51.12","CALGARY INTL A","3031092","2026-04-11 06:00","2026","04","11","06:00","","0.6","","-4.6","","68","","","","34","","9","","64.4","","88.03","","","","","","NA"
"-114.01","51.12","CALGARY INTL A","3031092","2026-04-11 07:00","2026","04","11","07:00","","0.5","","-4.2","","71","","","","34","","7","","64.4","","87.99","","","","","","NA"
"-114.01","51.12","CALGARY INTL A","3031092","2026-04-11 08:00","2026","04","11","08:00","","2.7","","-3.5","","64","","","","20","","5","","64.4","","88.00","","","","","","Cloudy"
"-114.01","51.12","CALGARY INTL A","3031092","2026-04-11 09:00","2026","04","11","09:00","","4.2","","-3.2","","59","","","","18","","3","","64.4","","87.97","","","","","","NA"
"-114.01","51.12","CALGARY INTL A","3031092","2026-04-11 10:00","2026","04","11","10:00","","6.3","","-3.7","","49","","","","18","","7","","64.4","","87.95","","","","","","NA"
"-114.01","51.12","CALGARY INTL A","3031092","2026-04-11 11:00","2026","04","11","11:00","","7.8","","-3.3","","45","","","","18","","7","","64.4","","87.90","","","","","","Mostly Cloudy"
"-114.01","51.12","CALGARY INTL A","3031092","2026-04-11 12:00","2026","04","11","12:00","","9.8","","-3.4","","39","","","","17","","8","","64.4","","87.83","","","","","","NA"
"-114.01","51.12","CALGARY INTL A","3031092","2026-04-11 13:00","2026","04","11","13:00","","11.3","","-4.1","","34","","","","15","","7","","48.3","","87.74","","","","","","NA"
"-114.01","51.12","CALGARY INTL A","3031092","2026-04-11 14:00","2026","04","11","14:00","","13.4","","-2.5","","33","","","","18","","8","","32.2","","87.70","","","","","","Mostly Cloudy"
"-114.01","51.12","CALGARY INTL A","3031092","2026-04-11 15:00","2026","04","11","15:00","","13.3","","-3.5","","31","","","","21","","9","","32.2","","87.68","","","","","","NA"
"-114.01","51.12","CALGARY INTL A","3031092","2026-04-11 16:00","2026","04","11","16:00","","14.0","","-3.5","","29","","","","10","","6","","32.2","","87.65","","","","","","NA"
"-114.01","51.12","CALGARY INTL A","3031092","2026-04-11 17:00","2026","04","11","17:00","","13.2","","-0.8","","38","","","","33","","22","","48.3","","87.64","","","","","","Mostly Cloudy"
"-114.01","51.12","CALGARY INTL A","3031092","2026-04-11 18:00","2026","04","11","18:00","","12.5","","0.0","","42","","","","34","","8","","64.4","","87.63","","","","","","NA"
"-114.01","51.12","CALGARY INTL A","3031092","2026-04-11 19:00","2026","04","11","19:00","","11.7","","0.0","","44","","","","","","0","","64.4","","87.63","","","","","","NA"
"-114.01","51.12","CALGARY INTL A","3031092","2026-04-11 20:00","2026","04","11","20:00","","10.7","","0.3","","48","","","","5","","3","","24.1","","87.68","","","","","","Mostly Cloudy"
"-114.01","51.12","CALGARY INTL A","3031092","2026-04-11 21:00","2026","04","11","21:00","","9.3","","0.3","","53","","","","35","","10","","24.1","","87.77","","","","","","NA"
"-114.01","51.12","CALGARY INTL A","3031092","2026-04-11 22:00","2026","04","11","22:00","","7.5","","0.2","","60","","","","35","","40","","24.1","","87.90","","","","","","NA"
"-114.01","51.12","CALGARY INTL A","3031092","2026-04-11 23:00","2026","04","11","23:00","","5.1","","-1.0","","65","","","","35","","37","","24.1","","88.02","","","","","","Mostly Cloudy"
"-114.01","51.12","CALGARY INTL A","3031092","2026-04-12 00:00","2026","04","12","00:00","","4.3","","-1.4","","66","","","","36","","37","","24.1","","88.10","","","","","","NA"
"-114.01","51.12","CALGARY INTL A","3031092","2026-04-12 01:00","2026","04","12","01:00","","3.7","","-1.7","","68","","","","36","","34","","24.1","","88.16","","","","","","NA"
"-114.01","51.12","CALGARY INTL A","3031092","2026-04-12 02:00","2026","04","12","02:00","","2.6","","-1.9","","73","","","","35","","21","","24.1","","88.23","","","","","","Mostly Cloudy"
"-114.01","51.12","CALGARY INTL A","3031092","2026-04-12 03:00","2026","04","12","03:00","","1.8","","-1.8","","77","","","","35","","22","","24.1","","88.26","","","","","","NA"
"-114.01","51.12","CALGARY INTL A","3031092","2026-04-12 04:00","2026","04","12","04:00","","0.8","","-1.6","","84","","","","35","","24","","4.0","","88.27","","","","","","Snow Grains,Fog"
"-114.01","51.12","CALGARY INTL A","3031092","2026-04-12 05:00","2026","04","12","05:00","","0.3","","-1.2","","89","","","","36","","16","","12.9","","88.31","","","","","","Snow Grains"
"-114.01","51.12","CALGARY INTL A","3031092","2026-04-12 06:00","2026","04","12","06:00","","0.1","","-1.7","","88","","","","36","","21","","4.8","","88.31","","","","","","Drizzle,Fog"
"-114.01","51.12","CALGARY INTL A","3031092","2026-04-12 07:00","2026","04","12","07:00","","-0.5","","-1.8","","91","","","","1","","20","","1.6","","88.37","","","","-6","","Snow"
"-114.01","51.12","CALGARY INTL A","3031092","2026-04-12 08:00","2026","04","12","08:00","","-0.7","","-1.6","","94","","","","1","","17","","0.8","","88.39","","","","-6","","Moderate Snow"
"-114.01","51.12","CALGARY INTL A","3031092","2026-04-12 09:00","2026","04","12","09:00","","-0.7","","-1.7","","93","","","","3","","14","","2.4","","88.41","","","","-5","","Snow"
"-114.01","51.12","CALGARY INTL A","3031092","2026-04-12 10:00","2026","04","12","10:00","","-0.9","","-2.2","","91","","","","4","","15","","2.4","","88.42","","","","-6","","Snow"
"-114.01","51.12","CALGARY INTL A","3031092","2026-04-12 11:00","2026","04","12","11:00","","-0.8","","-2.3","","90","","","","6","","9","","1.2","","88.39","","","","-4","","Snow"
"-114.01","51.12","CALGARY INTL A","3031092","2026-04-12 12:00","2026","04","12","12:00","","-0.5","","-1.9","","90","","","","10","","7","","1.6","","88.36","","","","-3","","Snow"
"-114.01","51.12","CALGARY INTL A","3031092","2026-04-12 13:00","2026","04","12","13:00","","-0.3","","-1.9","","89","","","","11","","8","","1.2","","88.33","","","","-3","","Snow"
"-114.01","51.12","CALGARY INTL A","3031092","2026-04-12 14:00","2026","04","12","14:00","","0.6","","-1.3","","87","","","","15","","9","","6.4","","88.29","","","","","","Snow"
"-114.01","51.12","CALGARY INTL A","3031092","2026-04-12 15:00","2026","04","12","15:00","","1.2","","-1.4","","83","","","","13","","8","","14.5","","88.23","","","","","","NA"
"-114.01","51.12","CALGARY INTL A","3031092","2026-04-12 16:00","2026","04","12","16:00","","1.8","","-1.3","","80","","","","15","","9","","24.1","","88.20","","","","","","NA"
"-114.01","51.12","CALGARY INTL A","3031092","2026-04-12 17:00","2026","04","12","17:00","","1.7","","-1.0","","82","","","","16","","16","","16.1","","88.15","","","","","","Cloudy"
"-114.01","51.12","CALGARY INTL A","3031092","2026-04-12 18:00","2026","04","12","18:00","","1.5","","-0.7","","85","","","","14","","15","","16.1","","88.14","","","","","","NA"
"-114.01","51.12","CALGARY INTL A","3031092","2026-04-12 19:00","2026","04","12","19:00","","1.3","","-0.2","","90","","","","12","","14","","4.8","","88.16","","","","","","Fog"
"-114.01","51.12","CALGARY INTL A","3031092","2026-04-12 20:00","2026","04","12","20:00","","0.9","","0.1","","95","","","","11","","15","","2.0","","88.20","","","","","","Drizzle,Fog"
"-114.01","51.12","CALGARY INTL A","3031092","2026-04-12 21:00","2026","04","12","21:00","","0.7","","0.1","","96","","","","11","","14","","2.0","","88.25","","","","","","Drizzle,Fog"
"-114.01","51.12","CALGARY INTL A","3031092","2026-04-12 22:00","2026","04","12","22:00","","0.7","","0.2","","96","","","","11","","11","","3.2","","88.29","","","","","","Rain,Fog"
"-114.01","51.12","CALGARY INTL A","3031092","2026-04-12 23:00","2026","04","12","23:00","","0.8","","0.2","","96","","","","8","","5","","3.2","","88.26","","","","","","Drizzle,Fog"
"-114.01","51.12","CALGARY INTL A","3031092","2026-04-13 00:00","2026","04","13","00:00","","0.8","","0.3","","96","","","","12","","7","","2.0","","88.27","","","","","","Drizzle,Fog"
"-114.01","51.12","CALGARY INTL A","3031092","2026-04-13 01:00","2026","04","13","01:00","","0.8","","0.4","","97","","","","14","","9","","1.6","","88.24","","","","","","Drizzle,Fog"
"-114.01","51.12","CALGARY INTL A","3031092","2026-04-13 02:00","2026","04","13","02:00","","1.0","","0.6","","97","","","","14","","8","","0.2","","88.19","","","","","","Drizzle,Fog"
"-114.01","51.12","CALGARY INTL A","3031092","2026-04-13 03:00","2026","04","13","03:00","","1.3","","0.9","","98","","","","17","","9","","1.6","","88.15","","","","","","Drizzle,Fog"
"-114.01","51.12","CALGARY INTL A","3031092","2026-04-13 04:00","2026","04","13","04:00","","1.4","","1.1","","98","","","","18","","14","","3.2","","88.13","","","","","","Drizzle,Fog"
"-114.01","51.12","CALGARY INTL A","3031092","2026-04-13 05:00","2026","04","13","05:00","","1.6","","1.2","","97","","","","19","","15","","2.0","","88.10","","","","","","Drizzle,Fog"
"-114.01","51.12","CALGARY INTL A","3031092","2026-04-13 06:00","2026","04","13","06:00","","1.7","","1.2","","97","","","","19","","9","","1.6","","88.10","","","","","","Drizzle,Fog"
"-114.01","51.12","CALGARY INTL A","3031092","2026-04-13 07:00","2026","04","13","07:00","","2.0","","1.5","","97","","","","18","","13","","8.1","","88.11","","","","","","Fog"
"-114.01","51.12","CALGARY INTL A","3031092","2026-04-13 08:00","2026","04","13","08:00","","2.6","","1.6","","93","","","","18","","13","","19.3","","88.12","","","","","","Cloudy"
"-114.01","51.12","CALGARY INTL A","3031092","2026-04-13 09:00","2026","04","13","09:00","","3.1","","1.1","","87","","","","20","","14","","24.1","","88.12","","","","","","NA"
"-114.01","51.12","CALGARY INTL A","3031092","2026-04-13 10:00","2026","04","13","10:00","","4.1","","2.1","","87","","","","18","","20","","24.1","","88.08","","","","","","NA"
"-114.01","51.12","CALGARY INTL A","3031092","2026-04-13 11:00","2026","04","13","11:00","","5.6","","2.6","","81","","","","18","","16","","64.4","","88.05","","","","","","Mostly Cloudy"
"-114.01","51.12","CALGARY INTL A","3031092","2026-04-13 12:00","2026","04","13","12:00","","8.1","","2.5","","68","","","","18","","23","","64.4","","87.98","","","","","","NA"
"-114.01","51.12","CALGARY INTL A","3031092","2026-04-13 13:00","2026","04","13","13:00","","10.1","","3.1","","62","","","","18","","16","","64.4","","87.93","","","","","","NA"
"-114.01","51.12","CALGARY INTL A","3031092","2026-04-13 14:00","2026","04","13","14:00","","12.7","","2.4","","49","","","","17","","16","","64.4","","87.89","","","","","","Mainly Clear"
"-114.01","51.12","CALGARY INTL A","3031092","2026-04-13 15:00","2026","04","13","15:00","","13.8","","2.2","","45","","","","16","","18","","64.4","","87.81","","","","","","NA"
"-114.01","51.12","CALGARY INTL A","3031092","2026-04-13 16:00","2026","04","13","16:00","","14.4","","0.2","","37","","","","20","","13","","64.4","","87.75","","","","","","NA"
"-114.01","51.12","CALGARY INTL A","3031092","2026-04-13 17:00","2026","04","13","17:00","","15.9","","-5.3","","23","","","","28","","22","","64.4","","87.71","","","","","","Mostly Cloudy"
"-114.01","51.12","CALGARY INTL A","3031092","2026-04-13 18:00","2026","04","13","18:00","","14.1","","-4.8","","27","","","","28","","22","","64.4","","87.73","","","","","","NA"
"-114.01","51.12","CALGARY INTL A","3031092","2026-04-13 19:00","2026","04","13","19:00","","12.9","","-3.2","","33","","","","28","","21","","48.3","","87.74","","","","","","NA"
"-114.01","51.12","CALGARY INTL A","3031092","2026-04-13 20:00","2026","04","13","20:00","","11.8","","-3.2","","35","","","","28","","22","","32.2","","87.76","","","","","","Mostly Cloudy"
"-114.01","51.12","CALGARY INTL A","3031092","2026-04-13 21:00","2026","04","13","21:00","","11.5","","-3.8","","34","","","","27","","17","","24.1","","87.79","","","","","","NA"
"-114.01","51.12","CALGARY INTL A","3031092","2026-04-13 22:00","2026","04","13","22:00","","11.2","","-4.0","","34","","","","27","","18","","24.1","","87.81","","","","","","NA"
"-114.01","51.12","CALGARY INTL A","3031092","2026-04-13 23:00","2026","04","13","23:00","","10.7","","-3.8","","36","","","","27","","20","","24.1","","87.82","","","","","","Mostly Cloudy"
"-114.01","51.12","CALGARY INTL A","3031092","2026-04-14 00:00","2026","04","14","00:00","","10.2","","-2.8","","40","","","","29","","19","","24.1","","87.82","","","","","","NA"
"-114.01","51.12","CALGARY INTL A","3031092","2026-04-14 01:00","2026","04","14","01:00","","9.9","","-3.0","","40","","","","33","","19","","24.1","","87.89","","","","","","NA"
"-114.01","51.12","CALGARY INTL A","3031092","2026-04-14 02:00","2026","04","14","02:00","","7.4","","-1.9","","52","","","","36","","13","","24.1","","87.89","","","","","","Cloudy"
"-114.01","51.12","CALGARY INTL A","3031092","2026-04-14 03:00","2026","04","14","03:00","","5.8","","-1.7","","58","","","","27","","3","","24.1","","87.89","","","","","","NA"
"-114.01","51.12","CALGARY INTL A","3031092","2026-04-14 04:00","2026","04","14","04:00","","4.5","","-1.7","","64","","","","","","0","","24.1","","87.87","","","","","","NA"
"-114.01","51.12","CALGARY INTL A","3031092","2026-04-14 05:00","2026","04","14","05:00","","3.8","","-0.9","","71","","","","25","","9","","24.1","","87.86","","","","","","Mainly Clear"
"-114.01","51.12","CALGARY INTL A","3031092","2026-04-14 06:00","2026","04","14","06:00","","2.7","","-1.3","","75","","","","16","","5","","64.4","","87.82","","","","","","NA"
"-114.01","51.12","CALGARY INTL A","3031092","2026-04-14 07:00","2026","04","14","07:00","","4.4","","-0.4","","71","","","","31","","4","","64.4","","87.79","","","","","","NA"
"-114.01","51.12","CALGARY INTL A","3031092","2026-04-14 08:00","2026","04","14","08:00","","6.3","","1.1","","70","","","","18","","5","","64.4","","87.75","","","","","","Mostly Cloudy"
"-114.01","51.12","CALGARY INTL A","3031092","2026-04-14 09:00","2026","04","14","09:00","","7.7","","-0.1","","57","","","","18","","6","","64.4","","87.70","","","","","","NA"
"-114.01","51.12","CALGARY INTL A","3031092","2026-04-14 10:00","2026","04","14","10:00","","8.8","","-0.4","","52","","","","22","","9","","64.4","","87.67","","","","","","NA"
"-114.01","51.12","CALGARY INTL A","3031092","2026-04-14 11:00","2026","04","14","11:00","","10.2","","-2.9","","40","","","","19","","9","","64.4","","87.62","","","","","","Mostly Cloudy"
"-114.01","51.12","CALGARY INTL A","3031092","2026-04-14 12:00","2026","04","14","12:00","","12.1","","-4.3","","31","","","","27","","4","","64.4","","87.52","","","","","","NA"
"-114.01","51.12","CALGARY INTL A","3031092","2026-04-14 13:00","2026","04","14","13:00","","12.4","","-7.7","","24","","","","26","","13","","64.4","","87.48","","","","","","NA"
"-114.01","51.12","CALGARY INTL A","3031092","2026-04-14 14:00","2026","04","14","14:00","","13.4","","-8.8","","21","","","","29","","25","","64.4","","87.42","","","","","","Mostly Cloudy"
"-114.01","51.12","CALGARY INTL A","3031092","2026-04-14 15:00","2026","04","14","15:00","","12.7","","-9.0","","21","","","","28","","35","","64.4","","87.37","","","","","","NA"
"-114.01","51.12","CALGARY INTL A","3031092","2026-04-14 16:00","2026","04","14","16:00","","12.4","","-8.2","","23","","","","30","","14","","64.4","","87.33","","","","","","NA"
"-114.01","51.12","CALGARY INTL A","3031092","2026-04-14 17:00","2026","04","14","17:00","","11.8","","-7.2","","26","","","","30","","26","","64.4","","87.31","","","","","","Mostly Cloudy"
"-114.01","51.12","CALGARY INTL A","3031092","2026-04-14 18:00","2026","04","14","18:00","","10.5","","-6.3","","30","","","","29","","34","","48.3","","87.33","","","","","","NA"
"-114.01","51.12","CALGARY INTL A","3031092","2026-04-14 19:00","2026","04","14","19:00","","8.0","","-5.4","","38","","","","28","","34","","24.1","","87.35","","","","","","NA"
"-114.01","51.12","CALGARY INTL A","3031092","2026-04-14 20:00","2026","04","14","20:00","","6.9","","-6.5","","38","","","","30","","30","","24.1","","87.39","","","","","","Mostly Cloudy"
"-114.01","51.12","CALGARY INTL A","3031092","2026-04-14 21:00","2026","04","14","21:00","","6.5","","-6.0","","40","","","","29","","28","","24.1","","87.44","","","","","","NA"
"-114.01","51.12","CALGARY INTL A","3031092","2026-04-14 22:00","2026","04","14","22:00","","5.5","","-5.7","","45","","","","29","","29","","24.1","","87.45","","","","","","NA"
"-114.01","51.12","CALGARY INTL A","3031092","2026-04-14 23:00","2026","04","14","23:00","","5.3","","-6.5","","42","","","","27","","13","","24.1","","87.47","","","","","","Mainly Clear"
"-114.01","51.12","CALGARY INTL A","3031092","2026-04-15 00:00","2026","04","15","00:00","","3.5","","-5.5","","52","","","","23","","9","","24.1","","87.45","","","","","","NA"
"-114.01","51.12","CALGARY INTL A","3031092","2026-04-15 01:00","2026","04","15","01:00","","2.6","","-6.0","","53","","","","22","","7","","24.1","","87.47","","","","","","NA"
"-114.01","51.12","CALGARY INTL A","3031092","2026-04-15 02:00","2026","04","15","02:00","","1.1","","-5.6","","61","","","","21","","10","","24.1","","87.47","","","","","","Mainly Clear"
"-114.01","51.12","CALGARY INTL A","3031092","2026-04-15 03:00","2026","04","15","03:00","","1.5","","-5.2","","61","","","","22","","6","","24.1","","87.43","","","","","","NA"
"-114.01","51.12","CALGARY INTL A","3031092","2026-04-15 04:00","2026","04","15","04:00","","0.6","","-4.5","","69","","","","23","","7","","24.1","","87.43","","","","","","NA"
"-114.01","51.12","CALGARY INTL A","3031092","2026-04-15 05:00","2026","04","15","05:00","","-0.9","","-4.7","","76","","","","","","0","","24.1","","87.39","","","","","","Mostly Cloudy"
"-114.01","51.12","CALGARY INTL A","3031092","2026-04-15 06:00","2026","04","15","06:00","","-1.0","","-5.2","","73","","","","35","","3","","48.3","","87.40","","","","-2","","NA"
"-114.01","51.12","CALGARY INTL A","3031092","2026-04-15 07:00","2026","04","15","07:00","","-1.2","","-4.6","","78","","","","1","","24","","64.4","","87.44","","","","-7","","NA"
"-114.01","51.12","CALGARY INTL A","3031092","2026-04-15 08:00","2026","04","15","08:00","","-1.2","","-2.8","","89","","","","36","","21","","12.9","","87.48","","","","-7","","Cloudy"
"-114.01","51.12","CALGARY INTL A","3031092","2026-04-15 09:00","2026","04","15","09:00","","0.7","","-1.3","","87","","","","1","","18","","24.1","","87.53","","","","","","NA"
"-114.01","51.12","CALGARY INTL A","3031092","2026-04-15 10:00","2026","04","15","10:00","","1.8","","-1.6","","79","","","","4","","23","","24.1","","87.54","","","","","","NA"
"-114.01","51.12","CALGARY INTL A","3031092","2026-04-15 11:00","2026","04","15","11:00","","2.5","","-0.8","","78","","","","5","","24","","24.1","","87.60","","","","","","Cloudy"
"-114.01","51.12","CALGARY INTL A","3031092","2026-04-15 12:00","2026","04","15","12:00","","2.4","","-1.0","","78","","","","5","","23","","24.1","","87.60","","","","","","NA"
"-114.01","51.12","CALGARY INTL A","3031092","2026-04-15 13:00","2026","04","15","13:00","","1.3","","-0.5","","88","","","","3","","31","","8.1","","87.63","","","","","","Drizzle,Fog"
"-114.01","51.12","CALGARY INTL A","3031092","2026-04-15 14:00","2026","04","15","14:00","","1.4","","-1.0","","84","","","","4","","27","","16.1","","87.67","","","","","","Snow"
"-114.01","51.12","CALGARY INTL A","3031092","2026-04-15 15:00","2026","04","15","15:00","","0.5","","-1.9","","84","","","","4","","30","","19.3","","87.73","","","","","","Snow"
"-114.01","51.12","CALGARY INTL A","3031092","2026-04-15 16:00","2026","04","15","16:00","","-0.9","","-2.3","","91","","","","3","","32","","3.6","","87.81","","","","-8","","Snow"
"-114.01","51.12","CALGARY INTL A","3031092","2026-04-15 17:00","2026","04","15","17:00","","-1.7","","-2.6","","94","","","","3","","32","","4.0","","87.89","","","","-9","","Snow,Fog"
"-114.01","51.12","CALGARY INTL A","3031092","2026-04-15 18:00","2026","04","15","18:00","","-2.4","","-3.5","","92","","","","4","","35","","1.2","","87.96","","","","-10","","Snow,Fog"
"-114.01","51.12","CALGARY INTL A","3031092","2026-04-15 19:00","2026","04","15","19:00","","-3.8","","-5.5","","88","","","","2","","39","","1.2","","87.97","","","","-12","","Snow"
"-114.01","51.12","CALGARY INTL A","3031092","2026-04-15 20:00","2026","04","15","20:00","","-5.1","","-7.1","","86","","","","1","","37","","2.4","","88.17","","","","-14","","Snow,Fog"
"-114.01","51.12","CALGARY INTL A","3031092","2026-04-15 21:00","2026","04","15","21:00","","-6.0","","-7.8","","87","","","","36","","31","","2.0","","88.30","","","","-14","","Snow,Fog"
"-114.01","51.12","CALGARY INTL A","3031092","2026-04-15 22:00","2026","04","15","22:00","","-6.5","","-8.3","","87","","","","1","","30","","2.0","","88.42","","","","-15","","Snow,Fog"
"-114.01","51.12","CALGARY INTL A","3031092","2026-04-15 23:00","2026","04","15","23:00","","-7.4","","-9.1","","88","","","","35","","30","","1.2","","88.47","","","","-16","","Snow,Fog,Drifting Snow"
"-114.01","51.12","CALGARY INTL A","3031092","2026-04-16 00:00","2026","04","16","00:00","","-7.8","","-9.6","","87","","","","36","","30","","1.2","","88.51","","","","-17","","Snow,Fog,Drifting Snow"
"-114.01","51.12","CALGARY INTL A","3031092","2026-04-16 01:00","2026","04","16","01:00","","-8.1","","-9.9","","87","","","","36","","33","","1.2","","88.55","","","","-17","","Snow,Fog,Drifting Snow"
"-114.01","51.12","CALGARY INTL A","3031092","2026-04-16 02:00","2026","04","16","02:00","","-8.3","","-10.1","","88","","","","36","","31","","1.0","","88.56","","","","-17","","Snow,Fog,Drifting Snow"
"-114.01","51.12","CALGARY INTL A","3031092","2026-04-16 03:00","2026","04","16","03:00","","-8.4","","-10.1","","88","","","","35","","22","","1.0","","88.59","","","","-16","","Snow,Fog,Drifting Snow"
"-114.01","51.12","CALGARY INTL A","3031092","2026-04-16 04:00","2026","04","16","04:00","","-8.6","","-10.4","","87","","","","35","","34","","1.0","","88.61","","","","-18","","Snow,Fog,Drifting Snow"
"-114.01","51.12","CALGARY INTL A","3031092","2026-04-16 05:00","2026","04","16","05:00","","-8.6","","-10.4","","86","","","","35","","27","","1.6","","88.64","","","","-17","","Snow,Fog,Blowing Snow"
"-114.01","51.12","CALGARY INTL A","3031092","2026-04-16 06:00","2026","04","16","06:00","","-8.4","","-10.2","","87","","","","34","","23","","1.2","","88.67","","","","-16","","Snow,Fog,Blowing Snow"
"-114.01","51.12","CALGARY INTL A","3031092","2026-04-16 07:00","2026","04","16","07:00","","-8.2","","-10.0","","87","","","","34","","22","","0.4","","88.70","","","","-16","","Snow,Blowing Snow"
"-114.01","51.12","CALGARY INTL A","3031092","2026-04-16 08:00","2026","04","16","08:00","","-7.9","","-10.1","","84","","","","35","","27","","1.6","","88.75","","","","-16","","Snow,Blowing Snow"
"-114.01","51.12","CALGARY INTL A","3031092","2026-04-16 09:00","2026","04","16","09:00","","-8.2","","-10.4","","84","","","","36","","39","","0.6","","88.75","","","","-18","","Snow,Blowing Snow"
"-114.01","51.12","CALGARY INTL A","3031092","2026-04-16 10:00","2026","04","16","10:00","","-8.0","","-10.3","","84","","","","1","","35","","0.8","","88.78","","","","-18","","Snow,Blowing Snow"
"-114.01","51.12","CALGARY INTL A","3031092","2026-04-16 11:00","2026","04","16","11:00","","-7.5","","-10.1","","82","","","","36","","37","","0.8","","88.83","","","","-17","","Snow,Blowing Snow"
"-114.01","51.12","CALGARY INTL A","3031092","2026-04-16 12:00","2026","04","16","12:00","","-7.1","","-9.8","","81","","","","36","","35","","1.2","","88.84","","","","-16","","Snow,Blowing Snow"
"-114.01","51.12","CALGARY INTL A","3031092","2026-04-16 13:00","2026","04","16","13:00","","-6.6","","-9.2","","82","","","","36","","31","","1.6","","88.85","","","","-15","","Snow,Blowing Snow"
"-114.01","51.12","CALGARY INTL A","3031092","2026-04-16 14:00","2026","04","16","14:00","","-5.7","","-8.9","","78","","","","1","","29","","24.1","","88.87","","","","-14","","Cloudy"
"-114.01","51.12","CALGARY INTL A","3031092","2026-04-16 15:00","2026","04","16","15:00","","-5.2","","-9.2","","74","","","","36","","25","","24.1","","88.89","","","","-13","","NA"
"-114.01","51.12","CALGARY INTL A","3031092","2026-04-16 16:00","2026","04","16","16:00","","-4.6","","-9.4","","69","","","","36","","18","","24.1","","88.87","","","","-11","","NA"
"-114.01","51.12","CALGARY INTL A","3031092","2026-04-16 17:00","2026","04","16","17:00","","-4.0","","-9.6","","65","","","","36","","15","","24.1","","88.88","","","","-9","","Mostly Cloudy"
"-114.01","51.12","CALGARY INTL A","3031092","2026-04-16 18:00","2026","04","16","18:00","","-5.1","","-10.0","","68","","","","3","","9","","24.1","","88.87","","","","-9","","NA"
"-114.01","51.12","CALGARY INTL A","3031092","2026-04-16 19:00","2026","04","16","19:00","","-6.6","","-10.9","","72","","","","7","","8","","64.4","","88.87","","","","-10","","NA"
"-114.01","51.12","CALGARY INTL A","3031092","2026-04-16 20:00","2026","04","16","20:00","","-7.0","","-10.1","","78","","","","14","","8","","64.4","","88.89","","","","-11","","Clear"
"-114.01","51.12","CALGARY INTL A","3031092","2026-04-16 21:00","2026","04","16","21:00","","-8.2","","-10.3","","85","","","","18","","8","","32.2","","88.93","","","","-12","","NA"
"-114.01","51.12","CALGARY INTL A","3031092","2026-04-16 22:00","2026","04","16","22:00","","-8.5","","-9.9","","90","","","","19","","7","","24.1","","88.94","","","","-12","","NA"
"-114.01","51.12","CALGARY INTL A","3031092","2026-04-16 23:00","2026","04","16","23:00","","-8.0","","-9.6","","88","","","","22","","3","","24.1","","88.91","","","","-10","","Clear"
"-114.01","51.12","CALGARY INTL A","3031092","2026-04-17 00:00","2026","04","17","00:00","","-11.4","","-13.1","","87","","","","35","","8","","24.1","","88.94","","","","-16","","NA"
"-114.01","51.12","CALGARY INTL A","3031092","2026-04-17 01:00","2026","04","17","01:00","","-10.1","","-12.0","","86","","","","1","","4","","24.1","","88.96","","","","-12","","NA"
"-114.01","51.12","CALGARY INTL A","3031092","2026-04-17 02:00","2026","04","17","02:00","","-6.7","","-8.7","","86","","","","24","","9","","12.9","","88.98","","","","-11","","Mostly Cloudy"
"-114.01","51.12","CALGARY INTL A","3031092","2026-04-17 03:00","2026","04","17","03:00","","-5.1","","-7.0","","86","","","","25","","6","","12.9","","88.99","","","","-8","","NA"
"-114.01","51.12","CALGARY INTL A","3031092","2026-04-17 04:00","2026","04","17","04:00","","-3.4","","-6.4","","80","","","","26","","9","","16.1","","89.02","","","","-7","","NA"
"-114.01","51.12","CALGARY INTL A","3031092","2026-04-17 05:00","2026","04","17","05:00","","-2.3","","-6.3","","75","","","","33","","12","","16.1","","89.03","","","","-7","","Mostly Cloudy"
"-114.01","51.12","CALGARY INTL A","3031092","2026-04-17 06:00","2026","04","17","06:00","","-2.1","","-6.4","","72","","","","33","","14","","16.1","","89.08","","","","-7","","NA"
"-114.01","51.12","CALGARY INTL A","3031092","2026-04-17 07:00","2026","04","17","07:00","","-1.8","","-6.7","","69","","","","34","","15","","48.3","","89.13","","","","-7","","NA"
"-114.01","51.12","CALGARY INTL A","3031092","2026-04-17 08:00","2026","04","17","08:00","","-0.6","","-7.0","","62","","","","33","","24","","32.2","","89.16","","","","-7","","Mostly Cloudy"
"-114.01","51.12","CALGARY INTL A","3031092","2026-04-17 09:00","2026","04","17","09:00","","0.8","","-7.1","","56","","","","34","","27","","64.4","","89.17","","","","","","NA"
"-114.01","51.12","CALGARY INTL A","3031092","2026-04-17 10:00","2026","04","17","10:00","","1.1","","-6.8","","56","","","","33","","31","","64.4","","89.21","","","","","","NA"
"-114.01","51.12","CALGARY INTL A","3031092","2026-04-17 11:00","2026","04","17","11:00","","1.9","","-6.8","","53","","","","34","","28","","48.3","","89.22","","","","","","Mostly Cloudy"
"-114.01","51.12","CALGARY INTL A","3031092","2026-04-17 12:00","2026","04","17","12:00","","3.0","","-6.5","","50","","","","34","","22","","24.1","","89.23","","","","","","NA"
"-114.01","51.12","CALGARY INTL A","3031092","2026-04-17 13:00","2026","04","17","13:00","","3.4","","-6.2","","50","","","","36","","13","","48.3","","89.20","","","","","","NA"
"-114.01","51.12","CALGARY INTL A","3031092","2026-04-17 14:00","2026","04","17","14:00","","3.8","","-6.6","","47","","","","35","","17","","32.2","","89.21","","","","","","Mostly Cloudy"
"-114.01","51.12","CALGARY INTL A","3031092","2026-04-17 15:00","2026","04","17","15:00","","3.6","","-6.5","","47","","","","36","","11","","32.2","","89.18","","","","","","NA"
"-114.01","51.12","CALGARY INTL A","3031092","2026-04-17 16:00","2026","04","17","16:00","","3.7","","-6.6","","47","","","","7","","5","","32.2","","89.16","","","","","","NA"
"-114.01","51.12","CALGARY INTL A","3031092","2026-04-17 17:00","2026","04","17","17:00","","3.8","","-6.4","","48","","","","8","","5","","48.3","","89.13","","","","","","Mainly Clear"
"-114.01","51.12","CALGARY INTL A","3031092","2026-04-17 18:00","2026","04","17","18:00","","2.9","","-4.8","","57","","","","16","","15","","32.2","","89.13","","","","","","NA"
"-114.01","51.12","CALGARY INTL A","3031092","2026-04-17 19:00","2026","04","17","19:00","","2.3","","-5.3","","57","","","","17","","19","","64.4","","89.09","","","","","","NA"
"-114.01","51.12","CALGARY INTL A","3031092","2026-04-17 20:00","2026","04","17","20:00","","0.9","","-6.1","","59","","","","18","","12","","64.4","","89.11","","","","","","Clear"
"-114.01","51.12","CALGARY INTL A","3031092","2026-04-17 21:00","2026","04","17","21:00","","-0.2","","-4.7","","72","","","","18","","12","","24.1","","89.14","","","","-4","","NA"
"-114.01","51.12","CALGARY INTL A","3031092","2026-04-17 22:00","2026","04","17","22:00","","-0.4","","-4.9","","71","","","","19","","10","","24.1","","89.14","","","","-4","","NA"
"-114.01","51.12","CALGARY INTL A","3031092","2026-04-17 23:00","2026","04","17","23:00","","-0.5","","-4.6","","74","","","","21","","5","","24.1","","89.11","","","","-2","","Clear"
"-114.01","51.12","CALGARY INTL A","3031092","2026-04-18 00:00","2026","04","18","00:00","","-1.0","","-5.6","","71","","","","22","","7","","24.1","","89.12","","","","-4","","NA"
"-114.01","51.12","CALGARY INTL A","3031092","2026-04-18 01:00","2026","04","18","01:00","","-0.1","","-5.4","","68","","","","24","","8","","24.1","","89.12","","","","-3","","NA"
"-114.01","51.12","CALGARY INTL A","3031092","2026-04-18 02:00","2026","04","18","02:00","","-1.3","","-6.5","","68","","","","21","","4","","24.1","","89.12","","","","-3","","Clear"
"-114.01","51.12","CALGARY INTL A","3031092","2026-04-18 03:00","2026","04","18","03:00","","1.8","","-8.6","","46","","","","30","","17","","24.1","","89.14","","","","","","NA"
"-114.01","51.12","CALGARY INTL A","3031092","2026-04-18 04:00","2026","04","18","04:00","","0.4","","-8.8","","50","","","","34","","9","","24.1","","89.15","","","","","","NA"
"-114.01","51.12","CALGARY INTL A","3031092","2026-04-18 05:00","2026","04","18","05:00","","-3.0","","-8.5","","66","","","","5","","5","","32.2","","89.17","","","","-5","","Clear"
"-114.01","51.12","CALGARY INTL A","3031092","2026-04-18 06:00","2026","04","18","06:00","","-2.6","","-8.3","","65","","","","16","","5","","64.4","","89.16","","","","-5","","NA"
"-114.01","51.12","CALGARY INTL A","3031092","2026-04-18 07:00","2026","04","18","07:00","","-1.4","","-7.5","","63","","","","15","","4","","64.4","","89.20","","","","-3","","NA"
"-114.01","51.12","CALGARY INTL A","3031092","2026-04-18 08:00","2026","04","18","08:00","","1.2","","-6.6","","56","","","","19","","4","","64.4","","89.20","","","","","","Mainly Clear"
"-114.01","51.12","CALGARY INTL A","3031092","2026-04-18 09:00","2026","04","18","09:00","","4.0","","-5.6","","50","","","","17","","7","","64.4","","89.19","","","","","","NA"
"-114.01","51.12","CALGARY INTL A","3031092","2026-04-18 10:00","2026","04","18","10:00","","6.6","","-7.5","","36","","","","15","","3","","64.4","","89.19","","","","","","NA"
"-114.01","51.12","CALGARY INTL A","3031092","2026-04-18 11:00","2026","04","18","11:00","","6.5","","-7.0","","37","","","","6","","9","","64.4","","89.17","","","","","","Mainly Clear"
"-114.01","51.12","CALGARY INTL A","3031092","2026-04-18 12:00","2026","04","18","12:00","","7.8","","-7.7","","32","","","","34","","3","","64.4","","89.14","","","","","","NA"
"-114.01","51.12","CALGARY INTL A","3031092","2026-04-18 13:00","2026","04","18","13:00","","8.2","","-7.2","","33","","","","19","","11","","64.4","","89.09","","","","","","NA"
"-114.01","51.12","CALGARY INTL A","3031092","2026-04-18 14:00","2026","04","18","14:00","","7.9","","-4.8","","40","","","","15","","22","","64.4","","89.06","","","","","","Mainly Clear"
"-114.01","51.12","CALGARY INTL A","3031092","2026-04-18 15:00","2026","04","18","15:00","","8.2","","-4.4","","41","","","","16","","23","","64.4","","89.01","","","","","","NA"
"-114.01","51.12","CALGARY INTL A","3031092","2026-04-18 16:00","2026","04","18","16:00","","8.3","","-4.6","","40","","","","17","","20","","64.4","","88.98","","","","","","NA"
"-114.01","51.12","CALGARY INTL A","3031092","2026-04-18 17:00","2026","04","18","17:00","","8.3","","-4.2","","41","","","","14","","19","","64.4","","88.94","","","","","","Mostly Cloudy"
"-114.01","51.12","CALGARY INTL A","3031092","2026-04-18 18:00","2026","04","18","18:00","","7.0","","-3.7","","46","","","","17","","17","","64.4","","88.92","","","","","","NA"
"-114.01","51.12","CALGARY INTL A","3031092","2026-04-18 19:00","2026","04","18","19:00","","5.5","","-4.1","","50","","","","16","","14","","64.4","","88.89","","","","","","NA"
"-114.01","51.12","CALGARY INTL A","3031092","2026-04-18 20:00","2026","04","18","20:00","","4.2","","-4.4","","54","","","","18","","13","","48.3","","88.90","","","","","","Mainly Clear"
"-114.01","51.12","CALGARY INTL A","3031092","2026-04-18 21:00","2026","04","18","21:00","","4.1","","-3.9","","56","","","","14","","9","","24.1","","88.93","","","","","","NA"
"-114.01","51.12","CALGARY INTL A","3031092","2026-04-18 22:00","2026","04","18","22:00","","3.7","","-4.4","","55","","","","20","","8","","24.1","","88.95","","","","","","NA"
"-114.01","51.12","CALGARY INTL A","3031092","2026-04-18 23:00","2026","04","18","23:00","","3.2","","-5.9","","51","","","","21","","7","","24.1","","88.95","","","","","","Clear"
"-114.01","51.12","CALGARY INTL A","3031092","2026-04-19 00:00","2026","04","19","00:00","","1.7","","-5.7","","58","","","","19","","4","","24.1","","88.95","","","","","","NA"
"-114.01","51.12","CALGARY INTL A","3031092","2026-04-19 01:00","2026","04","19","01:00","","1.2","","-5.5","","61","","","","","","0","","24.1","","88.97","","","","","","NA"
"-114.01","51.12","CALGARY INTL A","3031092","2026-04-19 02:00","2026","04","19","02:00","","-0.1","","-4.8","","71","","","","8","","5","","24.1","","88.95","","","","-2","","Clear"
"-114.01","51.12","CALGARY INTL A","3031092","2026-04-19 03:00","2026","04","19","03:00","","-0.5","","-5.0","","71","","","","24","","4","","24.1","","88.91","","","","-2","","NA"
"-114.01","51.12","CALGARY INTL A","3031092","2026-04-19 04:00","2026","04","19","04:00","","-0.2","","-5.4","","68","","","","21","","9","","24.1","","88.90","","","","-3","","NA"
"-114.01","51.12","CALGARY INTL A","3031092","2026-04-19 05:00","2026","04","19","05:00","","0.2","","-5.5","","65","","","","23","","10","","32.2","","88.87","","","","","","Mainly Clear"
"-114.01","51.12","CALGARY INTL A","3031092","2026-04-19 06:00","2026","04","19","06:00","","-0.1","","-5.2","","68","","","","23","","4","","64.4","","88.84","","","","-1","","NA"
"-114.01","51.12","CALGARY INTL A","3031092","2026-04-19 07:00","2026","04","19","07:00","","0.0","","-4.1","","74","","","","20","","3","","64.4","","88.82","","","","-1","","NA"
"-114.01","51.12","CALGARY INTL A","3031092","2026-04-19 08:00","2026","04","19","08:00","","5.2","","-4.0","","51","","","","21","","8","","64.4","","88.79","","","","","","Mostly Cloudy"
"-114.01","51.12","CALGARY INTL A","3031092","2026-04-19 09:00","2026","04","19","09:00","","9.1","","-3.5","","41","","","","19","","9","","64.4","","88.73","","","","","","NA"
"-114.01","51.12","CALGARY INTL A","3031092","2026-04-19 10:00","2026","04","19","10:00","","12.3","","-3.0","","34","","","","19","","20","","64.4","","88.67","","","","","","NA"
"-114.01","51.12","CALGARY INTL A","3031092","2026-04-19 11:00","2026","04","19","11:00","","14.3","","-3.0","","30","","","","17","","16","","64.4","","88.61","","","","","","Mostly Cloudy"
"-114.01","51.12","CALGARY INTL A","3031092","2026-04-19 12:00","2026","04","19","12:00","","16.0","","-2.9","","27","","","","22","","19","","64.4","","88.56","","","","","","NA"
"-114.01","51.12","CALGARY INTL A","3031092","2026-04-19 13:00","2026","04","19","13:00","","18.9","","-2.1","","24","","","","30","","38","","64.4","","88.46","","","","","","NA"
"-114.01","51.12","CALGARY INTL A","3031092","2026-04-19 14:00","2026","04","19","14:00","","18.1","","-1.8","","26","","","","27","","17","","64.4","","88.46","","","","","","Mostly Cloudy"
"-114.01","51.12","CALGARY INTL A","3031092","2026-04-19 15:00","2026","04","19","15:00","","18.0","","-1.7","","26","","","","27","","16","","64.4","","88.42","","","","","","NA"
"-114.01","51.12","CALGARY INTL A","3031092","2026-04-19 16:00","2026","04","19","16:00","","17.6","","-1.6","","27","","","","23","","22","","64.4","","88.38","","","","","","NA"
"-114.01","51.12","CALGARY INTL A","3031092","2026-04-19 17:00","2026","04","19","17:00","","17.1","","-1.7","","27","","","","20","","13","","64.4","","88.34","","","","","","Mostly Cloudy"
"-114.01","51.12","CALGARY INTL A","3031092","2026-04-19 18:00","2026","04","19","18:00","","17.4","","-3.0","","24","","","","26","","22","","64.4","","88.30","","","","","","NA"
"-114.01","51.12","CALGARY INTL A","3031092","2026-04-19 19:00","2026","04","19","19:00","","16.8","","-3.7","","24","","","","27","","16","","32.2","","88.28","","","","","","NA"
"-114.01","51.12","CALGARY INTL A","3031092","2026-04-19 20:00","2026","04","19","20:00","","15.7","","-3.5","","26","","","","27","","18","","24.1","","88.32","","","","","","Mostly Cloudy"
"-114.01","51.12","CALGARY INTL A","3031092","2026-04-19 21:00","2026","04","19","21:00","","14.9","","-3.0","","29","","","","27","","19","","24.1","","88.36","","","","","","NA"
"-114.01","51.12","CALGARY INTL A","3031092","2026-04-19 22:00","2026","04","19","22:00","","13.8","","-2.6","","32","","","","27","","19","","24.1","","88.38","","","","","","NA"
"-114.01","51.12","CALGARY INTL A","3031092","2026-04-19 23:00","2026","04","19","23:00","","13.4","","-2.5","","33","","","","28","","21","","24.1","","88.39","","","","","","Mostly Cloudy"
"-114.01","51.12","CALGARY INTL A","3031092","2026-04-20 00:00","2026","04","20","00:00","","13.4","","-2.4","","33","","","","28","","18","","24.1","","88.44","","","","","","NA"
"-114.01","51.12","CALGARY INTL A","3031092","2026-04-20 01:00","2026","04","20","01:00","","11.4","","-2.2","","38","","","","30","","6","","24.1","","88.50","","","","","","NA"
"-114.01","51.12","CALGARY INTL A","3031092","2026-04-20 02:00","2026","04","20","02:00","","5.3","","-1.9","","60","","","","5","","9","","24.1","","88.52","","","","","","Clear"
"-114.01","51.12","CALGARY INTL A","3031092","2026-04-20 03:00","2026","04","20","03:00","","4.7","","-1.5","","64","","","","4","","7","","24.1","","88.52","","","","","","NA"
"-114.01","51.12","CALGARY INTL A","3031092","2026-04-20 04:00","2026","04","20","04:00","","5.0","","-1.8","","61","","","","1","","11","","24.1","","88.54","","","","","","NA"
"-114.01","51.12","CALGARY INTL A","3031092","2026-04-20 05:00","2026","04","20","05:00","","5.0","","-1.8","","61","","","","35","","8","","24.1","","88.57","","","","","","Mainly Clear"
"-114.01","51.12","CALGARY INTL A","3031092","2026-04-20 06:00","2026","04","20","06:00","","6.1","","-1.1","","60","","","","21","","6","","48.3","","88.58","","","","","","NA"
"-114.01","51.12","CALGARY INTL A","3031092","2026-04-20 07:00","2026","04","20","07:00","","8.4","","0.4","","57","","","","20","","5","","64.4","","88.59","","","","","","NA"
"-114.01","51.12","CALGARY INTL A","3031092","2026-04-20 08:00","2026","04","20","08:00","","10.6","","0.3","","49","","","","18","","21","","64.4","","88.56","","","","","","Mainly Clear"
"-114.01","51.12","CALGARY INTL A","3031092","2026-04-20 09:00","2026","04","20","09:00","","12.1","","1.2","","47","","","","16","","27","","64.4","","88.53","","","","","","NA"
"-114.01","51.12","CALGARY INTL A","3031092","2026-04-20 10:00","2026","04","20","10:00","","13.8","","1.4","","42","","","","17","","25","","64.4","","88.45","","","","","","NA"
"-114.01","51.12","CALGARY INTL A","3031092","2026-04-20 11:00","2026","04","20","11:00","","16.1","","2.8","","41","","","","17","","17","","64.4","","88.39","","","","","","Mainly Clear"
"-114.01","51.12","CALGARY INTL A","3031092","2026-04-20 12:00","2026","04","20","12:00","","18.6","","2.8","","34","","","","18","","16","","64.4","","88.27","","","","","","NA"
"-114.01","51.12","CALGARY INTL A","3031092","2026-04-20 13:00","2026","04","20","13:00","","20.7","","2.3","","29","","","","16","","16","","64.4","","88.18","","","","","","NA"
"-114.01","51.12","CALGARY INTL A","3031092","2026-04-20 14:00","2026","04","20","14:00","","22.1","","-2.8","","18","","","","25","","16","","64.4","","88.12","","","","","","Mainly Clear"
"-114.01","51.12","CALGARY INTL A","3031092","2026-04-20 15:00","2026","04","20","15:00","","21.4","","-3.3","","19","","","","27","","25","","64.4","","88.10","","","","","","NA"
"-114.01","51.12","CALGARY INTL A","3031092","2026-04-20 16:00","2026","04","20","16:00","","21.1","","-3.3","","19","","","","27","","31","","64.4","","88.07","","","","","","NA"
"-114.01","51.12","CALGARY INTL A","3031092","2026-04-20 17:00","2026","04","20","17:00","","20.8","","-3.3","","19","","","","28","","28","","64.4","","88.08","","","","","","Mainly Clear"
"-114.01","51.12","CALGARY INTL A","3031092","2026-04-20 18:00","2026","04","20","18:00","","19.4","","-2.9","","22","","","","28","","25","","64.4","","88.07","","","","","","NA"
"-114.01","51.12","CALGARY INTL A","3031092","2026-04-20 19:00","2026","04","20","19:00","","18.5","","-2.7","","23","","","","29","","26","","32.2","","88.08","","","","","","NA"
"-114.01","51.12","CALGARY INTL A","3031092","2026-04-20 20:00","2026","04","20","20:00","","17.5","","-2.6","","25","","","","28","","16","","32.2","","88.14","","","","","","Mostly Cloudy"
"-114.01","51.12","CALGARY INTL A","3031092","2026-04-20 21:00","2026","04","20","21:00","","17.0","","-3.0","","25","","","","28","","19","","24.1","","88.19","","","","","","NA"
"-114.01","51.12","CALGARY INTL A","3031092","2026-04-20 22:00","2026","04","20","22:00","","15.5","","-2.6","","28","","","","27","","6","","24.1","","88.22","","","","","","NA"
"-114.01","51.12","CALGARY INTL A","3031092","2026-04-20 23:00","2026","04","20","23:00","","14.5","","-2.4","","31","","","","25","","8","","24.1","","88.22","","","","","","Mostly Cloudy"
"-114.01","51.12","CALGARY INTL A","3031092","2026-04-21 00:00","2026","04","21","00:00","","13.9","","-2.2","","33","","","","25","","8","","24.1","","88.25","","","","","","NA"
"-114.01","51.12","CALGARY INTL A","3031092","2026-04-21 01:00","2026","04","21","01:00","","13.2","","-2.3","","34","","","","","","0","","24.1","","88.24","","","","","","NA"
"-114.01","51.12","CALGARY INTL A","3031092","2026-04-21 02:00","2026","04","21","02:00","","9.9","","0.0","","50","","","","","","0","","24.1","","88.26","","","","","","Mostly Cloudy"
"-114.01","51.12","CALGARY INTL A","3031092","2026-04-21 03:00","2026","04","21","03:00","","8.7","","0.2","","55","","","","7","","5","","24.1","","88.23","","","","","","NA"
"-114.01","51.12","CALGARY INTL A","3031092","2026-04-21 04:00","2026","04","21","04:00","","8.4","","-0.8","","52","","","","33","","4","","24.1","","88.24","","","","","","NA"
"-114.01","51.12","CALGARY INTL A","3031092","2026-04-21 05:00","2026","04","21","05:00","","8.8","","-0.5","","52","","","","16","","3","","24.1","","88.29","","","","","","Mostly Cloudy"
"-114.01","51.12","CALGARY INTL A","3031092","2026-04-21 06:00","2026","04","21","06:00","","7.8","","-0.2","","57","","","","33","","5","","32.2","","88.31","","","","","","NA"
"-114.01","51.12","CALGARY INTL A","3031092","2026-04-21 07:00","2026","04","21","07:00","","9.1","","0.0","","53","","","","2","","6","","64.4","","88.35","","","","","","NA"
"-114.01","51.12","CALGARY INTL A","3031092","2026-04-21 08:00","2026","04","21","08:00","","13.1","","-0.1","","40","","","","34","","13","","64.4","","88.36","","","","","","Mainly Clear"
"-114.01","51.12","CALGARY INTL A","3031092","2026-04-21 09:00","2026","04","21","09:00","","15.6","","1.4","","38","","","","3","","15","","64.4","","88.36","","","","","","NA"
"-114.01","51.12","CALGARY INTL A","3031092","2026-04-21 10:00","2026","04","21","10:00","","17.0","","-0.7","","30","","","","3","","11","","64.4","","88.36","","","","","","NA"
"-114.01","51.12","CALGARY INTL A","3031092","2026-04-21 11:00","2026","04","21","11:00","","18.1","","-1.1","","27","","","","34","","5","","64.4","","88.34","","","","","","Mainly Clear"
"-114.01","51.12","CALGARY INTL A","3031092","2026-04-21 12:00","2026","04","21","12:00","","19.3","","-0.8","","25","","","","5","","10","","64.4","","88.30","","","","","","NA"
"-114.01","51.12","CALGARY INTL A","3031092","2026-04-21 13:00","2026","04","21","13:00","","19.8","","-0.2","","26","","","","5","","8","","64.4","","88.22","","","","","","NA"
"-114.01","51.12","CALGARY INTL A","3031092","2026-04-21 14:00","2026","04","21","14:00","","21.0","","0.4","","25","","","","5","","10","","64.4","","88.13","","","","","","Mostly Cloudy"
"-114.01","51.12","CALGARY INTL A","3031092","2026-04-21 15:00","2026","04","21","15:00","","21.6","","-1.1","","22","","","","14","","12","","64.4","","88.08","","","","","","NA"
"-114.01","51.12","CALGARY INTL A","3031092","2026-04-21 16:00","2026","04","21","16:00","","21.5","","0.0","","24","","","","11","","19","","64.4","","88.03","","","","","","NA"
"-114.01","51.12","CALGARY INTL A","3031092","2026-04-21 17:00","2026","04","21","17:00","","20.1","","0.3","","26","","","","10","","20","","64.4","","87.99","","","","","","Mostly Cloudy"
"-114.01","51.12","CALGARY INTL A","3031092","2026-04-21 18:00","2026","04","21","18:00","","19.6","","1.0","","29","","","","11","","9","","64.4","","87.97","","","","","","NA"
"-114.01","51.12","CALGARY INTL A","3031092","2026-04-21 19:00","2026","04","21","19:00","","18.1","","0.7","","31","","","","3","","5","","48.3","","87.94","","","","","","NA"
"-114.01","51.12","CALGARY INTL A","3031092","2026-04-21 20:00","2026","04","21","20:00","","18.8","","-0.6","","27","","","","17","","13","","32.2","","87.89","","","","","","Mostly Cloudy"
"-114.01","51.12","CALGARY INTL A","3031092","2026-04-21 21:00","2026","04","21","21:00","","16.7","","-0.3","","31","","","","16","","15","","24.1","","87.90","","","","","","NA"
"-114.01","51.12","CALGARY INTL A","3031092","2026-04-21 22:00","2026","04","21","22:00","","14.2","","0.3","","38","","","","18","","11","","24.1","","87.88","","","","","","NA"
"-114.01","51.12","CALGARY INTL A","3031092","2026-04-21 23:00","2026","04","21","23:00","","14.6","","-0.2","","36","","","","22","","4","","24.1","","87.85","","","","","","Mainly Clear"
"-114.01","51.12","CALGARY INTL A","3031092","2026-04-22 00:00","2026","04","22","00:00","","13.7","","-0.2","","38","","","","","","0","","24.1","","87.81","","","","","","NA"
"-114.01","51.12","CALGARY INTL A","3031092","2026-04-22 01:00","2026","04","22","01:00","","12.2","","1.2","","47","","","","34","","4","","24.1","","87.80","","","","","","NA"
"-114.01","51.12","CALGARY INTL A","3031092","2026-04-22 02:00","2026","04","22","02:00","","11.0","","2.7","","56","","","","34","","19","","24.1","","87.76","","","","","","Mostly Cloudy"
"-114.01","51.12","CALGARY INTL A","3031092","2026-04-22 03:00","2026","04","22","03:00","","10.1","","2.2","","58","","","","33","","29","","24.1","","87.69","","","","","","NA"
"-114.01","51.12","CALGARY INTL A","3031092","2026-04-22 04:00","2026","04","22","04:00","","9.2","","1.5","","59","","","","34","","26","","24.1","","87.71","","","","","","NA"
"-114.01","51.12","CALGARY INTL A","3031092","2026-04-22 05:00","2026","04","22","05:00","","9.0","","1.7","","60","","","","34","","32","","24.1","","87.75","","","","","","Mainly Clear"
"-114.01","51.12","CALGARY INTL A","3031092","2026-04-22 06:00","2026","04","22","06:00","","8.6","","3.0","","68","","","","34","","31","","32.2","","87.76","","","","","","NA"
"-114.01","51.12","CALGARY INTL A","3031092","2026-04-22 07:00","2026","04","22","07:00","","8.6","","0.3","","56","","","","35","","34","","64.4","","87.76","","","","","","NA"
"-114.01","51.12","CALGARY INTL A","3031092","2026-04-22 08:00","2026","04","22","08:00","","9.4","","0.7","","54","","","","35","","44","","64.4","","87.72","","","","","","Mostly Cloudy"
"-114.01","51.12","CALGARY INTL A","3031092","2026-04-22 09:00","2026","04","22","09:00","","11.3","","2.1","","53","","","","35","","39","","48.3","","87.74","","","","","","NA"
"-114.01","51.12","CALGARY INTL A","3031092","2026-04-22 10:00","2026","04","22","10:00","","11.4","","1.9","","52","","","","36","","34","","32.2","","87.75","","","","","","NA"
"-114.01","51.12","CALGARY INTL A","3031092","2026-04-22 11:00","2026","04","22","11:00","","11.9","","1.6","","49","","","","36","","47","","32.2","","87.75","","","","","","Mostly Cloudy"
"-114.01","51.12","CALGARY INTL A","3031092","2026-04-22 12:00","2026","04","22","12:00","","11.7","","0.5","","46","","","","34","","47","","32.2","","87.78","","","","","","NA"
"-114.01","51.12","CALGARY INTL A","3031092","2026-04-22 13:00","2026","04","22","13:00","","11.8","","-0.4","","43","","","","36","","48","","24.1","","87.82","","","","","","NA"
"-114.01","51.12","CALGARY INTL A","3031092","2026-04-22 14:00","2026","04","22","14:00","","9.2","","-1.3","","48","","","","35","","42","","24.1","","87.88","","","","","","Cloudy"
"-114.01","51.12","CALGARY INTL A","3031092","2026-04-22 15:00","2026","04","22","15:00","","9.7","","-1.2","","47","","","","36","","48","","24.1","","87.93","","","","","","NA"
"-114.01","51.12","CALGARY INTL A","3031092","2026-04-22 16:00","2026","04","22","16:00","","8.7","","-0.8","","51","","","","36","","52","","32.2","","87.99","","","","","","NA"
"-114.01","51.12","CALGARY INTL A","3031092","2026-04-22 17:00","2026","04","22","17:00","","6.5","","-1.4","","57","","","","34","","43","","24.1","","88.08","","","","","","Mostly Cloudy"
"-114.01","51.12","CALGARY INTL A","3031092","2026-04-22 18:00","2026","04","22","18:00","","5.7","","-2.2","","57","","","","36","","54","","24.1","","88.16","","","","","","NA"
"-114.01","51.12","CALGARY INTL A","3031092","2026-04-22 19:00","2026","04","22","19:00","","5.2","","-1.8","","60","","","","36","","33","","32.2","","88.22","","","","","","NA"
"-114.01","51.12","CALGARY INTL A","3031092","2026-04-22 20:00","2026","04","22","20:00","","4.9","","-3.2","","56","","","","36","","39","","24.1","","88.29","","","","","","Mostly Cloudy"
"-114.01","51.12","CALGARY INTL A","3031092","2026-04-22 21:00","2026","04","22","21:00","","4.3","","-2.9","","60","","","","36","","29","","24.1","","88.37","","","","","","NA"
"-114.01","51.12","CALGARY INTL A","3031092","2026-04-22 22:00","2026","04","22","22:00","","3.4","","-3.8","","59","","","","35","","41","","24.1","","88.46","","","","","","NA"
"-114.01","51.12","CALGARY INTL A","3031092","2026-04-22 23:00","2026","04","22","23:00","","2.1","","-5.3","","58","","","","36","","36","","24.1","","88.54","","","","","","Mostly Cloudy"
"-114.01","51.12","CALGARY INTL A","3031092","2026-04-23 00:00","2026","04","23","00:00","","1.8","","-6.3","","55","","","","35","","35","","24.1","","88.56","","","","","","NA"
"-114.01","51.12","CALGARY INTL A","3031092","2026-04-23 01:00","2026","04","23","01:00","","1.4","","-5.8","","59","","","","35","","31","","24.1","","88.56","","","","","","NA"
"-114.01","51.12","CALGARY INTL A","3031092","2026-04-23 02:00","2026","04","23","02:00","","0.7","","-6.8","","57","","","","34","","35","","24.1","","88.59","","","","","","Mostly Cloudy"
"-114.01","51.12","CALGARY INTL A","3031092","2026-04-23 03:00","2026","04","23","03:00","","0.2","","-7.6","","56","","","","34","","30","","24.1","","88.60","","","","","","NA"
"-114.01","51.12","CALGARY INTL A","3031092","2026-04-23 04:00","2026","04","23","04:00","","-0.3","","-8.1","","56","","","","34","","40","","24.1","","88.65","","","","-8","","NA"
"-114.01","51.12","CALGARY INTL A","3031092","2026-04-23 05:00","2026","04","23","05:00","","-1.0","","-7.5","","62","","","","34","","36","","24.1","","88.69","","","","-8","","Mainly Clear"
"-114.01","51.12","CALGARY INTL A","3031092","2026-04-23 06:00","2026","04","23","06:00","","-0.8","","-6.5","","65","","","","35","","37","","32.2","","88.73","","","","-8","","NA"
"-114.01","51.12","CALGARY INTL A","3031092","2026-04-23 07:00","2026","04","23","07:00","","0.3","","-7.5","","56","","","","34","","43","","48.3","","88.78","","","","","","NA"
"-114.01","51.12","CALGARY INTL A","3031092","2026-04-23 08:00","2026","04","23","08:00","","1.7","","-8.4","","47","","","","34","","45","","48.3","","88.78","","","","","","Mostly Cloudy"
"-114.01","51.12","CALGARY INTL A","3031092","2026-04-23 09:00","2026","04","23","09:00","","1.8","","-8.6","","46","","","","35","","48","","32.2","","88.77","","","","","","NA"
"-114.01","51.12","CALGARY INTL A","3031092","2026-04-23 10:00","2026","04","23","10:00","","1.1","","-6.1","","59","","","","34","","45","","32.2","","88.76","","","","","","Snow Showers"
"-114.01","51.12","CALGARY INTL A","3031092","2026-04-23 11:00","2026","04","23","11:00","","2.2","","-7.9","","47","","","","34","","46","","48.3","","88.76","","","","","","Snow Showers"
"-114.01","51.12","CALGARY INTL A","3031092","2026-04-23 12:00","2026","04","23","12:00","","4.3","","-10.5","","33","","","","33","","50","","64.4","","88.73","","","","","","NA"
"-114.01","51.12","CALGARY INTL A","3031092","2026-04-23 13:00","2026","04","23","13:00","","4.7","","-12.0","","29","","","","36","","54","","48.3","","88.72","","","","","","NA"
"-114.01","51.12","CALGARY INTL A","3031092","2026-04-23 14:00","2026","04","23","14:00","","4.1","","-10.2","","34","","","","31","","54","","32.2","","88.72","","","","","","Mostly Cloudy"
"-114.01","51.12","CALGARY INTL A","3031092","2026-04-23 15:00","2026","04","23","15:00","","4.5","","-12.7","","28","","","","33","","53","","24.1","","88.72","","","","","","NA"
"-114.01","51.12","CALGARY INTL A","3031092","2026-04-23 16:00","2026","04","23","16:00","","1.6","","-8.3","","48","","","","31","","41","","24.1","","88.80","","","","","","NA"
"-114.01","51.12","CALGARY INTL A","3031092","2026-04-23 17:00","2026","04","23","17:00","","2.2","","-7.8","","48","","","","31","","48","","24.1","","88.85","","","","","","Mostly Cloudy"
"-114.01","51.12","CALGARY INTL A","3031092","2026-04-23 18:00","2026","04","23","18:00","","3.1","","-12.4","","31","","","","35","","46","","24.1","","88.93","","","","","","NA"
"-114.01","51.12","CALGARY INTL A","3031092","2026-04-23 19:00","2026","04","23","19:00","","1.8","","-12.4","","34","","","","33","","45","","16.1","","88.97","","","","","","NA"
"-114.01","51.12","CALGARY INTL A","3031092","2026-04-23 20:00","2026","04","23","20:00","","0.9","","-11.6","","39","","","","35","","46","","32.2","","89.00","","","","","","Cloudy"
"-114.01","51.12","CALGARY INTL A","3031092","2026-04-23 21:00","2026","04","23","21:00","","-0.2","","-9.5","","50","","","","35","","38","","24.1","","89.08","","","","-7","","NA"
"-114.01","51.12","CALGARY INTL A","3031092","2026-04-23 22:00","2026","04","23","22:00","","-1.0","","-8.8","","56","","","","34","","33","","24.1","","89.06","","","","-8","","NA"
"-114.01","51.12","CALGARY INTL A","3031092","2026-04-23 23:00","2026","04","23","23:00","","-1.1","","-8.5","","57","","","","35","","33","","16.1","","89.05","","","","-8","","Cloudy"
"-114.01","51.12","CALGARY INTL A","3031092","2026-04-24 00:00","2026","04","24","00:00","","-1.2","","-9.1","","56","","","","33","","40","","16.1","","89.00","","","","-9","","NA"
"-114.01","51.12","CALGARY INTL A","3031092","2026-04-24 01:00","2026","04","24","01:00","","-1.5","","-10.3","","51","","","","33","","49","","16.1","","88.97","","","","-10","","NA"
"-114.01","51.12","CALGARY INTL A","3031092","2026-04-24 02:00","2026","04","24","02:00","","-2.1","","-9.8","","56","","","","32","","49","","12.9","","88.96","","","","-11","","Cloudy"
"-114.01","51.12","CALGARY INTL A","3031092","2026-04-24 03:00","2026","04","24","03:00","","-2.1","","-10.9","","51","","","","34","","62","","12.9","","88.95","","","","-12","","NA"
"-114.01","51.12","CALGARY INTL A","3031092","2026-04-24 04:00","2026","04","24","04:00","","-1.9","","-12.7","","43","","","","34","","53","","12.9","","88.95","","","","-11","","NA"
"-114.01","51.12","CALGARY INTL A","3031092","2026-04-24 05:00","2026","04","24","05:00","","-2.1","","-13.1","","43","","","","33","","58","","64.4","","88.92","","","","-12","","Cloudy"
"-114.01","51.12","CALGARY INTL A","3031092","2026-04-24 06:00","2026","04","24","06:00","","-2.4","","-12.9","","45","","","","34","","59","","64.4","","88.91","","","","-12","","NA"
"-114.01","51.12","CALGARY INTL A","3031092","2026-04-24 07:00","2026","04","24","07:00","","-2.1","","-14.7","","38","","","","33","","49","","64.4","","88.89","","","","-11","","NA"
"-114.01","51.12","CALGARY INTL A","3031092","2026-04-24 08:00","2026","04","24","08:00","","-1.4","","-14.7","","36","","","","34","","58","","64.4","","88.85","","","","-11","","Cloudy"
"-114.01","51.12","CALGARY INTL A","3031092","2026-04-24 09:00","2026","04","24","09:00","","-0.5","","-14.8","","33","","","","33","","70","","64.4","","88.78","","","","-10","","NA"
"-114.01","51.12","CALGARY INTL A","3031092","2026-04-24 10:00","2026","04","24","10:00","","-0.9","","-13.0","","40","","","","34","","59","","64.4","","88.80","","","","-10","","NA"
"-114.01","51.12","CALGARY INTL A","3031092","2026-04-24 11:00","2026","04","24","11:00","","-0.3","","-11.5","","43","","","","34","","52","","48.3","","88.80","","","","-9","","Cloudy"
"-114.01","51.12","CALGARY INTL A","3031092","2026-04-24 12:00","2026","04","24","12:00","","0.4","","-12.6","","37","","","","34","","52","","32.2","","88.80","","","","","","NA"
"-114.01","51.12","CALGARY INTL A","3031092","2026-04-24 13:00","2026","04","24","13:00","","1.6","","-12.6","","34","","","","34","","55","","24.1","","88.78","","","","","","NA"
"-114.01","51.12","CALGARY INTL A","3031092","2026-04-24 14:00","2026","04","24","14:00","","1.8","","-12.1","","35","","","","32","","52","","32.2","","88.79","","","","","","Cloudy"
"-114.01","51.12","CALGARY INTL A","3031092","2026-04-24 15:00","2026","04","24","15:00","","1.8","","-11.5","","37","","","","33","","50","","24.1","","88.84","","","","","","NA"
"-114.01","51.12","CALGARY INTL A","3031092","2026-04-24 16:00","2026","04","24","16:00","","1.1","","-11.1","","40","","","","32","","52","","24.1","","88.87","","","","","","NA"
"-114.01","51.12","CALGARY INTL A","3031092","2026-04-24 17:00","2026","04","24","17:00","","1.0","","-10.1","","44","","","","33","","49","","24.1","","88.90","","","","","","Cloudy"
"-114.01","51.12","CALGARY INTL A","3031092","2026-04-24 18:00","2026","04","24","18:00","","0.0","","-8.0","","55","","","","35","","45","","16.1","","88.94","","","","-8","","NA"
"-114.01","51.12","CALGARY INTL A","3031092","2026-04-24 19:00","2026","04","24","19:00","","-0.3","","-7.7","","58","","","","34","","40","","24.1","","88.98","","","","-8","","NA"
"-114.01","51.12","CALGARY INTL A","3031092","2026-04-24 20:00","2026","04","24","20:00","","-0.4","","-8.7","","53","","","","33","","37","","24.1","","88.99","","","","-8","","Cloudy"
"-114.01","51.12","CALGARY INTL A","3031092","2026-04-24 21:00","2026","04","24","21:00","","-2.3","","-4.1","","88","","","","35","","29","","1.6","","89.05","","","","-9","","Snow,Fog"
"-114.01","51.12","CALGARY INTL A","3031092","2026-04-24 22:00","2026","04","24","22:00","","-2.6","","-4.4","","88","","","","35","","34","","1.6","","89.04","","","","-10","","Snow,Fog"
"-114.01","51.12","CALGARY INTL A","3031092","2026-04-24 23:00","2026","04","24","23:00","","-3.1","","-4.4","","90","","","","36","","23","","1.6","","89.03","","","","-10","","Snow,Fog"
"-114.01","51.12","CALGARY INTL A","3031092","2026-04-25 00:00","2026","04","25","00:00","","-3.0","","-4.3","","91","","","","34","","18","","2.0","","89.00","","","","-9","","Snow,Fog"
"-114.01","51.12","CALGARY INTL A","3031092","2026-04-25 01:00","2026","04","25","01:00","","-2.9","","-4.5","","89","","","","35","","27","","2.0","","88.99","","","","-10","","Snow,Fog"
"-114.01","51.12","CALGARY INTL A","3031092","2026-04-25 02:00","2026","04","25","02:00","","-4.7","","-6.3","","89","","","","1","","23","","3.2","","88.97","","","","-12","","Snow,Fog"
"-114.01","51.12","CALGARY INTL A","3031092","2026-04-25 03:00","2026","04","25","03:00","","-5.1","","-6.5","","90","","","","36","","23","","1.6","","88.97","","","","-12","","Snow,Fog"
"-114.01","51.12","CALGARY INTL A","3031092","2026-04-25 04:00","2026","04","25","04:00","","-5.1","","-7.1","","86","","","","35","","21","","3.2","","88.95","","","","-12","","Snow,Fog"
"-114.01","51.12","CALGARY INTL A","3031092","2026-04-25 05:00","2026","04","25","05:00","","-5.1","","-7.3","","85","","","","35","","17","","1.6","","88.94","","","","-11","","Snow,Fog"
"-114.01","51.12","CALGARY INTL A","3031092","2026-04-25 06:00","2026","04","25","06:00","","-5.0","","-7.5","","83","","","","33","","17","","1.6","","88.92","","","","-11","","Snow,Fog"
"-114.01","51.12","CALGARY INTL A","3031092","2026-04-25 07:00","2026","04","25","07:00","","-4.8","","-7.0","","85","","","","34","","20","","1.6","","88.92","","","","-11","","Snow"
"-114.01","51.12","CALGARY INTL A","3031092","2026-04-25 08:00","2026","04","25","08:00","","-4.4","","-6.5","","85","","","","32","","12","","2.8","","88.89","","","","-9","","Snow"
"-114.01","51.12","CALGARY INTL A","3031092","2026-04-25 09:00","2026","04","25","09:00","","-3.1","","-5.7","","82","","","","32","","17","","3.6","","88.85","","","","-9","","Snow"
"-114.01","51.12","CALGARY INTL A","3031092","2026-04-25 10:00","2026","04","25","10:00","","-2.5","","-5.9","","77","","","","34","","30","","6.4","","88.83","","","","-10","","Snow,Fog"
"-114.01","51.12","CALGARY INTL A","3031092","2026-04-25 11:00","2026","04","25","11:00","","-1.8","","-6.1","","72","","","","34","","34","","9.7","","88.80","","","","-9","","Snow"
"-114.01","51.12","CALGARY INTL A","3031092","2026-04-25 12:00","2026","04","25","12:00","","-1.5","","-6.5","","69","","","","36","","32","","9.7","","88.76","","","","-9","","Fog"
"-114.01","51.12","CALGARY INTL A","3031092","2026-04-25 13:00","2026","04","25","13:00","","-0.7","","-4.4","","76","","","","36","","27","","24.1","","88.74","","","","-7","","NA"
"-114.01","51.12","CALGARY INTL A","3031092","2026-04-25 14:00","2026","04","25","14:00","","0.0","","-5.5","","67","","","","36","","32","","14.5","","88.70","","","","-7","","Cloudy"
"-114.01","51.12","CALGARY INTL A","3031092","2026-04-25 15:00","2026","04","25","15:00","","0.0","","-4.8","","71","","","","1","","32","","24.1","","88.65","","","","-7","","NA"
"-114.01","51.12","CALGARY INTL A","3031092","2026-04-25 16:00","2026","04","25","16:00","","0.2","","-5.8","","64","","","","36","","33","","14.5","","88.68","","","","","","NA"
"-114.01","51.12","CALGARY INTL A","3031092","2026-04-25 17:00","2026","04","25","17:00","","-1.0","","-4.3","","79","","","","2","","32","","14.5","","88.70","","","","-8","","Snow"
"-114.01","51.12","CALGARY INTL A","3031092","2026-04-25 18:00","2026","04","25","18:00","","-1.7","","-4.3","","83","","","","2","","22","","14.5","","88.68","","","","-8","","Snow"
"-114.01","51.12","CALGARY INTL A","3031092","2026-04-25 19:00","2026","04","25","19:00","","-2.4","","-4.4","","86","","","","36","","17","","1.6","","88.71","","","","-8","","Snow,Fog"
"-114.01","51.12","CALGARY INTL A","3031092","2026-04-25 20:00","2026","04","25","20:00","","-2.7","","-4.2","","89","","","","2","","24","","2.0","","88.75","","","","-9","","Snow,Fog"
"-114.01","51.12","CALGARY INTL A","3031092","2026-04-25 21:00","2026","04","25","21:00","","-4.5","","-6.1","","89","","","","5","","26","","2.0","","88.83","","","","-12","","Snow,Fog"
"-114.01","51.12","CALGARY INTL A","3031092","2026-04-25 22:00","2026","04","25","22:00","","-4.7","","-7.0","","84","","","","1","","13","","12.9","","88.83","","","","-10","","NA"
"-114.01","51.12","CALGARY INTL A","3031092","2026-04-25 23:00","2026","04","25","23:00","","-5.0","","-7.6","","82","","","","35","","14","","16.1","","88.82","","","","-10","","Mostly Cloudy"
"-114.01","51.12","CALGARY INTL A","3031092","2026-04-26 00:00","2026","04","26","00:00","","-5.4","","-8.0","","82","","","","34","","14","","12.9","","88.81","","","","-11","","NA"
"-114.01","51.12","CALGARY INTL A","3031092","2026-04-26 01:00","2026","04","26","01:00","","-5.7","","-7.6","","86","","","","1","","16","","9.7","","88.83","","","","-12","","Snow,Fog"
"-114.01","51.12","CALGARY INTL A","3031092","2026-04-26 02:00","2026","04","26","02:00","","-6.6","","-8.7","","85","","","","3","","15","","9.7","","88.83","","","","-13","","Snow,Fog"
"-114.01","51.12","CALGARY INTL A","3031092","2026-04-26 03:00","2026","04","26","03:00","","-6.9","","-8.7","","87","","","","1","","11","","12.9","","88.80","","","","-12","","Snow"
"-114.01","51.12","CALGARY INTL A","3031092","2026-04-26 04:00","2026","04","26","04:00","","-7.0","","-8.7","","87","","","","1","","16","","9.7","","88.82","","","","-13","","Snow,Fog"
"-114.01","51.12","CALGARY INTL A","3031092","2026-04-26 05:00","2026","04","26","05:00","","-7.5","","-9.2","","87","","","","1","","13","","9.7","","88.83","","","","-13","","Snow,Fog"
"-114.01","51.12","CALGARY INTL A","3031092","2026-04-26 06:00","2026","04","26","06:00","","-7.7","","-10.0","","84","","","","36","","20","","3.2","","88.90","","","","-15","","Snow,Fog"
"-114.01","51.12","CALGARY INTL A","3031092","2026-04-26 07:00","2026","04","26","07:00","","-8.0","","-10.9","","80","","","","1","","22","","8.1","","88.97","","","","-16","","Snow,Fog"
"-114.01","51.12","CALGARY INTL A","3031092","2026-04-26 08:00","2026","04","26","08:00","","-7.7","","-11.2","","77","","","","2","","18","","9.7","","89.01","","","","-15","","Snow,Fog"
"-114.01","51.12","CALGARY INTL A","3031092","2026-04-26 09:00","2026","04","26","09:00","","-7.1","","-10.9","","74","","","","1","","13","","24.1","","89.02","","","","-13","","Snow"
"-114.01","51.12","CALGARY INTL A","3031092","2026-04-26 10:00","2026","04","26","10:00","","-6.1","","-10.9","","69","","","","36","","16","","14.5","","89.03","","","","-12","","NA"
"-114.01","51.12","CALGARY INTL A","3031092","2026-04-26 11:00","2026","04","26","11:00","","-4.5","","-9.4","","69","","","","1","","15","","24.1","","89.01","","","","-10","","Mostly Cloudy"
"-114.01","51.12","CALGARY INTL A","3031092","2026-04-26 12:00","2026","04","26","12:00","","-4.4","","-10.0","","65","","","","36","","22","","24.1","","89.02","","","","-11","","NA"
"-114.01","51.12","CALGARY INTL A","3031092","2026-04-26 13:00","2026","04","26","13:00","","-3.5","","-10.3","","60","","","","2","","21","","24.1","","89.04","","","","-10","","NA"
"-114.01","51.12","CALGARY INTL A","3031092","2026-04-26 14:00","2026","04","26","14:00","","-2.3","","-9.7","","57","","","","35","","17","","24.1","","89.04","","","","-8","","Mostly Cloudy"
"-114.01","51.12","CALGARY INTL A","3031092","2026-04-26 15:00","2026","04","26","15:00","","-2.7","","-9.6","","59","","","","1","","17","","24.1","","89.07","","","","-8","","NA"
"-114.01","51.12","CALGARY INTL A","3031092","2026-04-26 16:00","2026","04","26","16:00","","-3.2","","-9.2","","63","","","","4","","18","","24.1","","89.07","","","","-9","","NA"
"-114.01","51.12","CALGARY INTL A","3031092","2026-04-26 17:00","2026","04","26","17:00","","-3.1","","-9.4","","62","","","","2","","9","","24.1","","89.09","","","","-7","","Snow Showers"
"-114.01","51.12","CALGARY INTL A","3031092","2026-04-26 18:00","2026","04","26","18:00","","-3.1","","-9.0","","64","","","","6","","8","","24.1","","89.11","","","","-6","","NA"
"-114.01","51.12","CALGARY INTL A","3031092","2026-04-26 19:00","2026","04","26","19:00","","-3.0","","-9.5","","61","","","","10","","5","","16.1","","89.13","","","","-5","","NA"
"-114.01","51.12","CALGARY INTL A","3031092","2026-04-26 20:00","2026","04","26","20:00","","-3.7","","-9.2","","66","","","","11","","6","","16.1","","89.14","","","","-6","","Mostly Cloudy"
"-114.01","51.12","CALGARY INTL A","3031092","2026-04-26 21:00","2026","04","26","21:00","","-4.2","","-9.3","","68","","","","16","","9","","24.1","","89.15","","","","-8","","NA"
"-114.01","51.12","CALGARY INTL A","3031092","2026-04-26 22:00","2026","04","26","22:00","","-4.4","","-8.9","","71","","","","17","","14","","24.1","","89.12","","","","-10","","NA"
"-114.01","51.12","CALGARY INTL A","3031092","2026-04-26 23:00","2026","04","26","23:00","","-4.9","","-9.0","","73","","","","17","","13","","24.1","","89.10","","","","-10","","Mostly Cloudy"
"-114.01","51.12","CALGARY INTL A","3031092","2026-04-27 00:00","2026","04","27","00:00","","-5.3","","-9.2","","74","","","","19","","11","","24.1","","89.07","","","","-10","","NA"
"-114.01","51.12","CALGARY INTL A","3031092","2026-04-27 01:00","2026","04","27","01:00","","-5.5","","-9.4","","74","","","","18","","14","","24.1","","89.05","","","","-11","","NA"
"-114.01","51.12","CALGARY INTL A","3031092","2026-04-27 02:00","2026","04","27","02:00","","-5.7","","-9.4","","76","","","","19","","13","","24.1","","88.99","","","","-11","","Mainly Clear"
"-114.01","51.12","CALGARY INTL A","3031092","2026-04-27 03:00","2026","04","27","03:00","","-6.0","","-9.9","","74","","","","18","","14","","24.1","","88.94","","","","-12","","NA"
"-114.01","51.12","CALGARY INTL A","3031092","2026-04-27 04:00","2026","04","27","04:00","","-5.8","","-9.3","","76","","","","15","","8","","24.1","","88.91","","","","-10","","NA"
"-114.01","51.12","CALGARY INTL A","3031092","2026-04-27 05:00","2026","04","27","05:00","","-5.9","","-9.0","","79","","","","16","","10","","32.2","","88.88","","","","-10","","Mostly Cloudy"
"-114.01","51.12","CALGARY INTL A","3031092","2026-04-27 06:00","2026","04","27","06:00","","-5.8","","-8.7","","81","","","","14","","16","","64.4","","88.85","","","","-12","","NA"
"-114.01","51.12","CALGARY INTL A","3031092","2026-04-27 07:00","2026","04","27","07:00","","-4.6","","-7.8","","79","","","","16","","15","","64.4","","88.84","","","","-10","","NA"
"-114.01","51.12","CALGARY INTL A","3031092","2026-04-27 08:00","2026","04","27","08:00","","-2.9","","-7.6","","71","","","","16","","19","","64.4","","88.83","","","","-9","","Mainly Clear"
"-114.01","51.12","CALGARY INTL A","3031092","2026-04-27 09:00","2026","04","27","09:00","","-0.4","","-7.9","","57","","","","17","","24","","64.4","","88.81","","","","-6","","NA"
"-114.01","51.12","CALGARY INTL A","3031092","2026-04-27 10:00","2026","04","27","10:00","","1.6","","-6.4","","55","","","","15","","23","","64.4","","88.77","","","","","","NA"
"-114.01","51.12","CALGARY INTL A","3031092","2026-04-27 11:00","2026","04","27","11:00","","3.0","","-5.8","","52","","","","17","","23","","48.3","","88.76","","","","","","Mainly Clear"
"-114.01","51.12","CALGARY INTL A","3031092","2026-04-27 12:00","2026","04","27","12:00","","3.9","","-6.2","","48","","","","15","","23","","48.3","","88.73","","","","","","NA"
"-114.01","51.12","CALGARY INTL A","3031092","2026-04-27 13:00","2026","04","27","13:00","","5.0","","-6.2","","44","","","","18","","17","","32.2","","88.71","","","","","","NA"
"-114.01","51.12","CALGARY INTL A","3031092","2026-04-27 14:00","2026","04","27","14:00","","6.2","","-6.2","","41","","","","16","","9","","32.2","","88.70","","","","","","Mainly Clear"
"-114.01","51.12","CALGARY INTL A","3031092","2026-04-27 15:00","2026","04","27","15:00","","6.7","","-7.1","","37","","","","16","","13","","32.2","","88.66","","","","","","NA"
"-114.01","51.12","CALGARY INTL A","3031092","2026-04-27 16:00","2026","04","27","16:00","","7.0","","-7.3","","35","","","","13","","17","","32.2","","88.66","","","","","","NA"
"-114.01","51.12","CALGARY INTL A","3031092","2026-04-27 17:00","2026","04","27","17:00","","6.1","","-6.8","","39","","","","13","","17","","48.3","","88.65","","","","","","Mainly Clear"
"-114.01","51.12","CALGARY INTL A","3031092","2026-04-27 18:00","2026","04","27","18:00","","6.7","","-6.4","","39","","","","15","","14","","64.4","","88.66","","","","","","NA"
"-114.01","51.12","CALGARY INTL A","3031092","2026-04-27 19:00","2026","04","27","19:00","","5.9","","-6.3","","41","","","","14","","21","","32.2","","88.69","","","","","","NA"
"-114.01","51.12","CALGARY INTL A","3031092","2026-04-27 20:00","2026","04","27","20:00","","4.4","","-6.5","","45","","","","12","","18","","32.2","","88.73","","","","","","Clear"
"-114.01","51.12","CALGARY INTL A","3031092","2026-04-27 21:00","2026","04","27","21:00","","2.0","","-5.9","","56","","","","15","","23","","24.1","","88.79","","","","","","NA"
"-114.01","51.12","CALGARY INTL A","3031092","2026-04-27 22:00","2026","04","27","22:00","","0.7","","-6.4","","59","","","","15","","17","","24.1","","88.82","","","","","","NA"
"-114.01","51.12","CALGARY INTL A","3031092","2026-04-27 23:00","2026","04","27","23:00","","-0.1","","-6.3","","63","","","","20","","17","","24.1","","88.81","","","","-5","","Clear"
"-114.01","51.12","CALGARY INTL A","3031092","2026-04-28 00:00","2026","04","28","00:00","","-0.6","","-6.2","","66","","","","19","","14","","24.1","","88.80","","","","-5","","NA"
"-114.01","51.12","CALGARY INTL A","3031092","2026-04-28 01:00","2026","04","28","01:00","","-1.6","","-5.9","","72","","","","17","","10","","24.1","","88.76","","","","-5","","NA"
"-114.01","51.12","CALGARY INTL A","3031092","2026-04-28 02:00","2026","04","28","02:00","","-1.6","","-5.9","","73","","","","18","","8","","24.1","","88.75","","","","-5","","Clear"
"-114.01","51.12","CALGARY INTL A","3031092","2026-04-28 03:00","2026","04","28","03:00","","-2.0","","-6.2","","73","","","","17","","11","","24.1","","88.73","","","","-6","","NA"
"-114.01","51.12","CALGARY INTL A","3031092","2026-04-28 04:00","2026","04","28","04:00","","-2.8","","-6.2","","77","","","","18","","8","","24.1","","88.73","","","","-6","","NA"
"-114.01","51.12","CALGARY INTL A","3031092","2026-04-28 05:00","2026","04","28","05:00","","-3.1","","-6.5","","78","","","","20","","10","","32.2","","88.73","","","","-7","","Mainly Clear"
"-114.01","51.12","CALGARY INTL A","3031092","2026-04-28 06:00","2026","04","28","06:00","","-1.2","","-6.1","","69","","","","22","","8","","64.4","","88.74","","","","-4","","NA"
"-114.01","51.12","CALGARY INTL A","3031092","2026-04-28 07:00","2026","04","28","07:00","","0.2","","-5.2","","67","","","","20","","4","","64.4","","88.80","","","","","","NA"
"-114.01","51.12","CALGARY INTL A","3031092","2026-04-28 08:00","2026","04","28","08:00","","4.5","","-4.5","","52","","","","20","","3","","64.4","","88.84","","","","","","Mostly Cloudy"
"-114.01","51.12","CALGARY INTL A","3031092","2026-04-28 09:00","2026","04","28","09:00","","9.4","","-8.0","","28","","","","33","","14","","64.4","","88.85","","","","","","NA"
"-114.01","51.12","CALGARY INTL A","3031092","2026-04-28 10:00","2026","04","28","10:00","","10.6","","-8.4","","25","","","","31","","17","","64.4","","88.87","","","","","","NA"
"-114.01","51.12","CALGARY INTL A","3031092","2026-04-28 11:00","2026","04","28","11:00","","11.1","","-6.8","","28","","","","1","","19","","64.4","","88.88","","","","","","Mostly Cloudy"
"-114.01","51.12","CALGARY INTL A","3031092","2026-04-28 12:00","2026","04","28","12:00","","12.4","","-5.8","","28","","","","2","","20","","64.4","","88.88","","","","","","NA"
"-114.01","51.12","CALGARY INTL A","3031092","2026-04-28 13:00","2026","04","28","13:00","","12.7","","-5.5","","28","","","","36","","27","","64.4","","88.92","","","","","","NA"
"-114.01","51.12","CALGARY INTL A","3031092","2026-04-28 14:00","2026","04","28","14:00","","13.1","","-4.7","","29","","","","36","","21","","64.4","","88.94","","","","","","Mainly Clear"
"-114.01","51.12","CALGARY INTL A","3031092","2026-04-28 15:00","2026","04","28","15:00","","13.4","","-5.0","","27","","","","36","","25","","64.4","","88.97","","","","","","NA"
"-114.01","51.12","CALGARY INTL A","3031092","2026-04-28 16:00","2026","04","28","16:00","","12.1","","-5.6","","29","","","","1","","19","","64.4","","88.98","","","","","","NA"
"-114.01","51.12","CALGARY INTL A","3031092","2026-04-28 17:00","2026","04","28","17:00","","12.1","","-4.5","","31","","","","3","","18","","64.4","","89.01","","","","","","Mostly Cloudy"
"-114.01","51.12","CALGARY INTL A","3031092","2026-04-28 18:00","2026","04","28","18:00","","11.1","","-5.6","","31","","","","2","","17","","64.4","","89.06","","","","","","NA"
"-114.01","51.12","CALGARY INTL A","3031092","2026-04-28 19:00","2026","04","28","19:00","","10.1","","-6.3","","31","","","","6","","18","","24.1","","89.13","","","","","","NA"
"-114.01","51.12","CALGARY INTL A","3031092","2026-04-28 20:00","2026","04","28","20:00","","7.2","","-6.7","","37","","","","6","","9","","32.2","","89.22","","","","","","Mainly Clear"
"-114.01","51.12","CALGARY INTL A","3031092","2026-04-28 21:00","2026","04","28","21:00","","4.6","","-6.3","","45","","","","7","","9","","24.1","","89.31","","","","","","NA"
"-114.01","51.12","CALGARY INTL A","3031092","2026-04-28 22:00","2026","04","28","22:00","","4.9","","-6.4","","44","","","","33","","8","","24.1","","89.37","","","","","","NA"
"-114.01","51.12","CALGARY INTL A","3031092","2026-04-28 23:00","2026","04","28","23:00","","3.4","","-6.8","","47","","","","35","","9","","24.1","","89.40","","","","","","Clear"
"-114.01","51.12","CALGARY INTL A","3031092","2026-04-29 00:00","2026","04","29","00:00","","0.4","","-6.0","","62","","","","36","","4","","24.1","","89.42","","","","","","NA"
"-114.01","51.12","CALGARY INTL A","3031092","2026-04-29 01:00","2026","04","29","01:00","","0.5","","-6.9","","58","","","","34","","4","","24.1","","89.45","","","","","","NA"
"-114.01","51.12","CALGARY INTL A","3031092","2026-04-29 02:00","2026","04","29","02:00","","-0.3","","-6.6","","63","","","","","","0","","24.1","","89.45","","","","","","Clear"
"-114.01","51.12","CALGARY INTL A","3031092","2026-04-29 03:00","2026","04","29","03:00","","-1.1","","-6.6","","66","","","","","","0","","24.1","","89.47","","","","","","NA"
"-114.01","51.12","CALGARY INTL A","3031092","2026-04-29 04:00","2026","04","29","04:00","","-1.9","","-6.5","","71","","","","18","","4","","24.1","","89.49","","","","-3","","NA"
"-114.01","51.12","CALGARY INTL A","3031092","2026-04-29 05:00","2026","04","29","05:00","","-1.4","","-6.3","","69","","","","18","","3","","32.2","","89.50","","","","-2","","Clear"
"-114.01","51.12","CALGARY INTL A","3031092","2026-04-29 06:00","2026","04","29","06:00","","-0.1","","-4.6","","72","","","","","","0","","64.4","","89.54","","","","","","NA"
"-114.01","51.12","CALGARY INTL A","3031092","2026-04-29 07:00","2026","04","29","07:00","","3.4","","-3.4","","61","","","","","","0","","64.4","","89.58","","","","","","NA"
"-114.01","51.12","CALGARY INTL A","3031092","2026-04-29 08:00","2026","04","29","08:00","","8.6","","-4.7","","39","","","","34","","13","","64.4","","89.59","","","","","","Mainly Clear"
"-114.01","51.12","CALGARY INTL A","3031092","2026-04-29 09:00","2026","04","29","09:00","","11.3","","-7.3","","26","","","","36","","22","","64.4","","89.60","","","","","","NA"
"-114.01","51.12","CALGARY INTL A","3031092","2026-04-29 10:00","2026","04","29","10:00","","11.8","","-6.2","","28","","","","35","","16","","64.4","","89.59","","","","","","NA"
"-114.01","51.12","CALGARY INTL A","3031092","2026-04-29 11:00","2026","04","29","11:00","","13.3","","-5.0","","28","","","","34","","13","","64.4","","89.59","","","","","","Mostly Cloudy"
"-114.01","51.12","CALGARY INTL A","3031092","2026-04-29 12:00","2026","04","29","12:00","","12.8","","-5.1","","28","","","","1","","16","","64.4","","89.59","","","","","","NA"
"-114.01","51.12","CALGARY INTL A","3031092","2026-04-29 13:00","2026","04","29","13:00","","14.6","","-4.2","","27","","","","36","","17","","64.4","","89.55","","","","","","NA"
"-114.01","51.12","CALGARY INTL A","3031092","2026-04-29 14:00","2026","04","29","14:00","","15.8","","-4.2","","25","","","","36","","25","","64.4","","89.58","","","","","","Mostly Cloudy"
"-114.01","51.12","CALGARY INTL A","3031092","2026-04-29 15:00","2026","04","29","15:00","","15.5","","-4.7","","24","","","","33","","19","","64.4","","89.56","","","","","","NA"
"-114.01","51.12","CALGARY INTL A","3031092","2026-04-29 16:00","2026","04","29","16:00","","15.2","","-4.3","","26","","","","1","","17","","64.4","","89.55","","","","","","NA"
"-114.01","51.12","CALGARY INTL A","3031092","2026-04-29 17:00","2026","04","29","17:00","","14.4","","-4.5","","27","","","","35","","20","","64.4","","89.55","","","","","","Mostly Cloudy"
"-114.01","51.12","CALGARY INTL A","3031092","2026-04-29 18:00","2026","04","29","18:00","","14.9","","-4.3","","26","","","","36","","20","","64.4","","89.56","","","","","","NA"
"-114.01","51.12","CALGARY INTL A","3031092","2026-04-29 19:00","2026","04","29","19:00","","13.3","","-3.3","","31","","","","36","","14","","32.2","","89.55","","","","","","NA"
"-114.01","51.12","CALGARY INTL A","3031092","2026-04-29 20:00","2026","04","29","20:00","","11.1","","-3.4","","36","","","","36","","10","","32.2","","89.58","","","","","","Mostly Cloudy"
"-114.01","51.12","CALGARY INTL A","3031092","2026-04-29 21:00","2026","04","29","21:00","","11.1","","-3.3","","36","","","","34","","8","","24.1","","89.62","","","","","","NA"
"-114.01","51.12","CALGARY INTL A","3031092","2026-04-29 22:00","2026","04","29","22:00","","9.6","","-2.3","","43","","","","34","","4","","24.1","","89.62","","","","","","NA"
"-114.01","51.12","CALGARY INTL A","3031092","2026-04-29 23:00","2026","04","29","23:00","","7.6","","-2.6","","48","","","","5","","8","","24.1","","89.62","","","","","","Mainly Clear"
"-114.01","51.12","CALGARY INTL A","3031092","2026-04-30 00:00","2026","04","30","00:00","","6.2","","-3.2","","51","","","","35","","6","","24.1","","89.63","","","","","","NA"
"-114.01","51.12","CALGARY INTL A","3031092","2026-04-30 01:00","2026","04","30","01:00","","6.6","","-2.8","","51","","","","23","","7","","24.1","","89.63","","","","","","NA"
"-114.01","51.12","CALGARY INTL A","3031092","2026-04-30 02:00","2026","04","30","02:00","","3.5","","-3.1","","62","","","","23","","5","","24.1","","89.61","","","","","","Clear"
"-114.01","51.12","CALGARY INTL A","3031092","2026-04-30 03:00","2026","04","30","03:00"
"-114.01","51.12","CALGARY INTL A","3031092","2026-04-30 04:00","2026","04","30","04:00"
"-114.01","51.12","CALGARY INTL A","3031092","2026-04-30 05:00","2026","04","30","05:00","","6.5","","-4.6","","45","","","","","","0","","32.2","","89.56","","","","","","Clear"
"-114.01","51.12","CALGARY INTL A","3031092","2026-04-30 06:00","2026","04","30","06:00","","8.2","","-4.8","","39","","","","27","","9","","24.1","","89.55","","","","","","NA"
"-114.01","51.12","CALGARY INTL A","3031092","2026-04-30 07:00","2026","04","30","07:00","","9.5","","-4.0","","38","","","","18","","8","","64.4","","89.56","","","","","","NA"
"-114.01","51.12","CALGARY INTL A","3031092","2026-04-30 08:00","2026","04","30","08:00","","11.8","","-3.3","","35","","","","16","","12","","64.4","","89.54","","","","","","Mainly Clear"
"-114.01","51.12","CALGARY INTL A","3031092","2026-04-30 09:00","2026","04","30","09:00","","15.4","","-5.0","","24","","","","29","","13","","64.4","","89.51","","","","","","NA"
"-114.01","51.12","CALGARY INTL A","3031092","2026-04-30 10:00","2026","04","30","10:00","","16.2","","-4.2","","24","","","","28","","3","","64.4","","89.47","","","","","","NA"
"-114.01","51.12","CALGARY INTL A","3031092","2026-04-30 11:00","2026","04","30","11:00","","16.1","","-4.8","","23","","","","36","","4","","64.4","","89.45","","","","","","Mainly Clear"
"-114.01","51.12","CALGARY INTL A","3031092","2026-04-30 12:00","2026","04","30","12:00","","17.3","","-3.7","","23","","","","14","","12","","64.4","","89.40","","","","","","NA"
"-114.01","51.12","CALGARY INTL A","3031092","2026-04-30 13:00","2026","04","30","13:00","","17.7","","-4.1","","22","","","","16","","12","","64.4","","89.34","","","","","","NA"
"-114.01","51.12","CALGARY INTL A","3031092","2026-04-30 14:00","2026","04","30","14:00","","18.3","","-8.3","","15","","","","36","","8","","64.4","","89.28","","","","","","Mostly Cloudy"
"-114.01","51.12","CALGARY INTL A","3031092","2026-04-30 15:00","2026","04","30","15:00","","19.0","","-8.2","","15","","","","10","","6","","64.4","","89.22","","","","","","NA"
"-114.01","51.12","CALGARY INTL A","3031092","2026-04-30 16:00","2026","04","30","16:00","","19.9","","-7.6","","15","","","","24","","6","","64.4","","89.17","","","","","","NA"
"-114.01","51.12","CALGARY INTL A","3031092","2026-04-30 17:00","2026","04","30","17:00","","19.9","","-5.9","","17","","","","18","","12","","64.4","","89.10","","","","","","Mostly Cloudy"
"-114.01","51.12","CALGARY INTL A","3031092","2026-04-30 18:00","2026","04","30","18:00","","19.6","","-6.2","","17","","","","16","","9","","64.4","","89.07","","","","","","NA"
"-114.01","51.12","CALGARY INTL A","3031092","2026-04-30 19:00","2026","04","30","19:00","","18.6","","-5.1","","19","","","","16","","15","","32.2","","89.04","","","","","","NA"
"-114.01","51.12","CALGARY INTL A","3031092","2026-04-30 20:00","2026","04","30","20:00","","16.1","","-5.8","","22","","","","17","","12","","32.2","","89.03","","","","","","Mostly Cloudy"
"-114.01","51.12","CALGARY INTL A","3031092","2026-04-30 21:00","2026","04","30","21:00","","16.3","","-6.4","","20","","","","19","","4","","24.1","","89.06","","","","","","NA"
"-114.01","51.12","CALGARY INTL A","3031092","2026-04-30 22:00","2026","04","30","22:00","","13.3","","-5.0","","28","","","","20","","8","","24.1","","89.03","","","","","","NA"
"-114.01","51.12","CALGARY INTL A","3031092","2026-04-30 23:00","2026","04","30","23:00","","12.2","","-4.5","","31","","","","","","0","","24.1","","89.01","","","","","","Clear"
