"Longitude (x)","Latitude (y)","Station Name","Climate ID","Date/Time (LST)","Year","Month","Day","Time (LST)","Flag","Temp (°C)","Temp Flag","Dew Point Temp (°C)","Dew Point Temp Flag","Rel Hum (%)","Rel Hum Flag","Precip. Amount (mm)","Precip. Amount Flag","Wind Dir (10s deg)","Wind Dir Flag","Wind Spd (km/h)","Wind Spd Flag","Visibility (km)","Visibility Flag","Stn Press (kPa)","Stn Press Flag","Hmdx","Hmdx Flag","Wind Chill","Wind Chill Flag","Weather"
"-114.01","51.12","CALGARY INTL A","3031092","2026-03-01 00:00","2026","03","01","00:00","","-13.7","","-15.3","","88","","","","19","","19","","3.2","","88.98","","","","-22","","Snow Grains,Fog"
"-114.01","51.12","CALGARY INTL A","3031092","2026-03-01 01:00","2026","03","01","01:00","","-14.1","","-16.0","","86","","","","19","","12","","12.9","","88.92","","","","-21","","NA"
"-114.01","51.12","CALGARY INTL A","3031092","2026-03-01 02:00","2026","03","01","02:00","","-14.7","","-16.8","","85","","","","20","","12","","16.1","","88.84","","","","-22","","Clear"
"-114.01","51.12","CALGARY INTL A","3031092","2026-03-01 03:00","2026","03","01","03:00","","-14.5","","-16.7","","84","","","","22","","13","","24.1","","88.78","","","","-22","","NA"
"-114.01","51.12","CALGARY INTL A","3031092","2026-03-01 04:00","2026","03","01","04:00","","-14.3","","-16.4","","84","","","","20","","13","","24.1","","88.69","","","","-21","","NA"
"-114.01","51.12","CALGARY INTL A","3031092","2026-03-01 05:00","2026","03","01","05:00","","-13.1","","-15.2","","84","","","","21","","12","","24.1","","88.63","","","","-20","","Clear"
"-114.01","51.12","CALGARY INTL A","3031092","2026-03-01 06:00","2026","03","01","06:00","","-13.7","","-16.3","","81","","","","20","","10","","24.1","","88.61","","","","-20","","NA"
"-114.01","51.12","CALGARY INTL A","3031092","2026-03-01 07:00","2026","03","01","07:00","","-12.5","","-15.3","","80","","","","19","","9","","64.4","","88.58","","","","-18","","NA"
"-114.01","51.12","CALGARY INTL A","3031092","2026-03-01 08:00","2026","03","01","08:00","","-12.9","","-16.2","","77","","","","19","","9","","64.4","","88.64","","","","-18","","Mostly Cloudy"
"-114.01","51.12","CALGARY INTL A","3031092","2026-03-01 09:00","2026","03","01","09:00","","-8.3","","-12.1","","75","","","","20","","8","","64.4","","88.63","","","","-12","","NA"
"-114.01","51.12","CALGARY INTL A","3031092","2026-03-01 10:00","2026","03","01","10:00","","-5.3","","-10.6","","66","","","","20","","11","","64.4","","88.59","","","","-10","","NA"
"-114.01","51.12","CALGARY INTL A","3031092","2026-03-01 11:00","2026","03","01","11:00","","-1.1","","-9.4","","53","","","","17","","6","","64.4","","88.60","","","","-3","","Mainly Clear"
"-114.01","51.12","CALGARY INTL A","3031092","2026-03-01 12:00","2026","03","01","12:00","","3.6","","-9.0","","39","","","","17","","8","","64.4","","88.52","","","","","","NA"
"-114.01","51.12","CALGARY INTL A","3031092","2026-03-01 13:00","2026","03","01","13:00","","7.5","","-9.4","","29","","","","27","","19","","64.4","","88.50","","","","","","NA"
"-114.01","51.12","CALGARY INTL A","3031092","2026-03-01 14:00","2026","03","01","14:00","","8.6","","-10.2","","25","","","","27","","22","","64.4","","88.45","","","","","","Mainly Clear"
"-114.01","51.12","CALGARY INTL A","3031092","2026-03-01 15:00","2026","03","01","15:00","","8.6","","-9.0","","28","","","","29","","30","","64.4","","88.43","","","","","","NA"
"-114.01","51.12","CALGARY INTL A","3031092","2026-03-01 16:00","2026","03","01","16:00","","8.5","","-8.5","","29","","","","29","","27","","64.4","","88.45","","","","","","NA"
"-114.01","51.12","CALGARY INTL A","3031092","2026-03-01 17:00","2026","03","01","17:00","","8.2","","-8.9","","29","","","","29","","27","","64.4","","88.46","","","","","","Mainly Clear"
"-114.01","51.12","CALGARY INTL A","3031092","2026-03-01 18:00","2026","03","01","18:00","","7.0","","-9.3","","30","","","","28","","27","","48.3","","88.45","","","","","","NA"
"-114.01","51.12","CALGARY INTL A","3031092","2026-03-01 19:00","2026","03","01","19:00","","6.2","","-9.8","","31","","","","28","","24","","24.1","","88.46","","","","","","NA"
"-114.01","51.12","CALGARY INTL A","3031092","2026-03-01 20:00","2026","03","01","20:00","","5.1","","-9.8","","33","","","","26","","15","","24.1","","88.49","","","","","","Clear"
"-114.01","51.12","CALGARY INTL A","3031092","2026-03-01 21:00","2026","03","01","21:00","","5.1","","-10.6","","31","","","","27","","22","","24.1","","88.49","","","","","","NA"
"-114.01","51.12","CALGARY INTL A","3031092","2026-03-01 22:00","2026","03","01","22:00","","4.4","","-10.3","","34","","","","26","","8","","24.1","","88.50","","","","","","NA"
"-114.01","51.12","CALGARY INTL A","3031092","2026-03-01 23:00","2026","03","01","23:00","","4.9","","-10.9","","31","","","","28","","18","","24.1","","88.51","","","","","","Mainly Clear"
"-114.01","51.12","CALGARY INTL A","3031092","2026-03-02 00:00","2026","03","02","00:00","","1.9","","-10.3","","40","","","","21","","5","","24.1","","88.49","","","","","","NA"
"-114.01","51.12","CALGARY INTL A","3031092","2026-03-02 01:00","2026","03","02","01:00","","3.6","","-10.6","","35","","","","26","","11","","24.1","","88.45","","","","","","NA"
"-114.01","51.12","CALGARY INTL A","3031092","2026-03-02 02:00","2026","03","02","02:00","","2.1","","-10.2","","40","","","","23","","8","","24.1","","88.44","","","","","","Mainly Clear"
"-114.01","51.12","CALGARY INTL A","3031092","2026-03-02 03:00","2026","03","02","03:00","","0.0","","-10.2","","47","","","","21","","12","","24.1","","88.42","","","","-4","","NA"
"-114.01","51.12","CALGARY INTL A","3031092","2026-03-02 04:00","2026","03","02","04:00","","-1.2","","-10.4","","50","","","","21","","11","","24.1","","88.41","","","","-5","","NA"
"-114.01","51.12","CALGARY INTL A","3031092","2026-03-02 05:00","2026","03","02","05:00","","0.1","","-10.5","","45","","","","18","","9","","24.1","","88.41","","","","","","Mainly Clear"
"-114.01","51.12","CALGARY INTL A","3031092","2026-03-02 06:00","2026","03","02","06:00","","-4.5","","-10.4","","63","","","","5","","14","","24.1","","88.50","","","","-10","","NA"
"-114.01","51.12","CALGARY INTL A","3031092","2026-03-02 07:00","2026","03","02","07:00","","-7.2","","-10.1","","80","","","","1","","18","","64.4","","88.56","","","","-14","","NA"
"-114.01","51.12","CALGARY INTL A","3031092","2026-03-02 08:00","2026","03","02","08:00","","-8.9","","-10.3","","89","","","","36","","13","","0.2","","88.55","","","","-15","","Freezing Fog"
"-114.01","51.12","CALGARY INTL A","3031092","2026-03-02 09:00","2026","03","02","09:00","","-7.7","","-8.9","","91","","","","34","","13","","0.4","","88.55","","","","-13","","Freezing Fog"
"-114.01","51.12","CALGARY INTL A","3031092","2026-03-02 10:00","2026","03","02","10:00","","-7.2","","-8.4","","91","","","","33","","9","","0.8","","88.53","","","","-12","","Freezing Fog"
"-114.01","51.12","CALGARY INTL A","3031092","2026-03-02 11:00","2026","03","02","11:00","","-5.7","","-6.9","","92","","","","32","","7","","4.8","","88.48","","","","-9","","Fog"
"-114.01","51.12","CALGARY INTL A","3031092","2026-03-02 12:00","2026","03","02","12:00","","-3.5","","-6.4","","81","","","","15","","7","","64.4","","88.42","","","","-6","","NA"
"-114.01","51.12","CALGARY INTL A","3031092","2026-03-02 13:00","2026","03","02","13:00","","0.8","","-5.5","","63","","","","19","","14","","64.4","","88.32","","","","","","NA"
"-114.01","51.12","CALGARY INTL A","3031092","2026-03-02 14:00","2026","03","02","14:00","","4.7","","-4.2","","53","","","","20","","17","","64.4","","88.25","","","","","","Mainly Clear"
"-114.01","51.12","CALGARY INTL A","3031092","2026-03-02 15:00","2026","03","02","15:00","","7.8","","-4.0","","43","","","","19","","16","","64.4","","88.21","","","","","","NA"
"-114.01","51.12","CALGARY INTL A","3031092","2026-03-02 16:00","2026","03","02","16:00","","10.6","","-6.7","","29","","","","23","","7","","64.4","","88.20","","","","","","NA"
"-114.01","51.12","CALGARY INTL A","3031092","2026-03-02 17:00","2026","03","02","17:00","","11.5","","-9.3","","22","","","","28","","25","","64.4","","88.22","","","","","","Mostly Cloudy"
"-114.01","51.12","CALGARY INTL A","3031092","2026-03-02 18:00","2026","03","02","18:00","","-1.5","","-4.5","","80","","","","2","","27","","64.4","","88.41","","","","-8","","NA"
"-114.01","51.12","CALGARY INTL A","3031092","2026-03-02 19:00","2026","03","02","19:00","","-5.2","","-6.7","","89","","","","1","","19","","9.7","","88.48","","","","-12","","Fog"
"-114.01","51.12","CALGARY INTL A","3031092","2026-03-02 20:00","2026","03","02","20:00","","-5.7","","-6.8","","92","","","","3","","10","","2.4","","88.52","","","","-10","","Fog"
"-114.01","51.12","CALGARY INTL A","3031092","2026-03-02 21:00","2026","03","02","21:00","","-5.4","","-6.7","","91","","","","21","","7","","3.2","","88.51","","","","-9","","Fog"
"-114.01","51.12","CALGARY INTL A","3031092","2026-03-02 22:00","2026","03","02","22:00","","-5.0","","-6.5","","89","","","","20","","8","","6.4","","88.51","","","","-9","","Fog"
"-114.01","51.12","CALGARY INTL A","3031092","2026-03-02 23:00","2026","03","02","23:00","","-4.8","","-6.5","","88","","","","20","","13","","6.4","","88.50","","","","-10","","Fog"
"-114.01","51.12","CALGARY INTL A","3031092","2026-03-03 00:00","2026","03","03","00:00","","-4.8","","-6.9","","85","","","","15","","5","","19.3","","88.50","","","","-7","","NA"
"-114.01","51.12","CALGARY INTL A","3031092","2026-03-03 01:00","2026","03","03","01:00","","-5.5","","-7.4","","87","","","","","","0","","24.1","","88.49","","","","","","NA"
"-114.01","51.12","CALGARY INTL A","3031092","2026-03-03 02:00","2026","03","03","02:00","","-5.2","","-7.2","","86","","","","21","","8","","24.1","","88.49","","","","-9","","Mostly Cloudy"
"-114.01","51.12","CALGARY INTL A","3031092","2026-03-03 03:00","2026","03","03","03:00","","-3.3","","-8.1","","69","","","","17","","4","","24.1","","88.48","","","","-5","","NA"
"-114.01","51.12","CALGARY INTL A","3031092","2026-03-03 04:00","2026","03","03","04:00","","-1.8","","-7.0","","67","","","","19","","12","","24.1","","88.48","","","","-6","","NA"
"-114.01","51.12","CALGARY INTL A","3031092","2026-03-03 05:00","2026","03","03","05:00","","5.2","","-9.5","","34","","","","26","","10","","24.1","","88.47","","","","","","Mostly Cloudy"
"-114.01","51.12","CALGARY INTL A","3031092","2026-03-03 06:00","2026","03","03","06:00","","4.4","","-8.9","","37","","","","23","","18","","24.1","","88.49","","","","","","NA"
"-114.01","51.12","CALGARY INTL A","3031092","2026-03-03 07:00","2026","03","03","07:00","","2.4","","-8.0","","46","","","","20","","12","","48.3","","88.48","","","","","","NA"
"-114.01","51.12","CALGARY INTL A","3031092","2026-03-03 08:00","2026","03","03","08:00","","1.5","","-7.9","","50","","","","19","","16","","64.4","","88.48","","","","","","Cloudy"
"-114.01","51.12","CALGARY INTL A","3031092","2026-03-03 09:00","2026","03","03","09:00","","2.5","","-7.3","","48","","","","20","","12","","64.4","","88.49","","","","","","NA"
"-114.01","51.12","CALGARY INTL A","3031092","2026-03-03 10:00","2026","03","03","10:00","","6.6","","-8.5","","33","","","","23","","8","","64.4","","88.45","","","","","","NA"
"-114.01","51.12","CALGARY INTL A","3031092","2026-03-03 11:00","2026","03","03","11:00","","8.1","","-6.6","","35","","","","20","","10","","64.4","","88.38","","","","","","Mostly Cloudy"
"-114.01","51.12","CALGARY INTL A","3031092","2026-03-03 12:00","2026","03","03","12:00","","9.4","","-7.3","","30","","","","20","","14","","64.4","","88.32","","","","","","NA"
"-114.01","51.12","CALGARY INTL A","3031092","2026-03-03 13:00","2026","03","03","13:00","","8.8","","-6.3","","34","","","","17","","22","","64.4","","88.23","","","","","","NA"
"-114.01","51.12","CALGARY INTL A","3031092","2026-03-03 14:00","2026","03","03","14:00","","10.2","","-2.9","","40","","","","17","","12","","64.4","","88.14","","","","","","Mostly Cloudy"
"-114.01","51.12","CALGARY INTL A","3031092","2026-03-03 15:00","2026","03","03","15:00","","-1.7","","-5.3","","76","","","","1","","36","","24.1","","88.30","","","","-9","","NA"
"-114.01","51.12","CALGARY INTL A","3031092","2026-03-03 16:00","2026","03","03","16:00","","-4.0","","-6.7","","82","","","","36","","39","","12.9","","88.38","","","","-13","","NA"
"-114.01","51.12","CALGARY INTL A","3031092","2026-03-03 17:00","2026","03","03","17:00","","-5.7","","-7.7","","86","","","","36","","25","","8.1","","88.44","","","","-13","","Snow,Fog"
"-114.01","51.12","CALGARY INTL A","3031092","2026-03-03 18:00","2026","03","03","18:00","","-7.5","","-9.2","","88","","","","1","","20","","8.1","","88.51","","","","-15","","Fog"
"-114.01","51.12","CALGARY INTL A","3031092","2026-03-03 19:00","2026","03","03","19:00","","-8.6","","-10.2","","88","","","","1","","21","","4.8","","88.56","","","","-16","","Fog"
"-114.01","51.12","CALGARY INTL A","3031092","2026-03-03 20:00","2026","03","03","20:00","","-9.6","","-11.4","","86","","","","3","","14","","4.8","","88.62","","","","-16","","Fog"
"-114.01","51.12","CALGARY INTL A","3031092","2026-03-03 21:00","2026","03","03","21:00","","-10.2","","-12.1","","86","","","","4","","10","","3.2","","88.62","","","","-15","","Snow,Fog"
"-114.01","51.12","CALGARY INTL A","3031092","2026-03-03 22:00","2026","03","03","22:00","","-10.4","","-12.3","","86","","","","5","","11","","4.0","","88.59","","","","-16","","Snow,Fog"
"-114.01","51.12","CALGARY INTL A","3031092","2026-03-03 23:00","2026","03","03","23:00","","-10.4","","-12.3","","86","","","","9","","7","","4.0","","88.60","","","","-14","","Fog"
"-114.01","51.12","CALGARY INTL A","3031092","2026-03-04 00:00","2026","03","04","00:00","","-10.5","","-12.1","","88","","","","11","","10","","3.2","","88.54","","","","-16","","Fog"
"-114.01","51.12","CALGARY INTL A","3031092","2026-03-04 01:00","2026","03","04","01:00","","-10.8","","-12.2","","90","","","","11","","11","","2.8","","88.53","","","","-17","","Fog"
"-114.01","51.12","CALGARY INTL A","3031092","2026-03-04 02:00","2026","03","04","02:00","","-10.9","","-12.3","","90","","","","11","","12","","2.8","","88.55","","","","-17","","Fog"
"-114.01","51.12","CALGARY INTL A","3031092","2026-03-04 03:00","2026","03","04","03:00","","-10.8","","-12.2","","90","","","","14","","11","","2.4","","88.49","","","","-17","","Fog"
"-114.01","51.12","CALGARY INTL A","3031092","2026-03-04 04:00","2026","03","04","04:00","","-10.4","","-11.8","","90","","","","13","","11","","2.0","","88.47","","","","-16","","Fog"
"-114.01","51.12","CALGARY INTL A","3031092","2026-03-04 05:00","2026","03","04","05:00","","-10.0","","-11.4","","90","","","","16","","14","","2.0","","88.45","","","","-16","","Fog"
"-114.01","51.12","CALGARY INTL A","3031092","2026-03-04 06:00","2026","03","04","06:00","","-10.1","","-11.5","","89","","","","15","","15","","0.8","","88.45","","","","-17","","Freezing Fog"
"-114.01","51.12","CALGARY INTL A","3031092","2026-03-04 07:00","2026","03","04","07:00","","-9.6","","-11.1","","89","","","","17","","14","","0.8","","88.42","","","","-16","","Freezing Fog"
"-114.01","51.12","CALGARY INTL A","3031092","2026-03-04 08:00","2026","03","04","08:00","","-9.1","","-10.5","","90","","","","17","","10","","0.6","","88.39","","","","-14","","Freezing Fog"
"-114.01","51.12","CALGARY INTL A","3031092","2026-03-04 09:00","2026","03","04","09:00","","-8.4","","-9.7","","90","","","","17","","16","","0.6","","88.40","","","","-15","","Freezing Fog"
"-114.01","51.12","CALGARY INTL A","3031092","2026-03-04 10:00","2026","03","04","10:00","","-8.1","","-9.4","","90","","","","16","","12","","0.8","","88.38","","","","-14","","Freezing Fog"
"-114.01","51.12","CALGARY INTL A","3031092","2026-03-04 11:00","2026","03","04","11:00","","-7.7","","-8.9","","91","","","","15","","12","","0.6","","88.36","","","","-13","","Freezing Fog"
"-114.01","51.12","CALGARY INTL A","3031092","2026-03-04 12:00","2026","03","04","12:00","","-7.4","","-8.6","","92","","","","15","","14","","0.8","","88.33","","","","-13","","Freezing Fog"
"-114.01","51.12","CALGARY INTL A","3031092","2026-03-04 13:00","2026","03","04","13:00","","-7.3","","-8.5","","91","","","","14","","13","","1.0","","88.26","","","","-13","","Fog"
"-114.01","51.12","CALGARY INTL A","3031092","2026-03-04 14:00","2026","03","04","14:00","","-6.6","","-7.7","","92","","","","17","","16","","2.4","","88.22","","","","-13","","Fog"
"-114.01","51.12","CALGARY INTL A","3031092","2026-03-04 15:00","2026","03","04","15:00","","-6.6","","-7.7","","92","","","","14","","15","","3.6","","88.21","","","","-13","","Fog"
"-114.01","51.12","CALGARY INTL A","3031092","2026-03-04 16:00","2026","03","04","16:00","","-6.7","","-7.8","","92","","","","13","","12","","4.0","","88.20","","","","-12","","Fog"
"-114.01","51.12","CALGARY INTL A","3031092","2026-03-04 17:00","2026","03","04","17:00","","-6.6","","-7.6","","92","","","","14","","13","","4.8","","88.22","","","","-12","","Fog"
"-114.01","51.12","CALGARY INTL A","3031092","2026-03-04 18:00","2026","03","04","18:00","","-6.8","","-7.9","","92","","","","13","","9","","4.8","","88.25","","","","-11","","Fog"
"-114.01","51.12","CALGARY INTL A","3031092","2026-03-04 19:00","2026","03","04","19:00","","-6.8","","-8.0","","92","","","","16","","10","","4.0","","88.27","","","","-11","","Fog"
"-114.01","51.12","CALGARY INTL A","3031092","2026-03-04 20:00","2026","03","04","20:00","","-6.8","","-7.9","","92","","","","16","","10","","2.4","","88.23","","","","-11","","Fog"
"-114.01","51.12","CALGARY INTL A","3031092","2026-03-04 21:00","2026","03","04","21:00","","-6.9","","-8.0","","92","","","","17","","8","","2.4","","88.21","","","","-11","","Fog"
"-114.01","51.12","CALGARY INTL A","3031092","2026-03-04 22:00","2026","03","04","22:00","","-6.7","","-7.8","","92","","","","17","","12","","2.4","","88.20","","","","-12","","Fog"
"-114.01","51.12","CALGARY INTL A","3031092","2026-03-04 23:00","2026","03","04","23:00","","-6.7","","-7.8","","92","","","","18","","9","","2.4","","88.18","","","","-11","","Fog"
"-114.01","51.12","CALGARY INTL A","3031092","2026-03-05 00:00","2026","03","05","00:00","","-6.4","","-7.4","","92","","","","21","","9","","2.4","","88.15","","","","-11","","Fog"
"-114.01","51.12","CALGARY INTL A","3031092","2026-03-05 01:00","2026","03","05","01:00","","-6.0","","-7.0","","93","","","","23","","13","","2.4","","88.13","","","","-11","","Fog"
"-114.01","51.12","CALGARY INTL A","3031092","2026-03-05 02:00","2026","03","05","02:00","","-6.2","","-7.2","","93","","","","22","","12","","2.4","","88.14","","","","-11","","Fog"
"-114.01","51.12","CALGARY INTL A","3031092","2026-03-05 03:00","2026","03","05","03:00","","-6.2","","-7.2","","93","","","","23","","10","","2.8","","88.10","","","","-11","","Fog"
"-114.01","51.12","CALGARY INTL A","3031092","2026-03-05 04:00","2026","03","05","04:00","","-6.0","","-7.0","","93","","","","20","","9","","6.4","","88.12","","","","-10","","Fog"
"-114.01","51.12","CALGARY INTL A","3031092","2026-03-05 05:00","2026","03","05","05:00","","-6.6","","-7.6","","92","","","","19","","14","","8.1","","88.18","","","","-12","","Fog"
"-114.01","51.12","CALGARY INTL A","3031092","2026-03-05 06:00","2026","03","05","06:00","","-6.2","","-7.2","","93","","","","18","","4","","12.9","","88.20","","","","-8","","NA"
"-114.01","51.12","CALGARY INTL A","3031092","2026-03-05 07:00","2026","03","05","07:00","","-6.5","","-7.6","","92","","","","9","","5","","32.2","","88.21","","","","-9","","NA"
"-114.01","51.12","CALGARY INTL A","3031092","2026-03-05 08:00","2026","03","05","08:00","","-5.7","","-6.8","","92","","","","","","0","","64.4","","88.23","","","","","","Mainly Clear"
"-114.01","51.12","CALGARY INTL A","3031092","2026-03-05 09:00","2026","03","05","09:00","","-2.6","","-3.7","","93","","","","","","0","","64.4","","88.27","","","","","","NA"
"-114.01","51.12","CALGARY INTL A","3031092","2026-03-05 10:00","2026","03","05","10:00","","1.2","","-1.6","","81","","","","7","","7","","64.4","","88.29","","","","","","NA"
"-114.01","51.12","CALGARY INTL A","3031092","2026-03-05 11:00","2026","03","05","11:00","","6.1","","-3.1","","52","","","","5","","7","","64.4","","88.30","","","","","","Mostly Cloudy"
"-114.01","51.12","CALGARY INTL A","3031092","2026-03-05 12:00","2026","03","05","12:00","","4.6","","-5.1","","49","","","","2","","21","","64.4","","88.38","","","","","","NA"
"-114.01","51.12","CALGARY INTL A","3031092","2026-03-05 13:00","2026","03","05","13:00","","3.8","","-5.7","","50","","","","2","","28","","64.4","","88.44","","","","","","NA"
"-114.01","51.12","CALGARY INTL A","3031092","2026-03-05 14:00","2026","03","05","14:00","","3.0","","-4.9","","56","","","","2","","17","","64.4","","88.51","","","","","","Mostly Cloudy"
"-114.01","51.12","CALGARY INTL A","3031092","2026-03-05 15:00","2026","03","05","15:00","","4.3","","-4.7","","52","","","","5","","18","","48.3","","88.52","","","","","","NA"
"-114.01","51.12","CALGARY INTL A","3031092","2026-03-05 16:00","2026","03","05","16:00","","4.1","","-5.0","","51","","","","3","","12","","48.3","","88.61","","","","","","NA"
"-114.01","51.12","CALGARY INTL A","3031092","2026-03-05 17:00","2026","03","05","17:00","","3.3","","-6.7","","48","","","","2","","18","","32.2","","88.72","","","","","","Mostly Cloudy"
"-114.01","51.12","CALGARY INTL A","3031092","2026-03-05 18:00","2026","03","05","18:00","","2.5","","-6.2","","53","","","","8","","5","","24.1","","88.77","","","","","","NA"
"-114.01","51.12","CALGARY INTL A","3031092","2026-03-05 19:00","2026","03","05","19:00","","2.1","","-6.0","","55","","","","18","","6","","24.1","","88.82","","","","","","NA"
"-114.01","51.12","CALGARY INTL A","3031092","2026-03-05 20:00","2026","03","05","20:00","","1.6","","-5.7","","58","","","","21","","9","","24.1","","88.88","","","","","","Mostly Cloudy"
"-114.01","51.12","CALGARY INTL A","3031092","2026-03-05 21:00","2026","03","05","21:00","","1.3","","-6.6","","56","","","","23","","11","","24.1","","88.88","","","","","","NA"
"-114.01","51.12","CALGARY INTL A","3031092","2026-03-05 22:00","2026","03","05","22:00","","0.0","","-5.9","","65","","","","24","","5","","24.1","","88.90","","","","-2","","NA"
"-114.01","51.12","CALGARY INTL A","3031092","2026-03-05 23:00","2026","03","05","23:00","","-0.9","","-4.5","","77","","","","20","","9","","24.1","","88.90","","","","-4","","Clear"
"-114.01","51.12","CALGARY INTL A","3031092","2026-03-06 00:00","2026","03","06","00:00","","-1.0","","-4.7","","76","","","","23","","9","","24.1","","88.91","","","","-4","","NA"
"-114.01","51.12","CALGARY INTL A","3031092","2026-03-06 01:00","2026","03","06","01:00","","-1.2","","-7.0","","65","","","","25","","8","","24.1","","88.88","","","","-4","","NA"
"-114.01","51.12","CALGARY INTL A","3031092","2026-03-06 02:00","2026","03","06","02:00","","-3.2","","-8.6","","67","","","","21","","4","","24.1","","88.90","","","","-5","","Clear"
"-114.01","51.12","CALGARY INTL A","3031092","2026-03-06 03:00","2026","03","06","03:00","","-3.5","","-8.6","","68","","","","19","","12","","24.1","","88.89","","","","-8","","NA"
"-114.01","51.12","CALGARY INTL A","3031092","2026-03-06 04:00","2026","03","06","04:00","","0.8","","-11.1","","41","","","","27","","17","","24.1","","88.86","","","","","","NA"
"-114.01","51.12","CALGARY INTL A","3031092","2026-03-06 05:00","2026","03","06","05:00","","0.1","","-11.1","","43","","","","25","","10","","24.1","","88.84","","","","","","Clear"
"-114.01","51.12","CALGARY INTL A","3031092","2026-03-06 06:00","2026","03","06","06:00"
"-114.01","51.12","CALGARY INTL A","3031092","2026-03-06 07:00","2026","03","06","07:00","","0.0","","-11.7","","41","","","","23","","11","","48.3","","88.77","","","","-4","","NA"
"-114.01","51.12","CALGARY INTL A","3031092","2026-03-06 08:00","2026","03","06","08:00","","-1.9","","-10.4","","52","","","","16","","11","","64.4","","88.78","","","","-6","","Mostly Cloudy"
"-114.01","51.12","CALGARY INTL A","3031092","2026-03-06 09:00","2026","03","06","09:00","","3.5","","-10.1","","37","","","","27","","18","","64.4","","88.77","","","","","","NA"
"-114.01","51.12","CALGARY INTL A","3031092","2026-03-06 10:00","2026","03","06","10:00","","5.0","","-9.1","","35","","","","26","","18","","64.4","","88.79","","","","","","NA"
"-114.01","51.12","CALGARY INTL A","3031092","2026-03-06 11:00","2026","03","06","11:00","","7.3","","-8.9","","30","","","","27","","22","","64.4","","88.77","","","","","","Mostly Cloudy"
"-114.01","51.12","CALGARY INTL A","3031092","2026-03-06 12:00","2026","03","06","12:00","","8.6","","-9.5","","27","","","","28","","26","","64.4","","88.73","","","","","","NA"
"-114.01","51.12","CALGARY INTL A","3031092","2026-03-06 13:00","2026","03","06","13:00","","9.3","","-8.9","","27","","","","28","","27","","64.4","","88.73","","","","","","NA"
"-114.01","51.12","CALGARY INTL A","3031092","2026-03-06 14:00","2026","03","06","14:00","","10.2","","-9.0","","25","","","","28","","26","","64.4","","88.68","","","","","","Mostly Cloudy"
"-114.01","51.12","CALGARY INTL A","3031092","2026-03-06 15:00","2026","03","06","15:00","","10.7","","-8.0","","26","","","","29","","21","","64.4","","88.67","","","","","","NA"
"-114.01","51.12","CALGARY INTL A","3031092","2026-03-06 16:00","2026","03","06","16:00","","10.0","","-8.0","","27","","","","27","","26","","64.4","","88.67","","","","","","NA"
"-114.01","51.12","CALGARY INTL A","3031092","2026-03-06 17:00","2026","03","06","17:00","","9.8","","-7.4","","29","","","","28","","18","","48.3","","88.63","","","","","","Mainly Clear"
"-114.01","51.12","CALGARY INTL A","3031092","2026-03-06 18:00","2026","03","06","18:00","","8.5","","-7.2","","32","","","","27","","20","","32.2","","88.61","","","","","","NA"
"-114.01","51.12","CALGARY INTL A","3031092","2026-03-06 19:00","2026","03","06","19:00","","6.8","","-6.7","","38","","","","27","","17","","24.1","","88.57","","","","","","NA"
"-114.01","51.12","CALGARY INTL A","3031092","2026-03-06 20:00","2026","03","06","20:00","","5.8","","-6.4","","41","","","","23","","8","","24.1","","88.51","","","","","","Mainly Clear"
"-114.01","51.12","CALGARY INTL A","3031092","2026-03-06 21:00","2026","03","06","21:00","","5.4","","-6.5","","42","","","","25","","5","","24.1","","88.41","","","","","","NA"
"-114.01","51.12","CALGARY INTL A","3031092","2026-03-06 22:00","2026","03","06","22:00","","4.1","","-6.1","","48","","","","19","","7","","24.1","","88.25","","","","","","NA"
"-114.01","51.12","CALGARY INTL A","3031092","2026-03-06 23:00","2026","03","06","23:00","","3.5","","-5.9","","50","","","","21","","7","","24.1","","88.16","","","","","","Mostly Cloudy"
"-114.01","51.12","CALGARY INTL A","3031092","2026-03-07 00:00","2026","03","07","00:00","","2.9","","-5.4","","54","","","","18","","9","","24.1","","88.06","","","","","","NA"
"-114.01","51.12","CALGARY INTL A","3031092","2026-03-07 01:00","2026","03","07","01:00","","4.2","","-5.5","","50","","","","15","","5","","24.1","","87.93","","","","","","NA"
"-114.01","51.12","CALGARY INTL A","3031092","2026-03-07 02:00","2026","03","07","02:00","","7.0","","-5.2","","42","","","","27","","17","","24.1","","87.90","","","","","","Mostly Cloudy"
"-114.01","51.12","CALGARY INTL A","3031092","2026-03-07 03:00","2026","03","07","03:00","","8.7","","-5.0","","38","","","","28","","34","","16.1","","87.85","","","","","","NA"
"-114.01","51.12","CALGARY INTL A","3031092","2026-03-07 04:00","2026","03","07","04:00","","8.8","","-4.3","","39","","","","27","","37","","16.1","","87.79","","","","","","Rain"
"-114.01","51.12","CALGARY INTL A","3031092","2026-03-07 05:00","2026","03","07","05:00","","8.8","","-4.2","","40","","","","28","","22","","24.1","","87.77","","","","","","Mostly Cloudy"
"-114.01","51.12","CALGARY INTL A","3031092","2026-03-07 06:00","2026","03","07","06:00","","9.0","","-4.0","","40","","","","27","","30","","24.1","","87.65","","","","","","NA"
"-114.01","51.12","CALGARY INTL A","3031092","2026-03-07 07:00","2026","03","07","07:00","","9.8","","-3.8","","38","","","","27","","35","","24.1","","87.57","","","","","","NA"
"-114.01","51.12","CALGARY INTL A","3031092","2026-03-07 08:00","2026","03","07","08:00","","10.4","","-4.1","","36","","","","27","","40","","64.4","","87.61","","","","","","Mostly Cloudy"
"-114.01","51.12","CALGARY INTL A","3031092","2026-03-07 09:00","2026","03","07","09:00","","10.2","","-3.5","","38","","","","27","","27","","64.4","","87.67","","","","","","NA"
"-114.01","51.12","CALGARY INTL A","3031092","2026-03-07 10:00","2026","03","07","10:00","","11.1","","-3.4","","36","","","","27","","31","","64.4","","87.68","","","","","","NA"
"-114.01","51.12","CALGARY INTL A","3031092","2026-03-07 11:00","2026","03","07","11:00","","12.7","","-3.2","","33","","","","27","","36","","64.4","","87.71","","","","","","Mostly Cloudy"
"-114.01","51.12","CALGARY INTL A","3031092","2026-03-07 12:00","2026","03","07","12:00","","14.2","","-3.6","","29","","","","28","","38","","64.4","","87.75","","","","","","NA"
"-114.01","51.12","CALGARY INTL A","3031092","2026-03-07 13:00","2026","03","07","13:00","","14.7","","-3.2","","29","","","","27","","38","","64.4","","87.76","","","","","","NA"
"-114.01","51.12","CALGARY INTL A","3031092","2026-03-07 14:00","2026","03","07","14:00","","13.9","","-3.3","","30","","","","28","","27","","64.4","","87.73","","","","","","Mostly Cloudy"
"-114.01","51.12","CALGARY INTL A","3031092","2026-03-07 15:00","2026","03","07","15:00","","14.5","","-3.4","","29","","","","27","","40","","48.3","","87.72","","","","","","NA"
"-114.01","51.12","CALGARY INTL A","3031092","2026-03-07 16:00","2026","03","07","16:00","","14.6","","-2.8","","30","","","","28","","22","","48.3","","87.73","","","","","","NA"
"-114.01","51.12","CALGARY INTL A","3031092","2026-03-07 17:00","2026","03","07","17:00","","13.5","","-2.7","","32","","","","27","","37","","48.3","","87.69","","","","","","Mostly Cloudy"
"-114.01","51.12","CALGARY INTL A","3031092","2026-03-07 18:00","2026","03","07","18:00","","13.0","","-2.4","","34","","","","27","","19","","32.2","","87.67","","","","","","NA"
"-114.01","51.12","CALGARY INTL A","3031092","2026-03-07 19:00","2026","03","07","19:00","","11.8","","-2.4","","37","","","","26","","15","","48.3","","87.61","","","","","","NA"
"-114.01","51.12","CALGARY INTL A","3031092","2026-03-07 20:00","2026","03","07","20:00","","9.8","","-2.5","","42","","","","26","","5","","24.1","","87.56","","","","","","Mainly Clear"
"-114.01","51.12","CALGARY INTL A","3031092","2026-03-07 21:00","2026","03","07","21:00","","6.8","","-2.3","","52","","","","","","0","","24.1","","87.54","","","","","","NA"
"-114.01","51.12","CALGARY INTL A","3031092","2026-03-07 22:00","2026","03","07","22:00","","7.7","","-2.1","","50","","","","29","","12","","24.1","","87.45","","","","","","NA"
"-114.01","51.12","CALGARY INTL A","3031092","2026-03-07 23:00","2026","03","07","23:00","","6.8","","-2.2","","52","","","","34","","8","","24.1","","87.31","","","","","","Mainly Clear"
"-114.01","51.12","CALGARY INTL A","3031092","2026-03-08 00:00","2026","03","08","00:00","","5.0","","-2.7","","57","","","","36","","7","","24.1","","87.22","","","","","","NA"
"-114.01","51.12","CALGARY INTL A","3031092","2026-03-08 01:00","2026","03","08","01:00","","8.8","","-3.2","","43","","","","24","","7","","24.1","","87.12","","","","","","NA"
"-114.01","51.12","CALGARY INTL A","3031092","2026-03-08 02:00","2026","03","08","02:00","","9.9","","-3.6","","38","","","","26","","12","","24.1","","87.04","","","","","","Mostly Cloudy"
"-114.01","51.12","CALGARY INTL A","3031092","2026-03-08 03:00","2026","03","08","03:00","","8.2","","-3.3","","44","","","","28","","13","","24.1","","86.95","","","","","","NA"
"-114.01","51.12","CALGARY INTL A","3031092","2026-03-08 04:00","2026","03","08","04:00","","9.6","","-1.1","","47","","","","26","","25","","24.1","","86.81","","","","","","NA"
"-114.01","51.12","CALGARY INTL A","3031092","2026-03-08 05:00","2026","03","08","05:00","","9.0","","-0.5","","51","","","","23","","26","","24.1","","86.81","","","","","","Mainly Clear"
"-114.01","51.12","CALGARY INTL A","3031092","2026-03-08 06:00","2026","03","08","06:00","","7.8","","0.6","","60","","","","22","","26","","24.1","","86.77","","","","","","NA"
"-114.01","51.12","CALGARY INTL A","3031092","2026-03-08 07:00","2026","03","08","07:00","","7.0","","0.7","","64","","","","22","","17","","24.1","","86.73","","","","","","NA"
"-114.01","51.12","CALGARY INTL A","3031092","2026-03-08 08:00","2026","03","08","08:00","","6.7","","0.8","","66","","","","25","","8","","24.1","","86.76","","","","","","Mainly Clear"
"-114.01","51.12","CALGARY INTL A","3031092","2026-03-08 09:00","2026","03","08","09:00","","0.9","","-1.0","","87","","","","1","","40","","8.1","","87.10","","","","","","Snow,Snow Grains,Fog"
"-114.01","51.12","CALGARY INTL A","3031092","2026-03-08 10:00","2026","03","08","10:00","","-0.3","","-1.5","","92","","","","1","","39","","2.4","","87.23","","","","-8","","Snow,Fog"
"-114.01","51.12","CALGARY INTL A","3031092","2026-03-08 11:00","2026","03","08","11:00","","-1.9","","-3.4","","90","","","","1","","50","","1.0","","87.38","","","","-11","","Snow,Blowing Snow"
"-114.01","51.12","CALGARY INTL A","3031092","2026-03-08 12:00","2026","03","08","12:00","","-4.2","","-5.5","","91","","","","35","","48","","1.2","","87.51","","","","-14","","Snow,Blowing Snow"
"-114.01","51.12","CALGARY INTL A","3031092","2026-03-08 13:00","2026","03","08","13:00","","-4.1","","-6.1","","86","","","","36","","38","","2.4","","87.54","","","","-13","","Snow"
"-114.01","51.12","CALGARY INTL A","3031092","2026-03-08 14:00","2026","03","08","14:00","","-1.8","","-10.9","","50","","","","35","","38","","16.1","","87.60","","","","-10","","Snow"
"-114.01","51.12","CALGARY INTL A","3031092","2026-03-08 15:00","2026","03","08","15:00","","-1.0","","-11.6","","45","","","","35","","21","","24.1","","87.58","","","","-7","","Snow"
"-114.01","51.12","CALGARY INTL A","3031092","2026-03-08 16:00","2026","03","08","16:00","","-0.9","","-10.8","","47","","","","2","","3","","24.1","","87.65","","","","-2","","NA"
"-114.01","51.12","CALGARY INTL A","3031092","2026-03-08 17:00","2026","03","08","17:00","","-1.8","","-5.4","","76","","","","22","","16","","24.1","","87.75","","","","-7","","Cloudy"
"-114.01","51.12","CALGARY INTL A","3031092","2026-03-08 18:00","2026","03","08","18:00","","-2.7","","-5.4","","82","","","","21","","18","","24.1","","87.77","","","","-8","","NA"
"-114.01","51.12","CALGARY INTL A","3031092","2026-03-08 19:00","2026","03","08","19:00","","-3.4","","-6.0","","82","","","","21","","17","","16.1","","87.83","","","","-9","","NA"
"-114.01","51.12","CALGARY INTL A","3031092","2026-03-08 20:00","2026","03","08","20:00","","-3.9","","-6.7","","81","","","","20","","20","","16.1","","87.86","","","","-10","","Mostly Cloudy"
"-114.01","51.12","CALGARY INTL A","3031092","2026-03-08 21:00","2026","03","08","21:00","","-4.4","","-6.9","","83","","","","19","","19","","16.1","","87.89","","","","-11","","Snow"
"-114.01","51.12","CALGARY INTL A","3031092","2026-03-08 22:00","2026","03","08","22:00","","-4.3","","-7.2","","80","","","","19","","9","","16.1","","87.93","","","","-8","","Snow"
"-114.01","51.12","CALGARY INTL A","3031092","2026-03-08 23:00","2026","03","08","23:00","","-4.4","","-7.6","","79","","","","21","","8","","16.1","","87.90","","","","-8","","Snow"
"-114.01","51.12","CALGARY INTL A","3031092","2026-03-09 00:00","2026","03","09","00:00","","-5.7","","-8.7","","79","","","","19","","11","","24.1","","87.85","","","","-10","","NA"
"-114.01","51.12","CALGARY INTL A","3031092","2026-03-09 01:00","2026","03","09","01:00","","-5.5","","-8.9","","77","","","","20","","15","","24.1","","87.81","","","","-11","","NA"
"-114.01","51.12","CALGARY INTL A","3031092","2026-03-09 02:00","2026","03","09","02:00","","-5.5","","-9.1","","76","","","","21","","14","","24.1","","87.80","","","","-11","","Mostly Cloudy"
"-114.01","51.12","CALGARY INTL A","3031092","2026-03-09 03:00","2026","03","09","03:00","","-5.3","","-9.1","","75","","","","20","","16","","24.1","","87.75","","","","-11","","NA"
"-114.01","51.12","CALGARY INTL A","3031092","2026-03-09 04:00","2026","03","09","04:00","","-5.3","","-9.2","","74","","","","21","","15","","24.1","","87.70","","","","-11","","NA"
"-114.01","51.12","CALGARY INTL A","3031092","2026-03-09 05:00","2026","03","09","05:00","","-5.6","","-9.0","","78","","","","21","","14","","24.1","","87.69","","","","-11","","Mostly Cloudy"
"-114.01","51.12","CALGARY INTL A","3031092","2026-03-09 06:00","2026","03","09","06:00","","-7.3","","-10.0","","81","","","","22","","9","","24.1","","87.69","","","","-12","","NA"
"-114.01","51.12","CALGARY INTL A","3031092","2026-03-09 07:00","2026","03","09","07:00","","-8.3","","-10.7","","83","","","","19","","4","","64.4","","87.70","","","","-10","","NA"
"-114.01","51.12","CALGARY INTL A","3031092","2026-03-09 08:00","2026","03","09","08:00","","-7.5","","-10.2","","81","","","","21","","9","","64.4","","87.72","","","","-12","","Mostly Cloudy"
"-114.01","51.12","CALGARY INTL A","3031092","2026-03-09 09:00","2026","03","09","09:00","","-5.4","","-11.4","","63","","","","34","","10","","64.4","","87.79","","","","-10","","NA"
"-114.01","51.12","CALGARY INTL A","3031092","2026-03-09 10:00","2026","03","09","10:00","","-2.6","","-11.0","","53","","","","34","","10","","48.3","","87.81","","","","-6","","NA"
"-114.01","51.12","CALGARY INTL A","3031092","2026-03-09 11:00","2026","03","09","11:00","","-2.1","","-12.4","","45","","","","36","","26","","48.3","","87.83","","","","-9","","Mostly Cloudy"
"-114.01","51.12","CALGARY INTL A","3031092","2026-03-09 12:00","2026","03","09","12:00","","-2.1","","-11.0","","51","","","","36","","22","","32.2","","87.87","","","","-8","","NA"
"-114.01","51.12","CALGARY INTL A","3031092","2026-03-09 13:00","2026","03","09","13:00","","-3.2","","-13.4","","46","","","","34","","16","","32.2","","87.96","","","","-9","","Snow"
"-114.01","51.12","CALGARY INTL A","3031092","2026-03-09 14:00","2026","03","09","14:00","","-3.3","","-11.8","","52","","","","36","","31","","32.2","","88.02","","","","-11","","Cloudy"
"-114.01","51.12","CALGARY INTL A","3031092","2026-03-09 15:00","2026","03","09","15:00","","-4.1","","-9.2","","67","","","","36","","33","","24.1","","88.09","","","","-12","","NA"
"-114.01","51.12","CALGARY INTL A","3031092","2026-03-09 16:00","2026","03","09","16:00","","-4.2","","-10.4","","62","","","","1","","7","","24.1","","88.17","","","","-7","","NA"
"-114.01","51.12","CALGARY INTL A","3031092","2026-03-09 17:00","2026","03","09","17:00","","-4.0","","-11.7","","55","","","","23","","5","","24.1","","88.20","","","","-6","","Mostly Cloudy"
"-114.01","51.12","CALGARY INTL A","3031092","2026-03-09 18:00","2026","03","09","18:00","","-3.8","","-12.2","","53","","","","23","","10","","32.2","","88.21","","","","-8","","NA"
"-114.01","51.12","CALGARY INTL A","3031092","2026-03-09 19:00","2026","03","09","19:00","","-4.8","","-10.8","","63","","","","23","","13","","24.1","","88.27","","","","-10","","NA"
"-114.01","51.12","CALGARY INTL A","3031092","2026-03-09 20:00","2026","03","09","20:00","","-5.2","","-10.5","","66","","","","21","","16","","24.1","","88.31","","","","-11","","Mostly Cloudy"
"-114.01","51.12","CALGARY INTL A","3031092","2026-03-09 21:00","2026","03","09","21:00","","-5.8","","-10.4","","70","","","","21","","12","","24.1","","88.30","","","","-11","","NA"
"-114.01","51.12","CALGARY INTL A","3031092","2026-03-09 22:00","2026","03","09","22:00","","-7.1","","-11.3","","72","","","","19","","11","","24.1","","88.30","","","","-12","","NA"
"-114.01","51.12","CALGARY INTL A","3031092","2026-03-09 23:00","2026","03","09","23:00","","-8.0","","-11.7","","75","","","","19","","10","","24.1","","88.28","","","","-13","","Mostly Cloudy"
"-114.01","51.12","CALGARY INTL A","3031092","2026-03-10 00:00","2026","03","10","00:00","","-8.2","","-12.6","","71","","","","17","","14","","24.1","","88.24","","","","-14","","NA"
"-114.01","51.12","CALGARY INTL A","3031092","2026-03-10 01:00","2026","03","10","01:00","","-7.6","","-11.8","","72","","","","23","","9","","24.1","","88.22","","","","-12","","NA"
"-114.01","51.12","CALGARY INTL A","3031092","2026-03-10 02:00","2026","03","10","02:00","","-8.9","","-12.1","","78","","","","21","","10","","24.1","","88.21","","","","-14","","Mostly Cloudy"
"-114.01","51.12","CALGARY INTL A","3031092","2026-03-10 03:00","2026","03","10","03:00","","-8.8","","-12.6","","74","","","","22","","13","","24.1","","88.22","","","","-15","","NA"
"-114.01","51.12","CALGARY INTL A","3031092","2026-03-10 04:00","2026","03","10","04:00","","-7.8","","-13.7","","63","","","","30","","10","","24.1","","88.20","","","","-13","","NA"
"-114.01","51.12","CALGARY INTL A","3031092","2026-03-10 05:00","2026","03","10","05:00","","-8.5","","-13.8","","65","","","","3","","6","","24.1","","88.23","","","","-12","","Mainly Clear"
"-114.01","51.12","CALGARY INTL A","3031092","2026-03-10 06:00","2026","03","10","06:00","","-8.4","","-14.8","","60","","","","19","","4","","24.1","","88.27","","","","-11","","NA"
"-114.01","51.12","CALGARY INTL A","3031092","2026-03-10 07:00","2026","03","10","07:00","","-7.6","","-14.6","","58","","","","1","","6","","64.4","","88.29","","","","-11","","NA"
"-114.01","51.12","CALGARY INTL A","3031092","2026-03-10 08:00","2026","03","10","08:00","","-7.2","","-13.8","","60","","","","36","","4","","64.4","","88.34","","","","-9","","Mostly Cloudy"
"-114.01","51.12","CALGARY INTL A","3031092","2026-03-10 09:00","2026","03","10","09:00","","-5.1","","-13.2","","53","","","","3","","3","","64.4","","88.40","","","","-6","","NA"
"-114.01","51.12","CALGARY INTL A","3031092","2026-03-10 10:00","2026","03","10","10:00","","-1.2","","-14.0","","38","","","","30","","16","","64.4","","88.43","","","","-6","","NA"
"-114.01","51.12","CALGARY INTL A","3031092","2026-03-10 11:00","2026","03","10","11:00","","-1.1","","-15.0","","34","","","","28","","18","","64.4","","88.45","","","","-6","","Mostly Cloudy"
"-114.01","51.12","CALGARY INTL A","3031092","2026-03-10 12:00","2026","03","10","12:00","","-0.3","","-17.1","","27","","","","29","","22","","64.4","","88.47","","","","-6","","NA"
"-114.01","51.12","CALGARY INTL A","3031092","2026-03-10 13:00","2026","03","10","13:00","","-0.3","","-15.1","","32","","","","28","","13","","48.3","","88.49","","","","-4","","NA"
"-114.01","51.12","CALGARY INTL A","3031092","2026-03-10 14:00","2026","03","10","14:00","","1.2","","-20.0","","19","","","","29","","30","","64.4","","88.48","","","","","","Mostly Cloudy"
"-114.01","51.12","CALGARY INTL A","3031092","2026-03-10 15:00","2026","03","10","15:00","","1.1","","-15.8","","27","","","","28","","15","","64.4","","88.53","","","","","","NA"
"-114.01","51.12","CALGARY INTL A","3031092","2026-03-10 16:00","2026","03","10","16:00","","1.1","","-16.8","","25","","","","23","","19","","64.4","","88.58","","","","","","NA"
"-114.01","51.12","CALGARY INTL A","3031092","2026-03-10 17:00","2026","03","10","17:00","","1.0","","-19.2","","21","","","","26","","18","","64.4","","88.61","","","","","","Mainly Clear"
"-114.01","51.12","CALGARY INTL A","3031092","2026-03-10 18:00","2026","03","10","18:00","","0.4","","-18.8","","23","","","","26","","17","","48.3","","88.68","","","","","","NA"
"-114.01","51.12","CALGARY INTL A","3031092","2026-03-10 19:00","2026","03","10","19:00","","-1.0","","-18.0","","27","","","","27","","12","","24.1","","88.74","","","","-5","","NA"
"-114.01","51.12","CALGARY INTL A","3031092","2026-03-10 20:00","2026","03","10","20:00","","-1.8","","-17.8","","29","","","","23","","4","","24.1","","88.74","","","","-3","","Mainly Clear"
"-114.01","51.12","CALGARY INTL A","3031092","2026-03-10 21:00","2026","03","10","21:00","","-3.5","","-16.6","","36","","","","17","","10","","24.1","","88.76","","","","-7","","NA"
"-114.01","51.12","CALGARY INTL A","3031092","2026-03-10 22:00","2026","03","10","22:00","","-3.3","","-16.8","","35","","","","22","","17","","24.1","","88.75","","","","-9","","NA"
"-114.01","51.12","CALGARY INTL A","3031092","2026-03-10 23:00","2026","03","10","23:00","","-3.9","","-16.2","","38","","","","22","","19","","24.1","","88.72","","","","-10","","Mainly Clear"
"-114.01","51.12","CALGARY INTL A","3031092","2026-03-11 00:00","2026","03","11","00:00","","-3.6","","-15.6","","39","","","","23","","27","","24.1","","88.68","","","","-11","","NA"
"-114.01","51.12","CALGARY INTL A","3031092","2026-03-11 01:00","2026","03","11","01:00","","-3.5","","-15.3","","40","","","","23","","23","","24.1","","88.67","","","","-10","","NA"
"-114.01","51.12","CALGARY INTL A","3031092","2026-03-11 02:00","2026","03","11","02:00","","-3.5","","-13.4","","46","","","","23","","13","","24.1","","88.69","","","","-8","","Mainly Clear"
"-114.01","51.12","CALGARY INTL A","3031092","2026-03-11 03:00","2026","03","11","03:00","","-3.1","","-13.0","","46","","","","23","","18","","24.1","","88.67","","","","-9","","NA"
"-114.01","51.12","CALGARY INTL A","3031092","2026-03-11 04:00","2026","03","11","04:00","","-2.9","","-12.9","","46","","","","23","","21","","24.1","","88.61","","","","-9","","NA"
"-114.01","51.12","CALGARY INTL A","3031092","2026-03-11 05:00","2026","03","11","05:00","","-3.1","","-12.7","","48","","","","23","","21","","24.1","","88.61","","","","-9","","Clear"
"-114.01","51.12","CALGARY INTL A","3031092","2026-03-11 06:00","2026","03","11","06:00","","-3.5","","-12.2","","51","","","","23","","20","","24.1","","88.61","","","","-10","","NA"
"-114.01","51.12","CALGARY INTL A","3031092","2026-03-11 07:00","2026","03","11","07:00","","-3.5","","-11.8","","53","","","","23","","17","","32.2","","88.60","","","","-9","","NA"
"-114.01","51.12","CALGARY INTL A","3031092","2026-03-11 08:00","2026","03","11","08:00","","-3.0","","-11.4","","53","","","","24","","9","","32.2","","88.66","","","","-7","","Mainly Clear"
"-114.01","51.12","CALGARY INTL A","3031092","2026-03-11 09:00","2026","03","11","09:00","","-0.9","","-12.5","","41","","","","25","","18","","48.3","","88.66","","","","-6","","NA"
"-114.01","51.12","CALGARY INTL A","3031092","2026-03-11 10:00","2026","03","11","10:00","","1.3","","-13.4","","33","","","","27","","21","","48.3","","88.68","","","","","","NA"
"-114.01","51.12","CALGARY INTL A","3031092","2026-03-11 11:00","2026","03","11","11:00","","2.0","","-14.6","","28","","","","27","","29","","48.3","","88.69","","","","","","Mostly Cloudy"
"-114.01","51.12","CALGARY INTL A","3031092","2026-03-11 12:00","2026","03","11","12:00","","3.0","","-16.4","","23","","","","28","","26","","32.2","","88.68","","","","","","NA"
"-114.01","51.12","CALGARY INTL A","3031092","2026-03-11 13:00","2026","03","11","13:00","","3.1","","-16.8","","22","","","","29","","28","","32.2","","88.66","","","","","","NA"
"-114.01","51.12","CALGARY INTL A","3031092","2026-03-11 14:00","2026","03","11","14:00","","3.1","","-17.3","","21","","","","28","","26","","32.2","","88.62","","","","","","Mostly Cloudy"
"-114.01","51.12","CALGARY INTL A","3031092","2026-03-11 15:00","2026","03","11","15:00","","2.9","","-15.3","","25","","","","29","","21","","32.2","","88.59","","","","","","NA"
"-114.01","51.12","CALGARY INTL A","3031092","2026-03-11 16:00","2026","03","11","16:00","","0.8","","-9.6","","46","","","","10","","21","","32.2","","88.54","","","","","","NA"
"-114.01","51.12","CALGARY INTL A","3031092","2026-03-11 17:00","2026","03","11","17:00","","-0.5","","-8.4","","55","","","","10","","17","","32.2","","88.46","","","","-5","","Cloudy"
"-114.01","51.12","CALGARY INTL A","3031092","2026-03-11 18:00","2026","03","11","18:00","","-1.0","","-8.3","","58","","","","11","","22","","32.2","","88.34","","","","-7","","NA"
"-114.01","51.12","CALGARY INTL A","3031092","2026-03-11 19:00","2026","03","11","19:00","","-1.5","","-8.2","","60","","","","11","","22","","24.1","","88.20","","","","-7","","NA"
"-114.01","51.12","CALGARY INTL A","3031092","2026-03-11 20:00","2026","03","11","20:00","","-1.6","","-8.1","","62","","","","13","","20","","24.1","","88.04","","","","-7","","Cloudy"
"-114.01","51.12","CALGARY INTL A","3031092","2026-03-11 21:00","2026","03","11","21:00","","-1.4","","-7.3","","64","","","","14","","19","","24.1","","87.86","","","","-7","","NA"
"-114.01","51.12","CALGARY INTL A","3031092","2026-03-11 22:00","2026","03","11","22:00","","-1.6","","-6.0","","72","","","","13","","17","","24.1","","87.69","","","","-7","","NA"
"-114.01","51.12","CALGARY INTL A","3031092","2026-03-11 23:00","2026","03","11","23:00","","-1.9","","-5.5","","77","","","","15","","23","","24.1","","87.47","","","","-8","","Cloudy"
"-114.01","51.12","CALGARY INTL A","3031092","2026-03-12 00:00","2026","03","12","00:00","","-2.5","","-4.0","","89","","","","12","","12","","2.0","","87.39","","","","-7","","Snow"
"-114.01","51.12","CALGARY INTL A","3031092","2026-03-12 01:00","2026","03","12","01:00","","-2.8","","-3.8","","93","","","","8","","9","","1.0","","87.20","","","","-6","","Snow"
"-114.01","51.12","CALGARY INTL A","3031092","2026-03-12 02:00","2026","03","12","02:00","","-2.6","","-3.5","","93","","","","12","","3","","1.0","","87.14","","","","-4","","Snow"
"-114.01","51.12","CALGARY INTL A","3031092","2026-03-12 03:00","2026","03","12","03:00","","-3.2","","-4.0","","94","","","","3","","6","","1.0","","87.12","","","","-6","","Snow"
"-114.01","51.12","CALGARY INTL A","3031092","2026-03-12 04:00","2026","03","12","04:00","","-3.4","","-4.3","","93","","","","36","","19","","4.8","","87.17","","","","-9","","Snow"
"-114.01","51.12","CALGARY INTL A","3031092","2026-03-12 05:00","2026","03","12","05:00","","-3.9","","-5.0","","92","","","","1","","22","","4.0","","87.30","","","","-10","","Snow"
"-114.01","51.12","CALGARY INTL A","3031092","2026-03-12 06:00","2026","03","12","06:00","","-4.0","","-5.5","","89","","","","35","","16","","11.3","","87.48","","","","-10","","NA"
"-114.01","51.12","CALGARY INTL A","3031092","2026-03-12 07:00","2026","03","12","07:00","","-4.2","","-5.5","","90","","","","35","","15","","2.0","","87.62","","","","-10","","Snow"
"-114.01","51.12","CALGARY INTL A","3031092","2026-03-12 08:00","2026","03","12","08:00","","-4.6","","-6.2","","89","","","","36","","21","","1.6","","87.78","","","","-11","","Snow"
"-114.01","51.12","CALGARY INTL A","3031092","2026-03-12 09:00","2026","03","12","09:00","","-5.3","","-7.1","","87","","","","2","","22","","1.2","","87.96","","","","-12","","Snow"
"-114.01","51.12","CALGARY INTL A","3031092","2026-03-12 10:00","2026","03","12","10:00","","-5.2","","-6.7","","89","","","","35","","14","","0.4","","88.12","","","","-11","","Heavy Snow"
"-114.01","51.12","CALGARY INTL A","3031092","2026-03-12 11:00","2026","03","12","11:00","","-4.9","","-6.6","","88","","","","35","","14","","0.8","","88.27","","","","-10","","Moderate Snow"
"-114.01","51.12","CALGARY INTL A","3031092","2026-03-12 12:00","2026","03","12","12:00","","-4.9","","-7.4","","83","","","","5","","18","","9.7","","88.36","","","","-11","","Fog"
"-114.01","51.12","CALGARY INTL A","3031092","2026-03-12 13:00","2026","03","12","13:00","","-4.9","","-7.9","","80","","","","6","","18","","14.5","","88.44","","","","-11","","Snow"
"-114.01","51.12","CALGARY INTL A","3031092","2026-03-12 14:00","2026","03","12","14:00","","-5.2","","-8.5","","78","","","","6","","10","","14.5","","88.46","","","","-10","","Mostly Cloudy"
"-114.01","51.12","CALGARY INTL A","3031092","2026-03-12 15:00","2026","03","12","15:00","","-5.2","","-8.0","","81","","","","9","","11","","24.1","","88.52","","","","-10","","Snow"
"-114.01","51.12","CALGARY INTL A","3031092","2026-03-12 16:00","2026","03","12","16:00","","-4.9","","-8.7","","75","","","","","","0","","24.1","","88.61","","","","","","NA"
"-114.01","51.12","CALGARY INTL A","3031092","2026-03-12 17:00","2026","03","12","17:00","","-5.4","","-7.8","","83","","","","36","","21","","1.6","","88.72","","","","-12","","Snow"
"-114.01","51.12","CALGARY INTL A","3031092","2026-03-12 18:00","2026","03","12","18:00","","-6.2","","-8.2","","86","","","","3","","5","","9.7","","88.74","","","","-9","","Fog"
"-114.01","51.12","CALGARY INTL A","3031092","2026-03-12 19:00","2026","03","12","19:00","","-6.2","","-8.2","","86","","","","22","","11","","16.1","","88.70","","","","-11","","NA"
"-114.01","51.12","CALGARY INTL A","3031092","2026-03-12 20:00","2026","03","12","20:00","","-5.7","","-8.9","","78","","","","22","","8","","16.1","","88.72","","","","-9","","Mostly Cloudy"
"-114.01","51.12","CALGARY INTL A","3031092","2026-03-12 21:00","2026","03","12","21:00","","-6.5","","-9.8","","78","","","","22","","10","","24.1","","88.66","","","","-11","","NA"
"-114.01","51.12","CALGARY INTL A","3031092","2026-03-12 22:00","2026","03","12","22:00","","-6.8","","-10.2","","77","","","","22","","10","","24.1","","88.62","","","","-11","","NA"
"-114.01","51.12","CALGARY INTL A","3031092","2026-03-12 23:00","2026","03","12","23:00","","-7.3","","-10.6","","78","","","","21","","5","","24.1","","88.56","","","","-10","","Mostly Cloudy"
"-114.01","51.12","CALGARY INTL A","3031092","2026-03-13 00:00","2026","03","13","00:00","","-6.9","","-10.7","","74","","","","21","","7","","24.1","","88.50","","","","-10","","NA"
"-114.01","51.12","CALGARY INTL A","3031092","2026-03-13 01:00","2026","03","13","01:00","","-5.6","","-10.6","","68","","","","30","","10","","16.1","","88.46","","","","-10","","NA"
"-114.01","51.12","CALGARY INTL A","3031092","2026-03-13 02:00","2026","03","13","02:00","","-7.9","","-13.1","","67","","","","2","","24","","16.1","","88.48","","","","-16","","Mostly Cloudy"
"-114.01","51.12","CALGARY INTL A","3031092","2026-03-13 03:00","2026","03","13","03:00","","-8.9","","-12.7","","75","","","","36","","13","","24.1","","88.56","","","","-15","","NA"
"-114.01","51.12","CALGARY INTL A","3031092","2026-03-13 04:00","2026","03","13","04:00","","-12.4","","-15.0","","81","","","","1","","31","","24.1","","88.62","","","","-23","","NA"
"-114.01","51.12","CALGARY INTL A","3031092","2026-03-13 05:00","2026","03","13","05:00","","-11.4","","-13.4","","86","","","","35","","25","","3.2","","88.71","","","","-21","","Snow Grains,Fog"
"-114.01","51.12","CALGARY INTL A","3031092","2026-03-13 06:00","2026","03","13","06:00","","-10.2","","-11.7","","89","","","","36","","26","","1.6","","88.72","","","","-19","","Snow Grains,Fog"
"-114.01","51.12","CALGARY INTL A","3031092","2026-03-13 07:00","2026","03","13","07:00","","-10.3","","-11.9","","88","","","","36","","15","","0.8","","88.79","","","","-17","","Snow,Freezing Fog"
"-114.01","51.12","CALGARY INTL A","3031092","2026-03-13 08:00","2026","03","13","08:00","","-10.2","","-11.8","","88","","","","34","","10","","0.8","","88.83","","","","-15","","Moderate Snow"
"-114.01","51.12","CALGARY INTL A","3031092","2026-03-13 09:00","2026","03","13","09:00","","-10.3","","-11.9","","88","","","","35","","5","","0.8","","88.86","","","","-13","","Moderate Snow"
"-114.01","51.12","CALGARY INTL A","3031092","2026-03-13 10:00","2026","03","13","10:00","","-9.6","","-11.6","","86","","","","13","","3","","9.7","","88.84","","","","-11","","Snow"
"-114.01","51.12","CALGARY INTL A","3031092","2026-03-13 11:00","2026","03","13","11:00","","-8.9","","-13.1","","72","","","","17","","5","","16.1","","88.82","","","","-12","","Snow"
"-114.01","51.12","CALGARY INTL A","3031092","2026-03-13 12:00","2026","03","13","12:00","","-7.5","","-11.8","","72","","","","17","","12","","14.5","","88.79","","","","-13","","Snow"
"-114.01","51.12","CALGARY INTL A","3031092","2026-03-13 13:00","2026","03","13","13:00","","-7.0","","-11.1","","73","","","","18","","14","","14.5","","88.74","","","","-13","","NA"
"-114.01","51.12","CALGARY INTL A","3031092","2026-03-13 14:00","2026","03","13","14:00","","-7.0","","-11.8","","69","","","","16","","18","","24.1","","88.66","","","","-14","","Mostly Cloudy"
"-114.01","51.12","CALGARY INTL A","3031092","2026-03-13 15:00","2026","03","13","15:00","","-7.5","","-11.8","","71","","","","17","","19","","24.1","","88.62","","","","-15","","NA"
"-114.01","51.12","CALGARY INTL A","3031092","2026-03-13 16:00","2026","03","13","16:00","","-7.2","","-11.2","","73","","","","16","","22","","16.1","","88.61","","","","-15","","NA"
"-114.01","51.12","CALGARY INTL A","3031092","2026-03-13 17:00","2026","03","13","17:00","","-8.0","","-11.1","","78","","","","15","","19","","16.1","","88.58","","","","-15","","Cloudy"
"-114.01","51.12","CALGARY INTL A","3031092","2026-03-13 18:00","2026","03","13","18:00","","-8.6","","-11.2","","82","","","","19","","22","","14.5","","88.55","","","","-16","","NA"
"-114.01","51.12","CALGARY INTL A","3031092","2026-03-13 19:00","2026","03","13","19:00","","-8.2","","-10.5","","84","","","","19","","22","","12.9","","88.54","","","","-16","","NA"
"-114.01","51.12","CALGARY INTL A","3031092","2026-03-13 20:00","2026","03","13","20:00","","-7.8","","-10.0","","85","","","","18","","23","","12.9","","88.52","","","","-16","","Cloudy"
"-114.01","51.12","CALGARY INTL A","3031092","2026-03-13 21:00","2026","03","13","21:00","","-7.7","","-9.7","","86","","","","19","","20","","12.9","","88.48","","","","-15","","NA"
"-114.01","51.12","CALGARY INTL A","3031092","2026-03-13 22:00","2026","03","13","22:00","","-7.8","","-9.6","","87","","","","16","","22","","11.3","","88.43","","","","-15","","NA"
"-114.01","51.12","CALGARY INTL A","3031092","2026-03-13 23:00","2026","03","13","23:00","","-7.8","","-9.7","","87","","","","18","","18","","9.7","","88.37","","","","-15","","Fog"
"-114.01","51.12","CALGARY INTL A","3031092","2026-03-14 00:00","2026","03","14","00:00","","-8.1","","-10.1","","86","","","","19","","10","","9.7","","88.34","","","","-13","","Fog"
"-114.01","51.12","CALGARY INTL A","3031092","2026-03-14 01:00","2026","03","14","01:00","","-7.8","","-9.9","","85","","","","32","","14","","12.9","","88.37","","","","-14","","NA"
"-114.01","51.12","CALGARY INTL A","3031092","2026-03-14 02:00","2026","03","14","02:00","","-9.4","","-11.7","","83","","","","35","","28","","8.1","","88.38","","","","-18","","Fog"
"-114.01","51.12","CALGARY INTL A","3031092","2026-03-14 03:00","2026","03","14","03:00","","-10.5","","-12.8","","83","","","","35","","22","","6.4","","88.39","","","","-19","","Fog"
"-114.01","51.12","CALGARY INTL A","3031092","2026-03-14 04:00","2026","03","14","04:00","","-9.8","","-11.5","","87","","","","36","","33","","4.8","","88.40","","","","-20","","Fog"
"-114.01","51.12","CALGARY INTL A","3031092","2026-03-14 05:00","2026","03","14","05:00","","-10.2","","-12.1","","86","","","","36","","30","","1.6","","88.50","","","","-20","","Snow,Fog"
"-114.01","51.12","CALGARY INTL A","3031092","2026-03-14 06:00","2026","03","14","06:00","","-13.3","","-15.6","","83","","","","36","","34","","1.2","","88.60","","","","-24","","Snow,Fog,Drifting Snow"
"-114.01","51.12","CALGARY INTL A","3031092","2026-03-14 07:00","2026","03","14","07:00","","-14.6","","-17.3","","81","","","","1","","31","","1.2","","88.73","","","","-26","","Snow,Blowing Snow"
"-114.01","51.12","CALGARY INTL A","3031092","2026-03-14 08:00","2026","03","14","08:00","","-15.1","","-17.9","","79","","","","36","","23","","4.0","","88.83","","","","-25","","Snow,Blowing Snow"
"-114.01","51.12","CALGARY INTL A","3031092","2026-03-14 09:00","2026","03","14","09:00","","-15.3","","-18.9","","74","","","","2","","26","","2.8","","88.93","","","","-26","","Snow"
"-114.01","51.12","CALGARY INTL A","3031092","2026-03-14 10:00","2026","03","14","10:00","","-15.0","","-18.8","","73","","","","36","","19","","4.0","","89.02","","","","-24","","Snow"
"-114.01","51.12","CALGARY INTL A","3031092","2026-03-14 11:00","2026","03","14","11:00","","-14.5","","-19.0","","69","","","","3","","12","","8.1","","89.08","","","","-21","","Snow"
"-114.01","51.12","CALGARY INTL A","3031092","2026-03-14 12:00","2026","03","14","12:00","","-13.5","","-18.5","","66","","","","1","","14","","16.1","","89.10","","","","-21","","Snow"
"-114.01","51.12","CALGARY INTL A","3031092","2026-03-14 13:00","2026","03","14","13:00","","-12.8","","-18.9","","61","","","","1","","13","","24.1","","89.14","","","","-20","","NA"
"-114.01","51.12","CALGARY INTL A","3031092","2026-03-14 14:00","2026","03","14","14:00","","-12.8","","-18.1","","65","","","","6","","10","","24.1","","89.18","","","","-19","","Mostly Cloudy"
"-114.01","51.12","CALGARY INTL A","3031092","2026-03-14 15:00","2026","03","14","15:00","","-12.3","","-17.9","","64","","","","5","","8","","24.1","","89.20","","","","-17","","NA"
"-114.01","51.12","CALGARY INTL A","3031092","2026-03-14 16:00","2026","03","14","16:00","","-11.7","","-17.3","","64","","","","11","","6","","24.1","","89.29","","","","-15","","NA"
"-114.01","51.12","CALGARY INTL A","3031092","2026-03-14 17:00","2026","03","14","17:00","","-12.0","","-17.1","","66","","","","17","","13","","24.1","","89.35","","","","-19","","Mostly Cloudy"
"-114.01","51.12","CALGARY INTL A","3031092","2026-03-14 18:00","2026","03","14","18:00","","-12.9","","-17.4","","69","","","","18","","17","","14.5","","89.41","","","","-21","","NA"
"-114.01","51.12","CALGARY INTL A","3031092","2026-03-14 19:00","2026","03","14","19:00","","-13.7","","-17.5","","73","","","","18","","18","","14.5","","89.46","","","","-22","","NA"
"-114.01","51.12","CALGARY INTL A","3031092","2026-03-14 20:00","2026","03","14","20:00","","-14.5","","-18.4","","73","","","","18","","13","","24.1","","89.50","","","","-22","","Clear"
"-114.01","51.12","CALGARY INTL A","3031092","2026-03-14 21:00","2026","03","14","21:00","","-14.4","","-18.1","","74","","","","19","","9","","24.1","","89.52","","","","-20","","NA"
"-114.01","51.12","CALGARY INTL A","3031092","2026-03-14 22:00","2026","03","14","22:00","","-14.8","","-17.6","","79","","","","20","","9","","24.1","","89.55","","","","-21","","NA"
"-114.01","51.12","CALGARY INTL A","3031092","2026-03-14 23:00","2026","03","14","23:00","","-13.8","","-17.6","","73","","","","22","","8","","24.1","","89.61","","","","-19","","Clear"
"-114.01","51.12","CALGARY INTL A","3031092","2026-03-15 00:00","2026","03","15","00:00","","-15.4","","-18.6","","77","","","","32","","3","","24.1","","89.62","","","","-18","","NA"
"-114.01","51.12","CALGARY INTL A","3031092","2026-03-15 01:00","2026","03","15","01:00","","-16.3","","-19.5","","77","","","","11","","3","","24.1","","89.65","","","","-19","","NA"
"-114.01","51.12","CALGARY INTL A","3031092","2026-03-15 02:00","2026","03","15","02:00","","-16.3","","-19.2","","78","","","","20","","5","","24.1","","89.71","","","","-20","","Clear"
"-114.01","51.12","CALGARY INTL A","3031092","2026-03-15 03:00","2026","03","15","03:00","","-16.5","","-19.3","","79","","","","21","","5","","24.1","","89.69","","","","-20","","NA"
"-114.01","51.12","CALGARY INTL A","3031092","2026-03-15 04:00","2026","03","15","04:00","","-16.4","","-19.6","","77","","","","","","0","","24.1","","89.68","","","","","","NA"
"-114.01","51.12","CALGARY INTL A","3031092","2026-03-15 05:00","2026","03","15","05:00","","-16.0","","-19.7","","74","","","","21","","12","","24.1","","89.73","","","","-23","","Clear"
"-114.01","51.12","CALGARY INTL A","3031092","2026-03-15 06:00","2026","03","15","06:00","","-15.8","","-19.7","","72","","","","18","","9","","24.1","","89.73","","","","-22","","NA"
"-114.01","51.12","CALGARY INTL A","3031092","2026-03-15 07:00","2026","03","15","07:00","","-13.6","","-18.8","","66","","","","23","","11","","64.4","","89.73","","","","-20","","NA"
"-114.01","51.12","CALGARY INTL A","3031092","2026-03-15 08:00","2026","03","15","08:00","","-12.3","","-19.0","","58","","","","18","","10","","64.4","","89.74","","","","-18","","Mainly Clear"
"-114.01","51.12","CALGARY INTL A","3031092","2026-03-15 09:00","2026","03","15","09:00","","-7.0","","-17.7","","43","","","","27","","8","","64.4","","89.80","","","","-11","","NA"
"-114.01","51.12","CALGARY INTL A","3031092","2026-03-15 10:00","2026","03","15","10:00","","-5.3","","-16.6","","41","","","","22","","10","","64.4","","89.79","","","","-10","","NA"
"-114.01","51.12","CALGARY INTL A","3031092","2026-03-15 11:00","2026","03","15","11:00","","-3.0","","-17.3","","33","","","","27","","18","","64.4","","89.76","","","","-9","","Mostly Cloudy"
"-114.01","51.12","CALGARY INTL A","3031092","2026-03-15 12:00","2026","03","15","12:00","","-2.1","","-17.9","","29","","","","28","","13","","64.4","","89.72","","","","-7","","NA"
"-114.01","51.12","CALGARY INTL A","3031092","2026-03-15 13:00","2026","03","15","13:00","","-1.4","","-20.4","","22","","","","26","","13","","64.4","","89.70","","","","-6","","NA"
"-114.01","51.12","CALGARY INTL A","3031092","2026-03-15 14:00","2026","03","15","14:00","","-0.9","","-18.7","","25","","","","25","","7","","64.4","","89.59","","","","-3","","Cloudy"
"-114.01","51.12","CALGARY INTL A","3031092","2026-03-15 15:00","2026","03","15","15:00","","-2.1","","-15.6","","35","","","","16","","26","","64.4","","89.52","","","","-9","","NA"
"-114.01","51.12","CALGARY INTL A","3031092","2026-03-15 16:00","2026","03","15","16:00","","-3.1","","-16.0","","37","","","","17","","24","","64.4","","89.49","","","","-10","","NA"
"-114.01","51.12","CALGARY INTL A","3031092","2026-03-15 17:00","2026","03","15","17:00","","-3.4","","-14.8","","41","","","","17","","21","","64.4","","89.43","","","","-10","","Cloudy"
"-114.01","51.12","CALGARY INTL A","3031092","2026-03-15 18:00","2026","03","15","18:00","","-3.9","","-16.2","","38","","","","17","","26","","48.3","","89.42","","","","-11","","NA"
"-114.01","51.12","CALGARY INTL A","3031092","2026-03-15 19:00","2026","03","15","19:00","","-4.7","","-14.0","","48","","","","17","","16","","48.3","","89.39","","","","-10","","NA"
"-114.01","51.12","CALGARY INTL A","3031092","2026-03-15 20:00","2026","03","15","20:00","","-4.5","","-14.3","","47","","","","18","","17","","24.1","","89.29","","","","-10","","Mostly Cloudy"
"-114.01","51.12","CALGARY INTL A","3031092","2026-03-15 21:00","2026","03","15","21:00","","-4.8","","-14.1","","49","","","","18","","14","","24.1","","89.19","","","","-10","","NA"
"-114.01","51.12","CALGARY INTL A","3031092","2026-03-15 22:00","2026","03","15","22:00","","-5.1","","-13.3","","53","","","","17","","18","","24.1","","89.10","","","","-11","","NA"
"-114.01","51.12","CALGARY INTL A","3031092","2026-03-15 23:00","2026","03","15","23:00","","-5.8","","-11.9","","62","","","","18","","19","","24.1","","88.92","","","","-12","","Mostly Cloudy"
"-114.01","51.12","CALGARY INTL A","3031092","2026-03-16 00:00","2026","03","16","00:00","","-6.5","","-11.5","","68","","","","20","","13","","24.1","","88.79","","","","-12","","NA"
"-114.01","51.12","CALGARY INTL A","3031092","2026-03-16 01:00","2026","03","16","01:00","","-6.5","","-11.3","","69","","","","17","","16","","24.1","","88.73","","","","-13","","NA"
"-114.01","51.12","CALGARY INTL A","3031092","2026-03-16 02:00","2026","03","16","02:00","","-5.7","","-10.9","","67","","","","22","","10","","24.1","","88.63","","","","-10","","Mostly Cloudy"
"-114.01","51.12","CALGARY INTL A","3031092","2026-03-16 03:00","2026","03","16","03:00","","-6.8","","-10.8","","73","","","","19","","8","","24.1","","88.53","","","","-11","","NA"
"-114.01","51.12","CALGARY INTL A","3031092","2026-03-16 04:00","2026","03","16","04:00","","-8.6","","-11.7","","79","","","","18","","8","","24.1","","88.45","","","","-13","","NA"
"-114.01","51.12","CALGARY INTL A","3031092","2026-03-16 05:00","2026","03","16","05:00","","-6.2","","-11.1","","69","","","","22","","10","","24.1","","88.41","","","","-11","","Mostly Cloudy"
"-114.01","51.12","CALGARY INTL A","3031092","2026-03-16 06:00","2026","03","16","06:00","","-6.9","","-11.9","","67","","","","19","","9","","24.1","","88.34","","","","-11","","NA"
"-114.01","51.12","CALGARY INTL A","3031092","2026-03-16 07:00","2026","03","16","07:00","","-5.1","","-11.8","","60","","","","20","","8","","64.4","","88.19","","","","-9","","NA"
"-114.01","51.12","CALGARY INTL A","3031092","2026-03-16 08:00","2026","03","16","08:00","","-5.1","","-10.3","","67","","","","23","","6","","64.4","","88.10","","","","-8","","Mostly Cloudy"
"-114.01","51.12","CALGARY INTL A","3031092","2026-03-16 09:00","2026","03","16","09:00","","-2.2","","-8.7","","61","","","","16","","7","","64.4","","88.13","","","","-5","","NA"
"-114.01","51.12","CALGARY INTL A","3031092","2026-03-16 10:00","2026","03","16","10:00","","-1.3","","-8.7","","57","","","","20","","12","","64.4","","88.07","","","","-5","","NA"
"-114.01","51.12","CALGARY INTL A","3031092","2026-03-16 11:00","2026","03","16","11:00","","-0.7","","-8.1","","57","","","","18","","13","","64.4","","88.02","","","","-5","","Cloudy"
"-114.01","51.12","CALGARY INTL A","3031092","2026-03-16 12:00","2026","03","16","12:00","","1.3","","-6.8","","55","","","","14","","3","","64.4","","87.96","","","","","","NA"
"-114.01","51.12","CALGARY INTL A","3031092","2026-03-16 13:00","2026","03","16","13:00","","2.5","","-5.9","","54","","","","19","","8","","64.4","","87.94","","","","","","NA"
"-114.01","51.12","CALGARY INTL A","3031092","2026-03-16 14:00","2026","03","16","14:00","","4.9","","-4.3","","51","","","","16","","11","","64.4","","87.83","","","","","","Mostly Cloudy"
"-114.01","51.12","CALGARY INTL A","3031092","2026-03-16 15:00","2026","03","16","15:00","","8.7","","-2.9","","44","","","","22","","12","","64.4","","87.75","","","","","","NA"
"-114.01","51.12","CALGARY INTL A","3031092","2026-03-16 16:00","2026","03","16","16:00","","6.2","","-3.5","","50","","","","19","","11","","64.4","","87.68","","","","","","NA"
"-114.01","51.12","CALGARY INTL A","3031092","2026-03-16 17:00","2026","03","16","17:00","","7.7","","-2.6","","48","","","","21","","12","","48.3","","87.52","","","","","","Rain"
"-114.01","51.12","CALGARY INTL A","3031092","2026-03-16 18:00","2026","03","16","18:00","","10.2","","-2.5","","41","","","","26","","5","","64.4","","87.43","","","","","","NA"
"-114.01","51.12","CALGARY INTL A","3031092","2026-03-16 19:00","2026","03","16","19:00","","10.4","","-2.6","","40","","","","28","","11","","32.2","","87.37","","","","","","NA"
"-114.01","51.12","CALGARY INTL A","3031092","2026-03-16 20:00","2026","03","16","20:00","","8.7","","-2.3","","46","","","","22","","9","","24.1","","87.27","","","","","","Mostly Cloudy"
"-114.01","51.12","CALGARY INTL A","3031092","2026-03-16 21:00","2026","03","16","21:00","","6.6","","-1.8","","55","","","","22","","10","","24.1","","87.24","","","","","","NA"
"-114.01","51.12","CALGARY INTL A","3031092","2026-03-16 22:00","2026","03","16","22:00","","3.8","","-2.0","","65","","","","12","","4","","24.1","","87.23","","","","","","NA"
"-114.01","51.12","CALGARY INTL A","3031092","2026-03-16 23:00","2026","03","16","23:00","","10.2","","-1.4","","44","","","","29","","36","","24.1","","87.28","","","","","","Mostly Cloudy"
"-114.01","51.12","CALGARY INTL A","3031092","2026-03-17 00:00","2026","03","17","00:00","","10.4","","-1.6","","43","","","","30","","30","","24.1","","87.32","","","","","","NA"
"-114.01","51.12","CALGARY INTL A","3031092","2026-03-17 01:00","2026","03","17","01:00","","11.7","","-1.8","","39","","","","20","","14","","24.1","","87.32","","","","","","NA"
"-114.01","51.12","CALGARY INTL A","3031092","2026-03-17 02:00","2026","03","17","02:00","","10.6","","-2.1","","41","","","","15","","8","","24.1","","87.36","","","","","","Mostly Cloudy"
"-114.01","51.12","CALGARY INTL A","3031092","2026-03-17 03:00","2026","03","17","03:00","","8.6","","-1.4","","49","","","","30","","23","","24.1","","87.46","","","","","","NA"
"-114.01","51.12","CALGARY INTL A","3031092","2026-03-17 04:00","2026","03","17","04:00","","8.6","","-1.3","","50","","","","29","","27","","24.1","","87.52","","","","","","NA"
"-114.01","51.12","CALGARY INTL A","3031092","2026-03-17 05:00","2026","03","17","05:00","","8.9","","-1.3","","49","","","","26","","31","","24.1","","87.42","","","","","","Mainly Clear"
"-114.01","51.12","CALGARY INTL A","3031092","2026-03-17 06:00","2026","03","17","06:00","","9.8","","-1.6","","45","","","","28","","28","","24.1","","87.55","","","","","","NA"
"-114.01","51.12","CALGARY INTL A","3031092","2026-03-17 07:00","2026","03","17","07:00","","10.2","","-1.9","","43","","","","28","","32","","64.4","","87.58","","","","","","NA"
"-114.01","51.12","CALGARY INTL A","3031092","2026-03-17 08:00","2026","03","17","08:00","","11.3","","-2.0","","39","","","","27","","37","","48.3","","87.49","","","","","","Mostly Cloudy"
"-114.01","51.12","CALGARY INTL A","3031092","2026-03-17 09:00","2026","03","17","09:00","","12.6","","-2.1","","36","","","","27","","46","","64.4","","87.50","","","","","","NA"
"-114.01","51.12","CALGARY INTL A","3031092","2026-03-17 10:00","2026","03","17","10:00","","13.0","","-2.0","","35","","","","26","","40","","64.4","","87.51","","","","","","NA"
"-114.01","51.12","CALGARY INTL A","3031092","2026-03-17 11:00","2026","03","17","11:00","","14.0","","-1.8","","33","","","","27","","24","","64.4","","87.66","","","","","","Mostly Cloudy"
"-114.01","51.12","CALGARY INTL A","3031092","2026-03-17 12:00","2026","03","17","12:00","","15.1","","-1.8","","31","","","","27","","32","","64.4","","87.67","","","","","","NA"
"-114.01","51.12","CALGARY INTL A","3031092","2026-03-17 13:00","2026","03","17","13:00","","16.2","","-1.5","","29","","","","27","","45","","64.4","","87.64","","","","","","NA"
"-114.01","51.12","CALGARY INTL A","3031092","2026-03-17 14:00","2026","03","17","14:00","","16.2","","-1.3","","30","","","","28","","48","","48.3","","87.68","","","","","","Mostly Cloudy"
"-114.01","51.12","CALGARY INTL A","3031092","2026-03-17 15:00","2026","03","17","15:00","","15.2","","-2.0","","30","","","","27","","36","","48.3","","87.70","","","","","","NA"
"-114.01","51.12","CALGARY INTL A","3031092","2026-03-17 16:00","2026","03","17","16:00","","14.9","","-1.5","","32","","","","28","","36","","64.4","","87.75","","","","","","NA"
"-114.01","51.12","CALGARY INTL A","3031092","2026-03-17 17:00","2026","03","17","17:00","","14.8","","-2.1","","31","","","","28","","34","","64.4","","87.81","","","","","","Mostly Cloudy"
"-114.01","51.12","CALGARY INTL A","3031092","2026-03-17 18:00","2026","03","17","18:00","","14.1","","-1.9","","33","","","","27","","22","","64.4","","87.83","","","","","","NA"
"-114.01","51.12","CALGARY INTL A","3031092","2026-03-17 19:00","2026","03","17","19:00","","13.2","","-2.3","","34","","","","27","","17","","32.2","","87.84","","","","","","NA"
"-114.01","51.12","CALGARY INTL A","3031092","2026-03-17 20:00","2026","03","17","20:00","","11.0","","-2.1","","40","","","","21","","8","","24.1","","87.90","","","","","","Mostly Cloudy"
"-114.01","51.12","CALGARY INTL A","3031092","2026-03-17 21:00","2026","03","17","21:00","","8.7","","-2.0","","47","","","","18","","13","","24.1","","87.94","","","","","","NA"
"-114.01","51.12","CALGARY INTL A","3031092","2026-03-17 22:00","2026","03","17","22:00","","9.4","","-2.0","","45","","","","23","","14","","24.1","","87.93","","","","","","NA"
"-114.01","51.12","CALGARY INTL A","3031092","2026-03-17 23:00","2026","03","17","23:00","","5.5","","-1.3","","61","","","","16","","18","","24.1","","87.95","","","","","","Mainly Clear"
"-114.01","51.12","CALGARY INTL A","3031092","2026-03-18 00:00","2026","03","18","00:00","","6.7","","-0.9","","58","","","","23","","9","","24.1","","87.99","","","","","","NA"
"-114.01","51.12","CALGARY INTL A","3031092","2026-03-18 01:00","2026","03","18","01:00","","9.3","","-2.1","","45","","","","24","","8","","24.1","","87.99","","","","","","NA"
"-114.01","51.12","CALGARY INTL A","3031092","2026-03-18 02:00","2026","03","18","02:00","","10.9","","-1.9","","41","","","","27","","13","","24.1","","88.01","","","","","","Mostly Cloudy"
"-114.01","51.12","CALGARY INTL A","3031092","2026-03-18 03:00","2026","03","18","03:00","","7.0","","-1.9","","53","","","","","","0","","24.1","","88.00","","","","","","NA"
"-114.01","51.12","CALGARY INTL A","3031092","2026-03-18 04:00","2026","03","18","04:00","","8.6","","-1.8","","48","","","","25","","11","","24.1","","87.94","","","","","","NA"
"-114.01","51.12","CALGARY INTL A","3031092","2026-03-18 05:00","2026","03","18","05:00","","6.6","","-1.8","","55","","","","17","","11","","24.1","","87.92","","","","","","Mostly Cloudy"
"-114.01","51.12","CALGARY INTL A","3031092","2026-03-18 06:00","2026","03","18","06:00","","10.0","","-1.4","","45","","","","25","","16","","24.1","","87.92","","","","","","NA"
"-114.01","51.12","CALGARY INTL A","3031092","2026-03-18 07:00","2026","03","18","07:00","","5.6","","-1.6","","60","","","","12","","10","","64.4","","87.97","","","","","","NA"
"-114.01","51.12","CALGARY INTL A","3031092","2026-03-18 08:00","2026","03","18","08:00","","8.0","","0.0","","57","","","","8","","6","","64.4","","88.04","","","","","","Mostly Cloudy"
"-114.01","51.12","CALGARY INTL A","3031092","2026-03-18 09:00","2026","03","18","09:00","","9.8","","0.9","","54","","","","19","","5","","64.4","","88.06","","","","","","NA"
"-114.01","51.12","CALGARY INTL A","3031092","2026-03-18 10:00","2026","03","18","10:00","","11.7","","0.4","","46","","","","13","","9","","64.4","","88.07","","","","","","NA"
"-114.01","51.12","CALGARY INTL A","3031092","2026-03-18 11:00","2026","03","18","11:00","","13.3","","1.8","","46","","","","11","","13","","64.4","","88.10","","","","","","Mostly Cloudy"
"-114.01","51.12","CALGARY INTL A","3031092","2026-03-18 12:00","2026","03","18","12:00","","14.6","","0.6","","38","","","","14","","15","","64.4","","88.09","","","","","","NA"
"-114.01","51.12","CALGARY INTL A","3031092","2026-03-18 13:00","2026","03","18","13:00","","17.2","","-1.6","","28","","","","27","","31","","64.4","","88.09","","","","","","NA"
"-114.01","51.12","CALGARY INTL A","3031092","2026-03-18 14:00","2026","03","18","14:00","","18.2","","-1.7","","26","","","","27","","26","","48.3","","88.11","","","","","","Mostly Cloudy"
"-114.01","51.12","CALGARY INTL A","3031092","2026-03-18 15:00","2026","03","18","15:00","","17.5","","-2.1","","26","","","","27","","39","","48.3","","88.14","","","","","","NA"
"-114.01","51.12","CALGARY INTL A","3031092","2026-03-18 16:00","2026","03","18","16:00","","17.0","","-0.6","","30","","","","28","","25","","48.3","","88.14","","","","","","NA"
"-114.01","51.12","CALGARY INTL A","3031092","2026-03-18 17:00","2026","03","18","17:00","","16.4","","-0.4","","32","","","","28","","13","","32.2","","88.17","","","","","","Mostly Cloudy"
"-114.01","51.12","CALGARY INTL A","3031092","2026-03-18 18:00","2026","03","18","18:00","","15.3","","0.2","","36","","","","27","","11","","48.3","","88.17","","","","","","NA"
"-114.01","51.12","CALGARY INTL A","3031092","2026-03-18 19:00","2026","03","18","19:00","","13.8","","0.0","","38","","","","22","","18","","32.2","","88.18","","","","","","NA"
"-114.01","51.12","CALGARY INTL A","3031092","2026-03-18 20:00","2026","03","18","20:00","","13.1","","0.0","","40","","","","23","","14","","24.1","","88.20","","","","","","Mostly Cloudy"
"-114.01","51.12","CALGARY INTL A","3031092","2026-03-18 21:00","2026","03","18","21:00","","10.7","","0.4","","49","","","","21","","16","","24.1","","88.14","","","","","","NA"
"-114.01","51.12","CALGARY INTL A","3031092","2026-03-18 22:00","2026","03","18","22:00","","8.2","","0.4","","58","","","","20","","13","","24.1","","88.08","","","","","","NA"
"-114.01","51.12","CALGARY INTL A","3031092","2026-03-18 23:00","2026","03","18","23:00","","10.6","","0.0","","48","","","","22","","10","","24.1","","88.07","","","","","","Mainly Clear"
"-114.01","51.12","CALGARY INTL A","3031092","2026-03-19 00:00","2026","03","19","00:00","","7.2","","-0.3","","59","","","","19","","10","","24.1","","88.04","","","","","","NA"
"-114.01","51.12","CALGARY INTL A","3031092","2026-03-19 01:00","2026","03","19","01:00","","8.1","","0.2","","57","","","","29","","3","","24.1","","87.97","","","","","","NA"
"-114.01","51.12","CALGARY INTL A","3031092","2026-03-19 02:00","2026","03","19","02:00","","5.9","","-0.2","","65","","","","3","","6","","24.1","","87.97","","","","","","Mainly Clear"
"-114.01","51.12","CALGARY INTL A","3031092","2026-03-19 03:00","2026","03","19","03:00","","12.6","","1.7","","47","","","","27","","22","","24.1","","87.98","","","","","","NA"
"-114.01","51.12","CALGARY INTL A","3031092","2026-03-19 04:00","2026","03","19","04:00","","11.1","","1.5","","52","","","","27","","13","","24.1","","87.94","","","","","","NA"
"-114.01","51.12","CALGARY INTL A","3031092","2026-03-19 05:00","2026","03","19","05:00","","11.9","","1.8","","50","","","","27","","25","","24.1","","87.93","","","","","","Clear"
"-114.01","51.12","CALGARY INTL A","3031092","2026-03-19 06:00","2026","03","19","06:00","","9.0","","1.5","","59","","","","29","","13","","24.1","","88.04","","","","","","NA"
"-114.01","51.12","CALGARY INTL A","3031092","2026-03-19 07:00","2026","03","19","07:00","","9.4","","1.4","","57","","","","28","","18","","48.3","","88.18","","","","","","NA"
"-114.01","51.12","CALGARY INTL A","3031092","2026-03-19 08:00","2026","03","19","08:00","","9.5","","2.0","","59","","","","25","","10","","32.2","","88.21","","","","","","Mostly Cloudy"
"-114.01","51.12","CALGARY INTL A","3031092","2026-03-19 09:00","2026","03","19","09:00","","10.4","","2.3","","57","","","","22","","8","","32.2","","88.25","","","","","","NA"
"-114.01","51.12","CALGARY INTL A","3031092","2026-03-19 10:00","2026","03","19","10:00","","15.2","","1.7","","40","","","","25","","15","","48.3","","88.32","","","","","","NA"
"-114.01","51.12","CALGARY INTL A","3031092","2026-03-19 11:00","2026","03","19","11:00","","16.4","","0.9","","35","","","","25","","16","","48.3","","88.38","","","","","","Mostly Cloudy"
"-114.01","51.12","CALGARY INTL A","3031092","2026-03-19 12:00","2026","03","19","12:00","","17.1","","0.8","","33","","","","23","","17","","48.3","","88.39","","","","","","NA"
"-114.01","51.12","CALGARY INTL A","3031092","2026-03-19 13:00","2026","03","19","13:00","","17.5","","0.2","","31","","","","24","","20","","48.3","","88.37","","","","","","NA"
"-114.01","51.12","CALGARY INTL A","3031092","2026-03-19 14:00","2026","03","19","14:00","","17.5","","-0.4","","30","","","","24","","19","","48.3","","88.29","","","","","","Mostly Cloudy"
"-114.01","51.12","CALGARY INTL A","3031092","2026-03-19 15:00","2026","03","19","15:00","","17.5","","0.2","","31","","","","28","","26","","32.2","","88.30","","","","","","NA"
"-114.01","51.12","CALGARY INTL A","3031092","2026-03-19 16:00","2026","03","19","16:00","","16.4","","0.6","","34","","","","29","","27","","32.2","","88.37","","","","","","NA"
"-114.01","51.12","CALGARY INTL A","3031092","2026-03-19 17:00","2026","03","19","17:00","","15.2","","-0.5","","34","","","","28","","27","","24.1","","88.39","","","","","","Mostly Cloudy"
"-114.01","51.12","CALGARY INTL A","3031092","2026-03-19 18:00","2026","03","19","18:00","","13.4","","0.4","","41","","","","27","","24","","24.1","","88.46","","","","","","NA"
"-114.01","51.12","CALGARY INTL A","3031092","2026-03-19 19:00","2026","03","19","19:00","","11.4","","1.1","","49","","","","27","","13","","32.2","","88.46","","","","","","NA"
"-114.01","51.12","CALGARY INTL A","3031092","2026-03-19 20:00","2026","03","19","20:00","","10.0","","0.8","","53","","","","25","","6","","24.1","","88.50","","","","","","Mainly Clear"
"-114.01","51.12","CALGARY INTL A","3031092","2026-03-19 21:00","2026","03","19","21:00","","6.5","","0.0","","63","","","","9","","7","","24.1","","88.53","","","","","","NA"
"-114.01","51.12","CALGARY INTL A","3031092","2026-03-19 22:00","2026","03","19","22:00","","7.5","","0.2","","60","","","","","","0","","24.1","","88.60","","","","","","NA"
"-114.01","51.12","CALGARY INTL A","3031092","2026-03-19 23:00","2026","03","19","23:00","","7.2","","0.2","","61","","","","30","","3","","24.1","","88.63","","","","","","Clear"
"-114.01","51.12","CALGARY INTL A","3031092","2026-03-20 00:00","2026","03","20","00:00","","7.0","","0.7","","64","","","","23","","7","","24.1","","88.65","","","","","","NA"
"-114.01","51.12","CALGARY INTL A","3031092","2026-03-20 01:00","2026","03","20","01:00","","5.7","","0.5","","69","","","","36","","31","","24.1","","88.73","","","","","","NA"
"-114.01","51.12","CALGARY INTL A","3031092","2026-03-20 02:00","2026","03","20","02:00","","1.6","","0.4","","92","","","","3","","30","","0.6","","88.81","","","","","","Fog"
"-114.01","51.12","CALGARY INTL A","3031092","2026-03-20 03:00","2026","03","20","03:00","","0.6","","0.1","","96","","","","2","","22","","0.4","","88.79","","","","","","Fog"
"-114.01","51.12","CALGARY INTL A","3031092","2026-03-20 04:00","2026","03","20","04:00","","0.6","","0.2","","97","","","","5","","13","","0.4","","88.71","","","","","","Fog"
"-114.01","51.12","CALGARY INTL A","3031092","2026-03-20 05:00","2026","03","20","05:00","","0.4","","0.0","","97","","","","5","","8","","1.0","","88.65","","","","","","Fog"
"-114.01","51.12","CALGARY INTL A","3031092","2026-03-20 06:00","2026","03","20","06:00","","0.4","","0.1","","98","","","","8","","12","","0.8","","88.56","","","","","","Fog"
"-114.01","51.12","CALGARY INTL A","3031092","2026-03-20 07:00","2026","03","20","07:00","","0.2","","-0.2","","98","","","","9","","4","","0.4","","88.52","","","","","","Drizzle,Fog"
"-114.01","51.12","CALGARY INTL A","3031092","2026-03-20 08:00","2026","03","20","08:00","","0.2","","-0.1","","98","","","","","","0","","0.2","","88.47","","","","","","Fog"
"-114.01","51.12","CALGARY INTL A","3031092","2026-03-20 09:00","2026","03","20","09:00","","0.7","","0.4","","98","","","","17","","6","","1.0","","88.37","","","","","","Fog"
"-114.01","51.12","CALGARY INTL A","3031092","2026-03-20 10:00","2026","03","20","10:00","","1.5","","1.1","","98","","","","21","","9","","4.0","","88.31","","","","","","Fog"
"-114.01","51.12","CALGARY INTL A","3031092","2026-03-20 11:00","2026","03","20","11:00","","3.0","","2.1","","94","","","","23","","13","","14.5","","88.24","","","","","","Cloudy"
"-114.01","51.12","CALGARY INTL A","3031092","2026-03-20 12:00","2026","03","20","12:00","","6.9","","1.7","","69","","","","18","","20","","16.1","","88.14","","","","","","NA"
"-114.01","51.12","CALGARY INTL A","3031092","2026-03-20 13:00","2026","03","20","13:00","","9.6","","2.4","","61","","","","18","","23","","24.1","","88.07","","","","","","NA"
"-114.01","51.12","CALGARY INTL A","3031092","2026-03-20 14:00","2026","03","20","14:00","","12.7","","3.5","","53","","","","21","","21","","24.1","","87.95","","","","","","Mostly Cloudy"
"-114.01","51.12","CALGARY INTL A","3031092","2026-03-20 15:00","2026","03","20","15:00","","15.9","","1.5","","38","","","","24","","26","","32.2","","87.88","","","","","","NA"
"-114.01","51.12","CALGARY INTL A","3031092","2026-03-20 16:00","2026","03","20","16:00","","16.3","","0.4","","34","","","","23","","34","","32.2","","87.82","","","","","","NA"
"-114.01","51.12","CALGARY INTL A","3031092","2026-03-20 17:00","2026","03","20","17:00","","15.7","","0.8","","36","","","","24","","27","","24.1","","87.76","","","","","","Mainly Clear"
"-114.01","51.12","CALGARY INTL A","3031092","2026-03-20 18:00","2026","03","20","18:00","","13.9","","-0.2","","38","","","","26","","23","","24.1","","87.78","","","","","","NA"
"-114.01","51.12","CALGARY INTL A","3031092","2026-03-20 19:00","2026","03","20","19:00","","11.3","","0.9","","48","","","","26","","19","","32.2","","87.83","","","","","","NA"
"-114.01","51.12","CALGARY INTL A","3031092","2026-03-20 20:00","2026","03","20","20:00","","9.3","","1.1","","56","","","","29","","17","","24.1","","87.94","","","","","","Mainly Clear"
"-114.01","51.12","CALGARY INTL A","3031092","2026-03-20 21:00","2026","03","20","21:00","","2.5","","0.8","","88","","","","36","","21","","12.9","","88.14","","","","","","NA"
"-114.01","51.12","CALGARY INTL A","3031092","2026-03-20 22:00","2026","03","20","22:00","","2.2","","0.0","","86","","","","35","","31","","12.9","","88.26","","","","","","NA"
"-114.01","51.12","CALGARY INTL A","3031092","2026-03-20 23:00","2026","03","20","23:00","","2.1","","-0.7","","82","","","","35","","30","","16.1","","88.38","","","","","","Mostly Cloudy"
"-114.01","51.12","CALGARY INTL A","3031092","2026-03-21 00:00","2026","03","21","00:00","","1.1","","-1.7","","82","","","","34","","29","","12.9","","88.51","","","","","","NA"
"-114.01","51.12","CALGARY INTL A","3031092","2026-03-21 01:00","2026","03","21","01:00","","0.0","","-2.4","","84","","","","35","","21","","24.1","","88.56","","","","-5","","NA"
"-114.01","51.12","CALGARY INTL A","3031092","2026-03-21 02:00","2026","03","21","02:00","","0.2","","-2.2","","84","","","","34","","19","","24.1","","88.57","","","","","","Mostly Cloudy"
"-114.01","51.12","CALGARY INTL A","3031092","2026-03-21 03:00","2026","03","21","03:00","","-0.4","","-2.2","","88","","","","3","","13","","16.1","","88.63","","","","-5","","NA"
"-114.01","51.12","CALGARY INTL A","3031092","2026-03-21 04:00","2026","03","21","04:00","","-0.1","","-1.8","","89","","","","1","","19","","12.9","","88.66","","","","-5","","NA"
"-114.01","51.12","CALGARY INTL A","3031092","2026-03-21 05:00","2026","03","21","05:00","","-1.3","","-2.2","","94","","","","4","","16","","4.0","","88.73","","","","-6","","Snow Grains,Fog"
"-114.01","51.12","CALGARY INTL A","3031092","2026-03-21 06:00","2026","03","21","06:00","","-1.6","","-2.9","","90","","","","2","","16","","8.1","","88.76","","","","-7","","Snow Grains,Fog"
"-114.01","51.12","CALGARY INTL A","3031092","2026-03-21 07:00","2026","03","21","07:00","","-1.7","","-3.0","","91","","","","36","","23","","2.4","","88.75","","","","-8","","Snow,Fog"
"-114.01","51.12","CALGARY INTL A","3031092","2026-03-21 08:00","2026","03","21","08:00","","-1.8","","-3.2","","90","","","","36","","25","","2.0","","88.85","","","","-8","","Snow,Fog"
"-114.01","51.12","CALGARY INTL A","3031092","2026-03-21 09:00","2026","03","21","09:00","","-2.1","","-3.6","","90","","","","4","","15","","1.2","","88.97","","","","-7","","Snow,Fog"
"-114.01","51.12","CALGARY INTL A","3031092","2026-03-21 10:00","2026","03","21","10:00","","-1.8","","-3.6","","88","","","","2","","16","","2.4","","89.06","","","","-7","","Snow,Fog"
"-114.01","51.12","CALGARY INTL A","3031092","2026-03-21 11:00","2026","03","21","11:00","","-1.7","","-4.0","","84","","","","5","","10","","8.1","","89.08","","","","-5","","Snow,Fog"
"-114.01","51.12","CALGARY INTL A","3031092","2026-03-21 12:00","2026","03","21","12:00","","-0.8","","-4.6","","76","","","","9","","8","","24.1","","89.09","","","","-4","","NA"
"-114.01","51.12","CALGARY INTL A","3031092","2026-03-21 13:00","2026","03","21","13:00","","0.5","","-4.4","","70","","","","10","","9","","24.1","","89.07","","","","","","NA"
"-114.01","51.12","CALGARY INTL A","3031092","2026-03-21 14:00","2026","03","21","14:00","","0.6","","-6.1","","61","","","","19","","4","","24.1","","89.06","","","","","","Mostly Cloudy"
"-114.01","51.12","CALGARY INTL A","3031092","2026-03-21 15:00","2026","03","21","15:00","","1.1","","-5.1","","63","","","","17","","13","","24.1","","89.08","","","","","","NA"
"-114.01","51.12","CALGARY INTL A","3031092","2026-03-21 16:00","2026","03","21","16:00","","0.9","","-6.0","","60","","","","18","","14","","24.1","","89.08","","","","","","NA"
"-114.01","51.12","CALGARY INTL A","3031092","2026-03-21 17:00","2026","03","21","17:00","","1.5","","-6.3","","56","","","","18","","16","","24.1","","89.10","","","","","","Mostly Cloudy"
"-114.01","51.12","CALGARY INTL A","3031092","2026-03-21 18:00","2026","03","21","18:00","","1.8","","-5.6","","58","","","","15","","9","","24.1","","89.08","","","","","","NA"
"-114.01","51.12","CALGARY INTL A","3031092","2026-03-21 19:00","2026","03","21","19:00","","0.8","","-5.8","","62","","","","15","","10","","24.1","","89.13","","","","","","NA"
"-114.01","51.12","CALGARY INTL A","3031092","2026-03-21 20:00","2026","03","21","20:00","","-0.2","","-5.2","","69","","","","13","","11","","24.1","","89.18","","","","-4","","Mainly Clear"
"-114.01","51.12","CALGARY INTL A","3031092","2026-03-21 21:00","2026","03","21","21:00","","-0.5","","-5.0","","72","","","","12","","8","","24.1","","89.17","","","","-3","","NA"
"-114.01","51.12","CALGARY INTL A","3031092","2026-03-21 22:00","2026","03","21","22:00","","-1.4","","-5.3","","75","","","","18","","9","","24.1","","89.15","","","","-5","","NA"
"-114.01","51.12","CALGARY INTL A","3031092","2026-03-21 23:00","2026","03","21","23:00","","-2.2","","-5.4","","78","","","","17","","4","","24.1","","89.12","","","","-4","","Mainly Clear"
"-114.01","51.12","CALGARY INTL A","3031092","2026-03-22 00:00","2026","03","22","00:00","","-2.3","","-5.3","","80","","","","22","","5","","24.1","","89.11","","","","-4","","NA"
"-114.01","51.12","CALGARY INTL A","3031092","2026-03-22 01:00","2026","03","22","01:00","","-3.2","","-5.8","","82","","","","","","0","","24.1","","89.13","","","","","","NA"
"-114.01","51.12","CALGARY INTL A","3031092","2026-03-22 02:00","2026","03","22","02:00","","-4.4","","-6.8","","84","","","","33","","8","","24.1","","89.13","","","","-8","","Clear"
"-114.01","51.12","CALGARY INTL A","3031092","2026-03-22 03:00","2026","03","22","03:00","","-4.6","","-6.8","","85","","","","","","0","","24.1","","89.13","","","","","","NA"
"-114.01","51.12","CALGARY INTL A","3031092","2026-03-22 04:00","2026","03","22","04:00","","-5.7","","-7.8","","85","","","","35","","10","","16.1","","89.13","","","","-10","","NA"
"-114.01","51.12","CALGARY INTL A","3031092","2026-03-22 05:00","2026","03","22","05:00","","-4.7","","-5.4","","95","","","","32","","9","","0.4","","89.12","","","","-9","","Freezing Fog"
"-114.01","51.12","CALGARY INTL A","3031092","2026-03-22 06:00","2026","03","22","06:00","","-4.5","","-5.3","","95","","","","2","","7","","0.4","","89.14","","","","-8","","Freezing Fog"
"-114.01","51.12","CALGARY INTL A","3031092","2026-03-22 07:00","2026","03","22","07:00","","-5.5","","-6.4","","94","","","","29","","4","","0.2","","89.14","","","","-7","","Freezing Fog"
"-114.01","51.12","CALGARY INTL A","3031092","2026-03-22 08:00","2026","03","22","08:00","","-4.8","","-5.5","","94","","","","23","","6","","0.8","","89.13","","","","-8","","Freezing Fog"
"-114.01","51.12","CALGARY INTL A","3031092","2026-03-22 09:00","2026","03","22","09:00","","-2.8","","-3.4","","96","","","","12","","5","","48.3","","89.13","","","","-5","","NA"
"-114.01","51.12","CALGARY INTL A","3031092","2026-03-22 10:00","2026","03","22","10:00","","-0.1","","-3.0","","81","","","","18","","10","","64.4","","89.12","","","","-3","","NA"
"-114.01","51.12","CALGARY INTL A","3031092","2026-03-22 11:00","2026","03","22","11:00","","4.8","","-12.6","","27","","","","26","","35","","64.4","","89.07","","","","","","Mainly Clear"
"-114.01","51.12","CALGARY INTL A","3031092","2026-03-22 12:00","2026","03","22","12:00","","6.0","","-14.3","","22","","","","29","","35","","64.4","","89.07","","","","","","NA"
"-114.01","51.12","CALGARY INTL A","3031092","2026-03-22 13:00","2026","03","22","13:00","","6.4","","-14.4","","21","","","","26","","15","","64.4","","89.08","","","","","","NA"
"-114.01","51.12","CALGARY INTL A","3031092","2026-03-22 14:00","2026","03","22","14:00","","6.6","","-14.8","","20","","","","28","","17","","64.4","","89.05","","","","","","Mainly Clear"
"-114.01","51.12","CALGARY INTL A","3031092","2026-03-22 15:00","2026","03","22","15:00","","7.5","","-14.6","","19","","","","28","","23","","64.4","","89.00","","","","","","NA"
"-114.01","51.12","CALGARY INTL A","3031092","2026-03-22 16:00","2026","03","22","16:00","","7.6","","-14.9","","19","","","","28","","26","","64.4","","89.01","","","","","","NA"
"-114.01","51.12","CALGARY INTL A","3031092","2026-03-22 17:00","2026","03","22","17:00","","7.4","","-14.7","","19","","","","31","","23","","64.4","","88.99","","","","","","Mainly Clear"
"-114.01","51.12","CALGARY INTL A","3031092","2026-03-22 18:00","2026","03","22","18:00","","6.6","","-14.5","","21","","","","28","","18","","64.4","","88.98","","","","","","NA"
"-114.01","51.12","CALGARY INTL A","3031092","2026-03-22 19:00","2026","03","22","19:00","","4.4","","-13.3","","26","","","","30","","14","","64.4","","89.00","","","","","","NA"
"-114.01","51.12","CALGARY INTL A","3031092","2026-03-22 20:00","2026","03","22","20:00","","0.3","","-6.2","","62","","","","1","","28","","24.1","","89.10","","","","","","Mainly Clear"
"-114.01","51.12","CALGARY INTL A","3031092","2026-03-22 21:00","2026","03","22","21:00","","-1.4","","-4.3","","80","","","","36","","17","","24.1","","89.20","","","","-7","","NA"
"-114.01","51.12","CALGARY INTL A","3031092","2026-03-22 22:00","2026","03","22","22:00","","-2.1","","-4.5","","84","","","","36","","18","","24.1","","89.23","","","","-8","","NA"
"-114.01","51.12","CALGARY INTL A","3031092","2026-03-22 23:00","2026","03","22","23:00","","-2.0","","-3.8","","87","","","","36","","20","","24.1","","89.29","","","","-8","","Mostly Cloudy"
"-114.01","51.12","CALGARY INTL A","3031092","2026-03-23 00:00","2026","03","23","00:00","","-2.3","","-4.3","","87","","","","36","","17","","24.1","","89.37","","","","-8","","NA"
"-114.01","51.12","CALGARY INTL A","3031092","2026-03-23 01:00","2026","03","23","01:00","","-2.5","","-4.6","","86","","","","1","","24","","16.1","","89.42","","","","-9","","NA"
"-114.01","51.12","CALGARY INTL A","3031092","2026-03-23 02:00","2026","03","23","02:00","","-2.8","","-6.6","","75","","","","36","","15","","16.1","","89.41","","","","-8","","Cloudy"
"-114.01","51.12","CALGARY INTL A","3031092","2026-03-23 03:00","2026","03","23","03:00","","-2.8","","-7.0","","73","","","","35","","9","","16.1","","89.38","","","","-6","","NA"
"-114.01","51.12","CALGARY INTL A","3031092","2026-03-23 04:00","2026","03","23","04:00","","-2.9","","-7.8","","69","","","","32","","3","","16.1","","89.36","","","","-4","","NA"
"-114.01","51.12","CALGARY INTL A","3031092","2026-03-23 05:00","2026","03","23","05:00","","-2.6","","-8.3","","65","","","","24","","3","","16.1","","89.36","","","","-4","","Cloudy"
"-114.01","51.12","CALGARY INTL A","3031092","2026-03-23 06:00","2026","03","23","06:00","","-2.5","","-8.3","","64","","","","19","","4","","24.1","","89.32","","","","-4","","NA"
"-114.01","51.12","CALGARY INTL A","3031092","2026-03-23 07:00","2026","03","23","07:00","","-2.1","","-8.0","","64","","","","21","","7","","24.1","","89.32","","","","-5","","NA"
"-114.01","51.12","CALGARY INTL A","3031092","2026-03-23 08:00","2026","03","23","08:00","","-1.6","","-8.7","","58","","","","20","","21","","24.1","","89.27","","","","-7","","Mainly Clear"
"-114.01","51.12","CALGARY INTL A","3031092","2026-03-23 09:00","2026","03","23","09:00","","-0.8","","-8.8","","54","","","","19","","18","","32.2","","89.23","","","","-6","","NA"
"-114.01","51.12","CALGARY INTL A","3031092","2026-03-23 10:00","2026","03","23","10:00","","0.9","","-10.7","","42","","","","18","","23","","64.4","","89.17","","","","","","NA"
"-114.01","51.12","CALGARY INTL A","3031092","2026-03-23 11:00","2026","03","23","11:00","","1.8","","-9.4","","43","","","","17","","35","","64.4","","89.09","","","","","","Mostly Cloudy"
"-114.01","51.12","CALGARY INTL A","3031092","2026-03-23 12:00","2026","03","23","12:00","","2.7","","-8.5","","43","","","","16","","35","","64.4","","88.99","","","","","","NA"
"-114.01","51.12","CALGARY INTL A","3031092","2026-03-23 13:00","2026","03","23","13:00","","4.3","","-8.5","","39","","","","17","","27","","64.4","","88.91","","","","","","NA"
"-114.01","51.12","CALGARY INTL A","3031092","2026-03-23 14:00","2026","03","23","14:00","","5.4","","-7.2","","40","","","","17","","30","","64.4","","88.81","","","","","","Mostly Cloudy"
"-114.01","51.12","CALGARY INTL A","3031092","2026-03-23 15:00","2026","03","23","15:00","","6.5","","-7.4","","37","","","","16","","31","","64.4","","88.73","","","","","","NA"
"-114.01","51.12","CALGARY INTL A","3031092","2026-03-23 16:00","2026","03","23","16:00","","7.3","","-6.9","","36","","","","17","","26","","64.4","","88.70","","","","","","NA"
"-114.01","51.12","CALGARY INTL A","3031092","2026-03-23 17:00","2026","03","23","17:00","","7.3","","-6.3","","37","","","","16","","27","","64.4","","88.65","","","","","","Mostly Cloudy"
"-114.01","51.12","CALGARY INTL A","3031092","2026-03-23 18:00","2026","03","23","18:00","","6.7","","-6.2","","39","","","","16","","21","","64.4","","88.58","","","","","","NA"
"-114.01","51.12","CALGARY INTL A","3031092","2026-03-23 19:00","2026","03","23","19:00","","4.8","","-5.8","","46","","","","15","","19","","32.2","","88.57","","","","","","NA"
"-114.01","51.12","CALGARY INTL A","3031092","2026-03-23 20:00","2026","03","23","20:00","","3.2","","-6.2","","50","","","","15","","8","","24.1","","88.61","","","","","","Mainly Clear"
"-114.01","51.12","CALGARY INTL A","3031092","2026-03-23 21:00","2026","03","23","21:00","","2.7","","-6.5","","51","","","","22","","5","","24.1","","88.60","","","","","","NA"
"-114.01","51.12","CALGARY INTL A","3031092","2026-03-23 22:00","2026","03","23","22:00","","2.8","","-6.6","","50","","","","","","0","","24.1","","88.56","","","","","","NA"
"-114.01","51.12","CALGARY INTL A","3031092","2026-03-23 23:00","2026","03","23","23:00","","2.1","","-6.6","","53","","","","20","","6","","24.1","","88.52","","","","","","Mostly Cloudy"
"-114.01","51.12","CALGARY INTL A","3031092","2026-03-24 00:00","2026","03","24","00:00","","0.0","","-5.7","","66","","","","20","","7","","24.1","","88.48","","","","-2","","NA"
"-114.01","51.12","CALGARY INTL A","3031092","2026-03-24 01:00","2026","03","24","01:00","","0.7","","-5.5","","63","","","","1","","7","","24.1","","88.47","","","","","","NA"
"-114.01","51.12","CALGARY INTL A","3031092","2026-03-24 02:00","2026","03","24","02:00","","0.9","","-7.1","","55","","","","34","","13","","24.1","","88.48","","","","","","Mostly Cloudy"
"-114.01","51.12","CALGARY INTL A","3031092","2026-03-24 03:00","2026","03","24","03:00","","1.0","","-6.4","","58","","","","35","","29","","24.1","","88.53","","","","","","NA"
"-114.01","51.12","CALGARY INTL A","3031092","2026-03-24 04:00","2026","03","24","04:00","","-3.4","","-6.5","","79","","","","35","","49","","19.3","","88.59","","","","-13","","NA"
"-114.01","51.12","CALGARY INTL A","3031092","2026-03-24 05:00","2026","03","24","05:00","","-4.0","","-6.8","","81","","","","35","","38","","16.1","","88.68","","","","-13","","Cloudy"
"-114.01","51.12","CALGARY INTL A","3031092","2026-03-24 06:00","2026","03","24","06:00","","-4.5","","-8.1","","76","","","","35","","37","","24.1","","88.77","","","","-13","","NA"
"-114.01","51.12","CALGARY INTL A","3031092","2026-03-24 07:00","2026","03","24","07:00","","-4.3","","-8.5","","73","","","","36","","27","","24.1","","88.81","","","","-12","","NA"
"-114.01","51.12","CALGARY INTL A","3031092","2026-03-24 08:00","2026","03","24","08:00","","-3.9","","-8.4","","71","","","","35","","24","","24.1","","88.85","","","","-11","","Cloudy"
"-114.01","51.12","CALGARY INTL A","3031092","2026-03-24 09:00","2026","03","24","09:00","","-4.0","","-8.8","","69","","","","1","","24","","24.1","","88.77","","","","-11","","NA"
"-114.01","51.12","CALGARY INTL A","3031092","2026-03-24 10:00","2026","03","24","10:00","","-4.2","","-8.4","","73","","","","3","","20","","19.3","","88.79","","","","-11","","NA"
"-114.01","51.12","CALGARY INTL A","3031092","2026-03-24 11:00","2026","03","24","11:00","","-3.9","","-8.5","","71","","","","2","","17","","24.1","","88.72","","","","-10","","Cloudy"
"-114.01","51.12","CALGARY INTL A","3031092","2026-03-24 12:00","2026","03","24","12:00","","-3.4","","-8.5","","68","","","","4","","12","","24.1","","88.64","","","","-8","","NA"
"-114.01","51.12","CALGARY INTL A","3031092","2026-03-24 13:00","2026","03","24","13:00","","-3.4","","-8.3","","69","","","","4","","12","","24.1","","88.63","","","","-8","","NA"
"-114.01","51.12","CALGARY INTL A","3031092","2026-03-24 14:00","2026","03","24","14:00","","-3.4","","-8.5","","68","","","","8","","14","","24.1","","88.51","","","","-8","","Snow"
"-114.01","51.12","CALGARY INTL A","3031092","2026-03-24 15:00","2026","03","24","15:00","","-3.5","","-8.3","","69","","","","6","","11","","24.1","","88.50","","","","-8","","NA"
"-114.01","51.12","CALGARY INTL A","3031092","2026-03-24 16:00","2026","03","24","16:00","","-3.4","","-7.8","","72","","","","8","","10","","24.1","","88.47","","","","-7","","Snow Showers"
"-114.01","51.12","CALGARY INTL A","3031092","2026-03-24 17:00","2026","03","24","17:00","","-3.1","","-7.5","","72","","","","10","","12","","24.1","","88.36","","","","-8","","Cloudy"
"-114.01","51.12","CALGARY INTL A","3031092","2026-03-24 18:00","2026","03","24","18:00","","-4.1","","-7.4","","78","","","","11","","19","","24.1","","88.26","","","","-10","","NA"
"-114.01","51.12","CALGARY INTL A","3031092","2026-03-24 19:00","2026","03","24","19:00","","-4.5","","-7.3","","81","","","","11","","16","","19.3","","88.20","","","","-10","","NA"
"-114.01","51.12","CALGARY INTL A","3031092","2026-03-24 20:00","2026","03","24","20:00","","-5.2","","-7.3","","86","","","","9","","19","","16.1","","88.15","","","","-12","","Mostly Cloudy"
"-114.01","51.12","CALGARY INTL A","3031092","2026-03-24 21:00","2026","03","24","21:00","","-5.4","","-7.0","","88","","","","10","","16","","16.1","","88.09","","","","-11","","NA"
"-114.01","51.12","CALGARY INTL A","3031092","2026-03-24 22:00","2026","03","24","22:00","","-5.3","","-6.8","","89","","","","8","","16","","8.1","","88.01","","","","-11","","Fog"
"-114.01","51.12","CALGARY INTL A","3031092","2026-03-24 23:00","2026","03","24","23:00","","-5.2","","-6.4","","91","","","","7","","6","","6.4","","88.01","","","","-8","","Fog"
"-114.01","51.12","CALGARY INTL A","3031092","2026-03-25 00:00","2026","03","25","00:00","","-4.9","","-6.0","","92","","","","10","","6","","4.8","","87.95","","","","-8","","Fog"
"-114.01","51.12","CALGARY INTL A","3031092","2026-03-25 01:00","2026","03","25","01:00","","-4.4","","-5.6","","91","","","","23","","4","","6.4","","87.94","","","","-6","","Fog"
"-114.01","51.12","CALGARY INTL A","3031092","2026-03-25 02:00","2026","03","25","02:00","","-4.2","","-5.4","","92","","","","19","","6","","6.4","","87.90","","","","-7","","Fog"
"-114.01","51.12","CALGARY INTL A","3031092","2026-03-25 03:00","2026","03","25","03:00","","-4.8","","-5.8","","93","","","","13","","8","","4.8","","87.86","","","","-8","","Fog"
"-114.01","51.12","CALGARY INTL A","3031092","2026-03-25 04:00","2026","03","25","04:00","","-4.0","","-5.0","","92","","","","4","","8","","4.8","","87.89","","","","-7","","Fog"
"-114.01","51.12","CALGARY INTL A","3031092","2026-03-25 05:00","2026","03","25","05:00","","-3.9","","-5.0","","92","","","","","","0","","4.8","","88.00","","","","","","Fog"
"-114.01","51.12","CALGARY INTL A","3031092","2026-03-25 06:00","2026","03","25","06:00","","-3.8","","-4.8","","93","","","","3","","11","","3.2","","88.01","","","","-8","","Snow Grains,Fog"
"-114.01","51.12","CALGARY INTL A","3031092","2026-03-25 07:00","2026","03","25","07:00","","-3.7","","-4.7","","93","","","","1","","16","","1.2","","88.10","","","","-9","","Snow"
"-114.01","51.12","CALGARY INTL A","3031092","2026-03-25 08:00","2026","03","25","08:00","","-5.8","","-7.1","","91","","","","3","","13","","0.4","","88.24","","","","-11","","Heavy Snow"
"-114.01","51.12","CALGARY INTL A","3031092","2026-03-25 09:00","2026","03","25","09:00","","-6.3","","-7.7","","90","","","","4","","18","","0.2","","88.29","","","","-13","","Heavy Snow"
"-114.01","51.12","CALGARY INTL A","3031092","2026-03-25 10:00","2026","03","25","10:00","","-6.4","","-8.1","","88","","","","4","","8","","0.4","","88.41","","","","-10","","Heavy Snow"
"-114.01","51.12","CALGARY INTL A","3031092","2026-03-25 11:00","2026","03","25","11:00","","-6.9","","-8.4","","89","","","","5","","17","","0.2","","88.47","","","","-13","","Heavy Snow"
"-114.01","51.12","CALGARY INTL A","3031092","2026-03-25 12:00","2026","03","25","12:00","","-6.0","","-9.0","","79","","","","3","","7","","3.6","","88.58","","","","-9","","Snow,Fog"
"-114.01","51.12","CALGARY INTL A","3031092","2026-03-25 13:00","2026","03","25","13:00","","-4.8","","-8.4","","76","","","","4","","10","","24.1","","88.63","","","","-9","","NA"
"-114.01","51.12","CALGARY INTL A","3031092","2026-03-25 14:00","2026","03","25","14:00","","-4.4","","-7.9","","76","","","","3","","13","","24.1","","88.74","","","","-9","","Cloudy"
"-114.01","51.12","CALGARY INTL A","3031092","2026-03-25 15:00","2026","03","25","15:00","","-5.3","","-7.2","","87","","","","3","","22","","6.4","","88.83","","","","-12","","NA"
"-114.01","51.12","CALGARY INTL A","3031092","2026-03-25 16:00","2026","03","25","16:00","","-6.1","","-8.1","","86","","","","4","","22","","8.1","","88.91","","","","-13","","Fog"
"-114.01","51.12","CALGARY INTL A","3031092","2026-03-25 17:00","2026","03","25","17:00","","-7.0","","-8.9","","87","","","","4","","22","","8.1","","89.00","","","","-14","","Fog"
"-114.01","51.12","CALGARY INTL A","3031092","2026-03-25 18:00","2026","03","25","18:00","","-7.9","","-9.8","","86","","","","3","","25","","8.1","","89.02","","","","-16","","Fog"
"-114.01","51.12","CALGARY INTL A","3031092","2026-03-25 19:00","2026","03","25","19:00","","-8.2","","-10.2","","86","","","","5","","16","","8.1","","89.14","","","","-15","","Snow,Fog"
"-114.01","51.12","CALGARY INTL A","3031092","2026-03-25 20:00","2026","03","25","20:00","","-9.3","","-11.0","","88","","","","7","","22","","3.2","","89.16","","","","-17","","Snow"
"-114.01","51.12","CALGARY INTL A","3031092","2026-03-25 21:00","2026","03","25","21:00","","-9.9","","-11.9","","86","","","","6","","19","","6.4","","89.18","","","","-18","","Fog"
"-114.01","51.12","CALGARY INTL A","3031092","2026-03-25 22:00","2026","03","25","22:00","","-10.2","","-11.9","","88","","","","9","","14","","2.4","","89.21","","","","-17","","Snow,Fog"
"-114.01","51.12","CALGARY INTL A","3031092","2026-03-25 23:00","2026","03","25","23:00","","-11.0","","-13.1","","85","","","","8","","19","","1.6","","89.21","","","","-19","","Snow,Fog"
"-114.01","51.12","CALGARY INTL A","3031092","2026-03-26 00:00","2026","03","26","00:00","","-11.2","","-13.4","","84","","","","6","","12","","8.1","","89.27","","","","-17","","Snow"
"-114.01","51.12","CALGARY INTL A","3031092","2026-03-26 01:00","2026","03","26","01:00","","-11.8","","-13.9","","85","","","","9","","11","","4.0","","89.29","","","","-18","","Snow"
"-114.01","51.12","CALGARY INTL A","3031092","2026-03-26 02:00","2026","03","26","02:00","","-12.2","","-14.3","","84","","","","4","","15","","2.8","","89.38","","","","-19","","Snow"
"-114.01","51.12","CALGARY INTL A","3031092","2026-03-26 03:00","2026","03","26","03:00","","-12.7","","-14.7","","85","","","","4","","16","","0.4","","89.43","","","","-20","","Heavy Snow"
"-114.01","51.12","CALGARY INTL A","3031092","2026-03-26 04:00","2026","03","26","04:00","","-13.2","","-15.6","","82","","","","2","","18","","2.0","","89.49","","","","-21","","Snow"
"-114.01","51.12","CALGARY INTL A","3031092","2026-03-26 05:00","2026","03","26","05:00","","-13.7","","-16.4","","80","","","","1","","14","","12.9","","89.54","","","","-21","","Mostly Cloudy"
"-114.01","51.12","CALGARY INTL A","3031092","2026-03-26 06:00","2026","03","26","06:00","","-14.1","","-17.0","","79","","","","1","","16","","12.9","","89.64","","","","-22","","NA"
"-114.01","51.12","CALGARY INTL A","3031092","2026-03-26 07:00","2026","03","26","07:00","","-13.8","","-16.5","","80","","","","1","","18","","19.3","","89.77","","","","-22","","NA"
"-114.01","51.12","CALGARY INTL A","3031092","2026-03-26 08:00","2026","03","26","08:00","","-13.3","","-16.2","","79","","","","35","","15","","14.5","","89.87","","","","-21","","Cloudy"
"-114.01","51.12","CALGARY INTL A","3031092","2026-03-26 09:00","2026","03","26","09:00","","-12.9","","-16.1","","77","","","","35","","15","","6.4","","89.96","","","","-20","","Snow,Fog"
"-114.01","51.12","CALGARY INTL A","3031092","2026-03-26 10:00","2026","03","26","10:00","","-11.9","","-16.6","","68","","","","2","","9","","16.1","","90.00","","","","-17","","NA"
"-114.01","51.12","CALGARY INTL A","3031092","2026-03-26 11:00","2026","03","26","11:00","","-11.1","","-16.4","","65","","","","6","","5","","16.1","","90.04","","","","-14","","Mostly Cloudy"
"-114.01","51.12","CALGARY INTL A","3031092","2026-03-26 12:00","2026","03","26","12:00","","-10.8","","-16.3","","64","","","","5","","6","","24.1","","90.04","","","","-14","","NA"
"-114.01","51.12","CALGARY INTL A","3031092","2026-03-26 13:00","2026","03","26","13:00","","-8.7","","-14.9","","61","","","","10","","11","","32.2","","90.05","","","","-14","","NA"
"-114.01","51.12","CALGARY INTL A","3031092","2026-03-26 14:00","2026","03","26","14:00","","-8.4","","-14.2","","63","","","","13","","19","","24.1","","90.05","","","","-16","","Mostly Cloudy"
"-114.01","51.12","CALGARY INTL A","3031092","2026-03-26 15:00","2026","03","26","15:00","","-6.0","","-13.4","","56","","","","19","","18","","24.1","","90.01","","","","-12","","NA"
"-114.01","51.12","CALGARY INTL A","3031092","2026-03-26 16:00","2026","03","26","16:00","","-4.6","","-11.0","","61","","","","18","","21","","24.1","","89.99","","","","-11","","NA"
"-114.01","51.12","CALGARY INTL A","3031092","2026-03-26 17:00","2026","03","26","17:00","","-4.1","","-10.8","","60","","","","18","","19","","24.1","","90.02","","","","-10","","Mainly Clear"
"-114.01","51.12","CALGARY INTL A","3031092","2026-03-26 18:00","2026","03","26","18:00","","-4.0","","-10.3","","62","","","","20","","23","","24.1","","90.01","","","","-11","","NA"
"-114.01","51.12","CALGARY INTL A","3031092","2026-03-26 19:00","2026","03","26","19:00","","-4.8","","-10.1","","67","","","","20","","19","","32.2","","90.05","","","","-11","","NA"
"-114.01","51.12","CALGARY INTL A","3031092","2026-03-26 20:00","2026","03","26","20:00","","-7.1","","-10.1","","79","","","","12","","12","","24.1","","90.11","","","","-12","","Clear"
"-114.01","51.12","CALGARY INTL A","3031092","2026-03-26 21:00","2026","03","26","21:00","","-9.6","","-12.1","","82","","","","6","","3","","24.1","","90.15","","","","-11","","NA"
"-114.01","51.12","CALGARY INTL A","3031092","2026-03-26 22:00","2026","03","26","22:00","","-8.8","","-11.0","","84","","","","20","","4","","24.1","","90.16","","","","-11","","NA"
"-114.01","51.12","CALGARY INTL A","3031092","2026-03-26 23:00","2026","03","26","23:00","","-9.9","","-11.4","","89","","","","19","","7","","24.1","","90.16","","","","-14","","Clear"
"-114.01","51.12","CALGARY INTL A","3031092","2026-03-27 00:00","2026","03","27","00:00","","-9.5","","-11.0","","89","","","","19","","9","","24.1","","90.15","","","","-14","","NA"
"-114.01","51.12","CALGARY INTL A","3031092","2026-03-27 01:00","2026","03","27","01:00","","-9.9","","-12.3","","83","","","","24","","6","","24.1","","90.12","","","","-13","","NA"
"-114.01","51.12","CALGARY INTL A","3031092","2026-03-27 02:00","2026","03","27","02:00","","-10.5","","-12.2","","87","","","","","","0","","24.1","","90.12","","","","","","Clear"
"-114.01","51.12","CALGARY INTL A","3031092","2026-03-27 03:00","2026","03","27","03:00","","-9.7","","-11.7","","86","","","","21","","7","","24.1","","90.07","","","","-14","","NA"
"-114.01","51.12","CALGARY INTL A","3031092","2026-03-27 04:00","2026","03","27","04:00","","-10.0","","-11.7","","88","","","","21","","11","","24.1","","90.03","","","","-16","","NA"
"-114.01","51.12","CALGARY INTL A","3031092","2026-03-27 05:00","2026","03","27","05:00","","-12.3","","-14.4","","85","","","","16","","6","","24.1","","89.98","","","","-16","","Clear"
"-114.01","51.12","CALGARY INTL A","3031092","2026-03-27 06:00","2026","03","27","06:00","","-12.0","","-14.9","","79","","","","16","","10","","64.4","","89.90","","","","-18","","NA"
"-114.01","51.12","CALGARY INTL A","3031092","2026-03-27 07:00","2026","03","27","07:00","","-11.0","","-13.8","","80","","","","","","0","","64.4","","89.84","","","","","","NA"
"-114.01","51.12","CALGARY INTL A","3031092","2026-03-27 08:00","2026","03","27","08:00","","-7.9","","-11.6","","75","","","","20","","3","","64.4","","89.78","","","","-9","","Mostly Cloudy"
"-114.01","51.12","CALGARY INTL A","3031092","2026-03-27 09:00","2026","03","27","09:00","","-3.5","","-10.8","","58","","","","20","","7","","64.4","","89.65","","","","-6","","NA"
"-114.01","51.12","CALGARY INTL A","3031092","2026-03-27 10:00","2026","03","27","10:00","","-2.2","","-10.7","","52","","","","19","","10","","64.4","","89.56","","","","-6","","NA"
"-114.01","51.12","CALGARY INTL A","3031092","2026-03-27 11:00","2026","03","27","11:00","","-0.1","","-9.2","","51","","","","19","","15","","64.4","","89.44","","","","-5","","Mostly Cloudy"
"-114.01","51.12","CALGARY INTL A","3031092","2026-03-27 12:00","2026","03","27","12:00","","1.4","","-8.3","","48","","","","14","","4","","64.4","","89.33","","","","","","NA"
"-114.01","51.12","CALGARY INTL A","3031092","2026-03-27 13:00","2026","03","27","13:00","","1.8","","-7.2","","52","","","","32","","7","","64.4","","89.26","","","","","","NA"
"-114.01","51.12","CALGARY INTL A","3031092","2026-03-27 14:00","2026","03","27","14:00","","4.5","","-7.3","","42","","","","28","","5","","64.4","","89.17","","","","","","Mostly Cloudy"
"-114.01","51.12","CALGARY INTL A","3031092","2026-03-27 15:00","2026","03","27","15:00","","6.9","","-10.2","","29","","","","31","","9","","64.4","","89.13","","","","","","NA"
"-114.01","51.12","CALGARY INTL A","3031092","2026-03-27 16:00","2026","03","27","16:00","","6.9","","-8.8","","32","","","","30","","10","","64.4","","89.06","","","","","","NA"
"-114.01","51.12","CALGARY INTL A","3031092","2026-03-27 17:00","2026","03","27","17:00","","6.7","","-8.2","","34","","","","29","","10","","48.3","","89.01","","","","","","Mostly Cloudy"
"-114.01","51.12","CALGARY INTL A","3031092","2026-03-27 18:00","2026","03","27","18:00","","6.7","","-8.5","","33","","","","30","","9","","32.2","","88.97","","","","","","NA"
"-114.01","51.12","CALGARY INTL A","3031092","2026-03-27 19:00","2026","03","27","19:00","","6.1","","-9.0","","33","","","","33","","8","","32.2","","88.96","","","","","","NA"
"-114.01","51.12","CALGARY INTL A","3031092","2026-03-27 20:00","2026","03","27","20:00","","2.6","","-6.1","","53","","","","34","","9","","24.1","","88.93","","","","","","Mostly Cloudy"
"-114.01","51.12","CALGARY INTL A","3031092","2026-03-27 21:00","2026","03","27","21:00","","3.4","","-7.9","","43","","","","32","","14","","24.1","","88.93","","","","","","NA"
"-114.01","51.12","CALGARY INTL A","3031092","2026-03-27 22:00","2026","03","27","22:00","","2.5","","-7.5","","48","","","","27","","3","","24.1","","88.92","","","","","","NA"
"-114.01","51.12","CALGARY INTL A","3031092","2026-03-27 23:00","2026","03","27","23:00","","2.5","","-8.1","","46","","","","","","0","","24.1","","88.87","","","","","","Mostly Cloudy"
"-114.01","51.12","CALGARY INTL A","3031092","2026-03-28 00:00","2026","03","28","00:00","","2.1","","-8.2","","46","","","","21","","4","","24.1","","88.86","","","","","","NA"
"-114.01","51.12","CALGARY INTL A","3031092","2026-03-28 01:00","2026","03","28","01:00","","4.7","","-9.1","","36","","","","29","","37","","24.1","","88.77","","","","","","NA"
"-114.01","51.12","CALGARY INTL A","3031092","2026-03-28 02:00","2026","03","28","02:00","","5.3","","-10.2","","32","","","","28","","19","","24.1","","88.73","","","","","","Cloudy"
"-114.01","51.12","CALGARY INTL A","3031092","2026-03-28 03:00","2026","03","28","03:00","","2.8","","-9.1","","42","","","","27","","9","","24.1","","88.73","","","","","","NA"
"-114.01","51.12","CALGARY INTL A","3031092","2026-03-28 04:00","2026","03","28","04:00","","0.0","","-9.1","","51","","","","15","","9","","24.1","","88.74","","","","-3","","NA"
"-114.01","51.12","CALGARY INTL A","3031092","2026-03-28 05:00","2026","03","28","05:00","","-2.2","","-8.7","","61","","","","6","","12","","24.1","","88.79","","","","-6","","Mostly Cloudy"
"-114.01","51.12","CALGARY INTL A","3031092","2026-03-28 06:00","2026","03","28","06:00","","-4.7","","-7.8","","79","","","","35","","23","","64.4","","88.86","","","","-12","","NA"
"-114.01","51.12","CALGARY INTL A","3031092","2026-03-28 07:00","2026","03","28","07:00","","-4.3","","-6.0","","88","","","","36","","26","","8.1","","88.89","","","","-12","","Fog"
"-114.01","51.12","CALGARY INTL A","3031092","2026-03-28 08:00","2026","03","28","08:00","","-3.9","","-6.0","","86","","","","35","","31","","14.5","","88.94","","","","-12","","Mostly Cloudy"
"-114.01","51.12","CALGARY INTL A","3031092","2026-03-28 09:00","2026","03","28","09:00","","-3.7","","-7.7","","74","","","","1","","29","","14.5","","88.98","","","","-11","","NA"
"-114.01","51.12","CALGARY INTL A","3031092","2026-03-28 10:00","2026","03","28","10:00","","-3.0","","-7.8","","70","","","","36","","30","","14.5","","88.98","","","","-10","","NA"
"-114.01","51.12","CALGARY INTL A","3031092","2026-03-28 11:00","2026","03","28","11:00","","-2.4","","-7.6","","67","","","","1","","29","","24.1","","88.97","","","","-9","","Mainly Clear"
"-114.01","51.12","CALGARY INTL A","3031092","2026-03-28 12:00","2026","03","28","12:00","","-1.4","","-6.6","","68","","","","1","","25","","24.1","","88.95","","","","-8","","NA"
"-114.01","51.12","CALGARY INTL A","3031092","2026-03-28 13:00","2026","03","28","13:00","","-1.6","","-7.0","","67","","","","2","","26","","24.1","","88.94","","","","-8","","NA"
"-114.01","51.12","CALGARY INTL A","3031092","2026-03-28 14:00","2026","03","28","14:00","","-1.5","","-6.7","","68","","","","2","","25","","24.1","","88.93","","","","-8","","Mostly Cloudy"
"-114.01","51.12","CALGARY INTL A","3031092","2026-03-28 15:00","2026","03","28","15:00","","-1.9","","-7.0","","68","","","","2","","25","","24.1","","88.91","","","","-8","","NA"
"-114.01","51.12","CALGARY INTL A","3031092","2026-03-28 16:00","2026","03","28","16:00","","-2.6","","-6.9","","72","","","","1","","26","","24.1","","88.95","","","","-9","","NA"
"-114.01","51.12","CALGARY INTL A","3031092","2026-03-28 17:00","2026","03","28","17:00","","-3.0","","-7.1","","74","","","","1","","26","","14.5","","89.00","","","","-10","","Cloudy"
"-114.01","51.12","CALGARY INTL A","3031092","2026-03-28 18:00","2026","03","28","18:00","","-4.1","","-7.4","","78","","","","1","","23","","14.5","","89.00","","","","-11","","NA"
"-114.01","51.12","CALGARY INTL A","3031092","2026-03-28 19:00","2026","03","28","19:00","","-4.7","","-8.1","","77","","","","2","","23","","14.5","","89.03","","","","-12","","Snow Grains"
"-114.01","51.12","CALGARY INTL A","3031092","2026-03-28 20:00","2026","03","28","20:00","","-5.1","","-8.3","","78","","","","2","","23","","16.1","","89.07","","","","-12","","Snow Grains"
"-114.01","51.12","CALGARY INTL A","3031092","2026-03-28 21:00","2026","03","28","21:00","","-5.0","","-8.7","","76","","","","1","","13","","9.7","","89.11","","","","-10","","Snow,Fog"
"-114.01","51.12","CALGARY INTL A","3031092","2026-03-28 22:00","2026","03","28","22:00","","-5.2","","-8.8","","76","","","","2","","11","","12.9","","89.11","","","","-10","","Snow"
"-114.01","51.12","CALGARY INTL A","3031092","2026-03-28 23:00","2026","03","28","23:00","","-5.1","","-8.4","","78","","","","1","","10","","16.1","","89.07","","","","-9","","Mostly Cloudy"
"-114.01","51.12","CALGARY INTL A","3031092","2026-03-29 00:00","2026","03","29","00:00","","-5.3","","-9.0","","75","","","","7","","7","","12.9","","89.05","","","","-9","","Snow"
"-114.01","51.12","CALGARY INTL A","3031092","2026-03-29 01:00","2026","03","29","01:00","","-5.7","","-8.5","","81","","","","9","","7","","11.3","","89.02","","","","-9","","Snow"
"-114.01","51.12","CALGARY INTL A","3031092","2026-03-29 02:00","2026","03","29","02:00","","-6.1","","-8.6","","83","","","","10","","8","","12.9","","89.00","","","","-10","","Snow"
"-114.01","51.12","CALGARY INTL A","3031092","2026-03-29 03:00","2026","03","29","03:00","","-6.3","","-8.4","","85","","","","9","","9","","12.9","","88.96","","","","-11","","Snow"
"-114.01","51.12","CALGARY INTL A","3031092","2026-03-29 04:00","2026","03","29","04:00","","-6.2","","-8.2","","86","","","","12","","10","","12.9","","88.95","","","","-11","","Snow"
"-114.01","51.12","CALGARY INTL A","3031092","2026-03-29 05:00","2026","03","29","05:00","","-6.5","","-9.1","","82","","","","10","","13","","12.9","","88.92","","","","-12","","Snow"
"-114.01","51.12","CALGARY INTL A","3031092","2026-03-29 06:00","2026","03","29","06:00","","-6.7","","-8.7","","86","","","","13","","14","","12.9","","88.88","","","","-12","","Snow"
"-114.01","51.12","CALGARY INTL A","3031092","2026-03-29 07:00","2026","03","29","07:00","","-7.3","","-9.2","","86","","","","15","","14","","8.1","","88.86","","","","-13","","Fog"
"-114.01","51.12","CALGARY INTL A","3031092","2026-03-29 08:00","2026","03","29","08:00","","-6.9","","-8.4","","89","","","","16","","17","","6.4","","88.84","","","","-13","","Fog"
"-114.01","51.12","CALGARY INTL A","3031092","2026-03-29 09:00","2026","03","29","09:00","","-6.3","","-8.1","","87","","","","15","","20","","6.4","","88.80","","","","-13","","Fog"
"-114.01","51.12","CALGARY INTL A","3031092","2026-03-29 10:00","2026","03","29","10:00","","-5.9","","-8.0","","85","","","","15","","21","","6.4","","88.76","","","","-13","","Fog"
"-114.01","51.12","CALGARY INTL A","3031092","2026-03-29 11:00","2026","03","29","11:00","","-5.6","","-8.1","","82","","","","16","","13","","9.7","","88.72","","","","-11","","Fog"
"-114.01","51.12","CALGARY INTL A","3031092","2026-03-29 12:00","2026","03","29","12:00","","-5.0","","-8.2","","79","","","","15","","24","","14.5","","88.63","","","","-12","","NA"
"-114.01","51.12","CALGARY INTL A","3031092","2026-03-29 13:00","2026","03","29","13:00","","-5.1","","-7.3","","85","","","","12","","20","","8.1","","88.56","","","","-12","","Fog"
"-114.01","51.12","CALGARY INTL A","3031092","2026-03-29 14:00","2026","03","29","14:00","","-4.8","","-6.9","","85","","","","11","","18","","8.1","","88.51","","","","-11","","Fog"
"-114.01","51.12","CALGARY INTL A","3031092","2026-03-29 15:00","2026","03","29","15:00","","-4.7","","-6.5","","87","","","","12","","18","","6.4","","88.49","","","","-11","","Fog"
"-114.01","51.12","CALGARY INTL A","3031092","2026-03-29 16:00","2026","03","29","16:00","","-4.5","","-6.3","","88","","","","9","","11","","1.6","","88.53","","","","-9","","Snow"
"-114.01","51.12","CALGARY INTL A","3031092","2026-03-29 17:00","2026","03","29","17:00","","-4.2","","-5.8","","89","","","","11","","17","","0.2","","88.48","","","","-10","","Heavy Snow"
"-114.01","51.12","CALGARY INTL A","3031092","2026-03-29 18:00","2026","03","29","18:00","","-4.3","","-6.2","","87","","","","10","","12","","8.1","","88.51","","","","-9","","Fog"
"-114.01","51.12","CALGARY INTL A","3031092","2026-03-29 19:00","2026","03","29","19:00","","-4.8","","-6.2","","90","","","","8","","13","","1.6","","88.53","","","","-10","","Fog"
"-114.01","51.12","CALGARY INTL A","3031092","2026-03-29 20:00","2026","03","29","20:00","","-5.1","","-6.1","","92","","","","8","","14","","1.6","","88.56","","","","-10","","Snow,Fog"
"-114.01","51.12","CALGARY INTL A","3031092","2026-03-29 21:00","2026","03","29","21:00","","-5.1","","-6.1","","93","","","","5","","12","","2.0","","88.58","","","","-10","","Snow,Fog"
"-114.01","51.12","CALGARY INTL A","3031092","2026-03-29 22:00","2026","03","29","22:00","","-5.2","","-6.4","","92","","","","8","","9","","3.2","","88.55","","","","-9","","Snow,Fog"
"-114.01","51.12","CALGARY INTL A","3031092","2026-03-29 23:00","2026","03","29","23:00","","-5.3","","-6.5","","92","","","","3","","9","","1.6","","88.54","","","","-9","","Snow,Fog"
"-114.01","51.12","CALGARY INTL A","3031092","2026-03-30 00:00","2026","03","30","00:00","","-5.4","","-6.6","","91","","","","1","","16","","2.0","","88.55","","","","-11","","Snow,Fog"
"-114.01","51.12","CALGARY INTL A","3031092","2026-03-30 01:00","2026","03","30","01:00","","-5.6","","-6.9","","91","","","","1","","16","","2.0","","88.56","","","","-12","","Snow,Fog"
"-114.01","51.12","CALGARY INTL A","3031092","2026-03-30 02:00","2026","03","30","02:00","","-5.7","","-7.0","","90","","","","35","","14","","2.0","","88.59","","","","-11","","Snow,Fog"
"-114.01","51.12","CALGARY INTL A","3031092","2026-03-30 03:00","2026","03","30","03:00","","-5.8","","-7.2","","90","","","","36","","14","","2.0","","88.62","","","","-11","","Snow,Fog"
"-114.01","51.12","CALGARY INTL A","3031092","2026-03-30 04:00","2026","03","30","04:00","","-6.3","","-7.8","","89","","","","36","","21","","2.0","","88.64","","","","-13","","Snow,Fog"
"-114.01","51.12","CALGARY INTL A","3031092","2026-03-30 05:00","2026","03","30","05:00","","-6.8","","-8.3","","89","","","","1","","16","","2.0","","88.70","","","","-13","","Snow,Fog"
"-114.01","51.12","CALGARY INTL A","3031092","2026-03-30 06:00","2026","03","30","06:00","","-7.1","","-8.8","","88","","","","36","","16","","1.6","","88.74","","","","-13","","Snow,Fog"
"-114.01","51.12","CALGARY INTL A","3031092","2026-03-30 07:00","2026","03","30","07:00","","-7.4","","-9.7","","84","","","","35","","14","","8.1","","88.79","","","","-13","","Snow,Fog"
"-114.01","51.12","CALGARY INTL A","3031092","2026-03-30 08:00","2026","03","30","08:00","","-7.2","","-10.1","","79","","","","34","","18","","19.3","","88.87","","","","-14","","Snow"
"-114.01","51.12","CALGARY INTL A","3031092","2026-03-30 09:00","2026","03","30","09:00","","-6.9","","-10.4","","76","","","","35","","26","","24.1","","88.89","","","","-15","","NA"
"-114.01","51.12","CALGARY INTL A","3031092","2026-03-30 10:00","2026","03","30","10:00","","-6.5","","-10.7","","73","","","","34","","22","","24.1","","89.00","","","","-14","","NA"
"-114.01","51.12","CALGARY INTL A","3031092","2026-03-30 11:00","2026","03","30","11:00","","-5.4","","-10.4","","68","","","","35","","27","","24.1","","89.05","","","","-13","","Mostly Cloudy"
"-114.01","51.12","CALGARY INTL A","3031092","2026-03-30 12:00","2026","03","30","12:00","","-4.6","","-10.2","","65","","","","36","","21","","24.1","","89.06","","","","-11","","NA"
"-114.01","51.12","CALGARY INTL A","3031092","2026-03-30 13:00","2026","03","30","13:00","","-3.9","","-10.3","","61","","","","1","","18","","24.1","","89.09","","","","-10","","NA"
"-114.01","51.12","CALGARY INTL A","3031092","2026-03-30 14:00","2026","03","30","14:00","","-3.6","","-10.9","","57","","","","1","","23","","24.1","","89.12","","","","-10","","Mostly Cloudy"
"-114.01","51.12","CALGARY INTL A","3031092","2026-03-30 15:00","2026","03","30","15:00","","-3.5","","-10.2","","60","","","","8","","14","","24.1","","89.13","","","","-9","","NA"
"-114.01","51.12","CALGARY INTL A","3031092","2026-03-30 16:00","2026","03","30","16:00","","-3.2","","-10.9","","55","","","","7","","8","","24.1","","89.17","","","","-6","","NA"
"-114.01","51.12","CALGARY INTL A","3031092","2026-03-30 17:00","2026","03","30","17:00","","-4.4","","-9.7","","67","","","","6","","9","","19.3","","89.22","","","","-8","","Mostly Cloudy"
"-114.01","51.12","CALGARY INTL A","3031092","2026-03-30 18:00","2026","03","30","18:00","","-4.9","","-10.0","","67","","","","17","","10","","19.3","","89.24","","","","-9","","NA"
"-114.01","51.12","CALGARY INTL A","3031092","2026-03-30 19:00","2026","03","30","19:00","","-6.2","","-9.4","","78","","","","17","","9","","19.3","","89.24","","","","-10","","NA"
"-114.01","51.12","CALGARY INTL A","3031092","2026-03-30 20:00","2026","03","30","20:00","","-7.2","","-10.2","","79","","","","18","","9","","24.1","","89.26","","","","-12","","Clear"
"-114.01","51.12","CALGARY INTL A","3031092","2026-03-30 21:00","2026","03","30","21:00","","-7.5","","-11.0","","76","","","","19","","12","","24.1","","89.28","","","","-13","","NA"
"-114.01","51.12","CALGARY INTL A","3031092","2026-03-30 22:00","2026","03","30","22:00","","-8.2","","-11.3","","79","","","","21","","10","","24.1","","89.28","","","","-13","","NA"
"-114.01","51.12","CALGARY INTL A","3031092","2026-03-30 23:00","2026","03","30","23:00","","-8.5","","-12.0","","76","","","","17","","12","","24.1","","89.25","","","","-14","","Clear"
"-114.01","51.12","CALGARY INTL A","3031092","2026-03-31 00:00","2026","03","31","00:00","","-8.9","","-12.2","","78","","","","21","","8","","24.1","","89.22","","","","-13","","NA"
"-114.01","51.12","CALGARY INTL A","3031092","2026-03-31 01:00","2026","03","31","01:00","","-9.5","","-12.8","","77","","","","19","","10","","24.1","","89.20","","","","-15","","NA"
"-114.01","51.12","CALGARY INTL A","3031092","2026-03-31 02:00","2026","03","31","02:00","","-9.4","","-13.6","","71","","","","19","","10","","24.1","","89.16","","","","-15","","Clear"
"-114.01","51.12","CALGARY INTL A","3031092","2026-03-31 03:00","2026","03","31","03:00","","-10.3","","-13.9","","75","","","","19","","9","","24.1","","89.12","","","","-15","","NA"
"-114.01","51.12","CALGARY INTL A","3031092","2026-03-31 04:00","2026","03","31","04:00","","-11.7","","-14.9","","78","","","","20","","9","","24.1","","89.08","","","","-17","","NA"
"-114.01","51.12","CALGARY INTL A","3031092","2026-03-31 05:00","2026","03","31","05:00","","-12.1","","-14.8","","81","","","","21","","9","","24.1","","89.03","","","","-17","","Clear"
"-114.01","51.12","CALGARY INTL A","3031092","2026-03-31 06:00","2026","03","31","06:00","","-13.6","","-16.1","","82","","","","22","","5","","32.2","","89.00","","","","-17","","NA"
"-114.01","51.12","CALGARY INTL A","3031092","2026-03-31 07:00","2026","03","31","07:00","","-13.0","","-15.4","","82","","","","20","","8","","48.3","","88.99","","","","-18","","NA"
"-114.01","51.12","CALGARY INTL A","3031092","2026-03-31 08:00","2026","03","31","08:00","","-10.8","","-14.2","","76","","","","19","","5","","64.4","","88.92","","","","-14","","Mostly Cloudy"
"-114.01","51.12","CALGARY INTL A","3031092","2026-03-31 09:00","2026","03","31","09:00","","-8.4","","-13.0","","70","","","","17","","5","","64.4","","88.87","","","","-11","","NA"
"-114.01","51.12","CALGARY INTL A","3031092","2026-03-31 10:00","2026","03","31","10:00","","-6.7","","-12.9","","61","","","","18","","7","","64.4","","88.83","","","","-10","","NA"
"-114.01","51.12","CALGARY INTL A","3031092","2026-03-31 11:00","2026","03","31","11:00","","-4.5","","-10.5","","63","","","","18","","16","","64.4","","88.77","","","","-10","","Mostly Cloudy"
"-114.01","51.12","CALGARY INTL A","3031092","2026-03-31 12:00","2026","03","31","12:00","","-4.0","","-9.9","","63","","","","16","","15","","64.4","","88.71","","","","-9","","NA"
"-114.01","51.12","CALGARY INTL A","3031092","2026-03-31 13:00","2026","03","31","13:00","","-2.8","","-8.9","","63","","","","15","","21","","64.4","","88.65","","","","-9","","NA"
"-114.01","51.12","CALGARY INTL A","3031092","2026-03-31 14:00","2026","03","31","14:00","","-2.0","","-7.1","","68","","","","16","","17","","48.3","","88.58","","","","-7","","Mostly Cloudy"
"-114.01","51.12","CALGARY INTL A","3031092","2026-03-31 15:00","2026","03","31","15:00","","-0.9","","-7.1","","63","","","","16","","18","","48.3","","88.51","","","","-6","","NA"
"-114.01","51.12","CALGARY INTL A","3031092","2026-03-31 16:00","2026","03","31","16:00","","-0.5","","-6.7","","63","","","","17","","13","","32.2","","88.47","","","","-5","","NA"
"-114.01","51.12","CALGARY INTL A","3031092","2026-03-31 17:00","2026","03","31","17:00","","-0.3","","-6.9","","61","","","","17","","14","","32.2","","88.42","","","","-5","","Mainly Clear"
"-114.01","51.12","CALGARY INTL A","3031092","2026-03-31 18:00","2026","03","31","18:00","","-0.2","","-7.2","","59","","","","16","","10","","48.3","","88.37","","","","-4","","NA"
"-114.01","51.12","CALGARY INTL A","3031092","2026-03-31 19:00","2026","03","31","19:00","","-0.9","","-6.6","","65","","","","16","","7","","32.2","","88.34","","","","-3","","NA"
"-114.01","51.12","CALGARY INTL A","3031092","2026-03-31 20:00","2026","03","31","20:00","","-2.2","","-7.0","","70","","","","9","","9","","24.1","","88.33","","","","-6","","Mostly Cloudy"
"-114.01","51.12","CALGARY INTL A","3031092","2026-03-31 21:00","2026","03","31","21:00","","-3.3","","-6.5","","78","","","","34","","3","","24.1","","88.33","","","","-5","","NA"
"-114.01","51.12","CALGARY INTL A","3031092","2026-03-31 22:00","2026","03","31","22:00"
"-114.01","51.12","CALGARY INTL A","3031092","2026-03-31 23:00","2026","03","31","23:00","","-6.0","","-8.3","","84","","","","1","","5","","24.1","","88.27","","","","-8","","Mostly Cloudy"
