"Longitude (x)","Latitude (y)","Station Name","Climate ID","Date/Time (LST)","Year","Month","Day","Time (LST)","Flag","Temp (°C)","Temp Flag","Dew Point Temp (°C)","Dew Point Temp Flag","Rel Hum (%)","Rel Hum Flag","Precip. Amount (mm)","Precip. Amount Flag","Wind Dir (10s deg)","Wind Dir Flag","Wind Spd (km/h)","Wind Spd Flag","Visibility (km)","Visibility Flag","Stn Press (kPa)","Stn Press Flag","Hmdx","Hmdx Flag","Wind Chill","Wind Chill Flag","Weather"
"-114.01","51.12","CALGARY INTL A","3031092","2026-01-01 00:00","2026","01","01","00:00","","-2.7","","-6.2","","77","","","","22","","5","","24.1","","88.69","","","","-5","","NA"
"-114.01","51.12","CALGARY INTL A","3031092","2026-01-01 01:00","2026","01","01","01:00","","-3.6","","-6.1","","83","","","","21","","4","","24.1","","88.63","","","","-5","","NA"
"-114.01","51.12","CALGARY INTL A","3031092","2026-01-01 02:00","2026","01","01","02:00","","-5.9","","-8.1","","85","","","","34","","4","","24.1","","88.61","","","","-8","","Clear"
"-114.01","51.12","CALGARY INTL A","3031092","2026-01-01 03:00","2026","01","01","03:00"
"-114.01","51.12","CALGARY INTL A","3031092","2026-01-01 04:00","2026","01","01","04:00","","-6.5","","-8.5","","86","","","","4","","4","","24.1","","88.59","","","","-8","","NA"
"-114.01","51.12","CALGARY INTL A","3031092","2026-01-01 05:00","2026","01","01","05:00","","-6.1","","-8.3","","84","","","","31","","4","","24.1","","88.54","","","","-8","","Cloudy"
"-114.01","51.12","CALGARY INTL A","3031092","2026-01-01 06:00","2026","01","01","06:00","","-4.2","","-6.2","","86","","","","","","0","","24.1","","88.45","","","","","","NA"
"-114.01","51.12","CALGARY INTL A","3031092","2026-01-01 07:00","2026","01","01","07:00","","-3.8","","-5.9","","85","","","","32","","4","","24.1","","88.41","","","","-5","","NA"
"-114.01","51.12","CALGARY INTL A","3031092","2026-01-01 08:00","2026","01","01","08:00","","-3.0","","-5.0","","86","","","","20","","6","","0.2","","88.36","","","","-5","","Freezing Fog"
"-114.01","51.12","CALGARY INTL A","3031092","2026-01-01 09:00","2026","01","01","09:00","","-2.8","","-3.4","","96","","","","17","","12","","0.0","","88.37","","","","-7","","Freezing Fog"
"-114.01","51.12","CALGARY INTL A","3031092","2026-01-01 10:00","2026","01","01","10:00","","-3.0","","-3.6","","96","","","","17","","14","","0.0","","88.36","","","","-8","","Freezing Fog"
"-114.01","51.12","CALGARY INTL A","3031092","2026-01-01 11:00","2026","01","01","11:00","","-3.4","","-4.0","","95","","","","14","","12","","0.0","","88.31","","","","-8","","Freezing Fog"
"-114.01","51.12","CALGARY INTL A","3031092","2026-01-01 12:00","2026","01","01","12:00","","-3.7","","-4.4","","95","","","","14","","14","","0.0","","88.24","","","","-9","","Freezing Fog"
"-114.01","51.12","CALGARY INTL A","3031092","2026-01-01 13:00","2026","01","01","13:00","","-3.8","","-4.5","","95","","","","14","","10","","0.2","","88.17","","","","-8","","Freezing Fog"
"-114.01","51.12","CALGARY INTL A","3031092","2026-01-01 14:00","2026","01","01","14:00","","-4.2","","-4.9","","95","","","","10","","10","","0.0","","88.12","","","","-8","","Freezing Fog"
"-114.01","51.12","CALGARY INTL A","3031092","2026-01-01 15:00","2026","01","01","15:00","","-4.4","","-5.2","","94","","","","11","","11","","0.4","","88.09","","","","-9","","Freezing Fog"
"-114.01","51.12","CALGARY INTL A","3031092","2026-01-01 16:00","2026","01","01","16:00","","-4.7","","-5.5","","94","","","","10","","12","","0.2","","88.13","","","","-9","","Freezing Fog"
"-114.01","51.12","CALGARY INTL A","3031092","2026-01-01 17:00","2026","01","01","17:00","","-5.6","","-6.5","","93","","","","9","","12","","0.2","","88.18","","","","-11","","Freezing Fog"
"-114.01","51.12","CALGARY INTL A","3031092","2026-01-01 18:00","2026","01","01","18:00","","-6.5","","-7.6","","92","","","","8","","12","","0.2","","88.21","","","","-12","","Freezing Fog"
"-114.01","51.12","CALGARY INTL A","3031092","2026-01-01 19:00","2026","01","01","19:00","","-6.9","","-8.0","","92","","","","8","","8","","0.2","","88.21","","","","-11","","Freezing Fog"
"-114.01","51.12","CALGARY INTL A","3031092","2026-01-01 20:00","2026","01","01","20:00","","-6.9","","-8.0","","92","","","","7","","6","","0.2","","88.18","","","","-10","","Freezing Fog"
"-114.01","51.12","CALGARY INTL A","3031092","2026-01-01 21:00","2026","01","01","21:00","","-7.1","","-8.2","","92","","","","9","","9","","0.2","","88.18","","","","-11","","Freezing Fog"
"-114.01","51.12","CALGARY INTL A","3031092","2026-01-01 22:00","2026","01","01","22:00","","-7.1","","-8.2","","92","","","","8","","8","","1.2","","88.18","","","","-11","","Fog"
"-114.01","51.12","CALGARY INTL A","3031092","2026-01-01 23:00","2026","01","01","23:00","","-7.5","","-8.7","","91","","","","9","","9","","1.6","","88.18","","","","-12","","Fog"
"-114.01","51.12","CALGARY INTL A","3031092","2026-01-02 00:00","2026","01","02","00:00","","-7.6","","-8.8","","91","","","","9","","8","","1.6","","88.16","","","","-12","","Fog"
"-114.01","51.12","CALGARY INTL A","3031092","2026-01-02 01:00","2026","01","02","01:00","","-7.7","","-8.8","","91","","","","11","","8","","0.4","","88.10","","","","-12","","Freezing Fog"
"-114.01","51.12","CALGARY INTL A","3031092","2026-01-02 02:00","2026","01","02","02:00","","-7.7","","-8.9","","91","","","","12","","8","","1.6","","88.06","","","","-12","","Fog"
"-114.01","51.12","CALGARY INTL A","3031092","2026-01-02 03:00","2026","01","02","03:00","","-7.8","","-9.0","","91","","","","9","","7","","1.6","","88.13","","","","-11","","Fog"
"-114.01","51.12","CALGARY INTL A","3031092","2026-01-02 04:00","2026","01","02","04:00","","-7.9","","-9.1","","91","","","","8","","5","","2.0","","88.11","","","","-11","","Fog"
"-114.01","51.12","CALGARY INTL A","3031092","2026-01-02 05:00","2026","01","02","05:00","","-8.0","","-9.2","","91","","","","5","","7","","2.0","","88.08","","","","-12","","Fog"
"-114.01","51.12","CALGARY INTL A","3031092","2026-01-02 06:00","2026","01","02","06:00","","-8.0","","-9.2","","91","","","","9","","4","","2.0","","88.10","","","","-10","","Fog"
"-114.01","51.12","CALGARY INTL A","3031092","2026-01-02 07:00","2026","01","02","07:00","","-7.9","","-9.2","","91","","","","11","","7","","2.0","","88.06","","","","-12","","Snow Grains,Fog"
"-114.01","51.12","CALGARY INTL A","3031092","2026-01-02 08:00","2026","01","02","08:00","","-8.2","","-9.4","","91","","","","17","","5","","0.8","","88.05","","","","-11","","Freezing Fog"
"-114.01","51.12","CALGARY INTL A","3031092","2026-01-02 09:00","2026","01","02","09:00","","-8.1","","-9.3","","91","","","","15","","3","","2.4","","88.11","","","","-10","","Fog"
"-114.01","51.12","CALGARY INTL A","3031092","2026-01-02 10:00","2026","01","02","10:00","","-8.0","","-9.2","","91","","","","11","","5","","4.0","","88.11","","","","-11","","Fog"
"-114.01","51.12","CALGARY INTL A","3031092","2026-01-02 11:00","2026","01","02","11:00","","-7.7","","-9.0","","91","","","","15","","8","","4.0","","88.08","","","","-12","","Fog"
"-114.01","51.12","CALGARY INTL A","3031092","2026-01-02 12:00","2026","01","02","12:00","","-7.5","","-8.6","","91","","","","18","","4","","4.0","","88.06","","","","-10","","Fog"
"-114.01","51.12","CALGARY INTL A","3031092","2026-01-02 13:00","2026","01","02","13:00","","-7.5","","-8.7","","91","","","","16","","10","","1.2","","88.05","","","","-12","","Fog"
"-114.01","51.12","CALGARY INTL A","3031092","2026-01-02 14:00","2026","01","02","14:00","","-7.4","","-8.5","","91","","","","20","","12","","3.6","","88.03","","","","-13","","Fog"
"-114.01","51.12","CALGARY INTL A","3031092","2026-01-02 15:00","2026","01","02","15:00","","-7.4","","-8.6","","91","","","","17","","11","","4.0","","88.02","","","","-12","","Fog"
"-114.01","51.12","CALGARY INTL A","3031092","2026-01-02 16:00","2026","01","02","16:00","","-7.4","","-8.6","","91","","","","7","","13","","4.0","","88.19","","","","-13","","Fog"
"-114.01","51.12","CALGARY INTL A","3031092","2026-01-02 17:00","2026","01","02","17:00","","-9.0","","-10.4","","90","","","","3","","34","","0.8","","88.39","","","","-19","","Moderate Snow"
"-114.01","51.12","CALGARY INTL A","3031092","2026-01-02 18:00","2026","01","02","18:00","","-9.7","","-11.1","","89","","","","3","","23","","0.8","","88.51","","","","-18","","Snow,Freezing Fog"
"-114.01","51.12","CALGARY INTL A","3031092","2026-01-02 19:00","2026","01","02","19:00","","-9.8","","-11.2","","89","","","","1","","16","","1.2","","88.58","","","","-17","","Snow"
"-114.01","51.12","CALGARY INTL A","3031092","2026-01-02 20:00","2026","01","02","20:00","","-10.4","","-12.0","","89","","","","4","","14","","1.6","","88.66","","","","-17","","Snow,Fog"
"-114.01","51.12","CALGARY INTL A","3031092","2026-01-02 21:00","2026","01","02","21:00","","-11.2","","-12.8","","88","","","","3","","19","","3.2","","88.65","","","","-19","","Snow,Fog"
"-114.01","51.12","CALGARY INTL A","3031092","2026-01-02 22:00","2026","01","02","22:00","","-11.9","","-13.6","","87","","","","4","","14","","2.0","","88.67","","","","-19","","Snow,Fog"
"-114.01","51.12","CALGARY INTL A","3031092","2026-01-02 23:00","2026","01","02","23:00","","-12.1","","-13.8","","87","","","","8","","8","","2.0","","88.64","","","","-17","","Snow,Fog"
"-114.01","51.12","CALGARY INTL A","3031092","2026-01-03 00:00","2026","01","03","00:00","","-12.1","","-13.9","","87","","","","11","","10","","3.2","","88.65","","","","-18","","Snow,Fog"
"-114.01","51.12","CALGARY INTL A","3031092","2026-01-03 01:00","2026","01","03","01:00","","-12.2","","-14.0","","87","","","","15","","16","","2.0","","88.62","","","","-20","","Snow,Fog"
"-114.01","51.12","CALGARY INTL A","3031092","2026-01-03 02:00","2026","01","03","02:00","","-12.2","","-13.9","","87","","","","16","","16","","2.0","","88.57","","","","-20","","Snow,Fog"
"-114.01","51.12","CALGARY INTL A","3031092","2026-01-03 03:00","2026","01","03","03:00","","-12.2","","-13.9","","87","","","","17","","14","","2.0","","88.53","","","","-19","","Snow,Fog"
"-114.01","51.12","CALGARY INTL A","3031092","2026-01-03 04:00","2026","01","03","04:00","","-12.1","","-13.9","","87","","","","16","","20","","1.0","","88.49","","","","-21","","Snow,Fog"
"-114.01","51.12","CALGARY INTL A","3031092","2026-01-03 05:00","2026","01","03","05:00","","-12.4","","-14.2","","87","","","","14","","18","","1.6","","88.38","","","","-20","","Snow,Fog"
"-114.01","51.12","CALGARY INTL A","3031092","2026-01-03 06:00","2026","01","03","06:00","","-12.3","","-14.0","","87","","","","15","","17","","1.6","","88.31","","","","-20","","Snow,Fog"
"-114.01","51.12","CALGARY INTL A","3031092","2026-01-03 07:00","2026","01","03","07:00","","-11.6","","-13.3","","87","","","","17","","21","","1.6","","88.22","","","","-20","","Snow,Fog"
"-114.01","51.12","CALGARY INTL A","3031092","2026-01-03 08:00","2026","01","03","08:00","","-11.7","","-13.4","","87","","","","16","","23","","0.8","","88.13","","","","-21","","Snow,Freezing Fog"
"-114.01","51.12","CALGARY INTL A","3031092","2026-01-03 09:00","2026","01","03","09:00","","-12.3","","-14.1","","87","","","","16","","26","","1.2","","88.10","","","","-22","","Snow,Fog"
"-114.01","51.12","CALGARY INTL A","3031092","2026-01-03 10:00","2026","01","03","10:00","","-12.8","","-14.6","","86","","","","16","","21","","1.6","","88.02","","","","-22","","Snow,Fog"
"-114.01","51.12","CALGARY INTL A","3031092","2026-01-03 11:00","2026","01","03","11:00","","-12.8","","-14.7","","86","","","","17","","23","","1.6","","87.96","","","","-22","","Snow,Fog"
"-114.01","51.12","CALGARY INTL A","3031092","2026-01-03 12:00","2026","01","03","12:00","","-12.7","","-14.6","","86","","","","17","","23","","1.2","","87.76","","","","-22","","Snow,Fog"
"-114.01","51.12","CALGARY INTL A","3031092","2026-01-03 13:00","2026","01","03","13:00","","-12.6","","-14.4","","86","","","","16","","15","","2.0","","87.64","","","","-20","","Snow,Fog"
"-114.01","51.12","CALGARY INTL A","3031092","2026-01-03 14:00","2026","01","03","14:00","","-12.2","","-13.9","","87","","","","16","","21","","2.0","","87.52","","","","-21","","Snow,Fog"
"-114.01","51.12","CALGARY INTL A","3031092","2026-01-03 15:00","2026","01","03","15:00","","-11.5","","-13.2","","87","","","","17","","21","","4.0","","87.42","","","","-20","","Snow,Fog"
"-114.01","51.12","CALGARY INTL A","3031092","2026-01-03 16:00","2026","01","03","16:00","","-11.3","","-12.9","","88","","","","15","","19","","4.0","","87.32","","","","-19","","Snow,Fog"
"-114.01","51.12","CALGARY INTL A","3031092","2026-01-03 17:00","2026","01","03","17:00","","-11.3","","-13.0","","88","","","","14","","18","","4.0","","87.24","","","","-19","","Fog"
"-114.01","51.12","CALGARY INTL A","3031092","2026-01-03 18:00","2026","01","03","18:00","","-11.2","","-12.8","","88","","","","13","","10","","2.8","","87.20","","","","-17","","Fog"
"-114.01","51.12","CALGARY INTL A","3031092","2026-01-03 19:00","2026","01","03","19:00","","-11.7","","-13.4","","87","","","","9","","9","","4.0","","87.18","","","","-17","","Fog"
"-114.01","51.12","CALGARY INTL A","3031092","2026-01-03 20:00","2026","01","03","20:00","","-12.2","","-14.0","","87","","","","8","","5","","1.6","","87.13","","","","-15","","Fog"
"-114.01","51.12","CALGARY INTL A","3031092","2026-01-03 21:00","2026","01","03","21:00","","-11.7","","-13.4","","87","","","","","","0","","1.2","","87.10","","","","","","Snow,Fog"
"-114.01","51.12","CALGARY INTL A","3031092","2026-01-03 22:00","2026","01","03","22:00","","-11.4","","-13.1","","88","","","","32","","5","","3.2","","87.06","","","","-15","","Snow,Fog"
"-114.01","51.12","CALGARY INTL A","3031092","2026-01-03 23:00","2026","01","03","23:00","","-12.0","","-13.7","","87","","","","3","","6","","3.2","","87.07","","","","-16","","Fog"
"-114.01","51.12","CALGARY INTL A","3031092","2026-01-04 00:00","2026","01","04","00:00","","-12.5","","-14.4","","86","","","","1","","9","","1.6","","87.08","","","","-18","","Snow,Fog"
"-114.01","51.12","CALGARY INTL A","3031092","2026-01-04 01:00","2026","01","04","01:00","","-13.5","","-15.4","","86","","","","2","","19","","2.0","","87.08","","","","-22","","Snow,Fog"
"-114.01","51.12","CALGARY INTL A","3031092","2026-01-04 02:00","2026","01","04","02:00","","-13.8","","-15.8","","85","","","","1","","12","","3.2","","87.20","","","","-21","","Snow,Fog"
"-114.01","51.12","CALGARY INTL A","3031092","2026-01-04 03:00","2026","01","04","03:00","","-14.3","","-16.3","","85","","","","3","","16","","4.0","","87.27","","","","-22","","Snow,Fog"
"-114.01","51.12","CALGARY INTL A","3031092","2026-01-04 04:00","2026","01","04","04:00","","-14.3","","-16.4","","85","","","","36","","15","","4.0","","87.29","","","","-22","","Fog"
"-114.01","51.12","CALGARY INTL A","3031092","2026-01-04 05:00","2026","01","04","05:00","","-14.6","","-16.7","","85","","","","2","","13","","4.0","","87.26","","","","-22","","Fog"
"-114.01","51.12","CALGARY INTL A","3031092","2026-01-04 06:00","2026","01","04","06:00","","-14.8","","-16.9","","84","","","","35","","6","","4.8","","87.22","","","","-19","","Fog"
"-114.01","51.12","CALGARY INTL A","3031092","2026-01-04 07:00","2026","01","04","07:00","","-14.9","","-17.0","","84","","","","30","","5","","4.8","","87.21","","","","-18","","Snow,Fog"
"-114.01","51.12","CALGARY INTL A","3031092","2026-01-04 08:00","2026","01","04","08:00","","-15.1","","-17.2","","84","","","","7","","5","","9.7","","87.21","","","","-19","","Fog"
"-114.01","51.12","CALGARY INTL A","3031092","2026-01-04 09:00","2026","01","04","09:00","","-15.8","","-18.0","","84","","","","9","","8","","6.4","","87.25","","","","-21","","Fog"
"-114.01","51.12","CALGARY INTL A","3031092","2026-01-04 10:00","2026","01","04","10:00","","-15.2","","-17.4","","84","","","","12","","7","","4.0","","87.24","","","","-20","","Fog"
"-114.01","51.12","CALGARY INTL A","3031092","2026-01-04 11:00","2026","01","04","11:00","","-14.4","","-16.5","","85","","","","16","","11","","4.0","","87.24","","","","-21","","Ice Crystals,Fog"
"-114.01","51.12","CALGARY INTL A","3031092","2026-01-04 12:00","2026","01","04","12:00","","-14.4","","-16.5","","84","","","","18","","9","","4.0","","87.12","","","","-20","","Snow,Fog"
"-114.01","51.12","CALGARY INTL A","3031092","2026-01-04 13:00","2026","01","04","13:00","","-14.1","","-16.1","","85","","","","17","","17","","6.4","","87.07","","","","-22","","Snow,Fog"
"-114.01","51.12","CALGARY INTL A","3031092","2026-01-04 14:00","2026","01","04","14:00","","-13.2","","-15.3","","85","","","","17","","13","","6.4","","87.01","","","","-20","","Snow,Fog"
"-114.01","51.12","CALGARY INTL A","3031092","2026-01-04 15:00","2026","01","04","15:00","","-12.8","","-14.7","","86","","","","15","","14","","6.4","","87.01","","","","-20","","Ice Crystals"
"-114.01","51.12","CALGARY INTL A","3031092","2026-01-04 16:00","2026","01","04","16:00","","-13.6","","-15.5","","85","","","","17","","15","","8.1","","87.03","","","","-21","","Snow,Fog"
"-114.01","51.12","CALGARY INTL A","3031092","2026-01-04 17:00","2026","01","04","17:00","","-13.6","","-15.5","","85","","","","18","","11","","8.1","","87.02","","","","-20","","Fog"
"-114.01","51.12","CALGARY INTL A","3031092","2026-01-04 18:00","2026","01","04","18:00","","-12.9","","-14.8","","86","","","","16","","10","","9.7","","87.02","","","","-19","","Fog"
"-114.01","51.12","CALGARY INTL A","3031092","2026-01-04 19:00","2026","01","04","19:00","","-13.3","","-15.2","","86","","","","18","","13","","4.0","","86.97","","","","-20","","Fog"
"-114.01","51.12","CALGARY INTL A","3031092","2026-01-04 20:00","2026","01","04","20:00","","-13.0","","-14.9","","86","","","","18","","9","","2.0","","86.99","","","","-18","","Snow,Fog"
"-114.01","51.12","CALGARY INTL A","3031092","2026-01-04 21:00","2026","01","04","21:00","","-13.2","","-15.2","","86","","","","18","","14","","3.2","","87.00","","","","-20","","Snow,Fog"
"-114.01","51.12","CALGARY INTL A","3031092","2026-01-04 22:00","2026","01","04","22:00","","-13.3","","-15.2","","86","","","","20","","9","","1.6","","87.01","","","","-19","","Snow,Fog"
"-114.01","51.12","CALGARY INTL A","3031092","2026-01-04 23:00","2026","01","04","23:00","","-13.2","","-15.2","","85","","","","19","","11","","12.9","","86.97","","","","-19","","Mostly Cloudy"
"-114.01","51.12","CALGARY INTL A","3031092","2026-01-05 00:00","2026","01","05","00:00","","-13.3","","-15.3","","85","","","","18","","7","","16.1","","87.09","","","","-18","","NA"
"-114.01","51.12","CALGARY INTL A","3031092","2026-01-05 01:00","2026","01","05","01:00","","-13.1","","-15.0","","86","","","","18","","7","","16.1","","87.13","","","","-18","","NA"
"-114.01","51.12","CALGARY INTL A","3031092","2026-01-05 02:00","2026","01","05","02:00","","-14.1","","-16.2","","84","","","","8","","12","","24.1","","87.17","","","","-21","","Mostly Cloudy"
"-114.01","51.12","CALGARY INTL A","3031092","2026-01-05 03:00","2026","01","05","03:00","","-14.5","","-16.5","","85","","","","5","","15","","24.1","","87.28","","","","-22","","NA"
"-114.01","51.12","CALGARY INTL A","3031092","2026-01-05 04:00","2026","01","05","04:00","","-15.8","","-18.0","","83","","","","1","","18","","2.0","","87.42","","","","-25","","Fog"
"-114.01","51.12","CALGARY INTL A","3031092","2026-01-05 05:00","2026","01","05","05:00","","-16.0","","-18.2","","83","","","","2","","19","","2.0","","87.50","","","","-25","","Fog"
"-114.01","51.12","CALGARY INTL A","3031092","2026-01-05 06:00","2026","01","05","06:00","","-15.9","","-18.1","","83","","","","36","","18","","2.4","","87.53","","","","-25","","Snow Grains,Fog"
"-114.01","51.12","CALGARY INTL A","3031092","2026-01-05 07:00","2026","01","05","07:00","","-16.6","","-18.9","","83","","","","36","","14","","3.2","","87.59","","","","-25","","Snow Grains,Fog"
"-114.01","51.12","CALGARY INTL A","3031092","2026-01-05 08:00","2026","01","05","08:00","","-16.9","","-19.2","","82","","","","1","","8","","6.4","","87.68","","","","-23","","Fog"
"-114.01","51.12","CALGARY INTL A","3031092","2026-01-05 09:00","2026","01","05","09:00","","-17.2","","-19.6","","82","","","","36","","9","","9.7","","87.74","","","","-23","","Fog"
"-114.01","51.12","CALGARY INTL A","3031092","2026-01-05 10:00","2026","01","05","10:00","","-16.0","","-18.3","","83","","","","1","","12","","9.7","","87.84","","","","-23","","Fog"
"-114.01","51.12","CALGARY INTL A","3031092","2026-01-05 11:00","2026","01","05","11:00","","-15.7","","-17.9","","83","","","","1","","3","","12.9","","87.90","","","","-18","","Mostly Cloudy"
"-114.01","51.12","CALGARY INTL A","3031092","2026-01-05 12:00","2026","01","05","12:00","","-15.1","","-17.3","","84","","","","","","0","","12.9","","87.88","","","","","","NA"
"-114.01","51.12","CALGARY INTL A","3031092","2026-01-05 13:00","2026","01","05","13:00","","-14.4","","-16.5","","84","","","","","","0","","9.7","","87.87","","","","","","Snow,Fog"
"-114.01","51.12","CALGARY INTL A","3031092","2026-01-05 14:00","2026","01","05","14:00","","-13.4","","-15.4","","85","","","","13","","4","","9.7","","87.84","","","","-16","","Fog"
"-114.01","51.12","CALGARY INTL A","3031092","2026-01-05 15:00","2026","01","05","15:00","","-12.9","","-14.9","","86","","","","18","","5","","6.4","","87.85","","","","-16","","Snow,Fog"
"-114.01","51.12","CALGARY INTL A","3031092","2026-01-05 16:00","2026","01","05","16:00","","-13.9","","-15.9","","85","","","","17","","12","","6.4","","87.82","","","","-21","","Snow,Fog"
"-114.01","51.12","CALGARY INTL A","3031092","2026-01-05 17:00","2026","01","05","17:00","","-15.0","","-17.1","","84","","","","18","","10","","6.4","","87.79","","","","-21","","Fog"
"-114.01","51.12","CALGARY INTL A","3031092","2026-01-05 18:00","2026","01","05","18:00","","-15.0","","-17.2","","84","","","","18","","12","","8.1","","87.74","","","","-22","","Fog"
"-114.01","51.12","CALGARY INTL A","3031092","2026-01-05 19:00","2026","01","05","19:00","","-14.9","","-17.1","","84","","","","19","","14","","8.1","","87.65","","","","-22","","Fog"
"-114.01","51.12","CALGARY INTL A","3031092","2026-01-05 20:00","2026","01","05","20:00","","-15.3","","-17.5","","84","","","","18","","16","","4.8","","87.58","","","","-24","","Fog"
"-114.01","51.12","CALGARY INTL A","3031092","2026-01-05 21:00","2026","01","05","21:00","","-15.8","","-18.0","","83","","","","19","","14","","9.7","","87.55","","","","-24","","Fog"
"-114.01","51.12","CALGARY INTL A","3031092","2026-01-05 22:00","2026","01","05","22:00","","-14.4","","-16.4","","85","","","","20","","13","","12.9","","87.44","","","","-22","","NA"
"-114.01","51.12","CALGARY INTL A","3031092","2026-01-05 23:00","2026","01","05","23:00","","-13.9","","-15.8","","86","","","","19","","8","","24.1","","87.40","","","","-19","","Mostly Cloudy"
"-114.01","51.12","CALGARY INTL A","3031092","2026-01-06 00:00","2026","01","06","00:00","","-12.6","","-14.4","","86","","","","20","","8","","24.1","","87.36","","","","-18","","NA"
"-114.01","51.12","CALGARY INTL A","3031092","2026-01-06 01:00","2026","01","06","01:00","","-12.3","","-14.1","","86","","","","28","","3","","24.1","","87.32","","","","-14","","NA"
"-114.01","51.12","CALGARY INTL A","3031092","2026-01-06 02:00","2026","01","06","02:00","","-12.4","","-14.2","","86","","","","31","","6","","24.1","","87.27","","","","-16","","Mostly Cloudy"
"-114.01","51.12","CALGARY INTL A","3031092","2026-01-06 03:00","2026","01","06","03:00","","-7.3","","-8.5","","91","","","","21","","12","","24.1","","87.20","","","","-13","","NA"
"-114.01","51.12","CALGARY INTL A","3031092","2026-01-06 04:00","2026","01","06","04:00","","-3.0","","-3.8","","94","","","","27","","22","","24.1","","87.19","","","","-9","","NA"
"-114.01","51.12","CALGARY INTL A","3031092","2026-01-06 05:00","2026","01","06","05:00","","-1.1","","-6.8","","66","","","","28","","5","","24.1","","87.18","","","","-3","","Mostly Cloudy"
"-114.01","51.12","CALGARY INTL A","3031092","2026-01-06 06:00","2026","01","06","06:00","","0.7","","-10.7","","42","","","","28","","26","","24.1","","87.15","","","","","","NA"
"-114.01","51.12","CALGARY INTL A","3031092","2026-01-06 07:00","2026","01","06","07:00","","-0.4","","-10.5","","47","","","","28","","17","","24.1","","87.13","","","","-5","","NA"
"-114.01","51.12","CALGARY INTL A","3031092","2026-01-06 08:00","2026","01","06","08:00","","0.1","","-11.1","","43","","","","27","","13","","24.1","","87.13","","","","","","Mostly Cloudy"
"-114.01","51.12","CALGARY INTL A","3031092","2026-01-06 09:00","2026","01","06","09:00","","-0.6","","-10.9","","46","","","","23","","16","","64.4","","87.09","","","","-5","","NA"
"-114.01","51.12","CALGARY INTL A","3031092","2026-01-06 10:00","2026","01","06","10:00","","-1.9","","-11.0","","50","","","","11","","6","","64.4","","87.13","","","","-4","","NA"
"-114.01","51.12","CALGARY INTL A","3031092","2026-01-06 11:00","2026","01","06","11:00","","-2.6","","-10.5","","55","","","","18","","8","","48.3","","87.13","","","","-6","","Mostly Cloudy"
"-114.01","51.12","CALGARY INTL A","3031092","2026-01-06 12:00","2026","01","06","12:00","","1.2","","-11.5","","38","","","","28","","18","","48.3","","87.06","","","","","","NA"
"-114.01","51.12","CALGARY INTL A","3031092","2026-01-06 13:00","2026","01","06","13:00","","-0.1","","-10.0","","48","","","","20","","4","","48.3","","87.02","","","","-1","","NA"
"-114.01","51.12","CALGARY INTL A","3031092","2026-01-06 14:00","2026","01","06","14:00","","2.9","","-11.1","","35","","","","18","","4","","32.2","","86.95","","","","","","Mostly Cloudy"
"-114.01","51.12","CALGARY INTL A","3031092","2026-01-06 15:00","2026","01","06","15:00","","4.2","","-10.9","","32","","","","25","","21","","32.2","","86.89","","","","","","NA"
"-114.01","51.12","CALGARY INTL A","3031092","2026-01-06 16:00","2026","01","06","16:00","","3.5","","-10.8","","34","","","","25","","26","","32.2","","86.87","","","","","","NA"
"-114.01","51.12","CALGARY INTL A","3031092","2026-01-06 17:00","2026","01","06","17:00","","1.3","","-10.2","","42","","","","24","","10","","48.3","","86.90","","","","","","Mostly Cloudy"
"-114.01","51.12","CALGARY INTL A","3031092","2026-01-06 18:00","2026","01","06","18:00","","0.1","","-10.3","","46","","","","24","","9","","24.1","","86.90","","","","","","NA"
"-114.01","51.12","CALGARY INTL A","3031092","2026-01-06 19:00","2026","01","06","19:00","","-0.7","","-11.2","","45","","","","23","","11","","24.1","","86.83","","","","-4","","NA"
"-114.01","51.12","CALGARY INTL A","3031092","2026-01-06 20:00","2026","01","06","20:00","","0.2","","-11.5","","41","","","","25","","25","","24.1","","86.77","","","","","","Clear"
"-114.01","51.12","CALGARY INTL A","3031092","2026-01-06 21:00","2026","01","06","21:00","","-0.8","","-11.6","","44","","","","23","","7","","24.1","","86.83","","","","-3","","NA"
"-114.01","51.12","CALGARY INTL A","3031092","2026-01-06 22:00","2026","01","06","22:00","","-1.8","","-11.4","","48","","","","23","","18","","24.1","","86.82","","","","-7","","NA"
"-114.01","51.12","CALGARY INTL A","3031092","2026-01-06 23:00","2026","01","06","23:00","","-2.9","","-11.6","","51","","","","23","","15","","24.1","","86.80","","","","-8","","Clear"
"-114.01","51.12","CALGARY INTL A","3031092","2026-01-07 00:00","2026","01","07","00:00"
"-114.01","51.12","CALGARY INTL A","3031092","2026-01-07 01:00","2026","01","07","01:00","","-2.5","","-11.8","","49","","","","22","","21","","24.1","","86.74","","","","-9","","NA"
"-114.01","51.12","CALGARY INTL A","3031092","2026-01-07 02:00","2026","01","07","02:00","","-3.6","","-12.7","","50","","","","25","","16","","24.1","","86.67","","","","-9","","Clear"
"-114.01","51.12","CALGARY INTL A","3031092","2026-01-07 03:00","2026","01","07","03:00","","-1.9","","-12.6","","44","","","","25","","16","","24.1","","86.70","","","","-7","","NA"
"-114.01","51.12","CALGARY INTL A","3031092","2026-01-07 04:00","2026","01","07","04:00","","-1.8","","-13.0","","43","","","","26","","18","","24.1","","86.72","","","","-7","","NA"
"-114.01","51.12","CALGARY INTL A","3031092","2026-01-07 05:00","2026","01","07","05:00","","-5.7","","-14.3","","51","","","","5","","7","","24.1","","86.69","","","","-9","","Clear"
"-114.01","51.12","CALGARY INTL A","3031092","2026-01-07 06:00","2026","01","07","06:00","","-5.9","","-13.4","","56","","","","18","","10","","24.1","","86.66","","","","-10","","NA"
"-114.01","51.12","CALGARY INTL A","3031092","2026-01-07 07:00","2026","01","07","07:00","","-4.9","","-13.1","","53","","","","34","","6","","24.1","","86.74","","","","-8","","NA"
"-114.01","51.12","CALGARY INTL A","3031092","2026-01-07 08:00","2026","01","07","08:00","","-8.1","","-13.3","","66","","","","36","","10","","24.1","","86.84","","","","-13","","Mostly Cloudy"
"-114.01","51.12","CALGARY INTL A","3031092","2026-01-07 09:00","2026","01","07","09:00","","-4.1","","-10.9","","59","","","","33","","9","","48.3","","86.96","","","","-8","","NA"
"-114.01","51.12","CALGARY INTL A","3031092","2026-01-07 10:00","2026","01","07","10:00","","-3.0","","-10.2","","58","","","","32","","4","","48.3","","87.04","","","","-5","","NA"
"-114.01","51.12","CALGARY INTL A","3031092","2026-01-07 11:00","2026","01","07","11:00","","-2.8","","-9.8","","59","","","","19","","7","","48.3","","87.12","","","","-6","","Mostly Cloudy"
"-114.01","51.12","CALGARY INTL A","3031092","2026-01-07 12:00","2026","01","07","12:00","","-1.5","","-9.6","","54","","","","25","","8","","64.4","","87.17","","","","-5","","NA"
"-114.01","51.12","CALGARY INTL A","3031092","2026-01-07 13:00","2026","01","07","13:00","","0.6","","-10.6","","43","","","","26","","8","","64.4","","87.17","","","","","","NA"
"-114.01","51.12","CALGARY INTL A","3031092","2026-01-07 14:00","2026","01","07","14:00","","1.8","","-13.7","","31","","","","28","","23","","48.3","","87.17","","","","","","Mainly Clear"
"-114.01","51.12","CALGARY INTL A","3031092","2026-01-07 15:00","2026","01","07","15:00","","1.5","","-15.1","","28","","","","28","","25","","48.3","","87.21","","","","","","NA"
"-114.01","51.12","CALGARY INTL A","3031092","2026-01-07 16:00","2026","01","07","16:00","","0.6","","-15.2","","30","","","","28","","24","","48.3","","87.24","","","","","","NA"
"-114.01","51.12","CALGARY INTL A","3031092","2026-01-07 17:00","2026","01","07","17:00","","-1.6","","-15.1","","35","","","","34","","4","","64.4","","87.29","","","","-3","","Mainly Clear"
"-114.01","51.12","CALGARY INTL A","3031092","2026-01-07 18:00","2026","01","07","18:00","","-0.8","","-15.6","","32","","","","24","","10","","24.1","","87.35","","","","-4","","NA"
"-114.01","51.12","CALGARY INTL A","3031092","2026-01-07 19:00","2026","01","07","19:00","","-2.8","","-15.5","","37","","","","18","","7","","24.1","","87.38","","","","-6","","NA"
"-114.01","51.12","CALGARY INTL A","3031092","2026-01-07 20:00","2026","01","07","20:00","","-4.2","","-15.2","","42","","","","18","","13","","24.1","","87.42","","","","-9","","Mainly Clear"
"-114.01","51.12","CALGARY INTL A","3031092","2026-01-07 21:00","2026","01","07","21:00","","-6.4","","-15.7","","48","","","","35","","6","","24.1","","87.42","","","","-9","","NA"
"-114.01","51.12","CALGARY INTL A","3031092","2026-01-07 22:00","2026","01","07","22:00","","-5.1","","-16.1","","42","","","","8","","4","","24.1","","87.44","","","","-7","","NA"
"-114.01","51.12","CALGARY INTL A","3031092","2026-01-07 23:00","2026","01","07","23:00","","-5.5","","-15.6","","45","","","","16","","8","","24.1","","87.49","","","","-9","","Mainly Clear"
"-114.01","51.12","CALGARY INTL A","3031092","2026-01-08 00:00","2026","01","08","00:00","","-4.5","","-15.6","","42","","","","","","0","","24.1","","87.50","","","","","","NA"
"-114.01","51.12","CALGARY INTL A","3031092","2026-01-08 01:00","2026","01","08","01:00","","-5.8","","-16.3","","44","","","","17","","7","","24.1","","87.50","","","","-9","","NA"
"-114.01","51.12","CALGARY INTL A","3031092","2026-01-08 02:00","2026","01","08","02:00","","-6.9","","-15.9","","49","","","","12","","12","","24.1","","87.53","","","","-12","","Mainly Clear"
"-114.01","51.12","CALGARY INTL A","3031092","2026-01-08 03:00","2026","01","08","03:00","","-7.0","","-15.9","","50","","","","","","0","","24.1","","87.55","","","","","","NA"
"-114.01","51.12","CALGARY INTL A","3031092","2026-01-08 04:00","2026","01","08","04:00","","-6.7","","-16.0","","48","","","","11","","3","","24.1","","87.54","","","","-8","","NA"
"-114.01","51.12","CALGARY INTL A","3031092","2026-01-08 05:00","2026","01","08","05:00","","-6.5","","-16.3","","46","","","","21","","10","","24.1","","87.54","","","","-11","","Mostly Cloudy"
"-114.01","51.12","CALGARY INTL A","3031092","2026-01-08 06:00","2026","01","08","06:00","","-7.2","","-16.6","","47","","","","19","","4","","24.1","","87.54","","","","-9","","NA"
"-114.01","51.12","CALGARY INTL A","3031092","2026-01-08 07:00","2026","01","08","07:00","","-7.8","","-15.8","","53","","","","19","","6","","24.1","","87.56","","","","-11","","NA"
"-114.01","51.12","CALGARY INTL A","3031092","2026-01-08 08:00","2026","01","08","08:00","","-7.8","","-15.0","","56","","","","20","","5","","24.1","","87.60","","","","-10","","Mostly Cloudy"
"-114.01","51.12","CALGARY INTL A","3031092","2026-01-08 09:00","2026","01","08","09:00","","-7.0","","-15.3","","52","","","","17","","9","","64.4","","87.65","","","","-11","","NA"
"-114.01","51.12","CALGARY INTL A","3031092","2026-01-08 10:00","2026","01","08","10:00","","-5.1","","-15.8","","43","","","","16","","8","","64.4","","87.68","","","","-9","","NA"
"-114.01","51.12","CALGARY INTL A","3031092","2026-01-08 11:00","2026","01","08","11:00","","-3.0","","-14.7","","40","","","","28","","9","","64.4","","87.74","","","","-7","","Clear"
"-114.01","51.12","CALGARY INTL A","3031092","2026-01-08 12:00","2026","01","08","12:00","","0.0","","-15.4","","31","","","","29","","30","","64.4","","87.73","","","","-6","","NA"
"-114.01","51.12","CALGARY INTL A","3031092","2026-01-08 13:00","2026","01","08","13:00","","0.8","","-14.3","","32","","","","30","","26","","48.3","","87.75","","","","","","NA"
"-114.01","51.12","CALGARY INTL A","3031092","2026-01-08 14:00","2026","01","08","14:00","","0.8","","-15.6","","29","","","","28","","22","","48.3","","87.77","","","","","","Mostly Cloudy"
"-114.01","51.12","CALGARY INTL A","3031092","2026-01-08 15:00","2026","01","08","15:00","","-3.6","","-14.3","","44","","","","35","","24","","32.2","","87.99","","","","-10","","NA"
"-114.01","51.12","CALGARY INTL A","3031092","2026-01-08 16:00","2026","01","08","16:00","","-4.5","","-14.2","","47","","","","35","","27","","32.2","","88.10","","","","-12","","NA"
"-114.01","51.12","CALGARY INTL A","3031092","2026-01-08 17:00","2026","01","08","17:00","","-5.0","","-12.4","","56","","","","1","","16","","32.2","","88.18","","","","-11","","Mostly Cloudy"
"-114.01","51.12","CALGARY INTL A","3031092","2026-01-08 18:00","2026","01","08","18:00","","-5.3","","-12.8","","56","","","","26","","5","","24.1","","88.28","","","","-8","","NA"
"-114.01","51.12","CALGARY INTL A","3031092","2026-01-08 19:00","2026","01","08","19:00","","-5.5","","-13.2","","55","","","","22","","8","","24.1","","88.35","","","","-9","","NA"
"-114.01","51.12","CALGARY INTL A","3031092","2026-01-08 20:00","2026","01","08","20:00","","-7.0","","-13.3","","61","","","","18","","9","","24.1","","88.41","","","","-11","","Clear"
"-114.01","51.12","CALGARY INTL A","3031092","2026-01-08 21:00","2026","01","08","21:00","","-7.6","","-13.6","","62","","","","17","","8","","24.1","","88.47","","","","-12","","NA"
"-114.01","51.12","CALGARY INTL A","3031092","2026-01-08 22:00","2026","01","08","22:00","","-7.5","","-13.3","","64","","","","22","","8","","24.1","","88.53","","","","-12","","NA"
"-114.01","51.12","CALGARY INTL A","3031092","2026-01-08 23:00","2026","01","08","23:00","","-10.5","","-14.5","","73","","","","32","","10","","24.1","","88.63","","","","-16","","Mostly Cloudy"
"-114.01","51.12","CALGARY INTL A","3031092","2026-01-09 00:00","2026","01","09","00:00","","-9.9","","-14.1","","72","","","","7","","9","","24.1","","88.73","","","","-15","","NA"
"-114.01","51.12","CALGARY INTL A","3031092","2026-01-09 01:00","2026","01","09","01:00","","-10.5","","-15.9","","65","","","","35","","11","","24.1","","88.84","","","","-16","","NA"
"-114.01","51.12","CALGARY INTL A","3031092","2026-01-09 02:00","2026","01","09","02:00","","-11.1","","-16.5","","65","","","","34","","12","","24.1","","88.93","","","","-17","","Clear"
"-114.01","51.12","CALGARY INTL A","3031092","2026-01-09 03:00","2026","01","09","03:00","","-12.3","","-16.2","","72","","","","35","","9","","24.1","","89.01","","","","-18","","NA"
"-114.01","51.12","CALGARY INTL A","3031092","2026-01-09 04:00","2026","01","09","04:00","","-14.1","","-17.3","","77","","","","","","0","","24.1","","89.06","","","","","","NA"
"-114.01","51.12","CALGARY INTL A","3031092","2026-01-09 05:00","2026","01","09","05:00","","-11.7","","-14.8","","78","","","","20","","5","","24.1","","89.09","","","","-15","","Mostly Cloudy"
"-114.01","51.12","CALGARY INTL A","3031092","2026-01-09 06:00","2026","01","09","06:00","","-10.8","","-13.8","","79","","","","20","","8","","24.1","","89.11","","","","-15","","NA"
"-114.01","51.12","CALGARY INTL A","3031092","2026-01-09 07:00","2026","01","09","07:00","","-11.4","","-14.4","","79","","","","19","","7","","24.1","","89.12","","","","-16","","NA"
"-114.01","51.12","CALGARY INTL A","3031092","2026-01-09 08:00","2026","01","09","08:00","","-10.4","","-14.3","","74","","","","23","","11","","24.1","","89.12","","","","-16","","Mainly Clear"
"-114.01","51.12","CALGARY INTL A","3031092","2026-01-09 09:00","2026","01","09","09:00","","-10.7","","-14.0","","77","","","","20","","6","","64.4","","89.08","","","","-14","","NA"
"-114.01","51.12","CALGARY INTL A","3031092","2026-01-09 10:00","2026","01","09","10:00","","-8.3","","-13.8","","65","","","","21","","10","","48.3","","89.09","","","","-13","","NA"
"-114.01","51.12","CALGARY INTL A","3031092","2026-01-09 11:00","2026","01","09","11:00","","-8.1","","-14.4","","61","","","","19","","14","","48.3","","89.10","","","","-14","","Cloudy"
"-114.01","51.12","CALGARY INTL A","3031092","2026-01-09 12:00","2026","01","09","12:00","","-6.0","","-13.3","","57","","","","14","","15","","48.3","","89.05","","","","-12","","NA"
"-114.01","51.12","CALGARY INTL A","3031092","2026-01-09 13:00","2026","01","09","13:00","","-0.3","","-11.4","","43","","","","25","","10","","48.3","","89.01","","","","-4","","NA"
"-114.01","51.12","CALGARY INTL A","3031092","2026-01-09 14:00","2026","01","09","14:00","","2.3","","-10.8","","38","","","","26","","21","","48.3","","89.00","","","","","","Mostly Cloudy"
"-114.01","51.12","CALGARY INTL A","3031092","2026-01-09 15:00","2026","01","09","15:00","","3.6","","-10.9","","34","","","","27","","32","","48.3","","89.02","","","","","","NA"
"-114.01","51.12","CALGARY INTL A","3031092","2026-01-09 16:00","2026","01","09","16:00","","3.6","","-10.5","","35","","","","27","","27","","48.3","","89.08","","","","","","NA"
"-114.01","51.12","CALGARY INTL A","3031092","2026-01-09 17:00","2026","01","09","17:00","","3.0","","-10.0","","38","","","","27","","20","","32.2","","89.13","","","","","","Mostly Cloudy"
"-114.01","51.12","CALGARY INTL A","3031092","2026-01-09 18:00","2026","01","09","18:00","","2.8","","-9.9","","39","","","","27","","27","","24.1","","89.17","","","","","","NA"
"-114.01","51.12","CALGARY INTL A","3031092","2026-01-09 19:00","2026","01","09","19:00","","2.9","","-9.8","","39","","","","27","","25","","24.1","","89.18","","","","","","NA"
"-114.01","51.12","CALGARY INTL A","3031092","2026-01-09 20:00","2026","01","09","20:00","","2.8","","-9.5","","40","","","","27","","30","","24.1","","89.20","","","","","","Mostly Cloudy"
"-114.01","51.12","CALGARY INTL A","3031092","2026-01-09 21:00","2026","01","09","21:00","","3.6","","-9.5","","38","","","","27","","35","","24.1","","89.20","","","","","","NA"
"-114.01","51.12","CALGARY INTL A","3031092","2026-01-09 22:00","2026","01","09","22:00","","3.1","","-8.8","","41","","","","25","","19","","24.1","","89.22","","","","","","NA"
"-114.01","51.12","CALGARY INTL A","3031092","2026-01-09 23:00","2026","01","09","23:00","","3.4","","-8.5","","42","","","","26","","21","","24.1","","89.23","","","","","","Mostly Cloudy"
"-114.01","51.12","CALGARY INTL A","3031092","2026-01-10 00:00","2026","01","10","00:00","","4.7","","-8.3","","38","","","","27","","25","","24.1","","89.24","","","","","","NA"
"-114.01","51.12","CALGARY INTL A","3031092","2026-01-10 01:00","2026","01","10","01:00","","5.3","","-8.2","","37","","","","27","","32","","24.1","","89.23","","","","","","NA"
"-114.01","51.12","CALGARY INTL A","3031092","2026-01-10 02:00","2026","01","10","02:00","","5.8","","-8.2","","36","","","","28","","38","","24.1","","89.26","","","","","","Mostly Cloudy"
"-114.01","51.12","CALGARY INTL A","3031092","2026-01-10 03:00","2026","01","10","03:00","","6.0","","-8.9","","34","","","","27","","31","","24.1","","89.30","","","","","","NA"
"-114.01","51.12","CALGARY INTL A","3031092","2026-01-10 04:00","2026","01","10","04:00","","5.8","","-8.6","","35","","","","28","","29","","24.1","","89.31","","","","","","NA"
"-114.01","51.12","CALGARY INTL A","3031092","2026-01-10 05:00","2026","01","10","05:00","","6.1","","-8.0","","36","","","","28","","33","","24.1","","89.29","","","","","","Mostly Cloudy"
"-114.01","51.12","CALGARY INTL A","3031092","2026-01-10 06:00","2026","01","10","06:00","","6.8","","-8.6","","32","","","","28","","39","","24.1","","89.26","","","","","","NA"
"-114.01","51.12","CALGARY INTL A","3031092","2026-01-10 07:00","2026","01","10","07:00","","6.9","","-10.3","","28","","","","28","","32","","24.1","","89.27","","","","","","NA"
"-114.01","51.12","CALGARY INTL A","3031092","2026-01-10 08:00","2026","01","10","08:00","","6.6","","-10.8","","28","","","","28","","37","","24.1","","89.24","","","","","","Mostly Cloudy"
"-114.01","51.12","CALGARY INTL A","3031092","2026-01-10 09:00","2026","01","10","09:00","","6.8","","-10.9","","27","","","","27","","25","","64.4","","89.24","","","","","","NA"
"-114.01","51.12","CALGARY INTL A","3031092","2026-01-10 10:00","2026","01","10","10:00","","7.3","","-10.1","","28","","","","29","","31","","64.4","","89.23","","","","","","NA"
"-114.01","51.12","CALGARY INTL A","3031092","2026-01-10 11:00","2026","01","10","11:00","","8.5","","-10.9","","24","","","","27","","35","","64.4","","89.25","","","","","","Mostly Cloudy"
"-114.01","51.12","CALGARY INTL A","3031092","2026-01-10 12:00","2026","01","10","12:00","","9.3","","-11.2","","22","","","","28","","36","","64.4","","89.21","","","","","","NA"
"-114.01","51.12","CALGARY INTL A","3031092","2026-01-10 13:00","2026","01","10","13:00","","9.5","","-10.4","","23","","","","29","","33","","64.4","","89.24","","","","","","NA"
"-114.01","51.12","CALGARY INTL A","3031092","2026-01-10 14:00","2026","01","10","14:00","","8.8","","-9.1","","27","","","","30","","19","","64.4","","89.24","","","","","","Mostly Cloudy"
"-114.01","51.12","CALGARY INTL A","3031092","2026-01-10 15:00","2026","01","10","15:00","","9.4","","-9.8","","25","","","","27","","8","","64.4","","89.20","","","","","","NA"
"-114.01","51.12","CALGARY INTL A","3031092","2026-01-10 16:00","2026","01","10","16:00","","9.0","","-8.0","","29","","","","30","","13","","64.4","","89.19","","","","","","NA"
"-114.01","51.12","CALGARY INTL A","3031092","2026-01-10 17:00","2026","01","10","17:00","","9.2","","-9.3","","26","","","","29","","7","","64.4","","89.21","","","","","","Mostly Cloudy"
"-114.01","51.12","CALGARY INTL A","3031092","2026-01-10 18:00","2026","01","10","18:00","","10.5","","-8.9","","25","","","","26","","14","","24.1","","89.20","","","","","","NA"
"-114.01","51.12","CALGARY INTL A","3031092","2026-01-10 19:00","2026","01","10","19:00","","5.4","","-5.9","","44","","","","31","","12","","24.1","","89.23","","","","","","NA"
"-114.01","51.12","CALGARY INTL A","3031092","2026-01-10 20:00","2026","01","10","20:00","","5.3","","-6.7","","42","","","","6","","7","","24.1","","89.20","","","","","","Mostly Cloudy"
"-114.01","51.12","CALGARY INTL A","3031092","2026-01-10 21:00","2026","01","10","21:00","","4.9","","-7.2","","41","","","","29","","8","","24.1","","89.23","","","","","","NA"
"-114.01","51.12","CALGARY INTL A","3031092","2026-01-10 22:00","2026","01","10","22:00","","7.1","","-8.6","","32","","","","27","","13","","24.1","","89.20","","","","","","NA"
"-114.01","51.12","CALGARY INTL A","3031092","2026-01-10 23:00","2026","01","10","23:00","","7.2","","-8.8","","31","","","","28","","24","","24.1","","89.20","","","","","","Mainly Clear"
"-114.01","51.12","CALGARY INTL A","3031092","2026-01-11 00:00","2026","01","11","00:00","","7.2","","-8.3","","32","","","","27","","39","","24.1","","89.08","","","","","","NA"
"-114.01","51.12","CALGARY INTL A","3031092","2026-01-11 01:00","2026","01","11","01:00","","6.6","","-7.7","","35","","","","27","","39","","24.1","","89.08","","","","","","NA"
"-114.01","51.12","CALGARY INTL A","3031092","2026-01-11 02:00","2026","01","11","02:00","","6.4","","-7.7","","36","","","","27","","35","","24.1","","89.09","","","","","","Mostly Cloudy"
"-114.01","51.12","CALGARY INTL A","3031092","2026-01-11 03:00","2026","01","11","03:00","","6.5","","-7.4","","36","","","","27","","32","","24.1","","89.07","","","","","","NA"
"-114.01","51.12","CALGARY INTL A","3031092","2026-01-11 04:00","2026","01","11","04:00","","7.0","","-8.2","","33","","","","29","","33","","24.1","","89.13","","","","","","NA"
"-114.01","51.12","CALGARY INTL A","3031092","2026-01-11 05:00","2026","01","11","05:00","","6.8","","-7.5","","35","","","","30","","22","","24.1","","89.19","","","","","","Mostly Cloudy"
"-114.01","51.12","CALGARY INTL A","3031092","2026-01-11 06:00","2026","01","11","06:00","","6.8","","-7.2","","36","","","","29","","17","","24.1","","89.19","","","","","","NA"
"-114.01","51.12","CALGARY INTL A","3031092","2026-01-11 07:00","2026","01","11","07:00","","6.7","","-6.5","","38","","","","27","","14","","24.1","","89.17","","","","","","NA"
"-114.01","51.12","CALGARY INTL A","3031092","2026-01-11 08:00","2026","01","11","08:00","","6.0","","-6.1","","42","","","","24","","13","","24.1","","89.20","","","","","","Mostly Cloudy"
"-114.01","51.12","CALGARY INTL A","3031092","2026-01-11 09:00","2026","01","11","09:00","","5.7","","-7.0","","40","","","","25","","6","","64.4","","89.22","","","","","","NA"
"-114.01","51.12","CALGARY INTL A","3031092","2026-01-11 10:00","2026","01","11","10:00","","4.5","","-5.3","","49","","","","","","0","","64.4","","89.23","","","","","","NA"
"-114.01","51.12","CALGARY INTL A","3031092","2026-01-11 11:00","2026","01","11","11:00","","5.6","","-6.2","","42","","","","","","0","","64.4","","89.24","","","","","","Mostly Cloudy"
"-114.01","51.12","CALGARY INTL A","3031092","2026-01-11 12:00","2026","01","11","12:00","","7.1","","-5.2","","41","","","","25","","9","","64.4","","89.19","","","","","","NA"
"-114.01","51.12","CALGARY INTL A","3031092","2026-01-11 13:00","2026","01","11","13:00","","8.3","","-5.1","","38","","","","24","","8","","64.4","","89.10","","","","","","NA"
"-114.01","51.12","CALGARY INTL A","3031092","2026-01-11 14:00","2026","01","11","14:00","","8.1","","-5.3","","38","","","","27","","22","","64.4","","89.02","","","","","","Mostly Cloudy"
"-114.01","51.12","CALGARY INTL A","3031092","2026-01-11 15:00","2026","01","11","15:00","","7.3","","-4.9","","42","","","","28","","15","","64.4","","89.00","","","","","","NA"
"-114.01","51.12","CALGARY INTL A","3031092","2026-01-11 16:00","2026","01","11","16:00","","6.5","","-4.3","","46","","","","22","","13","","64.4","","88.96","","","","","","NA"
"-114.01","51.12","CALGARY INTL A","3031092","2026-01-11 17:00","2026","01","11","17:00","","7.0","","-5.0","","42","","","","24","","7","","64.4","","89.00","","","","","","Mostly Cloudy"
"-114.01","51.12","CALGARY INTL A","3031092","2026-01-11 18:00","2026","01","11","18:00","","6.6","","-4.7","","44","","","","24","","6","","24.1","","88.93","","","","","","NA"
"-114.01","51.12","CALGARY INTL A","3031092","2026-01-11 19:00","2026","01","11","19:00","","5.7","","-4.3","","48","","","","29","","4","","24.1","","88.89","","","","","","NA"
"-114.01","51.12","CALGARY INTL A","3031092","2026-01-11 20:00","2026","01","11","20:00","","6.7","","-4.4","","45","","","","26","","9","","24.1","","88.83","","","","","","Mostly Cloudy"
"-114.01","51.12","CALGARY INTL A","3031092","2026-01-11 21:00","2026","01","11","21:00","","7.0","","-4.5","","44","","","","34","","9","","24.1","","88.79","","","","","","NA"
"-114.01","51.12","CALGARY INTL A","3031092","2026-01-11 22:00","2026","01","11","22:00","","4.1","","-3.6","","57","","","","17","","7","","24.1","","88.77","","","","","","NA"
"-114.01","51.12","CALGARY INTL A","3031092","2026-01-11 23:00","2026","01","11","23:00","","4.5","","-4.1","","54","","","","22","","9","","24.1","","88.72","","","","","","Mostly Cloudy"
"-114.01","51.12","CALGARY INTL A","3031092","2026-01-12 00:00","2026","01","12","00:00","","3.6","","-3.6","","59","","","","19","","8","","24.1","","88.63","","","","","","NA"
"-114.01","51.12","CALGARY INTL A","3031092","2026-01-12 01:00","2026","01","12","01:00","","3.4","","-3.2","","62","","","","19","","14","","24.1","","88.58","","","","","","NA"
"-114.01","51.12","CALGARY INTL A","3031092","2026-01-12 02:00","2026","01","12","02:00","","4.1","","-4.0","","56","","","","19","","13","","24.1","","88.45","","","","","","Mostly Cloudy"
"-114.01","51.12","CALGARY INTL A","3031092","2026-01-12 03:00","2026","01","12","03:00","","5.3","","-3.9","","51","","","","19","","14","","24.1","","88.44","","","","","","NA"
"-114.01","51.12","CALGARY INTL A","3031092","2026-01-12 04:00","2026","01","12","04:00","","4.7","","-4.1","","53","","","","","","0","","24.1","","88.43","","","","","","NA"
"-114.01","51.12","CALGARY INTL A","3031092","2026-01-12 05:00","2026","01","12","05:00","","9.2","","-3.6","","40","","","","31","","6","","24.1","","88.35","","","","","","Mostly Cloudy"
"-114.01","51.12","CALGARY INTL A","3031092","2026-01-12 06:00","2026","01","12","06:00","","4.1","","-2.8","","61","","","","16","","20","","24.1","","88.33","","","","","","NA"
"-114.01","51.12","CALGARY INTL A","3031092","2026-01-12 07:00","2026","01","12","07:00","","3.6","","-2.6","","64","","","","","","0","","24.1","","88.39","","","","","","NA"
"-114.01","51.12","CALGARY INTL A","3031092","2026-01-12 08:00","2026","01","12","08:00","","9.1","","-1.7","","47","","","","25","","26","","24.1","","88.36","","","","","","Mostly Cloudy"
"-114.01","51.12","CALGARY INTL A","3031092","2026-01-12 09:00","2026","01","12","09:00","","8.3","","-1.2","","51","","","","26","","29","","32.2","","88.43","","","","","","NA"
"-114.01","51.12","CALGARY INTL A","3031092","2026-01-12 10:00","2026","01","12","10:00","","8.1","","-0.8","","53","","","","25","","22","","32.2","","88.52","","","","","","NA"
"-114.01","51.12","CALGARY INTL A","3031092","2026-01-12 11:00","2026","01","12","11:00","","8.2","","-1.0","","52","","","","27","","18","","32.2","","88.66","","","","","","Mostly Cloudy"
"-114.01","51.12","CALGARY INTL A","3031092","2026-01-12 12:00","2026","01","12","12:00","","9.6","","-1.3","","46","","","","26","","21","","32.2","","88.65","","","","","","NA"
"-114.01","51.12","CALGARY INTL A","3031092","2026-01-12 13:00","2026","01","12","13:00","","10.5","","-1.4","","44","","","","25","","22","","48.3","","88.61","","","","","","NA"
"-114.01","51.12","CALGARY INTL A","3031092","2026-01-12 14:00","2026","01","12","14:00","","11.0","","-2.6","","38","","","","27","","21","","48.3","","88.62","","","","","","Mainly Clear"
"-114.01","51.12","CALGARY INTL A","3031092","2026-01-12 15:00","2026","01","12","15:00","","10.8","","-3.4","","37","","","","28","","22","","48.3","","88.67","","","","","","NA"
"-114.01","51.12","CALGARY INTL A","3031092","2026-01-12 16:00","2026","01","12","16:00","","9.2","","-3.0","","42","","","","29","","18","","48.3","","88.73","","","","","","NA"
"-114.01","51.12","CALGARY INTL A","3031092","2026-01-12 17:00","2026","01","12","17:00","","9.1","","-3.6","","40","","","","26","","19","","48.3","","88.71","","","","","","Mostly Cloudy"
"-114.01","51.12","CALGARY INTL A","3031092","2026-01-12 18:00","2026","01","12","18:00","","9.3","","-3.5","","40","","","","26","","43","","24.1","","88.63","","","","","","NA"
"-114.01","51.12","CALGARY INTL A","3031092","2026-01-12 19:00","2026","01","12","19:00","","9.5","","-3.8","","39","","","","28","","17","","24.1","","88.71","","","","","","NA"
"-114.01","51.12","CALGARY INTL A","3031092","2026-01-12 20:00","2026","01","12","20:00","","9.5","","-3.6","","39","","","","27","","25","","24.1","","88.78","","","","","","Mostly Cloudy"
"-114.01","51.12","CALGARY INTL A","3031092","2026-01-12 21:00","2026","01","12","21:00","","9.1","","-3.1","","42","","","","26","","29","","24.1","","88.76","","","","","","NA"
"-114.01","51.12","CALGARY INTL A","3031092","2026-01-12 22:00","2026","01","12","22:00","","9.8","","-3.2","","40","","","","26","","35","","24.1","","88.74","","","","","","NA"
"-114.01","51.12","CALGARY INTL A","3031092","2026-01-12 23:00","2026","01","12","23:00","","8.1","","-2.2","","48","","","","27","","17","","24.1","","88.85","","","","","","Mostly Cloudy"
"-114.01","51.12","CALGARY INTL A","3031092","2026-01-13 00:00","2026","01","13","00:00","","7.8","","-2.2","","49","","","","27","","10","","24.1","","88.88","","","","","","NA"
"-114.01","51.12","CALGARY INTL A","3031092","2026-01-13 01:00","2026","01","13","01:00","","6.2","","-1.8","","56","","","","20","","6","","24.1","","88.90","","","","","","NA"
"-114.01","51.12","CALGARY INTL A","3031092","2026-01-13 02:00","2026","01","13","02:00","","4.8","","-1.5","","64","","","","20","","8","","24.1","","88.93","","","","","","Mostly Cloudy"
"-114.01","51.12","CALGARY INTL A","3031092","2026-01-13 03:00","2026","01","13","03:00","","7.2","","-1.7","","53","","","","27","","21","","24.1","","88.96","","","","","","NA"
"-114.01","51.12","CALGARY INTL A","3031092","2026-01-13 04:00","2026","01","13","04:00","","8.0","","-1.9","","50","","","","28","","28","","24.1","","88.99","","","","","","NA"
"-114.01","51.12","CALGARY INTL A","3031092","2026-01-13 05:00","2026","01","13","05:00","","9.0","","-2.2","","45","","","","27","","30","","24.1","","89.01","","","","","","Mostly Cloudy"
"-114.01","51.12","CALGARY INTL A","3031092","2026-01-13 06:00","2026","01","13","06:00","","8.2","","-2.2","","47","","","","27","","26","","24.1","","89.10","","","","","","NA"
"-114.01","51.12","CALGARY INTL A","3031092","2026-01-13 07:00","2026","01","13","07:00","","8.2","","-2.8","","46","","","","27","","26","","24.1","","89.16","","","","","","NA"
"-114.01","51.12","CALGARY INTL A","3031092","2026-01-13 08:00","2026","01","13","08:00","","8.1","","-3.1","","45","","","","27","","21","","24.1","","89.23","","","","","","Mostly Cloudy"
"-114.01","51.12","CALGARY INTL A","3031092","2026-01-13 09:00","2026","01","13","09:00","","8.2","","-3.0","","45","","","","27","","22","","64.4","","89.30","","","","","","NA"
"-114.01","51.12","CALGARY INTL A","3031092","2026-01-13 10:00","2026","01","13","10:00","","6.5","","-2.5","","53","","","","28","","4","","64.4","","89.44","","","","","","NA"
"-114.01","51.12","CALGARY INTL A","3031092","2026-01-13 11:00","2026","01","13","11:00","","8.6","","-2.0","","47","","","","34","","3","","64.4","","89.50","","","","","","Mostly Cloudy"
"-114.01","51.12","CALGARY INTL A","3031092","2026-01-13 12:00","2026","01","13","12:00","","10.3","","-2.0","","42","","","","28","","18","","64.4","","89.53","","","","","","NA"
"-114.01","51.12","CALGARY INTL A","3031092","2026-01-13 13:00","2026","01","13","13:00","","11.6","","-1.4","","40","","","","27","","13","","64.4","","89.50","","","","","","NA"
"-114.01","51.12","CALGARY INTL A","3031092","2026-01-13 14:00","2026","01","13","14:00","","12.2","","-1.5","","39","","","","28","","18","","64.4","","89.54","","","","","","Mainly Clear"
"-114.01","51.12","CALGARY INTL A","3031092","2026-01-13 15:00","2026","01","13","15:00","","12.3","","-1.1","","39","","","","28","","14","","64.4","","89.59","","","","","","NA"
"-114.01","51.12","CALGARY INTL A","3031092","2026-01-13 16:00","2026","01","13","16:00","","10.4","","-0.8","","46","","","","4","","3","","64.4","","89.62","","","","","","NA"
"-114.01","51.12","CALGARY INTL A","3031092","2026-01-13 17:00","2026","01","13","17:00","","9.8","","-0.9","","47","","","","33","","6","","64.4","","89.67","","","","","","Cloudy"
"-114.01","51.12","CALGARY INTL A","3031092","2026-01-13 18:00","2026","01","13","18:00","","5.3","","-0.5","","66","","","","17","","9","","24.1","","89.73","","","","","","NA"
"-114.01","51.12","CALGARY INTL A","3031092","2026-01-13 19:00","2026","01","13","19:00","","5.0","","-0.2","","69","","","","16","","7","","24.1","","89.78","","","","","","NA"
"-114.01","51.12","CALGARY INTL A","3031092","2026-01-13 20:00","2026","01","13","20:00","","4.0","","-0.6","","72","","","","15","","7","","24.1","","89.77","","","","","","Mostly Cloudy"
"-114.01","51.12","CALGARY INTL A","3031092","2026-01-13 21:00","2026","01","13","21:00","","2.4","","-0.5","","81","","","","15","","4","","24.1","","89.75","","","","","","NA"
"-114.01","51.12","CALGARY INTL A","3031092","2026-01-13 22:00","2026","01","13","22:00","","2.7","","-0.2","","81","","","","20","","10","","24.1","","89.71","","","","","","NA"
"-114.01","51.12","CALGARY INTL A","3031092","2026-01-13 23:00","2026","01","13","23:00","","2.7","","-0.4","","80","","","","19","","8","","24.1","","89.67","","","","","","Mostly Cloudy"
"-114.01","51.12","CALGARY INTL A","3031092","2026-01-14 00:00","2026","01","14","00:00","","4.3","","-0.3","","72","","","","21","","9","","24.1","","89.65","","","","","","NA"
"-114.01","51.12","CALGARY INTL A","3031092","2026-01-14 01:00","2026","01","14","01:00","","3.6","","-0.8","","73","","","","21","","14","","24.1","","89.60","","","","","","NA"
"-114.01","51.12","CALGARY INTL A","3031092","2026-01-14 02:00","2026","01","14","02:00","","7.7","","-1.0","","54","","","","24","","10","","24.1","","89.56","","","","","","Mainly Clear"
"-114.01","51.12","CALGARY INTL A","3031092","2026-01-14 03:00","2026","01","14","03:00","","7.0","","-1.5","","55","","","","16","","9","","24.1","","89.53","","","","","","NA"
"-114.01","51.12","CALGARY INTL A","3031092","2026-01-14 04:00","2026","01","14","04:00","","11.6","","-4.3","","32","","","","28","","31","","24.1","","89.48","","","","","","NA"
"-114.01","51.12","CALGARY INTL A","3031092","2026-01-14 05:00","2026","01","14","05:00","","11.6","","-5.7","","29","","","","27","","21","","24.1","","89.45","","","","","","Mainly Clear"
"-114.01","51.12","CALGARY INTL A","3031092","2026-01-14 06:00","2026","01","14","06:00","","12.4","","-7.5","","24","","","","27","","23","","24.1","","89.39","","","","","","NA"
"-114.01","51.12","CALGARY INTL A","3031092","2026-01-14 07:00","2026","01","14","07:00","","13.0","","-8.9","","21","","","","27","","34","","24.1","","89.35","","","","","","NA"
"-114.01","51.12","CALGARY INTL A","3031092","2026-01-14 08:00","2026","01","14","08:00","","12.6","","-9.1","","21","","","","27","","24","","48.3","","89.37","","","","","","Clear"
"-114.01","51.12","CALGARY INTL A","3031092","2026-01-14 09:00","2026","01","14","09:00","","12.0","","-9.3","","22","","","","29","","18","","64.4","","89.33","","","","","","NA"
"-114.01","51.12","CALGARY INTL A","3031092","2026-01-14 10:00","2026","01","14","10:00","","13.8","","-10.1","","18","","","","26","","28","","64.4","","89.28","","","","","","NA"
"-114.01","51.12","CALGARY INTL A","3031092","2026-01-14 11:00","2026","01","14","11:00","","15.7","","-10.3","","16","","","","27","","28","","64.4","","89.25","","","","","","Clear"
"-114.01","51.12","CALGARY INTL A","3031092","2026-01-14 12:00","2026","01","14","12:00","","17.0","","-10.7","","14","","","","27","","22","","64.4","","89.23","","","","","","NA"
"-114.01","51.12","CALGARY INTL A","3031092","2026-01-14 13:00","2026","01","14","13:00","","17.0","","-11.0","","14","","","","28","","19","","64.4","","89.16","","","","","","NA"
"-114.01","51.12","CALGARY INTL A","3031092","2026-01-14 14:00","2026","01","14","14:00","","17.2","","-12.3","","12","","","","28","","21","","64.4","","89.07","","","","","","Mostly Cloudy"
"-114.01","51.12","CALGARY INTL A","3031092","2026-01-14 15:00","2026","01","14","15:00","","16.5","","-8.1","","18","","","","25","","27","","64.4","","88.95","","","","","","NA"
"-114.01","51.12","CALGARY INTL A","3031092","2026-01-14 16:00","2026","01","14","16:00","","15.9","","-6.8","","20","","","","28","","30","","48.3","","89.01","","","","","","NA"
"-114.01","51.12","CALGARY INTL A","3031092","2026-01-14 17:00","2026","01","14","17:00","","13.5","","-6.4","","24","","","","31","","29","","48.3","","88.99","","","","","","Mostly Cloudy"
"-114.01","51.12","CALGARY INTL A","3031092","2026-01-14 18:00","2026","01","14","18:00","","13.0","","-6.3","","26","","","","31","","31","","24.1","","88.97","","","","","","NA"
"-114.01","51.12","CALGARY INTL A","3031092","2026-01-14 19:00","2026","01","14","19:00","","12.8","","-7.0","","25","","","","28","","27","","24.1","","89.01","","","","","","NA"
"-114.01","51.12","CALGARY INTL A","3031092","2026-01-14 20:00","2026","01","14","20:00","","7.6","","-6.9","","35","","","","33","","12","","24.1","","89.10","","","","","","Clear"
"-114.01","51.12","CALGARY INTL A","3031092","2026-01-14 21:00","2026","01","14","21:00","","8.3","","-7.2","","33","","","","26","","5","","24.1","","89.14","","","","","","NA"
"-114.01","51.12","CALGARY INTL A","3031092","2026-01-14 22:00","2026","01","14","22:00","","7.1","","-6.9","","36","","","","36","","14","","24.1","","89.16","","","","","","NA"
"-114.01","51.12","CALGARY INTL A","3031092","2026-01-14 23:00","2026","01","14","23:00","","8.2","","-8.0","","31","","","","","","0","","24.1","","89.11","","","","","","Mainly Clear"
"-114.01","51.12","CALGARY INTL A","3031092","2026-01-15 00:00","2026","01","15","00:00","","9.8","","-8.5","","27","","","","28","","32","","24.1","","89.10","","","","","","NA"
"-114.01","51.12","CALGARY INTL A","3031092","2026-01-15 01:00","2026","01","15","01:00","","3.9","","-6.9","","45","","","","3","","24","","24.1","","89.26","","","","","","NA"
"-114.01","51.12","CALGARY INTL A","3031092","2026-01-15 02:00","2026","01","15","02:00","","0.7","","-5.6","","63","","","","36","","15","","24.1","","89.28","","","","","","Clear"
"-114.01","51.12","CALGARY INTL A","3031092","2026-01-15 03:00","2026","01","15","03:00","","1.5","","-5.7","","59","","","","30","","5","","24.1","","89.18","","","","","","NA"
"-114.01","51.12","CALGARY INTL A","3031092","2026-01-15 04:00","2026","01","15","04:00","","-2.5","","-5.8","","78","","","","6","","8","","24.1","","89.14","","","","-6","","NA"
"-114.01","51.12","CALGARY INTL A","3031092","2026-01-15 05:00","2026","01","15","05:00","","-1.4","","-6.0","","71","","","","34","","10","","24.1","","89.26","","","","-5","","Clear"
"-114.01","51.12","CALGARY INTL A","3031092","2026-01-15 06:00","2026","01","15","06:00","","-0.6","","-6.0","","67","","","","35","","13","","24.1","","89.39","","","","-5","","NA"
"-114.01","51.12","CALGARY INTL A","3031092","2026-01-15 07:00","2026","01","15","07:00","","1.4","","-7.6","","51","","","","34","","26","","24.1","","89.47","","","","","","NA"
"-114.01","51.12","CALGARY INTL A","3031092","2026-01-15 08:00","2026","01","15","08:00","","0.0","","-7.8","","56","","","","36","","18","","48.3","","89.56","","","","-5","","Mainly Clear"
"-114.01","51.12","CALGARY INTL A","3031092","2026-01-15 09:00","2026","01","15","09:00","","0.9","","-8.7","","49","","","","34","","29","","64.4","","89.61","","","","","","NA"
"-114.01","51.12","CALGARY INTL A","3031092","2026-01-15 10:00","2026","01","15","10:00","","1.8","","-9.9","","42","","","","34","","34","","64.4","","89.70","","","","","","NA"
"-114.01","51.12","CALGARY INTL A","3031092","2026-01-15 11:00","2026","01","15","11:00","","2.7","","-12.1","","33","","","","34","","48","","64.4","","89.76","","","","","","Mostly Cloudy"
"-114.01","51.12","CALGARY INTL A","3031092","2026-01-15 12:00","2026","01","15","12:00","","3.3","","-12.5","","31","","","","34","","46","","64.4","","89.82","","","","","","NA"
"-114.01","51.12","CALGARY INTL A","3031092","2026-01-15 13:00","2026","01","15","13:00","","3.8","","-14.0","","26","","","","35","","62","","64.4","","89.82","","","","","","NA"
"-114.01","51.12","CALGARY INTL A","3031092","2026-01-15 14:00","2026","01","15","14:00","","3.8","","-13.9","","26","","","","34","","62","","64.4","","89.89","","","","","","Mainly Clear"
"-114.01","51.12","CALGARY INTL A","3031092","2026-01-15 15:00","2026","01","15","15:00","","3.3","","-12.2","","31","","","","35","","40","","64.4","","89.94","","","","","","NA"
"-114.01","51.12","CALGARY INTL A","3031092","2026-01-15 16:00","2026","01","15","16:00","","2.5","","-12.6","","32","","","","34","","34","","48.3","","90.03","","","","","","NA"
"-114.01","51.12","CALGARY INTL A","3031092","2026-01-15 17:00","2026","01","15","17:00","","1.1","","-12.2","","37","","","","35","","35","","32.2","","90.10","","","","","","Mainly Clear"
"-114.01","51.12","CALGARY INTL A","3031092","2026-01-15 18:00","2026","01","15","18:00","","0.5","","-12.8","","37","","","","33","","27","","24.1","","90.16","","","","","","NA"
"-114.01","51.12","CALGARY INTL A","3031092","2026-01-15 19:00","2026","01","15","19:00","","0.7","","-13.4","","34","","","","34","","35","","24.1","","90.24","","","","","","NA"
"-114.01","51.12","CALGARY INTL A","3031092","2026-01-15 20:00","2026","01","15","20:00","","0.0","","-13.4","","36","","","","34","","31","","24.1","","90.24","","","","-7","","Clear"
"-114.01","51.12","CALGARY INTL A","3031092","2026-01-15 21:00","2026","01","15","21:00","","-1.0","","-15.0","","34","","","","34","","25","","24.1","","90.28","","","","-7","","NA"
"-114.01","51.12","CALGARY INTL A","3031092","2026-01-15 22:00","2026","01","15","22:00","","-1.7","","-15.4","","35","","","","33","","17","","24.1","","90.31","","","","-7","","NA"
"-114.01","51.12","CALGARY INTL A","3031092","2026-01-15 23:00","2026","01","15","23:00","","-2.3","","-14.6","","39","","","","31","","17","","24.1","","90.38","","","","-8","","Clear"
"-114.01","51.12","CALGARY INTL A","3031092","2026-01-16 00:00","2026","01","16","00:00","","-2.4","","-14.5","","39","","","","32","","18","","24.1","","90.41","","","","-8","","NA"
"-114.01","51.12","CALGARY INTL A","3031092","2026-01-16 01:00","2026","01","16","01:00","","-2.7","","-13.8","","43","","","","32","","19","","24.1","","90.42","","","","-8","","NA"
"-114.01","51.12","CALGARY INTL A","3031092","2026-01-16 02:00","2026","01","16","02:00","","-3.5","","-13.2","","47","","","","32","","16","","24.1","","90.44","","","","-9","","Clear"
"-114.01","51.12","CALGARY INTL A","3031092","2026-01-16 03:00","2026","01","16","03:00","","-4.0","","-12.5","","52","","","","34","","13","","24.1","","90.49","","","","-9","","NA"
"-114.01","51.12","CALGARY INTL A","3031092","2026-01-16 04:00","2026","01","16","04:00","","-5.0","","-12.5","","56","","","","34","","12","","24.1","","90.51","","","","-10","","NA"
"-114.01","51.12","CALGARY INTL A","3031092","2026-01-16 05:00","2026","01","16","05:00","","-5.7","","-12.8","","57","","","","34","","5","","24.1","","90.54","","","","-8","","Clear"
"-114.01","51.12","CALGARY INTL A","3031092","2026-01-16 06:00","2026","01","16","06:00","","-5.1","","-12.9","","55","","","","34","","9","","24.1","","90.59","","","","-9","","NA"
"-114.01","51.12","CALGARY INTL A","3031092","2026-01-16 07:00","2026","01","16","07:00","","-5.9","","-12.8","","59","","","","30","","8","","24.1","","90.57","","","","-10","","NA"
"-114.01","51.12","CALGARY INTL A","3031092","2026-01-16 08:00","2026","01","16","08:00","","-4.7","","-12.2","","56","","","","25","","4","","32.2","","90.53","","","","-6","","Mostly Cloudy"
"-114.01","51.12","CALGARY INTL A","3031092","2026-01-16 09:00","2026","01","16","09:00","","-7.1","","-12.5","","65","","","","19","","9","","64.4","","90.48","","","","-11","","NA"
"-114.01","51.12","CALGARY INTL A","3031092","2026-01-16 10:00","2026","01","16","10:00","","-4.3","","-12.0","","55","","","","","","0","","64.4","","90.47","","","","","","NA"
"-114.01","51.12","CALGARY INTL A","3031092","2026-01-16 11:00","2026","01","16","11:00","","-2.1","","-11.3","","49","","","","21","","6","","64.4","","90.45","","","","-4","","Mainly Clear"
"-114.01","51.12","CALGARY INTL A","3031092","2026-01-16 12:00","2026","01","16","12:00","","0.4","","-12.5","","38","","","","33","","21","","64.4","","90.42","","","","","","NA"
"-114.01","51.12","CALGARY INTL A","3031092","2026-01-16 13:00","2026","01","16","13:00","","0.9","","-11.7","","38","","","","34","","32","","64.4","","90.37","","","","","","NA"
"-114.01","51.12","CALGARY INTL A","3031092","2026-01-16 14:00","2026","01","16","14:00","","1.2","","-11.7","","38","","","","34","","22","","64.4","","90.34","","","","","","Mainly Clear"
"-114.01","51.12","CALGARY INTL A","3031092","2026-01-16 15:00","2026","01","16","15:00","","0.9","","-11.5","","39","","","","1","","20","","64.4","","90.33","","","","","","NA"
"-114.01","51.12","CALGARY INTL A","3031092","2026-01-16 16:00","2026","01","16","16:00","","-0.1","","-11.4","","43","","","","1","","22","","48.3","","90.37","","","","-6","","NA"
"-114.01","51.12","CALGARY INTL A","3031092","2026-01-16 17:00","2026","01","16","17:00","","-3.0","","-11.0","","54","","","","6","","11","","32.2","","90.40","","","","-7","","Mainly Clear"
"-114.01","51.12","CALGARY INTL A","3031092","2026-01-16 18:00","2026","01","16","18:00","","-4.7","","-11.1","","61","","","","7","","4","","24.1","","90.38","","","","-6","","NA"
"-114.01","51.12","CALGARY INTL A","3031092","2026-01-16 19:00","2026","01","16","19:00","","-3.9","","-10.9","","59","","","","22","","6","","24.1","","90.34","","","","-7","","NA"
"-114.01","51.12","CALGARY INTL A","3031092","2026-01-16 20:00","2026","01","16","20:00","","-4.0","","-10.8","","59","","","","18","","4","","24.1","","90.31","","","","-6","","Clear"
"-114.01","51.12","CALGARY INTL A","3031092","2026-01-16 21:00","2026","01","16","21:00","","-4.9","","-10.7","","64","","","","20","","7","","24.1","","90.25","","","","-8","","NA"
"-114.01","51.12","CALGARY INTL A","3031092","2026-01-16 22:00","2026","01","16","22:00","","-6.1","","-10.7","","70","","","","19","","12","","24.1","","90.17","","","","-11","","NA"
"-114.01","51.12","CALGARY INTL A","3031092","2026-01-16 23:00","2026","01","16","23:00","","-6.3","","-10.7","","71","","","","18","","14","","24.1","","90.08","","","","-12","","Clear"
"-114.01","51.12","CALGARY INTL A","3031092","2026-01-17 00:00","2026","01","17","00:00","","-6.9","","-11.0","","73","","","","18","","14","","24.1","","90.02","","","","-13","","NA"
"-114.01","51.12","CALGARY INTL A","3031092","2026-01-17 01:00","2026","01","17","01:00","","-5.7","","-10.8","","67","","","","19","","20","","24.1","","89.88","","","","-12","","NA"
"-114.01","51.12","CALGARY INTL A","3031092","2026-01-17 02:00","2026","01","17","02:00","","-6.1","","-11.0","","68","","","","21","","10","","24.1","","89.83","","","","-11","","Mainly Clear"
"-114.01","51.12","CALGARY INTL A","3031092","2026-01-17 03:00","2026","01","17","03:00","","-6.7","","-11.6","","69","","","","20","","11","","24.1","","89.72","","","","-12","","NA"
"-114.01","51.12","CALGARY INTL A","3031092","2026-01-17 04:00","2026","01","17","04:00","","-5.5","","-11.4","","64","","","","22","","13","","24.1","","89.59","","","","-11","","NA"
"-114.01","51.12","CALGARY INTL A","3031092","2026-01-17 05:00","2026","01","17","05:00","","-4.7","","-11.1","","61","","","","22","","13","","24.1","","89.48","","","","-10","","Clear"
"-114.01","51.12","CALGARY INTL A","3031092","2026-01-17 06:00","2026","01","17","06:00","","-4.0","","-10.7","","60","","","","22","","8","","24.1","","89.39","","","","-7","","NA"
"-114.01","51.12","CALGARY INTL A","3031092","2026-01-17 07:00","2026","01","17","07:00","","-3.9","","-10.5","","60","","","","20","","8","","24.1","","89.33","","","","-7","","NA"
"-114.01","51.12","CALGARY INTL A","3031092","2026-01-17 08:00","2026","01","17","08:00","","0.6","","-9.8","","46","","","","18","","12","","64.4","","89.23","","","","","","Clear"
"-114.01","51.12","CALGARY INTL A","3031092","2026-01-17 09:00","2026","01","17","09:00","","0.6","","-9.2","","48","","","","15","","7","","64.4","","89.15","","","","","","NA"
"-114.01","51.12","CALGARY INTL A","3031092","2026-01-17 10:00","2026","01","17","10:00","","3.0","","-8.3","","43","","","","17","","8","","64.4","","89.11","","","","","","NA"
"-114.01","51.12","CALGARY INTL A","3031092","2026-01-17 11:00","2026","01","17","11:00","","10.8","","-9.6","","23","","","","30","","22","","64.4","","89.07","","","","","","Mainly Clear"
"-114.01","51.12","CALGARY INTL A","3031092","2026-01-17 12:00","2026","01","17","12:00","","13.4","","-10.4","","18","","","","32","","28","","64.4","","89.09","","","","","","NA"
"-114.01","51.12","CALGARY INTL A","3031092","2026-01-17 13:00","2026","01","17","13:00","","11.5","","-9.2","","22","","","","36","","36","","64.4","","89.20","","","","","","NA"
"-114.01","51.12","CALGARY INTL A","3031092","2026-01-17 14:00","2026","01","17","14:00","","10.2","","-7.2","","29","","","","34","","33","","64.4","","89.30","","","","","","Mainly Clear"
"-114.01","51.12","CALGARY INTL A","3031092","2026-01-17 15:00","2026","01","17","15:00","","9.5","","-5.4","","34","","","","35","","46","","64.4","","89.34","","","","","","NA"
"-114.01","51.12","CALGARY INTL A","3031092","2026-01-17 16:00","2026","01","17","16:00","","8.7","","-5.3","","37","","","","35","","28","","48.3","","89.38","","","","","","NA"
"-114.01","51.12","CALGARY INTL A","3031092","2026-01-17 17:00","2026","01","17","17:00","","7.5","","-4.7","","42","","","","35","","27","","48.3","","89.43","","","","","","Mostly Cloudy"
"-114.01","51.12","CALGARY INTL A","3031092","2026-01-17 18:00","2026","01","17","18:00","","5.1","","-4.6","","49","","","","35","","18","","24.1","","89.46","","","","","","NA"
"-114.01","51.12","CALGARY INTL A","3031092","2026-01-17 19:00","2026","01","17","19:00","","4.2","","-4.7","","52","","","","34","","18","","24.1","","89.49","","","","","","NA"
"-114.01","51.12","CALGARY INTL A","3031092","2026-01-17 20:00","2026","01","17","20:00","","4.0","","-5.0","","52","","","","33","","18","","24.1","","89.53","","","","","","Clear"
"-114.01","51.12","CALGARY INTL A","3031092","2026-01-17 21:00","2026","01","17","21:00","","4.2","","-5.3","","50","","","","33","","26","","24.1","","89.57","","","","","","NA"
"-114.01","51.12","CALGARY INTL A","3031092","2026-01-17 22:00","2026","01","17","22:00","","3.5","","-5.8","","51","","","","35","","26","","24.1","","89.65","","","","","","NA"
"-114.01","51.12","CALGARY INTL A","3031092","2026-01-17 23:00","2026","01","17","23:00","","1.9","","-6.0","","56","","","","34","","17","","24.1","","89.75","","","","","","Clear"
"-114.01","51.12","CALGARY INTL A","3031092","2026-01-18 00:00","2026","01","18","00:00","","1.2","","-5.8","","59","","","","36","","20","","24.1","","89.84","","","","","","NA"
"-114.01","51.12","CALGARY INTL A","3031092","2026-01-18 01:00","2026","01","18","01:00","","1.1","","-5.5","","61","","","","34","","12","","24.1","","89.91","","","","","","NA"
"-114.01","51.12","CALGARY INTL A","3031092","2026-01-18 02:00","2026","01","18","02:00","","2.0","","-4.4","","63","","","","36","","25","","24.1","","89.96","","","","","","Mostly Cloudy"
"-114.01","51.12","CALGARY INTL A","3031092","2026-01-18 03:00","2026","01","18","03:00","","1.7","","-4.5","","63","","","","35","","22","","16.1","","90.01","","","","","","NA"
"-114.01","51.12","CALGARY INTL A","3031092","2026-01-18 04:00","2026","01","18","04:00","","1.0","","-4.4","","67","","","","36","","30","","16.1","","90.09","","","","","","NA"
"-114.01","51.12","CALGARY INTL A","3031092","2026-01-18 05:00","2026","01","18","05:00","","-0.7","","-2.9","","85","","","","36","","16","","16.1","","90.12","","","","-5","","Cloudy"
"-114.01","51.12","CALGARY INTL A","3031092","2026-01-18 06:00","2026","01","18","06:00","","-0.9","","-3.2","","85","","","","36","","10","","16.1","","90.15","","","","-4","","NA"
"-114.01","51.12","CALGARY INTL A","3031092","2026-01-18 07:00","2026","01","18","07:00","","-1.7","","-4.8","","79","","","","36","","12","","16.1","","90.20","","","","-6","","Snow"
"-114.01","51.12","CALGARY INTL A","3031092","2026-01-18 08:00","2026","01","18","08:00","","-2.4","","-7.0","","71","","","","4","","20","","24.1","","90.24","","","","-8","","Mostly Cloudy"
"-114.01","51.12","CALGARY INTL A","3031092","2026-01-18 09:00","2026","01","18","09:00","","-2.6","","-8.5","","64","","","","2","","27","","24.1","","90.27","","","","-10","","NA"
"-114.01","51.12","CALGARY INTL A","3031092","2026-01-18 10:00","2026","01","18","10:00","","-3.5","","-9.6","","63","","","","4","","22","","24.1","","90.37","","","","-10","","NA"
"-114.01","51.12","CALGARY INTL A","3031092","2026-01-18 11:00","2026","01","18","11:00","","-4.3","","-9.8","","66","","","","8","","17","","24.1","","90.42","","","","-10","","Mostly Cloudy"
"-114.01","51.12","CALGARY INTL A","3031092","2026-01-18 12:00","2026","01","18","12:00","","-3.6","","-9.6","","63","","","","7","","9","","24.1","","90.37","","","","-7","","NA"
"-114.01","51.12","CALGARY INTL A","3031092","2026-01-18 13:00","2026","01","18","13:00","","-2.8","","-9.7","","60","","","","11","","9","","24.1","","90.29","","","","-6","","NA"
"-114.01","51.12","CALGARY INTL A","3031092","2026-01-18 14:00","2026","01","18","14:00","","-3.0","","-9.8","","59","","","","9","","9","","32.2","","90.25","","","","-7","","Mostly Cloudy"
"-114.01","51.12","CALGARY INTL A","3031092","2026-01-18 15:00","2026","01","18","15:00","","-3.4","","-9.6","","62","","","","16","","11","","32.2","","90.20","","","","-8","","NA"
"-114.01","51.12","CALGARY INTL A","3031092","2026-01-18 16:00","2026","01","18","16:00","","-3.4","","-9.5","","63","","","","15","","13","","32.2","","90.18","","","","-8","","NA"
"-114.01","51.12","CALGARY INTL A","3031092","2026-01-18 17:00","2026","01","18","17:00","","-4.7","","-9.7","","68","","","","13","","16","","32.2","","90.18","","","","-10","","Mainly Clear"
"-114.01","51.12","CALGARY INTL A","3031092","2026-01-18 18:00","2026","01","18","18:00","","-5.4","","-9.8","","72","","","","12","","9","","32.2","","90.22","","","","-9","","NA"
"-114.01","51.12","CALGARY INTL A","3031092","2026-01-18 19:00","2026","01","18","19:00","","-5.5","","-9.9","","71","","","","22","","8","","24.1","","90.21","","","","-9","","NA"
"-114.01","51.12","CALGARY INTL A","3031092","2026-01-18 20:00","2026","01","18","20:00","","-5.6","","-9.9","","72","","","","23","","9","","24.1","","90.20","","","","-10","","Mainly Clear"
"-114.01","51.12","CALGARY INTL A","3031092","2026-01-18 21:00","2026","01","18","21:00","","-5.9","","-9.9","","73","","","","23","","10","","24.1","","90.18","","","","-10","","NA"
"-114.01","51.12","CALGARY INTL A","3031092","2026-01-18 22:00","2026","01","18","22:00","","-6.2","","-10.1","","74","","","","24","","9","","24.1","","90.13","","","","-10","","NA"
"-114.01","51.12","CALGARY INTL A","3031092","2026-01-18 23:00","2026","01","18","23:00","","-6.2","","-10.0","","75","","","","23","","14","","24.1","","90.07","","","","-12","","Clear"
"-114.01","51.12","CALGARY INTL A","3031092","2026-01-19 00:00","2026","01","19","00:00","","-6.5","","-10.2","","75","","","","24","","13","","24.1","","89.99","","","","-12","","NA"
"-114.01","51.12","CALGARY INTL A","3031092","2026-01-19 01:00","2026","01","19","01:00","","-7.5","","-10.6","","79","","","","15","","8","","24.1","","89.91","","","","-12","","NA"
"-114.01","51.12","CALGARY INTL A","3031092","2026-01-19 02:00","2026","01","19","02:00","","-5.1","","-9.8","","70","","","","23","","8","","24.1","","89.80","","","","-9","","Clear"
"-114.01","51.12","CALGARY INTL A","3031092","2026-01-19 03:00","2026","01","19","03:00","","-6.6","","-10.6","","74","","","","23","","12","","24.1","","89.76","","","","-12","","NA"
"-114.01","51.12","CALGARY INTL A","3031092","2026-01-19 04:00","2026","01","19","04:00","","-7.1","","-11.1","","73","","","","24","","3","","24.1","","89.68","","","","-9","","NA"
"-114.01","51.12","CALGARY INTL A","3031092","2026-01-19 05:00","2026","01","19","05:00","","-3.2","","-11.4","","53","","","","26","","7","","24.1","","89.64","","","","-6","","Clear"
"-114.01","51.12","CALGARY INTL A","3031092","2026-01-19 06:00","2026","01","19","06:00","","-6.5","","-11.2","","69","","","","25","","7","","24.1","","89.61","","","","-10","","NA"
"-114.01","51.12","CALGARY INTL A","3031092","2026-01-19 07:00","2026","01","19","07:00","","-6.9","","-12.2","","66","","","","23","","5","","24.1","","89.58","","","","-9","","NA"
"-114.01","51.12","CALGARY INTL A","3031092","2026-01-19 08:00","2026","01","19","08:00","","-5.4","","-11.6","","62","","","","30","","7","","64.4","","89.56","","","","-9","","Mainly Clear"
"-114.01","51.12","CALGARY INTL A","3031092","2026-01-19 09:00","2026","01","19","09:00","","-5.6","","-11.5","","63","","","","","","0","","64.4","","89.55","","","","","","NA"
"-114.01","51.12","CALGARY INTL A","3031092","2026-01-19 10:00","2026","01","19","10:00","","-4.6","","-10.5","","64","","","","","","0","","64.4","","89.59","","","","","","NA"
"-114.01","51.12","CALGARY INTL A","3031092","2026-01-19 11:00","2026","01","19","11:00","","-0.2","","-10.0","","48","","","","27","","4","","64.4","","89.55","","","","-1","","Mostly Cloudy"
"-114.01","51.12","CALGARY INTL A","3031092","2026-01-19 12:00","2026","01","19","12:00","","2.8","","-11.4","","35","","","","32","","22","","64.4","","89.49","","","","","","NA"
"-114.01","51.12","CALGARY INTL A","3031092","2026-01-19 13:00","2026","01","19","13:00","","3.8","","-11.9","","31","","","","33","","12","","64.4","","89.40","","","","","","NA"
"-114.01","51.12","CALGARY INTL A","3031092","2026-01-19 14:00","2026","01","19","14:00","","3.9","","-10.4","","34","","","","18","","9","","64.4","","89.32","","","","","","Mainly Clear"
"-114.01","51.12","CALGARY INTL A","3031092","2026-01-19 15:00","2026","01","19","15:00","","5.2","","-11.6","","29","","","","27","","6","","64.4","","89.24","","","","","","NA"
"-114.01","51.12","CALGARY INTL A","3031092","2026-01-19 16:00","2026","01","19","16:00","","4.9","","-9.6","","34","","","","36","","14","","64.4","","89.20","","","","","","NA"
"-114.01","51.12","CALGARY INTL A","3031092","2026-01-19 17:00","2026","01","19","17:00","","1.2","","-9.0","","47","","","","3","","13","","64.4","","89.17","","","","","","Mostly Cloudy"
"-114.01","51.12","CALGARY INTL A","3031092","2026-01-19 18:00","2026","01","19","18:00","","2.5","","-9.3","","42","","","","25","","6","","64.4","","89.15","","","","","","NA"
"-114.01","51.12","CALGARY INTL A","3031092","2026-01-19 19:00","2026","01","19","19:00","","1.0","","-9.6","","45","","","","34","","5","","24.1","","89.14","","","","","","NA"
"-114.01","51.12","CALGARY INTL A","3031092","2026-01-19 20:00","2026","01","19","20:00","","-0.3","","-10.0","","48","","","","34","","8","","24.1","","89.15","","","","-3","","Mostly Cloudy"
"-114.01","51.12","CALGARY INTL A","3031092","2026-01-19 21:00","2026","01","19","21:00","","-1.8","","-9.7","","55","","","","35","","5","","24.1","","89.16","","","","-4","","NA"
"-114.01","51.12","CALGARY INTL A","3031092","2026-01-19 22:00","2026","01","19","22:00","","-1.3","","-9.5","","54","","","","34","","10","","24.1","","89.14","","","","-5","","NA"
"-114.01","51.12","CALGARY INTL A","3031092","2026-01-19 23:00","2026","01","19","23:00","","-0.6","","-8.9","","54","","","","35","","7","","24.1","","89.17","","","","-3","","Mostly Cloudy"
"-114.01","51.12","CALGARY INTL A","3031092","2026-01-20 00:00","2026","01","20","00:00","","-1.4","","-8.6","","58","","","","33","","8","","24.1","","89.21","","","","-4","","NA"
"-114.01","51.12","CALGARY INTL A","3031092","2026-01-20 01:00","2026","01","20","01:00","","0.2","","-4.2","","72","","","","35","","34","","12.9","","89.26","","","","","","NA"
"-114.01","51.12","CALGARY INTL A","3031092","2026-01-20 02:00","2026","01","20","02:00","","-0.4","","-3.0","","83","","","","34","","36","","12.9","","89.31","","","","-8","","Cloudy"
"-114.01","51.12","CALGARY INTL A","3031092","2026-01-20 03:00","2026","01","20","03:00","","-1.8","","-4.5","","82","","","","35","","45","","11.3","","89.45","","","","-10","","NA"
"-114.01","51.12","CALGARY INTL A","3031092","2026-01-20 04:00","2026","01","20","04:00","","-2.5","","-5.9","","77","","","","35","","44","","16.1","","89.55","","","","-11","","NA"
"-114.01","51.12","CALGARY INTL A","3031092","2026-01-20 05:00","2026","01","20","05:00","","-3.4","","-6.8","","77","","","","33","","25","","24.1","","89.50","","","","-10","","Clear"
"-114.01","51.12","CALGARY INTL A","3031092","2026-01-20 06:00","2026","01","20","06:00","","-2.9","","-6.9","","74","","","","35","","28","","24.1","","89.55","","","","-10","","NA"
"-114.01","51.12","CALGARY INTL A","3031092","2026-01-20 07:00","2026","01","20","07:00","","-3.4","","-7.5","","73","","","","35","","27","","24.1","","89.59","","","","-11","","NA"
"-114.01","51.12","CALGARY INTL A","3031092","2026-01-20 08:00","2026","01","20","08:00","","-3.5","","-8.2","","70","","","","35","","18","","64.4","","89.59","","","","-9","","Mainly Clear"
"-114.01","51.12","CALGARY INTL A","3031092","2026-01-20 09:00","2026","01","20","09:00","","-3.8","","-8.3","","71","","","","34","","14","","64.4","","89.65","","","","-9","","NA"
"-114.01","51.12","CALGARY INTL A","3031092","2026-01-20 10:00","2026","01","20","10:00","","-2.8","","-7.3","","71","","","","35","","11","","64.4","","89.70","","","","-7","","NA"
"-114.01","51.12","CALGARY INTL A","3031092","2026-01-20 11:00","2026","01","20","11:00","","-1.7","","-7.1","","67","","","","35","","15","","64.4","","89.75","","","","-7","","Clear"
"-114.01","51.12","CALGARY INTL A","3031092","2026-01-20 12:00","2026","01","20","12:00","","-0.4","","-7.7","","58","","","","34","","22","","64.4","","89.67","","","","-6","","NA"
"-114.01","51.12","CALGARY INTL A","3031092","2026-01-20 13:00","2026","01","20","13:00","","1.3","","-8.8","","47","","","","35","","29","","64.4","","89.55","","","","","","NA"
"-114.01","51.12","CALGARY INTL A","3031092","2026-01-20 14:00","2026","01","20","14:00","","1.1","","-9.3","","46","","","","36","","25","","64.4","","89.51","","","","","","Clear"
"-114.01","51.12","CALGARY INTL A","3031092","2026-01-20 15:00","2026","01","20","15:00","","1.5","","-9.5","","44","","","","31","","8","","64.4","","89.35","","","","","","NA"
"-114.01","51.12","CALGARY INTL A","3031092","2026-01-20 16:00","2026","01","20","16:00","","2.0","","-10.2","","40","","","","23","","9","","64.4","","89.23","","","","","","NA"
"-114.01","51.12","CALGARY INTL A","3031092","2026-01-20 17:00","2026","01","20","17:00","","1.1","","-10.5","","42","","","","23","","21","","64.4","","89.12","","","","","","Clear"
"-114.01","51.12","CALGARY INTL A","3031092","2026-01-20 18:00","2026","01","20","18:00","","-0.6","","-9.8","","50","","","","21","","10","","64.4","","89.05","","","","-4","","NA"
"-114.01","51.12","CALGARY INTL A","3031092","2026-01-20 19:00","2026","01","20","19:00","","-0.8","","-8.8","","55","","","","24","","11","","24.1","","89.01","","","","-5","","NA"
"-114.01","51.12","CALGARY INTL A","3031092","2026-01-20 20:00","2026","01","20","20:00","","1.1","","-11.8","","38","","","","34","","30","","24.1","","89.14","","","","","","Mostly Cloudy"
"-114.01","51.12","CALGARY INTL A","3031092","2026-01-20 21:00","2026","01","20","21:00","","-0.6","","-11.3","","45","","","","33","","23","","24.1","","89.20","","","","-6","","NA"
"-114.01","51.12","CALGARY INTL A","3031092","2026-01-20 22:00","2026","01","20","22:00","","-0.4","","-11.0","","45","","","","35","","27","","24.1","","89.26","","","","-7","","NA"
"-114.01","51.12","CALGARY INTL A","3031092","2026-01-20 23:00","2026","01","20","23:00","","0.0","","-10.8","","44","","","","35","","37","","24.1","","89.33","","","","-7","","Mostly Cloudy"
"-114.01","51.12","CALGARY INTL A","3031092","2026-01-21 00:00","2026","01","21","00:00","","-2.4","","-9.3","","59","","","","36","","39","","24.1","","89.48","","","","-11","","NA"
"-114.01","51.12","CALGARY INTL A","3031092","2026-01-21 01:00","2026","01","21","01:00","","-2.6","","-9.4","","60","","","","36","","39","","24.1","","89.52","","","","-11","","NA"
"-114.01","51.12","CALGARY INTL A","3031092","2026-01-21 02:00","2026","01","21","02:00","","-4.0","","-8.4","","71","","","","36","","37","","24.1","","89.55","","","","-12","","Mostly Cloudy"
"-114.01","51.12","CALGARY INTL A","3031092","2026-01-21 03:00","2026","01","21","03:00","","-4.4","","-9.5","","67","","","","35","","30","","24.1","","89.61","","","","-12","","NA"
"-114.01","51.12","CALGARY INTL A","3031092","2026-01-21 04:00","2026","01","21","04:00","","-4.9","","-11.7","","59","","","","1","","28","","24.1","","89.66","","","","-13","","NA"
"-114.01","51.12","CALGARY INTL A","3031092","2026-01-21 05:00","2026","01","21","05:00","","-6.4","","-12.4","","63","","","","1","","20","","24.1","","89.71","","","","-13","","Mainly Clear"
"-114.01","51.12","CALGARY INTL A","3031092","2026-01-21 06:00","2026","01","21","06:00","","-7.5","","-12.4","","68","","","","4","","14","","24.1","","89.75","","","","-13","","NA"
"-114.01","51.12","CALGARY INTL A","3031092","2026-01-21 07:00","2026","01","21","07:00","","-8.4","","-13.4","","68","","","","34","","5","","24.1","","89.81","","","","-11","","NA"
"-114.01","51.12","CALGARY INTL A","3031092","2026-01-21 08:00","2026","01","21","08:00","","-7.8","","-12.8","","68","","","","24","","5","","24.1","","89.80","","","","-10","","Mainly Clear"
"-114.01","51.12","CALGARY INTL A","3031092","2026-01-21 09:00","2026","01","21","09:00","","-7.4","","-12.5","","67","","","","22","","8","","64.4","","89.79","","","","-11","","NA"
"-114.01","51.12","CALGARY INTL A","3031092","2026-01-21 10:00","2026","01","21","10:00","","-6.3","","-12.0","","65","","","","24","","6","","64.4","","89.76","","","","-9","","NA"
"-114.01","51.12","CALGARY INTL A","3031092","2026-01-21 11:00","2026","01","21","11:00","","-4.5","","-11.3","","60","","","","23","","10","","64.4","","89.72","","","","-9","","Mainly Clear"
"-114.01","51.12","CALGARY INTL A","3031092","2026-01-21 12:00","2026","01","21","12:00","","-2.6","","-11.9","","49","","","","32","","17","","64.4","","89.66","","","","-8","","NA"
"-114.01","51.12","CALGARY INTL A","3031092","2026-01-21 13:00","2026","01","21","13:00","","-2.1","","-11.4","","49","","","","1","","16","","64.4","","89.55","","","","-7","","NA"
"-114.01","51.12","CALGARY INTL A","3031092","2026-01-21 14:00","2026","01","21","14:00","","-1.5","","-11.7","","46","","","","35","","17","","64.4","","89.48","","","","-7","","Mainly Clear"
"-114.01","51.12","CALGARY INTL A","3031092","2026-01-21 15:00","2026","01","21","15:00","","-2.3","","-11.8","","48","","","","1","","24","","64.4","","89.47","","","","-9","","NA"
"-114.01","51.12","CALGARY INTL A","3031092","2026-01-21 16:00","2026","01","21","16:00","","-3.4","","-12.7","","49","","","","36","","27","","64.4","","89.48","","","","-11","","NA"
"-114.01","51.12","CALGARY INTL A","3031092","2026-01-21 17:00","2026","01","21","17:00","","-5.0","","-14.7","","47","","","","1","","28","","64.4","","89.50","","","","-13","","Mostly Cloudy"
"-114.01","51.12","CALGARY INTL A","3031092","2026-01-21 18:00","2026","01","21","18:00","","-6.2","","-15.6","","48","","","","36","","18","","64.4","","89.55","","","","-13","","NA"
"-114.01","51.12","CALGARY INTL A","3031092","2026-01-21 19:00","2026","01","21","19:00","","-7.3","","-15.7","","51","","","","35","","14","","24.1","","89.58","","","","-13","","NA"
"-114.01","51.12","CALGARY INTL A","3031092","2026-01-21 20:00","2026","01","21","20:00","","-7.0","","-15.4","","52","","","","36","","14","","24.1","","89.64","","","","-13","","Mostly Cloudy"
"-114.01","51.12","CALGARY INTL A","3031092","2026-01-21 21:00","2026","01","21","21:00","","-7.3","","-16.2","","50","","","","36","","29","","24.1","","89.68","","","","-16","","NA"
"-114.01","51.12","CALGARY INTL A","3031092","2026-01-21 22:00","2026","01","21","22:00","","-8.1","","-16.0","","53","","","","35","","15","","24.1","","89.69","","","","-14","","NA"
"-114.01","51.12","CALGARY INTL A","3031092","2026-01-21 23:00","2026","01","21","23:00","","-8.4","","-16.1","","54","","","","36","","25","","24.1","","89.71","","","","-17","","Mostly Cloudy"
"-114.01","51.12","CALGARY INTL A","3031092","2026-01-22 00:00","2026","01","22","00:00","","-9.1","","-15.7","","59","","","","36","","25","","24.1","","89.74","","","","-18","","NA"
"-114.01","51.12","CALGARY INTL A","3031092","2026-01-22 01:00","2026","01","22","01:00","","-10.4","","-15.8","","65","","","","1","","13","","24.1","","89.77","","","","-17","","NA"
"-114.01","51.12","CALGARY INTL A","3031092","2026-01-22 02:00","2026","01","22","02:00","","-12.7","","-17.5","","68","","","","9","","16","","24.1","","89.76","","","","-20","","Mostly Cloudy"
"-114.01","51.12","CALGARY INTL A","3031092","2026-01-22 03:00","2026","01","22","03:00","","-14.5","","-17.8","","76","","","","7","","10","","24.1","","89.80","","","","-21","","NA"
"-114.01","51.12","CALGARY INTL A","3031092","2026-01-22 04:00","2026","01","22","04:00","","-15.0","","-19.0","","72","","","","10","","7","","24.1","","89.84","","","","-20","","NA"
"-114.01","51.12","CALGARY INTL A","3031092","2026-01-22 05:00","2026","01","22","05:00","","-15.0","","-19.3","","70","","","","7","","8","","24.1","","89.86","","","","-20","","Mostly Cloudy"
"-114.01","51.12","CALGARY INTL A","3031092","2026-01-22 06:00","2026","01","22","06:00","","-14.6","","-18.2","","75","","","","4","","10","","24.1","","89.88","","","","-21","","NA"
"-114.01","51.12","CALGARY INTL A","3031092","2026-01-22 07:00","2026","01","22","07:00","","-15.0","","-19.6","","68","","","","7","","7","","24.1","","89.89","","","","-20","","NA"
"-114.01","51.12","CALGARY INTL A","3031092","2026-01-22 08:00","2026","01","22","08:00","","-14.9","","-19.8","","67","","","","8","","6","","24.1","","89.94","","","","-19","","Cloudy"
"-114.01","51.12","CALGARY INTL A","3031092","2026-01-22 09:00","2026","01","22","09:00","","-15.4","","-19.2","","73","","","","7","","9","","6.4","","90.00","","","","-21","","Snow"
"-114.01","51.12","CALGARY INTL A","3031092","2026-01-22 10:00","2026","01","22","10:00","","-15.4","","-18.8","","75","","","","9","","11","","2.4","","90.06","","","","-22","","Snow"
"-114.01","51.12","CALGARY INTL A","3031092","2026-01-22 11:00","2026","01","22","11:00","","-15.5","","-19.0","","75","","","","9","","13","","2.0","","90.11","","","","-23","","Snow"
"-114.01","51.12","CALGARY INTL A","3031092","2026-01-22 12:00","2026","01","22","12:00","","-15.4","","-19.4","","72","","","","7","","7","","6.4","","90.14","","","","-20","","Snow"
"-114.01","51.12","CALGARY INTL A","3031092","2026-01-22 13:00","2026","01","22","13:00","","-15.1","","-19.1","","71","","","","8","","10","","8.1","","90.16","","","","-21","","Snow"
"-114.01","51.12","CALGARY INTL A","3031092","2026-01-22 14:00","2026","01","22","14:00","","-14.9","","-19.3","","69","","","","10","","12","","12.9","","90.16","","","","-22","","Cloudy"
"-114.01","51.12","CALGARY INTL A","3031092","2026-01-22 15:00","2026","01","22","15:00","","-15.1","","-19.2","","71","","","","10","","10","","6.4","","90.19","","","","-21","","Snow"
"-114.01","51.12","CALGARY INTL A","3031092","2026-01-22 16:00","2026","01","22","16:00","","-15.9","","-19.6","","73","","","","9","","17","","6.4","","90.23","","","","-25","","Fog"
"-114.01","51.12","CALGARY INTL A","3031092","2026-01-22 17:00","2026","01","22","17:00","","-17.4","","-20.5","","77","","","","9","","22","","9.7","","90.29","","","","-28","","Fog"
"-114.01","51.12","CALGARY INTL A","3031092","2026-01-22 18:00","2026","01","22","18:00","","-18.6","","-21.6","","78","","","","9","","23","","4.0","","90.36","","","","-29","","Fog"
"-114.01","51.12","CALGARY INTL A","3031092","2026-01-22 19:00","2026","01","22","19:00","","-19.6","","-22.6","","77","","","","9","","20","","9.7","","90.37","","","","-30","","Snow,Fog"
"-114.01","51.12","CALGARY INTL A","3031092","2026-01-22 20:00","2026","01","22","20:00","","-19.6","","-22.6","","77","","","","11","","13","","4.0","","90.38","","","","-28","","Snow,Fog"
"-114.01","51.12","CALGARY INTL A","3031092","2026-01-22 21:00","2026","01","22","21:00","","-19.9","","-23.3","","74","","","","11","","13","","4.8","","90.41","","","","-28","","Snow,Fog"
"-114.01","51.12","CALGARY INTL A","3031092","2026-01-22 22:00","2026","01","22","22:00","","-20.4","","-23.6","","76","","","","13","","13","","8.1","","90.41","","","","-29","","Snow,Fog"
"-114.01","51.12","CALGARY INTL A","3031092","2026-01-22 23:00","2026","01","22","23:00","","-20.8","","-24.1","","76","","","","15","","16","","6.4","","90.38","","","","-30","","Fog"
"-114.01","51.12","CALGARY INTL A","3031092","2026-01-23 00:00","2026","01","23","00:00","","-21.1","","-24.3","","76","","","","16","","12","","8.1","","90.36","","","","-29","","Fog"
"-114.01","51.12","CALGARY INTL A","3031092","2026-01-23 01:00","2026","01","23","01:00","","-21.4","","-24.4","","77","","","","16","","12","","9.7","","90.32","","","","-30","","Fog"
"-114.01","51.12","CALGARY INTL A","3031092","2026-01-23 02:00","2026","01","23","02:00","","-21.0","","-24.1","","77","","","","17","","13","","8.1","","90.28","","","","-30","","Fog"
"-114.01","51.12","CALGARY INTL A","3031092","2026-01-23 03:00","2026","01","23","03:00","","-20.4","","-23.6","","76","","","","17","","9","","9.7","","90.30","","","","-27","","Fog"
"-114.01","51.12","CALGARY INTL A","3031092","2026-01-23 04:00","2026","01","23","04:00","","-20.0","","-23.2","","76","","","","16","","11","","4.0","","90.27","","","","-28","","Fog"
"-114.01","51.12","CALGARY INTL A","3031092","2026-01-23 05:00","2026","01","23","05:00","","-20.1","","-23.2","","76","","","","18","","9","","9.7","","90.25","","","","-27","","Fog"
"-114.01","51.12","CALGARY INTL A","3031092","2026-01-23 06:00","2026","01","23","06:00","","-19.6","","-22.6","","77","","","","18","","6","","9.7","","90.23","","","","-25","","Ice Crystals,Fog"
"-114.01","51.12","CALGARY INTL A","3031092","2026-01-23 07:00","2026","01","23","07:00","","-18.6","","-21.8","","76","","","","20","","4","","8.1","","90.22","","","","-22","","Ice Crystals,Fog"
"-114.01","51.12","CALGARY INTL A","3031092","2026-01-23 08:00","2026","01","23","08:00","","-17.7","","-21.5","","73","","","","33","","5","","19.3","","90.21","","","","-22","","Cloudy"
"-114.01","51.12","CALGARY INTL A","3031092","2026-01-23 09:00","2026","01","23","09:00","","-17.4","","-21.5","","70","","","","35","","4","","24.1","","90.20","","","","-21","","NA"
"-114.01","51.12","CALGARY INTL A","3031092","2026-01-23 10:00","2026","01","23","10:00","","-17.1","","-21.2","","71","","","","","","0","","64.4","","90.20","","","","","","NA"
"-114.01","51.12","CALGARY INTL A","3031092","2026-01-23 11:00","2026","01","23","11:00","","-15.3","","-20.2","","66","","","","","","0","","48.3","","90.15","","","","","","Mostly Cloudy"
"-114.01","51.12","CALGARY INTL A","3031092","2026-01-23 12:00","2026","01","23","12:00","","-14.2","","-19.8","","63","","","","23","","4","","48.3","","90.05","","","","-17","","NA"
"-114.01","51.12","CALGARY INTL A","3031092","2026-01-23 13:00","2026","01","23","13:00","","-13.5","","-19.9","","59","","","","22","","8","","48.3","","89.94","","","","-19","","NA"
"-114.01","51.12","CALGARY INTL A","3031092","2026-01-23 14:00","2026","01","23","14:00","","-12.3","","-18.8","","59","","","","18","","10","","48.3","","89.80","","","","-18","","Mostly Cloudy"
"-114.01","51.12","CALGARY INTL A","3031092","2026-01-23 15:00","2026","01","23","15:00","","-11.9","","-18.7","","57","","","","17","","10","","48.3","","89.70","","","","-18","","NA"
"-114.01","51.12","CALGARY INTL A","3031092","2026-01-23 16:00","2026","01","23","16:00","","-11.6","","-18.3","","58","","","","18","","14","","32.2","","89.63","","","","-18","","NA"
"-114.01","51.12","CALGARY INTL A","3031092","2026-01-23 17:00","2026","01","23","17:00","","-12.1","","-18.3","","60","","","","19","","15","","32.2","","89.58","","","","-19","","Mostly Cloudy"
"-114.01","51.12","CALGARY INTL A","3031092","2026-01-23 18:00","2026","01","23","18:00","","-11.5","","-17.7","","60","","","","21","","8","","24.1","","89.55","","","","-16","","NA"
"-114.01","51.12","CALGARY INTL A","3031092","2026-01-23 19:00","2026","01","23","19:00","","-11.1","","-16.9","","63","","","","20","","9","","24.1","","89.49","","","","-16","","NA"
"-114.01","51.12","CALGARY INTL A","3031092","2026-01-23 20:00","2026","01","23","20:00","","-10.7","","-16.1","","65","","","","19","","5","","12.9","","89.41","","","","-14","","Snow"
"-114.01","51.12","CALGARY INTL A","3031092","2026-01-23 21:00","2026","01","23","21:00","","-10.2","","-13.9","","75","","","","28","","10","","4.0","","89.39","","","","-15","","Snow,Fog"
"-114.01","51.12","CALGARY INTL A","3031092","2026-01-23 22:00","2026","01","23","22:00","","-9.6","","-12.1","","82","","","","27","","9","","2.0","","89.34","","","","-14","","Snow,Fog"
"-114.01","51.12","CALGARY INTL A","3031092","2026-01-23 23:00","2026","01","23","23:00","","-9.0","","-11.3","","83","","","","27","","6","","3.2","","89.33","","","","-12","","Snow,Fog"
"-114.01","51.12","CALGARY INTL A","3031092","2026-01-24 00:00","2026","01","24","00:00","","-8.4","","-10.3","","87","","","","26","","5","","2.0","","89.29","","","","-11","","Snow,Fog"
"-114.01","51.12","CALGARY INTL A","3031092","2026-01-24 01:00","2026","01","24","01:00","","-8.1","","-9.6","","88","","","","36","","8","","2.0","","89.28","","","","-12","","Snow,Fog"
"-114.01","51.12","CALGARY INTL A","3031092","2026-01-24 02:00","2026","01","24","02:00","","-9.4","","-11.5","","85","","","","2","","25","","3.2","","89.29","","","","-18","","Snow,Fog"
"-114.01","51.12","CALGARY INTL A","3031092","2026-01-24 03:00","2026","01","24","03:00","","-10.6","","-12.7","","84","","","","2","","17","","2.0","","89.33","","","","-18","","Snow,Fog"
"-114.01","51.12","CALGARY INTL A","3031092","2026-01-24 04:00","2026","01","24","04:00","","-10.7","","-12.8","","85","","","","1","","11","","2.0","","89.30","","","","-16","","Snow,Fog"
"-114.01","51.12","CALGARY INTL A","3031092","2026-01-24 05:00","2026","01","24","05:00","","-10.8","","-12.8","","85","","","","4","","5","","2.0","","89.26","","","","-14","","Snow,Fog"
"-114.01","51.12","CALGARY INTL A","3031092","2026-01-24 06:00","2026","01","24","06:00","","-11.1","","-13.1","","85","","","","","","0","","2.0","","89.26","","","","","","Snow,Fog"
"-114.01","51.12","CALGARY INTL A","3031092","2026-01-24 07:00","2026","01","24","07:00","","-11.6","","-13.8","","84","","","","6","","13","","2.0","","89.28","","","","-18","","Snow,Fog"
"-114.01","51.12","CALGARY INTL A","3031092","2026-01-24 08:00","2026","01","24","08:00","","-12.2","","-14.8","","81","","","","4","","23","","2.8","","89.34","","","","-21","","Snow,Fog"
"-114.01","51.12","CALGARY INTL A","3031092","2026-01-24 09:00","2026","01","24","09:00","","-12.2","","-14.4","","83","","","","36","","7","","1.6","","89.39","","","","-17","","Snow,Fog"
"-114.01","51.12","CALGARY INTL A","3031092","2026-01-24 10:00","2026","01","24","10:00","","-11.5","","-14.7","","78","","","","36","","19","","4.8","","89.44","","","","-20","","Snow,Fog"
"-114.01","51.12","CALGARY INTL A","3031092","2026-01-24 11:00","2026","01","24","11:00","","-12.6","","-15.8","","77","","","","4","","16","","4.8","","89.47","","","","-20","","Snow,Fog"
"-114.01","51.12","CALGARY INTL A","3031092","2026-01-24 12:00","2026","01","24","12:00","","-11.8","","-15.2","","76","","","","34","","8","","3.6","","89.46","","","","-17","","Snow,Fog"
"-114.01","51.12","CALGARY INTL A","3031092","2026-01-24 13:00","2026","01","24","13:00","","-11.9","","-15.2","","76","","","","1","","14","","3.6","","89.42","","","","-19","","Snow,Fog"
"-114.01","51.12","CALGARY INTL A","3031092","2026-01-24 14:00","2026","01","24","14:00","","-11.8","","-15.4","","75","","","","1","","12","","4.8","","89.40","","","","-18","","Snow,Fog"
"-114.01","51.12","CALGARY INTL A","3031092","2026-01-24 15:00","2026","01","24","15:00","","-11.8","","-15.4","","75","","","","36","","13","","3.6","","89.39","","","","-18","","Snow,Fog"
"-114.01","51.12","CALGARY INTL A","3031092","2026-01-24 16:00","2026","01","24","16:00","","-12.1","","-15.2","","78","","","","5","","5","","4.0","","89.44","","","","-15","","Snow,Fog"
"-114.01","51.12","CALGARY INTL A","3031092","2026-01-24 17:00","2026","01","24","17:00","","-12.5","","-15.1","","81","","","","7","","4","","3.6","","89.46","","","","-15","","Snow,Fog"
"-114.01","51.12","CALGARY INTL A","3031092","2026-01-24 18:00","2026","01","24","18:00","","-13.5","","-16.0","","81","","","","7","","13","","3.6","","89.50","","","","-20","","Snow,Fog"
"-114.01","51.12","CALGARY INTL A","3031092","2026-01-24 19:00","2026","01","24","19:00","","-13.6","","-16.3","","80","","","","6","","9","","8.1","","89.53","","","","-19","","Snow,Fog"
"-114.01","51.12","CALGARY INTL A","3031092","2026-01-24 20:00","2026","01","24","20:00","","-14.5","","-16.7","","83","","","","10","","11","","9.7","","89.58","","","","-21","","Snow,Fog"
"-114.01","51.12","CALGARY INTL A","3031092","2026-01-24 21:00","2026","01","24","21:00","","-15.1","","-17.5","","82","","","","9","","9","","8.1","","89.60","","","","-21","","Snow,Fog"
"-114.01","51.12","CALGARY INTL A","3031092","2026-01-24 22:00","2026","01","24","22:00","","-15.0","","-17.8","","80","","","","17","","3","","12.9","","89.64","","","","-17","","Snow"
"-114.01","51.12","CALGARY INTL A","3031092","2026-01-24 23:00","2026","01","24","23:00","","-14.8","","-17.6","","79","","","","20","","9","","12.9","","89.65","","","","-21","","Snow"
"-114.01","51.12","CALGARY INTL A","3031092","2026-01-25 00:00","2026","01","25","00:00","","-14.8","","-17.6","","79","","","","18","","11","","12.9","","89.64","","","","-21","","NA"
"-114.01","51.12","CALGARY INTL A","3031092","2026-01-25 01:00","2026","01","25","01:00","","-15.9","","-18.4","","81","","","","18","","13","","12.9","","89.62","","","","-23","","NA"
"-114.01","51.12","CALGARY INTL A","3031092","2026-01-25 02:00","2026","01","25","02:00","","-16.7","","-18.9","","84","","","","19","","12","","16.1","","89.56","","","","-24","","Clear"
"-114.01","51.12","CALGARY INTL A","3031092","2026-01-25 03:00","2026","01","25","03:00","","-17.4","","-19.4","","85","","","","19","","11","","16.1","","89.51","","","","-25","","NA"
"-114.01","51.12","CALGARY INTL A","3031092","2026-01-25 04:00","2026","01","25","04:00","","-17.4","","-19.5","","84","","","","19","","12","","16.1","","89.44","","","","-25","","NA"
"-114.01","51.12","CALGARY INTL A","3031092","2026-01-25 05:00","2026","01","25","05:00","","-18.6","","-21.0","","82","","","","18","","16","","24.1","","89.34","","","","-28","","Clear"
"-114.01","51.12","CALGARY INTL A","3031092","2026-01-25 06:00","2026","01","25","06:00","","-18.7","","-20.9","","82","","","","19","","10","","24.1","","89.24","","","","-26","","Ice Crystals"
"-114.01","51.12","CALGARY INTL A","3031092","2026-01-25 07:00","2026","01","25","07:00","","-19.1","","-21.6","","81","","","","19","","14","","24.1","","89.12","","","","-28","","NA"
"-114.01","51.12","CALGARY INTL A","3031092","2026-01-25 08:00","2026","01","25","08:00","","-18.2","","-20.5","","82","","","","20","","15","","64.4","","89.05","","","","-27","","Clear"
"-114.01","51.12","CALGARY INTL A","3031092","2026-01-25 09:00","2026","01","25","09:00","","-18.0","","-20.4","","81","","","","20","","13","","64.4","","88.99","","","","-26","","NA"
"-114.01","51.12","CALGARY INTL A","3031092","2026-01-25 10:00","2026","01","25","10:00","","-15.8","","-18.4","","81","","","","21","","16","","64.4","","88.91","","","","-24","","NA"
"-114.01","51.12","CALGARY INTL A","3031092","2026-01-25 11:00","2026","01","25","11:00","","-12.9","","-16.4","","75","","","","20","","14","","64.4","","88.84","","","","-20","","Clear"
"-114.01","51.12","CALGARY INTL A","3031092","2026-01-25 12:00","2026","01","25","12:00","","-9.8","","-14.8","","67","","","","19","","14","","64.4","","88.74","","","","-16","","NA"
"-114.01","51.12","CALGARY INTL A","3031092","2026-01-25 13:00","2026","01","25","13:00","","-5.8","","-11.9","","62","","","","21","","9","","64.4","","88.65","","","","-10","","NA"
"-114.01","51.12","CALGARY INTL A","3031092","2026-01-25 14:00","2026","01","25","14:00","","-1.1","","-10.2","","50","","","","27","","10","","64.4","","88.58","","","","-5","","Clear"
"-114.01","51.12","CALGARY INTL A","3031092","2026-01-25 15:00","2026","01","25","15:00","","1.1","","-9.8","","44","","","","26","","15","","64.4","","88.54","","","","","","NA"
"-114.01","51.12","CALGARY INTL A","3031092","2026-01-25 16:00","2026","01","25","16:00","","2.2","","-10.5","","39","","","","27","","25","","64.4","","88.49","","","","","","NA"
"-114.01","51.12","CALGARY INTL A","3031092","2026-01-25 17:00","2026","01","25","17:00","","1.8","","-11.0","","38","","","","28","","21","","64.4","","88.46","","","","","","Mainly Clear"
"-114.01","51.12","CALGARY INTL A","3031092","2026-01-25 18:00","2026","01","25","18:00","","1.6","","-12.0","","36","","","","27","","23","","64.4","","88.41","","","","","","NA"
"-114.01","51.12","CALGARY INTL A","3031092","2026-01-25 19:00","2026","01","25","19:00","","1.3","","-12.5","","35","","","","28","","39","","24.1","","88.40","","","","","","NA"
"-114.01","51.12","CALGARY INTL A","3031092","2026-01-25 20:00","2026","01","25","20:00","","1.3","","-12.9","","34","","","","28","","35","","24.1","","88.36","","","","","","Clear"
"-114.01","51.12","CALGARY INTL A","3031092","2026-01-25 21:00","2026","01","25","21:00","","-3.5","","-11.7","","53","","","","1","","28","","24.1","","88.47","","","","-11","","NA"
"-114.01","51.12","CALGARY INTL A","3031092","2026-01-25 22:00","2026","01","25","22:00","","-3.8","","-10.5","","60","","","","35","","20","","24.1","","88.51","","","","-10","","NA"
"-114.01","51.12","CALGARY INTL A","3031092","2026-01-25 23:00","2026","01","25","23:00","","-4.8","","-11.8","","59","","","","35","","14","","24.1","","88.53","","","","-10","","Clear"
"-114.01","51.12","CALGARY INTL A","3031092","2026-01-26 00:00","2026","01","26","00:00","","-7.3","","-12.9","","65","","","","36","","9","","24.1","","88.60","","","","-12","","NA"
"-114.01","51.12","CALGARY INTL A","3031092","2026-01-26 01:00","2026","01","26","01:00","","-9.1","","-14.2","","67","","","","36","","16","","24.1","","88.64","","","","-16","","NA"
"-114.01","51.12","CALGARY INTL A","3031092","2026-01-26 02:00","2026","01","26","02:00","","-10.1","","-13.8","","74","","","","","","0","","24.1","","88.70","","","","","","Clear"
"-114.01","51.12","CALGARY INTL A","3031092","2026-01-26 03:00","2026","01","26","03:00","","-11.1","","-14.0","","79","","","","","","0","","24.1","","88.76","","","","","","NA"
"-114.01","51.12","CALGARY INTL A","3031092","2026-01-26 04:00","2026","01","26","04:00","","-13.0","","-15.9","","79","","","","","","0","","24.1","","88.79","","","","","","NA"
"-114.01","51.12","CALGARY INTL A","3031092","2026-01-26 05:00","2026","01","26","05:00","","-13.4","","-16.0","","81","","","","33","","6","","24.1","","88.83","","","","-17","","Mainly Clear"
"-114.01","51.12","CALGARY INTL A","3031092","2026-01-26 06:00","2026","01","26","06:00","","-15.1","","-17.8","","80","","","","1","","9","","24.1","","88.86","","","","-21","","NA"
"-114.01","51.12","CALGARY INTL A","3031092","2026-01-26 07:00","2026","01","26","07:00","","-15.2","","-17.5","","83","","","","1","","5","","24.1","","88.89","","","","-19","","NA"
"-114.01","51.12","CALGARY INTL A","3031092","2026-01-26 08:00","2026","01","26","08:00","","-14.3","","-16.0","","87","","","","20","","7","","24.1","","88.91","","","","-19","","Mainly Clear"
"-114.01","51.12","CALGARY INTL A","3031092","2026-01-26 09:00","2026","01","26","09:00","","-11.9","","-14.1","","84","","","","22","","11","","64.4","","88.95","","","","-18","","NA"
"-114.01","51.12","CALGARY INTL A","3031092","2026-01-26 10:00","2026","01","26","10:00","","-11.6","","-14.1","","82","","","","15","","6","","64.4","","88.97","","","","-15","","NA"
"-114.01","51.12","CALGARY INTL A","3031092","2026-01-26 11:00","2026","01","26","11:00","","-9.5","","-13.2","","75","","","","20","","5","","64.4","","89.00","","","","-12","","Mostly Cloudy"
"-114.01","51.12","CALGARY INTL A","3031092","2026-01-26 12:00","2026","01","26","12:00","","-9.1","","-12.5","","76","","","","18","","13","","32.2","","88.97","","","","-15","","NA"
"-114.01","51.12","CALGARY INTL A","3031092","2026-01-26 13:00","2026","01","26","13:00","","-8.2","","-12.2","","73","","","","15","","12","","32.2","","88.95","","","","-14","","NA"
"-114.01","51.12","CALGARY INTL A","3031092","2026-01-26 14:00","2026","01","26","14:00","","-8.3","","-12.5","","72","","","","16","","15","","32.2","","88.93","","","","-15","","Mostly Cloudy"
"-114.01","51.12","CALGARY INTL A","3031092","2026-01-26 15:00","2026","01","26","15:00","","-9.3","","-12.8","","76","","","","16","","17","","32.2","","88.97","","","","-16","","NA"
"-114.01","51.12","CALGARY INTL A","3031092","2026-01-26 16:00","2026","01","26","16:00","","-9.7","","-13.0","","77","","","","17","","19","","24.1","","89.02","","","","-17","","NA"
"-114.01","51.12","CALGARY INTL A","3031092","2026-01-26 17:00","2026","01","26","17:00","","-10.2","","-13.3","","78","","","","15","","16","","48.3","","89.05","","","","-17","","Cloudy"
"-114.01","51.12","CALGARY INTL A","3031092","2026-01-26 18:00","2026","01","26","18:00","","-11.1","","-13.8","","80","","","","18","","11","","24.1","","89.06","","","","-17","","NA"
"-114.01","51.12","CALGARY INTL A","3031092","2026-01-26 19:00","2026","01","26","19:00","","-11.1","","-13.9","","80","","","","18","","9","","24.1","","89.05","","","","-16","","NA"
"-114.01","51.12","CALGARY INTL A","3031092","2026-01-26 20:00","2026","01","26","20:00","","-11.7","","-14.3","","81","","","","16","","10","","24.1","","89.04","","","","-17","","Mostly Cloudy"
"-114.01","51.12","CALGARY INTL A","3031092","2026-01-26 21:00","2026","01","26","21:00","","-12.7","","-15.1","","83","","","","18","","12","","24.1","","89.07","","","","-19","","NA"
"-114.01","51.12","CALGARY INTL A","3031092","2026-01-26 22:00","2026","01","26","22:00","","-13.5","","-15.7","","83","","","","17","","10","","24.1","","89.12","","","","-19","","NA"
"-114.01","51.12","CALGARY INTL A","3031092","2026-01-26 23:00","2026","01","26","23:00","","-13.3","","-15.4","","84","","","","17","","8","","24.1","","89.16","","","","-18","","Mainly Clear"
"-114.01","51.12","CALGARY INTL A","3031092","2026-01-27 00:00","2026","01","27","00:00","","-14.0","","-16.0","","85","","","","19","","13","","80.5","","89.15","","","","-21","","NA"
"-114.01","51.12","CALGARY INTL A","3031092","2026-01-27 01:00","2026","01","27","01:00","","-14.2","","-16.1","","85","","","","17","","9","","24.1","","89.17","","","","-20","","NA"
"-114.01","51.12","CALGARY INTL A","3031092","2026-01-27 02:00","2026","01","27","02:00","","-14.0","","-16.1","","84","","","","20","","11","","24.1","","89.17","","","","-20","","Clear"
"-114.01","51.12","CALGARY INTL A","3031092","2026-01-27 03:00","2026","01","27","03:00","","-12.9","","-15.1","","84","","","","20","","13","","24.1","","89.16","","","","-20","","NA"
"-114.01","51.12","CALGARY INTL A","3031092","2026-01-27 04:00","2026","01","27","04:00","","-11.9","","-14.5","","81","","","","21","","15","","24.1","","89.16","","","","-19","","NA"
"-114.01","51.12","CALGARY INTL A","3031092","2026-01-27 05:00","2026","01","27","05:00","","-9.6","","-13.2","","75","","","","21","","12","","24.1","","89.18","","","","-15","","Mainly Clear"
"-114.01","51.12","CALGARY INTL A","3031092","2026-01-27 06:00","2026","01","27","06:00","","-10.1","","-13.3","","77","","","","16","","8","","24.1","","89.17","","","","-15","","NA"
"-114.01","51.12","CALGARY INTL A","3031092","2026-01-27 07:00","2026","01","27","07:00","","-5.2","","-11.4","","62","","","","","","0","","24.1","","89.19","","","","","","NA"
"-114.01","51.12","CALGARY INTL A","3031092","2026-01-27 08:00","2026","01","27","08:00","","-0.4","","-9.7","","50","","","","33","","12","","64.4","","89.23","","","","-4","","Mainly Clear"
"-114.01","51.12","CALGARY INTL A","3031092","2026-01-27 09:00","2026","01","27","09:00","","1.4","","-9.0","","46","","","","28","","22","","64.4","","89.29","","","","","","NA"
"-114.01","51.12","CALGARY INTL A","3031092","2026-01-27 10:00","2026","01","27","10:00","","2.7","","-8.7","","43","","","","28","","10","","64.4","","89.31","","","","","","NA"
"-114.01","51.12","CALGARY INTL A","3031092","2026-01-27 11:00","2026","01","27","11:00","","3.4","","-7.7","","44","","","","30","","17","","64.4","","89.32","","","","","","Mainly Clear"
"-114.01","51.12","CALGARY INTL A","3031092","2026-01-27 12:00","2026","01","27","12:00","","4.5","","-7.5","","41","","","","28","","11","","64.4","","89.35","","","","","","NA"
"-114.01","51.12","CALGARY INTL A","3031092","2026-01-27 13:00","2026","01","27","13:00","","5.5","","-6.8","","41","","","","13","","4","","64.4","","89.29","","","","","","NA"
"-114.01","51.12","CALGARY INTL A","3031092","2026-01-27 14:00","2026","01","27","14:00","","6.2","","-7.2","","38","","","","31","","6","","64.4","","89.25","","","","","","Mainly Clear"
"-114.01","51.12","CALGARY INTL A","3031092","2026-01-27 15:00","2026","01","27","15:00","","6.3","","-6.7","","39","","","","","","0","","64.4","","89.27","","","","","","NA"
"-114.01","51.12","CALGARY INTL A","3031092","2026-01-27 16:00","2026","01","27","16:00","","3.4","","-5.1","","54","","","","15","","9","","64.4","","89.26","","","","","","NA"
"-114.01","51.12","CALGARY INTL A","3031092","2026-01-27 17:00","2026","01","27","17:00","","2.3","","-5.7","","55","","","","15","","7","","64.4","","89.26","","","","","","Mostly Cloudy"
"-114.01","51.12","CALGARY INTL A","3031092","2026-01-27 18:00","2026","01","27","18:00","","1.5","","-5.6","","59","","","","23","","9","","64.4","","89.29","","","","","","NA"
"-114.01","51.12","CALGARY INTL A","3031092","2026-01-27 19:00","2026","01","27","19:00","","-0.6","","-6.2","","66","","","","18","","5","","24.1","","89.25","","","","-2","","NA"
"-114.01","51.12","CALGARY INTL A","3031092","2026-01-27 20:00","2026","01","27","20:00","","-1.3","","-5.8","","72","","","","16","","4","","24.1","","89.21","","","","-3","","Mostly Cloudy"
"-114.01","51.12","CALGARY INTL A","3031092","2026-01-27 21:00","2026","01","27","21:00","","-2.2","","-6.3","","74","","","","23","","7","","24.1","","89.17","","","","-5","","NA"
"-114.01","51.12","CALGARY INTL A","3031092","2026-01-27 22:00","2026","01","27","22:00","","-1.9","","-6.9","","69","","","","22","","8","","24.1","","89.15","","","","-5","","NA"
"-114.01","51.12","CALGARY INTL A","3031092","2026-01-27 23:00","2026","01","27","23:00","","-4.1","","-8.6","","71","","","","18","","5","","24.1","","89.11","","","","-6","","Mostly Cloudy"
"-114.01","51.12","CALGARY INTL A","3031092","2026-01-28 00:00","2026","01","28","00:00","","-2.9","","-7.9","","68","","","","21","","4","","24.1","","89.09","","","","-4","","NA"
"-114.01","51.12","CALGARY INTL A","3031092","2026-01-28 01:00","2026","01","28","01:00","","-3.4","","-8.1","","70","","","","22","","5","","24.1","","89.02","","","","-5","","NA"
"-114.01","51.12","CALGARY INTL A","3031092","2026-01-28 02:00","2026","01","28","02:00","","-4.1","","-8.0","","75","","","","","","0","","24.1","","89.01","","","","","","Mostly Cloudy"
"-114.01","51.12","CALGARY INTL A","3031092","2026-01-28 03:00","2026","01","28","03:00","","-5.6","","-8.5","","80","","","","","","0","","24.1","","89.01","","","","","","NA"
"-114.01","51.12","CALGARY INTL A","3031092","2026-01-28 04:00","2026","01","28","04:00","","-4.6","","-8.7","","74","","","","","","0","","24.1","","88.98","","","","","","NA"
"-114.01","51.12","CALGARY INTL A","3031092","2026-01-28 05:00","2026","01","28","05:00","","-4.5","","-7.8","","78","","","","","","0","","24.1","","88.94","","","","","","Mostly Cloudy"
"-114.01","51.12","CALGARY INTL A","3031092","2026-01-28 06:00","2026","01","28","06:00","","-4.6","","-7.8","","78","","","","","","0","","24.1","","88.92","","","","","","NA"
"-114.01","51.12","CALGARY INTL A","3031092","2026-01-28 07:00","2026","01","28","07:00","","-3.4","","-7.0","","76","","","","11","","4","","24.1","","88.88","","","","-5","","NA"
"-114.01","51.12","CALGARY INTL A","3031092","2026-01-28 08:00","2026","01","28","08:00","","-2.1","","-6.7","","71","","","","1","","3","","32.2","","88.85","","","","-3","","Cloudy"
"-114.01","51.12","CALGARY INTL A","3031092","2026-01-28 09:00","2026","01","28","09:00","","1.4","","-5.8","","58","","","","26","","7","","64.4","","88.86","","","","","","NA"
"-114.01","51.12","CALGARY INTL A","3031092","2026-01-28 10:00","2026","01","28","10:00","","2.0","","-5.3","","59","","","","26","","9","","64.4","","88.87","","","","","","NA"
"-114.01","51.12","CALGARY INTL A","3031092","2026-01-28 11:00","2026","01","28","11:00","","4.5","","-6.1","","46","","","","4","","4","","48.3","","88.87","","","","","","Cloudy"
"-114.01","51.12","CALGARY INTL A","3031092","2026-01-28 12:00","2026","01","28","12:00","","7.1","","-7.8","","34","","","","28","","21","","48.3","","88.85","","","","","","NA"
"-114.01","51.12","CALGARY INTL A","3031092","2026-01-28 13:00","2026","01","28","13:00","","6.5","","-7.7","","35","","","","28","","30","","32.2","","88.83","","","","","","NA"
"-114.01","51.12","CALGARY INTL A","3031092","2026-01-28 14:00","2026","01","28","14:00","","7.0","","-6.7","","37","","","","29","","23","","32.2","","88.87","","","","","","Cloudy"
"-114.01","51.12","CALGARY INTL A","3031092","2026-01-28 15:00","2026","01","28","15:00","","6.4","","-5.7","","42","","","","29","","23","","64.4","","88.91","","","","","","NA"
"-114.01","51.12","CALGARY INTL A","3031092","2026-01-28 16:00","2026","01","28","16:00","","5.8","","-2.7","","54","","","","30","","14","","64.4","","88.95","","","","","","NA"
"-114.01","51.12","CALGARY INTL A","3031092","2026-01-28 17:00","2026","01","28","17:00","","4.4","","-6.0","","47","","","","31","","10","","48.3","","88.98","","","","","","Cloudy"
"-114.01","51.12","CALGARY INTL A","3031092","2026-01-28 18:00","2026","01","28","18:00","","3.9","","-6.3","","47","","","","33","","12","","24.1","","88.99","","","","","","NA"
"-114.01","51.12","CALGARY INTL A","3031092","2026-01-28 19:00","2026","01","28","19:00","","4.3","","-6.7","","45","","","","30","","22","","24.1","","89.04","","","","","","NA"
"-114.01","51.12","CALGARY INTL A","3031092","2026-01-28 20:00","2026","01","28","20:00","","4.1","","-7.1","","44","","","","29","","24","","24.1","","89.10","","","","","","Mainly Clear"
"-114.01","51.12","CALGARY INTL A","3031092","2026-01-28 21:00","2026","01","28","21:00","","0.8","","-6.8","","57","","","","34","","10","","24.1","","89.13","","","","","","NA"
"-114.01","51.12","CALGARY INTL A","3031092","2026-01-28 22:00","2026","01","28","22:00","","1.2","","-7.3","","53","","","","34","","11","","24.1","","89.15","","","","","","NA"
"-114.01","51.12","CALGARY INTL A","3031092","2026-01-28 23:00","2026","01","28","23:00","","-1.3","","-7.3","","64","","","","2","","10","","24.1","","89.17","","","","-5","","Clear"
"-114.01","51.12","CALGARY INTL A","3031092","2026-01-29 00:00","2026","01","29","00:00","","0.5","","-7.8","","54","","","","1","","12","","24.1","","89.17","","","","","","NA"
"-114.01","51.12","CALGARY INTL A","3031092","2026-01-29 01:00","2026","01","29","01:00","","3.4","","-8.2","","43","","","","29","","24","","24.1","","89.19","","","","","","NA"
"-114.01","51.12","CALGARY INTL A","3031092","2026-01-29 02:00","2026","01","29","02:00","","3.9","","-8.7","","39","","","","28","","20","","24.1","","89.18","","","","","","Mainly Clear"
"-114.01","51.12","CALGARY INTL A","3031092","2026-01-29 03:00","2026","01","29","03:00","","3.5","","-8.6","","41","","","","26","","12","","24.1","","89.18","","","","","","NA"
"-114.01","51.12","CALGARY INTL A","3031092","2026-01-29 04:00","2026","01","29","04:00","","-2.8","","-8.9","","63","","","","16","","7","","24.1","","89.16","","","","-6","","NA"
"-114.01","51.12","CALGARY INTL A","3031092","2026-01-29 05:00","2026","01","29","05:00","","-1.0","","-8.1","","59","","","","15","","9","","24.1","","89.15","","","","-4","","Mostly Cloudy"
"-114.01","51.12","CALGARY INTL A","3031092","2026-01-29 06:00","2026","01","29","06:00","","0.0","","-7.4","","57","","","","14","","9","","24.1","","89.14","","","","-3","","NA"
"-114.01","51.12","CALGARY INTL A","3031092","2026-01-29 07:00","2026","01","29","07:00","","3.9","","-6.8","","46","","","","28","","13","","24.1","","89.15","","","","","","NA"
"-114.01","51.12","CALGARY INTL A","3031092","2026-01-29 08:00","2026","01","29","08:00","","4.3","","-6.6","","45","","","","29","","21","","48.3","","89.15","","","","","","Cloudy"
"-114.01","51.12","CALGARY INTL A","3031092","2026-01-29 09:00","2026","01","29","09:00","","5.4","","-6.3","","43","","","","28","","25","","64.4","","89.19","","","","","","NA"
"-114.01","51.12","CALGARY INTL A","3031092","2026-01-29 10:00","2026","01","29","10:00","","6.0","","-5.9","","42","","","","28","","23","","64.4","","89.23","","","","","","NA"
"-114.01","51.12","CALGARY INTL A","3031092","2026-01-29 11:00","2026","01","29","11:00","","6.7","","-5.5","","41","","","","28","","23","","64.4","","89.25","","","","","","Mostly Cloudy"
"-114.01","51.12","CALGARY INTL A","3031092","2026-01-29 12:00","2026","01","29","12:00","","8.5","","-5.1","","38","","","","28","","28","","64.4","","89.23","","","","","","NA"
"-114.01","51.12","CALGARY INTL A","3031092","2026-01-29 13:00","2026","01","29","13:00","","9.6","","-4.9","","35","","","","27","","22","","64.4","","89.20","","","","","","NA"
"-114.01","51.12","CALGARY INTL A","3031092","2026-01-29 14:00","2026","01","29","14:00","","10.1","","-5.0","","34","","","","28","","27","","64.4","","89.21","","","","","","Mostly Cloudy"
"-114.01","51.12","CALGARY INTL A","3031092","2026-01-29 15:00","2026","01","29","15:00","","10.4","","-5.0","","33","","","","27","","27","","64.4","","89.21","","","","","","NA"
"-114.01","51.12","CALGARY INTL A","3031092","2026-01-29 16:00","2026","01","29","16:00","","8.7","","-4.7","","38","","","","28","","21","","64.4","","89.22","","","","","","NA"
"-114.01","51.12","CALGARY INTL A","3031092","2026-01-29 17:00","2026","01","29","17:00","","7.0","","-4.0","","45","","","","22","","6","","48.3","","89.24","","","","","","Mostly Cloudy"
"-114.01","51.12","CALGARY INTL A","3031092","2026-01-29 18:00","2026","01","29","18:00","","6.8","","-4.1","","46","","","","23","","17","","24.1","","89.27","","","","","","NA"
"-114.01","51.12","CALGARY INTL A","3031092","2026-01-29 19:00","2026","01","29","19:00","","7.5","","-4.4","","43","","","","28","","27","","24.1","","89.25","","","","","","NA"
"-114.01","51.12","CALGARY INTL A","3031092","2026-01-29 20:00","2026","01","29","20:00","","6.9","","-4.5","","44","","","","29","","25","","24.1","","89.19","","","","","","Mainly Clear"
"-114.01","51.12","CALGARY INTL A","3031092","2026-01-29 21:00","2026","01","29","21:00","","6.7","","-4.7","","44","","","","28","","27","","24.1","","89.23","","","","","","NA"
"-114.01","51.12","CALGARY INTL A","3031092","2026-01-29 22:00","2026","01","29","22:00","","6.8","","-5.0","","43","","","","28","","21","","24.1","","89.29","","","","","","NA"
"-114.01","51.12","CALGARY INTL A","3031092","2026-01-29 23:00","2026","01","29","23:00","","6.8","","-5.3","","42","","","","28","","24","","24.1","","89.34","","","","","","Clear"
"-114.01","51.12","CALGARY INTL A","3031092","2026-01-30 00:00","2026","01","30","00:00","","6.7","","-5.3","","42","","","","28","","29","","24.1","","89.31","","","","","","NA"
"-114.01","51.12","CALGARY INTL A","3031092","2026-01-30 01:00","2026","01","30","01:00","","6.5","","-5.3","","43","","","","27","","26","","24.1","","89.30","","","","","","NA"
"-114.01","51.12","CALGARY INTL A","3031092","2026-01-30 02:00","2026","01","30","02:00","","3.6","","-5.0","","53","","","","11","","9","","24.1","","89.27","","","","","","Mostly Cloudy"
"-114.01","51.12","CALGARY INTL A","3031092","2026-01-30 03:00","2026","01","30","03:00","","4.2","","-5.1","","51","","","","22","","13","","24.1","","89.29","","","","","","NA"
"-114.01","51.12","CALGARY INTL A","3031092","2026-01-30 04:00","2026","01","30","04:00","","2.5","","-5.2","","57","","","","18","","7","","24.1","","89.25","","","","","","NA"
"-114.01","51.12","CALGARY INTL A","3031092","2026-01-30 05:00","2026","01","30","05:00","","0.2","","-4.7","","69","","","","18","","10","","24.1","","89.22","","","","","","Mostly Cloudy"
"-114.01","51.12","CALGARY INTL A","3031092","2026-01-30 06:00","2026","01","30","06:00","","0.7","","-5.1","","65","","","","14","","3","","24.1","","89.19","","","","","","NA"
"-114.01","51.12","CALGARY INTL A","3031092","2026-01-30 07:00","2026","01","30","07:00","","1.0","","-5.1","","64","","","","20","","8","","24.1","","89.07","","","","","","NA"
"-114.01","51.12","CALGARY INTL A","3031092","2026-01-30 08:00","2026","01","30","08:00","","0.0","","-4.7","","71","","","","19","","10","","32.2","","89.03","","","","-3","","Cloudy"
"-114.01","51.12","CALGARY INTL A","3031092","2026-01-30 09:00","2026","01","30","09:00","","-0.5","","-4.5","","75","","","","17","","10","","48.3","","88.97","","","","-4","","NA"
"-114.01","51.12","CALGARY INTL A","3031092","2026-01-30 10:00","2026","01","30","10:00","","1.9","","-4.5","","63","","","","20","","8","","64.4","","88.90","","","","","","NA"
"-114.01","51.12","CALGARY INTL A","3031092","2026-01-30 11:00","2026","01","30","11:00","","3.3","","-4.1","","58","","","","21","","10","","64.4","","88.80","","","","","","Cloudy"
"-114.01","51.12","CALGARY INTL A","3031092","2026-01-30 12:00","2026","01","30","12:00","","5.8","","-4.5","","47","","","","21","","10","","64.4","","88.70","","","","","","NA"
"-114.01","51.12","CALGARY INTL A","3031092","2026-01-30 13:00","2026","01","30","13:00","","7.4","","-3.1","","47","","","","18","","8","","48.3","","88.60","","","","","","NA"
"-114.01","51.12","CALGARY INTL A","3031092","2026-01-30 14:00","2026","01","30","14:00","","8.7","","-2.6","","45","","","","16","","4","","48.3","","88.53","","","","","","Cloudy"
"-114.01","51.12","CALGARY INTL A","3031092","2026-01-30 15:00","2026","01","30","15:00","","8.5","","-2.0","","48","","","","17","","6","","64.4","","88.48","","","","","","NA"
"-114.01","51.12","CALGARY INTL A","3031092","2026-01-30 16:00","2026","01","30","16:00","","7.5","","-2.5","","49","","","","18","","7","","64.4","","88.42","","","","","","NA"
"-114.01","51.12","CALGARY INTL A","3031092","2026-01-30 17:00","2026","01","30","17:00","","9.7","","-3.9","","38","","","","27","","10","","64.4","","88.38","","","","","","Cloudy"
"-114.01","51.12","CALGARY INTL A","3031092","2026-01-30 18:00","2026","01","30","18:00","","9.1","","-3.7","","40","","","","28","","12","","24.1","","88.32","","","","","","NA"
"-114.01","51.12","CALGARY INTL A","3031092","2026-01-30 19:00","2026","01","30","19:00","","8.9","","-3.9","","40","","","","28","","12","","24.1","","88.30","","","","","","NA"
"-114.01","51.12","CALGARY INTL A","3031092","2026-01-30 20:00","2026","01","30","20:00","","8.8","","-4.0","","40","","","","28","","16","","24.1","","88.26","","","","","","Mostly Cloudy"
"-114.01","51.12","CALGARY INTL A","3031092","2026-01-30 21:00","2026","01","30","21:00","","8.8","","-4.3","","39","","","","28","","30","","24.1","","88.30","","","","","","NA"
"-114.01","51.12","CALGARY INTL A","3031092","2026-01-30 22:00","2026","01","30","22:00","","8.2","","-4.5","","40","","","","28","","21","","24.1","","88.35","","","","","","NA"
"-114.01","51.12","CALGARY INTL A","3031092","2026-01-30 23:00","2026","01","30","23:00","","8.2","","-4.4","","41","","","","27","","26","","24.1","","88.40","","","","","","Mostly Cloudy"
"-114.01","51.12","CALGARY INTL A","3031092","2026-01-31 00:00","2026","01","31","00:00","","7.7","","-4.4","","42","","","","28","","25","","24.1","","88.44","","","","","","NA"
"-114.01","51.12","CALGARY INTL A","3031092","2026-01-31 01:00","2026","01","31","01:00","","7.8","","-4.8","","41","","","","28","","32","","24.1","","88.50","","","","","","NA"
"-114.01","51.12","CALGARY INTL A","3031092","2026-01-31 02:00","2026","01","31","02:00","","7.1","","-5.1","","42","","","","31","","22","","24.1","","88.62","","","","","","Mostly Cloudy"
"-114.01","51.12","CALGARY INTL A","3031092","2026-01-31 03:00","2026","01","31","03:00","","3.9","","-4.7","","54","","","","36","","12","","24.1","","88.76","","","","","","NA"
"-114.01","51.12","CALGARY INTL A","3031092","2026-01-31 04:00","2026","01","31","04:00","","0.5","","-5.0","","67","","","","36","","11","","24.1","","88.79","","","","","","NA"
"-114.01","51.12","CALGARY INTL A","3031092","2026-01-31 05:00","2026","01","31","05:00","","2.0","","-4.9","","60","","","","7","","7","","24.1","","88.84","","","","","","Clear"
"-114.01","51.12","CALGARY INTL A","3031092","2026-01-31 06:00","2026","01","31","06:00","","2.0","","-6.0","","56","","","","33","","10","","24.1","","88.87","","","","","","NA"
"-114.01","51.12","CALGARY INTL A","3031092","2026-01-31 07:00","2026","01","31","07:00","","4.1","","-6.6","","45","","","","","","0","","24.1","","88.91","","","","","","NA"
"-114.01","51.12","CALGARY INTL A","3031092","2026-01-31 08:00","2026","01","31","08:00","","5.7","","-7.7","","38","","","","29","","28","","64.4","","89.02","","","","","","Mainly Clear"
"-114.01","51.12","CALGARY INTL A","3031092","2026-01-31 09:00","2026","01","31","09:00","","6.8","","-8.2","","34","","","","28","","26","","64.4","","89.10","","","","","","NA"
"-114.01","51.12","CALGARY INTL A","3031092","2026-01-31 10:00","2026","01","31","10:00","","8.2","","-8.4","","30","","","","28","","25","","64.4","","89.12","","","","","","NA"
"-114.01","51.12","CALGARY INTL A","3031092","2026-01-31 11:00","2026","01","31","11:00","","9.5","","-8.4","","27","","","","27","","27","","64.4","","89.12","","","","","","Mostly Cloudy"
"-114.01","51.12","CALGARY INTL A","3031092","2026-01-31 12:00","2026","01","31","12:00","","10.5","","-9.4","","24","","","","28","","33","","64.4","","89.14","","","","","","NA"
"-114.01","51.12","CALGARY INTL A","3031092","2026-01-31 13:00","2026","01","31","13:00","","11.2","","-9.3","","23","","","","29","","24","","64.4","","89.17","","","","","","NA"
"-114.01","51.12","CALGARY INTL A","3031092","2026-01-31 14:00","2026","01","31","14:00","","11.1","","-9.9","","22","","","","28","","29","","64.4","","89.19","","","","","","Mostly Cloudy"
"-114.01","51.12","CALGARY INTL A","3031092","2026-01-31 15:00","2026","01","31","15:00","","9.1","","-5.0","","36","","","","11","","14","","64.4","","89.17","","","","","","NA"
"-114.01","51.12","CALGARY INTL A","3031092","2026-01-31 16:00","2026","01","31","16:00","","6.5","","-4.6","","45","","","","15","","13","","64.4","","89.19","","","","","","NA"
"-114.01","51.12","CALGARY INTL A","3031092","2026-01-31 17:00","2026","01","31","17:00","","4.7","","-5.3","","48","","","","12","","8","","64.4","","89.18","","","","","","Cloudy"
"-114.01","51.12","CALGARY INTL A","3031092","2026-01-31 18:00","2026","01","31","18:00","","4.0","","-5.1","","52","","","","18","","3","","32.2","","89.18","","","","","","NA"
"-114.01","51.12","CALGARY INTL A","3031092","2026-01-31 19:00","2026","01","31","19:00","","4.1","","-5.3","","50","","","","18","","10","","24.1","","89.15","","","","","","NA"
"-114.01","51.12","CALGARY INTL A","3031092","2026-01-31 20:00","2026","01","31","20:00","","3.8","","-5.4","","51","","","","21","","5","","24.1","","89.14","","","","","","Mostly Cloudy"
"-114.01","51.12","CALGARY INTL A","3031092","2026-01-31 21:00","2026","01","31","21:00","","3.1","","-5.4","","54","","","","25","","8","","24.1","","89.15","","","","","","NA"
"-114.01","51.12","CALGARY INTL A","3031092","2026-01-31 22:00","2026","01","31","22:00","","1.7","","-4.7","","63","","","","15","","7","","24.1","","89.16","","","","","","NA"
"-114.01","51.12","CALGARY INTL A","3031092","2026-01-31 23:00","2026","01","31","23:00","","0.7","","-4.2","","70","","","","10","","6","","24.1","","89.09","","","","","","Mostly Cloudy"
