"INSTDATE","FIRSTROAD","SECONDROAD","QUADRANT","INT_TYPE","PEDBUTTONS","PED_TIMER","ACCESSIBLE_PEDESTRIAN_SIGNAL","latitude","longitude","Point","Count","MISTNO","UNITID"
"2024-09-01","30","SAGE HILL ROW","NW","Pedestrian RRFB","Yes","No","No","51.17464712155771","-114.14312434101748","POINT (-114.14312434101748 51.17464712155771)","1","B0128","1110443608"
"2008-02-04"," 12 AVENUE","  3 STREET","SE","Traffic signal","No","Yes","No","51.0412312435667","-114.05592693181134","POINT (-114.05592693181134 51.0412312435667)","1","0614","1109001367"
"1968-01-01","SOUTHLAND DRIVE","ELBOW DRIVE","SW","Traffic signal","Yes","Yes","Yes","50.9635377733721","-114.08484510869329","POINT (-114.08484510869329 50.9635377733721)","1","0694","1109000993"
"1946-01-01","  4 AVENUE","CENTRE STREET","S","Traffic signal","No","Yes","Yes","51.04931908667256","-114.06274044899592","POINT (-114.06274044899592 51.04931908667256)","1","0299","1109001284"
"1994-06-10","  2 AVENUE","  2 STREET","SW","Traffic signal","No","Yes","No","51.05136686461388","-114.0675373457364","POINT (-114.0675373457364 51.05136686461388)","1","0253","1109001236"
"1981-01-01","CROWCHILD TRAIL ","GLENMORE TRAIL","SW","Traffic signal","Yes","Yes","Yes","51.0006826835796","-114.1180341321622","POINT (-114.1180341321622 51.0006826835796)","1","0630","1109000782"
"2008-11-05","BEDDINGTON TRAIL","COUNTRY HILLS BOULEVARD","NW","Traffic signal","Yes","No","No","51.14473822663259","-114.09333903223512","POINT (-114.09333903223512 51.14473822663259)","1","1010","1109243201"
"2023-05-10","CORNERSTONE BOULEVARD","COUNTRY HILLS BOULEVARD","NE","Traffic signal","Yes","Yes","Yes","51.154308252348955","-113.93808290309063","POINT (-113.93808290309063 51.154308252348955)","1","1226","1110175407"
"1994-05-27","  9 AVENUE"," 10 STREET","SW","Traffic signal T intersection","Yes","Yes","No","51.045251512479446","-114.08622540402486","POINT (-114.08622540402486 51.045251512479446)","1","0369","1109000982"
"1978-05-01","ACADIA DRIVE","MAPLEGLADE DRIVE/WILLINGDON BV","SE","Overhead Flasher","Yes","No","No","50.95168562944613","-114.0414155122678","POINT (-114.0414155122678 50.95168562944613)","1","B2671","1109000898"
"1929-01-01","  7 AVENUE","CENTRE STREET","S","Traffic signal","No","Yes","Yes","51.046478438572905","-114.06296729725521","POINT (-114.06296729725521 51.046478438572905)","1","0341","1109001280"
"1966-08-01"," 20 AVENUE","  9 STREET","NW","Overhead Flasher","Yes","No","No","51.07054621371207","-114.08316684326702","POINT (-114.08316684326702 51.07054621371207)","1","B2567","1109001031"
"2017-08-16","COPPERFIELD BOULEVARD","COPPERLEAF LINK","SE","Pedestrian RRFB","Yes","No","No","50.911090012301344","-113.93378290089296","POINT (-113.93378290089296 50.911090012301344)","1","B2891","1110058809"
"1999-09-16"," 54 AVENUE","BARLOW TRAIL","SE","Traffic signal T intersection","Yes","Yes","No","51.00452610838809","-113.99447166096223","POINT (-113.99447166096223 51.00452610838809)","1","0597","1109001645"
"1982-08-01"," 28 STREET"," 14 AVENUE","SE","Overhead Flasher","Yes","No","No","51.0405225946617","-113.99306201241203","POINT (-113.99306201241203 51.0405225946617)","1","B2614","1109001648"
"2018-07-10"," 17 AVENUE"," 31 STREET","SE","Traffic signal T intersection","Yes","Yes","Yes","51.037823731335294","-113.98935746240346","POINT (-113.98935746240346 51.037823731335294)","1","1169","1110009368"
"1977-01-01"," 94 AVENUE","MACLEOD TRAIL","S","Traffic signal","Yes","Yes","No","50.9686348934185","-114.07161369008064","POINT (-114.07161369008064 50.9686348934185)","1","0685","1109001139"
"1929-01-01","  7 AVENUE","  1 STREET","SW","Traffic signal","No","Yes","No","51.04656542195599","-114.06541186186435","POINT (-114.06541186186435 51.04656542195599)","1","0340","1109001254"
"2012-04-18","QUARRY PARK BOULEVARD","QUARRY GATE","SE","Pedestrian RRFB","Yes","No","No","50.96104795966275","-114.0174420648808","POINT (-114.0174420648808 50.96104795966275)","1","B2764","1109641388"
"2022-03-29"," 24 AVENUE"," 15 STREET","NW","Pedestrian RRFB","Yes","No","No","51.074272582533006","-114.09715955601435","POINT (-114.09715955601435 51.074272582533006)","1","B0064","1110263709"
"1972-01-01","MacDONALD AVENUE","  8 STREET","SE","Traffic signal T intersection","Yes","Yes","No","51.0412217019875","-114.0419424339778","POINT (-114.0419424339778 51.0412217019875)","1","0422","1109000895"
"1974-01-01","CANTERBURY DRIVE","ELBOW DRIVE","SW","Traffic signal","Yes","Yes","Yes","50.94785966222744","-114.08453194564729","POINT (-114.08453194564729 50.94785966222744)","1","0731","1109001000"
"2002-09-12"," 64 AVENUE","FALCONRIDGE BOULEVARD","NE","Traffic signal","Yes","No","No","51.1106310495383","-113.94691133036862","POINT (-113.94691133036862 51.1106310495383)","1","0906","1109001813"
"1989-06-29"," 90 AVENUE"," 24 STREET","SW","Traffic signal","Yes","Yes","Yes","50.97221620935814","-114.11792509165096","POINT (-114.11792509165096 50.97221620935814)","1","0671","1109000777"
"2019-01-31","WESTWINDS DRIVE"," 47 STREET","NE","Traffic signal","Yes","Yes","Yes","51.10012716665518","-113.96592107653129","POINT (-113.96592107653129 51.10012716665518)","1","1145","1109955827"
"2021-01-06"," 17 AVENUE","ASPEN STONE BV/ST MORITZ DR","SW","Traffic signal","Yes","Yes","Yes","51.037846266125726","-114.21675870339358","POINT (-114.21675870339358 51.037846266125726)","1","1192","1110175638"
"2017-12-21"," 42 AVENUE","BRANDON STREET","SE","Pedestrian RRFB","Yes","No","No","51.01593106108115","-114.05550860809105","POINT (-114.05550860809105 51.01593106108115)","1","B2899","1110061942"
"1971-08-01","STONEHAVEN ROAD","ELBOW DRIVE","SW","Overhead Flasher","Yes","No","No","50.95615712348091","-114.08480320124166","POINT (-114.08480320124166 50.95615712348091)","1","B2670","1109000994"
"2014-12-17","EVERRIDGE DRIVE","EVERMEADOW AVENUE","SW","Overhead Flasher","Yes","No","No","50.91397178442239","-114.12351252036218","POINT (-114.12351252036218 50.91397178442239)","1","B2785","1109780701"
"1968-01-01"," 40 AVENUE","  4 STREET","NW","Traffic signal","Yes","No","No","51.087378923427224","-114.07162188272778","POINT (-114.07162188272778 51.087378923427224)","1","0082","1109001152"
"2020-01-08","KENSINGTON ROAD","KENSINGTON CRESCENT/11A STREET","NW","Overhead Flasher","Yes","No","No","51.052508863485414","-114.0903219300316","POINT (-114.0903219300316 51.052508863485414)","1","B0019","1110203134"
"2006-12-18"," 75 AVENUE","EAGLE RIDGE DRIVE","SW","Traffic signal","Yes","Yes","Yes","50.988116146117974","-114.09625604185618","POINT (-114.09625604185618 50.988116146117974)","1","0865","1109000853"
"2024-09-17","ACADIA DRIVE","ANCOURT ROAD","SE","Pedestrian RRFB","Yes","No","No","50.97217063536445","-114.05331366301189","POINT (-114.05331366301189 50.97217063536445)","1","B0121","1110433912"
"2015-02-12","  9 AVENUE","  9 STREET","SE","Overhead Flasher","Yes","No","No","51.0428480223107","-114.03945794953039","POINT (-114.03945794953039 51.0428480223107)","1","B2800","1109797782"
"1987-11-18"," 64 AVENUE","DEERFOOT TRAIL","NE","Traffic signal T intersection","Yes","Yes","No","51.1105949858546","-114.04804304909095","POINT (-114.04804304909095 51.1105949858546)","1","0025","1109000875"
"2017-03-30","AUBURN MEADOWS AVENUE/MAHOGANY ST"," 52 STREET","SE","Traffic signal","Yes","Yes","No","50.89657650196935","-113.94321703727063","POINT (-113.94321703727063 50.89657650196935)","1","1157","1109971126"
"1983-01-01"," 27 AVENUE/SUNRIDGE BOULEVARD","BARLOW TRAIL","NE","Traffic signal","Yes","No","No","51.07687906940335","-114.0016803206987","POINT (-114.0016803206987 51.07687906940335)","1","0156","1109001572"
"2021-12-01","WALDEN BOULEVARD","WALDEN GROVE","SE","Pedestrian RRFB","Yes","No","No","50.86963402929621","-114.02979933742607","POINT (-114.02979933742607 50.86963402929621)","1","B0056","1110312060"
"2001-08-31","BANNISTER ROAD/SHAWNEE GATE","SHAWNEE DRIVE","SW","Traffic signal","Yes","No","No","50.92656152514475","-114.07275815347143","POINT (-114.07275815347143 50.92656152514475)","1","0830","1109001131"
"1981-01-01","SOUTHPORT RD/WILLOW PARK","MACLEOD TRAIL","S","Traffic signal","Yes","Yes","Yes","50.957612233231444","-114.07165835516265","POINT (-114.07165835516265 50.957612233231444)","1","0705","1109001137"
"2026-09-08","76 AVENUE","20A STREET","SE","Pedestrian RRFB","Yes","No","No","50.98504403594604","-114.01017185924678","POINT (-114.01017185924678 50.98504403594604)","1","B0225","1110626597"
"1990-09-19","  3 AVENUE","  5 STREET","SW","Traffic signal","No","Yes","No","51.05059361288285","-114.07352281438864","POINT (-114.07352281438864 51.05059361288285)","1","0281","1109001124"
"1985-01-01"," 44 AVENUE"," 36 STREET","NE","Traffic signal T intersection","Yes","Yes","No","51.09115600797277","-113.98172940905658","POINT (-113.98172940905658 51.09115600797277)","1","0091","1109001705"
"1967-01-01","NORTHMOUNT DRIVE"," 19 STREET","NW","Traffic signal","Yes","Yes","Yes","51.087549418969644","-114.10912313306392","POINT (-114.10912313306392 51.087549418969644)","1","0077","1109000812"
"2001-06-28","AIRPORT TRAIL/96 AVENUE","DEERFOOT TRAIL","NE","Traffic signal","No","No","No","51.14165766821977","-114.03832703861372","POINT (-114.03832703861372 51.14165766821977)","1","0908","1109000910"
"1992-06-01","RIVERGLEN DR/RIVERBEND GT"," 18 STREET","SE","Traffic signal","Yes","Yes","Yes","50.975694834615105","-114.01573461660794","POINT (-114.01573461660794 50.975694834615105)","1","0657","1109001460"
"2011-10-29","COUNTRY HILLS BOULEVARD","METIS TRAIL","NE","Traffic signal","Yes","No","No","51.15408550256706","-113.97002359478141","POINT (-113.97002359478141 51.15408550256706)","1","1016","1109243829"
"2016-06-22","HAWKSIDE PARK","HAWKWOOD BOULEVARD","NW","Pedestrian RRFB","Yes","No","No","51.129987553105856","-114.17814607618317","POINT (-114.17814607618317 51.129987553105856)","1","B2828","1110001162"
"1991-08-13","GODDARD AVENUE","  4 STREET","NE","Traffic signal","Yes","No","No","51.09748176419153","-114.05386331255843","POINT (-114.05386331255843 51.09748176419153)","1","0054","1109001381"
"2021-06-01"," 40 AVENUE","MARKET MALL ENTRANCE","NW","1/2 signal","Yes","Yes","Yes","51.08824409808203","-114.15594069253878","POINT (-114.15594069253878 51.08824409808203)","1","0512","1110228023"
"1954-01-01","  6 AVENUE","  1 STREET","SE","Traffic signal","No","Yes","Yes","51.047373797915974","-114.06043997647583","POINT (-114.06043997647583 51.047373797915974)","1","0328","1109001325"
"2016-08-22"," 15 AVENUE","  4 STREET","SW","Traffic signal","Yes","Yes","Yes","51.03882897515384","-114.07152123729425","POINT (-114.07152123729425 51.03882897515384)","1","0774","1109936494"
"1985-01-01"," 90 AVENUE","JERUSALEM ROAD/16 STREET","SW","Traffic signal","Yes","Yes","Yes","50.97222813139327","-114.1004465975384","POINT (-114.1004465975384 50.97222813139327)","1","0674","1109000842"
"1969-01-01","HERITAGE DRIVE"," 14 STREET","SW","Traffic signal","Yes","Yes","Yes","50.97957656534306","-114.09486058613012","POINT (-114.09486058613012 50.97957656534306)","1","0660","1109000928"
"1954-01-01"," 17 AVENUE","  1 STREET","SW","Traffic signal T intersection","No","Yes","No","51.03783264527135","-114.06605967471582","POINT (-114.06605967471582 51.03783264527135)","1","0456","1109001246"
"2021-02-24"," 13 AVENUE","  1 STREET","SW","Traffic signal","Yes","Yes","Yes","51.040555551525664","-114.06586633145625","POINT (-114.06586633145625 51.040555551525664)","1","1181","1109759176"
"2018-01-23","130 AVENUE","DEERFOOT TRAIL","SE","Pedestrian RRFB","Yes","No","No","50.93168194839665","-113.97283471758155","POINT (-113.97283471758155 50.93168194839665)","1","B2906","1110063421"
"2023-01-09","PANATELLA BOULEVARD","PANATELLA HILL","NW","Pedestrian RRFB",,"No","No","51.16871023752424","-114.0885305899372","POINT (-114.0885305899372 51.16871023752424)","1","B0065","1110342729"
"1987-08-31"," 32 AVENUE"," 23 STREET","NE","Traffic signal","Yes","Yes","Yes","51.08147826530042","-114.00510934771975","POINT (-114.00510934771975 51.08147826530042)","1","0144","1109001484"
"1986-10-01","BOW CRESCENT/BOWWOOD DRIVE","BOWNESS ROAD","NW","Overhead Flasher","Yes","No","No","51.08022274797902","-114.1733056265967","POINT (-114.1733056265967 51.08022274797902)","1","B2544","1109000608"
"2001-08-30"," 24 AVENUE","  4 STREET","SW","Traffic signal","No","Yes","No","51.03156234002858","-114.07145013194969","POINT (-114.07145013194969 51.03156234002858)","1","0489","1109001183"
"2016-12-28"," 33 AVENUE"," 16 STREET","SW","Pedestrian RRFB","Yes","No","No","51.02399748882327","-114.0995210693439","POINT (-114.0995210693439 51.02399748882327)","1","B2847","1110001187"
"2009-09-11","McIVOR BOULEVARD/McKENZIE TOWNE DR"," 52 STREET","SE","Traffic signal","Yes","Yes","Yes","50.912755083062144","-113.95188418043486","POINT (-113.95188418043486 50.912755083062144)","1","1002","1109243383"
"2019-12-17","EVERSTONE DRIVE","FISH CREEK BOULEVARD","SW","Overhead Flasher","Yes","No","No","50.9176265895681","-114.10568888564511","POINT (-114.10568888564511 50.9176265895681)","1","B0001","1110203109"
"2017-02-22"," 96 AVENUE","AURORA PARK DRIVE","NE","1/2 signal","Yes","Yes","No","51.14206541776382","-114.05085525713736","POINT (-114.05085525713736 51.14206541776382)","1","1054","1109412879"
"1973-01-01","MEMORIAL DRIVE"," 36 STREET","E","Traffic signal","Yes","Yes","Yes","51.05210494185662","-113.98171913414748","POINT (-113.98171913414748 51.05210494185662)","1","0276","1109001696"
"2007-12-24","COUNTRY VILLAGE RD/COVENTRY HILLS W","COVENTRY HILLS BV/COVENTRY HILLS WY","NE","Traffic signal","Yes","No","No","51.163135408289016","-114.05641637552546","POINT (-114.05641637552546 51.163135408289016)","1","0981","1109001361"
"1997-10-20","MARLBOROUGH DRIVE","MARLBOROUGH WAY","NE","Traffic signal","Yes","No","No","51.05951255594771","-113.9750830315","POINT (-113.9750830315 51.05951255594771)","1","0229","1109001729"
"1966-01-01"," 12 AVENUE","  5 STREET","SW","Traffic signal","Yes","Yes","Yes","51.04172934024098","-114.07415047010117","POINT (-114.07415047010117 51.04172934024098)","1","0414","1109001113"
"1957-01-01","  9 AVENUE"," 15 STREET/17 AVENUE","SE","Traffic signal","Yes","Yes","Yes","51.03773898638867","-114.02512227583271","POINT (-114.02512227583271 51.03773898638867)","1","0384","1109001441"
"1976-01-01"," 10 AVENUE"," 11 STREET","SW","Traffic signal","No","Yes","Yes","51.04404748127981","-114.08878536133992","POINT (-114.08878536133992 51.04404748127981)","1","0390","1109000970"
"2017-02-23","COUNTRY HILLS BOULEVARD"," 25 STREET ","NE","Traffic signal","Yes","No","No","51.154311898059674","-113.99740613083887","POINT (-113.99740613083887 51.154311898059674)","1","1061","1109407701"
"1974-01-01"," 17 AVENUE"," 52 STREET","SE","Traffic signal","Yes","Yes","Yes","51.037825924178506","-113.95837941782077","POINT (-113.95837941782077 51.037825924178506)","1","0467","1109001778"
"2007-10-02","RICHMOND ROAD"," 42 STREET","SW","Overhead Flasher","Yes","No","No","51.02020533446048","-114.14826655113549","POINT (-114.14826655113549 51.02020533446048)","1","B2740","1109001941"
"2011-03-28","RIVERFRONT AVENUE","  2 STREET","SW","Traffic signal T intersection","No","Yes","No","51.05230176389139","-114.06749149942327","POINT (-114.06749149942327 51.05230176389139)","1","0999","1109235027"
"2014-05-02","AIRPORT TRAIL"," 36 STREET","NE","Traffic signal","Yes","Yes","No","51.13978198052112","-113.98170671868559","POINT (-113.98170671868559 51.13978198052112)","1","1110","1109726088"
"2007-07-11","CROWCHILD TRAIL","NOSE HILL DRIVE","NW","Traffic signal","Yes","No","No","51.12011660042873","-114.20258742445263","POINT (-114.20258742445263 51.12011660042873)","1","0965","1109000562"
"1975-01-01","MILLICAN ROAD","OGDEN ROAD","SE","Traffic signal T intersection","Yes","No","No","50.99965924405514","-114.00975203406453","POINT (-114.00975203406453 50.99965924405514)","1","0610","1109001478"
"2026-04-22"," 16 AVENUE","STRATUS DRIVE","NE","Traffic signal T intersection","Yes","Yes","Yes","51.06700803718777","-114.03918748920321","POINT (-114.03918748920321 51.06700803718777)","1","1287","1110307068"
"2020-02-12","COVENTRY DRIVE","COVENTRY CLOSE","NE","Pedestrian RRFB","Yes","No","No","51.156966057059776","-114.04734328233921","POINT (-114.04734328233921 51.156966057059776)","1","B2756","1110188198"
"2003-07-31"," 14 AVENUE"," 44 STREET","SE","Traffic signal","Yes","Yes","No","51.040936995997384","-113.970001159442","POINT (-113.970001159442 51.040936995997384)","1","0232","1109001746"
"2023-01-09","PANATELLA BOULEVARD","PANTON GATE","NW","Pedestrian RRFB","Yes","No","No","51.169278026224674","-114.08647269579238","POINT (-114.08647269579238 51.169278026224674)","1","B0070","1110342730"
"2017-06-15"," 19 AVENUE"," 11 STREET","SE","Pedestrian RRFB","Yes","No","No","51.036227164051446","-114.03676720099905","POINT (-114.03676720099905 51.036227164051446)","1","B2861","1110038966"
"2008-05-06"," 17 AVENUE"," 27 STREET","SW","Overhead Flasher","Yes","No","No","51.03781065807911","-114.1267290495396","POINT (-114.1267290495396 51.03781065807911)","1","B2749","1109001942"
"1965-01-01","HERITAGE DRIVE","FAIRMOUNT DRIVE","SE","Traffic signal","Yes","Yes","Yes","50.97956412707426","-114.05993892102778","POINT (-114.05993892102778 50.97956412707426)","1","0665","1109001336"
"2018-07-23","MEMORIAL DRIVE","ZOO ROAD","NE","Traffic signal T intersection","Yes","Yes","Yes","51.04763652025596","-114.0361709226506","POINT (-114.0361709226506 51.04763652025596)","1","0689","1110068089"
"1987-10-28"," 63 AVENUE","CROWCHILD TRAIL","SW","Traffic signal T intersection","Yes","No","Yes","50.9971670199639","-114.11791451247016","POINT (-114.11791451247016 50.9971670199639)","1","0642","1109000779"
"2021-09-09"," 23 AVENUE","BANFF TRAIL","NW","Pedestrian RRFB","Yes","No","No","51.07101337580246","-114.11674212294345","POINT (-114.11674212294345 51.07101337580246)","1","B0042","1110263803"
"1972-06-01"," 96 AVENUE","ELBOW DRIVE","SW","Overhead Flasher","Yes","No","No","50.96872498617136","-114.08475489679591","POINT (-114.08475489679591 50.96872498617136)","1","B2663","1109000996"
"1988-02-17","  2 AVENUE","CENTRE STREET","S","Traffic signal","No","Yes","Yes","51.05122677146608","-114.06262423023803","POINT (-114.06262423023803 51.05122677146608)","1","0285","1109001288"
"2012-08-22","194 AVENUE","CHAPARRAL DR/WALDEN GT ","SE","Traffic signal","Yes","Yes","Yes","50.87704752818677","-114.03664182349411","POINT (-114.03664182349411 50.87704752818677)","1","1045","1109395837"
"2017-12-19","CASTLERIDGE DRIVE"," 54 STREET","NE","Pedestrian RRFB","Yes","No","No","51.10812980407506","-113.95595121668079","POINT (-113.95595121668079 51.10812980407506)","1","B2908","1110067623"
"2021-10-05"," 10 AVENUE"," 19 STREET","SW","1/2 signal",,"Yes","Yes","51.044549640258765","-114.10653088322087","POINT (-114.10653088322087 51.044549640258765)","1","1103","1110275839"
"2010-03-22"," 64 AVENUE","MARTINGROVE DRIVE","NE","Overhead Flasher","Yes","No","No","51.11064488759148","-113.95212863703222","POINT (-113.95212863703222 51.11064488759148)","1","B2761","1109553497"
"1981-01-01","JOHN LAURIE BOULEVARD","SARCEE TRAIL","NW","Traffic signal","No","No","No","51.12079946127334","-114.16668438204456","POINT (-114.16668438204456 51.12079946127334)","1","0043","1109000619"
"2003-09-10"," 50 AVENUE","CROWCHILD TRAIL","SW","Traffic signal","Yes","No","No","51.00872257511867","-114.11716171273048","POINT (-114.11716171273048 51.00872257511867)","1","0585","1109000778"
"2003-01-23","HERITAGE DRIVE","HERITAGE GATE/HERITAGE MDWS WY","SE","Traffic signal","Yes","No","No","50.987166431056025","-114.0441016793985","POINT (-114.0441016793985 50.987166431056025)","1","0672","1109000885"
"2022-01-25"," 18 AVENUE","EDMONTON TRAIL","NE","Traffic signal","Yes","Yes","Yes","51.06878613053316","-114.05605899475194","POINT (-114.05605899475194 51.06878613053316)","1","1248","1110309606"
"2022-07-25","MCKENZIE LAKE BOULEVARD","MCKENZIE LAKE GA/MOUNTAIN PARK CI","SE","Pedestrian RRFB","Yes","No","No","50.91149069108831","-113.98656351674045","POINT (-113.98656351674045 50.91149069108831)","1","B0063","1110336214"
"2020-08-06"," 30 AVENUE"," 37 STREET","SW","Overhead Flasher","Yes","No","No","51.02694763573578","-114.141145794151","POINT (-114.141145794151 51.02694763573578)","1","B0039","1110263718"
"1998-07-31"," 43 AVENUE"," 68 STREET","NE","Traffic signal","Yes","Yes","Yes","51.091663617623944","-113.93506276846183","POINT (-113.93506276846183 51.091663617623944)","1","0092","1109001523"
"2026-04-01","117 AVENUE","WOODPARK BOULEVARD","SW","Overhead Flasher","Yes","No","No","50.94731672084742","-114.10893910338129","POINT (-114.10893910338129 50.94731672084742)","1","B0086","1110406351"
"2016-03-22","112 AVENUE","ROYAL VISTA LINK","NW","Traffic signal T intersection","Yes","No","No","51.15397395028537","-114.20521150221651","POINT (-114.20521150221651 51.15397395028537)","1","1131","1109783454"
"2012-05-08","RICHARD ROAD","WESTMOUNT WAY","SW","Traffic signal","Yes","Yes","Yes","51.011001900199794","-114.12689876985006","POINT (-114.12689876985006 51.011001900199794)","1","0582","1109000752"
"1981-01-01"," 33 AVENUE"," 29 STREET","SW","Traffic signal","Yes","No","No","51.02524138198426","-114.12955302704094","POINT (-114.12955302704094 51.02524138198426)","1","0544","1109000738"
"1987-08-27","  9 AVENUE","  3 STREET","SE","Traffic signal","No","Yes","Yes","51.04440054396302","-114.05571587311535","POINT (-114.05571587311535 51.04440054396302)","1","0381","1109001368"
"1999-08-28","PEIGAN TRAIL"," 25 STREET/26 STREET","SE","Traffic signal","Yes","Yes","Yes","51.01535343558374","-113.9991480684312","POINT (-113.9991480684312 51.01535343558374)","1","0563","1109001633"
"2012-05-24"," 18 STREET","RIVERVIEW CLOSE/RIVERWOOD CIRCLE","SE","Pedestrian RRFB","Yes","No","No","50.97011373008669","-114.01532707842748","POINT (-114.01532707842748 50.97011373008669)","1","B2774","1109001926"
"2019-04-17","140 AVENUE/SYMONS VALLEY PARKWAY","STONEY TRAIL/14 STREET","NW","Traffic signal","Yes","Yes","Yes","51.18148294877974","-114.09463069643398","POINT (-114.09463069643398 51.18148294877974)","1","1171","1110038969"
"1966-08-01","ELBOW DRIVE"," 87 AVENUE","SW","Overhead Flasher","Yes","No","No","50.97525190583819","-114.08435383600909","POINT (-114.08435383600909 50.97525190583819)","1","B2660","1109001004"
"2019-12-16","BRIDLERIDGE HEIGHTS"," 24 STREET","SW","Pedestrian RRFB","Yes","No","No","50.90315146066095","-114.11710335692369","POINT (-114.11710335692369 50.90315146066095)","1","B0002","1110203116"
"1976-01-01","BOWNESS ROAD","HOME ROAD","NW","Traffic signal","Yes","Yes","Yes","51.07527676204417","-114.1644048699927","POINT (-114.1644048699927 51.07527676204417)","1","0152","1109000630"
"1989-11-16"," 32 AVENUE","COLLEGIATE BOULEVARD","NW","Traffic signal T intersection","Yes","No","No","51.08146701601065","-114.13752955137926","POINT (-114.13752955137926 51.08146701601065)","1","0129","1109000717"
"2022-01-19","COPPERSTONE STREET","MCIVOR BOULEVARD","SE","Traffic signal T intersection","Yes","Yes","Yes","50.91573743389717","-113.93474204709487","POINT (-113.93474204709487 50.91573743389717)","1","1224","1110204763"
"1971-01-01","NORTHMOUNT DRIVE","BRISEBOIS DRIVE","NW","Traffic signal","Yes","Yes","Yes","51.09309394630944","-114.12885065072348","POINT (-114.12885065072348 51.09309394630944)","1","0075","1109000748"
"2017-06-12","HIDDEN SPRING CI/HIDDEN SPRING CL","HIDDEN VALLEY DRIVE","NW","Pedestrian RRFB","Yes","No","No","51.151526505541526","-114.10937387088782","POINT (-114.10937387088782 51.151526505541526)","1","B2859","1110001833"
"2017-05-28","BARLOW TRAIL","GLENMORE TRAIL","SE","Traffic signal","Yes","No","No","50.978726684950516","-113.98178861119273","POINT (-113.98178861119273 50.978726684950516)","1","1142","1109938845"
"2000-11-02","CROWCHILD TRAIL","12 MILE COULEE ROAD","NW","Traffic signal","Yes","Yes","Yes","51.143437057929184","-114.25697672047087","POINT (-114.25697672047087 51.143437057929184)","1","0909","1109000525"
"1977-01-01","BARLOW TRAIL","McKNIGHT BOULEVARD","NE","Traffic signal","Yes","No","No","51.09280534580128","-114.00168449805642","POINT (-114.00168449805642 51.09280534580128)","1","0058","1109001502"
"2017-12-07","SHAWNEE DRIVE","SHAWNEE RISE/6 STREET","SW","Pedestrian RRFB","Yes","No","No","50.924175376889515","-114.07734713425853","POINT (-114.07734713425853 50.924175376889515)","1","B2881","1110046504"
"2018-12-03","MORLEY TRAIL"," 28 AVENUE","NW","Pedestrian RRFB","Yes","No","No","51.07873057175012","-114.11431421607698","POINT (-114.11431421607698 51.07873057175012)","1","B2917","1110098966"
"1986-07-02","MACLEOD TRAIL"," 18 AVENUE","SE","Fire signal","No","No","No","51.03669633735733","-114.05877355840315","POINT (-114.05877355840315 51.03669633735733)","1","1267","1109379313"
"2020-02-05","SADDLEHORN DRIVE"," 60 STREET","NE","Overhead Flasher","Yes","No","No","51.12946331189267","-113.94675726754062","POINT (-113.94675726754062 51.12946331189267)","1","B0024","1110203139"
"1964-01-01","  7 AVENUE","  7 STREET","SW","Traffic signal","No","Yes","Yes","51.046958366609594","-114.07873669991973","POINT (-114.07873669991973 51.046958366609594)","1","0334","1109001065"
"1966-08-01"," 10 STREET"," 23 AVENUE","NW","Overhead Flasher","Yes","No","No","51.07321322463112","-114.0845888828382","POINT (-114.0845888828382 51.07321322463112)","1","B2554","1109001003"
"2005-07-07","HARVEST HILLS BOULEVARD","HARVEST OAK GATE","N","Traffic signal T intersection","Yes","No","No","51.14701335809419","-114.06374287072329","POINT (-114.06374287072329 51.14701335809419)","1","0944","1109001275"
"1966-08-01","BOWNESS ROAD"," 73 STREET","NW","Overhead Flasher","Yes","No","No","51.08896467469226","-114.19338022765473","POINT (-114.19338022765473 51.08896467469226)","1","B2505","1109000578"
"2012-02-01","CHURCHILL DRIVE","HERITAGE DRIVE","SW","Overhead Flasher","Yes","No","No","50.97961342722315","-114.09165911269167","POINT (-114.09165911269167 50.97961342722315)","1","B2731","1109000917"
"1981-09-01","BEDDINGTON BOULEVARD","BERWICK WAY","NW","Overhead Flasher","Yes","No","No","51.13015553592396","-114.08361112801326","POINT (-114.08361112801326 51.13015553592396)","1","B2501","1109001015"
"2024-12-20","ELBOW DRIVE","SOUTHAMPTON DRIVE","SW","Overhead Flasher","Yes","No","No","50.96064929411011","-114.08479482022643","POINT (-114.08479482022643 50.96064929411011)","1","B0133","1110469904"
"2024-12-18","80 AVENUE","STONEY TRAIL","NE","Traffic signal",,"No","No","51.125205768823044","-113.91762312672927","POINT (-113.91762312672927 51.125205768823044)","1","1264","1110504793"
"2012-01-12","HERITAGE DRIVE","ASHWORTH ROAD","SE","Overhead Flasher","Yes","No","No","50.979889469812264","-114.05345644346698","POINT (-114.05345644346698 50.979889469812264)","1","B2730","1109001548"
"1971-01-01"," 16 AVENUE WB","DEERFOOT TRAIL SB RAMP","NE","Traffic signal","No","No","No","51.067385006348054","-114.02811876522401","POINT (-114.02811876522401 51.067385006348054)","1","0205","1109001431"
"2017-01-25"," 17 AVENUE"," 25 STREET","SW","Overhead Flasher","Yes","No","No","51.03780942372723","-114.12077939825414","POINT (-114.12077939825414 51.03780942372723)","1","B2816","1109985725"
"2000-07-21","CORAL SPRINGS BOULEVARD"," 68 STREET","NE","Traffic signal T intersection","Yes","No","No","51.09913662913185","-113.93509921597774","POINT (-113.93509921597774 51.09913662913185)","1","0035","1109001526"
"1973-01-01","  6 AVENUE"," 10 STREET","SW","Traffic signal","Yes","Yes","Yes","51.04808225789275","-114.08602516770316","POINT (-114.08602516770316 51.04808225789275)","1","0317","1109000984"
"2012-06-29","SETON BOULEVARD","AUBURN BAY LINK","SE","Traffic signal","Yes","Yes","No","50.883335848062465","-113.95328672832328","POINT (-113.95328672832328 50.883335848062465)","1","1028","1109001905"
"2009-06-22","SPRINGBOROUGH BOULEVARD"," 69 STREET","SW","Traffic signal","Yes","Yes","Yes","51.035507311958526","-114.18756136638085","POINT (-114.18756136638085 51.035507311958526)","1","0970","1109000589"
"1976-08-01","SOUTHLAND DRIVE","  5 STREET","SE","Overhead Flasher","Yes","No","No","50.96403334045456","-114.05230272334747","POINT (-114.05230272334747 50.96403334045456)","1","B2665","1109001397"
"1951-01-01","  8 AVENUE","  4 STREET","SW","Traffic signal","No","Yes","No","51.04580306884896","-114.07146914109569","POINT (-114.07146914109569 51.04580306884896)","1","0350","1109001134"
"1971-01-01"," 42 AVENUE","CLEVELAND CR/MANHATTAN RD","SE","Traffic signal","Yes","Yes","Yes","51.01592591017785","-114.05307397133394","POINT (-114.05307397133394 51.01592591017785)","1","0568","1109001386"
"2011-03-30","COUNTRY HILLS BOULEVARD"," 36 STREET","NE","Traffic signal","Yes","No","No","51.154306115642655","-113.98165962844473","POINT (-113.98165962844473 51.154306115642655)","1","1040","1109001082"
"1996-08-16","162 AVENUE","SHAWVILLE RISE/SHAWVILLE WAY","SE","Traffic signal","Yes","Yes","Yes","50.903322562925396","-114.06952996779705","POINT (-114.06952996779705 50.903322562925396)","1","0758","1109001202"
"2017-06-21","APPLEWOOD DRIVE"," 68 STREET","SE","Traffic signal T intersection","Yes","No","No","51.04559406051553","-113.93513298027086","POINT (-113.93513298027086 51.04559406051553)","1","0488","1109001615"
"1972-01-01","  4 AVENUE","  6 STREET","SW","Traffic signal","No","Yes","Yes","51.04970569338743","-114.07605415938373","POINT (-114.07605415938373 51.04970569338743)","1","0293","1109001099"
"1980-01-01","JOHN LAURIE BOULEVARD","SHAGANAPPI TRAIL","NW","Traffic signal","Yes","Yes","No","51.109107360761975","-114.1400826350122","POINT (-114.1400826350122 51.109107360761975)","1","0045","1109000708"
"1972-01-01","  1 AVENUE","EDMONTON TRAIL ","NE","Traffic signal","No","Yes","No","51.05325987372745","-114.0502731259955","POINT (-114.0502731259955 51.05325987372745)","1","0250","1109000856"
"2006-07-03","SARCEE TRAIL","SHERWOOD S.C. DRIVE","NW","Traffic signal T intersection","Yes","No","No","51.15734508666789","-114.16238418638787","POINT (-114.16238418638787 51.15734508666789)","1","0956","1109000637"
"1992-06-16","ELBOW DRIVE","  5 STREET","SW","Traffic signal T intersection","Yes","Yes","No","51.02960981901137","-114.0732892345312","POINT (-114.0732892345312 51.02960981901137)","1","0529","1109001126"
"1976-01-01","RUNDLEHORN DRIVE"," 52 STREET","NE","Traffic signal","Yes","Yes","Yes","51.07164301256059","-113.95837763036674","POINT (-113.95837763036674 51.07164301256059)","1","0171","1109001776"
"2017-09-27","BOWNESS ROAD"," 62 STREET","NW","Overhead Flasher","Yes","No","No","51.08487789793554","-114.17816212232455","POINT (-114.17816212232455 51.08487789793554)","1","B2850","1110028121"
"2005-09-07","DEERFOOT TRAIL SB RAMP","DOUGLASDALE BOULEVARD","SE","Traffic signal T intersection","No","No","No","50.947655214725344","-114.00479708397759","POINT (-114.00479708397759 50.947655214725344)","1","0883","1109001487"
"1980-01-01"," 78 AVENUE","CENTRE STREET","N","Traffic signal","Yes","Yes","Yes","51.12258418172282","-114.07143720562432","POINT (-114.07143720562432 51.12258418172282)","1","0005","1109001178"
"1952-01-01"," 16 AVENUE","EDMONTON TRAIL","NE","Traffic signal","No","Yes","No","51.06691542380258","-114.05616383648459","POINT (-114.05616383648459 51.06691542380258)","1","0202","1109001363"
"1982-08-01"," 44 AVENUE","WHITERIDGE WAY","NE","Overhead Flasher","Yes","No","No","51.09245045861541","-113.96828028751392","POINT (-113.96828028751392 51.09245045861541)","1","B2538","1109001747"
"1990-12-17","162 AVENUE","SHAWVILLE BOULEVARD","SE","Traffic signal","Yes","Yes","Yes","50.9041079334038","-114.0661125577232","POINT (-114.0661125577232 50.9041079334038)","1","0759","1109001245"
"1990-03-09"," 17 AVENUE","  9 STREET","SW","Traffic signal","No","Yes","No","51.03782094551152","-114.08425351411051","POINT (-114.08425351411051 51.03782094551152)","1","0437","1109001006"
"2025-11-17","CHARLESWOOD DRIVE","JOHN LAURIE BOULEVARD","NW","Pedestrian RRFB","Yes","No","No","51.0963764849275","-114.11725035254008","POINT (-114.11725035254008 51.0963764849275)","1","B0195-TEMP","1110575818"
"1984-01-01","  6 AVENUE","  4 STREET","SE","Traffic signal","No","Yes","No","51.04715276882731","-114.05308248397917","POINT (-114.05308248397917 51.04715276882731)","1","0331","1109001393"
"2020-09-22"," 5801","130 AVENUE","SE","Traffic signal T intersection","Yes","Yes","Yes","50.92874177936835","-113.95071314660804","POINT (-113.95071314660804 50.92874177936835)","1","1104","1110243636"
"2024-01-18","STONEY TRAIL"," 11 STREET ","NE","Traffic signal","Yes","Yes","Yes","51.17396330920752","-114.03643386694023","POINT (-114.03643386694023 51.17396330920752)","1","1306","1109697011"
"2014-02-13"," 12 AVENUE"," 16 STREET","SW","Pedestrian RRFB","Yes","No","No","51.04244058336945","-114.09930547880937","POINT (-114.09930547880937 51.04244058336945)","1","B2783","1109743952"
"2004-09-16"," 11 STREET","NORTH IKEA ENTRANCE","SE","Traffic signal","Yes","No","No","50.982633613110366","-114.04387768544998","POINT (-114.04387768544998 50.982633613110366)","1","0843","1109000886"
"1964-01-01","LANSDOWNE AVENUE/RIVERDALE AV","ELBOW DRIVE","SW","Traffic signal","Yes","Yes","No","51.01690981748437","-114.07823938988629","POINT (-114.07823938988629 51.01690981748437)","1","0566","1109001067"
"2017-06-14","MILLCREST ROAD","MILLRISE DRIVE","SW","Pedestrian RRFB","Yes","No","No","50.91778908066698","-114.08729003890586","POINT (-114.08729003890586 50.91778908066698)","1","B2879","1110046502"
"1983-01-01","BEDDINGTON BOULEVARD","BERMUDA DR/BERKLEY DR","NW","Traffic signal","Yes","Yes","Yes","51.127408005194035","-114.07710193191714","POINT (-114.07710193191714 51.127408005194035)","1","0003","1109001079"
"1958-01-01"," 17 AVENUE","  1 STREET","SE","Traffic signal","Yes","Yes","Yes","51.03783532965357","-114.0611262335403","POINT (-114.0611262335403 51.03783532965357)","1","0457","1109001313"
"1989-10-13"," 32 AVENUE/CHARLESWOOD DRIVE","CROWCHILD TR SB RAMP","NW","Traffic signal T intersection","Yes","No","No","51.082132050608436","-114.12715838772117","POINT (-114.12715838772117 51.082132050608436)","1","0106","1109000754"
"1970-01-01"," 26 AVENUE"," 33 STREET","SW","Traffic signal","Yes","Yes","Yes","51.030068541468275","-114.1355045088788","POINT (-114.1355045088788 51.030068541468275)","1","0506","1109000719"
"2009-10-16","KENSINGTON ROAD","MEMORIAL DRIVE/PARKDALE BV","NW","1/2 signal","Yes","Yes","Yes","51.05220538079507","-114.12115787765859","POINT (-114.12115787765859 51.05220538079507)","1","1025","1109001828"
"1968-01-01"," 58 AVENUE","BLACKFOOT TRAIL","SE","Traffic signal","Yes","Yes","No","51.0013891834011","-114.04877234115239","POINT (-114.04877234115239 51.0013891834011)","1","0605","1109000862"
"1987-11-01","BEDDINGTON BOULEVARD","BERMUDA ROAD/BERKLEY ROAD","NW","Overhead Flasher","Yes","No","No","51.12870042210198","-114.08020424840903","POINT (-114.08020424840903 51.12870042210198)","1","B2502","1109001055"
"1999-10-28","COUNTRY HILLS BOULEVARD","HARVEST HILLS BOULEVARD","N","Traffic signal","Yes","Yes","Yes","51.15322357048772","-114.06658164691748","POINT (-114.06658164691748 51.15322357048772)","1","0929","1109001243"
"2023-11-10","MAPLECREEK DRIVE","SOUTHLAND DRIVE","SE","Traffic signal T intersection","Yes","Yes","Yes","50.9645579467301","-114.04242957695024","POINT (-114.04242957695024 50.9645579467301)","1","1262","1110358189"
"2000-06-26"," 37 AVENUE"," 32 STREET","NE","Traffic signal","Yes","No","No","51.08666116725331","-113.98867381808745","POINT (-113.98867381808745 51.08666116725331)","1","0781","1109001666"
"2011-05-10","SHAWVILLE GATE","  6 STREET","SW","Traffic signal T intersection","Yes","Yes","No","50.89772187421862","-114.07224829881031","POINT (-114.07224829881031 50.89772187421862)","1","1009","1109243382"
"1995-06-30","MACEWAN DRIVE/SANDARAC DR"," 14 STREET","NW","Traffic signal","Yes","Yes","Yes","51.14025590048291","-114.10881864014952","POINT (-114.10881864014952 51.14025590048291)","1","0018","1109000813"
"1987-02-01","  5 AVENUE"," 52 STREET","SE","Overhead Flasher","Yes","No","No","51.04900459188851","-113.95599825263825","POINT (-113.95599825263825 51.04900459188851)","1","B2607","1109001799"
"2021-08-19"," 10 AVENUE","  9 STREET","SW","Traffic signal","Yes","Yes","Yes","51.04390676300915","-114.08384955170341","POINT (-114.08384955170341 51.04390676300915)","1","0238","1109743567"
"1984-01-01","MEMORIAL DRIVE","DEERFOOT TRAIL ","SE","Traffic signal T intersection","No","No","No","51.04902415512263","-114.0163204126869","POINT (-114.0163204126869 51.04902415512263)","1","0270","1109001455"
"1967-11-01"," 85 STREET"," 46 AVENUE","NW","Overhead Flasher","Yes","No","No","51.0940174764575","-114.21094612156983","POINT (-114.21094612156983 51.0940174764575)","1","B2549","1109000547"
"2009-03-03"," 90 AVENUE"," 44 STREET","SE","Traffic signal","Yes","No","No","50.97228488799589","-113.96998539080163","POINT (-113.96998539080163 50.97228488799589)","1","0522","1109001743"
"2023-12-05","BROOKLYN CRESCENT/CHICOUTIMI DRIVE","CHARLESWOOD DRIVE","NW","Pedestrian RRFB","Yes","No","No","51.08625189933514","-114.12105714808521","POINT (-114.12105714808521 51.08625189933514)","1","B0106","1110433846"
"1959-01-01","KENSINGTON ROAD","CROWCHILD TRAIL","NW","Traffic signal","Yes","Yes","Yes","51.05247113906854","-114.11795567670436","POINT (-114.11795567670436 51.05247113906854)","1","0109","1109000785"
"2020-02-10","MEREDITH ROAD","  4 STREET","NE","Traffic signal","Yes","Yes","Yes","51.05191102012143","-114.05169274723296","POINT (-114.05169274723296 51.05191102012143)","1","0100","1110156207"
"1980-01-01"," 17 AVENUE","DEERFOOT TRAIL NB RAMP","SE","1/4 signal","No","No","No","51.03703241772696","-114.00268873916822","POINT (-114.00268873916822 51.03703241772696)","1","0461","1109001492"
"1999-11-08","162 AVENUE","SHAWINIGAN DRIVE/6 STREET","SW","Traffic signal","Yes","No","No","50.90261008189201","-114.07628932746113","POINT (-114.07628932746113 50.90261008189201)","1","0767","1109001084"
"1988-02-03"," 32 AVENUE"," 34 STREET","NE","Traffic signal","Yes","No","No","51.08144151725691","-113.98548546780839","POINT (-113.98548546780839 51.08144151725691)","1","0783","1109001674"
"1964-01-01"," 14 AVENUE"," 19 STREET","NW","Traffic signal","Yes","No","No","51.065140726743145","-114.10630265940618","POINT (-114.10630265940618 51.065140726743145)","1","0213","1109000824"
"1974-01-01"," 58 AVENUE","  5 STREET","SW","Traffic signal","Yes","Yes","Yes","51.00136394630878","-114.07620896169283","POINT (-114.07620896169283 51.00136394630878)","1","0601","1109001095"
"2025-09-12","NEW BRIGHTON DRIVE","NEW BRIGHTON WAY","SE","Pedestrian RRFB","Yes","No","No","50.91657193121012","-113.9430841211154","POINT (-113.9430841211154 50.91657193121012)","1","B0171","1110515711"
"2004-10-22","McKENZIE LAKE BOULEVARD","McKINLEY WAY/MT SPARROWHAWK PL","SE","Overhead Flasher","Yes","No","No","50.90592668429751","-113.98905748685289","POINT (-113.98905748685289 50.90592668429751)","1","B2726","1109001669"
"2000-11-29","ELBOW DRIVE"," 56 AVENUE","SW","Overhead Flasher","Yes","No","No","51.00336519156504","-114.0813699960119","POINT (-114.0813699960119 51.00336519156504)","1","B2694","1109001041"
"1991-08-01"," 32 AVENUE"," 60 STREET","NE","Overhead Flasher","Yes","No","No","51.0815381940698","-113.9468084801058","POINT (-113.9468084801058 51.0815381940698)","1","B2542","1109001814"
"1953-01-01"," 17 AVENUE","RICHMOND ROAD","SW","Traffic signal T intersection","Yes","Yes","Yes","51.03781825143864","-114.11129220323927","POINT (-114.11129220323927 51.03781825143864)","1","0447","1109000800"
"1981-01-01"," 17 AVENUE"," 16A STREET","SW","Overhead Flasher","Yes","No","No","51.037830085484146","-114.10027974309055","POINT (-114.10027974309055 51.037830085484146)","1","B2621","1109000844"
"2014-09-14"," 17 AVENUE"," 84 STREET","SE","Traffic signal T intersection","No","No","Yes","51.03774137704299","-113.9119390032111","POINT (-113.9119390032111 51.03774137704299)","1","0826","1109001788"
"2016-06-24","PRESTWICK CIRCLE","PRESTWICK STREET","SE","Pedestrian RRFB","Yes","No","No","50.926605031500415","-113.96694032139524","POINT (-113.96694032139524 50.926605031500415)","1","B2843","1110001183"
"1973-08-01","HERITAGE DRIVE","FAIRVIEW DRIVE","SE","Overhead Flasher","Yes","No","No","50.97958007844971","-114.06376967965289","POINT (-114.06376967965289 50.97958007844971)","1","B2655","1109001270"
"2019-10-29","  8 AVENUE","FORLEE DRIVE","SE","Pedestrian RRFB","Yes","No","No","51.04517288459215","-113.96133571903344","POINT (-113.96133571903344 51.04517288459215)","1","B0023","1110203138"
"2016-07-28","ARBOUR CREST DRIVE","ARBOUR LAKE ROAD","NW","Pedestrian RRFB","Yes","No","No","51.13402183823126","-114.20823158985648","POINT (-114.20823158985648 51.13402183823126)","1","B2821","1110001154"
"1980-01-01","  5 AVENUE"," 36 STREET","NE","Traffic signal","Yes","Yes","Wai","51.057024982455424","-113.98175582917075","POINT (-113.98175582917075 51.057024982455424)","1","0239","1109001685"
"2007-11-14"," 17 AVENUE"," 70 STREET","SE","Traffic signal T intersection","Yes","No","No","51.03783698966408","-113.93020135077454","POINT (-113.93020135077454 51.03783698966408)","1","0504","1109001529"
"2022-03-14","AUBURN BAY DRIVE","AUBURN GLEN GREEN","SE","Pedestrian RRFB","Yes","No","No","50.89635205169655","-113.95459154103517","POINT (-113.95459154103517 50.89635205169655)","1","B0050","1110302517"
"2002-10-29","BRISEBOIS DRIVE","BRENTWOOD RD/CROWCHILD TR RAMP","NW","Traffic signal","Yes","No","Yes","51.08957414026342","-114.133527516448","POINT (-114.133527516448 51.08957414026342)","1","0099","1109000729"
"2004-12-22","130","COUNTRY VILLAGE ROAD","NE","Traffic signal","Yes","Yes","Yes","51.16054225239239","-114.06447632829745","POINT (-114.06447632829745 51.16054225239239)","1","0943","1109001263"
"2017-09-20","SADDLEMONT BOULEVARD","SADDLETOWNE CIRCLE","NE","Pedestrian RRFB","Yes","No","No","51.125984640009754","-113.94465583740303","POINT (-113.94465583740303 51.125984640009754)","1","B2901","1110061946"
"1975-01-01"," 75 AVENUE","MACLEOD TRAIL","S","Traffic signal T intersection","Yes","No","No","50.985976337229886","-114.07154067016396","POINT (-114.07154067016396 50.985976337229886)","1","0656","1109001144"
"1976-02-01","  4 AVENUE"," 44 STREET","SE","Overhead Flasher","Yes","No","No","51.049416463331596","-113.97002232369022","POINT (-113.97002232369022 51.049416463331596)","1","B2605","1109001738"
"1970-01-01","CENTRE AVENUE","BARLOW TRAIL","E","Traffic signal","Yes","Yes","No","51.05241020418117","-114.0016556472727","POINT (-114.0016556472727 51.05241020418117)","1","0257","1109001574"
"1980-09-01","MADIGAN DRIVE","MADEIRA DRIVE","NE","Overhead Flasher","Yes","No","No","51.06327091008607","-113.94630156281833","POINT (-113.94630156281833 51.06327091008607)","1","B2582","1109001817"
"2015-12-10","LANSDOWNE AVENUE","CRESCENT BOULEVARD","SW","Pedestrian RRFB","Yes","No","No","51.01427350237349","-114.07482176795456","POINT (-114.07482176795456 51.01427350237349)","1","B2695","1109998085"
"2021-12-14"," 16 AVENUE"," 43 STREET","NW","Traffic signal","Yes","Yes","Yes","51.06791892299808","-114.1579948079541","POINT (-114.1579948079541 51.06791892299808)","1","1251","1110080264"
"1983-01-01"," 25 AVENUE","SPILLER ROAD","SE","Traffic signal T intersection","Yes","No","No","51.02967196958797","-114.0520755235976","POINT (-114.0520755235976 51.02967196958797)","1","0499","1109001400"
"2007-12-18","COVENTRY HILLS BOULEVARD","COVENTRY DRIVE/COUNTRY VILLAGE LD","NE","Traffic signal","Yes","No","No","51.157258065692034","-114.05249229824337","POINT (-114.05249229824337 51.157258065692034)","1","0983","1109001398"
"2025-11-24","210 AVENUE","BELMONT DRIVE/CREEKSTONE DRIVE","SW","Pedestrian RRFB",,"No","No","50.86315026251121","-114.06481347074879","POINT (-114.06481347074879 50.86315026251121)","1","B0200-TEMP","1110582173"
"2014-06-23","SHERWOOD BOULEVARD","SHERWOOD STREET","NW","Overhead Flasher","Yes","No","No","51.16175019653597","-114.15085940690508","POINT (-114.15085940690508 51.16175019653597)","1","B2778","1109721420"
"1967-11-01","BOWNESS ROAD/85 STREET"," 44 AVENUE","NW","Overhead Flasher","Yes","No","No","51.09194120539777","-114.21074445488456","POINT (-114.21074445488456 51.09194120539777)","1","B2520","1109000548"
"2010-04-14"," 14 AVENUE/McKINNON DRIVE"," 19 STREET","NE","Traffic signal","Yes","No","No","51.06539880568348","-114.01335948644349","POINT (-114.01335948644349 51.06539880568348)","1","1042","1109395420"
"1980-01-01"," 52 AVENUE","NORTHLAND DRIVE","NW","Traffic signal","Yes","Yes","No","51.100963380133514","-114.14139426745399","POINT (-114.14139426745399 51.100963380133514)","1","0073","1109000695"
"1990-11-05","HOSPITAL DRIVE"," 29 STREET","NW","Traffic signal T intersection","Yes","No","No","51.06637054003353","-114.12927826259603","POINT (-114.12927826259603 51.06637054003353)","1","0217","1109000746"
"1967-01-01","NORTHMOUNT DRIVE","CHARLESWOOD DRIVE","NW","Traffic signal","Yes","Yes","Yes","51.08927648674131","-114.11732066068309","POINT (-114.11732066068309 51.08927648674131)","1","0076","1109000787"
"2011-03-24"," 64 AVENUE"," 36 STREET","NE","Traffic signal T intersection","No","No","No","51.113220260440634","-113.98162816863076","POINT (-113.98162816863076 51.113220260440634)","1","1510","1109001863"
"2014-12-19","  3 AVENUE"," 10 STREET","NW","Traffic signal","No","Yes","Yes","51.05559578453083","-114.08592292837722","POINT (-114.08592292837722 51.05559578453083)","1","0484","1109000989"
"1986-06-01","  8 AVENUE"," 47 STREET","SE","Overhead Flasher","Yes","No","No","51.04519989236834","-113.96571710739882","POINT (-113.96571710739882 51.04519989236834)","1","B2592","1109001753"
"1994-12-19","NOSE HILL DRIVE","SCENIC ACRES GT/SILVERCREEK DR","NW","Traffic signal","Yes","No","No","51.11399980971038","-114.20916269837875","POINT (-114.20916269837875 51.11399980971038)","1","0064","1109000551"
"1998-05-10","GLENMORE TRAIL","BLACKFOOT TRAIL","SE","Traffic signal T intersection","No","No","No","50.99247906640499","-114.05327311264782","POINT (-114.05327311264782 50.99247906640499)","1","0596","1109001390"
"2002-11-12","OLD BANFF COACH ROAD","PATTERSON BV","SW","Traffic signal T intersection","Yes","No","No","51.05996258485471","-114.17981423278812","POINT (-114.17981423278812 51.05996258485471)","1","0682","1109000597"
"1981-01-01"," 34 AVENUE"," 73 STREET","NW","Overhead Flasher","Yes","No","No","51.08381745931529","-114.19345145013482","POINT (-114.19345145013482 51.08381745931529)","1","B2545","1109000579"
"1994-08-01","SUNMILLS DRIVE","SUNBANK ROAD","SE","Overhead Flasher","Yes","No","No","50.904642108839944","-114.04787077590223","POINT (-114.04787077590223 50.904642108839944)","1","B2684","1109000868"
"1958-01-01"," 17 AVENUE"," 11 STREET","SW","Traffic signal T intersection","No","Yes","Yes","51.03781726311827","-114.08921546806556","POINT (-114.08921546806556 51.03781726311827)","1","0449","1109000965"
"1970-01-01","NORTHMOUNT DRIVE","  4 STREET","NW","Traffic signal","Yes","Yes","Yes","51.10265414819749","-114.07147787639585","POINT (-114.07147787639585 51.10265414819749)","1","0081","1109001173"
"1970-01-01"," 25 AVENUE","  2 STREET","SW","Traffic signal","Yes","Yes","Yes","51.03050707771601","-114.06903585925953","POINT (-114.06903585925953 51.03050707771601)","1","0497","1109001205"
"2026-09-21","AUBURN BAY BOULEVARD","AUBURN BAY STREET","SE","Pedestrian RRFB","Yes","No","No","50.88665443928887","-113.95097377956898","POINT (-113.95097377956898 50.88665443928887)","1","B0170","1110515708"
"1951-01-01","  8 AVENUE","  1 STREET","SW","Traffic signal","No","Yes","Yes","51.04560009454987","-114.06550028606266","POINT (-114.06550028606266 51.04560009454987)","1","0353","1109001253"
"2026-04-28"," 96 AVENUE","AURORA PARK DR/ HARVEST GOLD MR","NE","Traffic signal","Yes","No",,"51.14162875110941","-114.0656274906947","POINT (-114.0656274906947 51.14162875110941)","1","1320","1109001619"
"2009-11-08","  4 AVENUE","BARLOW TRAIL","NE","Traffic signal T intersection","Yes","Yes","Yes","51.055478201309434","-114.00163564025843","POINT (-114.00163564025843 51.055478201309434)","1","1023","1109276930"
"2007-08-28","GLENMORE TRAIL","  5 STREET","SW","Traffic signal T intersection","Yes","No","No","50.99410937472021","-114.07669969530346","POINT (-114.07669969530346 50.99410937472021)","1","0618","1109001086"
"2002-08-19","162 AVENUE","JAMES McKEVITT ROAD","SW","Traffic signal","Yes","Yes","Yes","50.9052168485366","-114.09896728396524","POINT (-114.09896728396524 50.9052168485366)","1","0772","1109000848"
"2019-09-07"," 10 AVENUE","BOW TRAIL","SW","Traffic signal T intersection","No","No","No","51.04457058549025","-114.10887607977276","POINT (-114.10887607977276 51.04457058549025)","1","0389","1110025844"
"2018-08-21"," 17 AVENUE"," 47 STREET","SE","Traffic signal","Yes","Yes","Yes","51.03775452678694","-113.96567592527109","POINT (-113.96567592527109 51.03775452678694)","1","1168","1110009380"
"1956-01-01"," 11 AVENUE"," 14 STREET","SW","Traffic signal","No","Yes","No","51.04324135893407","-114.09466964410176","POINT (-114.09466964410176 51.04324135893407)","1","0400","1109000941"
"2017-07-11","CROWCHILD TRAIL","LONGRIDGE DRIVE","SW","Pedestrian RRFB","Yes","No","No","50.995349359671884","-114.11792017419141","POINT (-114.11792017419141 50.995349359671884)","1","B2883","1110046506"
"1993-11-29","McKNIGHT BOULEVARD"," 68 STREET","NE","Traffic signal","Yes","No","No","51.09605060707814","-113.93512800593498","POINT (-113.93512800593498 51.09605060707814)","1","0061","1109001515"
"2016-01-04","GLENMORE TRAIL"," 68 STREET","SE","Traffic signal","Yes","Yes","Yes","50.979577205981215","-113.93443858990803","POINT (-113.93443858990803 50.979577205981215)","1","0825","1109001602"
"1982-01-01"," 42 AVENUE","OGDEN ROAD","SE","Traffic signal","Yes","No","No","51.01550973884706","-114.01552150947663","POINT (-114.01552150947663 51.01550973884706)","1","0570","1109001463"
"1973-01-01","DALHOUSIE DRIVE/NORTHLAND DRIVE","SHAGANAPPI TRAIL","NW","Traffic signal","Yes","Yes","Yes","51.102611932688774","-114.14274173787456","POINT (-114.14274173787456 51.102611932688774)","1","0072","1109000687"
"2021-09-17","NOSE HILL DRIVE","TUSCANY HILL","NW","Traffic signal","Yes","Yes","Yes","51.10720276571299","-114.24395440886798","POINT (-114.24395440886798 51.10720276571299)","1","1153","1110232516"
"2020-10-15"," 21 AVENUE","  2 STREET ","SW","Pedestrian RRFB","Yes","No","No","51.0343020943495","-114.06878531598709","POINT (-114.06878531598709 51.0343020943495)","1","B0029","1110222751"
"2010-07-26","SYMONS VALLEY ROAD","KINCORA BOULEVARD","NW","Traffic signal T intersection","Yes","No","No","51.16121684351814","-114.12545385762455","POINT (-114.12545385762455 51.16121684351814)","1","1003","1109242668"
"2015-04-01","SAGE HILL BOULEVARD","SHAGANAPPI TRAIL","NW","Traffic signal T intersection","Yes","Yes","Wai","51.17041519045226","-114.15290301177804","POINT (-114.15290301177804 51.17041519045226)","1","1124","1109746215"
"2020-12-04"," 11 AVENUE"," 12 STREET","SE","Overhead Flasher","Yes","No","No","51.03973772782554","-114.03580142472339","POINT (-114.03580142472339 51.03973772782554)","1","B0044","1110263719"
"2017-08-17","16198","McKENZIE LAKE WAY","SE","Pedestrian RRFB","Yes","No","No","50.90692655203195","-113.98384037882846","POINT (-113.98384037882846 50.90692655203195)","1","B2904","1110061949"
"2015-09-14","162 AVENUE","BRIDLEWOOD BV/EVERSTONE DR","SW","Traffic signal","Yes","Yes","No","50.90672292583032","-114.10551434533517","POINT (-114.10551434533517 50.90672292583032)","1","1130","1109766942"
"2025-11-12","144 AVENUE","CARRINGTON BV/LUCAS BV","NW","Pedestrian RRFB","Yes","No","No","51.18336971623537","-114.07562722240017","POINT (-114.07562722240017 51.18336971623537)","1","B0205-TEMP","1110582235"
"1988-09-19"," 27 AVENUE"," 23 STREET","NE","Traffic signal","Yes","No","No","51.07686656083751","-114.0050802988047","POINT (-114.0050802988047 51.07686656083751)","1","0157","1109001485"
"2024-03-05"," 17 AVENUE"," 15 STREET","SW","Traffic signal T intersection","Yes","Yes","Yes","51.037830392057565","-114.09718409376575","POINT (-114.09718409376575 51.037830392057565)","1","1207","1110263200"
"2019-11-19"," 23 AVENUE","  4 STREET","NW","Pedestrian RRFB","Yes","No","No","51.073247009363094","-114.07154321149952","POINT (-114.07154321149952 51.073247009363094)","1","B0012","1110203127"
"2000-09-29"," 33 AVENUE"," 22 STREET","SW","Traffic signal","Yes","Yes","Yes","51.023986581266314","-114.11434351719726","POINT (-114.11434351719726 51.023986581266314)","1","0551","1109000791"
"1972-01-01"," 90 AVENUE/ACADIA DRIVE","FAIRMOUNT DRIVE","SE","Traffic signal","Yes","Yes","Yes","50.97224678641226","-114.05917486582373","POINT (-114.05917486582373 50.97224678641226)","1","0677","1109001341"
"1981-01-01","BOW TRAIL","OLD BANFF COACH RD/STRATHCONA BV","SW","Traffic signal","Yes","Yes","No","51.05218936705476","-114.18169693137258","POINT (-114.18169693137258 51.05218936705476)","1","0363","1109000594"
"1960-01-01"," 12 AVENUE","EDMONTON TRAIL","NE","Traffic signal","Yes","Yes","Yes","51.063305763854025","-114.05605242260678","POINT (-114.05605242260678 51.063305763854025)","1","0216","1109001366"
"1961-01-01"," 75 AVENUE","ELBOW DRIVE","SW","Traffic signal","Yes","Yes","Yes","50.985997975869736","-114.08314906787321","POINT (-114.08314906787321 50.985997975869736)","1","0655","1109001026"
"2020-10-22","SPRINGBANK BOULEVARD"," 69 STREET","SW","Traffic signal","Yes","Yes","Yes","51.01759251581458","-114.19147303342534","POINT (-114.19147303342534 51.01759251581458)","1","1170","1109000580"
"2017-07-17"," 19 AVENUE","  5 STREET","SW","Pedestrian RRFB","Yes","No","No","51.036249402633146","-114.07418782719509","POINT (-114.07418782719509 51.036249402633146)","1","B2873","1110046493"
"2019-07-09","SKYVIEW CIRCLE","SKYVIEW RANCH DRIVE","NE","Traffic signal","Yes","Yes","Yes","51.15699908415215","-113.95117047675879","POINT (-113.95117047675879 51.15699908415215)","1","1174","1110119657"
"1952-01-01"," 12 AVENUE","CENTRE STREET","N","Traffic signal","Yes","No","No","51.063347427183885","-114.0625293944545","POINT (-114.0625293944545 51.063347427183885)","1","0215","1109001294"
"1999-11-19"," 50 AVENUE"," 23 STREET","SE","Traffic signal","Yes","No","No","51.00867485216187","-114.00412047048809","POINT (-114.00412047048809 51.00867485216187)","1","0592","1109001490"
"1997-03-31","COUNTRY HILLS BOULEVARD","EDGEPARK BV/HAMPTONS BV","NW","Traffic signal","Yes","Yes","No","51.13877777912297","-114.15700403225216","POINT (-114.15700403225216 51.13877777912297)","1","0028","1109000654"
"1966-01-01"," 10 AVENUE","  4 STREET","SW","Traffic signal","No","Yes","Yes","51.043555916621926","-114.07148671587471","POINT (-114.07148671587471 51.043555916621926)","1","0393","1109001170"
"1992-12-23","CANYON MEADOWS DRIVE","BONAVENTURE DRIVE","SE","Traffic signal T intersection","Yes","No","No","50.930229786988924","-114.06257248706822","POINT (-114.06257248706822 50.930229786988924)","1","0718","1109001286"
"1981-01-01"," 64 AVENUE"," 14 STREET","NW","Traffic signal","Yes","Yes","No","51.10917964233843","-114.08346617747596","POINT (-114.08346617747596 51.10917964233843)","1","0020","1109001029"
"2018-09-12","DALHOUSIE DRIVE"," 54 STREET","NW","Pedestrian RRFB","Yes","No","No","51.10898688818475","-114.16452674644574","POINT (-114.16452674644574 51.10898688818475)","1","B2577","1110046501"
"2022-11-03","HARVEST HILLS BOULEVARD","STONEY TRAIL","N","Traffic signal T intersection",,"No","No","51.174909582412376","-114.06895547141337","POINT (-114.06895547141337 51.174909582412376)","1","1270","1110403672"
"2007-08-27","SUNRIDGE BOULEVARD"," 26 STREET","NE","Traffic signal","Yes","No","No","51.07685766771025","-113.9982019170603","POINT (-113.9982019170603 51.07685766771025)","1","0817","1109001639"
"1982-01-01","RANCHLANDS BOULEVARD","RANCHVIEW DRIVE","NW","Traffic signal","Yes","Yes","No","51.120069648889874","-114.1784333901602","POINT (-114.1784333901602 51.120069648889874)","1","0068","1109000602"
"1952-01-01"," 21 AVENUE"," 14 STREET","SW","Traffic signal T intersection","Yes","Yes","Yes","51.034981177656555","-114.09469921273592","POINT (-114.09469921273592 51.034981177656555)","1","0480","1109000938"
"2009-08-20"," 17 AVENUE","ASPEN SUMMIT DRIVE","SW","Traffic signal T intersection","Yes","Yes","Yes","51.03795687978917","-114.20356712201584","POINT (-114.20356712201584 51.03795687978917)","1","0553","1109001605"
"2001-07-05","  108"," 25 AVENUE","SW","Overhead Flasher","Yes","No","No","51.030381171199366","-114.0639933468524","POINT (-114.0639933468524 51.030381171199366)","1","B2708","1109001264"
"1997-08-14"," 16 AVENUE","FIRE HALL #10","NW","Fire signal","No","No","No","51.06694803424137","-114.10417720414043","POINT (-114.10417720414043 51.06694803424137)","1","0789","1109000835"
"1980-01-01"," 14 AVENUE"," 14 STREET NB RAMP","NW","Traffic signal","Yes","Yes","No","51.06440612395444","-114.09396523757101","POINT (-114.09396523757101 51.06440612395444)","1","0775","1109000949"
"2017-08-15"," 10 AVENUE"," 45 STREET","SW","Pedestrian RRFB","Yes","No","No","51.04335210199909","-114.15265693966846","POINT (-114.15265693966846 51.04335210199909)","1","B2897","1110061940"
"2022-08-24","MCKENZIE LAKE BOULEVARD","MCKENZIE LAKE DR/MOUNTAIN PARK DR","SE","Traffic signal","Yes","Yes","Yes","50.90212280898651","-113.99108009695009","POINT (-113.99108009695009 50.90212280898651)","1","1257","1110334655"
"1977-08-01","  240"," 90 AVENUE","SE","Overhead Flasher","Yes","No","No","50.972244842437846","-114.06557496851829","POINT (-114.06557496851829 50.972244842437846)","1","B2661","1109001214"
"2012-10-02","  7 AVENUE"," 11 STREET","SW","Traffic signal","Yes","Yes","Yes","51.04722650302485","-114.08858377701668","POINT (-114.08858377701668 51.04722650302485)","1","0388","1109000975"
"2021-10-27"," 28 AVENUE"," 52 STREET","SE","Traffic signal","Yes","Yes","Yes","51.0281300995275","-113.95838487989406","POINT (-113.95838487989406 51.0281300995275)","1","1144","1110110950"
"1965-01-01"," 24 AVENUE","CROWCHILD TRAIL","NW","Traffic signal","Yes","Yes","No","51.0742762480533","-114.11839142364114","POINT (-114.11839142364114 51.0742762480533)","1","0107","1109000780"
"1953-01-01"," 17 AVENUE","MACLEOD TRAIL","SE","Traffic signal T intersection","No","Yes","No","51.03783659375093","-114.058659512676","POINT (-114.058659512676 51.03783659375093)","1","0458","1109001344"
"1979-10-01","RUNDLEHORN DRIVE"," 61 STREET","NE","Overhead Flasher","Yes","No","No","51.070929330617595","-113.94458045951993","POINT (-113.94458045951993 51.070929330617595)","1","B2572","1109001818"
"1957-01-01","  9 AVENUE","  2 STREET","SW","Traffic signal","No","Yes","No","51.04475361018326","-114.06803748542785","POINT (-114.06803748542785 51.04475361018326)","1","0376","1109001226"
"2026-04-24","  2 AVENUE"," 19 STREET","NW","Pedestrian RRFB","Yes","No","No","51.054615099906165","-114.10551485083951","POINT (-114.10551485083951 51.054615099906165)","1","B0072","1110355720"
"2019-02-27","  9 AVENUE"," 16 STREET","SE","Traffic signal","Yes","Yes","Yes","51.03642170222572","-114.02211854750702","POINT (-114.02211854750702 51.03642170222572)","1","0766","1110123869"
"1970-11-01","NORTHMOUNT DRIVE","CAROL DRIVE","NW","Overhead Flasher","Yes","No","No","51.08317164012816","-114.09733210867289","POINT (-114.09733210867289 51.08317164012816)","1","B2530","1109000852"
"2009-11-13","RIVERFRONT AVENUE","  4 STREET","SE","Traffic signal T intersection","No","Yes","Yes","51.04889043394863","-114.05159283322658","POINT (-114.05159283322658 51.04889043394863)","1","1039","1109390852"
"1990-06-20","BEDDINGTON BV/SANDSTONE DR","BERKSHIRE BOULEVARD","NW","Traffic signal","Yes","Yes","Yes","51.13354418559415","-114.08907731439379","POINT (-114.08907731439379 51.13354418559415)","1","0006","1109000972"
"1984-01-01"," 16 AVENUE"," 36 STREET","NE","1/4 signal","No","No","No","51.065663929843794","-113.9816146193965","POINT (-113.9816146193965 51.065663929843794)","1","0211","1109001704"
"2001-01-08"," 61 AVENUE"," 30 STREET","SE","Traffic signal","Yes","No","No","50.99863716908531","-113.98675076162158","POINT (-113.98675076162158 50.99863716908531)","1","0649","1109001670"
"2024-09-06","5004","MARYVALE DRIVE","NE","Pedestrian RRFB","Yes","No","No","51.05672604449121","-113.96556217081879","POINT (-113.96556217081879 51.05672604449121)","1","B0119","1110433910"
"2022-05-10","CORNER MEADOWS GA/CORNERBROOK GA","COUNTRY HILLS BOULEVARD","NE","Traffic signal","Yes","Yes","Yes","51.154311269585214","-113.93364828377578","POINT (-113.93364828377578 51.154311269585214)","1","1218","1110175408"
"1999-08-11"," 40 AVENUE"," 53 STREET","NW","Overhead Flasher","Yes","No","No","51.08851880052308","-114.16423769999471","POINT (-114.16423769999471 51.08851880052308)","1","B2686","1109000633"
"2022-06-06","HIDDEN VALLEY DRIVE","SHAGANAPPI TRAIL","NW","Traffic signal T intersection","Yes","Yes","Yes","51.14775045477942","-114.13592395346386","POINT (-114.13592395346386 51.14775045477942)","1","1244","1110308310"
"1981-03-02","JOHN LAURIE BOULEVARD","McKNIGHT BOULEVARD","NW","Overhead Flasher","Yes","No","No","51.09735144712518","-114.08326234514769","POINT (-114.08326234514769 51.09735144712518)","1","B2535","1109001027"
"2019-11-22"," 54 AVENUE","CROWCHILD TRAIL","SW","Pedestrian RRFB","Yes","No","No","51.00500245337159","-114.11761232872753","POINT (-114.11761232872753 51.00500245337159)","1","B2509","1110156514"
"2008-06-03"," 25 AVENUE","ERLTON STREET","SW","Overhead Flasher","Yes","No","No","51.03046035732562","-114.06269830708212","POINT (-114.06269830708212 51.03046035732562)","1","B2758","1109242674"
"1962-01-01","HERITAGE DRIVE","ELBOW DRIVE","SW","Traffic signal","Yes","No","No","50.979572227748434","-114.0831484079234","POINT (-114.0831484079234 50.979572227748434)","1","0661","1109001018"
"2017-06-13","KENSINGTON ROAD"," 25 STREET","NW","Pedestrian RRFB","Yes","No","No","51.052467723251276","-114.1201495769514","POINT (-114.1201495769514 51.052467723251276)","1","B2860","1110038964"
"1985-10-03","BRAESIDE DRIVE/OAKFIELD DRIVE"," 24 STREET","SW","Traffic signal","Yes","No","Yes","50.9540994072258","-114.11798220066497","POINT (-114.11798220066497 50.9540994072258)","1","0785","1109000788"
"2024-12-20","HIDDEN GREEN/HIDDEN PARK","HIDDEN VALLEY DRIVE","NW","Pedestrian RRFB","Yes","No","No","51.14679073250196","-114.11523168781063","POINT (-114.11523168781063 51.14679073250196)","1","B0111","1110433899"
"1980-01-01","BONAVENTURE DRIVE","FAIRMOUNT DRIVE","SE","Traffic signal T intersection","Yes","No","No","50.95352093959894","-114.06083604489874","POINT (-114.06083604489874 50.95352093959894)","1","0716","1109001326"
"1975-01-01"," 20 AVENUE"," 19 STREET","NW","Traffic signal","Yes","Yes","Yes","51.07054633761847","-114.10629610786408","POINT (-114.10629610786408 51.07054633761847)","1","0180","1109000820"
"1992-09-01","SOUTHLAND DRIVE"," 14 STREET","SW","Overhead Flasher","Yes","No","No","50.962273043440945","-114.09114963173514","POINT (-114.09114963173514 50.962273043440945)","1","B2662","1109000950"
"1983-01-01"," 17 AVENUE"," 24 STREET","SW","Traffic signal","Yes","Yes","Yes","51.03781096336453","-114.11791418915986","POINT (-114.11791418915986 51.03781096336453)","1","0446","1109000784"
"2018-01-28"," 17 AVENUE","DEERFOOT TRAIL","SE","Pedestrian RRFB","Yes","No","No","51.03721108633013","-114.00749408788742","POINT (-114.00749408788742 51.03721108633013)","1","B2905","1110063416"
"2006-11-20","COUNTRY HILLS BOULEVARD","COUNTRY HILLS DR/PANORAMA HILLS WY","NW","Traffic signal","Yes","No","No","51.15137163128059","-114.06902447336658","POINT (-114.06902447336658 51.15137163128059)","1","0948","1109001077"
"1971-01-01"," 32 AVENUE","SHAGANAPPI TRAIL","NW","Traffic signal","Yes","Yes","No","51.08147103662381","-114.15221620677082","POINT (-114.15221620677082 51.08147103662381)","1","0128","1109000666"
"2021-10-12"," 14 AVENUE","MACLEOD TRAIL","SE","Traffic signal T intersection","Yes","Yes","Yes","51.03939785378712","-114.05854556845004","POINT (-114.05854556845004 51.03939785378712)","1","1204","1110253508"
"2024-11-26","148 AVENUE","CARRINGFORD CLOSE","NW","Pedestrian RRFB","Yes","No","No","51.18574665404445","-114.08442501638984","POINT (-114.08442501638984 51.18574665404445)","1","B0125","1110392437"
"2018-04-30","BRIDLEWOOD ROAD","JAMES McKEVITT ROAD","SW","Traffic signal T intersection","Yes","Yes","Yes","50.90288746369126","-114.0983104858214","POINT (-114.0983104858214 50.90288746369126)","1","0910","1110106303"
"1987-01-22"," 13 AVENUE","  4 STREET","SW","Traffic signal","Yes","Yes","Yes","51.040706855540684","-114.07151591937968","POINT (-114.07151591937968 51.040706855540684)","1","0425","1109001166"
"1969-01-01","  5 AVENUE","  7 STREET","SW","Traffic signal","No","Yes","No","51.04883731400635","-114.0785972666544","POINT (-114.0785972666544 51.04883731400635)","1","0305","1109001068"
"1962-01-01","  9 AVENUE","  8 STREET","SE","Traffic signal","Yes","Yes","Yes","51.043329214029214","-114.04146550382038","POINT (-114.04146550382038 51.043329214029214)","1","0382","1109000899"
"2019-09-25","COUGAR RIDGE DRIVE/89 STREET","OLD BANFF COACH ROAD","SW","Traffic signal","Yes","Yes","Yes","51.06699799169043","-114.21678515928473","POINT (-114.21678515928473 51.06699799169043)","1","1194","1110175636"
"2015-02-25","JAMES McKEVITT ROAD","SHANNON AVENUE","SW","Pedestrian RRFB","Yes","No","No","50.90892123153778","-114.09949199567494","POINT (-114.09949199567494 50.90892123153778)","1","B2790","1109783935"
"2003-11-27","SUN VALLEY BOULEVARD","SUNMILLS DRIVE","SE","Traffic signal T intersection","Yes","No","No","50.904250163358434","-114.03015296292098","POINT (-114.03015296292098 50.904250163358434)","1","0797","1109000874"
"1956-01-01","  8 AVENUE","  5 STREET","SW","Traffic signal","No","Yes","No","51.0458577718964","-114.07385569816026","POINT (-114.07385569816026 51.0458577718964)","1","0349","1109001119"
"1980-09-01","BRAESIDE DRIVE","107 AVENUE","SW","Overhead Flasher","Yes","No","No","50.95708640958336","-114.10302414144606","POINT (-114.10302414144606 50.95708640958336)","1","B2669","1109000836"
"1982-09-01","CANYON MEADOWS DRIVE","QUEEN CHARLOTTE DR/DEERVIEW DR","SE","Overhead Flasher","Yes","No","No","50.93176010668438","-114.02304620558795","POINT (-114.02304620558795 50.93176010668438)","1","B2678","1109001445"
"1971-01-01","BOWNESS ROAD"," 77 STREET","NW","Traffic signal","Yes","Yes","Yes","51.08892530800494","-114.19928402506939","POINT (-114.19928402506939 51.08892530800494)","1","0150","1109000568"
"2026-04-28","144 AVENUE"," 14 STREET","NW","Traffic signal T intersection","Yes","Yes","Yes","51.18412682335643","-114.09458577415909","POINT (-114.09458577415909 51.18412682335643)","1","1311","1110175294"
"2017-11-05","CRANSTON DRIVE","CRANSTON WAY","SE","Pedestrian RRFB","Yes","No","No","50.886027523061465","-113.9880516602226","POINT (-113.9880516602226 50.886027523061465)","1","B2909","1110067625"
"1980-01-01"," 20 AVENUE/RUNDLEHORN DRIVE"," 36 STREET","NE","Traffic signal","Yes","Yes","No","51.071453450371756","-113.98172161916634","POINT (-113.98172161916634 51.071453450371756)","1","0170","1109001688"
"1969-01-01"," 26 AVENUE"," 11 STREET","SE","Traffic signal T intersection","Yes","No","No","51.03059080334141","-114.03676696403755","POINT (-114.03676696403755 51.03059080334141)","1","0514","1109000915"
"1999-08-26"," 45 AVENUE"," 12 STREET","NE","Traffic signal","Yes","No","No","51.09341187054971","-114.03344771713574","POINT (-114.03344771713574 51.09341187054971)","1","0088","1109001414"
"2017-02-22"," 80 AVENUE","OGDEN ROAD","SE","Traffic signal","Yes","Yes","No","50.981396957291004","-113.99876223609414","POINT (-113.99876223609414 50.981396957291004)","1","0993","1109938844"
"1983-01-01","  4 AVENUE"," 36 STREET","NE","Traffic signal","No","No","No","51.05520905111126","-113.9816994873647","POINT (-113.9816994873647 51.05520905111126)","1","0240","1109001691"
"2001-05-29"," 10 AVENUE"," 37 STREET","SW","Overhead Flasher","Yes","No","No","51.04325719663049","-114.14112405065524","POINT (-114.14112405065524 51.04325719663049)","1","B2699","1109000702"
"2017-09-29","RANCHERO DRIVE","RANCHLANDS BOULEVARD","NW","Pedestrian RRFB","Yes","No","No","51.12051784730807","-114.1938861984779","POINT (-114.1938861984779 51.12051784730807)","1","B2910","1110067626"
"2022-01-26","AUBURN BAY DRIVE","AUBURN MEADOWS BV/AUBURN MEADOWS PL","SE","Overhead Flasher","Yes","No","No","50.89922113709622","-113.94812971569954","POINT (-113.94812971569954 50.89922113709622)","1","B0045","1110274502"
"2005-10-06","TUSCANY BOULEVARD","TUSCANY SPRINGS BOULEVARD","NW","Traffic signal T intersection","Yes","No","No","51.12547299203851","-114.23861042506543","POINT (-114.23861042506543 51.12547299203851)","1","0890","1109000529"
"2004-05-20","SHAWVILLE BOULEVARD","SHAWVILLE PLACE/LRT PARK'N'RIDE","SE","Traffic signal","Yes","Yes","No","50.91027404796802","-114.06942762692344","POINT (-114.06942762692344 50.91027404796802)","1","0859","1109001191"
"1999-07-30","DOUGLASDALE BOULEVARD","DOUGLASBANK DRIVE","SE","Traffic signal T intersection","Yes","No","No","50.94459972844672","-114.00482749630034","POINT (-114.00482749630034 50.94459972844672)","1","0847","1109001486"
"2021-10-17","AIRPORT TRAIL"," 19 STREET","NE","Traffic signal T intersection","Yes","Yes","Yes","51.13885434831273","-114.01393729060743","POINT (-114.01393729060743 51.13885434831273)","1","1195","1110218521"
"2009-11-16","WENTWORTH DRIVE"," 85 STREET","SW","Traffic signal","Yes","Yes","No","51.056945479240646","-114.21096406153922","POINT (-114.21096406153922 51.056945479240646)","1","0517","1109001627"
"2026-09-01","SANDARAC DRIVE","SANDSTONE DRIVE","NW","Pedestrian RRFB","Yes","No","No","51.13838014664096","-114.1008984386937","POINT (-114.1008984386937 51.13838014664096)","1","B0215","1110626527"
"1979-06-11","MADIGAN DRIVE","  8 AVENUE","NE","Overhead Flasher","Yes","No","No","51.05964524856037","-113.94049981682483","POINT (-113.94049981682483 51.05964524856037)","1","B2593","1109001511"
"1981-01-01","BEDDINGTON BOULEVARD","CENTRE STREET","N","Traffic signal","Yes","Yes","Yes","51.12517319630152","-114.07142691369518","POINT (-114.07142691369518 51.12517319630152)","1","0004","1109001179"
"2011-03-11"," 80 AVENUE","METIS TRAIL","NE","Traffic signal","Yes","Yes","No","51.12521851500029","-113.97009589041036","POINT (-113.97009589041036 51.12521851500029)","1","0963","1109001620"
"1950-01-01"," 17 AVENUE","  4 STREET","SW","Traffic signal","No","Yes","Yes","51.037830548145976","-114.07150054391599","POINT (-114.07150054391599 51.037830548145976)","1","0454","1109001165"
"2025-03-21","BISHOP WAY","RICHARDSON WAY","SW","Traffic signal","Yes","Yes","Yes","51.01483802877492","-114.12930922417286","POINT (-114.12930922417286 51.01483802877492)","1","1305","1110472810"
"2024-08-09","24 AVENUE","18 STREET","NW","Pedestrian RRFB","Yes","No","No","51.07429798310404","-114.10499182870561","POINT (-114.10499182870561 51.07429798310404)","1","B0130","1110452828"
"2025-04-30","TUSCANY ESTATES DRIVE","TUSCANY HILL","NW","Traffic signal","Yes","Yes","Yes","51.114500563867075","-114.2467620236736","POINT (-114.2467620236736 51.114500563867075)","1","1284","1110417235"
"2005-09-27","COUNTRY HILLS BOULEVARD","FREEPORT DRIVE/STONEHILL DRIVE","NE","Traffic signal","Yes","No","No","51.1543195255401","-114.00653685703732","POINT (-114.00653685703732 51.1543195255401)","1","0917","1109001482"
"1981-01-01","RICHMOND ROAD"," 50 STREET/51 STREET","SW","Traffic signal","Yes","Yes","Yes","51.01799163120912","-114.15974119897626","POINT (-114.15974119897626 51.01799163120912)","1","0540","1109000644"
"1987-04-16","106 AVENUE","BARLOW TRAIL","SE","Traffic signal","Yes","No","No","50.957874351104905","-113.98139784883523","POINT (-113.98139784883523 50.957874351104905)","1","0704","1109001708"
"2000-08-08","CHINOOK CENTRE","  5 STREET","SW","Traffic signal T intersection","Yes","Yes","No","50.9977366033356","-114.07625989787734","POINT (-114.07625989787734 50.9977366033356)","1","0611","1109001087"
"1996-12-02","  2 AVENUE","  3 STREET","SW","Traffic signal","No","No","No","51.05143074905904","-114.07003666060692","POINT (-114.07003666060692 51.05143074905904)","1","0251","1109001194"
"2024-12-02","129 AVENUE","BONAVENTURE DRIVE","SE","Pedestrian RRFB","Yes","No","No","50.93675283789947","-114.06463889404297","POINT (-114.06463889404297 50.93675283789947)","1","B0124","1110433916"
"1953-01-01","  8 AVENUE","CENTRE STREET","S","Traffic signal","No","Yes","Yes","51.04552954867606","-114.06300453370385","POINT (-114.06300453370385 51.04552954867606)","1","0354","1109001279"
"2004-12-07"," 1120"," 29 STREET","NW","Overhead Flasher","Yes","No","No","51.06252660056383","-114.1310198229832","POINT (-114.1310198229832 51.06252660056383)","1","B2728","1109000735"
"2000-11-15","CROWCHILD TRAIL","SHAGANAPPI TRAIL","NW","Traffic signal","Yes","No","No","51.09792017783259","-114.150703937807","POINT (-114.150703937807 51.09792017783259)","1","0804","1109000672"
"2021-05-28","100 AVENUE"," 19 STREET ","NE","Traffic signal","Yes","No","Yes","51.14337543977965","-114.01331649763952","POINT (-114.01331649763952 51.14337543977965)","1","1072","1109594665"
"2013-11-07","  1 AVENUE","  8 STREET","NE","Overhead Flasher","Yes","No","No","51.0532607885846","-114.04301795094032","POINT (-114.04301795094032 51.0532607885846)","1","B2603","1109000889"
"2017-09-06","MARBANK DRIVE"," 48 STREET","NE","Pedestrian RRFB","Yes","No","No","51.063281025342576","-113.96394338246837","POINT (-113.96394338246837 51.063281025342576)","1","B2888","1109001623"
"2009-12-31","QUARRY PARK BOULEVARD","QUARRY MARKET","SE","Traffic signal","Yes","No","No","50.96344630450466","-114.00983363909796","POINT (-114.00983363909796 50.96344630450466)","1","1024","1109277398"
"1968-01-01"," 17 AVENUE","  7 STREET","SW","Traffic signal","No","Yes","No","51.0378153791161","-114.07936283624733","POINT (-114.07936283624733 51.0378153791161)","1","0451","1109001056"
"1983-01-01","BARLOW TRAIL","MEMORIAL DRIVE WB RAMP","SE","Traffic signal T intersection","No","No","No","51.04573034885917","-114.00175257743633","POINT (-114.00175257743633 51.04573034885917)","1","0273","1109001494"
"1980-01-01"," 16 AVENUE"," 14 STREET","NW","Traffic signal","Yes","Yes","No","51.06692052165827","-114.09544195282447","POINT (-114.09544195282447 51.06692052165827)","1","0195","1109000951"
"1991-08-28","OLD BANFF COACH ROAD","COACH HILL ROAD","SW","Traffic signal","Yes","Yes","No","51.05656484540962","-114.17819969957796","POINT (-114.17819969957796 51.05656484540962)","1","0681","1109000601"
"1975-01-01","MEMORIAL DRIVE"," 52 STREET","E","Traffic signal","Yes","Yes","Yes","51.05335484409811","-113.95575532020085","POINT (-113.95575532020085 51.05335484409811)","1","0280","1109001802"
"2002-07-30"," 37 AVENUE"," 26 STREET","NE","Traffic signal","Yes","No","No","51.08665640720445","-113.99778760525989","POINT (-113.99778760525989 51.08665640720445)","1","0787","1109001641"
"1996-11-04","SUNRIDGE BOULEVARD"," 29 STREET","NE","Traffic signal","Yes","No","No","51.07604282788484","-113.9913627805922","POINT (-113.9913627805922 51.07604282788484)","1","0174","1109001656"
"1964-01-01"," 16 AVENUE","UXBRIDGE DRIVE/29 STREET","NW","Traffic signal","Yes","Yes","Yes","51.06851014599292","-114.12916270714881","POINT (-114.12916270714881 51.06851014599292)","1","0191","1109000747"
"2004-09-25","130 AVENUE","DEERFOOT TRAIL","SE","Traffic signal","No","No","No","50.93191993420745","-113.97750006175166","POINT (-113.97750006175166 50.93191993420745)","1","0738","1109001722"
"1993-09-13","BEDDINGTON BOULEVARD","BEDFORD DRIVE/4 STREET","NE","Traffic signal","Yes","No","No","51.126188709121934","-114.05542849922216","POINT (-114.05542849922216 51.126188709121934)","1","0007","1109001377"
"2023-07-31"," 15 AVENUE","CENTRE STREET","N","Overhead Flasher","Yes","No","No","51.06601431864712","-114.06251298347152","POINT (-114.06251298347152 51.06601431864712)","1","B0071","1109001910"
"1985-01-01","JOHN LAURIE BOULEVARD","HAWKWOOD HL/RANCHLANDS BV","NW","Traffic signal","Yes","No","No","51.124050629749384","-114.17936297021215","POINT (-114.17936297021215 51.124050629749384)","1","0042","1109000598"
"2011-05-19","114 AVENUE"," 35 STREET ","SE","Traffic signal T intersection","Yes","No","No","50.94967306414073","-113.98583710157035","POINT (-113.98583710157035 50.94967306414073)","1","1070","1109587727"
"2017-12-19","SAGE MEADOWS GREEN","SYMONS VALLEY PARKWAY","NW","Pedestrian RRFB","Yes","No","No","51.1681087825734","-114.12523992413283","POINT (-114.12523992413283 51.1681087825734)","1","B2880","1110046503"
"1991-08-26","SHAWNESSY BOULEVARD","MILLRISE BV/SHAWNESSY DR","SW","Traffic signal","Yes","Yes","No","50.912903442194576","-114.07387922520951","POINT (-114.07387922520951 50.912903442194576)","1","0753","1109001115"
"2022-06-02","HARVEST HILLS BOULEVARD","PANATELLA GATE ","NW","Traffic signal","Yes","Yes","Yes","51.16671655767008","-114.06840387237972","POINT (-114.06840387237972 51.16671655767008)","1","1246","1109000819"
"1967-01-01"," 17 AVENUE"," 33 STREET/RADISSON DRIVE","SE","Traffic signal","Yes","Yes","Yes","51.03782894219266","-113.9865995763506","POINT (-113.9865995763506 51.03782894219266)","1","0464","1109001671"
"2009-08-20","ASPEN STONE BOULEVARD"," 85 STREET","SW","Traffic signal","Yes","Yes","Yes","51.04103590804294","-114.21093621985682","POINT (-114.21093621985682 51.04103590804294)","1","0519","1109001629"
"1979-01-01"," 10 AVENUE","  5 STREET","SW","Traffic signal","No","Yes","Yes","51.04362626338075","-114.07401089541983","POINT (-114.07401089541983 51.04362626338075)","1","0392","1109001116"
"2003-11-20","194 AVENUE","MACLEOD TRAIL","SE","Traffic signal","Yes","Yes","No","50.875682705765286","-114.04401914825782","POINT (-114.04401914825782 50.875682705765286)","1","0778","1109001801"
"2020-04-30","AERO DRIVE"," 19 STREET","NE","Traffic signal T intersection","Yes","Yes","No","51.13743920359223","-114.01353223106327","POINT (-114.01353223106327 51.13743920359223)","1","1196","1110218522"
"2017-06-14","MCKENZIE TOWNE BOULEVARD","TRAFFIC CIRCLE","SE","Pedestrian RRFB","Yes","No","No","50.91649792068635","-113.9649970535981","POINT (-113.9649970535981 50.91649792068635)","1","B2885","1110046508"
"2024-08-30","BRIDLECREST DRIVE","24 STREET","SW","Pedestrian RRFB","Yes","No","No","50.90499940073553","-114.11712747837194","POINT (-114.11712747837194 50.90499940073553)","1","B0122","1110433914"
"2006-01-09","OLD BANFF COACH ROAD"," 85 STREET","SW","Traffic signal","Yes","No","No","51.06700300763886","-114.21096125754795","POINT (-114.21096125754795 51.06700300763886)","1","0684","1109000546"
"2015-05-08","COPPERPOND BV/NEW BRIGHTON AV","McIVOR BOULEVARD","SE","Traffic signal","Yes","Yes","No","50.92300039063433","-113.9328597289579","POINT (-113.9328597289579 50.92300039063433)","1","1089","1109697136"
"1975-01-01","MEMORIAL DRIVE","DEERFOOT TRAIL SB RAMP","SE","Traffic signal","No","No","No","51.048983342020115","-114.0187962198909","POINT (-114.0187962198909 51.048983342020115)","1","0269","1109001450"
"1958-01-01","  8 AVENUE","  6 STREET","SW","Traffic signal","No","Yes","No","51.045908177145655","-114.07631055112822","POINT (-114.07631055112822 51.045908177145655)","1","0348","1109001094"
"2020-11-26","OAKMOOR DRIVE"," 24 STREET","SW","Traffic signal","Yes","Yes","Yes","50.96323188450152","-114.11796001322804","POINT (-114.11796001322804 50.96323188450152)","1","1234","1110144648"
"1996-06-13"," 70 AVENUE"," 11 STREET","SE","Traffic signal","Yes","No","No","50.99099500938086","-114.03991053245721","POINT (-114.03991053245721 50.99099500938086)","1","0795","1109000904"
"1987-02-01","TEMPLE DRIVE"," 56 STREET","NE","Overhead Flasher","Yes","No","No","51.08536111631967","-113.9521565146315","POINT (-113.9521565146315 51.08536111631967)","1","B2539","1109001807"
"1958-01-01","  5 AVENUE","  5 STREET","SW","Traffic signal","No","Yes","No","51.048696683593946","-114.07367669148184","POINT (-114.07367669148184 51.048696683593946)","1","0307","1109001122"
"2004-04-01"," 11 STREET","DEERFOOT CITY ENTRANCE","NE","Traffic signal T intersection","Yes","No","No","51.108459656881216","-114.03640030444951","POINT (-114.03640030444951 51.108459656881216)","1","0812","1109000921"
"2015-09-18"," 4624","RICHARD ROAD","SW","Overhead Flasher","Yes","No","No","51.0137693010257","-114.12052970154662","POINT (-114.12052970154662 51.0137693010257)","1","B2791","1109783937"
"2019-04-04","17107","JAMES MCKEVITT ROAD","SW","Pedestrian RRFB","Yes","No","No","50.89943973986945","-114.09442033635895","POINT (-114.09442033635895 50.89943973986945)","1","B0025","1110203140"
"2003-07-25","162 AVENUE","SHAWBROOKE DRIVE/SOMERCREST ST","SW","Traffic signal","Yes","Yes","Yes","50.90399411284138","-114.08954238546309","POINT (-114.08954238546309 50.90399411284138)","1","0835","1109000960"
"2016-03-28","108 AVENUE"," 36 STREET","NE","Traffic signal T intersection","Yes","No","No","51.15100799554992","-113.98163000494841","POINT (-113.98163000494841 51.15100799554992)","1","1112","1109730482"
"1966-01-01"," 17 AVENUE","  2 STREET","SW","Traffic signal","No","Yes","No","51.037831261822504","-114.06847274884645","POINT (-114.06847274884645 51.037831261822504)","1","0455","1109001218"
"1954-01-01"," 36 AVENUE/MISSION ROAD","MACLEOD TRAIL","S","Traffic signal","Yes","No","Yes","51.021438253537326","-114.06066281163783","POINT (-114.06066281163783 51.021438253537326)","1","0550","1109001320"
"1980-01-01","MEMORIAL DRIVE"," 28 STREET","SE","Traffic signal","Yes","Yes","No","51.04907017047402","-113.99117184742036","POINT (-113.99117184742036 51.04907017047402)","1","0275","1109001658"
"2020-10-27","130 AVENUE","MCIVOR BOULEVARD","SE","1/2 signal","Yes","Yes","Yes","50.92877567120793","-113.93519537646159","POINT (-113.93519537646159 50.92877567120793)","1","1105","1110175503"
"1986-12-04"," 32 AVENUE","MARKET MALL","NW","Traffic signal T intersection","Yes","No","No","51.08148314099173","-114.15450192942247","POINT (-114.15450192942247 51.08148314099173)","1","0127","1109000658"
"1971-01-01"," 89 AVENUE","ELBOW DRIVE","SW","Traffic signal","Yes","No","Yes","50.973537363984306","-114.08451887620753","POINT (-114.08451887620753 50.973537363984306)","1","0670","1109001001"
"2017-08-09","RIVERBEND DRIVE","RIVERVALLEY DRIVE","SE","Pedestrian RRFB","Yes","No","No","50.97330625923899","-114.02039944646748","POINT (-114.02039944646748 50.97330625923899)","1","B2864","1110038972"
"2021-05-05"," 17 AVENUE"," 35 STREET","SW","Traffic signal","Yes","Yes","Yes","51.03783097389516","-114.1383184156133","POINT (-114.1383184156133 51.03783097389516)","1","1113","1109712234"
"2025-05-23","CORNERBROOK GREEN","CORNERSTONE BOULEVARD","NE","Pedestrian RRFB","Yes","No","No","51.15802535416892","-113.93049225098012","POINT (-113.93049225098012 51.15802535416892)","1","B2797","1109789243"
"1994-08-11","COUNTRY HILLS BOULEVARD","SUPERSTORE ENTRANCE","NW","Traffic signal T intersection","Yes","Yes","No","51.13874847626729","-114.16011766147301","POINT (-114.16011766147301 51.13874847626729)","1","0011","1109000640"
"1948-01-01","  4 AVENUE","  1 STREET","SW","Traffic signal","No","Yes","Yes","51.049402898879585","-114.06523467043978","POINT (-114.06523467043978 51.049402898879585)","1","0298","1109001257"
"1993-10-22","BEDDINGTON TRAIL","BEDDINGTON BOULEVARD","NE","Traffic signal","Yes","Yes","No","51.12793186018606","-114.05302076793454","POINT (-114.05302076793454 51.12793186018606)","1","0008","1109001395"
"2017-10-31","SAGE HILL DRIVE","SYMONS VALLEY ROAD","NW","1/2 signal","Yes","Yes","No","51.16983003389587","-114.13295974980342","POINT (-114.13295974980342 51.16983003389587)","1","1084","1110090619"
"2005-05-10"," 13 AVENUE","  8 STREET","SW","Overhead Flasher","Yes","No","No","51.04100520243246","-114.0815927655722","POINT (-114.0815927655722 51.04100520243246)","1","B2734","1109001038"
"1981-01-01"," 17 AVENUE"," 45 STREET","SW","Traffic signal","Yes","Yes","No","51.03780533794444","-114.15282264613221","POINT (-114.15282264613221 51.03780533794444)","1","0441","1109000663"
"2000-08-28","SHAWINIGAN DRIVE","SHAWBROOKE CLOSE","SW","Overhead Flasher","Yes","No","No","50.90740629259453","-114.08806011106307","POINT (-114.08806011106307 50.90740629259453)","1","B2693","1109000974"
"1959-01-01","  9 AVENUE"," 19 STREET","SE","Traffic signal T intersection","Yes","Yes","Yes","51.03543136598549","-114.01997513859598","POINT (-114.01997513859598 51.03543136598549)","1","0385","1109001448"
"2021-06-08","ARBOUR LAKE RISE","ARBOUR LAKE ROAD","NW","Pedestrian RRFB","Yes",,"No","51.12849054219212","-114.21380020321013","POINT (-114.21380020321013 51.12849054219212)","1","B0048","1110293081"
"1986-10-30"," 26 AVENUE"," 29 STREET","SW","Traffic signal","Yes","No","No","51.03006627762564","-114.12957395063303","POINT (-114.12957395063303 51.03006627762564)","1","0507","1109000737"
"2019-08-01","DISCOVERY RIDGE BOULEVARD","DISCOVERY RIDGE HILL/LANE","SW","Pedestrian RRFB","Yes","No","No","51.01521914965069","-114.21393894290317","POINT (-114.21393894290317 51.01521914965069)","1","B0010","1110203125"
"2019-11-15","SYMONS VALLEY PARKWAY","SAGE HILL DRIVE/37 STREET ","NW","Traffic signal","Yes","Yes","Yes","51.16802482190919","-114.14115977204148","POINT (-114.14115977204148 51.16802482190919)","1","1186","1109957110"
"2007-06-23","GLENMORE TRAIL","ELBOW DRIVE","SW","Traffic signal","Yes","Yes","Yes","50.99406844935742","-114.0831913549508","POINT (-114.0831913549508 50.99406844935742)","1","0613","1109001021"
"2015-01-15","SADDLETOWNE CIRCLE","SADDLERIDGE DRIVE","NE","Pedestrian RRFB","Yes","No","No","51.126044900536485","-113.94910004177054","POINT (-113.94910004177054 51.126044900536485)","1","B2796","1109783965"
"2021-12-17"," 10 AVENUE","EDMONTON TRAIL","NE","Traffic signal","Yes","Yes","Yes","51.06151878122848","-114.05542031334762","POINT (-114.05542031334762 51.06151878122848)","1","1249","1110309605"
"2016-01-18","BROOKPARK BOULEVARD ","SOUTHLAND DRIVE","SW","Overhead Flasher","Yes","No","No","50.96131866182605","-114.10945634576782","POINT (-114.10945634576782 50.96131866182605)","1","B2803","1109806828"
"2001-08-21","  7 AVENUE","EDMONTON TRAIL","NE","Traffic signal T intersection","Yes","Yes","Yes","51.05843863934382","-114.05430004745074","POINT (-114.05430004745074 51.05843863934382)","1","0224","1109001387"
"2001-06-20"," 23 AVENUE"," 14 STREET","SW","Overhead Flasher","Yes","No","No","51.033228167351346","-114.0947098970755","POINT (-114.0947098970755 51.033228167351346)","1","B2710","1109000933"
"2019-03-13","COUNTRY HILLS BOULEVARD","STONEY TRAIL","NW","Pedestrian RRFB","Yes","No","No","51.14570897416036","-114.20713554051191","POINT (-114.20713554051191 51.14570897416036)","1","B2919","1110174211"
"1980-10-01","  5 STREET"," 22 AVENUE","SW","Overhead Flasher","Yes","No","No","51.03336884899461","-114.07419415604214","POINT (-114.07419415604214 51.03336884899461)","1","B2630","1109001111"
"2017-10-26","112 AVENUE"," 76 STREET","NW","Traffic signal","Yes","No","No","51.154183481639315","-114.1965785717471","POINT (-114.1965785717471 51.154183481639315)","1","1015","1109988823"
"1974-11-01","  5 AVENUE"," 12 STREET","NW","Overhead Flasher","Yes","No","No","51.05708031831733","-114.09172022541337","POINT (-114.09172022541337 51.05708031831733)","1","B2586","1109000955"
"2025-09-26","NOSE HILL DRIVE","SILVER SPRINGS ROAD","NW","Pedestrian RRFB","Yes","No","No","51.10983849423057","-114.2111716672724","POINT (-114.2111716672724 51.10983849423057)","1","B0179","1110518116"
"2009-02-17"," 90 AVENUE"," 40 STREET","SE","Traffic signal","Yes","No","No","50.97229522307917","-113.97578042627622","POINT (-113.97578042627622 50.97229522307917)","1","0521","1109001721"
"2016-09-26","CRANFIELD LINK/CRANLEIGH DRIVE","CRANSTON BOULEVARD","SE","Pedestrian RRFB","Yes","No","No","50.893524074465624","-113.9869594720671","POINT (-113.9869594720671 50.893524074465624)","1","B2826","1110001160"
"1992-11-17","WILLOW PARK DRIVE","FAIRMOUNT DRIVE","SE","Traffic signal","Yes","Yes","Yes","50.95835085523974","-114.05908085125468","POINT (-114.05908085125468 50.95835085523974)","1","0709","1109001342"
"2019-12-17","BOW TRAIL"," 77 STREET","SW","1/2 signal","Yes","Yes","No","51.0524951760778","-114.19876083637547","POINT (-114.19876083637547 51.0524951760778)","1","1172","1110061936"
"2009-06-11","SCENIC ACRES PARADE","CROWFOOT PARADE","NW","Traffic signal","Yes","Yes","No","51.122225965900824","-114.21055539541962","POINT (-114.21055539541962 51.122225965900824)","1","0973","1109000552"
"2024-11-14","26 AVENUE","39 STREET","SE","Pedestrian RRFB","Yes","No","No","51.030543831290416","-113.97726399696408","POINT (-113.97726399696408 51.030543831290416)","1","B0117","1110433907"
"2004-01-10","HARVEST HILLS BOULEVARD","COUNTRY VILLAGE WY/PANAMOUNT","N","Traffic signal","Yes","Yes","Yes","51.15657477447465","-114.06984574803677","POINT (-114.06984574803677 51.15657477447465)","1","0941","1109001199"
"2014-03-11"," 44 STREET"," 11 AVENUE","SE","Overhead Flasher","Yes","No","No","51.04323710491157","-113.9700050486131","POINT (-113.9700050486131 51.04323710491157)","1","B2780","1109738991"
"2025-12-05","CORNERSTONE AV/SKYVIEW RANCH AV"," 60 STREET","NE","Traffic signal","Yes","Yes","Yes","51.16095204435535","-113.94677706796733","POINT (-113.94677706796733 51.16095204435535)","1","1302","1110364988"
"1980-01-01","BARLOW TRAIL","PEIGAN TRAIL","SE","Traffic signal","No","No","No","51.015195259482574","-114.00248985826886","POINT (-114.00248985826886 51.015195259482574)","1","0571","1109001505"
"1984-01-01"," 16 AVENUE/SUNRIDGE WAY"," 36 STREET","NE","Traffic signal","No","No","No","51.06818631551959","-113.9817078791285","POINT (-113.9817078791285 51.06818631551959)","1","0210","1109001693"
"1970-01-01","SHAGANAPPI TRAIL","VARSITY DRIVE","NW","Traffic signal","Yes","Yes","Yes","51.093338797322666","-114.15488599037515","POINT (-114.15488599037515 51.093338797322666)","1","0120","1109000657"
"2008-11-04","SYMONS VALLEY PARKWAY","SYMONS VALLEY ROAD","NW","Traffic signal","Yes","Yes","Yes","51.168048524199136","-114.13195704613317","POINT (-114.13195704613317 51.168048524199136)","1","1006","1109243375"
"2020-08-19","BOW TRAIL","SARCEE TRAIL","SW","Pedestrian RRFB","Yes","No","No","51.053310979220804","-114.16468748396909","POINT (-114.16468748396909 51.053310979220804)","1","B2920","1110254720"
"1991-01-18","  3 AVENUE","  2 STREET","SW","Traffic signal","No","Yes","No","51.05040652150464","-114.06761590815366","POINT (-114.06761590815366 51.05040652150464)","1","0255","1109001235"
"2023-03-15"," 16 AVENUE","MONTEREY AVENUE","NW","Overhead Flasher","Yes","No","No","51.06957239809706","-114.16020304178365","POINT (-114.16020304178365 51.06957239809706)","1","B0073","1110359865"
"2016-12-28","TUSCANY DRIVE","TUSCANY WAY","NW","Pedestrian RRFB","Yes","No","No","51.12907207777697","-114.25017507734354","POINT (-114.25017507734354 51.12907207777697)","1","B2839","1110006467"
"1991-06-24"," 55 AVENUE","ELBOW DRIVE","SW","Traffic signal","Yes","Yes","No","51.00425521026563","-114.0813288083231","POINT (-114.0813288083231 51.00425521026563)","1","0590","1109001043"
"1996-08-30","  2 AVENUE"," 28 STREET","SE","Traffic signal","Yes","No","No","51.049985708832125","-113.99244806256823","POINT (-113.99244806256823 51.049985708832125)","1","0252","1109001650"
"1965-01-01"," 26 AVENUE"," 37 STREET","SW","Traffic signal","Yes","Yes","Yes","51.030051392253505","-114.14115166262852","POINT (-114.14115166262852 51.030051392253505)","1","0505","1109000698"
"2012-12-24"," 14 AVENUE"," 85 STREET","SW","Traffic signal","Yes","Yes","Yes","51.04517887300272","-114.21096863680985","POINT (-114.21096863680985 51.04517887300272)","1","0683","1109000543"
"2017-11-17"," 79 AVENUE","HERITAGE DRIVE","SE","Traffic signal","Yes","Yes","Yes","50.98268408325035","-114.04847129339264","POINT (-114.04847129339264 50.98268408325035)","1","0737","1110020863"
"1999-08-27","COUNTRY HILLS BOULEVARD","HARVEST HILLS GATE","NE","Traffic signal T intersection","Yes","No","No","51.15422361168797","-114.04806753806699","POINT (-114.04806753806699 51.15422361168797)","1","0932","1109000871"
"2020-08-31"," 33 AVENUE"," 37 STREET","SW","Traffic signal T intersection","Yes","Yes","Yes","51.02386099653411","-114.14114534129384","POINT (-114.14114534129384 51.02386099653411)","1","1237","1110264685"
"1980-01-01"," 61 AVENUE","BARLOW TRAIL","SE","Traffic signal","Yes","No","No","50.99879868199023","-113.98430031033055","POINT (-113.98430031033055 50.99879868199023)","1","0625","1109001678"
"1956-01-01","  5 AVENUE","  8 STREET","SW","Traffic signal","No","Yes","No","51.04889856675298","-114.08105041868866","POINT (-114.08105041868866 51.04889856675298)","1","0304","1109001052"
"1971-01-01"," 32 AVENUE"," 31 STREET/CAMPUS DRIVE","NW","Traffic signal","Yes","Yes","Yes","51.081481494806845","-114.13059217031699","POINT (-114.13059217031699 51.081481494806845)","1","0130","1109000734"
"2012-04-13","KENSINGTON ROAD"," 21 STREET","NW","Traffic signal","Yes","Yes","No","51.0524944777928","-114.11045757118984","POINT (-114.11045757118984 51.0524944777928)","1","1056","1109413136"
"1952-01-01","KENSINGTON ROAD"," 10 STREET","NW","Traffic signal T intersection","No","Yes","No","51.052499434030416","-114.08587808800729","POINT (-114.08587808800729 51.052499434030416)","1","0247","1109000988"
"2025-03-06","ROCKY RIDGE ROAD","ROCKY VISTA DRIVE/ROYAL OAK DRIVE","NW","Overhead Flasher","Yes","No","No","51.13868259941929","-114.2342966353704","POINT (-114.2342966353704 51.13868259941929)","1","B0103","1110427756"
"2012-03-21","DOUGLASDALE BOULEVARD","DOUGLAS PARK BV/DOUGLAS RIDGE CI","SE","Pedestrian RRFB","Yes","No","No","50.93450213857232","-113.98239252718878","POINT (-113.98239252718878 50.93450213857232)","1","B2766","1109696673"
"2020-01-24","ELBOW DRIVE","CANATA CLOSE","SW","Overhead Flasher","Yes","No","No","50.94433860807374","-114.08572600692106","POINT (-114.08572600692106 50.94433860807374)","1","B0005","1110203120"
"1993-09-01","FALCONRIDGE DRIVE","FALCONRIDGE CRESCENT","NE","Overhead Flasher","Yes","No","No","51.09929261190069","-113.94813366008107","POINT (-113.94813366008107 51.09929261190069)","1","B2507","1109001805"
"1999-08-20"," 23 AVENUE"," 52 STREET","NE","Traffic signal T intersection","Yes","Yes","Yes","51.07396725034735","-113.95840331690795","POINT (-113.95840331690795 51.07396725034735)","1","0223","1109001792"
"2021-10-01","136 AVENUE","SYMONS VALLEY ROAD","NW","Pedestrian RRFB",,"No","No","51.175939449614084","-114.133489263154","POINT (-114.133489263154 51.175939449614084)","1","B0062-TEMP","1110332323"
"2020-01-21","EVANSPARK BOULEVARD","SYMONS VALLEY PARKWAY","NW","Traffic signal T intersection","Yes","Yes","Yes","51.16811582974912","-114.1179199047189","POINT (-114.1179199047189 51.16811582974912)","1","1188","1110175289"
"1990-06-18","  3 AVENUE","  1 STREET","SW","Traffic signal","No","Yes","Yes","51.050364831520994","-114.06514841235762","POINT (-114.06514841235762 51.050364831520994)","1","0286","1109001258"
"2024-09-20"," 88 AVENUE","46 STREET/GURU NANAK GATE","NE","Traffic signal","Yes","Yes","Yes","51.13254985364521","-113.96577701002974","POINT (-113.96577701002974 51.13254985364521)","1","1022","1110175434"
"1972-01-01","MCKNIGHT BOULEVARD","EDMONTON TRAIL/4 STREET","NE","Traffic signal","Yes","No","No","51.09607412913394","-114.05396484564015","POINT (-114.05396484564015 51.09607412913394)","1","0053","1109001382"
"1992-06-01"," 14 STREET"," 15 AVENUE","SW","Overhead Flasher","Yes","No","No","51.03946705410602","-114.0947083569082","POINT (-114.0947083569082 51.03946705410602)","1","B2619","1109000935"
"1982-10-01","WOODPARK BOULEVARD","WOODGREEN DRIVE","SW","Overhead Flasher","Yes","No","No","50.93858865507169","-114.10914404649347","POINT (-114.10914404649347 50.93858865507169)","1","B2676","1109000808"
"2003-08-24","SHAWNESSY BOULEVARD","MACLEOD TR RAMP/SHAWVILLE BV","SE","Traffic signal","Yes","No","No","50.91292570767177","-114.0696368633936","POINT (-114.0696368633936 50.91292570767177)","1","0836","1109001196"
"2007-09-13"," 23 AVENUE","CENTRE STREET","N","Overhead Flasher","Yes","No","No","51.07339904129997","-114.06251856161275","POINT (-114.06251856161275 51.07339904129997)","1","B2752","1109001937"
"1989-12-06","NORTHMOUNT DRIVE","CAMBRIAN DRIVE","NW","Traffic signal","Yes","Yes","Yes","51.083018625759586","-114.0925965809316","POINT (-114.0925965809316 51.083018625759586)","1","0095","1109000952"
"1992-08-01","EDMONTON TRAIL","  2 AVENUE","NE","Overhead Flasher","Yes","No","No","51.05463303980542","-114.05092129473896","POINT (-114.05092129473896 51.05463303980542)","1","B2599","1109001407"
"1982-01-01","ANDERSON ROAD"," 24 STREET","SW","Traffic signal","Yes","Yes","Yes","50.95050053351531","-114.11796618704481","POINT (-114.11796618704481 50.95050053351531)","1","0720","1109000770"
"1981-01-01"," 13 AVENUE"," 37 STREET","SW","Traffic signal","Yes","Yes","Yes","51.041505841242234","-114.14112765068144","POINT (-114.14112765068144 51.041505841242234)","1","0426","1109000704"
"1982-01-01","CANYON MEADOWS DRIVE","QUEENSLAND DR/DEER RIDGE DR","SE","Traffic signal","Yes","No","No","50.931826483143325","-114.02711327926674","POINT (-114.02711327926674 50.931826483143325)","1","0746","1109001434"
"2020-08-12","  7 AVENUE"," 14 STREET","NW","Traffic signal T intersection","Yes","Yes","Yes","51.05889469165085","-114.09472668987864","POINT (-114.09472668987864 51.05889469165085)","1","1233","1110271719"
"2025-05-30","CORNERSTONE WAY","CORNER MEADOWS AVENUE","NE","Pedestrian RRFB","Yes","No","No","51.15066089356195","-113.9301128385384","POINT (-113.9301128385384 51.15066089356195)","1","B0058","1110282245"
"1980-01-01"," 21 AVENUE"," 11 STREET","SE","Traffic signal T intersection","Yes","Yes","Yes","51.03458074635488","-114.03676216553374","POINT (-114.03676216553374 51.03458074635488)","1","0485","1109000916"
"1979-11-01","PENBROOK DRIVE","  5 AVENUE","SE","Overhead Flasher","Yes","No","No","51.048539980192054","-113.9418377863747","POINT (-113.9418377863747 51.048539980192054)","1","B2606","1109001508"
"1986-10-01"," 23 AVENUE/SUNRIDGE WAY","BARLOW TRAIL","NE","Traffic signal","Yes","No","No","51.07341418178358","-114.001689728629","POINT (-114.001689728629 51.07341418178358)","1","0168","1109001573"
"2005-12-12","SHAWVILLE GATE","SHAWVILLE LINK","SE","Traffic signal","Yes","Yes","Yes","50.89880768386577","-114.06619474965694","POINT (-114.06619474965694 50.89880768386577)","1","0822","1109001528"
"1986-01-01","BONAVENTURE DRIVE","SOUTH CENTRE S.C./FAMILY LEISURE","SE","Traffic signal","Yes","Yes","Yes","50.952248301983644","-114.06025193054809","POINT (-114.06025193054809 50.952248301983644)","1","0717","1109001330"
"2007-10-19","GLENMORE TRAIL","  5 STREET","SW","Traffic signal","Yes","No","No","50.99455883251081","-114.07657982595184","POINT (-114.07657982595184 50.99455883251081)","1","0617","1109001085"
"1993-11-29","EDGEMONT BOULEVARD","SHAGANAPPI TRAIL","NW","Traffic signal","Yes","Yes","Yes","51.12678837300977","-114.13314862299275","POINT (-114.13314862299275 51.12678837300977)","1","0050","1109000730"
"1980-01-01","TEMPLE DR/WHITEHORN DR"," 52 STREET","NE","Traffic signal","Yes","No","No","51.08588793818506","-113.95841672084681","POINT (-113.95841672084681 51.08588793818506)","1","0090","1109001762"
"2002-08-29","130 AVENUE","DOUGLASDALE BOULEVARD","SE","Traffic signal","Yes","No","No","50.93195035276013","-113.98363349255378","POINT (-113.98363349255378 50.93195035276013)","1","0845","1109001679"
"2008-04-09","MARLBOROUGH DRIVE"," 52 STREET","NE","Traffic signal T intersection","Yes","Yes","Yes","51.060030537812814","-113.95834524728738","POINT (-113.95834524728738 51.060030537812814)","1","0978","1109001779"
"1980-01-01"," 12 AVENUE","OLYMPIC WAY","SE","Traffic signal","Yes","Yes","Yes","51.04114730023357","-114.05348748472424","POINT (-114.05348748472424 51.04114730023357)","1","0420","1109001385"
"2010-05-03"," 96 AVENUE","HARVEST ROSE PARK","NE","Traffic signal","Yes","No","No","51.14154851256272","-114.06257858216239","POINT (-114.06257858216239 51.14154851256272)","1","0989","1109001585"
"1965-01-01"," 50 AVENUE","ELBOW DRIVE","SW","Traffic signal","Yes","Yes","Yes","51.00871902688013","-114.0813598196757","POINT (-114.0813598196757 51.00871902688013)","1","0586","1109001047"
"1997-04-16"," 13 AVENUE","UNIVERSITY DRIVE","NW","Traffic signal","Yes","No","No","51.06453533997735","-114.11972625293154","POINT (-114.11972625293154 51.06453533997735)","1","0178","1109000766"
"2018-02-28"," 64 AVENUE","DEERFOOT TRAIL","NE","Pedestrian RRFB","Yes","No","No","51.11033421293477","-114.04552384130304","POINT (-114.04552384130304 51.11033421293477)","1","B2907","1110063420"
"2004-11-12","126 AVENUE"," 52 STREET","SE","Traffic signal T intersection","Yes","No","No","50.93420128535878","-113.95816495168728","POINT (-113.95816495168728 50.93420128535878)","1","0862","1109001790"
"1966-08-01"," 11 AVENUE"," 16 STREET","SW","Overhead Flasher","Yes","No","No","51.0433918014372","-114.0992511090114","POINT (-114.0992511090114 51.0433918014372)","1","B2609","1109000847"
"1973-07-13","  9 AVENUE","  9 STREET","SW","Traffic signal T intersection","No","Yes","No","51.045192891728135","-114.08375349847691","POINT (-114.08375349847691 51.045192891728135)","1","0371","1109001009"
"2016-12-14","MARLBOROUGH WAY","MARYVALE DRIVE","NE","Pedestrian RRFB","Yes","No","No","51.05628906971257","-113.97693150027271","POINT (-113.97693150027271 51.05628906971257)","1","B2825","1110001159"
"2024-09-03","WENTWORTH DRIVE","WENTWORTH ROAD","SW","Pedestrian RRFB","Yes","No","No","51.05638824502208","-114.20737141616938","POINT (-114.20737141616938 51.05638824502208)","1","B0115","1110433905"
"2000-06-19","CITADEL GATE/NOSE HILL DRIVE","COUNTRY HILLS BOULEVARD","NW","Traffic signal","Yes","No","Yes","51.1411269175427","-114.1819299401113","POINT (-114.1819299401113 51.1411269175427)","1","0921","1109000595"
"2014-03-27","EAST HILLS SOUTH ACCESS"," 84 STREET","SE","Traffic signal","Yes","Yes","Yes","51.040435795399425","-113.90814048664777","POINT (-113.90814048664777 51.040435795399425)","1","1115","1109737890"
"2017-05-25","ROCKBOROUGH PARK/ROYAL OAK GARDENS","ROCKY RIDGE ROAD","NW","Pedestrian RRFB","Yes","No","No","51.15201434408499","-114.23422272903348","POINT (-114.23422272903348 51.15201434408499)","1","B2884","1110046507"
"1980-10-01","HUNTERVIEW DRIVE","HUNTERBURN HILL","NW","Overhead Flasher","Yes","No","No","51.11781190785168","-114.08319913253814","POINT (-114.08319913253814 51.11781190785168)","1","B2504","1109001030"
"1989-07-24"," 86 AVENUE/HULL AVENUE","MACLEOD TRAIL","S","Traffic signal","Yes","Yes","Yes","50.97591668848108","-114.07158217068465","POINT (-114.07158217068465 50.97591668848108)","1","0668","1109001142"
"2015-09-18","FALCONRIDGE BOULEVARD","SADDLETOWNE CIRCLE","NE","Traffic signal","Yes","Yes","No","51.12141628906624","-113.94674465734721","POINT (-113.94674465734721 51.12141628906624)","1","1120","1109001816"
"1967-10-01","  8 STREET","DORCHESTER AVENUE","SW","Overhead Flasher","Yes","No","No","51.03049206228839","-114.0836039260484","POINT (-114.0836039260484 51.03049206228839)","1","B2629","1109001012"
"1979-01-01"," 12 AVENUE"," 36 STREET","SE","Traffic signal","Yes","No","No","51.04248857957276","-113.98164745968242","POINT (-113.98164745968242 51.04248857957276)","1","0424","1109001697"
"1976-01-01"," 58 AVENUE","CENTRE STREET","S","Traffic signal","Yes","No","No","51.00138934533357","-114.0638280666625","POINT (-114.0638280666625 51.00138934533357)","1","0603","1109001268"
"1975-01-01","DALHOUSIE DRIVE","DALTON DRIVE","NW","Traffic signal","Yes","Yes","Yes","51.10339189029377","-114.14761290042372","POINT (-114.14761290042372 51.10339189029377)","1","0071","1109000675"
"2001-09-24"," 57 AVENUE"," 11 STREET","NE","Traffic signal","Yes","No","No","51.10620009327685","-114.03641910792764","POINT (-114.03641910792764 51.10620009327685)","1","0093","1109000919"
"2017-11-05","SUNRIDGE BOULEVARD"," 27 STREET","NE","Pedestrian RRFB","Yes","No","No","51.07689954650601","-113.99477294962288","POINT (-113.99477294962288 51.07689954650601)","1","B2854","1110038957"
"2013-10-30","EDGEMONT BOULEVARD","EDGEDALE DRIVE","NW","Overhead Flasher","Yes","No","No","51.11870340897502","-114.15545196245643","POINT (-114.15545196245643 51.11870340897502)","1","B2772","1109699097"
"2010-12-20"," 68 AVENUE","  4 STREET","NW","Traffic signal","Yes","Yes","No","51.11406861029815","-114.07145107777276","POINT (-114.07145107777276 51.11406861029815)","1","0979","1109001177"
"2006-02-27","FREEPORT BOULEVARD","FREEPORT DRIVE","NE","Traffic signal","Yes","No","No","51.150823601135265","-114.00653380177837","POINT (-114.00653380177837 51.150823601135265)","1","0915","1109001477"
"1978-07-01","HADDON ROAD"," 86 AVENUE","SW","Overhead Flasher","Yes","No","No","50.97588601452863","-114.0773918529724","POINT (-114.0773918529724 50.97588601452863)","1","B2657","1109001075"
"2023-05-11","EVERGREEN GATE","FISH CREEK BOULEVARD","SW","Overhead Flasher","Yes","No","No","50.91762413037644","-114.10775788689612","POINT (-114.10775788689612 50.91762413037644)","1","B0068","1110357954"
"2023-12-08","MAYLAND DRIVE","19 STREET","NE","Pedestrian RRFB","Yes","No","No","51.063899608130896","-114.01335323418864","POINT (-114.01335323418864 51.063899608130896)","1","B0108","1110433848"
"2025-01-23","HIDDEN HILLS TC/HIDDEN VALLEY DR","HIDDEN VALLEY DRIVE","NW","Pedestrian RRFB",,"No","No","51.14934624034213","-114.1296297026734","POINT (-114.1296297026734 51.14934624034213)","1","B0178-TEMP","1110528536"
"2022-06-17","100 AVENUE"," 68 STREET","SE","Traffic signal","Yes","Yes","Yes","50.96742762462421","-113.93514098480729","POINT (-113.93514098480729 50.96742762462421)","1","0764","1110345319"
"2018-10-22"," 26 AVENUE","  4 STREET","NW","Fire signal","No","No","No","51.07612438473734","-114.07154756859907","POINT (-114.07154756859907 51.07612438473734)","1","1173","1110159542"
"2015-08-25","ST GEORGES DRIVE"," 12 STREET","NE","Traffic signal T intersection","Yes","Yes","No","51.048986774846824","-114.03146636478496","POINT (-114.03146636478496 51.048986774846824)","1","0387","1109750925"
"2013-12-12","JOLIET AVENUE"," 14 STREET","SW","1/2 signal","Yes","No","Yes","51.02606397565941","-114.09467129507004","POINT (-114.09467129507004 51.02606397565941)","1","1044","1109395614"
"1956-01-01","  5 AVENUE","  1 STREET","SW","Traffic signal","No","Yes","No","51.04845893838455","-114.06530465331775","POINT (-114.06530465331775 51.04845893838455)","1","0311","1109001256"
"2018-09-06"," 17 AVENUE"," 38 STREET","SE","Traffic signal","Yes","Yes","Yes","51.03784904929289","-113.97868135429206","POINT (-113.97868135429206 51.03784904929289)","1","1166","1110009373"
"1986-12-09","AIRPORT ROAD","BARLOW TRAIL","NE","Traffic signal","Yes","No","No","51.13416082416117","-114.00044081958495","POINT (-114.00044081958495 51.13416082416117)","1","0001","1109001580"
"2017-12-15","CHAPALINA CLOSE","CHAPARRAL DRIVE","SE","Pedestrian RRFB","Yes","No","No","50.88295444765874","-114.04377287016268","POINT (-114.04377287016268 50.88295444765874)","1","B2893","1110058813"
"1973-01-01"," 72 AVENUE","CENTRE STREET","N","Traffic signal","Yes","Yes","Yes","51.11799160232249","-114.06958759434157","POINT (-114.06958759434157 51.11799160232249)","1","0010","1109001203"
"2002-12-12"," 48 AVENUE/PEGASUS ROAD","BARLOW TRAIL","NE","Traffic signal","Yes","No","No","51.09604162223393","-114.00167033923726","POINT (-114.00167033923726 51.09604162223393)","1","0796","1109001503"
"2001-10-23","13009","LAKE FRASER DRIVE","SE","Overhead Flasher","Yes","No","No","50.93683717787672","-114.06684219380737","POINT (-114.06684219380737 50.93683717787672)","1","B2711","1109001240"
"2018-09-18"," 17 AVENUE"," 54 STREET","SE","Traffic signal T intersection","Yes","Yes","Yes","51.03784012092513","-113.95557386890897","POINT (-113.95557386890897 51.03784012092513)","1","1161","1110009383"
"2020-04-17","MILLRISE BOULEVARD","MILLRISE DRIVE","SW","Traffic signal","Yes","Yes","Yes","50.91647259959312","-114.07433808505981","POINT (-114.07433808505981 50.91647259959312)","1","0962","1109757963"
"2024-09-11","SADDLELAND DRIVE","SADDLEMONT BOULEVARD","NE","Traffic signal",,"Yes","Yes","51.12956750831087","-113.93923523390626","POINT (-113.93923523390626 51.12956750831087)","1","1020","1110408797"
"2020-08-28","144 AVENUE","  1 STREET","NE","Traffic signal","Yes","Yes","Yes","51.183388532008685","-114.06916222239367","POINT (-114.06916222239367 51.183388532008685)","1","1206","1109000907"
"2011-09-23"," 20 AVENUE","  2 STREET","NW","Traffic signal","Yes","No","No","51.07061047142981","-114.06745834677454","POINT (-114.06745834677454 51.07061047142981)","1","0952","1109001622"
"1977-01-01","SOUTHLAND DRIVE","BRAESIDE DRIVE/PALLISER DR","SW","Traffic signal","Yes","No","No","50.961419253575926","-114.10333266067333","POINT (-114.10333266067333 50.961419253575926)","1","0692","1109000833"
"1992-01-01"," 45 AVENUE","MACLEOD TRAIL","SW","Traffic signal T intersection","Yes","No","Yes","51.01285019886561","-114.06586741773955","POINT (-114.06586741773955 51.01285019886561)","1","0572","1109001247"
"1977-01-01","DALHOUSIE DRIVE"," 66 AVENUE","NW","Overhead Flasher","Yes","No","No","51.11236396238165","-114.16733559307727","POINT (-114.16733559307727 51.11236396238165)","1","B2512","1109000618"
"2016-10-03","COUNTRY HILLS BOULEVARD"," 38 STREET ","NE","Traffic signal","Yes","No","No","51.15422719351891","-113.97733094559797","POINT (-113.97733094559797 51.15422719351891)","1","1122","1109739649"
"1995-12-05","MCKNIGHT BOULEVARD"," 47 STREET","NE","Traffic signal T intersection","No","Yes","Yes","51.0960622454737","-113.96591272202406","POINT (-113.96591272202406 51.0960622454737)","1","0279","1109001751"
"1994-08-09"," 58 AVENUE","  4 STREET","SE","Traffic signal","Yes","No","No","51.001378819195445","-114.05376879468842","POINT (-114.05376879468842 51.001378819195445)","1","0598","1109001383"
"1953-01-01"," 12 AVENUE","  8 STREET","SW","Traffic signal","No","Yes","Yes","51.041940183997866","-114.08152310901747","POINT (-114.08152310901747 51.041940183997866)","1","0413","1109001039"
"2023-12-18"," 42 AVENUE","  1 STREET","SE","Traffic signal T intersection","Yes","Yes","Yes","51.015943902463796","-114.0612206395136","POINT (-114.0612206395136 51.015943902463796)","1","1043","1110188666"
"2018-08-30"," 17 AVENUE"," 40 STREET","SE","Traffic signal","Yes","Yes","Yes","51.03784175172418","-113.9757371146635","POINT (-113.9757371146635 51.03784175172418)","1","1162","1110009376"
"2003-11-17","DALFORD ROAD","DALHOUSIE DRIVE","NW","Traffic signal","Yes","Yes","No","51.10554706587","-114.15633016342011","POINT (-114.15633016342011 51.10554706587)","1","0794","1109000655"
"2001-06-15"," 12 AVENUE","  9 STREET","SW","Traffic signal","No","Yes","Yes","51.04200897521644","-114.08398380994697","POINT (-114.08398380994697 51.04200897521644)","1","0475","1109001032"
"2014-03-30"," 21 AVENUE","  4 STREET","SW","Traffic signal","No","Yes","Yes","51.03429733720571","-114.07150933707027","POINT (-114.07150933707027 51.03429733720571)","1","0992","1109001588"
"2026-08-24","42 AVENUE","4 STREET","NW","Pedestrian RRFB","Yes","No","No","51.09059189382004","-114.0716029479253","POINT (-114.0716029479253 51.09059189382004)","1","B0217","1110626563"
"2004-07-01"," 25 AVENUE"," 14 STREET","SW","Overhead Flasher","Yes","No","No","51.03145086626567","-114.094712729998","POINT (-114.094712729998 51.03145086626567)","1","B2725","1109000923"
"2004-02-26","FAIRMOUNT DRIVE","FLINT ROAD","SE","Traffic signal T intersection","Yes","No","No","50.98830030626998","-114.06359646404465","POINT (-114.06359646404465 50.98830030626998)","1","0673","1109001273"
"2021-12-16"," 24 AVENUE"," 20 STREET","NW","Pedestrian RRFB","Yes","No","No","51.07428411337899","-114.10802548267739","POINT (-114.10802548267739 51.07428411337899)","1","B0011","1110309379"
"1956-01-01"," 17 AVENUE","  6 STREET","SW","Traffic signal T intersection","No","Yes","Yes","51.03780805713756","-114.07686758552222","POINT (-114.07686758552222 51.03780805713756)","1","0452","1109001080"
"2024-10-24","NOLANRIDGE CO/NOLANRIDGE CRESCENT","SARCEE TRAIL","NW","Traffic signal","Yes","Yes","Yes","51.16997039608571","-114.16782720108779","POINT (-114.16782720108779 51.16997039608571)","1","1086","1110195956"
"1976-01-01"," 26 AVENUE"," 36 STREET","SE","Traffic signal","Yes","No","No","51.03052322856996","-113.98165218557577","POINT (-113.98165218557577 51.03052322856996)","1","0520","1109001698"
"2013-04-25"," 17 AVENUE"," 60 STREET","SE","Traffic signal","Yes","Yes","Yes","51.03786133070178","-113.94691386596084","POINT (-113.94691386596084 51.03786133070178)","1","1090","1109698788"
"2014-08-01","114 AVENUE"," 42 STREET","SE","Traffic signal","Yes","No","No","50.950478616382256","-113.97505341769457","POINT (-113.97505341769457 50.950478616382256)","1","1119","1109001824"
"2019-06-20"," 25 AVENUE","  1 STREET","SW","Pedestrian RRFB","Yes","No","No","51.030436654676336","-114.06656902140352","POINT (-114.06656902140352 51.030436654676336)","1","B0027","1110203142"
"2006-09-27"," 24 AVENUE","McLAURIN ST/WEST CAMPUS PL","NW","Traffic signal","Yes","No","No","51.07398170548436","-114.14439426568904","POINT (-114.14439426568904 51.07398170548436)","1","0966","1109000684"
"2023-08-15","34 AVENUE","22 STREET/GARRISON GATE","SW","Traffic signal","Yes","Yes","Yes","51.02317992550914","-114.11430782923833","POINT (-114.11430782923833 51.02317992550914)","1","1278","1110405213"
"2025-04-04","MARTHA'S WAY","MARTINDALE BOULEVARD","NE","Pedestrian RRFB",,"No","No","51.12272275854739","-113.96073188485553","POINT (-113.96073188485553 51.12272275854739)","1","B0114-TEMP","1110517407"
"1990-08-23","LAKE BONAVISTA DRIVE","BONAVENTURE DRIVE","SE","Traffic signal","Yes","No","No","50.941470892758566","-114.06246787229844","POINT (-114.06246787229844 50.941470892758566)","1","0728","1109001290"
"2017-11-29","  9 AVENUE"," 84 STREET","SE","Traffic signal T intersection","Yes","No","No","51.04427080114983","-113.91182083443084","POINT (-113.91182083443084 51.04427080114983)","1","1034","1109980592"
"2009-10-26","128 AVENUE","METIS TRAIL","NE","Traffic signal","Yes","No","No","51.16535713981713","-113.97001801780128","POINT (-113.97001801780128 51.16535713981713)","1","1017","1109243830"
"1987-09-01","FALCONRIDGE DRIVE","FALCHURCH ROAD","NE","Overhead Flasher","Yes","No","No","51.09992090815933","-113.94434591940556","POINT (-113.94434591940556 51.09992090815933)","1","B2508","1109001819"
"2012-04-18","RADCLIFFE DRIVE"," 100 RADCLIFFE PLACE","SE","Pedestrian RRFB","Yes","No","No","51.04659575496472","-113.99241376086009","POINT (-113.99241376086009 51.04659575496472)","1","B2745","1109001933"
"2008-05-29"," 16 AVENUE"," 44 STREET","NW","Overhead Flasher","Yes","No","No","51.0690837949714","-114.15955048188816","POINT (-114.15955048188816 51.0690837949714)","1","B2753","1109001938"
"1964-01-01","  8 AVENUE","  7 STREET","SW","Traffic signal","Yes","Yes","Yes","51.045990220402686","-114.0787829528188","POINT (-114.0787829528188 51.045990220402686)","1","0347","1109001063"
"1969-01-01","  5 AVENUE","  6 STREET","SW","Traffic signal","No","Yes","Yes","51.04876704791554","-114.07610132073765","POINT (-114.07610132073765 51.04876704791554)","1","0306","1109001098"
"1954-01-01"," 12 AVENUE","  1 STREET","SE","Traffic signal","No","Yes","No","51.04135944750634","-114.06085993852642","POINT (-114.06085993852642 51.04135944750634)","1","0418","1109001316"
"1969-01-01","SOUTHLAND DRIVE","FAIRMOUNT DRIVE","SE","Traffic signal","Yes","Yes","Yes","50.964044736486116","-114.05867538650953","POINT (-114.05867538650953 50.964044736486116)","1","0699","1109001343"
"1952-01-01","  7 AVENUE","  3 STREET","SW","Traffic signal","No","No","No","51.046703020345404","-114.0703381155196","POINT (-114.0703381155196 51.046703020345404)","1","0338","1109001189"
"2002-08-06"," 13 AVENUE","  5 STREET","SW","Traffic signal","No","Yes","Yes","51.04079436297559","-114.07422027474237","POINT (-114.07422027474237 51.04079436297559)","1","0476","1109001110"
"1994-10-27"," 52 STREET","MARYVALE DRIVE ","NE","Overhead Flasher","Yes","No","No","51.056901738034945","-113.9572924915383","POINT (-113.9572924915383 51.056901738034945)","1","B2595","1109001794"
"1956-01-01","  9 AVENUE","MACLEOD TRAIL","SE","Traffic signal","Yes","Yes","Yes","51.044462269982425","-114.05818302152173","POINT (-114.05818302152173 51.044462269982425)","1","0380","1109001349"
"1980-01-01","  8 AVENUE/MARLBOROUGH DR"," 36 STREET","NE","Traffic signal","Yes","Yes","No","51.05951866288999","-113.98170340324937","POINT (-113.98170340324937 51.05951866288999)","1","0228","1109001689"
"2012-10-29"," 26 STREET"," 28 AVENUE","SE","Overhead Flasher","Yes","No","No","51.0272632493454","-113.99597196646377","POINT (-113.99597196646377 51.0272632493454)","1","B2765","1109001561"
"2004-08-25","112 AVENUE/ROYAL BIRCH BOULEVARD","COUNTRY HILLS BOULEVARD","NW","Traffic signal","Yes","Yes","Yes","51.14985977500757","-114.21334963597195","POINT (-114.21334963597195 51.14985977500757)","1","0810","1109000542"
"1992-08-06","WOODGLEN RISE/WOODPARK AV"," 24 STREET","SW","Traffic signal","Yes","No","No","50.94631187912407","-114.11797192372028","POINT (-114.11797192372028 50.94631187912407)","1","0784","1109000769"
"2012-08-23"," 80 AVENUE","SADDLETOWNE CIRCLE","NE","Traffic signal","Yes","Yes","Yes","51.125181045140735","-113.9497071486718","POINT (-113.9497071486718 51.125181045140735)","1","1049","1109400964"
"2006-02-23"," 34 AVENUE"," 69 STREET","SW","Traffic signal","Yes","No","No","51.023281171050606","-114.18759755237339","POINT (-114.18759755237339 51.023281171050606)","1","0528","1109000588"
"2018-04-19"," 15 AVENUE","  8 STREET","SW","Traffic signal","No","Yes","Yes","51.039108279502635","-114.08171776400074","POINT (-114.08171776400074 51.039108279502635)","1","0873","1110061211"
"2021-09-10"," 17 AVENUE"," 77 STREET","SW","Traffic signal T intersection","Yes","Yes","Yes","51.03793216065588","-114.19925254379865","POINT (-114.19925254379865 51.03793216065588)","1","1222","1110175639"
"2012-06-29","SETON BOULEVARD","AUBURN BAY STREET/45 STREET","SE","Traffic signal","Yes","Yes","No","50.884028910300714","-113.94916657096677","POINT (-113.94916657096677 50.884028910300714)","1","1046","1109395839"
"1967-01-01"," 24 AVENUE"," 19 STREET","NW","Traffic signal","Yes","No","No","51.074280187988165","-114.10629801217269","POINT (-114.10629801217269 51.074280187988165)","1","0167","1109000825"
"2006-12-07","HARVEST HILLS BOULEVARD","SOUTH ROAD","N","Traffic signal T intersection","Yes","No","No","51.13992053130603","-114.0713328474481","POINT (-114.0713328474481 51.13992053130603)","1","0961","1109001180"
"1971-01-01","SYLVESTER CRESCENT","ELBOW DRIVE","SW","Overhead Flasher","Yes","No","No","50.958952990010225","-114.08477982152924","POINT (-114.08477982152924 50.958952990010225)","1","B2668","1109000995"
"1998-08-12"," 25 AVENUE","  3 STREET/STAMPEDE GRDS","SE","Traffic signal T intersection","Yes","Yes","No","51.030999327979565","-114.05700260333667","POINT (-114.05700260333667 51.030999327979565)","1","0503","1109001356"
"2020-09-29"," 6403","130 AVENUE","SE","Traffic signal T intersection","Yes","Yes","Yes","50.92875715010671","-113.93943746937244","POINT (-113.93943746937244 50.92875715010671)","1","1148","1109805758"
"1991-11-14","BOWNESS ROAD/3 AVENUE"," 37 STREET","NW","Traffic signal","Yes","Yes","No","51.06010159640167","-114.14116695063002","POINT (-114.14116695063002 51.06010159640167)","1","0155","1109000697"
"1995-10-26"," 17 AVENUE","COSTELLO BV/SIROCCO DRIVE","SW","Traffic signal","Yes","Yes","Yes","51.037595493848634","-114.17003554835016","POINT (-114.17003554835016 51.037595493848634)","1","0439","1109000613"
"1975-09-01","  2 AVENUE"," 14 STREET","NW","Overhead Flasher","Yes","No","No","51.05464477463182","-114.09470394068084","POINT (-114.09470394068084 51.05464477463182)","1","B2616","1109000944"
"2019-12-31"," 88 AVENUE"," 60 STREET","NE","Traffic signal","Yes","Yes","Yes","51.132529989168965","-113.94675141368506","POINT (-113.94675141368506 51.132529989168965)","1","1179","1110166328"
"2017-06-19","MUNRO DRIVE"," 19 STREET","NE","Pedestrian RRFB","Yes","No","No","51.05626372561844","-114.01106389682167","POINT (-114.01106389682167 51.05626372561844)","1","B2871","1110038982"
"1986-10-01"," 1726"," 14 AVENUE","NW","Overhead Flasher","Yes","No","No","51.065182733752444","-114.10252760735199","POINT (-114.10252760735199 51.065182733752444)","1","B2583","1109000837"
"2002-11-18","130 AVENUE"," 48 STREET","SE","Traffic signal","Yes","Yes","Yes","50.93198192720044","-113.96514600452922","POINT (-113.96514600452922 50.93198192720044)","1","0855","1109001757"
"1991-09-16"," 11 AVENUE","  6 STREET","SW","Traffic signal","No","Yes","Yes","51.04276162397826","-114.07653354206039","POINT (-114.07653354206039 51.04276162397826)","1","0398","1109001083"
"2024-12-20","44 AVENUE","4 STREET","NW","Pedestrian RRFB","Yes","No","No","51.09256230016433","-114.07157052792188","POINT (-114.07157052792188 51.09256230016433)","1","B0113","1110433903"
"2025-11-08"," 15 AVENUE","MACLEOD TRAIL","SE","Traffic signal T intersection","Yes","Yes","Yes","51.03844936629546","-114.05861448887941","POINT (-114.05861448887941 51.03844936629546)","1","1239","1110285813"
"1969-01-01"," 25 AVENUE","  5 STREET","SW","Traffic signal","Yes","Yes","No","51.030582576800434","-114.07332007390532","POINT (-114.07332007390532 51.030582576800434)","1","0495","1109001125"
"2017-12-14","BROADCAST AVENUE"," 85 STREET","SW","Traffic signal T intersection","Yes","Yes","Yes","51.06473090244587","-114.21097628779088","POINT (-114.21097628779088 51.06473090244587)","1","0953","1110025839"
"2013-11-20"," 85 AVENUE","BLACKFOOT TRAIL","SE","Traffic signal T intersection","No","No","No","50.97628815525229","-114.04681928390434","POINT (-114.04681928390434 50.97628815525229)","1","1075","1109617123"
"1987-05-06","ERIN WOODS DRIVE"," 52 STREET","SE","Traffic signal T intersection","Yes","Yes","No","51.024098487582826","-113.95841209895642","POINT (-113.95841209895642 51.024098487582826)","1","0549","1109001784"
"1951-01-01","  8 AVENUE","  2 STREET","SW","Traffic signal","No","Yes","Yes","51.04567060371711","-114.06796752414122","POINT (-114.06796752414122 51.04567060371711)","1","0352","1109001227"
"1971-12-01","  6 AVENUE"," 18 STREET","NW","Overhead Flasher","Yes","No","No","51.05760180135171","-114.10244822283869","POINT (-114.10244822283869 51.05760180135171)","1","B2585","1109000839"
"1966-01-01","  3 AVENUE","CENTRE STREET","S","Traffic signal","No","Yes","Yes","51.05027630628663","-114.06266867776853","POINT (-114.06266867776853 51.05027630628663)","1","0289","1109001287"
"2007-09-08","GLENMORE TRAIL","ELBOW DRIVE","SW","Traffic signal","Yes","Yes","Yes","50.99463889072255","-114.08313960750893","POINT (-114.08313960750893 50.99463889072255)","1","0612","1109001022"
"2010-11-27","64 AVENUE","METIS TRAIL","NE","Traffic signal","Yes","No","Yes","51.11187051537681","-113.97407637423314","POINT (-113.97407637423314 51.11187051537681)","1","0032","1109395833"
"2014-11-24","EVANSTON DRIVE/EVANSTON WAY","SYMONS VALLEY PARKWAY","NW","Traffic signal","Yes","Yes","Yes","51.173450950005346","-114.10838677737156","POINT (-114.10838677737156 51.173450950005346)","1","1108","1109712237"
"1967-01-01","  5 AVENUE","CROWCHILD TRAIL","NW","Traffic signal","Yes","Yes","Yes","51.057186585649085","-114.1180423628214","POINT (-114.1180423628214 51.057186585649085)","1","0108","1109000786"
"2017-04-13"," 8220","CENTRE STREET","N","Pedestrian RRFB","Yes","No","No","51.126889563414046","-114.07144018821435","POINT (-114.07144018821435 51.126889563414046)","1","B2552","1109985734"
"1979-01-01"," 32 AVENUE","DEERFOOT TRAIL NB RAMP","NE","Traffic signal","No","No","No","51.08147133489544","-114.03286503690387","POINT (-114.03286503690387 51.08147133489544)","1","0137","1109001419"
"1957-01-01","  8 AVENUE","EDMONTON TRAIL","NE","Traffic signal","Yes","No","No","51.05973765348265","-114.05435055088431","POINT (-114.05435055088431 51.05973765348265)","1","0225","1109001380"
"1974-03-01","NORTHMOUNT DRIVE","BULYEA ROAD","NW","Overhead Flasher","Yes","No","No","51.09540197356047","-114.13425505178516","POINT (-114.13425505178516 51.09540197356047)","1","B2526","1109000727"
"2016-11-09","MEMORIAL DRIVE","  9 STREET","NW","Traffic signal T intersection","Yes","Yes","Yes","51.05366075871355","-114.08121702753617","POINT (-114.08121702753617 51.05366075871355)","1","0188","1109984189"
"2012-12-06"," 10 AVENUE"," 16 STREET","SW","Overhead Flasher","Yes","No","No","51.044311780978624","-114.09916273172921","POINT (-114.09916273172921 51.044311780978624)","1","B2755","1109001558"
"2016-02-02","COPPERFIELD GATE"," 52 STREET","SE","Traffic signal T intersection","Yes","Yes","No","50.910456714862704","-113.94932718437381","POINT (-113.94932718437381 50.910456714862704)","1","0980","1109945498"
"1980-01-01","MEMORIAL DRIVE","MARLBOROUGH WAY/39 STREET","E","Traffic signal","Yes","Yes","Yes","51.05262815622334","-113.97692238218201","POINT (-113.97692238218201 51.05262815622334)","1","0277","1109001718"
"2001-06-21"," 32 AVENUE"," 64 STREET/RUNDLEHORN DRIVE","NE","Traffic signal","Yes","No","No","51.081524463544305","-113.94096000321214","POINT (-113.94096000321214 51.081524463544305)","1","0776","1109001512"
"2015-02-25","SUN VALLEY BOULEVARD","SUNCREST WAY","SE","Pedestrian RRFB","Yes","No","No","50.906589199056754","-114.0406768915277","POINT (-114.0406768915277 50.906589199056754)","1","B2793","1109783939"
"2019-05-28","COUNTRY HILLS BOULEVARD"," 60 STREET","NE","Traffic signal","Yes","Yes","Yes","51.154303220224556","-113.94675833259613","POINT (-113.94675833259613 51.154303220224556)","1","0864","1109001596"
"2022-08-30"," 34 AVENUE"," 69 STREET","NW","Traffic signal","Yes","Yes","Yes","51.083784690383055","-114.18764765831013","POINT (-114.18764765831013 51.083784690383055)","1","1247","1110307067"
"1971-01-01"," 17 AVENUE"," 44 STREET","SE","Traffic signal","Yes","Yes","Yes","51.03783054713709","-113.97001318768407","POINT (-113.97001318768407 51.03783054713709)","1","0466","1109001737"
"2007-05-07","5029","NOSE HILL DRIVE","NW","Traffic signal T intersection","Yes","No","No","51.10708626185194","-114.23981309677167","POINT (-114.23981309677167 51.10708626185194)","1","0868","1109000528"
"1997-11-21","COUNTRY HILLS BOULEVARD","DEERFOOT TRAIL","NE","Traffic signal T intersection","Yes","Yes","No","51.154364687416226","-114.01514117649222","POINT (-114.01514117649222 51.154364687416226)","1","0902","1109001464"
"1987-06-18","PEIGAN TRAIL"," 52 STREET","SE","Traffic signal","Yes","Yes","No","51.01479275455863","-113.95835788610316","POINT (-113.95835788610316 51.01479275455863)","1","0579","1109001783"
"2002-09-17"," 50 AVENUE"," 52 STREET","SE","Traffic signal","Yes","No","No","51.00877105306985","-113.9585336720397","POINT (-113.9585336720397 51.00877105306985)","1","0874","1109001764"
"2006-02-13","WESTWINDS DRIVE","SUPERSTORE ENTRANCE","NE","Traffic signal","Yes","No","No","51.10887557439857","-113.96857292328579","POINT (-113.96857292328579 51.10887557439857)","1","0938","1109001736"
"2003-04-24","BARLOW TRAIL","FREEPORT BOULEVARD","NE","Traffic signal","Yes","No","No","51.15084207709709","-114.00167384326268","POINT (-114.00167384326268 51.15084207709709)","1","0914","1109001498"
"1976-01-01","  8 AVENUE","  9 STREET","SW","Traffic signal","No","Yes","No","51.04611888416877","-114.08368386304049","POINT (-114.08368386304049 51.04611888416877)","1","0345","1109001011"
"2005-03-28","114 AVENUE/DOUGLASGLEN GATE"," 24 STREET","SE","Traffic signal","Yes","Yes","Yes","50.953607812736415","-114.0008397305752","POINT (-114.0008397305752 50.953607812736415)","1","0849","1109001578"
"2005-03-23","MEMORIAL DRIVE","  7 STREET","NW","1/2 signal","Yes","Yes","No","51.05573146234122","-114.07773723211326","POINT (-114.07773723211326 51.05573146234122)","1","0491","1109001074"
"2021-08-27","  256","EVANSTON WAY","NW","Pedestrian RRFB","Yes","No","No","51.17601737419377","-114.10173052729027","POINT (-114.10173052729027 51.17601737419377)","1","B0047","1110286432"
"2003-09-11","SUPERSTORE ENTRANCE"," 48 STREET","SE","1/4 signal","No","No","No","50.93379023378442","-113.96517139625273","POINT (-113.96517139625273 50.93379023378442)","1","0854","1109001754"
"2024-09-09","33 AVENUE","21 STREET","SW","Overhead Flasher","Yes","No","No","51.02397830423878","-114.11164369356808","POINT (-114.11164369356808 51.02397830423878)","1","B2717","1110474987"
"2015-04-10"," 91 AVENUE"," 24 STREET","SE","Traffic signal T intersection","Yes","No","No","50.971016886308355","-114.00167444637131","POINT (-114.00167444637131 50.971016886308355)","1","1041","1109001885"
"2004-04-29","8888","COUNTRY HILLS BOULEVARD","NW","Traffic signal","Yes","No","No","51.15219129580288","-114.21576735749402","POINT (-114.21576735749402 51.15219129580288)","1","0811","1109000541"
"2026-05-29","TUSSLEWOOD DRIVE","TWELVE MILE COULEE ROAD","NW","Traffic signal T intersection","Yes","Yes","Yes","51.13870251616885","-114.25747337926822","POINT (-114.25747337926822 51.13870251616885)","1","1314","1110506001"
"1986-08-01","CAMBRIAN DRIVE/10 STREET","ROSEHILL DRIVE","NW","Overhead Flasher","Yes","No","No","51.07897445961874","-114.0861692146354","POINT (-114.0861692146354 51.07897445961874)","1","B2566","1109000983"
"2017-06-13","PANAMOUNT BOULEVARD","PANORAMA HILLS BOULEVARD","NW","Pedestrian RRFB","Yes","No","No","51.157879935259366","-114.08019529071493","POINT (-114.08019529071493 51.157879935259366)","1","B2820","1109983610"
"2014-07-31"," 21A AVENUE"," 52 STREET","SE","Traffic signal","Yes","No","No","51.0345514195346","-113.95838396931563","POINT (-113.95838396931563 51.0345514195346)","1","1118","1109738978"
"2012-09-25","MEMORIAL DRIVE","PENWORTH DRIVE/59 STREET","E","Overhead Flasher","Yes","No","No","51.05315889583456","-113.94897389266585","POINT (-113.94897389266585 51.05315889583456)","1","B2775","1109705958"
"2022-12-21","19489","SETON CRESCENT","SE","Traffic signal","Yes","Yes","Yes","50.879382371797995","-113.95890830723624","POINT (-113.95890830723624 50.879382371797995)","1","1199","1110185511"
"1997-12-31","COUNTRY HILLS BOULEVARD","BARLOW TRAIL","NE","Traffic signal","Yes","Yes","No","51.15431175078649","-114.00170471885622","POINT (-114.00170471885622 51.15431175078649)","1","0903","1109001495"
"1980-09-01","FAIRMOUNT DRIVE"," 94 AVENUE","SE","Overhead Flasher","Yes","No","No","50.96863284780499","-114.05921298586784","POINT (-114.05921298586784 50.96863284780499)","1","B2664","1109001340"
"2024-04-24","2912","19 STREET","NW","Pedestrian RRFB","Yes","No","No","51.079014609128315","-114.10629622609723","POINT (-114.10629622609723 51.079014609128315)","1","B0126","1110435236"
"1993-09-03"," 18 AVENUE"," 19 STREET","NE","Traffic signal","Yes","No","No","51.068885955305824","-114.0134244182888","POINT (-114.0134244182888 51.068885955305824)","1","0159","1109001466"
"2021-07-21"," 19 AVENUE"," 37 STREET","SW","Traffic signal","Yes","Yes","Yes","51.03625261613199","-114.1411755975126","POINT (-114.1411755975126 51.03625261613199)","1","1242","1110264684"
"2004-01-15","COUNTRY VILLAGE ROAD","COUNTRY VILLAGE LINK","NE","Traffic signal","Yes","Yes","Yes","51.16041451536566","-114.06780718005184","POINT (-114.06780718005184 51.16041451536566)","1","0809","1109001234"
"2003-10-24","145 AVENUE","BANNISTER ROAD","SE","Traffic signal","Yes","Yes","Yes","50.922670622519945","-114.06992165150132","POINT (-114.06992165150132 50.922670622519945)","1","0829","1109001190"
"1999-06-16"," 32 AVENUE"," 29 STREET","NE","Traffic signal","Yes","No","No","51.08151404763783","-113.99179363908812","POINT (-113.99179363908812 51.08151404763783)","1","0148","1109001654"
"2008-06-02","MEMORIAL DRIVE"," 47 STREET","E","Overhead Flasher","Yes","No","No","51.052855378296215","-113.96372758209958","POINT (-113.96372758209958 51.052855378296215)","1","B2746","1109241290"
"2014-03-26"," 17 AVENUE"," 84 STREET","SE","Traffic signal","Yes","No","Yes","51.03780012902651","-113.90767595888869","POINT (-113.90767595888869 51.03780012902651)","1","1093","1109000772"
"2001-06-06","ANDERSON ROAD","MACLEOD TRAIL","SE","1/4 signal","No","No","No","50.95045217474314","-114.06875065971509","POINT (-114.06875065971509 50.95045217474314)","1","0724","1109001198"
"1959-01-01"," 11 AVENUE","  1 STREET","SE","Traffic signal","No","Yes","No","51.04228962971008","-114.06077611703707","POINT (-114.06077611703707 51.04228962971008)","1","0407","1109001318"
"1993-11-04","BEDDINGTON TRAIL","BERKSHIRE BV/COUNTRY HILLS CL","NW","Traffic signal","Yes","Yes","Yes","51.138254262275176","-114.08150522636389","POINT (-114.08150522636389 51.138254262275176)","1","0002","1109001044"
"1999-12-16","  5 AVENUE"," 10 STREET","SW","Traffic signal","Yes","Yes","No","51.04903854547551","-114.08595831347196","POINT (-114.08595831347196 51.04903854547551)","1","0357","1109000985"
"2003-02-01","KENSINGTON ROAD"," 10A STREET","NW","Traffic signal","Yes","Yes","Yes","51.05249894321794","-114.08730390370013","POINT (-114.08730390370013 51.05249894321794)","1","0244","1109000977"
"1983-01-01"," 25 AVENUE","DARTMOUTH ROAD","SE","Traffic signal T intersection","Yes","No","No","51.02833196859438","-114.04375041830093","POINT (-114.04375041830093 51.02833196859438)","1","0502","1109000887"
"1995-06-12","EDGEMONT BOULEVARD","EDGEVALLEY DR/EDENWOLD DR","NW","Traffic signal","Yes","Yes","No","51.12722518531923","-114.14492024679936","POINT (-114.14492024679936 51.12722518531923)","1","0055","1109000683"
"2016-08-11","COVENTRY DRIVE","COVERDALE ROAD/COVINGTON CLOSE","NE","Pedestrian RRFB","Yes","No","No","51.16167768801054","-114.04311052503017","POINT (-114.04311052503017 51.16167768801054)","1","B2849","1110001189"
"1975-02-01","BOWNESS ROAD"," 52 STREET","NW","Overhead Flasher","Yes","No","No","51.077394001556215","-114.17074249150015","POINT (-114.17074249150015 51.077394001556215)","1","B2548","1109000612"
"1981-01-01"," 16 AVENUE"," 12 STREET","NW","Traffic signal","Yes","Yes","No","51.06687466398426","-114.08978822675677","POINT (-114.08978822675677 51.06687466398426)","1","0197","1109000961"
"2026-08-26","SILVERADO DRIVE","SILVERADO SADDLE AVENUE","SW","Pedestrian RRFB","Yes","No","No","50.88319724424668","-114.07795309266048","POINT (-114.07795309266048 50.88319724424668)","1","B0232","1110626604"
"2016-02-18","SCENIC ACRES PARADE","SCENIC COVE BAY","NW","Pedestrian RRFB","Yes","No","No","51.12152295348132","-114.20853816669428","POINT (-114.20853816669428 51.12152295348132)","1","B2813","1109959535"
"1981-07-22"," 26 AVENUE","RUNDLEHILL DRIVE","NE","Overhead Flasher","Yes","No","No","51.07810337690772","-113.96991697895007","POINT (-113.96991697895007 51.07810337690772)","1","B2565","1109001745"
"1998-09-10","BERKLEY GATE"," 14 STREET","NW","Traffic signal","Yes","No","No","51.125809038447464","-114.09878924135026","POINT (-114.09878924135026 51.125809038447464)","1","0030","1109000849"
"2007-11-05","BOW TRAIL","ROSSCARROCK GA","SW","Traffic signal T intersection","Yes","Yes","No","51.04700231332452","-114.14688974444728","POINT (-114.14688974444728 51.04700231332452)","1","0527","1109000677"
"1956-01-01","  5 AVENUE","CENTRE STREET","S","Traffic signal","No","Yes","No","51.048388378001306","-114.06279969851951","POINT (-114.06279969851951 51.048388378001306)","1","0312","1109001282"
"1956-01-01"," 10 AVENUE","MACLEOD TRAIL","SE","Traffic signal","No","Yes","No","51.043185685726506","-114.05826698335675","POINT (-114.05826698335675 51.043185685726506)","1","0397","1109001348"
"1954-01-01","  6 AVENUE","  8 STREET","SW","Traffic signal","No","Yes","Yes","51.04796358657957","-114.08112009503537","POINT (-114.08112009503537 51.04796358657957)","1","0319","1109001050"
"2000-11-15","CROWCHILD TRAIL","SHAGANAPPI TRAIL","NW","Traffic signal","Yes","No","No","51.09724617531816","-114.1495383044234","POINT (-114.1495383044234 51.09724617531816)","1","0803","1109000671"
"2013-04-11","FRONTIER ROAD"," 84 STREET","SE","Traffic signal T intersection","No","No","No","51.012964284699045","-113.91198387248353","POINT (-113.91198387248353 51.012964284699045)","1","1094","1109703184"
"2009-03-31"," 90 AVENUE"," 48 STREET","SE","Traffic signal","Yes","No","No","50.97228325090793","-113.9641761127181","POINT (-113.9641761127181 50.97228325090793)","1","0523","1109001758"
"2025-12-12","18 AVENUE","11 STREET","SE","Traffic signal T intersection",,"Yes","Yes","51.03701304059597","-114.0367696037813","POINT (-114.0367696037813 51.03701304059597)","1","1299","1110466013"
"1986-07-01"," 28 AVENUE","CENTRE STREET","N","Overhead Flasher","Yes","No","No","51.07784780103968","-114.06253466613983","POINT (-114.06253466613983 51.07784780103968)","1","B2557","1109001296"
"2024-10-30","801","144 AVENUE","NW","Pedestrian RRFB","Yes","No","No","51.183344999470506","-114.08285223154938","POINT (-114.08285223154938 51.183344999470506)","1","B0146-TEMP","1110514583"
"1969-01-01"," 26 AVENUE/BLACKFOOT TR RAMP","OGDEN ROAD/PORTLAND ST","SE","Traffic signal T intersection","Yes","Yes","Yes","51.030259666800376","-114.03224489227792","POINT (-114.03224489227792 51.030259666800376)","1","0515","1109001417"
"2011-10-20"," 26 AVENUE"," 69 STREET","SW","Traffic signal","Yes","No","No","51.030518055225755","-114.18759858258998","POINT (-114.18759858258998 51.030518055225755)","1","0755","1109628459"
"2023-11-07"," 17 AVENUE","93 STREET/CORTINA DRIVE","SW","Traffic signal","Yes","Yes","Yes","51.03788382115237","-114.2227058032125","POINT (-114.2227058032125 51.03788382115237)","1","1269","1110398328"
"2009-10-25"," 16 AVENUE","  1 STREET","NE","Traffic signal","Yes","Yes","No","51.066888101897916","-114.05993556116405","POINT (-114.05993556116405 51.066888101897916)","1","0987","1109001583"
"2002-09-24","130 AVENUE"," 46 STREET","SE","Traffic signal","Yes","Yes","No","50.931982819359284","-113.96827575052302","POINT (-113.96827575052302 50.931982819359284)","1","0856","1109001748"
"1959-01-01"," 11 AVENUE","  8 STREET","SW","Traffic signal","No","Yes","Yes","51.04290213455303","-114.08145349697297","POINT (-114.08145349697297 51.04290213455303)","1","0402","1109001040"
"2020-06-15","MAHOGANY BOULEVARD","MAHOGANY VIEW","SE","Overhead Flasher","Yes","No","No","50.90086181024807","-113.93660932482109","POINT (-113.93660932482109 50.90086181024807)","1","B0036","1110262496"
"2019-12-02","AIRPORT TRAIL"," 60 STREET","NE","Traffic signal T intersection","Yes","Yes","No","51.13960107957249","-113.94669022455712","POINT (-113.94669022455712 51.13960107957249)","1","1125","1109231604"
"2017-09-10","MEMORIAL DRIVE"," 14 STREET","NW","Pedestrian RRFB","Yes","No","No","51.04978441634562","-114.09451867052296","POINT (-114.09451867052296 51.04978441634562)","1","B2903","1110061948"
"2010-12-06","  9 AVENUE"," 85 STREET","SW","Traffic signal","Yes","Yes","Yes","51.05965924412269","-114.21097114304817","POINT (-114.21097114304817 51.05965924412269)","1","0494","1109000545"
"1976-01-01","LAKE BONAVISTA DRIVE","ACADIA DRIVE","SE","Traffic signal","Yes","Yes","Yes","50.942065303751775","-114.04453738848028","POINT (-114.04453738848028 50.942065303751775)","1","0732","1109000883"
"1999-10-29","CROWFOOT CIRCLE","CROWFOOT WAY","NW","Traffic signal","Yes","No","No","51.124336034622345","-114.20257032912433","POINT (-114.20257032912433 51.124336034622345)","1","0125","1109000561"
"2005-08-16","TUSCANY BOULEVARD","TUSCANY VALLEY VIEW","NW","Traffic signal","Yes","No","No","51.12499686263266","-114.2428221514615","POINT (-114.2428221514615 51.12499686263266)","1","0891","1109000527"
"2011-10-29"," 17 AVENUE","SARCEE TRAIL","SW","Traffic signal","Yes","Yes","Yes","51.03931653647692","-114.16613964609918","POINT (-114.16613964609918 51.03931653647692)","1","1078","1109641268"
"1986-10-23"," 56 AVENUE/NORTHMOUNT DRIVE","CENTRE STREET","N","Traffic signal","Yes","Yes","Yes","51.10264645740333","-114.06241518585345","POINT (-114.06241518585345 51.10264645740333)","1","0078","1109001306"
"2005-09-29","DEERFOOT TRAIL "," 24 STREET","SE","Traffic signal T intersection","Yes","No","No","50.95013766914478","-114.00355791545523","POINT (-114.00355791545523 50.95013766914478)","1","0884","1109001491"
"1953-01-01"," 10 AVENUE","CENTRE STREET","N","Traffic signal","Yes","No","No","51.06155847682931","-114.06252698457081","POINT (-114.06252698457081 51.06155847682931)","1","0222","1109001293"
"1989-07-27","  8 AVENUE"," 36 STREET","SE","Traffic signal T intersection","Yes","Yes","Yes","51.0451599167298","-113.9815660904165","POINT (-113.9815660904165 51.0451599167298)","1","0358","1109001699"
"1951-01-01"," 17 AVENUE"," 14 STREET","SW","Traffic signal","No","Yes","Yes","51.03782416874682","-114.09471004382435","POINT (-114.09471004382435 51.03782416874682)","1","0448","1109000942"
"1980-01-01"," 32 AVENUE"," 19 STREET","NE","Traffic signal","Yes","No","No","51.081477798329274","-114.0116316155154","POINT (-114.0116316155154 51.081477798329274)","1","0140","1109001473"
"1968-12-01","NORTHMOUNT DRIVE","CORNWALLIS DRIVE","NW","Overhead Flasher","Yes","No","No","51.085363459555964","-114.0897065450997","POINT (-114.0897065450997 51.085363459555964)","1","B2531","1109000962"
"2001-10-03","SHAWNEE GATE","SHAWNEE HILL","SW","Overhead Flasher","Yes","No","No","50.92261406269237","-114.07503267168511","POINT (-114.07503267168511 50.92261406269237)","1","B2713","1109001102"
"2000-11-15","CROWCHILD TRAIL","SHAGANAPPI TRAIL","NW","Traffic signal","Yes","No","No","51.098744828452176","-114.1493920383714","POINT (-114.1493920383714 51.098744828452176)","1","0801","1109000669"
"1956-01-01"," 42 AVENUE","MACLEOD TRAIL","S","Traffic signal","Yes","Yes","Yes","51.01595248131761","-114.06441812898646","POINT (-114.06441812898646 51.01595248131761)","1","0567","1109001261"
"2016-08-05","FALSHIRE DRIVE","FALTON RISE","NE","Pedestrian RRFB","Yes","No","No","51.10606518319965","-113.94218735135578","POINT (-113.94218735135578 51.10606518319965)","1","B2829","1110001163"
"1977-01-01","  8 AVENUE"," 19 STREET","NE","Traffic signal","Yes","No","Yes","51.059605700735894","-114.01326663179988","POINT (-114.01326663179988 51.059605700735894)","1","0227","1109001469"
"1954-01-01","  6 AVENUE","  1 STREET","SW","Traffic signal","No","Yes","Yes","51.04751497769537","-114.06537463336844","POINT (-114.06537463336844 51.04751497769537)","1","0326","1109001255"
"2003-10-16","SIERRA MORENA BOULEVARD","SIERRA MORENA CIRCLE","SW","Traffic signal","Yes","No","No","51.01809406143594","-114.17604637319775","POINT (-114.17604637319775 51.01809406143594)","1","0535","1109000606"
"1979-12-13","CENTRE STREET"," 24 AVENUE","N","Overhead Flasher","Yes","No","No","51.074297117724605","-114.06251989159065","POINT (-114.06251989159065 51.074297117724605)","1","B2563","1109001297"
"1968-12-01","NORTHMOUNT DRIVE","COLLINGWOOD DRIVE","NW","Overhead Flasher","Yes","No","No","51.08652896372636","-114.10433911601851","POINT (-114.10433911601851 51.08652896372636)","1","B2529","1109000831"
"2000-08-23","NORTHMOUNT DRIVE","CALANDAR ROAD","NW","Traffic signal","Yes","No","No","51.08567721112341","-114.10176802056397","POINT (-114.10176802056397 51.08567721112341)","1","0094","1109000840"
"2023-10-19","SETON WAY","WATER STREET","SE","Traffic signal","Yes","Yes","Yes","50.8740512405616","-113.95718399529848","POINT (-113.95718399529848 50.8740512405616)","1","1136","1109791093"
"2018-04-22"," 14 AVENUE","  8 STREET","SW","Traffic signal","Yes","Yes","Yes","51.04007373513727","-114.08166832170177","POINT (-114.08166832170177 51.04007373513727)","1","0824","1109769416"
"2004-11-12","130 AVENUE"," 52 STREET","SE","Traffic signal","Yes","No","No","50.93136559836629","-113.95814293019356","POINT (-113.95814293019356 50.93136559836629)","1","0860","1109001791"
"1969-01-01"," 16 AVENUE","MONCTON ROAD/RUSSET ROAD","NE","Traffic signal","Yes","Yes","Yes","51.066988279393385","-114.04245997535985","POINT (-114.04245997535985 51.066988279393385)","1","0204","1109000891"
"2012-08-20"," 24 STREET","106 AVENUE","SW","Overhead Flasher","Yes","No","No","50.957741295416554","-114.11794018458717","POINT (-114.11794018458717 50.957741295416554)","1","B2769","1109698774"
"2022-06-04","AIRPORT TRAIL","BARLOW TRAIL","NE","Traffic signal T intersection","No","Yes","Yes","51.14105071893745","-114.00176150014386","POINT (-114.00176150014386 51.14105071893745)","1","1197","1110218523"
"1992-11-16","SUN VALLEY BOULEVARD","MIDPARK BLVD/SUNPARK DR","SE","Traffic signal","Yes","Yes","Yes","50.90658650743268","-114.05523840423272","POINT (-114.05523840423272 50.90658650743268)","1","0761","1109001374"
"2000-03-23","SHAWVILLE BOULEVARD","SHAWVILLE RISE","SE","Traffic signal","Yes","No","No","50.90577044363916","-114.06677365836757","POINT (-114.06677365836757 50.90577044363916)","1","0756","1109001241"
"1980-01-01"," 16 AVENUE","MOTEL VILLAGE ENTRANCE","NW","Traffic signal T intersection","Yes","Yes","Yes","51.06699826748198","-114.11538782268129","POINT (-114.11538782268129 51.06699826748198)","1","0192","1109000790"
"1971-01-01"," 16 AVENUE EB","DEERFOOT TRAIL NB RAMP","NE","Traffic signal","No","No","No","51.06638011510573","-114.02599515689508","POINT (-114.02599515689508 51.06638011510573)","1","0208","1109001436"
"1962-01-01"," 17 AVENUE"," 36 STREET","SE","Traffic signal","Yes","Yes","Yes","51.0378426606006","-113.98160958936359","POINT (-113.98160958936359 51.0378426606006)","1","0465","1109001694"
"2011-05-10"," 40 AVENUE"," 33 STREET","NW","Traffic signal T intersection","Yes","Yes","No","51.087672664112226","-114.13640650957564","POINT (-114.13640650957564 51.087672664112226)","1","0149","1109001701"
"2014-03-04","  4 STREET"," 72 AVENUE","NW","Overhead Flasher","Yes","No","No","51.11744193390911","-114.07093834181543","POINT (-114.07093834181543 51.11744193390911)","1","B2781","1109738994"
"2017-08-17","JAMES MCKEVITT ROAD","MILLRISE WAY/SHAWNEE STREET","SW","Traffic signal","Yes","Yes","No","50.92136931861224","-114.08098991697038","POINT (-114.08098991697038 50.92136931861224)","1","0901","1110008954"
"2018-09-17","COUNTRY HILLS BOULEVARD","SKYVIEW CIRCLE","NE","Traffic signal","Yes","Yes","Yes","51.15429980800346","-113.9524733619558","POINT (-113.9524733619558 51.15429980800346)","1","0813","1109001614"
"1987-12-01","FAIRMOUNT DRIVE"," 83 AVENUE","SE","Overhead Flasher","Yes","No","No","50.978179352691924","-114.05994384394943","POINT (-114.05994384394943 50.978179352691924)","1","B2658","1109001334"
"2019-05-15","CASTLERIDGE BOULEVARD","WESTWINDS DRIVE","NE","Traffic signal T intersection","Yes","Yes","Yes","51.10104660644157","-113.96339676650851","POINT (-113.96339676650851 51.10104660644157)","1","1178","1110194585"
"1998-06-01","DEER RIDGE DRIVE","DEER VALLEY MALL ENTRANCE","SE","Traffic signal","Yes","Yes","No","50.9300827706267","-114.0271830503995","POINT (-114.0271830503995 50.9300827706267)","1","0734","1109001435"
"1975-06-01"," 30 AVENUE","  7 STREET","SW","Overhead Flasher","Yes","No","No","51.026414803066956","-114.08163842377012","POINT (-114.08163842377012 51.026414803066956)","1","B2631","1109001036"
"1957-01-01"," 20 AVENUE","CENTRE STREET","N","Traffic signal","Yes","No","No","51.07062010429899","-114.06251065681259","POINT (-114.06251065681259 51.07062010429899)","1","0184","1109001299"
"2011-12-20","WALDEN GATE","WALDEN LINK","SE","Traffic signal","Yes","No","No","50.875789866286674","-114.03580588905787","POINT (-114.03580588905787 50.875789866286674)","1","1071","1109594664"
"1999-09-22","PEACEKEEPERS WAY/RICHARD WAY","RICHARD ROAD","SW","Traffic signal","Yes","No","No","51.00582102837882","-114.12940665412192","POINT (-114.12940665412192 51.00582102837882)","1","0644","1109000742"
"1948-01-01","  4 AVENUE","  8 STREET","SW","Traffic signal","No","Yes","Yes","51.049842536451884","-114.08098075523439","POINT (-114.08098075523439 51.049842536451884)","1","0291","1109001053"
"1997-12-01","CROWFOOT CRESCENT","CROWFOOT RD/CROWFOOT TERRACE","NW","Traffic signal","Yes","No","No","51.12662641387101","-114.19795023397064","POINT (-114.19795023397064 51.12662641387101)","1","0112","1109000570"
"2024-06-04","210 AVENUE","LEGACY VILLAGE LINK","SE","Pedestrian RRFB",,"No","No","50.863821924505864","-114.0259655326042","POINT (-114.0259655326042 50.863821924505864)","1","B0078","1110368348"
"2005-02-22","COUNTRY HILLS BOULEVARD","COUNTRY VILLAGE WAY","NE","Traffic signal T intersection","Yes","No","No","51.15421549203673","-114.06095110072037","POINT (-114.06095110072037 51.15421549203673)","1","0930","1109001317"
"2020-02-28","NOLAN HILL BOULEVARD","SHAGANAPPI TRAIL","NW","Traffic signal T intersection","Yes","Yes","Yes","51.17281649622658","-114.15472252526627","POINT (-114.15472252526627 51.17281649622658)","1","1185","1110175508"
"2017-12-28","CHAPALA DRIVE","CHAPARRAL DRIVE","SE","Pedestrian RRFB","Yes","No","No","50.88529470752629","-114.03007836081517","POINT (-114.03007836081517 50.88529470752629)","1","B2601","1110078125"
"1990-11-14"," 90 AVENUE","BAYVIEW DRIVE","SW","Traffic signal","Yes","No","No","50.97223535289289","-114.11168613500742","POINT (-114.11168613500742 50.97223535289289)","1","0679","1109000799"
"2018-12-10","HARVEST HILLS DRIVE","HARVEST HILLS WAY","NE","Pedestrian RRFB","Yes","No","No","51.15002533964003","-114.04538069348276","POINT (-114.04538069348276 51.15002533964003)","1","B2716","1110046494"
"2017-12-07","  8 AVENUE"," 40 STREET","SE","Pedestrian RRFB","Yes","No","No","51.04515237178544","-113.9758042502577","POINT (-113.9758042502577 51.04515237178544)","1","B2889","1110058807"
"2018-01-23","130 AVENUE","DEERFOOT TRAIL","SE","Pedestrian RRFB","Yes","No","No","50.93213350213251","-113.97261001257519","POINT (-113.97261001257519 50.93213350213251)","1","B2915","1110068088"
"2004-09-24"," 11 STREET","SOUTH IKEA ENTRANCE","SE","Traffic signal T intersection","Yes","No","No","50.97989452525437","-114.04485838395851","POINT (-114.04485838395851 50.97989452525437)","1","0844","1109000882"
"2005-11-28","CROWCHILD TRAIL","SARCEE TRAIL","NW","Traffic signal T intersection","Yes","No","No","51.10954737300694","-114.17913266367776","POINT (-114.17913266367776 51.10954737300694)","1","0951","1109000600"
"2008-01-22","HAWKWOOD ROAD","NOSE HILL DRIVE","NW","Traffic signal","Yes","Yes","No","51.130171718065014","-114.19178135134423","POINT (-114.19178135134423 51.130171718065014)","1","0985","1109000581"
"1992-11-24","CROWFOOT CRESCENT","CROWFOOT WAY","NW","Traffic signal","Yes","No","No","51.124897570167015","-114.20016989229406","POINT (-114.20016989229406 51.124897570167015)","1","0063","1109000567"
"1974-01-01","BLACKFOOT TRAIL","SOUTHLAND DRIVE","SE","Traffic signal","Yes","Yes","No","50.96577559609459","-114.03859521406993","POINT (-114.03859521406993 50.96577559609459)","1","0701","1109000911"
"1971-05-05","MAPLETON DRIVE","ACADIA DRIVE","SE","Overhead Flasher","Yes","No","No","50.96112938199161","-114.0468073500316","POINT (-114.0468073500316 50.96112938199161)","1","B2666","1109000876"
"2019-04-30","PANATELLA BOULEVARD","PANAMOUNT STREET","NW","Pedestrian RRFB","Yes","No","No","51.16325285592361","-114.08797847433601","POINT (-114.08797847433601 51.16325285592361)","1","B2855","1110189913"
"2007-10-04","CROWCHILD TRAIL","NOSE HILL DRIVE","NW","Traffic signal","Yes","No","No","51.121271758009016","-114.20133582305449","POINT (-114.20133582305449 51.121271758009016)","1","0964","1109000566"
"1991-08-30","CASTLEBROOK DRIVE/FALWORTH ROAD","FALCONRIDGE BOULEVARD","NE","Traffic signal","Yes","No","No","51.10296935770082","-113.95623737976855","POINT (-113.95623737976855 51.10296935770082)","1","0037","1109001798"
"1956-01-01","  5 AVENUE","  2 STREET","SW","Traffic signal","No","Yes","No","51.04852945158862","-114.0677720429864","POINT (-114.0677720429864 51.04852945158862)","1","0310","1109001231"
"1971-01-01","  4 AVENUE","MACLEOD TRAIL","SE","Traffic signal","No","Yes","Yes","51.0491910353207","-114.05784665798875","POINT (-114.05784665798875 51.0491910353207)","1","0301","1109001354"
"1959-01-01"," 47 AVENUE","ELBOW DRIVE","SW","Traffic signal","Yes","Yes","No","51.011384136415025","-114.0812985244725","POINT (-114.0812985244725 51.011384136415025)","1","0580","1109001046"
"2020-06-02","SARCEE TRAIL","SYMONS VALLEY PARKWAY","NW","Traffic signal T intersection","Yes","Yes","Yes","51.167472831494976","-114.16454458467882","POINT (-114.16454458467882 51.167472831494976)","1","1184","1110175389"
"1953-01-01","  8 AVENUE","MACLEOD TRAIL","SE","Traffic signal","Yes","Yes","Yes","51.045397237178804","-114.0581128886001","POINT (-114.0581128886001 51.045397237178804)","1","0356","1109001350"
"1953-01-01"," 12 AVENUE","MACLEOD TRAIL","SE","Traffic signal","No","Yes","No","51.041288781048884","-114.05840719967375","POINT (-114.05840719967375 51.041288781048884)","1","0419","1109001345"
"2019-01-15","AIRPORT TRAIL","METIS TRAIL","NE","Traffic signal","Yes","Yes","Yes","51.13974138973219","-113.97002913525169","POINT (-113.97002913525169 51.13974138973219)","1","1051","1109243828"
"2005-12-16","JAMES McKEVITT ROAD","MILLRISE HILL/SHAWNEE LINK","SW","Traffic signal","Yes","No","No","50.92132784259118","-114.08916576624746","POINT (-114.08916576624746 50.92132784259118)","1","0819","1109000964"
"1997-07-02"," 61 AVENUE"," 36 STREET","SE","Traffic signal","Yes","No","No","50.99899593652284","-113.98080982606518","POINT (-113.98080982606518 50.99899593652284)","1","0875","1109001713"
"1991-08-14"," 30 AVENUE"," 36 STREET","SE","Traffic signal","Yes","Yes","Yes","51.02690034963076","-113.98161085038188","POINT (-113.98161085038188 51.02690034963076)","1","0532","1109001702"
"2007-10-04","SYMONS VALLEY ROAD","CREEKSIDE S.C.","NW","Traffic signal T intersection","Yes","No","No","51.15986955096059","-114.12343545523223","POINT (-114.12343545523223 51.15986955096059)","1","0960","1109000758"
"2023-05-11","EVERBROOK DRIVE","FISH CREEK BOULEVARD","SW","Overhead Flasher","Yes","No","No","50.91826239728482","-114.11010953124664","POINT (-114.11010953124664 50.91826239728482)","1","B0066","1110343006"
"1988-07-14"," 32 AVENUE CONNECTOR","  6 STREET","NE","Traffic signal T intersection","Yes","No","No","51.08840818159177","-114.04888863491414","POINT (-114.04888863491414 51.08840818159177)","1","0133","1109000859"
"2021-01-26"," 23 AVENUE"," 37 STREET","SW","Overhead Flasher","Yes","No","No","51.03315483595537","-114.1412007873459","POINT (-114.1412007873459 51.03315483595537)","1","B0038","1110263707"
"1982-01-01","MIDLAKE BOULEVARD","MIDRIDGE DRIVE","SE","Overhead Flasher","Yes","No","No","50.914437351095984","-114.0510643199878","POINT (-114.0510643199878 50.914437351095984)","1","B2681","1109001406"
"2024-06-19","OLD BANFF COACH ROAD","73 STREET/COULEE WAY","SW","Traffic signal","Yes","Yes","Yes","51.0670139912923","-114.19355927144012","POINT (-114.19355927144012 51.0670139912923)","1","0763","1110310487"
"1972-01-01"," 61 AVENUE","MACLEOD TRAIL","SW","Traffic signal","Yes","Yes","No","50.997713172830466","-114.07155793554577","POINT (-114.07155793554577 50.997713172830466)","1","0621","1109001133"
"2015-12-31","MCKENZIE TOWNE AVENUE","MCKENZIE TOWNE BOULEVARD","SE","Pedestrian RRFB","Yes","No","No","50.91746106603223","-113.96175284211692","POINT (-113.96175284211692 50.91746106603223)","1","B2812","1109806831"
"1976-01-01","HERITAGE DRIVE","BONAVENTURE DR/FLINT RD","SE","Traffic signal","Yes","No","No","50.979556469681","-114.0679563301182","POINT (-114.0679563301182 50.979556469681)","1","0664","1109001225"
"1977-01-01"," 56 AVENUE/SILVER RIDGE DRIVE","SILVER SPRINGS BOULEVARD","NW","Traffic signal","Yes","Yes","Yes","51.10352055881023","-114.18933573102397","POINT (-114.18933573102397 51.10352055881023)","1","0116","1109000584"
"1977-08-01"," 7318","SILVER SPRINGS BOULEVARD","NW","Overhead Flasher","Yes","No","No","51.10870862560888","-114.19418367662547","POINT (-114.19418367662547 51.10870862560888)","1","B2518","1109000576"
"2017-08-12","162 AVENUE/SUN VALLEY BOULEVARD","MACLEOD TRAIL","SE","Traffic signal T intersection","Yes","Yes","Yes","50.905222426797685","-114.0608509596547","POINT (-114.0608509596547 50.905222426797685)","1","1151","1109965638"
"1977-08-01","ACADIA DRIVE","LAKE SYLVAN DRIVE","SE","Overhead Flasher","Yes","No","No","50.943603171504435","-114.04294513501924","POINT (-114.04294513501924 50.943603171504435)","1","B2675","1109000888"
"2019-10-07","RIDEAU ROAD/ROXBORO ROAD","  4 STREET","SW","Pedestrian RRFB","Yes","No","No","51.028274622228984","-114.07151022948777","POINT (-114.07151022948777 51.028274622228984)","1","B0004","1110203119"
"2025-11-27","15 AVENUE","2 STREET","SW","Traffic signal","Yes","Yes","Yes","51.038717440465035","-114.06843555769747","POINT (-114.06843555769747 51.038717440465035)","1","1289","1110453595"
"1970-01-01"," 90 AVENUE"," 14 STREET","SW","Traffic signal T intersection","Yes","Yes","Yes","50.972250531299835","-114.09512760812625","POINT (-114.09512760812625 50.972250531299835)","1","0675","1109000926"
"2019-05-13"," 10 AVENUE"," 12 STREET","SW","Pedestrian RRFB","Yes","No","No","51.04411449861569","-114.09124509320922","POINT (-114.09124509320922 51.04411449861569)","1","B0014","1110203129"
"2021-03-10"," 14 AVENUE","EDMONTON TRAIL","NE","Traffic signal","Yes","Yes","Yes","51.065095246970955","-114.05623239761248","POINT (-114.05623239761248 51.065095246970955)","1","1209","1110262491"
"2025-09-11","202 AVENUE/SETON GROVE","SETON WAY","SE","Traffic signal","Yes","Yes","Yes","50.866283146987215","-113.95192763521175","POINT (-113.95192763521175 50.866283146987215)","1","1310","1110482399"
"2025-12-19","26 AVENUE","RUNDLESON WAY","NE","Pedestrian RRFB","Yes","No","No","51.07799415936506","-113.97157268951449","POINT (-113.97157268951449 51.07799415936506)","1","B0166-TEMP","1110524639"
"2024-11-26","5 AVENUE","23 STREET","NW","Pedestrian RRFB","Yes","No","No","51.05723674148599","-114.11549886223148","POINT (-114.11549886223148 51.05723674148599)","1","B0129","1110452827"
"1981-01-01","ANDERSON ROAD","WOODPARK BOULEVARD","SW","Traffic signal T intersection","Yes","Yes","Yes","50.95053345623767","-114.10895351218194","POINT (-114.10895351218194 50.95053345623767)","1","0721","1109000809"
"2016-06-06","EAST HILLS BOULEVARD","EAST HILLS SQUARE","SE","Traffic signal","Yes","Yes","No","51.04019553428759","-113.91096750772188","POINT (-113.91096750772188 51.04019553428759)","1","1117","1109715020"
"2022-09-10","AUBURN SPRINGS BOULEVARD","AUBURN CREST PARK","SE","Pedestrian RRFB","Yes","No","No","50.8880423386752","-113.94861308848695","POINT (-113.94861308848695 50.8880423386752)","1","B0051","1110302518"
"2009-08-21","BOW TRAIL"," 85 STREET","SW","Traffic signal","Yes","Yes","Yes","51.052515464717935","-114.21092492537943","POINT (-114.21092492537943 51.052515464717935)","1","0518","1109001628"
"2005-12-05"," 14 AVENUE","  5 STREET","SW","Traffic signal","No","Yes","Yes","51.039841415115966","-114.07427578872722","POINT (-114.07427578872722 51.039841415115966)","1","0483","1109001109"
"2021-08-29","RIVERFRONT AVENUE","  1 STREET","SE","1/2 signal","Yes","Yes","Yes","51.05113617360926","-114.06007804085003","POINT (-114.06007804085003 51.05113617360926)","1","1038","1110311254"
"2011-07-25","ARBOUR LAKE DRIVE/ARBOUR WOOD CLOSE","JOHN LAURIE BOULEVARD","NW","Traffic signal","Yes","Yes","Yes","51.13317982402548","-114.20431743383608","POINT (-114.20431743383608 51.13317982402548)","1","0823","1109001613"
"2021-01-28","   25","HERITAGE MEADOWS WAY","SE","Traffic signal","Yes","Yes","Yes","50.985848811844484","-114.04397908557442","POINT (-114.04397908557442 50.985848811844484)","1","1087","1109001550"
"2012-12-07"," 1417C"," 33 STREET","SW","Traffic signal T intersection","Yes","Yes","Yes","51.04013636825328","-114.13545415080662","POINT (-114.13545415080662 51.04013636825328)","1","0832","1109001376"
"2024-09-03","38 AVENUE","20 STREET","SW","Pedestrian RRFB","Yes","No","No","51.01963407547358","-114.10921270063348","POINT (-114.10921270063348 51.01963407547358)","1","B0116","1110433906"
"1968-01-01"," 46 AVENUE/MANHATTAN ROAD","BLACKFOOT TRAIL","SE","Traffic signal","Yes","No","No","51.011213510774155","-114.04863643006811","POINT (-114.04863643006811 51.011213510774155)","1","0576","1109000863"
"1982-04-01","PARKLAND BOULEVARD","PARKLAND WAY","SE","Overhead Flasher","Yes","No","No","50.92575322191974","-114.03016957229414","POINT (-114.03016957229414 50.92575322191974)","1","B2679","1109001426"
"2017-05-18","SCENIC ACRES BOULEVARD","SCURFIELD WAY","NW","Pedestrian RRFB","Yes","No","No","51.11933975259064","-114.21465741798522","POINT (-114.21465741798522 51.11933975259064)","1","B2830","1110001164"
"1952-01-01"," 16 AVENUE","  4 STREET","NW","Traffic signal","Yes","Yes","Yes","51.066901145446565","-114.07151568698308","POINT (-114.07151568698308 51.066901145446565)","1","0200","1109001164"
"2015-02-04","SYMONS VALLEY PARKWAY","SAGE HILL PASSAGE/KINCORA GATE ","NW","Traffic signal T intersection","Yes","Yes","No","51.16805731171541","-114.14669647022185","POINT (-114.14669647022185 51.16805731171541)","1","1074","1109791123"
"2021-02-18","ROYAL VISTA DRIVE","ROYAL VISTA WAY","NW","Traffic signal","Yes","Yes","Yes","51.151192663727564","-114.20749341846982","POINT (-114.20749341846982 51.151192663727564)","1","1215","1110025843"
"2017-12-19","COVENTRY HILLS WAY","COVETTE BAY","NE","Pedestrian RRFB","Yes","No","No","51.16519890628919","-114.04453169455721","POINT (-114.04453169455721 51.16519890628919)","1","B2900","1110061945"
"2014-09-25","FORAND STREET","CYPRUS GREEN","SW","Overhead Flasher","Yes","No","No","51.004783547734725","-114.12098240231008","POINT (-114.12098240231008 51.004783547734725)","1","B2777","1109712165"
"2012-08-23","SADDLETOWNE CIRCLE"," 60 STREET","NE","Traffic signal","Yes","Yes","Yes","51.12650401383699","-113.9472152581157","POINT (-113.9472152581157 51.12650401383699)","1","1050","1109400965"
"2004-12-23"," 12 AVENUE"," 10 STREET","SW","Traffic signal","No","Yes","Yes","51.04208048459208","-114.08644299175137","POINT (-114.08644299175137 51.04208048459208)","1","0482","1109000980"
"1999-10-13"," 17 AVENUE"," 19 STREET","SW","Overhead Flasher","Yes","No","No","51.03779746113671","-114.10630803224636","POINT (-114.10630803224636 51.03779746113671)","1","B2688","1109000821"
"2013-08-01"," 96 AVENUE","HARVEST HILLS LINK","NE","Traffic signal","Yes","No","Yes","51.141149277032866","-114.05478214754395","POINT (-114.05478214754395 51.141149277032866)","1","1053","1109409542"
"1982-01-01","SOUTHLAND DRIVE"," 19 STREET","SW","Traffic signal","Yes","Yes","Yes","50.96141654484929","-114.1063504984295","POINT (-114.1063504984295 50.96141654484929)","1","0691","1109000817"
"1985-08-01","  2 AVENUE","  4 STREET","NE","Overhead Flasher","Yes","No","No","51.054704468389005","-114.05170587606766","POINT (-114.05170587606766 51.054704468389005)","1","B2596","1109001405"
"2006-09-27","OKI DRIVE/PHYSICAL PLANT ROAD","McLAURIN STREET","NW","Traffic signal","Yes","No","No","51.075157988383076","-114.14549671545373","POINT (-114.14549671545373 51.075157988383076)","1","0967","1109000680"
"1966-01-01"," 11 AVENUE","  2 STREET","SW","Traffic signal","No","Yes","No","51.042533055859764","-114.06819109233436","POINT (-114.06819109233436 51.042533055859764)","1","0405","1109001222"
"1972-01-01","  4 AVENUE","  3 STREET","SE","Traffic signal T intersection","Yes","Yes","No","51.04914024782873","-114.05540095149648","POINT (-114.05540095149648 51.04914024782873)","1","0302","1109001375"
"2015-12-08"," 18 STREET ","QUARRY PARK BOULEVARD","SE","1/2 signal","Yes","Yes","No","50.965032672670866","-114.01277056294096","POINT (-114.01277056294096 50.965032672670866)","1","0773","1109941341"
"2001-06-06"," 13 AVENUE","  1 STREET","SE","Traffic signal","No","Yes","No","51.040405014111975","-114.0609304580066","POINT (-114.0609304580066 51.040405014111975)","1","0474","1109001337"
"2017-10-18"," 26 AVENUE"," 51 STREET","SW","Pedestrian RRFB","Yes","No","No","51.03050953612405","-114.16094888173257","POINT (-114.16094888173257 51.03050953612405)","1","B2913","1110067645"
"2008-08-15","NEW BRIGHTON DR/PRESTWICK GT"," 52 STREET","SE","Traffic signal","Yes","No","No","50.92545445191262","-113.95814903132242","POINT (-113.95814903132242 50.92545445191262)","1","1000","1109242675"
"1978-01-01","LAKE BONAVISTA DRIVE","ACADIA DRIVE","SE","Traffic signal","Yes","Yes","Yes","50.93747904793244","-114.04808995709395","POINT (-114.04808995709395 50.93747904793244)","1","0733","1109000870"
"1977-01-01"," 32 AVENUE"," 36 STREET","NE","Traffic signal","Yes","Yes","No","51.08145897258781","-113.98174622056723","POINT (-113.98174622056723 51.08145897258781)","1","0143","1109001684"
"1971-01-01"," 16 AVENUE EB","DEERFOOT TRAIL SB RAMP","NE","Traffic signal","No","No","No","51.066381706284005","-114.02818310485563","POINT (-114.02818310485563 51.066381706284005)","1","0207","1109001432"
"1979-10-01","  8 AVENUE","PENSACOLA WAY","SE","Overhead Flasher","Yes","No","No","51.04518752972848","-113.95089215175243","POINT (-113.95089215175243 51.04518752972848)","1","B2608","1109001808"
"2017-09-10","HAWKMOUNT GREEN","HAWKSTONE DRIVE","NW","Pedestrian RRFB","Yes","No","No","51.13498468467771","-114.1783897409949","POINT (-114.1783897409949 51.13498468467771)","1","B2916","1110068402"
"1989-09-01","UNIVERSITY DRIVE","UNWIN ROAD","NW","Traffic signal","Yes","No","No","51.07218275735743","-114.12641046110417","POINT (-114.12641046110417 51.07218275735743)","1","0179","1109000755"
"2005-10-07","JAMES McKEVITT ROAD","SHAWNESSY BOULEVARD","SW","Traffic signal","Yes","No","No","50.9140273577102","-114.10004225555778","POINT (-114.10004225555778 50.9140273577102)","1","0820","1109000843"
"2014-08-22","TUSCANY SPRINGS BOULEVARD","TUSCANY LRT STATION","NW","Overhead Flasher","Yes","No","No","51.13308775196416","-114.23764481778393","POINT (-114.23764481778393 51.13308775196416)","1","B2786","1109768754"
"1996-07-02"," 17 AVENUE","CHRISTIE PARK GATE/SIMCOE BV","SW","Traffic signal","Yes","Yes","Yes","51.03688124539524","-114.17858256289912","POINT (-114.17858256289912 51.03688124539524)","1","0471","1109000599"
"1997-12-01","CROWFOOT CRESCENT"," 100 CROWFOOT GATE","NW","Traffic signal","Yes","No","No","51.12792884800441","-114.19816440773434","POINT (-114.19816440773434 51.12792884800441)","1","0111","1109000571"
"1977-01-01"," 58 AVENUE","  3 STREET","SE","Traffic signal","Yes","No","No","51.00137487366293","-114.05704631634165","POINT (-114.05704631634165 51.00137487366293)","1","0604","1109001355"
"1957-01-01","  9 AVENUE"," 11 STREET","SW","Traffic signal","Yes","Yes","Yes","51.04533306571349","-114.08871651476697","POINT (-114.08871651476697 51.04533306571349)","1","0370","1109000971"
"1974-01-01","ANDERSON ROAD","ELBOW DRIVE","SW","Traffic signal","Yes","Yes","Yes","50.95048312968235","-114.0845390310349","POINT (-114.0845390310349 50.95048312968235)","1","0723","1109000999"
"2004-10-27","   33","HERITAGE MEADOWS WAY","SE","Traffic signal","Yes","No","No","50.9835192385246","-114.03986298193344","POINT (-114.03986298193344 50.9835192385246)","1","0842","1109000905"
"1987-01-01"," 39 AVENUE","MACLEOD TRAIL","S","Traffic signal","Yes","Yes","Yes","51.01862338096509","-114.0626972629763","POINT (-114.0626972629763 51.01862338096509)","1","0562","1109001283"
"1962-01-01","MEMORIAL DRIVE","  4 STREET/SB EDMONTON TRAIL","NE","Traffic signal","Yes","Yes","Yes","51.05094145421357","-114.0516763955843","POINT (-114.0516763955843 51.05094145421357)","1","0265","1109001403"
"1981-01-01"," 38 AVENUE/HIGHFIELD BOULEVARD","OGDEN ROAD","SE","Traffic signal","Yes","No","No","51.02005096571211","-114.02999724482851","POINT (-114.02999724482851 51.02005096571211)","1","0556","1109001427"
"1980-10-01"," 29 STREET","  7 AVENUE","NW","Overhead Flasher","Yes","No","No","51.05865804925405","-114.12951038552089","POINT (-114.12951038552089 51.05865804925405)","1","B2584","1109000743"
"2010-03-08","106 AVENUE / DUFFERIN PLACE"," 52 STREET ","SE","Traffic signal","Yes","No","No","50.95780392077257","-113.95844689517372","POINT (-113.95844689517372 50.95780392077257)","1","1066","1109541496"
"1982-01-01","CANYON MEADOWS DRIVE","ELBOW DRIVE","SW","Traffic signal","Yes","No","No","50.93948949455452","-114.08532778807796","POINT (-114.08532778807796 50.93948949455452)","1","0739","1109000991"
"2008-01-14","114 AVENUE"," 40 STREET","SE","Traffic signal T intersection","Yes","No","No","50.9504418550385","-113.97815491391859","POINT (-113.97815491391859 50.9504418550385)","1","0994","1109001590"
"2017-12-15"," 50 AVENUE"," 21A STREET","SW","Pedestrian RRFB","Yes","No","No","51.008710373435214","-114.1137543626979","POINT (-114.1137543626979 51.008710373435214)","1","B2858","1110038961"
"1979-01-01","TRANS CANADA HIGHWAY","BOWFORT ROAD/CANADA OLYMPIC DRIVE","NW","Traffic signal","Yes","Yes","No","51.08316754468204","-114.20933511274828","POINT (-114.20933511274828 51.08316754468204)","1","0189","1109000549"
"1985-08-01","RICHMOND ROAD"," 40 STREET","SW","Overhead Flasher","Yes","No","No","51.02112275713509","-114.14510624035248","POINT (-114.14510624035248 51.02112275713509)","1","B2635","1109000681"
"1956-01-01","CENTRE STREET","SAMIS ROAD","N","1/2 signal","Yes","Yes","No","51.055215835904306","-114.06239601011518","POINT (-114.06239601011518 51.055215835904306)","1","0248","1109001292"
"2010-07-07","114 AVENUE"," 29 STREET","SE","Traffic signal","Yes","Yes","No","50.951108555793","-113.99583003621441","POINT (-113.99583003621441 50.951108555793)","1","0850","1109001642"
"1954-01-01"," 26 AVENUE/ELBOW DRIVE","  4 STREET","SW","Traffic signal","No","Yes","Yes","51.02969959513369","-114.0715118034954","POINT (-114.0715118034954 51.02969959513369)","1","0511","1109001153"
"1968-10-01"," 13 AVENUE"," 11 STREET","SW","Overhead Flasher","Yes","No","No","51.04124595362943","-114.0889811947483","POINT (-114.0889811947483 51.04124595362943)","1","B2612","1109000967"
"2022-03-01","COVENTRY HILLS WAY","COVEHAVEN VW/COVEPARK CL","NE","Pedestrian RRFB","Yes","No","No","51.16434686085513","-114.05833697265528","POINT (-114.05833697265528 51.16434686085513)","1","B0053","1110309604"
"1990-11-19","NOSE HILL DRIVE","SCENIC ACRES BOULEVARD","NW","Traffic signal T intersection","Yes","Yes","Yes","51.11780554801421","-114.20506270062211","POINT (-114.20506270062211 51.11780554801421)","1","0066","1109000557"
"1977-01-01","BONAVENTURE DRIVE","SOUTHLAND DRIVE","SE","Traffic signal","Yes","No","No","50.96506457686188","-114.06809168962394","POINT (-114.06809168962394 50.96506457686188)","1","0698","1109001219"
"1987-10-01","PARKDALE BOULEVARD"," 27 STREET","NW","Overhead Flasher","Yes","No","No","51.05417220026636","-114.12551905002576","POINT (-114.12551905002576 51.05417220026636)","1","B2555","1109000756"
"1969-01-01","  4 AVENUE","  2 STREET","SW","Traffic signal","No","Yes","No","51.04947341353035","-114.06770211015929","POINT (-114.06770211015929 51.04947341353035)","1","0297","1109001233"
"1954-01-01","  6 AVENUE","  2 STREET","SW","Traffic signal","No","Yes","No","51.047585497729784","-114.06782771149597","POINT (-114.06782771149597 51.047585497729784)","1","0325","1109001230"
"2008-11-05","BEDDINGTON TRAIL","COUNTRY HILLS BOULEVARD","NW","Traffic signal","No","No","No","51.142944006331064","-114.0915618010701","POINT (-114.0915618010701 51.142944006331064)","1","1011","1109243202"
"1994-12-01","PUMPHOUSE ROAD","BOW RIVER PATHWAY","SW","Overhead Flasher","Yes","No","No","51.04718095289699","-114.10439853846887","POINT (-114.10439853846887 51.04718095289699)","1","B2602","1109001900"
"2005-02-15","CASTLERIDGE BOULEVARD","CASTLERIDGE DR/WESTWINDS DR","NE","Traffic signal","Yes","Yes","Yes","51.10839758770806","-113.9664700666192","POINT (-113.9664700666192 51.10839758770806)","1","0936","1109001750"
"1983-01-01","BEDDINGTON BOULEVARD","BERWICK DRIVE","NW","Overhead Flasher","Yes","No","No","51.13170469737165","-114.08663052140615","POINT (-114.08663052140615 51.13170469737165)","1","B2500","1109000979"
"1980-09-01"," 18 STREET"," 69 AVENUE","SE","Overhead Flasher","Yes","No","No","50.990950604621545","-114.01549762389334","POINT (-114.01549762389334 50.990950604621545)","1","B2643","1109001462"
"1965-01-01","RICHMOND ROAD"," 37 STREET","SW","Traffic signal","Yes","Yes","Yes","51.022444881822274","-114.14113340267079","POINT (-114.14113340267079 51.022444881822274)","1","0543","1109000694"
"1957-01-01"," 20 AVENUE","  4 STREET","NW","Traffic signal","Yes","Yes","Yes","51.07054961203347","-114.07156759694193","POINT (-114.07156759694193 51.07054961203347)","1","0183","1109001163"
"2011-08-08","RIVERVIEW CIRCLE/21 STREET"," 18 STREET","SE","Traffic signal","Yes","No","No","50.966418216823186","-114.0132725336772","POINT (-114.0132725336772 50.966418216823186)","1","1080","1109001564"
"1977-01-01","SOUTHLAND DRIVE","HADDON RD/SACRAMENTO DR","SW","Traffic signal","Yes","Yes","Yes","50.9646565023741","-114.07916694240734","POINT (-114.07916694240734 50.9646565023741)","1","0695","1109001058"
"2020-02-12","144 AVENUE","LIVINGSTON GATE","NE","Pedestrian RRFB","Yes","No","No","51.18346291470348","-114.06469628778667","POINT (-114.06469628778667 51.18346291470348)","1","B0031","1109284119"
"2022-12-16","128 AVENUE","RED EMBERS GATE","NE","Traffic signal","Yes","Yes","Yes","51.1654290263906","-113.95776220103433","POINT (-113.95776220103433 51.1654290263906)","1","1059","1110309892"
"2011-10-29"," 17 AVENUE","SARCEE TRAIL","SW","Traffic signal","Yes","Yes","No","51.039557246539495","-114.16226876981943","POINT (-114.16226876981943 51.039557246539495)","1","1079","1109641270"
"2022-06-15","BOWFORT ROAD/GREENBRIAR BOULEVARD","GREENBRIAR WAY","NW","Traffic signal T intersection","Yes","Yes","Yes","51.08628783288061","-114.2176146639789","POINT (-114.2176146639789 51.08628783288061)","1","0646","1110025846"
"2020-03-26","AUBURN BAY AVENUE/MAHOGANY DRIVE"," 52 STREET","SE","Traffic signal","Yes","Yes","Yes","50.890999067331784","-113.94245625267388","POINT (-113.94245625267388 50.890999067331784)","1","1191","1110175505"
"2001-12-19"," 42 AVENUE","  9 STREET","SE","Overhead Flasher","Yes","No","No","51.01601709685532","-114.04067468823038","POINT (-114.04067468823038 51.01601709685532)","1","B2712","1109000902"
"2016-09-30"," 24 AVENUE","UDELL ROAD","NW","Pedestrian RRFB","Yes","No","No","51.07436108340571","-114.13128383534456","POINT (-114.13128383534456 51.07436108340571)","1","B2822","1110001156"
"2019-04-29","CRANSTON AVENUE","CRANSTON ROAD","SE","Pedestrian RRFB","Yes","No","No","50.879769626155024","-113.97896017571905","POINT (-113.97896017571905 50.879769626155024)","1","B0009","1110203124"
"2006-01-11","TUSCANY BOULEVARD","TUSCANY WAY","NW","Traffic signal","Yes","No","No","51.12396527877512","-114.24605944631342","POINT (-114.24605944631342 51.12396527877512)","1","0892","1109000526"
"2002-09-26"," 40 AVENUE","CROWCHILD TRAIL RAMP","NW","Traffic signal","Yes","Yes","Yes","51.08836874561633","-114.13545039146709","POINT (-114.13545039146709 51.08836874561633)","1","0105","1109000723"
"2022-12-21","FOOTHILLS HOSPITAL DRIVE","HELIPORT ROAD","NW","Traffic signal","Yes","Yes","Yes","51.066553911076944","-114.13240822284307","POINT (-114.13240822284307 51.066553911076944)","1","0009","1110106064"
"2007-10-16","SYMONS VALLEY ROAD","KINCORA GLEN ROAD/CREEKSIDE S.C.","NW","Traffic signal","Yes","No","No","51.165602086154365","-114.13021174120041","POINT (-114.13021174120041 51.165602086154365)","1","0958","1109000745"
"2025-11-28","12065","COVENTRY HILLS WAY","NE","Pedestrian RRFB","Yes","No","No","51.167258284997004","-114.06218630927843","POINT (-114.06218630927843 51.167258284997004)","1","B0148","1110515413"
"2023-08-18","RANGEVIEW BOULEVARD/SETON BOULEVARD"," 52 STREET","SE","Traffic signal","Yes","Yes","Yes","50.885159787130306","-113.94160148281759","POINT (-113.94160148281759 50.885159787130306)","1","1225","1110175506"
"1972-01-01","PARKDALE BOULEVARD"," 29 STREET","NW","Traffic signal T intersection","Yes","Yes","No","51.05539045759584","-114.12950197376333","POINT (-114.12950197376333 51.05539045759584)","1","0260","1109000744"
"1982-04-01","PARKLAND BOULEVARD","PARK VALLEY DRIVE","SE","Overhead Flasher","Yes","No","No","50.91922760755793","-114.02569957169682","POINT (-114.02569957169682 50.91922760755793)","1","B2680","1109001439"
"2017-05-29","MAHOGANY GATE","MAHOGANY PLAZA","SE","Traffic signal","Yes","Yes","No","50.89954251427591","-113.9403176298565","POINT (-113.9403176298565 50.89954251427591)","1","1158","1109971128"
"1996-10-28"," 26 AVENUE"," 32 STREET","NE","Traffic signal T intersection","Yes","No","Yes","51.07786462502384","-113.98865037685205","POINT (-113.98865037685205 51.07786462502384)","1","0173","1109001667"
"2023-05-18","GREENBRIAR PLACE","GREENBRIAR WAY","NW","Traffic signal","Yes","Yes","Yes","51.087878178995794","-114.21782439226665","POINT (-114.21782439226665 51.087878178995794)","1","1069","1110025851"
"2025-10-23","SUV VALLEY BOULEVARD","SUN VALLEY DRIVE","SE","Pedestrian RRFB",,"No","No","50.90659056520091","-114.0445310735367","POINT (-114.0445310735367 50.90659056520091)","1","B0176-TEMP","1110582231"
"2018-04-17"," 16 AVENUE/HOSPITAL DRIVE","WEST CAMPUS BOULEVARD","NW","Traffic signal","Yes","Yes","Yes","51.06553267854004","-114.1381019742372","POINT (-114.1381019742372 51.06553267854004)","1","0895","1109001631"
"1981-01-01","MEMORIAL DRIVE","MADIGAN DR/PENBROOKE DR","E","Traffic signal","Yes","Yes","Yes","51.052418196571516","-113.94185127520102","POINT (-113.94185127520102 51.052418196571516)","1","0282","1109001509"
"2017-11-30"," 20 AVENUE"," 32 STREET","NE","Traffic signal T intersection","Yes","Yes","Yes","51.070750331041225","-113.98863024177655","POINT (-113.98863024177655 51.070750331041225)","1","0221","1109001664"
"2016-07-10","GLENMORE TRAIL","OGDEN ROAD/24 STREET","SE","Traffic signal","Yes","No","No","50.978607736755706","-113.99877857701686","POINT (-113.99877857701686 50.978607736755706)","1","1143","1109938846"
"1987-09-01","TEMPLE DRIVE"," 64 STREET","NE","Overhead Flasher","Yes","No","No","51.085003396355965","-113.94107903624906","POINT (-113.94107903624906 51.085003396355965)","1","B2540","1109001506"
"2026-06-02","ROSEVALE DRIVE","14 STREET","NW","Overhead Flasher","Yes","No","No","51.08043472460692","-114.09471381024558","POINT (-114.09471381024558 51.08043472460692)","1","B0138","1110419297"
"2010-05-21","112 AVENUE","ROYAL VISTA DRIVE/85 STREET","NW","Traffic signal","Yes","Yes","Yes","51.15220388152148","-114.2092085717216","POINT (-114.2092085717216 51.15220388152148)","1","1033","1109383209"
"1972-01-01","MEMORIAL DRIVE","EDMONTON TRAIL","NE","Traffic signal","Yes","Yes","Yes","51.05071378251401","-114.05031797333064","POINT (-114.05031797333064 51.05071378251401)","1","0266","1109000855"
"1953-01-01","  7 AVENUE","  2 STREET","SW","Traffic signal","No","Yes","Yes","51.046632016101334","-114.06790087232535","POINT (-114.06790087232535 51.046632016101334)","1","0339","1109001228"
"2014-04-14","  8 AVENUE"," 85 STREET","SW","Traffic signal","Yes","No","Yes","51.06326681391087","-114.21098277218485","POINT (-114.21098277218485 51.06326681391087)","1","1126","1109001859"
"1996-10-30","DALHART ROAD"," 53 STREET","NW","Traffic signal","Yes","No","No","51.11114830670805","-114.15877682918828","POINT (-114.15877682918828 51.11114830670805)","1","0793","1109000649"
"1977-01-01","MEMORIAL DRIVE"," 44 STREET","E","Traffic signal","Yes","Yes","No","51.052853419760446","-113.96998023795975","POINT (-113.96998023795975 51.052853419760446)","1","0278","1109001740"
"1959-01-01"," 50 AVENUE","MACLEOD TRAIL","SW","Traffic signal","Yes","Yes","Yes","51.00872110970034","-114.06778526331262","POINT (-114.06778526331262 51.00872110970034)","1","0587","1109001229"
"1987-11-26"," 17 AVENUE"," 10 STREET","SW","Traffic signal","Yes","Yes","Yes","51.0378191306479","-114.08673449121859","POINT (-114.08673449121859 51.0378191306479)","1","0438","1109000978"
"2003-09-11"," 23 AVENUE"," 23 STREET","NE","Traffic signal T intersection","Yes","No","No","51.073468496684804","-114.00413814256451","POINT (-114.00413814256451 51.073468496684804)","1","0259","1109001489"
"2019-02-14"," 9840","HORTON ROAD","SW","Fire signal","No","No","No","50.96605595409519","-114.07475895291991","POINT (-114.07475895291991 50.96605595409519)","1","0633","1109001105"
"2015-08-18","104 AVENUE","METIS TRAIL","NE","Traffic signal","Yes","Yes","No","51.14717571553179","-113.97000512771636","POINT (-113.97000512771636 51.14717571553179)","1","1127","1109750648"
"2020-12-22","SAVANNA ROAD","SAVANNA STREET","NE","Traffic signal","Yes","Yes","Yes","51.13373633600914","-113.95234149915481","POINT (-113.95234149915481 51.13373633600914)","1","1177","1109785855"
"2022-11-06","SHAGANAPPI TRAIL","STONEY TRAIL","NW","Traffic signal T intersection",,"No","No","51.150664662474846","-114.13949836780263","POINT (-114.13949836780263 51.150664662474846)","1","1273","1110403676"
"2016-06-14","  4 AVENUE"," 11 STREET","SW","1/2 signal","Yes","Yes","No","51.048786735043294","-114.08854157577774","POINT (-114.08854157577774 51.048786735043294)","1","1152","1109967353"
"2004-01-21"," 32 AVENUE"," 39 STREET","NW","Traffic signal","Yes","Yes","No","51.0814784229511","-114.1449456625896","POINT (-114.1449456625896 51.0814784229511)","1","0477","1109000682"
"1951-01-01"," 17 AVENUE","  8 STREET","SW","Traffic signal","Yes","Yes","Yes","51.03781370799746","-114.08178677941414","POINT (-114.08178677941414 51.03781370799746)","1","0450","1109001034"
"1979-10-01","RUNDLEHORN DRIVE"," 59 STREET/PINEPOINT DRIVE","NE","Overhead Flasher","Yes","No","No","51.071550924298684","-113.94740495314375","POINT (-113.94740495314375 51.071550924298684)","1","B2571","1109001812"
"1987-01-01"," 23 AVENUE","  2 STREET","SW","Overhead Flasher","Yes","No","No","51.03240452628447","-114.0688898239526","POINT (-114.0688898239526 51.03240452628447)","1","B2625","1109001212"
"1992-10-19","JOHN LAURIE BOULEVARD","EDGEMONT DRIVE","NW","Traffic signal T intersection","No","No","No","51.112356095314524","-114.14803071630129","POINT (-114.14803071630129 51.112356095314524)","1","0048","1109000674"
"2021-12-02","  3 AVENUE","  1 STREET","SE","Traffic signal",,"Yes","Yes","51.05021088863708","-114.06023264382122","POINT (-114.06023264382122 51.05021088863708)","1","1250","1110310149"
"2020-07-29"," 13 AVENUE","  2 STREET","SW","Traffic signal","No","Yes","Yes","51.040625543752654","-114.06833118244842","POINT (-114.06833118244842 51.040625543752654)","1","1183","1110202882"
"1955-01-01","  5 AVENUE/6 AVENUE"," 14 STREET","NW","Traffic signal","Yes","Yes","Yes","51.05746539994621","-114.09473650889412","POINT (-114.09473650889412 51.05746539994621)","1","0236","1109000943"
"1976-01-01"," 69 AVENUE/OGDEN DALE ROAD","OGDEN ROAD","SE","Traffic signal","Yes","No","No","50.99105050838136","-114.00168081207792","POINT (-114.00168081207792 50.99105050838136)","1","0648","1109001499"
"1971-12-01"," 29 AVENUE","EDMONTON TRAIL","NE","Overhead Flasher","Yes","No","No","51.07871534602227","-114.05524201457547","POINT (-114.05524201457547 51.07871534602227)","1","B2559","1109001378"
"2025-08-08","VALLEY CREEK ROAD","VALLEY RIDGE DRIVE","NW","Pedestrian RRFB","Yes","No","No","51.090774091815845","-114.2589563928769","POINT (-114.2589563928769 51.090774091815845)","1","B0157","1110515428"
"1969-01-01","FAIRMOUNT DRIVE"," 78 AVENUE","SE","Overhead Flasher","Yes","No","No","50.983968855266234","-114.06050003093985","POINT (-114.06050003093985 50.983968855266234)","1","B2653","1109001322"
"1994-08-31","DOVER RIDGE DRIVE/DOVERGLEN CR"," 26 STREET","SE","Overhead Flasher","Yes","No","No","51.018603507153834","-113.99910247178441","POINT (-113.99910247178441 51.018603507153834)","1","B2638","1109001634"
"2005-11-09","COUNTRY HILLS BOULEVARD","HAMPTONS BOULEVARD","NW","Traffic signal T intersection","Yes","No","No","51.138768009798255","-114.14977454083908","POINT (-114.14977454083908 51.138768009798255)","1","0924","1109000667"
"1970-01-01"," 32 AVENUE","CENTRE STREET","N","Traffic signal","Yes","Yes","Yes","51.081503234644984","-114.06249519126452","POINT (-114.06249519126452 51.081503234644984)","1","0131","1109001301"
"2024-09-27","144 AVENUE","SHAGANAPPI TRAIL","NW","Traffic signal","Yes","Yes","Yes","51.18319798359413","-114.16112333113044","POINT (-114.16112333113044 51.18319798359413)","1","1281","1109984736"
"1998-07-10"," 64 AVENUE","CASTLERIDGE BV/MARTINDALE GT","NE","Traffic signal","Yes","Yes","Yes","51.110610910323295","-113.96530623318735","POINT (-113.96530623318735 51.110610910323295)","1","0034","1109001755"
"1959-01-01","HERITAGE DRIVE","MACLEOD TRAIL","S","Traffic signal","Yes","No","No","50.97956656805239","-114.07157354186394","POINT (-114.07157354186394 50.97956656805239)","1","0663","1109001143"
"1986-05-29"," 32 AVENUE"," 32 STREET","NE","Traffic signal","Yes","No","No","51.081486018522796","-113.988670833025","POINT (-113.988670833025 51.081486018522796)","1","0782","1109001665"
"1978-01-01"," 61 AVENUE","CENTRE STREET","S","Traffic signal","Yes","No","No","50.99773465666709","-114.06380298681125","POINT (-114.06380298681125 50.99773465666709)","1","0623","1109001266"
"2025-11-17","TARADALE DRIVE","TARALAKE WAY","NE","Pedestrian RRFB",,"No","No","51.118935283231515","-113.92719486409268","POINT (-113.92719486409268 51.118935283231515)","1","B0151-TEMP","1110582232"
"2017-06-12","HIDDEN RANCH CRESCENT","HIDDEN VALLEY DRIVE","NW","Pedestrian RRFB","Yes","No","No","51.150637606234504","-114.11842300634146","POINT (-114.11842300634146 51.150637606234504)","1","B2886","1109000732"
"1959-01-01"," 11 AVENUE","MACLEOD TRAIL","SE","Traffic signal","Yes","Yes","Yes","51.042240756139854","-114.0583721523853","POINT (-114.0583721523853 51.042240756139854)","1","0408","1109001346"
"2020-07-29"," 10 AVENUE","  6 STREET","SW","Traffic signal T intersection","No","Yes","Yes","51.04370062722004","-114.07646343689235","POINT (-114.07646343689235 51.04370062722004)","1","0478","1109938535"
"2026-01-15","CHAPALA WAY/CHAPARRAL RAVINE WAY","CHAPARRAL BOULEVARD","SE","Traffic signal","Yes","Yes","Yes","50.88071601493109","-114.02459426924818","POINT (-114.02459426924818 50.88071601493109)","1","1283","1110417234"
"2002-01-31","SHAWVILLE BOULEVARD","SHAWVILLE ROAD","SE","Traffic signal","Yes","No","No","50.901915830592834","-114.06475823947946","POINT (-114.06475823947946 50.901915830592834)","1","0769","1109001259"
"1992-06-17"," 52 STREET","PENSDALE ROAD","SE","Overhead Flasher","Yes","No","No","51.04282964149292","-113.95839447644092","POINT (-113.95839447644092 51.04282964149292)","1","B2613","1109001777"
"2019-06-20","WOODFIELD DRIVE/WOODGLEN GATE","WOODVIEW DRIVE","SW","Pedestrian RRFB","Yes","No","No","50.94125710861879","-114.1217213150429","POINT (-114.1217213150429 50.94125710861879)","1","B0006","1110203121"
"1960-01-01"," 16 AVENUE"," 19 STREET","NW","Traffic signal","Yes","Yes","No","51.066970925449866","-114.10629442594845","POINT (-114.10629442594845 51.066970925449866)","1","0193","1109000816"
"2017-05-24","TUSCANY RIDGE HEIGHTS","TUSCANY WAY","NW","Pedestrian RRFB","Yes","No","No","51.13063823209636","-114.25148501073373","POINT (-114.25148501073373 51.13063823209636)","1","B2882","1110046505"
"2000-07-14","APPLEWOOD DRIVE"," 68 STREET","SE","Traffic signal T intersection","Yes","No","No","51.04266882341417","-113.93512695080912","POINT (-113.93512695080912 51.04266882341417)","1","0473","1109001525"
"1982-01-01","SOUTHLAND DRIVE","DEERFOOT TRAIL NB RAMP","SE","Traffic signal T intersection","No","No","No","50.96800583920042","-114.0317965017327","POINT (-114.0317965017327 50.96800583920042)","1","0703","1109001416"
"1982-01-01"," 33 AVENUE","CROWCHILD TRAIL","SW","Traffic signal","Yes","Yes","No","51.02395278865973","-114.11728440795429","POINT (-114.11728440795429 51.02395278865973)","1","0546","1109000789"
"1996-06-10"," 94 AVENUE","BONAVENTURE DRIVE","SE","Traffic signal","Yes","No","No","50.968634252130705","-114.06874878815658","POINT (-114.06874878815658 50.968634252130705)","1","0713","1109001210"
"2019-08-06","STRATHCONA DRIVE","STRATHDALE CLOSE","SW","Pedestrian RRFB","Yes","No","No","51.04534628427383","-114.18227735149365","POINT (-114.18227735149365 51.04534628427383)","1","B0015","1110203130"
"2025-11-14","CANADA OLYMPIC COMMON","CANADA OLYMPIC DRIVE","SW","Pedestrian RRFB",,"No","No","51.082277943624476","-114.21297192002537","POINT (-114.21297192002537 51.082277943624476)","1","B0089","1110393262"
"2020-08-05","SAGE HILL GATE"," 37 STREET","NW","Traffic signal","Yes","Yes","Yes","51.170776064090056","-114.14115928415006","POINT (-114.14115928415006 51.170776064090056)","1","1187","1110175336"
"2011-02-22"," 64 AVENUE","DEERFOOT TRAIL","NE","1/4 signal","No","No","No","51.11060503791721","-114.04501131056186","POINT (-114.04501131056186 51.11060503791721)","1","0031","1109000881"
"2018-09-13","114 AVENUE"," 56 STREET","SE","Traffic signal","Yes","No","No","50.95045709269005","-113.95190586156485","POINT (-113.95190586156485 50.95045709269005)","1","1163","1110060543"
"1964-01-01","  9 AVENUE","  3 STREET","SW","Traffic signal T intersection","No","Yes","No","51.04482849223333","-114.07047657844585","POINT (-114.07047657844585 51.04482849223333)","1","0375","1109001184"
"2007-11-18"," 32 AVENUE"," 56 STREET","NE","Traffic signal","Yes","Yes","No","51.08152893451061","-113.95297900867456","POINT (-113.95297900867456 51.08152893451061)","1","0977","1109001804"
"2021-02-26"," 58 AVENUE","  2 STREET","SW","Overhead Flasher","Yes","No","No","51.00137292631683","-114.06860596976931","POINT (-114.06860596976931 51.00137292631683)","1","B0007","1110203122"
"1984-01-01"," 32 AVENUE","EDMONTON TRAIL","NE","Traffic signal","Yes","No","No","51.08151057367819","-114.05460440951539","POINT (-114.05460440951539 51.08151057367819)","1","0132","1109001379"
"2015-03-31","OLD BANFF COACH ROAD","PATTERSON HILL","SW","Pedestrian RRFB","Yes","No","No","51.062840501618304","-114.18490247689057","POINT (-114.18490247689057 51.062840501618304)","1","B2794","1109783940"
"2023-11-20","EAST HILLS FIRE ACCESS"," 84 STREET","SE","Fire signal","No","No","No","51.041706904274434","-113.90945836578877","POINT (-113.90945836578877 51.041706904274434)","1","1500","1110372416"
"1995-06-07"," 32 AVENUE","RUNDLESIDE DRIVE","NE","Overhead Flasher","Yes","No","No","51.08151047571077","-113.96995758514284","POINT (-113.96995758514284 51.08151047571077)","1","B2541","1109001742"
"1971-09-01"," 24 AVENUE","EDMONTON TRAIL","NE","Overhead Flasher","Yes","No","No","51.07429404739314","-114.05617385943182","POINT (-114.05617385943182 51.07429404739314)","1","B2564","1109001362"
"1983-01-01"," 25 AVENUE","MANCHESTER YARD","SE","Traffic signal","Yes","No","No","51.02910401045873","-114.0466025038817","POINT (-114.0466025038817 51.02910401045873)","1","0501","1109000877"
"1977-01-01","McKNIGHT BOULEVARD","McCALL WAY/19 STREET","NE","Traffic signal","Yes","Yes","No","51.09279579650831","-114.0115630775134","POINT (-114.0115630775134 51.09279579650831)","1","0057","1109001474"
"2025-12-02","ROSEHILL DRIVE","14 STREET","NW","Overhead Flasher","Yes","No","No","51.07780614534902","-114.09469458807715","POINT (-114.09469458807715 51.07780614534902)","1","B0137","1110419298"
"2024-07-24","MAHOGANY BOULEVARD","MAHOGANY ROAD","SE","Traffic signal","Yes","Yes","Yes","50.89461723954527","-113.9365060331255","POINT (-113.9365060331255 50.89461723954527)","1","0062","1110368382"
"1956-01-01","  9 AVENUE"," 12 STREET","SE","Traffic signal","No","Yes","Yes","51.04125337831388","-114.0343512777003","POINT (-114.0343512777003 51.04125337831388)","1","0383","1109001412"
"1979-10-01","WHITEHORN DRIVE","WHITEHORN ROAD","NE","Overhead Flasher","Yes","No","No","51.08472811386478","-113.96747201265252","POINT (-113.96747201265252 51.08472811386478)","1","B2561","1109001749"
"2016-12-31"," 8911","BONAVENTURE DRIVE","SE","Pedestrian RRFB","Yes","No","No","50.9741188801973","-114.0685696812162","POINT (-114.0685696812162 50.9741188801973)","1","B2841","1110001181"
"1981-01-01","CROWCHILD TRAIL ","GLENMORE TRAIL","SW","Traffic signal T intersection","Yes","Yes","Yes","51.000021454654494","-114.11802518568722","POINT (-114.11802518568722 51.000021454654494)","1","0631","1109000781"
"2000-12-20","CHINOOK CENTRE","  5 STREET","SW","Traffic signal T intersection","Yes","No","No","50.99590522924195","-114.07625700302813","POINT (-114.07625700302813 50.99590522924195)","1","0620","1109001093"
"1982-01-01","MEMORIAL DRIVE"," 12 STREET","NE","Traffic signal T intersection","Yes","Yes","Yes","51.047485117811384","-114.03193153491358","POINT (-114.03193153491358 51.047485117811384)","1","0268","1109001421"
"1975-01-01","MADIGAN DRIVE/MARBANK DR"," 52 STREET","NE","Traffic signal","Yes","No","Yes","51.062175718853645","-113.95839638173092","POINT (-113.95839638173092 51.062175718853645)","1","0219","1109001767"
"1973-01-01","McKNIGHT BOULEVARD","AVIATION BLVD/12 STREET","NE","Traffic signal","Yes","Yes","No","51.09609979346176","-114.03339255063658","POINT (-114.03339255063658 51.09609979346176)","1","0056","1109001415"
"1987-09-04"," 23 AVENUE","CROWCHILD TRAIL","NW","Traffic signal","No","No","No","51.07104181859014","-114.1179205565291","POINT (-114.1179205565291 51.07104181859014)","1","0110","1109000783"
"2011-07-27","114 AVENUE"," 84 STREET","SE","Traffic signal","Yes","Yes","No","50.95055400707578","-113.9119533924169","POINT (-113.9119533924169 50.95055400707578)","1","1517","1109001823"
"1991-05-06"," 22 AVENUE/CALIFORNIA BOULEVARD"," 68 STREET","NE","Traffic signal","Yes","No","No","51.07264040483472","-113.93511388252213","POINT (-113.93511388252213 51.07264040483472)","1","0186","1109001513"
"1978-08-01","BONAVENTURE DRIVE","LAKE MORAINE ROAD","SE","Overhead Flasher","Yes","No","No","50.94364911947958","-114.06091726567436","POINT (-114.06091726567436 50.94364911947958)","1","B2673","1109001315"
"2014-10-08"," 17 AVENUE"," 42 STREET/GRAND OAKS DRIVE","SW","Overhead Flasher","Yes","No","No","51.03778399218191","-114.14828554411855","POINT (-114.14828554411855 51.03778399218191)","1","B2788","1109551040"
"1982-01-01","WOODVIEW DRIVE"," 24 STREET","SW","Traffic signal","Yes","Yes","Yes","50.94124050860223","-114.1179791199495","POINT (-114.1179791199495 50.94124050860223)","1","0729","1109000771"
"1998-04-30"," 61 AVENUE"," 52 STREET","SE","Traffic signal","Yes","No","No","50.99896317780249","-113.9585139213488","POINT (-113.9585139213488 50.99896317780249)","1","0876","1109001768"
"1988-06-29","JOHN LAURIE BOULEVARD","HAWKWOOD BOULEVARD","NW","Traffic signal T intersection","Yes","No","No","51.123086737147254","-114.17018311815643","POINT (-114.17018311815643 51.123086737147254)","1","0041","1109000614"
"1998-07-14","RICHMOND ROAD","CROWCHILD TRAIL ","SW","Traffic signal T intersection","Yes","Yes","No","51.03693453449851","-114.11121617587867","POINT (-114.11121617587867 51.03693453449851)","1","0479","1109000801"
"2013-11-22","114 AVENUE"," 68 STREET","SE","Traffic signal","Yes","No","Yes","50.950510299722886","-113.93521382501613","POINT (-113.93521382501613 50.950510299722886)","1","1114","1109735799"
"1989-10-30","MEMORIAL DRIVE"," 68 STREET","E","Traffic signal","Yes","No","No","51.052426850447155","-113.93514921297607","POINT (-113.93514921297607 51.052426850447155)","1","0283","1109001514"
"1948-01-01","  4 AVENUE","  4 STREET","SW","Traffic signal","No","Yes","No","51.04957847032425","-114.07150314180552","POINT (-114.07150314180552 51.04957847032425)","1","0295","1109001150"
"2022-06-05","McPHERSON ROAD","  9 STREET","NE","Pedestrian RRFB","Yes","No","No","51.050017710840685","-114.0403618713368","POINT (-114.0403618713368 51.050017710840685)","1","B0049","1110277302"
"1973-08-01","  3 AVENUE/BOWNESS ROAD"," 34 STREET","NW","Overhead Flasher","Yes","No","No","51.058022916259354","-114.13698765338445","POINT (-114.13698765338445 51.058022916259354)","1","B2634","1109000716"
"2014-02-13","PANATELLA BOULEVARD"," 14 STREET","NW","Traffic signal","Yes","Yes","Yes","51.168494133696434","-114.09012430258512","POINT (-114.09012430258512 51.168494133696434)","1","1107","1109717292"
"2017-10-28","SANDSTONE DRIVE","SANDSTONE HILL","NW","Pedestrian RRFB","Yes","No","No","51.13449025222606","-114.09011519496381","POINT (-114.09011519496381 51.13449025222606)","1","B2914","1110067646"
"1963-01-01"," 17 AVENUE"," 37 STREET","SW","Traffic signal","Yes","Yes","Yes","51.03781626840185","-114.14118434856574","POINT (-114.14118434856574 51.03781626840185)","1","0442","1109000701"
"1980-01-01"," 16 AVENUE","NORTH HILL MALL","NW","Traffic signal","Yes","Yes","Yes","51.06691943083007","-114.09805580548796","POINT (-114.09805580548796 51.06691943083007)","1","0194","1109000846"
"2022-09-09"," 10 AVENUE"," 18 STREET","SW","Traffic signal T intersection","Yes","Yes","Yes","51.04447459712198","-114.1040909102032","POINT (-114.1040909102032 51.04447459712198)","1","1216","1110263804"
"2015-11-06"," 6103","130 AVENUE","SE","Traffic signal T intersection","No","Yes","Yes","50.928675445697266","-113.94369628563892","POINT (-113.94369628563892 50.928675445697266)","1","1146","1109793268"
"1970-01-01","BOWNESS ROAD","SHAGANAPPI TRAIL","NW","Traffic signal","Yes","Yes","Yes","51.06339585103037","-114.14911483899581","POINT (-114.14911483899581 51.06339585103037)","1","0154","1109000673"
"2018-09-27","HARVEST HILLS GATE","HARVEST WOOD GATE","NE","Pedestrian RRFB","Yes","No","No","51.15287199852981","-114.04806007035336","POINT (-114.04806007035336 51.15287199852981)","1","B2714","1110038981"
"1963-01-01"," 33 AVENUE"," 20 STREET","SW","Traffic signal","Yes","Yes","Yes","51.02399772059392","-114.10944528418894","POINT (-114.10944528418894 51.02399772059392)","1","0547","1109000806"
"2007-11-24","ROSEVIEW DRIVE"," 14 STREET","NW","Overhead Flasher","Yes","No","No","51.08136530821496","-114.09472954696838","POINT (-114.09472954696838 51.08136530821496)","1","B2748","1109001934"
"1996-07-18"," 17 AVENUE"," 12 STREET","SW","Traffic signal","No","Yes","Yes","51.03782038520885","-114.09164380220024","POINT (-114.09164380220024 51.03782038520885)","1","0470","1109000956"
"1998-11-19","COUNTRY HILLS BOULEVARD","COUNTRY HILLS TOWNE CNTR","NE","Traffic signal T intersection","Yes","No","No","51.15419922906742","-114.0560302798985","POINT (-114.0560302798985 51.15419922906742)","1","0925","1109001370"
"2017-09-13","BOWNESS ROAD"," 66 STREET","NW","Pedestrian RRFB","Yes","No","No","51.088325044363806","-114.18590398758296","POINT (-114.18590398758296 51.088325044363806)","1","B2895","1110058815"
"1990-07-01","  8 AVENUE","CENTRE STREET","N","Overhead Flasher","Yes","No","No","51.05976909789824","-114.06252647163505","POINT (-114.06252647163505 51.05976909789824)","1","B2575","1109001901"
"2000-06-01"," 11 AVENUE","  9 STREET","SW","Traffic signal","No","Yes","Yes","51.04296228107131","-114.0839277431488","POINT (-114.0839277431488 51.04296228107131)","1","0431","1109001008"
"2022-04-14","CORNERSTONE HEIGHTS/SKYVIEW CIRCLE"," 60 STREET","NE","Traffic signal","Yes","Yes","Yes","51.158022143746905","-113.94678474486514","POINT (-113.94678474486514 51.158022143746905)","1","1227","1110175406"
"1984-01-01","WOODVIEW DRIVE","WOODPARK BOULEVARD","SW","Traffic signal","Yes","No","No","50.941519581350974","-114.10890901467702","POINT (-114.10890901467702 50.941519581350974)","1","0730","1109000811"
"1956-01-01"," 33 AVENUE/COUNCIL WAY"," 14 STREET","SW","Traffic signal","Yes","No","No","51.024004688283185","-114.09469110204967","POINT (-114.09469110204967 51.024004688283185)","1","0548","1109000932"
"2014-11-24"," 14 AVENUE","  1 STREET","SE","Traffic signal","No","Yes","Yes","51.03947313423339","-114.06100222051528","POINT (-114.06100222051528 51.03947313423339)","1","0996","1109001592"
"2024-11-19","144 AVENUE","EDITH GATE/NOLAN HILL BV","NW","Traffic signal","Yes","Yes","Yes","51.18310206115291","-114.1702331729931","POINT (-114.1702331729931 51.18310206115291)","1","1292","1110422695"
"2008-01-07","SCENIC ACRES BOULEVARD","SCURFIELD DRIVE","NW","Traffic signal","Yes","Yes","Yes","51.11951397904076","-114.21096710544954","POINT (-114.21096710544954 51.11951397904076)","1","0241","1109000539"
"1975-01-01","MEMORIAL DRIVE","DEERFOOT TRAIL SB RAMP","SE","Traffic signal","No","No","No","51.04787781080294","-114.01825557610795","POINT (-114.01825557610795 51.04787781080294)","1","0271","1109001451"
"2011-05-13"," 42 AVENUE"," 39 AVENUE","SE","Traffic signal T intersection","Yes","Yes","Yes","51.015931884707385","-114.0575669698771","POINT (-114.0575669698771 51.015931884707385)","1","1008","1109001609"
"1985-01-01"," 76 AVENUE"," 18 STREET","SE","Traffic signal","Yes","Yes","Yes","50.9850442409921","-114.01587967184469","POINT (-114.01587967184469 50.9850442409921)","1","0658","1109001457"
"1962-01-01","MEMORIAL DRIVE"," 10 STREET","NW","Traffic signal","No","Yes","No","51.05197851017446","-114.08582660412291","POINT (-114.08582660412291 51.05197851017446)","1","0262","1109000987"
"1989-12-07","  7 AVENUE","BARLOW TRAIL","NE","1/2 signal","Yes","Yes","Yes","51.05856701582505","-114.001697620132","POINT (-114.001697620132 51.05856701582505)","1","0231","1109001576"
"2023-08-11","COPPERPOND PASSAGE","McIVOR BOULEVARD","SE","Traffic signal T intersection","Yes","Yes","Yes","50.92604754162044","-113.93512359447469","POINT (-113.93512359447469 50.92604754162044)","1","1240","1109001927"
"1982-01-01","SOUTHLAND DRIVE","DEERFOOT TRAIL SB RAMP","SE","Traffic signal","Yes","No","No","50.96712247303422","-114.03444349605303","POINT (-114.03444349605303 50.96712247303422)","1","0702","1109001413"
"1991-08-07"," 26 AVENUE"," 68 STREET","NE","Traffic signal","Yes","Yes","No","51.07612948942338","-113.93511305422058","POINT (-113.93511305422058 51.07612948942338)","1","0510","1109001519"
"1986-09-18"," 37 AVENUE","BARLOW TRAIL","NE","Traffic signal","Yes","No","No","51.08668338500974","-114.00168427568511","POINT (-114.00168427568511 51.08668338500974)","1","0085","1109001501"
"1982-01-01"," 13 AVENUE"," 29 STREET","NW","Traffic signal T intersection","Yes","No","No","51.06459690763472","-114.13078656945564","POINT (-114.13078656945564 51.06459690763472)","1","0214","1109000736"
"2005-12-01","MILLRISE BOULEVARD","MILLRISE STATION","SW","Traffic signal T intersection","Yes","No","No","50.91451441965485","-114.07372060290591","POINT (-114.07372060290591 50.91451441965485)","1","0863","1109001118"
"1998-07-23","McKENZIE LAKE BOULEVARD","MOUNT McKENZIE DRIVE","SE","Traffic signal T intersection","Yes","No","No","50.91642408919818","-113.98135577531565","POINT (-113.98135577531565 50.91642408919818)","1","0754","1109001711"
"2025-10-06","SIERRA MORENA BOULEVARD","SIERRA VISTA CIRCLE","SW","Pedestrian RRFB","Yes","No","No","51.02043837992318","-114.18229356332013","POINT (-114.18229356332013 51.02043837992318)","1","B0153","1110515419"
"1994-06-20"," 26 AVENUE","PETER LOUGHEED HOSPITAL ENT","NE","Traffic signal","Yes","No","Yes","51.07785143736587","-113.98520339977894","POINT (-113.98520339977894 51.07785143736587)","1","0160","1109001676"
"1999-07-30"," 14 AVENUE","  4 STREET","SW","Traffic signal","No","Yes","Yes","51.03974686038434","-114.07150782668883","POINT (-114.07150782668883 51.03974686038434)","1","0429","1109001167"
"1991-12-01"," 17 AVENUE"," 39 STREET","SW","Overhead Flasher","Yes","No","No","51.03778053394429","-114.14403932678155","POINT (-114.14403932678155 51.03778053394429)","1","B2620","1109000685"
"1979-01-01"," 17 AVENUE"," 28 STREET","SE","Traffic signal","Yes","Yes","Yes","51.03784718513182","-113.99307060205211","POINT (-113.99307060205211 51.03784718513182)","1","0463","1109001649"
"1999-10-31","CHINOOK TUNNEL ENTRANCE","MACLEOD TRAIL","SW","1/4 signal","Yes","Yes","Yes","50.999319890450174","-114.07154299456406","POINT (-114.07154299456406 50.999319890450174)","1","0619","1109001148"
"2023-02-07","CANYON MEADOWS DRIVE","CANTERBURY DRIVE","SW","Traffic signal","Yes","Yes","Yes","50.93687484335612","-114.08094045335265","POINT (-114.08094045335265 50.93687484335612)","1","1260","1110358029"
"2017-04-13","ELBOW DRIVE","SOUTHGLEN DRIVE","SW","Pedestrian RRFB","Yes","No","No","50.95460702110183","-114.08479466839984","POINT (-114.08479466839984 50.95460702110183)","1","B2857","1110038960"
"1977-01-01","SILVER SPRGS DR/SLVRMD RD","SILVER SPRINGS BOULEVARD","NW","Traffic signal","Yes","Yes","Yes","51.106164675512716","-114.18861827667861","POINT (-114.18861827667861 51.106164675512716)","1","0115","1109000587"
"1954-01-01","  6 AVENUE","  9 STREET","SW","Traffic signal","Yes","Yes","Yes","51.04803746592846","-114.08374846838524","POINT (-114.08374846838524 51.04803746592846)","1","0318","1109001014"
"2010-05-17","McKENZIE TOWNE LINK"," 52 STREET","SE","Traffic signal T intersection","Yes","Yes","No","50.914734573516256","-113.95553972529238","POINT (-113.95553972529238 50.914734573516256)","1","1052","1109407780"
"2023-03-21","COVENTRY HILLS BV","COUNTRY VILLAGE GA/COVENTRY WAY","NE","Overhead Flasher","Yes","No","No","51.161264134673914","-114.0542019327578","POINT (-114.0542019327578 51.161264134673914)","1","B0018","1110203133"
"2005-08-01"," 49 AVENUE","ELBOW DRIVE","SW","Overhead Flasher","Yes","No","No","51.00960410106262","-114.08138091176592","POINT (-114.08138091176592 51.00960410106262)","1","B2733","1109001042"
"2011-11-01"," 11 AVENUE","OLYMPIC WAY/4 STREET","SE","Traffic signal","No","Yes","No","51.04209306096339","-114.0534250961645","POINT (-114.0534250961645 51.04209306096339)","1","1021","1109272575"
"1992-07-30","HERITAGE DRIVE","GLENDEER CIRCLE/HERITAGE MEADOWS RD","SE","Traffic signal","Yes","No","No","50.98708614346783","-114.02920941911377","POINT (-114.02920941911377 50.98708614346783)","1","0669","1109001429"
"2015-01-20","ROYAL OAK WAY","ROYAL BIRKDALE DR/ROYAL OAK ME","NW","Pedestrian RRFB","Yes","No","No","51.14938668797879","-114.22517567602134","POINT (-114.22517567602134 51.14938668797879)","1","B2795","1109783941"
"1970-10-11","NORTHMOUNT DRIVE","BOWLEN STREET","NW","Overhead Flasher","Yes","No","No","51.09085207197958","-114.12371976305724","POINT (-114.12371976305724 51.09085207197958)","1","B2527","1109000762"
"2024-12-17"," 14 AVENUE","STRATHCONA BV/69 STREET","SW","Traffic signal T intersection","Yes","Yes","Yes","51.04516507648173","-114.18750769092142","POINT (-114.18750769092142 51.04516507648173)","1","0911","1110265068"
"2016-09-02","TUSCANY HILLS WAY/TUSCANY DRIVE","TUSCANY RAVINE ROAD/TUSCANY WAY","NW","Pedestrian RRFB","Yes","No","No","51.11875532825596","-114.24178367909734","POINT (-114.24178367909734 51.11875532825596)","1","B2840","1110001180"
"2022-10-15"," 16 AVENUE","BOWNESS ROAD","NW","Pedestrian RRFB","Yes","No","No","51.06518759985573","-114.15132542689949","POINT (-114.15132542689949 51.06518759985573)","1","B0079","1110372319"
"1956-01-01","  5 AVENUE","  3 STREET","SW","Traffic signal","Yes","Yes","Yes","51.04861177256365","-114.07014111707689","POINT (-114.07014111707689 51.04861177256365)","1","0309","1109001192"
"2016-12-09","SHAGANAPPI TRAIL","UNIVERSITY AVENUE","NW","Traffic signal","Yes","Yes","No","51.07677092345422","-114.15214877069076","POINT (-114.15214877069076 51.07677092345422)","1","0101","1109999560"
"2006-03-28","CITADEL BOULEVARD/CITADEL GREEN","SARCEE TRAIL","NW","Traffic signal","Yes","No","No","51.14466238291091","-114.1682097918503","POINT (-114.1682097918503 51.14466238291091)","1","0954","1109000617"
"2022-09-28"," 16 AVENUE","BOWNESS ROAD","NW","1/4 signal","No","No","No","51.066013928832604","-114.15076359756942","POINT (-114.15076359756942 51.066013928832604)","1","1156","1110156134"
"2023-07-21"," 90 AVENUE","OAKSIDE GATE","SW","Overhead Flasher","Yes","No","No","50.97390870306535","-114.12576459391852","POINT (-114.12576459391852 50.97390870306535)","1","B0076","1110368346"
"1989-01-09","CANYON MEADOWS DRIVE","QUEENSLAND DR/DEER RIDGE DR","SE","Traffic signal","Yes","No","No","50.93201291135881","-114.01745547421267","POINT (-114.01745547421267 50.93201291135881)","1","0748","1109001454"
"2016-12-21","MCKENZIE LAKE BOULEVARD","MT MCKENZIE WAY/MCKENZIE LAKE WAY","SE","Pedestrian RRFB","Yes","No","No","50.91560678655727","-113.98440960123735","POINT (-113.98440960123735 50.91560678655727)","1","B2845","1110001185"
"2003-07-16"," 14 AVENUE","CENTRE STREET","N","Overhead Flasher","Yes","No","No","51.06543381634089","-114.06251038824976","POINT (-114.06251038824976 51.06543381634089)","1","B2720","1109001295"
"1954-01-01","  7 AVENUE","  8 STREET","SW","Traffic signal","No","Yes","Yes","51.047027661301655","-114.08115754203443","POINT (-114.08115754203443 51.047027661301655)","1","0333","1109001049"
"2025-11-17","144 AVENUE","AMBLETON STREET/EVANSTON HILL","NW","Pedestrian RRFB",,"No","No","51.18326849942737","-114.11108182340568","POINT (-114.11108182340568 51.18326849942737)","1","B0201-TEMP","1110582174"
"1978-01-01","ANDERSON ROAD"," 14 STREET","SW","Traffic signal","No","No","No","50.95048065641064","-114.09478695419891","POINT (-114.09478695419891 50.95048065641064)","1","0722","1109000927"
"2013-03-19","CRANSTON AVENUE","CRANBERRY ROAD/CRANARCH ROAD","SE","Traffic signal","Yes","Yes","Yes","50.879154920162854","-113.97599993492801","POINT (-113.97599993492801 50.879154920162854)","1","1098","1109712012"
"2000-10-20","ERIN WOODS BOULEVARD"," 36 STREET","SE","Traffic signal","Yes","No","No","51.01764051077043","-113.97934839507143","POINT (-113.97934839507143 51.01764051077043)","1","0557","1109001714"
"2007-12-17","112 AVENUE","SARCEE TRAIL","NW","Traffic signal","Yes","Yes","Yes","51.15998598406292","-114.16243357239043","POINT (-114.16243357239043 51.15998598406292)","1","0955","1109000634"
"1960-01-01"," 58 AVENUE","MACLEOD TRAIL","SW","Traffic signal","Yes","Yes","No","51.00138840559556","-114.07157806416076","POINT (-114.07157806416076 51.00138840559556)","1","0602","1109001141"
"2004-07-08","ARBOUR LAKE ROAD/CROWFOOT WAY","ARBOUR GROVE CL/CROWFOOT RS","NW","Traffic signal","Yes","No","No","51.12655216807964","-114.20926858828099","POINT (-114.20926858828099 51.12655216807964)","1","0807","1109000550"
"2023-08-15","34 AVENUE","20 STREET","SW","Traffic signal","Yes","Yes","Yes","51.02319675751436","-114.10944413234895","POINT (-114.10944413234895 51.02319675751436)","1","1279","1110405214"
"1975-01-01"," 50 AVENUE","BARLOW TRAIL","SE","Traffic signal","Yes","No","No","51.00867433991755","-114.0017527067584","POINT (-114.0017527067584 51.00867433991755)","1","0589","1109001504"
"2017-08-21","COVENTRY GARDENS/COVEPARK DRIVE","COVENTRY HILLS WAY","NE","Pedestrian RRFB","Yes","No","No","51.16466363136901","-114.05181330725752","POINT (-114.05181330725752 51.16466363136901)","1","B2806","1109993214"
"2007-03-30","McKENZIE TOWNE BV/NEW BRIGHTON GT"," 52 STREET","SE","Traffic signal","Yes","No","No","50.91823211503861","-113.95818840957214","POINT (-113.95818840957214 50.91823211503861)","1","0885","1109000896"
"2026-09-11","16 AVENUE","44 STREET","SE","Pedestrian RRFB","Yes","No","No","51.03939303248696","-113.9700121548773","POINT (-113.9700121548773 51.03939303248696)","1","B0224","1110626596"
"1994-10-01"," 8119","SILVER SPRINGS ROAD","NW","Overhead Flasher","Yes","No","No","51.109196507991264","-114.20332522459955","POINT (-114.20332522459955 51.109196507991264)","1","B2516","1109000559"
"2016-06-15","SARCEE TRAIL","SHERWOOD BOULEVARD","NW","Traffic signal T intersection","Yes","No","No","51.16255838238767","-114.16293611824939","POINT (-114.16293611824939 51.16255838238767)","1","1092","1109001811"
"1979-06-01","ELBOW DRIVE"," 70 AVENUE","SW","Overhead Flasher","Yes","No","No","50.99052647645383","-114.08317077898086","POINT (-114.08317077898086 50.99052647645383)","1","B2642","1109001023"
"1991-11-14","BOWNESS ROAD","POINT DR/VETERANS WAY","NW","Traffic signal","Yes","Yes","Yes","51.060939099072314","-114.14321244195307","POINT (-114.14321244195307 51.060939099072314)","1","0153","1109000686"
"1973-01-01"," 58 AVENUE","ELBOW DRIVE","SW","Traffic signal T intersection","Yes","Yes","No","51.001477602608894","-114.08164015814482","POINT (-114.08164015814482 51.001477602608894)","1","0600","1109001033"
"2023-04-27"," 130","GREENBRIAR DRIVE","NW","Pedestrian RRFB","Yes","No","No","51.088796453057945","-114.22119247817274","POINT (-114.22119247817274 51.088796453057945)","1","B0081","1110380695"
"2005-05-30","FALCONRIDGE DRIVE","FALSBRIDGE GATE","NE","Traffic signal T intersection","Yes","No","No","51.09969779199149","-113.95652716410048","POINT (-113.95652716410048 51.09969779199149)","1","0939","1109001797"
"1985-01-01"," 32 AVENUE"," 26 STREET","NE","Traffic signal","Yes","No","No","51.08148735279246","-113.99820173760153","POINT (-113.99820173760153 51.08148735279246)","1","0780","1109001640"
"2020-11-26","210 AVENUE","ALDERSYDE GATE/WALDEN COMMON","SE","Traffic signal","Yes","Yes","Yes","50.86577247733397","-114.02905929647093","POINT (-114.02905929647093 50.86577247733397)","1","1213","1109767705"
"1993-01-29","STRATHCONA DRIVE","STRATHCONA BOULEVARD","SW","Traffic signal","Yes","Yes","No","51.04698208506237","-114.18614532984199","POINT (-114.18614532984199 51.04698208506237)","1","0362","1109000591"
"2006-10-06"," 37 AVENUE"," 68 STREET","NE","Overhead Flasher","Yes","No","No","51.086503593159556","-113.93514136113738","POINT (-113.93514136113738 51.086503593159556)","1","B2742","1109001516"
"1954-01-01","  6 AVENUE","MACLEOD TRAIL","SE","Traffic signal","No","Yes","Yes","51.047306253173886","-114.05797578636772","POINT (-114.05797578636772 51.047306253173886)","1","0329","1109001352"
"2023-01-27","EVANSFORD CIRCLE/EVANSPARK CIRCLE","SYMONS VALLEY PARKWAY","NW","Traffic signal","Yes","Yes","Yes","51.170796903398156","-114.10989690539407","POINT (-114.10989690539407 51.170796903398156)","1","1265","1110359867"
"2016-05-11"," 29 AVENUE/PREMIER WAY"," 14 STREET","SW","Overhead Flasher","Yes","No","No","51.02768187673854","-114.09468916263033","POINT (-114.09468916263033 51.02768187673854)","1","B2802","1109806015"
"2012-05-30","GLENMORE TRAIL"," 18 STREET","SE","Pedestrian RRFB","Yes","No","No","50.98126970916664","-114.01553534562984","POINT (-114.01553534562984 50.98126970916664)","1","B2773","1109699098"
"1970-01-01","  4 AVENUE","  5 STREET","SW","Traffic signal","Yes","Yes","Yes","51.049634338443326","-114.0735750838382","POINT (-114.0735750838382 51.049634338443326)","1","0294","1109001123"
"1954-01-01"," 12 AVENUE"," 14 STREET","SW","Traffic signal","No","Yes","No","51.04230780774161","-114.09471414881926","POINT (-114.09471414881926 51.04230780774161)","1","0411","1109000937"
"1977-01-01"," 32 AVENUE CONNECTOR"," 36 AVENUE/SPRING GARDENS ENT","NE","Traffic signal","Yes","Yes","No","51.0849661802784","-114.04633014046671","POINT (-114.04633014046671 51.0849661802784)","1","0134","1109000878"
"1982-01-01","SOUTHLAND DRIVE","HORTON ROAD/SOUTHPORT RD","SW","Traffic signal","Yes","Yes","Yes","50.965064053355405","-114.074597807015","POINT (-114.074597807015 50.965064053355405)","1","0696","1109001107"
"1998-11-17","MacEWAN DRIVE"," 14 STREET","NW","Traffic signal T intersection","Yes","No","No","51.13483698334677","-114.10721884644532","POINT (-114.10721884644532 51.13483698334677)","1","0940","1109000815"
"2016-11-17"," 54 AVENUE","  4 STREET","NW","Pedestrian RRFB","Yes","No","No","51.10117526329763","-114.07148526349498","POINT (-114.07148526349498 51.10117526329763)","1","B2837","1110001171"
"1997-10-06","NOSE HILL DRIVE","ARBOUR LK WAY/HAWKSTONE DRIVE","NW","Traffic signal","Yes","Yes","Yes","51.137472751626355","-114.18473054973897","POINT (-114.18473054973897 51.137472751626355)","1","0118","1109000592"
"2022-11-03","NORTHMOUNT DRIVE","CLARENDON ROAD","NW","Pedestrian RRFB",,"No","No","51.08513488952654","-114.10085276012734","POINT (-114.10085276012734 51.08513488952654)","1","B0067","1110346819"
"2021-05-17"," 20 AVENUE","  6 STREET","NW","Pedestrian RRFB","Yes","No","No","51.070539825574535","-114.0763330151588","POINT (-114.0763330151588 51.070539825574535)","1","B0059","1110314764"
"1998-08-27"," 16 AVENUE","  2 STREET","NW","Traffic signal","Yes","Yes","No","51.066928983786866","-114.06743478446954","POINT (-114.06743478446954 51.066928983786866)","1","0177","1109001237"
"1954-01-01","  6 AVENUE","  5 STREET","SW","Traffic signal","No","Yes","No","51.04775716157139","-114.07373946498413","POINT (-114.07373946498413 51.04775716157139)","1","0322","1109001121"
"2018-11-09","BRADBURY DRIVE","SOUTHLAND DRIVE","SW","Traffic signal","Yes","Yes","Yes","50.96141290608528","-114.09890865321383","POINT (-114.09890865321383 50.96141290608528)","1","0749","1110094348"
"1989-06-02","BONAVENTURE DRIVE","WILLOW PARK DRIVE","SE","Traffic signal","Yes","No","No","50.957866651873466","-114.06893537470263","POINT (-114.06893537470263 50.957866651873466)","1","0710","1109001206"
"2002-09-03","ELBOW DRIVE","MALIBOU ROAD","SW","Traffic signal","Yes","Yes","Yes","50.99550683777361","-114.08316543563839","POINT (-114.08316543563839 50.99550683777361)","1","0616","1109001025"
"2016-11-24"," 43 AVENUE","CENTRE STREET","N","Pedestrian RRFB","Yes","No","No","51.09139734328841","-114.06243625405396","POINT (-114.06243625405396 51.09139734328841)","1","B2833","1110001167"
"2015-12-11","EDGEBURN CRESCENT","EDGEPARK BOULEVARD","NW","Overhead Flasher","Yes","No","No","51.13406989825279","-114.15791705986923","POINT (-114.15791705986923 51.13406989825279)","1","B2809","1109806827"
"1993-09-01","SUNMILLS DRIVE","SUNVALE DRIVE","SE","Overhead Flasher","Yes","No","No","50.89992838733023","-114.04742574888628","POINT (-114.04742574888628 50.89992838733023)","1","B2683","1109000872"
"1960-01-01","GLENMORE TRAIL","MACLEOD TRAIL","SW","Traffic signal","No","No","No","50.99422000223125","-114.07153909887217","POINT (-114.07153909887217 50.99422000223125)","1","0634","1109001147"
"2020-07-09","19683","SETON CRESCENT","SE","Traffic signal","Yes","Yes","Yes","50.87686010410607","-113.95990956933151","POINT (-113.95990956933151 50.87686010410607)","1","1193","1110185510"
"1968-01-01"," 17 AVENUE/BLACKFOOT TRAIL"," 17A STREET/19 STREET","SE","Traffic signal","Yes","Yes","No","51.03772045819692","-114.01784151079991","POINT (-114.01784151079991 51.03772045819692)","1","0459","1109001452"
"2022-12-13","COUNTRY HILLS BOULEVARD","ROYAL OAK CENTRE","NW","Traffic signal T intersection","Yes","Yes","Yes","51.15358564024981","-114.21804519455215","POINT (-114.21804519455215 51.15358564024981)","1","1259","1110355736"
"1983-01-01","BOW BOTTOM TRAIL","DIAMOND DRIVE","SE","Traffic signal","Yes","No","No","50.94119325159165","-114.02920376016814","POINT (-114.02920376016814 50.94119325159165)","1","0735","1109001430"
"1990-05-31","  5 AVENUE"," 33 STREET","NE","Traffic signal","Yes","No","No","51.057025561781195","-113.98594956335789","POINT (-113.98594956335789 51.057025561781195)","1","0234","1109001672"
"2006-04-13"," 80 AVENUE","SADDLETOWNE CIRCLE","NE","Traffic signal","Yes","Yes","No","51.12519071856521","-113.94426852499572","POINT (-113.94426852499572 51.12519071856521)","1","0897","1109001809"
"2020-06-25","SETON CRESCENT/SETON DRIVE","SETON WAY","SE","Traffic signal","Yes","Yes","Yes","50.876880262107306","-113.95734197571595","POINT (-113.95734197571595 50.876880262107306)","1","1128","1110185504"
"1980-01-01"," 17 AVENUE"," 26 STREET","SW","Traffic signal","Yes","Yes","Yes","51.03779832514512","-114.12367521617955","POINT (-114.12367521617955 51.03779832514512)","1","0445","1109000760"
"2017-08-11","SUN VALLEY BOULEVARD","SUNPARK GATE","SE","Traffic signal","Yes","Yes","Yes","50.90604877408244","-114.05806496925837","POINT (-114.05806496925837 50.90604877408244)","1","0831","1110035604"
"2018-09-19"," 17 AVENUE"," 42 STREET","SE","Traffic signal","Yes","Yes","Yes","51.03783453421856","-113.97286466749651","POINT (-113.97286466749651 51.03783453421856)","1","1167","1110009378"
"1955-01-01","  8 AVENUE","  8 STREET","SW","Traffic signal","No","Yes","Yes","51.04604867705117","-114.08125936073463","POINT (-114.08125936073463 51.04604867705117)","1","0346","1109001048"
"2023-04-06","BOWNESS ROAD"," 43 STREET","NW","Traffic signal","Yes","Yes","Yes","51.06907972972771","-114.1557516026646","POINT (-114.1557516026646 51.06907972972771)","1","1263","1110325663"
"2024-10-04","16 AVENUE","ROBSON CRESCENT","SE","Pedestrian RRFB","Yes","No","No","51.039351344159044","-113.99097366528044","POINT (-113.99097366528044 51.039351344159044)","1","B0118","1110433909"
"2026-08-24","BOWNESS ROAD","42 STREET","NW","Pedestrian RRFB","Yes","No","No","51.067883111192","-114.15417832381017","POINT (-114.15417832381017 51.067883111192)","1","B0221","1110626586"
"2018-06-06","SHAGANAPPI TRAIL","SHERWOOD GATE","NW","Traffic signal T intersection","Yes","Yes","Yes","51.163378626371085","-114.14372943304714","POINT (-114.14372943304714 51.163378626371085)","1","0012","1110090649"
"1991-07-15","LINCOLN WAY/SARCEE ROAD","RICHARDSON WAY","SW","Traffic signal","Yes","Yes","Yes","51.01246087099027","-114.13874306336015","POINT (-114.13874306336015 51.01246087099027)","1","0573","1109000712"
"1961-01-01","BOW TRAIL"," 26 STREET","SW","Traffic signal","Yes","Yes","No","51.04167334460777","-114.12363555272043","POINT (-114.12363555272043 51.04167334460777)","1","0368","1109000761"
"1988-08-08","NORTHLAND MALL ENTRANCE","NORTHLAND DRIVE","NW","Traffic signal","Yes","No","No","51.09889587102211","-114.1413022973937","POINT (-114.1413022973937 51.09889587102211)","1","0069","1109000703"
"1953-01-01"," 12 AVENUE","  4 STREET","SW","Traffic signal","No","Yes","Yes","51.04165908373436","-114.07148379670824","POINT (-114.07148379670824 51.04165908373436)","1","0415","1109001168"
"2016-12-15","OLD BANFF COACH ROAD"," 77 STREET","SW","Traffic signal","Yes","Yes","No","51.06701833173613","-114.19936183547148","POINT (-114.19936183547148 51.06701833173613)","1","0632","1109000544"
"1980-01-01"," 36 AVENUE","EDMONTON TRAIL","NE","Traffic signal","Yes","Yes","Yes","51.084972755447474","-114.05206789198995","POINT (-114.05206789198995 51.084972755447474)","1","0087","1109001402"
"1998-10-05","COUNTRY HILLS BOULEVARD","DEERFOOT TRAIL SB RAMP","NE","Traffic signal T intersection","No","No","No","51.154356571538194","-114.02056133973645","POINT (-114.02056133973645 51.154356571538194)","1","0934","1109001446"
"2017-12-21"," 3830","BRENTWOOD ROAD","NW","Pedestrian RRFB","Yes","No","No","51.08666091512633","-114.13020458082002","POINT (-114.13020458082002 51.08666091512633)","1","B2856","1110038959"
"1960-01-01"," 17 AVENUE"," 33 STREET","SW","Traffic signal","Yes","Yes","Yes","51.03781379296565","-114.13548240639487","POINT (-114.13548240639487 51.03781379296565)","1","0443","1109000721"
"2016-12-14","SILVER SPRINGS GATE","SILVERDALE DRIVE","NW","Pedestrian RRFB","Yes","No","No","51.10353915908135","-114.18641356227702","POINT (-114.18641356227702 51.10353915908135)","1","B2831","1110001165"
"1982-01-01"," 26 AVENUE"," 36 STREET","NE","Traffic signal","Yes","Yes","No","51.0778720841518","-113.98170481951036","POINT (-113.98170481951036 51.0778720841518)","1","0161","1109001690"
"1954-01-01","  7 AVENUE","  1 STREET","SE","Traffic signal","No","Yes","Yes","51.0464347520829","-114.0604854240496","POINT (-114.0604854240496 51.0464347520829)","1","0342","1109001324"
"2010-12-03","13417 "," 52 STREET ","SE","Traffic signal T intersection","Yes","Yes","Yes","50.92887711087784","-113.9580873908453","POINT (-113.9580873908453 50.92887711087784)","1","1064","1109536628"
"2004-12-06","100 AVENUE","BARLOW TRAIL","NE","Traffic signal","Yes","No","No","51.14338094533293","-114.00170704865302","POINT (-114.00170704865302 51.14338094533293)","1","0916","1109001496"
"2024-09-26","NA'A DRIVE","MEDICINE HILLS TOWN CENTRE","SW","Traffic signal","Yes","Yes","Yes","51.08010512744877","-114.1956514839075","POINT (-114.1956514839075 51.08010512744877)","1","0059","1110025848"
"2015-12-17","EVANSTON VIEW","SYMONS VALLEY PARKWAY","NW","Traffic signal T intersection","Yes","Yes","No","51.16808941002574","-114.12139719000639","POINT (-114.12139719000639 51.16808941002574)","1","1135","1109806012"
"1998-06-30","114 AVENUE","BARLOW TRAIL","SE","Traffic signal","Yes","Yes","No","50.95048704605488","-113.98142130424297","POINT (-113.98142130424297 50.95048704605488)","1","0851","1109001712"
"2000-04-04"," 71 AVENUE","BLACKFOOT TRAIL","SE","Traffic signal T intersection","No","No","No","50.98834510912845","-114.0535549679853","POINT (-114.0535549679853 50.98834510912845)","1","0609","1109001384"
"1989-10-13","BRENTWOOD ROAD","CROWCHILD TR RAMP/MALL ENT","NW","Traffic signal","Yes","No","No","51.08575880033654","-114.12832975657226","POINT (-114.12832975657226 51.08575880033654)","1","0098","1109000750"
"2020-08-18","BOW TRAIL","SARCEE TRAIL","SW","Pedestrian RRFB","Yes","No","No","51.05245162157174","-114.16456675480069","POINT (-114.16456675480069 51.05245162157174)","1","B2921","1110254721"
"1980-10-29","  9 AVENUE","  5 STREET","SW","Traffic signal","No","Yes","Yes","51.04489349969551","-114.07393834419182","POINT (-114.07393834419182 51.04489349969551)","1","0374","1109001117"
"2017-11-24"," 64 AVENUE"," 68 STREET","NE","Traffic signal","Yes","Yes","Yes","51.11063162452936","-113.93504989833097","POINT (-113.93504989833097 51.11063162452936)","1","1159","1110028122"
"1966-01-01"," 17 AVENUE","  5 STREET","SW","Traffic signal","No","Yes","Yes","51.03782776890077","-114.07418701826244","POINT (-114.07418701826244 51.03782776890077)","1","0453","1109001112"
"2009-06-06"," 53 AVENUE","MACLEOD TRAIL","SW","Traffic signal","Yes","Yes","No","51.00561322134093","-114.06980419625943","POINT (-114.06980419625943 51.00561322134093)","1","0481","1109001530"
"1980-11-01"," 75 AVENUE","CHURCHILL DRIVE","SW","Overhead Flasher","Yes","No","No","50.98571172924884","-114.09016950472216","POINT (-114.09016950472216 50.98571172924884)","1","B2651","1109000959"
"1956-01-01","  5 AVENUE","MACLEOD TRAIL","SE","Traffic signal","Yes","Yes","Yes","51.04824708623376","-114.05790252902683","POINT (-114.05790252902683 51.04824708623376)","1","0314","1109001353"
"1964-01-01","BOW TRAIL"," 37 STREET","SW","Traffic signal","Yes","Yes","Yes","51.04511668894475","-114.14118604481855","POINT (-114.14118604481855 51.04511668894475)","1","0366","1109000705"
"1998-04-30"," 76 AVENUE"," 52 STREET","SE","Traffic signal","Yes","No","No","50.98511058939865","-113.95843582894946","POINT (-113.95843582894946 50.98511058939865)","1","0879","1109001771"
"1988-09-12","  9 AVENUE","  6 STREET","SW","Traffic signal","No","Yes","No","51.04498218900313","-114.07638033326032","POINT (-114.07638033326032 51.04498218900313)","1","0373","1109001090"
"2004-12-02","130 AVENUE"," 50 STREET","SE","Traffic signal","Yes","No","No","50.931810142955534","-113.96201639782478","POINT (-113.96201639782478 50.931810142955534)","1","0857","1109001759"
"1998-10-13"," 12 AVENUE","  6 STREET","SW","Traffic signal","Yes","Yes","Yes","51.04179164783613","-114.07661242153391","POINT (-114.07661242153391 51.04179164783613)","1","0423","1109001081"
"2024-09-09"," 64 AVENUE","FALTON DRIVE/TARARIDGE DRIVE","NE","Traffic signal","Yes","Yes","Yes","51.11065979104024","-113.94059930436822","POINT (-113.94059930436822 51.11065979104024)","1","1266","1110364901"
"2021-05-04","ALDERSYDE GATE","LONGVIEW COMMON","SE","Traffic signal T intersection","Yes","Yes","Yes","50.864160885917826","-114.02988411839328","POINT (-114.02988411839328 50.864160885917826)","1","1212","1110083534"
"2004-04-07","SHAWVILLE GATE","BISHOP O'BYRNE HIGH SCHOOL","SE","1/2 signal","Yes","No","No","50.898606122359276","-114.06724144022365","POINT (-114.06724144022365 50.898606122359276)","1","0838","1109001239"
"2019-06-20"," 23 AVENUE","  5 STREET","SW","Pedestrian RRFB","Yes","No","No","51.03246655429386","-114.07387548583587","POINT (-114.07387548583587 51.03246655429386)","1","B0017","1110203132"
"2011-02-03","  4 STREET"," 18 AVENUE","SW","Overhead Flasher","Yes","No","No","51.03688871210126","-114.07153163027257","POINT (-114.07153163027257 51.03688871210126)","1","B2763","1109601452"
"1980-09-01","RUNDLEHORN DRIVE"," 40 STREET","NE","Overhead Flasher","Yes","No","No","51.07096669242202","-113.97467307903818","POINT (-113.97467307903818 51.07096669242202)","1","B2570","1109001730"
"1953-01-01","  8 AVENUE","  3 STREET","SW","Traffic signal","No","Yes","No","51.04574171347363","-114.07041235673019","POINT (-114.07041235673019 51.04574171347363)","1","0351","1109001188"
"1978-01-01"," 64 AVENUE","  4 STREET","NE","Traffic signal","No","Yes","No","51.110591000139735","-114.05692361322211","POINT (-114.05692361322211 51.110591000139735)","1","0024","1109001358"
"1966-01-01","BOW TRAIL"," 45 STREET","SW","Traffic signal","Yes","Yes","Yes","51.048819679830075","-114.15279687261095","POINT (-114.15279687261095 51.048819679830075)","1","0365","1109000664"
"1954-01-01","  6 AVENUE","CENTRE STREET","S","Traffic signal","No","Yes","Yes","51.047444436868915","-114.06286451684177","POINT (-114.06286451684177 51.047444436868915)","1","0327","1109001281"
"2004-06-24","FALCONRIDGE BOULEVARD","MARTINDALE BV/TARADALE DRIVE","NE","Traffic signal","Yes","No","No","51.114152620456565","-113.94674248116786","POINT (-113.94674248116786 51.114152620456565)","1","0899","1109001815"
"2008-04-07","FAIRMOUNT DRIVE","FARRELL ROAD","SE","Traffic signal","Yes","No","No","50.99205373163588","-114.06375828425284","POINT (-114.06375828425284 50.99205373163588)","1","0984","1109001269"
"1961-01-01","BOW TRAIL","SPRUCE DRIVE/33 STREET","SW","Traffic signal","Yes","Yes","Yes","51.04159538368479","-114.13545594691276","POINT (-114.13545594691276 51.04159538368479)","1","0367","1109000722"
"1985-01-01"," 16 AVENUE","BANFF TRAIL","NW","Traffic signal T intersection","Yes","Yes","Yes","51.06699543202661","-114.11269998500181","POINT (-114.11269998500181 51.06699543202661)","1","0790","1109000797"
"1981-01-01","MCKNIGHT BOULEVARD","FALCONRIDGE BV/ 52 STREET","NE","Traffic signal","Yes","Yes","Yes","51.09606923655003","-113.9583662350067","POINT (-113.9583662350067 51.09606923655003)","1","0060","1109001766"
"2020-05-15","COUNTRY VILLAGE WAY","NOTRE DAME HIGH SCHOOL ENTRANCE","NE","Pedestrian RRFB","Yes","No","No","51.156425514100455","-114.06668227211166","POINT (-114.06668227211166 51.156425514100455)","1","B0035","1110262495"
"2019-06-20"," 88 AVENUE","FAIRMOUNT DRIVE","SE","Pedestrian RRFB","Yes","No","No","50.97398600737512","-114.05954514437059","POINT (-114.05954514437059 50.97398600737512)","1","B0026","1110203141"
"2020-10-15"," 18 AVENUE","  2 STREET ","SW","Pedestrian RRFB","Yes","No","No","51.03713706375266","-114.06858318282659","POINT (-114.06858318282659 51.03713706375266)","1","B0016","1110203131"
"1973-01-01"," 90 AVENUE","MACLEOD TRAIL","S","Traffic signal","Yes","No","No","50.972246238840555","-114.07157010545127","POINT (-114.07157010545127 50.972246238840555)","1","0676","1109001135"
"1989-08-21"," 90 AVENUE","BONAVENTURE DRIVE","SE","Traffic signal","Yes","No","No","50.972250554198745","-114.0687146124191","POINT (-114.0687146124191 50.972250554198745)","1","0678","1109001215"
"1969-02-01","RICHMOND ROAD"," 22 STREET","SW","Overhead Flasher","Yes","No","No","51.03126049003806","-114.11366702779067","POINT (-114.11366702779067 51.03126049003806)","1","B2626","1109000795"
"2014-05-15"," 49 AVENUE","AVIATION BOULEVARD","NE","Traffic signal","Yes","No","Yes","51.097729376382695","-114.03289848363526","POINT (-114.03289848363526 51.097729376382695)","1","0997","1109753849"
"1963-01-01","NORTHMOUNT DRIVE"," 14 STREET","NW","Traffic signal","Yes","Yes","Yes","51.08303117483868","-114.09472592003331","POINT (-114.09472592003331 51.08303117483868)","1","0079","1109000946"
"1998-05-19","RIVERVALLEY DR/RIVERGLEN"," 18 STREET","SE","Traffic signal","Yes","No","No","50.97284490970995","-114.01573618807774","POINT (-114.01573618807774 50.97284490970995)","1","0687","1109001461"
"1966-01-01","MACLEOD TRAIL","SOUTHLAND DRIVE","S","Traffic signal","Yes","Yes","Yes","50.96500299540476","-114.07160810605174","POINT (-114.07160810605174 50.96500299540476)","1","0697","1109001140"
"2026-01-14","88 AVENUE","SADDLECREST BOULEVARD/SADDLELAND DR","NE","Traffic signal T intersection",,"Yes","Yes","51.13251601327677","-113.94089386665576","POINT (-113.94089386665576 51.13251601327677)","1","1316","1110405720"
"1980-01-01"," 68 AVENUE","ELBOW DRIVE","SW","Traffic signal","Yes","No","Yes","50.99238735615127","-114.0831883495135","POINT (-114.0831883495135 50.99238735615127)","1","0645","1109001020"
"2020-03-02"," 9100","BONAVENTURE DRIVE","SE","Overhead Flasher","Yes","No","No","50.97039833242797","-114.06876391593804","POINT (-114.06876391593804 50.97039833242797)","1","B0003","1110203117"
"2013-02-21","ASPENSHIRE DRIVE/STRATHLEA AVENUE"," 85 STREET","SW","Traffic signal","Yes","Yes","Yes","51.04880766263293","-114.21095709113199","POINT (-114.21095709113199 51.04880766263293)","1","1085","1109660679"
"2026-03-27","HAWKSBROW DRIVE/HAWKSBROW ROAD","HAWKWOOD BOULEVARD","NW","Pedestrian RRFB","Yes","No","No","51.124852085356494","-114.16726814628763","POINT (-114.16726814628763 51.124852085356494)","1","B0158","1110515429"
"1990-05-14","SUNRIDGE BLVD/MALL ENT"," 32 STREET","NE","Traffic signal","Yes","No","No","51.07581432494568","-113.98862666764074","POINT (-113.98862666764074 51.07581432494568)","1","0163","1109001668"
"2003-05-22","  7 AVENUE","  4 STREET","SE","Traffic signal","No","Yes","No","51.04619969154958","-114.05313677614251","POINT (-114.05313677614251 51.04619969154958)","1","0361","1109001392"
"1962-01-01"," 16 AVENUE"," 19 STREET","NE","Traffic signal","Yes","Yes","No","51.06694244622658","-114.0133883915014","POINT (-114.0133883915014 51.06694244622658)","1","0209","1109001467"
"1977-08-01","ACADIA DRIVE","120 AVENUE","SE","Overhead Flasher","Yes","No","No","50.94505070968985","-114.042491105149","POINT (-114.042491105149 50.94505070968985)","1","B2674","1109000890"
"1998-05-19"," 68 AVENUE/SMED LANE"," 52 STREET","SE","Traffic signal","Yes","No","No","50.99411767783354","-113.95853248677116","POINT (-113.95853248677116 50.99411767783354)","1","0877","1109001765"
"2016-08-02","QUEENSLAND CIRCLE","QUEENSLAND DRIVE","SE","Pedestrian RRFB","Yes","No","No","50.93973630744027","-114.02455368662342","POINT (-114.02455368662342 50.93973630744027)","1","B2832","1110001166"
"2022-04-27","COPPERFIELD BOULEVARD","COPPERPOND LI/COPPERSTONE BV","SE","Pedestrian RRFB","Yes","No","No","50.918254892213625","-113.92685053939037","POINT (-113.92685053939037 50.918254892213625)","1","B0061","1110325664"
"2017-12-18","KINCORA GLEN GREEN","KINCORA GLEN ROAD","NW","Pedestrian RRFB","Yes","No","No","51.16505867357774","-114.13545800152512","POINT (-114.13545800152512 51.16505867357774)","1","B2911","1110067627"
"2025-02-06","194 AVENUE","SHERIFF KING STREET","SW","Traffic signal T intersection","Yes","Yes","Yes","50.87761890356092","-114.07353097838353","POINT (-114.07353097838353 50.87761890356092)","1","1294","1109001930"
"2024-08-21","223","CASTLERIDGE BOULEVARD","NE","1/2 signal","Yes","Yes","Yes","51.10349742555191","-113.96903208920801","POINT (-113.96903208920801 51.10349742555191)","1","1290","1110406350"
"1969-01-01","NORTHMOUNT DRIVE","NORTHMOUNT CRESCENT","NW","Overhead Flasher","Yes","No","No","51.0998736254653","-114.07579969749817","POINT (-114.07579969749817 51.0998736254653)","1","B2533","1109001101"
"1990-08-30"," 40 AVENUE"," 36 STREET","NW","Traffic signal T intersection","Yes","Yes","Yes","51.08727515106685","-114.13886890337744","POINT (-114.13886890337744 51.08727515106685)","1","0117","1109000713"
"2018-07-26","UNIVERSITY AVENUE"," 39 STREET","NW","Traffic signal T intersection","Yes","Yes","Yes","51.07840613044379","-114.14482554573411","POINT (-114.14482554573411 51.07840613044379)","1","1165","1110063883"
"2017-09-29","EDGELAND RISE/EDGEPARK RISE","EDGEPARK BOULEVARD","NW","Pedestrian RRFB","Yes","No","No","51.13253965685746","-114.15818024158332","POINT (-114.15818024158332 51.13253965685746)","1","B2672","1110061922"
"2025-11-13","144 AVENUE","CARRINGVUE DRIVE/LUCAS WAY","NW","Pedestrian RRFB",,"No","No","51.18340312821623","-114.0799306565916","POINT (-114.0799306565916 51.18340312821623)","1","B0202-TEMP","1110582224"
"1963-01-01"," 20 AVENUE","EDMONTON TRAIL","NE","Traffic signal","Yes","Yes","Yes","51.0706233408189","-114.05613260421721","POINT (-114.05613260421721 51.0706233408189)","1","0185","1109001365"
"2018-12-12"," 76 AVENUE","OGDEN ROAD","SE","Traffic signal","Yes","Yes","Yes","50.98506126003526","-113.99878361040201","POINT (-113.99878361040201 50.98506126003526)","1","0736","1110004354"
"2015-01-15","SYMONS VALLEY PARKWAY","EVANSTONE DRIVE","NW","Traffic signal","Yes","Yes","Yes","51.17542785636362","-114.10733123993963","POINT (-114.10733123993963 51.17542785636362)","1","1109","1109717476"
"2009-12-14","162 AVENUE"," 24 STREET","SW","Traffic signal","Yes","Yes","Yes","50.906729285177995","-114.11713986255832","POINT (-114.11713986255832 50.906729285177995)","1","1018","1109244036"
"2004-07-27"," 64 AVENUE","MARTINDALE DRIVE/54 STREET","NE","Traffic signal","Yes","No","No","51.110623497690504","-113.95587203066141","POINT (-113.95587203066141 51.110623497690504)","1","0898","1109001800"
"2025-10-27","AUBURN BAY AVENUE","AUBURN BAY BV/AUBURN GLEN MR","SE","Pedestrian RRFB","Yes","No","No","50.897567017515875","-113.96176765490442","POINT (-113.96176765490442 50.897567017515875)","1","B0172","1110515712"
"2009-08-27"," 23 AVENUE","SUNRIDGE WAY","NE","Traffic signal","Yes","No","No","51.0718144566415","-113.99844468461802","POINT (-113.99844468461802 51.0718144566415)","1","0866","1109001638"
"2008-08-22","FISH CREEK BOULEVARD/MILLVIEW GT","JAMES McKEVITT ROAD","SW","Traffic signal","Yes","No","No","50.91763435476709","-114.10005336837051","POINT (-114.10005336837051 50.91763435476709)","1","1004","1109243378"
"2017-10-19","ZOO ROAD","ZOO ENTRANCE","NE","Overhead Flasher","Yes","No","No","51.04586697212162","-114.03534435026215","POINT (-114.03534435026215 51.04586697212162)","1","B2610","1110080035"
"2018-03-02","BARLOW TRAIL","STONEHILL GATE","NE","Traffic signal","Yes","No","No","51.15676853019579","-114.00166908155329","POINT (-114.00166908155329 51.15676853019579)","1","1060","1109407702"
"2024-12-11","16 AVENUE","46 STREET","NW","Traffic signal",,"Yes","Yes","51.07153270109207","-114.16276912763202","POINT (-114.16276912763202 51.07153270109207)","1","0869","1110417217"
"2018-09-25","MCLAURIN STREET","UNIVERSITY AVENUE","NW","Traffic signal","Yes","Yes","Yes","51.07754341330055","-114.14773617864698","POINT (-114.14773617864698 51.07754341330055)","1","1164","1110063884"
"2004-08-26","MOUNT ROYAL GATE","RICHARD ROAD","SW","Traffic signal","Yes","Yes","Yes","51.00870187327241","-114.12939518517497","POINT (-114.12939518517497 51.00870187327241)","1","0593","1109000740"
"1967-11-01","  4 STREET"," 25 AVENUE","NW","Overhead Flasher","Yes","No","No","51.07517332428759","-114.07156542493634","POINT (-114.07156542493634 51.07517332428759)","1","B2556","1109001158"
"2004-03-11","KLEYSEN WAY"," 84 STREET","SE","Traffic signal T intersection","No","No","No","51.00621907679937","-113.91191381780541","POINT (-113.91191381780541 51.00621907679937)","1","0827","1109001533"
"2000-08-23"," 90 AVENUE"," 52 STREET","SE","Traffic signal","Yes","No","No","50.97228997438302","-113.9584510862592","POINT (-113.9584510862592 50.97228997438302)","1","0686","1109001780"
"2012-11-19","SOMERSET GATE/SOMERVALE DRIVE","  6 STREET","SW","Traffic signal","Yes","No","Yes","50.899912213394536","-114.07527622212326","POINT (-114.07527622212326 50.899912213394536)","1","1088","1109693711"
"1969-02-01"," 26 AVENUE"," 22 STREET","SW","Overhead Flasher","Yes","No","No","51.030423735102936","-114.11439204937474","POINT (-114.11439204937474 51.030423735102936)","1","B2627","1109000792"
"1980-01-01","NORTH HAVEN DRIVE"," 14 STREET","NW","Traffic signal","Yes","Yes","No","51.09216467532207","-114.09473030269517","POINT (-114.09473030269517 51.09216467532207)","1","0029","1109000948"
"1956-01-01","  5 AVENUE","  1 STREET","SE","Traffic signal","No","Yes","Yes","51.048340950923304","-114.06038745558351","POINT (-114.06038745558351 51.048340950923304)","1","0313","1109001327"
"2000-11-15","CROWCHILD TRAIL","SHAGANAPPI TRAIL","NW","Traffic signal","Yes","No","No","51.09811362602181","-114.14822654159411","POINT (-114.14822654159411 51.09811362602181)","1","0802","1109000670"
"1959-01-01"," 20 AVENUE"," 14 STREET","NW","Traffic signal","Yes","No","No","51.070526878254846","-114.09473612348143","POINT (-114.09473612348143 51.070526878254846)","1","0181","1109000930"
"1969-04-01","KENSINGTON ROAD"," 12 STREET","NW","Overhead Flasher","Yes","No","No","51.05251352531171","-114.09173973038232","POINT (-114.09173973038232 51.05251352531171)","1","B2598","1109000954"
"1967-11-01","CENTRE STREET"," 36 AVENUE","N","Overhead Flasher","Yes","No","No","51.084976663509245","-114.06244436664839","POINT (-114.06244436664839 51.084976663509245)","1","B2558","1109001302"
"2024-11-08","JAMES McKEVITT ROAD","EVERGREEN STREET","SW","Traffic signal T intersection","Yes","Yes","Yes","50.92140934318473","-114.09482596201745","POINT (-114.09482596201745 50.92140934318473)","1","1285","1110379888"
"1986-01-01"," 46 AVENUE","MACLEOD TRAIL","SW","Traffic signal","Yes","Yes","Yes","51.01128558187598","-114.06656346963918","POINT (-114.06656346963918 51.01128558187598)","1","0574","1109001242"
"2001-08-14","SANDARAC DRIVE","SANDALWOOD GATE","NW","Overhead Flasher","Yes","No","No","51.13986975072724","-114.10430257275624","POINT (-114.10430257275624 51.13986975072724)","1","B2706","1109000832"
"1965-01-01","  6 AVENUE","  7 STREET","SW","Traffic signal","No","Yes","Yes","51.047893345544225","-114.07866697707301","POINT (-114.07866697707301 51.047893345544225)","1","0320","1109001066"
"2001-09-17","FALCONRIDGE DRIVE"," 68 STREET","NE","Traffic signal","Yes","No","No","51.10142954407738","-113.93510561614342","POINT (-113.93510561614342 51.10142954407738)","1","0900","1109001527"
"1983-01-01"," 25 AVENUE","SPILLER ROAD","SE","Traffic signal","Yes","No","No","51.029688750020725","-114.05000444620283","POINT (-114.05000444620283 51.029688750020725)","1","0500","1109000858"
"2001-12-05"," 16 AVENUE"," 17 STREET","NW","Traffic signal","No","No","No","51.066941585060334","-114.10208623277687","POINT (-114.10208623277687 51.066941585060334)","1","0788","1109000841"
"2024-09-27","144 AVENUE","SYMONS VALLEY ROAD","NW","Traffic signal","Yes","Yes","Yes","51.18321981539817","-114.13507225622641","POINT (-114.13507225622641 51.18321981539817)","1","1252","1110175295"
"1982-01-01","HERITAGE DRIVE"," 11 STREET","SE","Traffic signal","Yes","No","No","50.98720510951202","-114.03973795180997","POINT (-114.03973795180997 50.98720510951202)","1","0667","1109000906"
"1981-01-01"," 61 AVENUE","  1A STREET","SW","Traffic signal","Yes","Yes","Yes","50.9976841460236","-114.06762090990854","POINT (-114.06762090990854 50.9976841460236)","1","0622","1109001238"
"2024-03-07","SAVANNA CRESCENT","SAVANNA BOULEVARD","NE","Pedestrian RRFB","Yes","No","No","51.13503317457177","-113.94870859943222","POINT (-113.94870859943222 51.13503317457177)","1","B0088","1110392209"
"1972-01-01"," 46 AVENUE/RICHARDSON WAY"," 37 STREET","SW","Traffic signal","Yes","Yes","Yes","51.01245088579863","-114.1411534567695","POINT (-114.1411534567695 51.01245088579863)","1","0575","1109000693"
"1980-01-01"," 16 AVENUE"," 14 STREET NB RAMP","NW","Traffic signal","Yes","Yes","Yes","51.06689926647839","-114.09401634062223","POINT (-114.09401634062223 51.06689926647839)","1","0196","1109000922"
"2009-10-01"," 86 AVENUE"," 52 STREET","SE","Traffic signal","Yes","No","No","50.97542428975372","-113.95849477822159","POINT (-113.95849477822159 50.97542428975372)","1","0524","1109001786"
"2007-08-30"," 46 AVENUE"," 36 STREET","SE","Traffic signal","Yes","No","No","51.012641624013895","-113.97634369998781","POINT (-113.97634369998781 51.012641624013895)","1","0969","1109001720"
"1990-04-24"," 64 AVENUE","HUNTERHORN ROAD","NE","Traffic signal T intersection","Yes","Yes","No","51.110619853597306","-114.05291071683884","POINT (-114.05291071683884 51.110619853597306)","1","0026","1109001396"
"1966-01-01"," 12 AVENUE","  2 STREET","SW","Traffic signal","No","Yes","No","51.04157111304302","-114.06826097848908","POINT (-114.06826097848908 51.04157111304302)","1","0416","1109001220"
"2021-12-03","EVERRIDGE DRIVE","EVEROAK DRIVE/EVERRIDGE ROAD","SW","Pedestrian RRFB","Yes","No","No","50.91100238034904","-114.11318145855786","POINT (-114.11318145855786 50.91100238034904)","1","B0057","1110317243"
"2026-08-26","CHAPALA GATE/CHAPALINA TERRACE","CHAPARRAL DRIVE","SE","Pedestrian RRFB","Yes","No","No","50.87968155686349","-114.0375331813909","POINT (-114.0375331813909 50.87968155686349)","1","B0234","1110626606"
"2002-05-01"," 90 AVENUE"," 19 STREET","SW","Overhead Flasher","Yes","No","No","50.972221831624964","-114.10632741802502","POINT (-114.10632741802502 50.972221831624964)","1","B2701","1109000818"
"1957-01-01"," 30 AVENUE","ELBOW DRIVE","SW","Traffic signal T intersection","Yes","Yes","No","51.02638817767678","-114.0788184114624","POINT (-114.0788184114624 51.02638817767678)","1","0530","1109001062"
"2017-09-15","COUNTRY HILLS BOULEVARD","CITYSCAPE GATE/52 STREET","NE","Traffic signal","Yes","Yes","No","51.15425890016995","-113.95838108509707","POINT (-113.95838108509707 51.15425890016995)","1","1147","1109960225"
"1988-05-09"," 12 AVENUE","CENTRE STREET","S","Traffic signal","No","Yes","Yes","51.04143007021125","-114.06329842519048","POINT (-114.06329842519048 51.04143007021125)","1","0421","1109001276"
"2026-09-16"," 17 AVENUE","  9A STREET","SW","Traffic signal T intersection","No","Yes","Yes","51.037817739550654","-114.08566729920811","POINT (-114.08566729920811 51.037817739550654)","1","1312","1110046138"
"1953-01-01","  8 AVENUE","  1 STREET","SE","Traffic signal","No","Yes","Yes","51.04545891996145","-114.06056583225032","POINT (-114.06056583225032 51.04545891996145)","1","0355","1109001323"
"2022-07-21","SUNRIDGE WAY"," 34 STREET","NE","Traffic signal","Yes","Yes","Yes","51.06869145638945","-113.98607894219437","POINT (-113.98607894219437 51.06869145638945)","1","1243","1110008324"
"1989-06-14"," 27 AVENUE"," 19 STREET","NE","Traffic signal","Yes","No","No","51.07690205001096","-114.0116447387659","POINT (-114.0116447387659 51.07690205001096)","1","0158","1109001472"
"2016-12-12","EVERRIDGE DRIVE"," 24 STREET","SW","Pedestrian RRFB","Yes","No","No","50.91084649130486","-114.1170350041252","POINT (-114.1170350041252 50.91084649130486)","1","B2573","1110001153"
"1999-08-27"," 12 AVENUE"," 12 STREET","SW","Traffic signal","No","Yes","Yes","51.04221709537763","-114.09137908487266","POINT (-114.09137908487266 51.04221709537763)","1","0427","1109000957"
"2006-11-13","SHERWOOD S.C. DRIVE","SHERWOOD S.C. ROAD","NW","Traffic signal","Yes","No","No","51.157290179937725","-114.15995519337106","POINT (-114.15995519337106 51.157290179937725)","1","0957","1109000646"
"1962-01-01"," 17 AVENUE","BARLOW TRAIL/26 STREET","SE","Traffic signal","Yes","Yes","Yes","51.03752950052369","-113.99557673855037","POINT (-113.99557673855037 51.03752950052369)","1","0462","1109001643"
"2015-07-21","MARTINDALE DRIVE","SADDLETOWNE CIRCLE","NE","Traffic signal","Yes","Yes","No","51.12380124183057","-113.94788661177084","POINT (-113.94788661177084 51.12380124183057)","1","1134","1109806003"
"1951-01-01","  7 AVENUE","  4 STREET","SW","Traffic signal","No","Yes","Yes","51.04673941487157","-114.07150327873916","POINT (-114.07150327873916 51.04673941487157)","1","0337","1109001138"
"1972-01-01","HERITAGE DRIVE","HADDON ROAD","SW","Traffic signal T intersection","Yes","Yes","Yes","50.979545642559465","-114.07623020297409","POINT (-114.07623020297409 50.979545642559465)","1","0662","1109001092"
"2026-04-09","1 AVENUE","6A STREET","NE","Pedestrian RRFB","Yes","No","No","51.05326463606972","-114.04701444532154","POINT (-114.04701444532154 51.05326463606972)","1","B0095","1110403686"
"2025-02-14","128 AVENUE","REDSTONE BV/SKYVIEW RANCH BV","NE","Traffic signal","Yes","Yes","Yes","51.165367752574795","-113.95102171005699","POINT (-113.95102171005699 51.165367752574795)","1","0893","1110325597"
"2017-12-28","MARTINBROOK GATE","MARTINDALE BOULEVARD","NE","Pedestrian RRFB","Yes","No","No","51.11428634034504","-113.95541564190023","POINT (-113.95541564190023 51.11428634034504)","1","B2543","1110067753"
"1973-01-01"," 64 AVENUE","CENTRE STREET","N","Traffic signal","Yes","Yes","Yes","51.110606158478525","-114.06245033713209","POINT (-114.06245033713209 51.110606158478525)","1","0023","1109001308"
"2001-08-28","FALSHIRE DRIVE/CORAL SPRINGS BV"," 68 STREET","NE","Traffic signal","Yes","No","No","51.10793488568436","-113.93506853072505","POINT (-113.93506853072505 51.10793488568436)","1","0220","1109001520"
"2024-03-26","KENSINGTON ROAD","16 STREET","NW","Pedestrian RRFB","Yes","No","No","51.052505978029195","-114.09814499023071","POINT (-114.09814499023071 51.052505978029195)","1","B0093","1110417232"
"1989-11-09"," 16 AVENUE"," 14 STREET","SW","Traffic signal","No","Yes","No","51.03849574861387","-114.09472445111356","POINT (-114.09472445111356 51.03849574861387)","1","0436","1109000931"
"2010-06-14"," 16 AVENUE","  5 STREET","NE","Traffic signal","Yes","Yes","No","51.066914531133534","-114.0507953760442","POINT (-114.0507953760442 51.066914531133534)","1","0988","1109001584"
"2020-04-29","AUBURN MEADOWS DRIVE/MAHOGANY ROAD"," 52 STREET","SE","Traffic signal","Yes","Yes","Yes","50.89389785035907","-113.94265657374349","POINT (-113.94265657374349 50.89389785035907)","1","1190","1109987818"
"1954-01-01","  6 AVENUE","  3 STREET","SW","Traffic signal","No","Yes","Yes","51.04763745667578","-114.07023700468058","POINT (-114.07023700468058 51.04763745667578)","1","0324","1109001193"
"1967-01-01","BLACKFOOT TRAIL","HERITAGE DRIVE","SE","Traffic signal","Yes","Yes","Yes","50.98078243118014","-114.050000251053","POINT (-114.050000251053 50.98078243118014)","1","0666","1109000857"
"2019-10-08","  8 AVENUE","  4 STREET","SE","Traffic signal","No","Yes","Yes","51.04526175994005","-114.05320105886092","POINT (-114.05320105886092 51.04526175994005)","1","0591","1110193633"
"2003-01-22","McKENZIE LAKE BOULEVARD","McKENZIE LAKE WAY","SE","Traffic signal","Yes","Yes","Yes","50.90771559826119","-113.98728299881346","POINT (-113.98728299881346 50.90771559826119)","1","0880","1109001677"
"2017-05-25","ROCKY RIDGE CRESCENT/ROYAL OAK WAY","ROCKY RIDGE ROAD","NW","Pedestrian RRFB","Yes","No","No","51.148666314071185","-114.23422944632559","POINT (-114.23422944632559 51.148666314071185)","1","B2876","1110046499"
"1979-01-01"," 32 AVENUE"," 12 STREET","NE","Traffic signal T intersection","Yes","No","No","51.08146563295783","-114.02962850020589","POINT (-114.02962850020589 51.08146563295783)","1","0138","1109001428"
"2021-02-04"," 88 AVENUE"," 52 STREET","NE","Traffic signal","Yes","Yes","Yes","51.13249200433039","-113.95836616647829","POINT (-113.95836616647829 51.13249200433039)","1","1220","1110175433"
"1996-11-04","CROWFOOT RD/RANGE DR","NOSE HILL DRIVE","NW","Traffic signal","Yes","No","No","51.125976180813986","-114.19637908197943","POINT (-114.19637908197943 51.125976180813986)","1","0113","1109000573"
"2017-07-12","WOODBINE BOULEVARD","WOODFIELD WAY/WOODMONT DRIVE","SW","Pedestrian RRFB","Yes","No","No","50.9386661115449","-114.12835808849064","POINT (-114.12835808849064 50.9386661115449)","1","B2877","1110046500"
"2016-07-06","SHERIFF KING STREET","SILVERADO BOULEVARD","SW","Traffic signal","Yes","Yes","No","50.88683901600595","-114.07115940411573","POINT (-114.07115940411573 50.88683901600595)","1","1154","1109981125"
"1987-01-01"," 66 AVENUE"," 19 STREET","SE","Overhead Flasher","Yes","No","No","50.99412425301349","-114.01353285554761","POINT (-114.01353285554761 50.99412425301349)","1","B2644","1109001465"
"2024-03-13","STONEHILL GATE/STONEHILL PLACE","STONEHILL DRIVE","NE","Traffic signal","Yes","Yes","Yes","51.156771032760076","-114.00655644755602","POINT (-114.00655644755602 51.156771032760076)","1","1155","1109992281"
"1991-01-21","  3 AVENUE","  4 STREET","SW","Traffic signal","No","Yes","No","51.050531923799916","-114.07152597928349","POINT (-114.07152597928349 51.050531923799916)","1","0254","1109001160"
"1998-06-28"," 16 AVENUE WB RAMP","SARCEE TRAIL","NW","Traffic signal","No","No","No","51.08145818262745","-114.18909042545387","POINT (-114.18909042545387 51.08145818262745)","1","0187","1109000585"
"1981-01-01"," 16 AVENUE"," 68 STREET","NE","Traffic signal","Yes","Yes","No","51.06697317408672","-113.93515605677298","POINT (-113.93515605677298 51.06697317408672)","1","0212","1109001518"
"1987-08-17","PEIGAN TRAIL"," 36 STREET","SE","Traffic signal","Yes","No","No","51.014969270532895","-113.97707805116853","POINT (-113.97707805116853 51.014969270532895)","1","0578","1109001715"
"2010-09-07","CANYON MEADOWS DRIVE","LAKE LUCERNE RD/PARK ESTATES DR","SE","Overhead Flasher","Yes","No","No","50.929278598927915","-114.04518302425004","POINT (-114.04518302425004 50.929278598927915)","1","B2762","1109551039"
"2006-04-03"," 39 AVENUE"," 34 STREET","NE","Traffic signal","Yes","No","No","51.08883102975548","-113.98551170342935","POINT (-113.98551170342935 51.08883102975548)","1","0937","1109001673"
"1980-01-01","JOHN LAURIE BOULEVARD"," 53 STREET/EDGEMONT DRIVE","NW","Traffic signal","Yes","Yes","No","51.11517744981787","-114.15446310984126","POINT (-114.15446310984126 51.11517744981787)","1","0044","1109000661"
"1974-01-01","ANDERSON ROAD","BONAVENTURE DRIVE","SE","Traffic signal","Yes","Yes","Yes","50.9492090155803","-114.06011336814363","POINT (-114.06011336814363 50.9492090155803)","1","0725","1109001332"
"2021-11-22"," 24 AVENUE"," 22 STREET","NW","Pedestrian RRFB","Yes","No","No","51.07427707415205","-114.11294636340381","POINT (-114.11294636340381 51.07427707415205)","1","B0037","1110263578"
"2019-03-15","  8 AVENUE"," 12 STREET","SE","Traffic signal","Yes","Yes","Yes","51.04203597000951","-114.03358440828026","POINT (-114.03358440828026 51.04203597000951)","1","0096","1110038958"
"2008-12-10"," 36 STREET"," 16 AVENUE","SE","Overhead Flasher","Yes","No","No","51.03935067472689","-113.98159869170719","POINT (-113.98159869170719 51.03935067472689)","1","B2738","1109001939"
"2010-03-01","COUNTRY HILLS BOULEVARD","ROCKY RIDGE ROAD","NW","Traffic signal","Yes","Yes","Yes","51.15410311341931","-114.23419867129769","POINT (-114.23419867129769 51.15410311341931)","1","1048","1109400621"
"1956-01-01","  9 AVENUE","  1 STREET","SE","Traffic signal","Yes","Yes","Yes","51.04454193077667","-114.06063593935717","POINT (-114.06063593935717 51.04454193077667)","1","0379","1109001321"
"2026-02-05","210 AVENUE","LEGACY VILLAGE LINK","SE","Pedestrian RRFB","Yes","No","No","50.86392792346806","-114.02546171312919","POINT (-114.02546171312919 50.86392792346806)","1","B0177","1110517402"
"2025-03-19"," 61 AVENUE"," 44 STREET","SE","Traffic signal","Yes","Yes","Yes","50.99899317744088","-113.97013367429456","POINT (-113.97013367429456 50.99899317744088)","1","1208","1110262490"
"2008-06-27","QUARRY PARK BOULEVARD"," 18 STREET","SE","Traffic signal","Yes","No","No","50.96343311007098","-114.01212883638664","POINT (-114.01212883638664 50.96343311007098)","1","0533","1109001471"
"1974-01-01","MEMORIAL DRIVE EASTBOUND","CENTRE STREET CONNECTOR","N","Traffic signal","No","No","No","51.053777604368335","-114.06251312260295","POINT (-114.06251312260295 51.053777604368335)","1","0264","1109001291"
"2014-08-14","MOUNT ROYAL GATE","PEACEKEEPERS GATE/WESTMOUNT WAY","SW","Traffic signal","Yes","Yes","Yes","51.00874081767929","-114.12536373398662","POINT (-114.12536373398662 51.00874081767929)","1","1100","1109553489"
"2024-04-02","MIDLAKE BOULEVARD","6 STREET","SE","Pedestrian RRFB","Yes","No","No","50.91191569368258","-114.04782189122946","POINT (-114.04782189122946 50.91191569368258)","1","B0109","1110433850"
"1982-09-01"," 64 AVENUE","TRAVOIS CRESCENT","NW","Overhead Flasher","Yes",,"No","51.1106205459695","-114.06884819837651","POINT (-114.06884819837651 51.1106205459695)","1","B2515","1109001216"
"2019-01-15","NOLAN HILL GATE/SAGE VALLEY DRIVE","SHAGANAPPI TRAIL","NW","Traffic signal","Yes","Yes","Yes","51.18004053331132","-114.1601310148096","POINT (-114.1601310148096 51.18004053331132)","1","1082","1109945158"
"1986-09-16"," 12 AVENUE","  7 STREET","SW","Traffic signal","Yes","Yes","Yes","51.04186995120856","-114.07907030857815","POINT (-114.07907030857815 51.04186995120856)","1","0410","1109001059"
"2022-07-06"," 20 AVENUE","  4 STREET","SW","Traffic signal","No","Yes","Yes","51.035240896743275","-114.07150953031878","POINT (-114.07150953031878 51.035240896743275)","1","1210","1110262492"
"2016-04-14","  101","CROWFOOT WAY","NW","Overhead Flasher","Yes","No","No","51.12473232021074","-114.20500143889012","POINT (-114.20500143889012 51.12473232021074)","1","B2815","1109959832"
"2010-11-16","  9 AVENUE","  6 STREET","SE","Traffic signal T intersection","No","Yes","Yes","51.04408051446817","-114.04835887096736","POINT (-114.04835887096736 51.04408051446817)","1","1026","1109001929"
"2014-03-13","210 AVENUE","MACLEOD TRAIL","SE","Traffic signal","No","No","No","50.86655901503969","-114.03810267137203","POINT (-114.03810267137203 50.86655901503969)","1","0818","1109001444"
"2006-07-19","COVENTRY HILLS DR/PANATELLA BV","HARVEST HILLS BOULEVARD","N","Traffic signal","Yes","No","No","51.1642964528392","-114.07042930762596","POINT (-114.07042930762596 51.1642964528392)","1","0945","1109001187"
"2010-06-07","McKNIGHT BOULEVARD","DEERFOOT TRAIL","NE","1/4 signal","No","No","No","51.096107065198495","-114.03894608500009","POINT (-114.03894608500009 51.096107065198495)","1","0119","1109000908"
"2005-11-01"," 17 AVENUE"," 73 STREET","SW","Traffic signal","Yes","Yes","No","51.03776306923549","-114.19348775236467","POINT (-114.19348775236467 51.03776306923549)","1","0552","1109000577"
"1976-01-01"," 34 AVENUE/MARKET MALL ENTRANCE"," 49 STREET","NW","Traffic signal","Yes","Yes","Yes","51.08310616368891","-114.15833829078967","POINT (-114.15833829078967 51.08310616368891)","1","0123","1109000651"
"1976-04-01"," 41 AVENUE"," 37 STREET","SW","Overhead Flasher","Yes","No","No","51.01768694630494","-114.14116534141249","POINT (-114.14116534141249 51.01768694630494)","1","B2636","1109000692"
"1976-08-01","CENTRE STREET","TACHE AVENUE","N","Overhead Flasher","Yes","No","No","51.10799971412943","-114.06247327274038","POINT (-114.06247327274038 51.10799971412943)","1","B2519","1109001307"
"2024-11-08","PANAMOUNT BOULEVARD","PANAMOUNT STREET","NW","Pedestrian RRFB","Yes","No","No","51.15672441435306","-114.08650371512587","POINT (-114.08650371512587 51.15672441435306)","1","B0112","1110433901"
"1980-01-01"," 54 AVENUE","CENTRE STREET","N","Overhead Flasher","Yes","No","No","51.09978159692578","-114.06245779181393","POINT (-114.06245779181393 51.09978159692578)","1","B2537","1109001304"
"1960-01-01","  6 AVENUE","  6 STREET","SW","Traffic signal","No","Yes","Yes","51.0478230809092","-114.07617108178691","POINT (-114.07617108178691 51.0478230809092)","1","0321","1109001097"
"1988-07-18"," 76 AVENUE","BARLOW TRAIL","SE","Traffic signal T intersection","Yes","No","No","50.98510683328622","-113.98181251750033","POINT (-113.98181251750033 50.98510683328622)","1","0659","1109001682"
"2010-07-22","FISH CREEK BOULEVARD","EVERCREEK BLUFFS GT/EVERRIDGE DR","SW","Traffic signal","Yes","Yes","Yes","50.921325762302445","-114.12330352279297","POINT (-114.12330352279297 50.921325762302445)","1","1005","1109243381"
"2017-08-12","162 AVENUE","MACLEOD TRAIL","SE","Traffic signal T intersection","Yes","Yes","Yes","50.90465217546755","-114.06337377902346","POINT (-114.06337377902346 50.90465217546755)","1","1150","1109965637"
"1980-11-01","MIDLAKE BOULEVARD","MIDPARK RISE/MIDRIDGE ROAD","SE","Overhead Flasher","Yes","No","No","50.91601263136321","-114.05596959856301","POINT (-114.05596959856301 50.91601263136321)","1","B2682","1109001364"
"1969-01-01","FYFFE ROAD","FAIRMOUNT DRIVE","SE","Overhead Flasher","Yes","No","No","50.984975840383484","-114.06025922048192","POINT (-114.06025922048192 50.984975840383484)","1","B2652","1109001328"
"1998-10-14"," 50 AVENUE","OGDEN ROAD","SE","Traffic signal T intersection","Yes","No","No","51.00629030715641","-114.01183910784452","POINT (-114.01183910784452 51.00629030715641)","1","0588","1109001476"
"2017-12-20"," 37 AVENUE","TEMPLE DRIVE","NE","Pedestrian RRFB","Yes","No","No","51.08645393655638","-113.93923356416825","POINT (-113.93923356416825 51.08645393655638)","1","B2709","1110061938"
"2018-04-17"," 52 STREET","WHITEHORN DRIVE","NE","1/2 signal","Yes","Yes","Yes","51.08860342332076","-113.95839779503264","POINT (-113.95839779503264 51.08860342332076)","1","0033","1109759185"
"2003-03-27","BEDDINGTON TRAIL","HIDDEN VALLEY LINK/HIDDEN CREEK","NW","Traffic signal","Yes","Yes","Yes","51.153652994207214","-114.10596272345728","POINT (-114.10596272345728 51.153652994207214)","1","0243","1109000828"
"2017-06-14","MOUNT DOUGLAS CLOSE","MOUNT MCKENZIE DRIVE","SE","Pedestrian RRFB","Yes","No","No","50.92305931446045","-113.98133633852396","POINT (-113.98133633852396 50.92305931446045)","1","B2872","1110038984"
"2025-01-13","  1 AVENUE","  9 STREET","NE","Pedestrian RRFB","Yes","No","No","51.05323547019993","-114.04037361567228","POINT (-114.04037361567228 51.05323547019993)","1","B0097","1109000903"
"1969-01-01"," 75 AVENUE"," 14 STREET","SW","Traffic signal","No","No","No","50.98813100666187","-114.09480325796109","POINT (-114.09480325796109 50.98813100666187)","1","0654","1109000929"
"2026-04-16","MAHOGANY BOULEVARD","MAHOGANY GATE","SE","Pedestrian RRFB","Yes","No","No","50.899518767591424","-113.93749380551286","POINT (-113.93749380551286 50.899518767591424)","1","B0199","1110582109"
"2004-09-17","HERITAGE MEADOWS WAY"," 11 STREET","SE","Traffic signal","Yes","No","No","50.98421072191572","-114.0419571595398","POINT (-114.0419571595398 50.98421072191572)","1","0840","1109000894"
"2007-04-12"," 84 AVENUE","BONAVENTURE DRIVE","SE","Overhead Flasher","Yes","No","No","50.97775712886218","-114.06854235124553","POINT (-114.06854235124553 50.97775712886218)","1","B2743","1109001936"
"1987-11-26"," 32 AVENUE"," 27 STREET","NE","Traffic signal","Yes","Yes","Yes","51.08147826216005","-113.99481929267554","POINT (-113.99481929267554 51.08147826216005)","1","0146","1109001644"
"2005-04-18","CHAPARRAL BOULEVARD","CHAPARRAL DR/CHAPARRAL RIDGE D","SE","Traffic signal","Yes","Yes","Yes","50.88584812360691","-114.02471478219807","POINT (-114.02471478219807 50.88584812360691)","1","0839","1109001442"
"2015-12-29","SADDLETOWNE CIRCLE","TARAVISTA DRIVE","NE","Pedestrian RRFB","Yes","No","No","51.12175352972982","-113.94465884333111","POINT (-113.94465884333111 51.12175352972982)","1","B2799","1109791925"
"1981-01-01"," 46 AVENUE"," 11 STREET/12 STREET","SE","Traffic signal","Yes","Yes","No","51.01176647820226","-114.03595404947599","POINT (-114.03595404947599 51.01176647820226)","1","0577","1109001408"
"2024-12-12","EVANSTON DRIVE","SYMONS VALLEY PARKWAY","NW","Traffic signal T intersection","Yes","Yes","Yes","51.178268536200505","-114.10520301041291","POINT (-114.10520301041291 51.178268536200505)","1","1217","1110175292"
"1989-07-13","  8 AVENUE/ABBEYDALE DRIVE"," 68 STREET","NE","Traffic signal","Yes","No","No","51.05964361178916","-113.93510892516706","POINT (-113.93510892516706 51.05964361178916)","1","0230","1109001517"
"1970-10-01"," 40 AVENUE"," 40 STREET","NW","Overhead Flasher","Yes","No","No","51.08828207483928","-114.14734053871553","POINT (-114.14734053871553 51.08828207483928)","1","B2525","1109000676"
"2021-09-29","EVERBROOK DRIVE","FISH CREEK BOULEVARD","SW","Overhead Flasher","Yes","No","No","50.92135384289185","-114.11520447013548","POINT (-114.11520447013548 50.92135384289185)","1","B0046","1110280697"
"1999-12-02","CHINOOK CENTRE","  5 STREET","SW","Traffic signal T intersection","Yes","No","No","50.99956111207414","-114.07624651338253","POINT (-114.07624651338253 50.99956111207414)","1","0608","1109001091"
"2000-05-15"," 32 AVENUE"," 15A STREET","NE","Traffic signal T intersection","Yes","No","No","51.08145805587885","-114.02082355581695","POINT (-114.02082355581695 51.08145805587885)","1","0151","1109001447"
"2019-03-27","CRANSTON GATE","CRANSTON ROUNDABOUT","SE","Pedestrian RRFB","Yes","No","No","50.86813717835383","-113.96919392428094","POINT (-113.96919392428094 50.86813717835383)","1","B2697","1110173060"
"1979-12-01","ACADIA DRIVE","WILLOW PARK DRIVE","SE","Overhead Flasher","Yes","No","No","50.95998304684262","-114.04412083773231","POINT (-114.04412083773231 50.95998304684262)","1","B2667","1109000884"
"2003-06-19","SHAWNESSY BOULEVARD","SHAWINIGAN DRIVE","SW","Traffic signal T intersection","Yes","Yes","Yes","50.914045009447705","-114.08936258117495","POINT (-114.08936258117495 50.914045009447705)","1","0834","1109000963"
"1967-01-01"," 10 AVENUE","  8 STREET","SW","Traffic signal","Yes","Yes","Yes","51.04383711573286","-114.08138383481398","POINT (-114.08138383481398 51.04383711573286)","1","0391","1109001045"
"2013-10-17","McKENZIE TOWNE AVENUE"," 52 STREET","SE","Traffic signal T intersection","Yes","Yes","No","50.916400757046475","-113.95758181970353","POINT (-113.95758181970353 50.916400757046475)","1","1101","1109409544"
"2017-04-12","BRIDLERIDGE WAY","BRIDLEWOOD ROAD","SW","Pedestrian RRFB","Yes","No","No","50.902068514860964","-114.10919943838252","POINT (-114.10919943838252 50.902068514860964)","1","B2865","1110038973"
"1982-01-01"," 33 AVENUE","CROWCHILD TRAIL SB RAMP","SW","Traffic signal","Yes","Yes","No","51.02399449961298","-114.11848902607966","POINT (-114.11848902607966 51.02399449961298)","1","0545","1109000767"
"2001-09-17"," 53 AVENUE/AVIATION PARK"," 11 STREET","NE","Traffic signal","Yes","Yes","No","51.10009028949854","-114.03643656489817","POINT (-114.03643656489817 51.10009028949854)","1","0777","1109000918"
"1990-11-05","BLACKFOOT TRAIL","HIGHFIELD ROAD","SE","Traffic signal","Yes","No","No","51.02087540888765","-114.04782798493366","POINT (-114.04782798493366 51.02087540888765)","1","0554","1109000869"
"1974-01-01","109 AVENUE/ANDERSON LRT","MACLEOD TRAIL","S","Traffic signal","Yes","Yes","No","50.95557261829578","-114.07162207895314","POINT (-114.07162207895314 50.95557261829578)","1","0706","1109001136"
"1962-01-01","  7 AVENUE","  6 STREET","SW","Traffic signal","No","Yes","Yes","51.046888103430874","-114.0762408547784","POINT (-114.0762408547784 51.046888103430874)","1","0335","1109001096"
"1954-01-01","  6 AVENUE","  4 STREET","SW","Traffic signal","No","Yes","No","51.04769451818346","-114.07150741614946","POINT (-114.07150741614946 51.04769451818346)","1","0323","1109001149"
"2026-05-19","HUNTERCREST ROAD","HUNTERVIEW DRIVE","NW","Pedestrian RRFB","Yes","No","No","51.112951295382416","-114.0798608995191","POINT (-114.0798608995191 51.112951295382416)","1","B0150","1110515415"
"1979-01-01"," 32 AVENUE"," 52 STREET","NE","Traffic signal","Yes","No","No","51.08151591817079","-113.95838304381209","POINT (-113.95838304381209 51.08151591817079)","1","0145","1109001773"
"1968-01-01"," 38 AVENUE","ELBOW DRIVE","SW","Traffic signal","Yes","Yes","No","51.020106580373366","-114.07783602744288","POINT (-114.07783602744288 51.020106580373366)","1","0555","1109001072"
"2013-10-09","AUBURN BAY DRIVE/MAHOGANY GATE"," 52 STREET","SE","Traffic signal","Yes","Yes","Yes","50.8994754975049","-113.94450546411127","POINT (-113.94450546411127 50.8994754975049)","1","1055","1109413135"
"1997-12-04","  4 STREET"," 19 AVENUE","SW","Overhead Flasher","Yes","No","No","51.03600603293008","-114.07151866246507","POINT (-114.07151866246507 51.03600603293008)","1","B2623","1109001159"
"2007-10-10","SYMONS VALLEY ROAD","CREEKSIDE S.C.","NW","Traffic signal T intersection","Yes","No","No","51.16312187194434","-114.12769433199514","POINT (-114.12769433199514 51.16312187194434)","1","0959","1109000751"
"2000-03-24","COUNTRY HILLS BOULEVARD","PANORAMA HILLS BOULEVARD","NW","Traffic signal","Yes","No","No","51.148552870082796","-114.07361296724687","POINT (-114.07361296724687 51.148552870082796)","1","0928","1109001127"
"2011-08-30","QUARRY PARK BOULEVARD","QUARRY PARK ROAD","SE","Traffic signal","Yes","No","No","50.96342154837336","-114.00720650293627","POINT (-114.00720650293627 50.96342154837336)","1","1029","1109001946"
"2026-02-06","HEIRLOOM BV/MAGNOLIA ST","RANGEVIEW BOULEVARD","SE","Traffic signal",,"Yes","Yes","50.884869194600704","-113.91778199450044","POINT (-113.91778199450044 50.884869194600704)","1","1319","1110423928"
"2018-01-31","AUBURN BAY BOULEVARD","AUBURN BAY GATE","SE","Traffic signal T intersection","Yes","Yes","Yes","50.884944102889406","-113.95869284313329","POINT (-113.95869284313329 50.884944102889406)","1","1062","1110060182"
"1981-02-01","BOWNESS ROAD"," 33 AVENUE","NW","Overhead Flasher","Yes","No","No","51.08238020320419","-114.17329045085856","POINT (-114.17329045085856 51.08238020320419)","1","B2547","1109000607"
"2017-05-02","HERITAGE DRIVE","  5 STREET","SW","Pedestrian RRFB","Yes","No","No","50.97956970998453","-114.07912376930446","POINT (-114.07912376930446 50.97956970998453)","1","B2834","1110001168"
"1992-12-12","EDGEMONT BOULEVARD","EDGEBROOK DR/EDENWOLD DR","NW","Traffic signal","Yes","Yes","Yes","51.12774804462512","-114.13856943210884","POINT (-114.13856943210884 51.12774804462512)","1","0046","1109000714"
"2008-08-12"," 50 AVENUE","  5 STREET","SW","Traffic signal","Yes","Yes","Yes","51.00873770685548","-114.07641974764755","POINT (-114.07641974764755 51.00873770685548)","1","1012","1109243242"
"1980-03-13"," 26 AVENUE"," 52 STREET","NE","Traffic signal","Yes","Yes","Yes","51.07626861121187","-113.95840390926358","POINT (-113.95840390926358 51.07626861121187)","1","0162","1109001772"
"1990-05-01"," 3719"," 49 STREET","NW","Overhead Flasher","Yes","No","No","51.08635961815238","-114.1589346090842","POINT (-114.1589346090842 51.08635961815238)","1","B2511","1109000648"
"2015-01-21","BOWNESS ROAD"," 79 STREET","NW","Pedestrian RRFB","Yes","No","No","51.088952316190635","-114.20149244448466","POINT (-114.20149244448466 51.088952316190635)","1","B2798","1109791923"
"1990-06-11","CASTLERIDGE DRIVE/FALSHIRE DRIVE","FALCONRIDGE BOULEVARD","NE","Traffic signal","Yes","No","No","51.10664435187994","-113.94981967851072","POINT (-113.94981967851072 51.10664435187994)","1","0038","1109001810"
"1978-01-01","RICHMOND ROAD"," 45 STREET","SW","Traffic signal","Yes","Yes","Yes","51.018913308679146","-114.15279745934733","POINT (-114.15279745934733 51.018913308679146)","1","0542","1109000665"
"2007-08-01"," 32 AVENUE"," 37 STREET","NW","Overhead Flasher","Yes","No","No","51.08147858054098","-114.14133590938714","POINT (-114.14133590938714 51.08147858054098)","1","B2754","1109001944"
"2019-08-01"," 24 AVENUE","UPTON PLACE","NW","Pedestrian RRFB","Yes","No","No","51.07435326752402","-114.13555417910248","POINT (-114.13555417910248 51.07435326752402)","1","B0028","1110203143"
"2001-09-10","CROWFOOT WAY","CROWFOOT CRES/CROWFOOT CIR","NW","Traffic signal","Yes","No","Yes","51.12559607012854","-114.20704002629924","POINT (-114.20704002629924 51.12559607012854)","1","0126","1109000555"
"1968-10-01","SIFTON BOULEVARD","  8 STREET","SW","Overhead Flasher","Yes","No","No","51.019257524629424","-114.08364975395698","POINT (-114.08364975395698 51.019257524629424)","1","B2637","1109001010"
"2007-01-18","ERIN WOODS DRIVE"," 52 STREET ","SE","Traffic signal T intersection","Yes","No","No","51.019058524458046","-113.95839704296357","POINT (-113.95839704296357 51.019058524458046)","1","0886","1109000897"
"1968-11-01"," 66 AVENUE","LAKEVIEW DRIVE/LINDEN DRIVE","SW","Overhead Flasher","Yes","No","No","50.99457205992245","-114.13183979586078","POINT (-114.13183979586078 50.99457205992245)","1","B2640","1109000731"
"1989-05-09","MIDLAKE BOULEVARD/SUNMILLS DRIVE","SUN VALLEY BOULEVARD","SE","Traffic signal","Yes","No","No","50.90660532828363","-114.04738647217677","POINT (-114.04738647217677 50.90660532828363)","1","0762","1109000873"
"2001-10-05","RICHMOND ROAD"," 48 STREET","SW","Traffic signal T intersection","Yes","No","No","51.018368811873515","-114.15669628324262","POINT (-114.15669628324262 51.018368811873515)","1","0541","1109000653"
"1952-01-01"," 16 AVENUE","CENTRE STREET","N","Traffic signal","No","Yes","No","51.06697927966196","-114.06250575273359","POINT (-114.06250575273359 51.06697927966196)","1","0201","1109001300"
"2009-06-08","ROYAL BIRCH BOULEVARD","ROYAL OAK WAY","NW","Traffic signal","Yes","Yes","Yes","51.148864959272544","-114.2158975753555","POINT (-114.2158975753555 51.148864959272544)","1","1037","1109001884"
"2012-09-27"," 94 AVENUE"," 52 STREET","SE","Traffic signal","Yes","No","Yes","50.968623862991336","-113.95848662581517","POINT (-113.95848662581517 50.968623862991336)","1","1076","1109001902"
"2020-10-29"," 58 AVENUE","  2 STREET","SE","Traffic signal","Yes","Yes","Yes","51.00138202649042","-114.06001174974715","POINT (-114.06001174974715 51.00138202649042)","1","1201","1110218845"
"2022-06-04","AIRPORT TRAIL","BARLOW TRAIL","NE","Traffic signal","No","Yes","Yes","51.13854546373178","-114.0016737701135","POINT (-114.0016737701135 51.13854546373178)","1","1198","1110218525"
"2022-11-01","CHARLESWOOD DRIVE","JOHN LAURIE BOULEVARD","NW","Traffic signal T intersection","No","No","No","51.09685368263923","-114.11654473341476","POINT (-114.11654473341476 51.09685368263923)","1","1231","1110271714"
"2019-03-21","RIVERFRONT AVENUE","  1 STREET","SW","Traffic signal T intersection","Yes","Yes","Yes","51.05226766571009","-114.06500152511681","POINT (-114.06500152511681 51.05226766571009)","1","0103","1110000892"
"2012-11-14","  7 AVENUE"," 10 STREET","SW","Traffic signal","Yes","Yes","Yes","51.04716069474149","-114.08607372347983","POINT (-114.08607372347983 51.04716069474149)","1","1073","1109595320"
"2017-04-12","KENSINGTON ROAD"," 23 STREET","NW","Pedestrian RRFB","Yes","No","No","51.0524895580262","-114.11546001102514","POINT (-114.11546001102514 51.0524895580262)","1","B2852","1110038955"
"1967-11-01"," 19 STREET"," 22 AVENUE","NW","Overhead Flasher","Yes","No","No","51.07238614755317","-114.10629550810881","POINT (-114.10629550810881 51.07238614755317)","1","B2553","1109000822"
"2016-12-21","BOWNESS ROAD"," 64 STREET","NW","Pedestrian RRFB","Yes","No","No","51.08651980198847","-114.18180408396144","POINT (-114.18180408396144 51.08651980198847)","1","B2818","1109986458"
"1955-01-01"," 16 AVENUE","  6 STREET","NW","Traffic signal T intersection","Yes","Yes","No","51.06691613083526","-114.07645922848903","POINT (-114.07645922848903 51.06691613083526)","1","0199","1109001089"
"1991-02-12","GLENMORE TRAIL"," 52 STREET","SE","Traffic signal","Yes","No","No","50.979564539899876","-113.95848784885148","POINT (-113.95848784885148 50.979564539899876)","1","0641","1109001787"
"1993-04-01"," 32 AVENUE"," 68 STREET","NE","Traffic signal","Yes","Yes","Yes","51.08152787928409","-113.93512567056467","POINT (-113.93512567056467 51.08152787928409)","1","0147","1109001522"
"2017-12-15","AMIENS ROAD","FLANDERS AVENUE","SW","Pedestrian RRFB","Yes","No","No","51.01605425220528","-114.11479435996327","POINT (-114.11479435996327 51.01605425220528)","1","B2863","1110067622"
"1956-01-01","  7 AVENUE","  5 STREET","SW","Traffic signal","No","Yes","Yes","51.046817741940885","-114.07381632341159","POINT (-114.07381632341159 51.046817741940885)","1","0336","1109001120"
"2001-08-14","DOUGLASDALE BOULEVARD","DOUGLASVIEW BOULEVARD","SE","Overhead Flasher","Yes","No","No","50.9407415771387","-113.99113499934647","POINT (-113.99113499934647 50.9407415771387)","1","B2704","1109001657"
"1988-11-07"," 20 AVENUE"," 34 STREET","NE","Traffic signal","Yes","Yes","Yes","51.07131912974651","-113.9854600966982","POINT (-113.9854600966982 51.07131912974651)","1","0169","1109001675"
"1956-01-01"," 25 AVENUE","MACLEOD TRAIL","S","Traffic signal","Yes","Yes","Yes","51.03049157009962","-114.05967215335222","POINT (-114.05967215335222 51.03049157009962)","1","0498","1109001339"
"1956-01-01"," 10 AVENUE","  1 STREET","SW","Traffic signal","No","Yes","No","51.043380400253774","-114.06565776439783","POINT (-114.06565776439783 51.043380400253774)","1","0395","1109001250"
"2012-12-07","114 AVENUE"," 84 STREET","SE","Traffic signal T intersection","Yes","No","No","50.94759522244682","-113.91193657251598","POINT (-113.91193657251598 50.94759522244682)","1","1001","1109001569"
"2003-06-20"," 50 AVENUE","  1A STREET","SE","Traffic signal T intersection","Yes","No","No","51.00871734405624","-114.0613729457442","POINT (-114.0613729457442 51.00871734405624)","1","0583","1109001310"
"1998-07-26","COUNTRY HILLS BOULEVARD","COVENTRY BOULEVARD","NE","Traffic signal","Yes","No","No","51.15426504610739","-114.04245754216444","POINT (-114.04245754216444 51.15426504610739)","1","0933","1109000892"
"2020-12-04","NEW BRIGHTON DRIVE","NEW BRIGHTON HEATH","SE","Pedestrian RRFB","Yes","No","No","50.92523490222264","-113.95410594865768","POINT (-113.95410594865768 50.92523490222264)","1","B0034","1110262494"
"1979-01-01","BOW BOTTOM TRAIL","CANYON MEADOWS DRIVE","SE","Traffic signal","Yes","No","No","50.931146582369756","-114.03236384459181","POINT (-114.03236384459181 50.931146582369756)","1","0745","1109001418"
"2017-09-19"," 72 AVENUE","HUNTRIDGE HILL","NE","Pedestrian RRFB","Yes","No","No","51.117973538791794","-114.06325292412409","POINT (-114.06325292412409 51.117973538791794)","1","B2721","1110061935"
"1956-01-01"," 10 AVENUE","  1 STREET","SE","Traffic signal","No","Yes","No","51.0432563476598","-114.06073408233138","POINT (-114.06073408233138 51.0432563476598)","1","0396","1109001319"
"1968-09-16","NORTHMOUNT DRIVE","CHILCOTIN ROAD","NW","Overhead Flasher","Yes","No","No","51.08867695432031","-114.11452141198673","POINT (-114.11452141198673 51.08867695432031)","1","B2528","1109000793"
"2010-06-16","SADDLETOWNE CIRCLE","TRI SERVICES BUILDING ENTRANCE","NE","Fire signal","No","No","No","51.12426333832959","-113.9442564586532","POINT (-113.9442564586532 51.12426333832959)","1","1063","1109536200"
"1971-01-01"," 53 AVENUE","BLACKFOOT TRAIL","SE","Traffic signal T intersection","No","No","No","51.00594546666246","-114.04870216475855","POINT (-114.04870216475855 51.00594546666246)","1","0595","1109000861"
"2015-01-28","TEMPLE DRIVE"," 64 STREET","NE","Pedestrian RRFB","Yes","No","No","51.092625973951556","-113.94252912232288","POINT (-113.94252912232288 51.092625973951556)","1","B2808","1109793071"
"2018-03-27","128 AVENUE","REDSTONE STREET/SKYVIEW RANCH ROAD","NE","Traffic signal","Yes","Yes","Yes","51.165350638229036","-113.96199758968275","POINT (-113.96199758968275 51.165350638229036)","1","1129","1109243367"
"2024-12-18"," 80 AVENUE","STONEY TRAIL","NE","Traffic signal",,"No","No","51.12523900478576","-113.92275058952224","POINT (-113.92275058952224 51.12523900478576)","1","1254","1110326179"
"2003-11-28"," 17 AVENUE"," 61 STREET","SE","Overhead Flasher","Yes","No","No","51.03787325267181","-113.94275203480102","POINT (-113.94275203480102 51.03787325267181)","1","B2722","1109001507"
"2013-07-29"," 16 AVENUE"," 52 STREET","NE","Traffic signal T intersection","No","No","No","51.068166059138704","-113.95837440397406","POINT (-113.95837440397406 51.068166059138704)","1","0946","1109243203"
"2003-09-10"," 50 AVENUE/MOUNT ROYAL GATE","CROWCHILD TRAIL/FORAND STREET","SW","Traffic signal","Yes","No","No","51.00869869963617","-114.12010968430067","POINT (-114.12010968430067 51.00869869963617)","1","0584","1109000765"
"1977-01-01","  8 AVENUE"," 52 STREET","SE","Traffic signal","Yes","No","No","51.04517716883912","-113.95820347836344","POINT (-113.95820347836344 51.04517716883912)","1","0360","1109001785"
"1976-01-01"," 41 AVENUE/32 AVENUE","EDMONTON TRAIL","NE","Traffic signal","Yes","No","No","51.089656351034265","-114.05211597402625","POINT (-114.05211597402625 51.089656351034265)","1","0084","1109001401"
"2024-05-24","MAHOGANY BOULEVARD","MAHOGANY GROVE/MAHOGANY MANOR","SE","Overhead Flasher",,,"No","50.902685149098666","-113.93039604132362","POINT (-113.93039604132362 50.902685149098666)","1","B0087","1110406532"
"1970-05-01","TRAFFORD DRIVE","  4 STREET","NW","Overhead Flasher","Yes","No","No","51.09866236665275","-114.07149888225233","POINT (-114.07149888225233 51.09866236665275)","1","B2536","1109001172"
"1982-11-17","CENTRE AVENUE"," 28 STREET","E","Traffic signal","Yes","Yes","No","51.05238752133948","-113.99332492638307","POINT (-113.99332492638307 51.05238752133948)","1","0258","1109001646"
"2023-05-11","EVERGREEN DRIVE","FISH CREEK BOULEVARD","SW","Overhead Flasher","Yes","No","No","50.917678485348944","-114.10282070243836","POINT (-114.10282070243836 50.917678485348944)","1","B0069","1110357956"
"2016-11-17","11900","COUNTRY VILLAGE LINK","SE","Pedestrian RRFB","Yes","No","No","51.158617203921715","-114.06779729890627","POINT (-114.06779729890627 51.158617203921715)","1","B2846","1110001186"
"1956-01-01"," 16 AVENUE"," 10 STREET","NW","Traffic signal","Yes","Yes","No","51.06690677916269","-114.08487700413991","POINT (-114.08487700413991 51.06690677916269)","1","0198","1109000997"
"2008-08-21"," 17 AVENUE","100 STREET","SE","Traffic signal","No","No","No","51.037815239677116","-113.88865379274289","POINT (-113.88865379274289 51.037815239677116)","1","1019","1109244299"
"2023-07-04"," 34 AVENUE"," 36 STREET","SE","Traffic signal T intersection","Yes","Yes","Yes","51.023140658237814","-113.98161314743689","POINT (-113.98161314743689 51.023140658237814)","1","0771","1110347930"
"2010-09-28"," 42 AVENUE/HIGHFIELD BLVD"," 12 STREET","SE","Traffic signal","Yes","No","No","51.01645944538015","-114.03496004171295","POINT (-114.03496004171295 51.01645944538015)","1","0516","1109001410"
"1984-01-01","WHITEHORN DRIVE"," 36 STREET","NE","Traffic signal T intersection","Yes","Yes","Yes","51.08490980401532","-113.9817318768963","POINT (-113.9817318768963 51.08490980401532)","1","0142","1109001692"
"1989-05-25"," 17 AVENUE"," 29 STREET","SW","Traffic signal","Yes","Yes","Yes","51.03780454685071","-114.12956340746793","POINT (-114.12956340746793 51.03780454685071)","1","0444","1109000741"
"1980-01-01","PALLISER DRIVE"," 24 STREET","SW","Traffic signal","Yes","No","No","50.96946032796803","-114.11794401146184","POINT (-114.11794401146184 50.96946032796803)","1","0680","1109000776"
"2000-06-29"," 11 AVENUE"," 12 STREET","SW","Traffic signal","Yes","Yes","Yes","51.04318104632701","-114.09131101378657","POINT (-114.09131101378657 51.04318104632701)","1","0428","1109000958"
"2019-06-25"," 17 AVENUE","CENTRE STREET","S","Traffic signal","Yes","Yes","Yes","51.03783205008069","-114.06358313740233","POINT (-114.06358313740233 51.03783205008069)","1","1180","1109243379"
"1972-01-01","  5 AVENUE","  3 STREET","SE","Traffic signal","No","Yes","Yes","51.048202918087796","-114.05540956406755","POINT (-114.05540956406755 51.048202918087796)","1","0315","1109001373"
"1977-01-01","DALHOUSIE DRIVE"," 53 STREET","NW","Traffic signal","Yes","Yes","Yes","51.1079304450215","-114.16210735483058","POINT (-114.16210735483058 51.1079304450215)","1","0070","1109000638"
"1984-01-01","MEMORIAL DRIVE EB RAMP","BARLOW TRAIL","SE","Traffic signal T intersection","Yes","No","No","51.04376576315351","-114.00197889317892","POINT (-114.00197889317892 51.04376576315351)","1","0274","1109001493"
"1997-05-16","RICHMOND ROAD","WESTHILLS WAY","SW","Traffic signal","Yes","Yes","Yes","51.01656808110064","-114.17275605910464","POINT (-114.17275605910464 51.01656808110064)","1","0536","1109000609"
"1987-08-01","RUNDLEHORN DRIVE","RUNDLEWOOD DRIVE","NE","Overhead Flasher","Yes","No","No","51.07064193756228","-113.96992181639881","POINT (-113.96992181639881 51.07064193756228)","1","B2569","1109001744"
"1994-09-21","GLENMORE SQUARE"," 18 STREET","SE","Traffic signal","Yes","No","No","50.98374596329103","-114.01587471282174","POINT (-114.01587471282174 50.98374596329103)","1","0653","1109001458"
"2015-01-23","SAGE HILL GATE","SAGE HILL PARADE","NW","Traffic signal T intersection","Yes","Yes","No","51.170798389704956","-114.14327494652349","POINT (-114.14327494652349 51.170798389704956)","1","1132","1109807037"
"2026-09-08","24 AVENUE","ULRICH ROAD","NW","Pedestrian RRFB","Yes","No","No","51.07433197706105","-114.13844709371305","POINT (-114.13844709371305 51.07433197706105)","1","B0220","1110626583"
"2008-01-21","DALHOUSIE DRIVE"," 53 STREET","NW","Traffic signal","Yes","No","No","51.113452103202874","-114.15633609723186","POINT (-114.15633609723186 51.113452103202874)","1","0986","1109001582"
"2024-06-23","CRANSTON DRIVE","CRAMOND DR/CRANFIELD PA","SE","Pedestrian RRFB","Yes","No","No","50.89231617776335","-113.97953490828732","POINT (-113.97953490828732 50.89231617776335)","1","B0099","1110417372"
"1976-01-01","BEL-AIRE DRIVE/MAYFAIR ROAD","ELBOW DRIVE","SW","Traffic signal","Yes","Yes","Yes","50.99979886805615","-114.08314233926758","POINT (-114.08314233926758 50.99979886805615)","1","0615","1109001028"
"2019-09-04","SKYVIEW CIRCLE","SKYVIEW PARADE","NE","Traffic signal T intersection","Yes","Yes","Yes","51.1558494421773","-113.95223231545803","POINT (-113.95223231545803 51.1558494421773)","1","1175","1110119664"
"1970-03-01","FAIRMOUNT DRIVE"," 86 AVENUE","SE","Overhead Flasher","Yes","No","No","50.97595473230737","-114.05994964749124","POINT (-114.05994964749124 50.97595473230737)","1","B2659","1109001335"
"1992-09-03","JOHN LAURIE BOULEVARD","RANCHERO DR/HAWKWOOD DR","NW","Traffic signal","Yes","No","No","51.12538087229421","-114.18898390481817","POINT (-114.18898390481817 51.12538087229421)","1","0047","1109000586"
"1992-08-18","BERKSHIRE BOULEVARD/MACEWAN GLEN DR"," 14 STREET","NW","Traffic signal","Yes","No","Yes","51.13161024070369","-114.10628374233994","POINT (-114.10628374233994 51.13161024070369)","1","0016","1109000826"
"2018-01-05","MISSION ROAD"," 30 AVE & 34 AVE","SW","Pedestrian RRFB","Yes","No","No","51.024517287818135","-114.0694912532837","POINT (-114.0694912532837 51.024517287818135)","1","B2744","1110123173"
"2022-07-06"," 16 AVENUE"," 37 STREET","SW","Traffic signal","Yes","Yes","Yes","51.03900248997553","-114.14112257947771","POINT (-114.14112257947771 51.03900248997553)","1","1241","1110263706"
"1974-01-01","ANDERSON ROAD","ACADIA DRIVE","SE","Traffic signal","Yes","Yes","Yes","50.94820635901795","-114.04193897019115","POINT (-114.04193897019115 50.94820635901795)","1","0726","1109000893"
"2024-11-14"," 33 AVENUE"," 19 STREET","SW","Pedestrian RRFB","Yes","No","No","51.023983262480485","-114.10698121222859","POINT (-114.10698121222859 51.023983262480485)","1","B0094","1110203126"
"1989-09-25"," 99 AVENUE","MACLEOD TRAIL","S","Traffic signal","Yes","Yes","Yes","50.96094736557058","-114.07161932113056","POINT (-114.07161932113056 50.96094736557058)","1","0707","1109001162"
"1975-01-01","RICHMOND ROAD","SARCEE TRAIL","SW","Traffic signal","Yes","Yes","Yes","51.018040968321294","-114.16429653271248","POINT (-114.16429653271248 51.018040968321294)","1","0539","1109000629"
"1974-03-01","BOWNESS ROAD"," 63 STREET","NW","Overhead Flasher","Yes","No","No","51.085699785387696","-114.18001391325289","POINT (-114.18001391325289 51.085699785387696)","1","B2546","1109000596"
"2018-11-27"," 80 AVENUE","MARTHAS WAY/52 STREET ","NE","Traffic signal","Yes","Yes","Yes","51.12519934167171","-113.95837216413472","POINT (-113.95837216413472 51.12519934167171)","1","1160","1110001832"
"2019-05-24","SILVER SPRINGS BOULEVARD","SILVERGROVE DRIVE","NW","Pedestrian RRFB","Yes","No","No","51.114922335796926","-114.20387350498137","POINT (-114.20387350498137 51.114922335796926)","1","B0020","1110203135"
"2020-12-17"," 88 AVENUE","SADDLERIDGE DRIVE/SAVANNA STREET","NE","Traffic signal","Yes","Yes","Yes","51.13254507664083","-113.95242705968553","POINT (-113.95242705968553 51.13254507664083)","1","1219","1110175428"
"2010-08-12","114 AVENUE","SHEPARD OPERATIONAL CENTRE","SE","Traffic signal","Yes","No","No","50.950511855003754","-113.94111985408657","POINT (-113.94111985408657 50.950511855003754)","1","1068","1109239916"
"2001-10-25","SOUTHPORT ROAD","SOUTHPORT WAY","SW","Traffic signal T intersection","Yes","No","No","50.95779345828442","-114.07296368125876","POINT (-114.07296368125876 50.95779345828442)","1","0799","1109001130"
"1995-08-23"," 99 AVENUE","BONAVENTURE DRIVE","SE","Traffic signal","Yes","No","No","50.96097288467765","-114.06883742512117","POINT (-114.06883742512117 50.96097288467765)","1","0711","1109001211"
"2002-10-26","GLENMORE TRAIL"," 18 STREET","SE","Traffic signal","Yes","No","No","50.98164833406413","-114.01588823878507","POINT (-114.01588823878507 50.98164833406413)","1","0637","1109001456"
"1990-11-19","NOSE HILL DRIVE","SILVER SPRINGS BOULEVARD","NW","Traffic signal T intersection","Yes","No","No","51.11617768721993","-114.20679889682555","POINT (-114.20679889682555 51.11617768721993)","1","0067","1109000556"
"1954-01-01","  7 AVENUE","MACLEOD TRAIL","SE","Traffic signal","No","Yes","Yes","51.046349763952655","-114.05804792878595","POINT (-114.05804792878595 51.046349763952655)","1","0343","1109001351"
"2010-12-09","BOWNESS ROAD","POINT DRIVE","NW","Traffic signal","Yes","Yes","Yes","51.06223875086313","-114.14632644284295","POINT (-114.14632644284295 51.06223875086313)","1","1013","1109000678"
"2002-07-31"," 96 AVENUE","HARVEST HILLS BOULEVARD","N","Traffic signal","Yes","Yes","Yes","51.14237165329197","-114.06916694073871","POINT (-114.06916694073871 51.14237165329197)","1","0935","1109001207"
"1966-01-01"," 11 AVENUE","  5 STREET","SW","Traffic signal","No","Yes","Yes","51.0427002762302","-114.07408072001856","POINT (-114.07408072001856 51.0427002762302)","1","0403","1109001114"
"1981-01-01"," 64 AVENUE","  9 STREET","NE","Traffic signal","Yes","Yes","Yes","51.11057057257683","-114.04135742812855","POINT (-114.04135742812855 51.11057057257683)","1","0027","1109000900"
"2003-06-22"," 14 AVENUE"," 14 STREET","SW","Traffic signal","No","No","No","51.040410975563084","-114.09471028133127","POINT (-114.09471028133127 51.040410975563084)","1","0261","1109000936"
"1979-11-01","  407","MARLBOROUGH WAY","NE","Overhead Flasher","Yes","No","No","51.054679885830346","-113.97693430669568","POINT (-113.97693430669568 51.054679885830346)","1","B2604","1109001717"
"2022-08-17","ASPEN SUMMIT BOULEVARD"," 85 STREET","SW","Traffic signal T intersection","Yes","Yes","Yes","51.043249635449186","-114.2109343741017","POINT (-114.2109343741017 51.043249635449186)","1","1223","1110265067"
"2017-05-04","CASTLEBROOK DRIVE","CASTLEBROOK ROAD","NE","Pedestrian RRFB","Yes","No","No","51.104415108034544","-113.9620220273224","POINT (-113.9620220273224 51.104415108034544)","1","B2866","1110038974"
"1959-01-01"," 11 AVENUE","  1 STREET","SW","Traffic signal","No","Yes","No","51.0424625513131","-114.06572402058183","POINT (-114.06572402058183 51.0424625513131)","1","0406","1109001249"
"1975-02-01","BOWNESS ROAD"," 46 STREET","NW","Overhead Flasher","Yes","No","No","51.07264282992109","-114.16055105395105","POINT (-114.16055105395105 51.07264282992109)","1","B2521","1109000641"
"1994-08-02"," 45 AVENUE/GRAFTON DRIVE"," 37 STREET","SW","Traffic signal","Yes","Yes","Yes","51.0147457635796","-114.14115267064803","POINT (-114.14115267064803 51.0147457635796)","1","0564","1109000691"
"1956-01-01"," 12 AVENUE"," 11 STREET","SW","Traffic signal","No","Yes","No","51.04214797534042","-114.08891006914124","POINT (-114.08891006914124 51.04214797534042)","1","0412","1109000968"
"2020-11-04","FALCONRIDGE BOULEVARD","FALWORTH WAY","NE","Traffic signal T intersection","Yes","Yes","Yes","51.10511230255435","-113.95242641577973","POINT (-113.95242641577973 51.10511230255435)","1","1228","1110271204"
"2007-04-13","162 AVENUE","BRIDLERIDGE WAY/EVERSYDE BV","SW","Traffic signal","Yes","No","Yes","50.90675408930795","-114.11046299712892","POINT (-114.11046299712892 50.90675408930795)","1","0889","1109000802"
"2022-02-07","CRANFORD DRIVE","CRANFORD STREET","SE","Pedestrian RRFB","Yes","No","No","50.87727253838379","-113.97031208158931","POINT (-113.97031208158931 50.87727253838379)","1","B0052","1110309603"
"2022-06-08","106 AVENUE"," 68 STREET","SE","Traffic signal","Yes","Yes","Yes","50.96243299319588","-113.9351968890628","POINT (-113.9351968890628 50.96243299319588)","1","0975","1109712613"
"2016-03-07","QUARRY PARK BOULEVARD","QUARRY DRIVE","SE","Traffic signal","Yes","Yes","No","50.95945455973306","-114.01132933437664","POINT (-114.01132933437664 50.95945455973306)","1","1141","1109001887"
"1967-01-01","BOW TRAIL","SARCEE TRAIL","SW","Traffic signal","Yes","Yes","No","51.052623224251995","-114.1642449535903","POINT (-114.1642449535903 51.052623224251995)","1","0364","1109000632"
"1981-01-01","FAIRMOUNT DRIVE","GLENMORE TRAIL EB RAMP","SE","Traffic signal T intersection","No","No","No","50.99377963987197","-114.0638198926605","POINT (-114.0638198926605 50.99377963987197)","1","0636","1109001271"
"2023-05-30","DOUGLAS WOODS DRIVE","DOUGLASDALE BOULEVARD","SE","Overhead Flasher","Yes","No","No","50.94307199829836","-114.00297180357455","POINT (-114.00297180357455 50.94307199829836)","1","B0074","1110359870"
"1997-10-09","NOSE HILL DRIVE"," 87 STREET","NW","Traffic signal T intersection","Yes","Yes","No","51.10477293130126","-114.2171258159458","POINT (-114.2171258159458 51.10477293130126)","1","0913","1109000540"
"2022-10-15"," 16 AVENUE","BOWNESS ROAD","NW","Pedestrian RRFB","Yes","No","No","51.06453591305639","-114.15198468166086","POINT (-114.15198468166086 51.06453591305639)","1","B0080","1110372320"
"1970-01-01"," 26 AVENUE"," 20 STREET","SW","Traffic signal","Yes","Yes","No","51.030428459215344","-114.10945940106556","POINT (-114.10945940106556 51.030428459215344)","1","0508","1109000807"
"2016-12-21","SHAWNESSY BOULEVARD","SHAWNESSY DRIVE","SW","Pedestrian RRFB","Yes","No","No","50.914001567007794","-114.0828457041471","POINT (-114.0828457041471 50.914001567007794)","1","B2835","1110001169"
"1976-01-01","  9 AVENUE"," 13 STREET","SE","Overhead Flasher","Yes","No","No","51.040193762212","-114.03161822526457","POINT (-114.03161822526457 51.040193762212)","1","B2611","1109001422"
"1970-01-01","  7 AVENUE","  9 STREET","SW","Traffic signal","No","Yes","Yes","51.04709881474072","-114.0836143219583","POINT (-114.0836143219583 51.04709881474072)","1","0332","1109001013"
"2016-05-12","194 AVENUE","CHAPARRAL BV/WALDEN BOULEVARD","SE","Traffic signal","Yes","Yes","Yes","50.8776934901477","-114.02455366585802","POINT (-114.02455366585802 50.8776934901477)","1","0800","1109980149"
"1957-01-01"," 26 AVENUE"," 14 STREET","SW","Traffic signal T intersection","Yes","Yes","No","51.03044135928621","-114.09468996100051","POINT (-114.09468996100051 51.03044135928621)","1","0509","1109000939"
"1993-07-01","ELBOW DRIVE","MADISON AVENUE","SW","Overhead Flasher","Yes","No","No","51.013947593046296","-114.07930784036675","POINT (-114.07930784036675 51.013947593046296)","1","B2639","1109001057"
"2001-06-19","  4 STREET","BLACKTHORN ROAD","NW","Overhead Flasher","Yes","No","No","51.10709102671831","-114.07143880846456","POINT (-114.07143880846456 51.10709102671831)","1","B2703","1109001357"
"2006-12-22","BOWNESS ROAD"," 49 STREET","NW","Traffic signal T intersection","Yes","No","No","51.07529057531264","-114.16682660296432","POINT (-114.16682660296432 51.07529057531264)","1","0896","1109000620"
"1967-01-01","McKNIGHT BOULEVARD","CENTRE STREET","N","Traffic signal","Yes","Yes","No","51.09606091807294","-114.0624450185327","POINT (-114.0624450185327 51.09606091807294)","1","0052","1109001305"
"1982-01-01","CANYON MEADOWS DRIVE","ACADIA DRIVE","SE","Traffic signal T intersection","Yes","No","No","50.92981942758485","-114.04873743841233","POINT (-114.04873743841233 50.92981942758485)","1","0743","1109000860"
"2015-09-04","QUARRY PARK BOULEVARD"," 24 STREET","SE","Traffic signal","Yes","No","No","50.96343116454878","-114.00162614377315","POINT (-114.00162614377315 50.96343116454878)","1","1030","1109292521"
"2018-06-12"," 88 AVENUE"," 36 STREET","NE","Traffic signal","Yes","No","No","51.13197724500153","-113.98165289252832","POINT (-113.98165289252832 51.13197724500153)","1","1031","1110006137"
"1977-01-01"," 32 AVENUE","  9 STREET","NE","Traffic signal","Yes","No","No","51.08147928603548","-114.04149584604329","POINT (-114.04149584604329 51.08147928603548)","1","0135","1109000901"
"2017-08-03","COUNTRY HILLS BOULEVARD","ROCKY RIDGE RECREATIONAL FACILITY","NW","Traffic signal T intersection","Yes","Yes","Yes","51.154146896562075","-114.22895604796604","POINT (-114.22895604796604 51.154146896562075)","1","1133","1109801601"
"1982-07-05","  8 AVENUE"," 17A STREET","NE","Overhead Flasher","Yes","No","No","51.05975795532052","-114.017589043745","POINT (-114.017589043745 51.05975795532052)","1","B2590","1109001453"
"1982-01-01"," 17 AVENUE"," 68 STREET","SE","Traffic signal","Yes","Yes","Yes","51.037804005713284","-113.93513437581933","POINT (-113.93513437581933 51.037804005713284)","1","0468","1109001524"
"1998-08-19","COUNTRY HILLS BOULEVARD","EDGEBROOK BV/HAMPTONS DR","NW","Traffic signal","Yes","No","No","51.140389766142725","-114.13192971659724","POINT (-114.13192971659724 51.140389766142725)","1","0926","1109000733"
"2016-12-20"," 73 AVENUE","ELBOW DRIVE","SW","Pedestrian RRFB","Yes","No","No","50.98775056258335","-114.0831418427323","POINT (-114.0831418427323 50.98775056258335)","1","B2776","1110001174"
"2016-12-09","CHARLESWOOD DRIVE"," 24 STREET","NW","Pedestrian RRFB","Yes","No","No","51.086968917330104","-114.12002747825085","POINT (-114.12002747825085 51.086968917330104)","1","B2844","1110001184"
"2004-09-14","HERITAGE MEADOWS WAY","HERITAGE MEADOWS ROAD","SE","Traffic signal T intersection","Yes","No","No","50.98201042663387","-114.03526171625076","POINT (-114.03526171625076 50.98201042663387)","1","0841","1109001409"
"2009-06-10","CROWCHILD TRAIL RAMP","CROWFOOT PARADE","NW","Traffic signal","No","No","No","51.12377985437976","-114.20888032406484","POINT (-114.20888032406484 51.12377985437976)","1","0972","1109000553"
"2012-12-21","112 AVENUE"," 69 STREET","NW","Traffic signal","Yes","Yes","No","51.15418806673532","-114.18770287238964","POINT (-114.18770287238964 51.15418806673532)","1","0919","1109000827"
"1977-08-01","CENTRE STREET"," 68 AVENUE","N","Overhead Flasher","Yes","No","No","51.11341871012191","-114.06459633193936","POINT (-114.06459633193936 51.11341871012191)","1","B2510","1109001262"
"1999-06-10","VARSITY ESTATES DRIVE","VARSITY ESTATES ROAD","NW","Overhead Flasher","Yes","No","No","51.10335864308217","-114.16571814637432","POINT (-114.16571814637432 51.10335864308217)","1","B2687","1109000622"
"1999-09-16"," 72 AVENUE"," 40 STREET","SE","Traffic signal","Yes","No","No","50.9895019194561","-113.97655487597648","POINT (-113.97655487597648 50.9895019194561)","1","0652","1109001719"
"2019-11-21","PRESTWICK BOULEVARD","PRESTWICK CIRCLE","SE","Pedestrian RRFB","Yes","No","No","50.91927798275002","-113.96578270262735","POINT (-113.96578270262735 50.91927798275002)","1","B0008","1110203123"
"2011-10-11"," 10 AVENUE"," 14 STREET","SW","Traffic signal","No","Yes","No","51.04420683700874","-114.09469728648554","POINT (-114.09469728648554 51.04420683700874)","1","1047","1109395841"
"2018-06-28","NOLAN HILL DRIVE/SHERVIEW DRIVE","SYMONS VALLEY PARKWAY","NW","Traffic signal","Yes","Yes","Yes","51.16803764907753","-114.16062166142859","POINT (-114.16062166142859 51.16803764907753)","1","0750","1110119326"
"2017-02-27"," 26 AVENUE"," 25 STREET","SW","Pedestrian RRFB","Yes","No","No","51.03005675271898","-114.12072790845913","POINT (-114.12072790845913 51.03005675271898)","1","B2869","1110038978"
"2023-02-28","MILLRISE DRIVE","SHAWNESSY BOULEVARD","SW","Pedestrian RRFB","Yes","No","No","50.91401008808892","-114.09252625075747","POINT (-114.09252625075747 50.91401008808892)","1","B0082","1110383547"
"1974-01-01"," 71 AVENUE","MACLEOD TRAIL","S","Traffic signal","Yes","Yes","Yes","50.98962620175819","-114.0715462807452","POINT (-114.0715462807452 50.98962620175819)","1","0650","1109001145"
"1990-01-01","LAKE BONAVISTA DRIVE","BONAVENTURE DRIVE","SE","Traffic signal","Yes","No","Yes","50.94607876363194","-114.06003881641789","POINT (-114.06003881641789 50.94607876363194)","1","0727","1109001331"
"2025-12-15","SKYVIEW RANCH DRIVE","52 STREET","NE","Pedestrian RRFB",,"No","No","51.15803043264573","-113.95874086693404","POINT (-113.95874086693404 51.15803043264573)","1","B0098-TEMP","1110591888"
"1999-08-06","JOHN LAURIE BOULEVARD"," 100 CROWFOOT GATE","NW","Traffic signal","Yes","No","No","51.12879545428239","-114.1971680600404","POINT (-114.1971680600404 51.12879545428239)","1","0124","1109000572"
"1992-10-21"," 58 AVENUE","  1A STREET","SW","Traffic signal","Yes","Yes","No","51.001402165617385","-114.06737941792723","POINT (-114.06737941792723 51.001402165617385)","1","0599","1109001232"
"2020-01-27","PANAMOUNT BOULEVARD","PANAMOUNT DRIVE","NW","Pedestrian RRFB","Yes","No","No","51.159857378436456","-114.07385751795297","POINT (-114.07385751795297 51.159857378436456)","1","B0022","1110203137"
"2019-10-01"," 90 AVENUE","OAKMOUNT DRIVE","SW","Overhead Flasher","Yes","No","No","50.97667326558076","-114.13583683663599","POINT (-114.13583683663599 50.97667326558076)","1","B2690","1110105839"
"2014-12-16","  3 AVENUE/PARKDALE BOULEVARD"," 32 STREET","NW","Overhead Flasher","Yes","No","No","51.05664042590489","-114.13421666652681","POINT (-114.13421666652681 51.05664042590489)","1","B2787","1109777284"
"1981-10-29","MEMORIAL DRIVE WESTBOUND","CENTRE STREET CONNECTOR","NE","Traffic signal T intersection","No","No","No","51.05415249509521","-114.06152605247853","POINT (-114.06152605247853 51.05415249509521)","1","0263","1109001311"
"2015-11-08"," 13 AVENUE","CENTRE STREET","N","Overhead Flasher","Yes","No","No","51.06445539764846","-114.06251899012763","POINT (-114.06251899012763 51.06445539764846)","1","B2804","1109806830"
"2019-08-29","EVANSTON LINK/EVANSTON WAY","SYMONS VALLEY PARKWAY","NW","Traffic signal","Yes","Yes","Yes","51.180755259712626","-114.10054406959374","POINT (-114.10054406959374 51.180755259712626)","1","1189","1110175375"
"1972-01-01","  4 AVENUE","  3 STREET","SW","Traffic signal","No","No","Yes","51.04952593305424","-114.07010886636036","POINT (-114.07010886636036 51.04952593305424)","1","0296","1109001195"
"2008-06-27","QUARRY PARK BOULEVARD/QUARRY PARK R"," 18 STREET","SE","Traffic signal","Yes","No","No","50.959450858828866","-114.00932360181596","POINT (-114.00932360181596 50.959450858828866)","1","0594","1109001479"
"2013-07-11","FRONT STREET","SETON WAY","SE","1/2 signal","Yes","Yes","Yes","50.88065777015342","-113.95667171951096","POINT (-113.95667171951096 50.88065777015342)","1","1095","1109703362"
"2004-02-23","MIDPARK BOULEVARD","MIDPARK DRIVE","SE","Traffic signal","Yes","No","No","50.91261043394671","-114.06128254775624","POINT (-114.06128254775624 50.91261043394671)","1","0798","1109001359"
"2024-11-09"," 78 AVENUE","OGDEN ROAD ","SE","Traffic signal","Yes","Yes","Yes","50.983220456308445","-113.99877917946748","POINT (-113.99877917946748 50.983220456308445)","1","0923","1109243895"
"2004-12-15","COUNTRY HILLS BOULEVARD","CITADEL WAY","NW","Traffic signal T intersection","Yes","No","No","51.14272526664736","-114.19543951248707","POINT (-114.19543951248707 51.14272526664736)","1","0918","1109000574"
"2017-01-04"," 12 AVENUE/ABBOTSFORD DRIVE "," 68 STREET","NE","Pedestrian RRFB","Yes","No","No","51.06283839525394","-113.93513827262807","POINT (-113.93513827262807 51.06283839525394)","1","B2842","1110001182"
"1989-10-13"," 32 AVENUE/CHARLESWOOD DRIVE","CROWCHILD TRAIL NB RAMP","NW","Traffic signal","Yes","Yes","No","51.083446261552766","-114.12516829465179","POINT (-114.12516829465179 51.083446261552766)","1","0114","1109000759"
"1992-08-26","CASTLERIDGE S.C. ENTRANCE","FALCONRIDGE BOULEVARD","NE","1/4 signal","No","No","No","51.09835944562094","-113.9584719518797","POINT (-113.9584719518797 51.09835944562094)","1","0036","1109001774"
"1979-01-01"," 32 AVENUE","DEERFOOT TRAIL SB RAMP","NE","Traffic signal","No","No","No","51.081464154130806","-114.03498046818723","POINT (-114.03498046818723 51.081464154130806)","1","0136","1109001411"
"1996-06-17"," 86 AVENUE","BONAVENTURE DRIVE","SE","Traffic signal","Yes","No","Yes","50.97590965911408","-114.06855649972151","POINT (-114.06855649972151 50.97590965911408)","1","0712","1109001217"
"1977-01-01"," 64 AVENUE","HUNTERVIEW DR/NORFOLK DR","NW","Traffic signal","Yes","Yes","No","51.11028211537916","-114.07810164952656","POINT (-114.07810164952656 51.11028211537916)","1","0021","1109001070"
"1953-01-01"," 12 AVENUE","  1 STREET","SW","Traffic signal","No","Yes","No","51.041500609941224","-114.06579395772255","POINT (-114.06579395772255 51.041500609941224)","1","0417","1109001248"
"2015-01-19"," 14 STREET RAMP","  9 AVENUE","SW","Pedestrian RRFB","Yes","No","No","51.0458922914576","-114.094549010307","POINT (-114.094549010307 51.0458922914576)","1","B2792","1109783938"
"2001-06-06","ANDERSON ROAD","MACLEOD TRAIL","SW","1/4 signal","No","No","No","50.95041091428081","-114.07405133560724","POINT (-114.07405133560724 50.95041091428081)","1","0719","1109001132"
"2026-07-07","UNIVERSITY AVENUE","SMITH STREET","NW","Traffic signal","Yes","Yes","Yes","51.07700932603996","-114.14930916095857","POINT (-114.14930916095857 51.07700932603996)","1","1300","1110354935"
"2000-07-07","JAMES McKEVITT ROAD","MILLRISE BLVD/SHAWNEE GATE","SW","Traffic signal","Yes","Yes","Yes","50.92134669539872","-114.07503840753157","POINT (-114.07503840753157 50.92134669539872)","1","0747","1109001103"
"2013-04-16","HARVEST HILLS BOULEVARD","HARVEST OAK DRIVE","NE","Pedestrian RRFB","Yes","No","No","51.15174193473279","-114.06466096258143","POINT (-114.06466096258143 51.15174193473279)","1","B2779","1109722239"
"1983-04-01","DALHOUSIE DRIVE","DALGLEISH ROAD","NW","Overhead Flasher","Yes","No","No","51.10483903300131","-114.15471423409137","POINT (-114.15471423409137 51.10483903300131)","1","B2517","1109000659"
"2000-06-23"," 72 AVENUE"," 52 STREET","SE","Traffic signal","Yes","No","No","50.98952387350778","-113.95850809274765","POINT (-113.95850809274765 50.98952387350778)","1","0878","1109001770"
"2022-01-03","  9 AVENUE"," 81 STREET","SW","Pedestrian RRFB","Yes","No","No","51.05964212379531","-114.20510851800128","POINT (-114.20510851800128 51.05964212379531)","1","B0060","1110163881"
"2025-09-17","  9 AVENUE"," 11 STREET","SE","Traffic signal","Yes","Yes","Yes","51.042182674182456","-114.03673782089774","POINT (-114.03673782089774 51.042182674182456)","1","1297","1110309563"
"1980-01-01"," 14 AVENUE"," 52 STREET","SE","Traffic signal","Yes","No","No","51.04095805476688","-113.95838773681204","POINT (-113.95838773681204 51.04095805476688)","1","0430","1109001782"
"1988-11-18","  3 AVENUE","  3 STREET","SW","Traffic signal","No","No","Yes","51.050487868941296","-114.07005019979177","POINT (-114.07005019979177 51.050487868941296)","1","0288","1109001197"
"2021-02-09"," 80 AVENUE","SADDLEFIELD DRIVE/TARAWOOD ROAD NE","NE","Overhead Flasher","Yes","No","No","51.12514922140165","-113.9371152999495","POINT (-113.9371152999495 51.12514922140165)","1","B0043","1110218526"
"2017-07-27"," 30 AVENUE","  4 STREET","NW","Pedestrian RRFB","Yes","No","No","51.07965252245009","-114.07154040991897","POINT (-114.07154040991897 51.07965252245009)","1","B2896","1110061939"
"2025-12-19","ERIN DALE CRESCENT/ERIN WOODS COURT","ERIN WOODS BOULEVARD","SE","Pedestrian RRFB","Yes","No","No","51.01852237371087","-113.9783610431252","POINT (-113.9783610431252 51.01852237371087)","1","B0165","1110515451"
"1984-01-01","NOSE HILL DRIVE","CROWFOOT WAY/RANCHLAND BV","NW","Traffic signal","Yes","Yes","Yes","51.1242924677924","-114.19821344572019","POINT (-114.19821344572019 51.1242924677924)","1","0065","1109000569"
"1972-01-01","McKNIGHT BOULEVARD","  4 STREET","NW","Traffic signal","Yes","Yes","Yes","51.096055725102275","-114.07151053197236","POINT (-114.07151053197236 51.096055725102275)","1","0051","1109001171"
"1968-11-01"," 66 AVENUE","LEGARE DRIVE","SW","Overhead Flasher","Yes","No","No","50.99453643404854","-114.12662289967597","POINT (-114.12662289967597 50.99453643404854)","1","B2641","1109000753"
"20201202115306"," 10 AVENUE","CENTRE STREET","S","Traffic signal T intersection","Yes","Yes","Yes","51.04332432720736","-114.06316110833004","POINT (-114.06316110833004 51.04332432720736)","1","1182","1110202881"
"1990-09-04","  5 AVENUE"," 28 STREET","NE","Traffic signal","Yes","No","No","51.05649581999685","-113.99328154300758","POINT (-113.99328154300758 51.05649581999685)","1","0233","1109001647"
"1982-01-01","MEMORIAL DRIVE"," 12 STREET","NE","Traffic signal T intersection","Yes","Yes","Yes","51.04818974053156","-114.0319194420082","POINT (-114.0319194420082 51.04818974053156)","1","0267","1109001420"
"2023-08-30","KENSINGTON ROAD","18A STREET","NW","Pedestrian RRFB","Yes","No","No","51.052501524511776","-114.10403854093073","POINT (-114.10403854093073 51.052501524511776)","1","B0090-TEMP","1110409267"
"1998-07-16","COUNTRY HILLS BOULEVARD","CITADEL LINK/HAWKSTONE GATE","NW","Traffic signal","Yes","Yes","Yes","51.13736023157173","-114.17211117464977","POINT (-114.17211117464977 51.13736023157173)","1","0922","1109000610"
"2003-10-04","DEERFOOT TRAIL","McKENZIE LAKE BOULEVARD","SE","Traffic signal T intersection","No","No","No","50.916452199717995","-113.97746518416027","POINT (-113.97746518416027 50.916452199717995)","1","0881","1109001723"
"1982-08-01","WHITEHORN DRIVE"," 42 STREET","NE","Overhead Flasher","Yes","No","No","51.084909230600616","-113.97263870335895","POINT (-113.97263870335895 51.084909230600616)","1","B2560","1109001735"
"1993-05-30","JOHN LAURIE BOULEVARD"," 14 STREET","NW","Traffic signal","Yes","Yes","No","51.08978879357696","-114.09467903270894","POINT (-114.09467903270894 51.08978879357696)","1","0049","1110013000"
"2015-01-12","128 AVENUE/SYMONS VALLEY PARKWAY","SHAGANAPPI TRAIL","NW","Traffic signal","Yes","Yes","No","51.16808548899424","-114.15191351748764","POINT (-114.15191351748764 51.16808548899424)","1","1123","1109739806"
"1981-01-01","CENTRE AVENUE"," 19 STREET","E","Traffic signal","Yes","Yes","No","51.05244185432891","-114.00836553296465","POINT (-114.00836553296465 51.05244185432891)","1","0256","1109001480"
"1962-01-01"," 42 AVENUE","BLACKFOOT TRAIL","SE","Traffic signal","Yes","Yes","Yes","51.01595839049507","-114.04855207876281","POINT (-114.04855207876281 51.01595839049507)","1","0569","1109000864"
"1978-08-01"," 10 STREET"," 13 AVENUE","NW","Overhead Flasher","Yes","No","No","51.06389999204952","-114.08445777657323","POINT (-114.08445777657323 51.06389999204952)","1","B2581","1109001005"
"1987-04-01","RADCLIFFE DRIVE"," 36 STREET","SE","Traffic signal","Yes","Yes","Yes","51.0481431207983","-113.98164522520884","POINT (-113.98164522520884 51.0481431207983)","1","0284","1109001695"
"2026-09-10","CITYSCAPE BOULEVARD","CITYSCAPE DRIVE","NE","Pedestrian RRFB",,"No","No","51.14718930540979","-113.96656800167767","POINT (-113.96656800167767 51.14718930540979)","1","B0208","1110592126"
"2013-08-21"," 14 STREET","CORNWALLIS DRIVE","NW","Overhead Flasher","Yes","No","No","51.087420234241016","-114.09476266006182","POINT (-114.09476266006182 51.087420234241016)","1","B2768","1109001829"
"2016-02-18","SCENIC ACRES PARADE","SCENIC COVE CIRCLE","NW","Pedestrian RRFB","Yes","No","No","51.12116644350373","-114.2064319854564","POINT (-114.2064319854564 51.12116644350373)","1","B2814","1109959536"
"1995-10-23","COUNTRY HILLS BOULEVARD","SARCEE TRAIL","NW","Traffic signal","Yes","Yes","Yes","51.13764694558496","-114.16438782401463","POINT (-114.16438782401463 51.13764694558496)","1","0013","1109000627"
"1980-10-01","CENTRE STREET"," 18 AVENUE","N","Overhead Flasher","Yes","No","No","51.068740493272145","-114.06251164339638","POINT (-114.06251164339638 51.068740493272145)","1","B2574","1109001298"
"1999-10-28"," 90 AVENUE","BARLOW TRAIL","SE","Traffic signal","No","No","No","50.97232329051108","-113.9818317491972","POINT (-113.9818317491972 50.97232329051108)","1","0688","1109001681"
"1968-01-01"," 24 AVENUE","UNIVERSITY DRIVE","NW","Traffic signal","Yes","Yes","No","51.07442196327599","-114.1283656622933","POINT (-114.1283656622933 51.07442196327599)","1","0166","1109000749"
"2012-05-10","CROWCHILD TRAIL","SHAGANAPPI TRAIL","NW","Pedestrian RRFB","Yes","No","No","51.09812584546383","-114.14776006074102","POINT (-114.14776006074102 51.09812584546383)","1","B2771","1109001855"
"2014-11-24"," 13 AVENUE","MACLEOD TRAIL","SE","Traffic signal T intersection","No","Yes","Yes","51.040345614685855","-114.05847669991907","POINT (-114.05847669991907 51.040345614685855)","1","0995","1109001591"
"2013-04-13","AUBURN BAY GATE/SETON WAY","SETON BOULEVARD","SE","Traffic signal","Yes","Yes","Yes","50.88241424457407","-113.95728928884951","POINT (-113.95728928884951 50.88241424457407)","1","1027","1109001904"
"2017-12-07","RADCLIFFE DRIVE","RADLEY WAY","SE","Pedestrian RRFB","Yes","No","No","51.04814300263251","-113.9830720401684","POINT (-113.9830720401684 51.04814300263251)","1","B2887","1109796440"
"2017-07-04","SUNPARK DRIVE","SUNPARK PLAZA","SE","Pedestrian RRFB","Yes","No","No","50.90109134340901","-114.05514364910313","POINT (-114.05514364910313 50.90109134340901)","1","B2853","1110038956"
"1987-07-31","RIVERFRONT AVENUE","  4 AVENUE/RECONCILIATION BRIDGE","SE","Traffic signal","No","Yes","No","51.0493363031233","-114.05285174127017","POINT (-114.05285174127017 51.0493363031233)","1","0287","1109001394"
"2023-12-22","CANYON MEADOWS DRIVE","  6 STREET","SW","Traffic signal","Yes","Yes","Yes","50.93379224756789","-114.07639758699982","POINT (-114.07639758699982 50.93379224756789)","1","1261","1110358044"
"1968-01-01"," 23 AVENUE","  4 STREET","SW","Traffic signal","No","Yes","Yes","51.03248053518191","-114.07151244629985","POINT (-114.07151244629985 51.03248053518191)","1","0490","1109001156"
"2008-06-24","COUNTRY HILLS BOULEVARD"," 14 STREET ","NE","Traffic signal","Yes","No","No","51.154279589673756","-114.02801927608962","POINT (-114.02801927608962 51.154279589673756)","1","0998","1109233627"
"2024-08-14","SKYVIEW RANCH ROAD","SKYVIEW RANCH WAY","NE","Traffic signal T intersection","Yes","Yes","Yes","51.164153977419986","-113.96196144402289","POINT (-113.96196144402289 51.164153977419986)","1","1293","1110383533"
"2018-10-15"," 88 AVENUE","METIS TRAIL","NE","Traffic signal","Yes","Yes","Yes","51.13258964160277","-113.97010614193849","POINT (-113.97010614193849 51.13258964160277)","1","1149","1110004236"
"1969-07-01","ELBOW DRIVE"," 32 AVENUE","SW","Overhead Flasher","Yes","No","No","51.02487837187319","-114.07871045026097","POINT (-114.07871045026097 51.02487837187319)","1","B2632","1109001064"
"2004-08-03","RICHARDSON WAY","RICHARDSON ROAD","SW","Traffic signal","Yes","No","No","51.01328313855899","-114.13646239023443","POINT (-114.13646239023443 51.01328313855899)","1","0581","1109000718"
"2017-07-04","MILLRISE SQUARE/SHANNON SQUARE","SHAWNESSY BOULEVARD","SW","Pedestrian RRFB","Yes","No","No","50.914019042733294","-114.09686955574007","POINT (-114.09686955574007 50.914019042733294)","1","B2892","1110058812"
"1982-10-07"," 72 AVENUE","BARLOW TRAIL","SE","Traffic signal","Yes","No","No","50.98949387058386","-113.9818392904671","POINT (-113.9818392904671 50.98949387058386)","1","0651","1109001680"
"1990-11-27"," 11 AVENUE","CENTRE STREET","S","Traffic signal","No","Yes","No","51.04239201011962","-114.06322843647372","POINT (-114.06322843647372 51.04239201011962)","1","0399","1109001277"
"2025-06-04","CORNERSTONE STREET","COUNTRY HILLS BOULEVARD","NE","Traffic signal","Yes","Yes","Yes","51.15430310191157","-113.94236412858865","POINT (-113.94236412858865 51.15430310191157)","1","1288","1110370635"
"2017-07-13"," 30 AVENUE"," 51 STREET","SW","Pedestrian RRFB","Yes","No","No","51.027028498195975","-114.1609674522764","POINT (-114.1609674522764 51.027028498195975)","1","B2902","1110061947"
"2012-12-06"," 17 AVENUE","PARKADE ENTRANCE","SW","Traffic signal T intersection","Yes","Yes","Yes","51.03790998695594","-114.19044029705815","POINT (-114.19044029705815 51.03790998695594)","1","1083","1109385091"
"1994-08-04"," 17 AVENUE"," 50 STREET","SE","Traffic signal","Yes","Yes","Yes","51.0378210915907","-113.9613705758307","POINT (-113.9613705758307 51.0378210915907)","1","0469","1109001760"
"1954-01-01","  1 AVENUE","  4 STREET","NE","Traffic signal","Yes","Yes","No","51.05341541138542","-114.0516825364453","POINT (-114.0516825364453 51.05341541138542)","1","0249","1109001404"
"1980-10-01"," 64 AVENUE","HUNTS CRESCENT","NW","Overhead Flasher","Yes","No","No","51.11157290154843","-114.07567496303876","POINT (-114.07567496303876 51.11157290154843)","1","B2514","1109001128"
"2010-01-18","107 AVENUE/18 STREET"," 24 STREET","SE","Traffic signal","Yes","Yes","No","50.95653850812319","-114.00116715657946","POINT (-114.00116715657946 50.95653850812319)","1","0848","1109001577"
"2017-08-25","ELBOW DRIVE","SABRINA ROAD","SW","Pedestrian RRFB","Yes","No","No","50.95704294179496","-114.08468117325393","POINT (-114.08468117325393 50.95704294179496)","1","B2890","1110058808"
"2007-04-22","  7 AVENUE","CENTRE STREET","N","Overhead Flasher","Yes","No","No","51.05879335454987","-114.0625047043347","POINT (-114.0625047043347 51.05879335454987)","1","B2739","1109001940"
"2000-11-13","McCALL WAY","PEGASUS ROAD","NE","Traffic signal","Yes","No","No","51.09408132597505","-114.01147774331363","POINT (-114.01147774331363 51.09408132597505)","1","0779","1109001475"
"2023-08-19","112 AVENUE/ROYAL BIRCH BOULEVARD","COUNTRY HILLS BOULEVARD","SW","Pedestrian RRFB","Yes","No","No","51.149608647084065","-114.21345524924217","POINT (-114.21345524924217 51.149608647084065)","1","B0102","1110419103"
"2006-08-10"," 24 AVENUE","  4 STREET","NW","Overhead Flasher","Yes","No","No","51.0742377680667","-114.07154824811954","POINT (-114.07154824811954 51.0742377680667)","1","B2741","1109001161"
"1982-01-01"," 32 AVENUE"," 12 STREET","NE","Traffic signal T intersection","Yes","No","No","51.08146618935659","-114.02734499373642","POINT (-114.02734499373642 51.08146618935659)","1","0139","1109001433"
"1966-08-01","BOWNESS ROAD"," 70 STREET","NW","Overhead Flasher","Yes","No","No","51.08895584774611","-114.19023263264754","POINT (-114.19023263264754 51.08895584774611)","1","B2523","1109000582"
"1987-01-01"," 68 AVENUE","CENTRE STREET","N","Overhead Flasher","Yes","No","No","51.115870695628814","-114.06765312683635","POINT (-114.06765312683635 51.115870695628814)","1","B2506","1109001260"
"1996-10-18","DALHOUSIE DRIVE","DALHAM CRESCENT","NW","Traffic signal","Yes","Yes","Yes","51.10655746554","-114.15880760325497","POINT (-114.15880760325497 51.10655746554)","1","0792","1109000647"
"1985-07-22","DOVER RIDGE DRIVE"," 36 STREET","SE","Traffic signal","Yes","No","No","51.02111992872655","-113.98159888374597","POINT (-113.98159888374597 51.02111992872655)","1","0558","1109001703"
"2015-05-15","  4 AVENUE","  5 AVENUE","SW","1/2 signal","Yes","Yes","No","51.04914588511441","-114.0874494858","POINT (-114.0874494858 51.04914588511441)","1","1140","1109935810"
"2008-12-03"," 16 AVENUE","  8 STREET","NW","Traffic signal","Yes","Yes","Yes","51.06692219886655","-114.08137433120348","POINT (-114.08137433120348 51.06692219886655)","1","0493","1109001630"
"1988-01-01","MIDLAKE BOULEVARD","BANNISTER ROAD","SE","Traffic signal","Yes","No","No","50.91409152322132","-114.06484015879127","POINT (-114.06484015879127 50.91409152322132)","1","0752","1109001252"
"1978-01-01","BARLOW TRAIL","GLENMORE TRAIL","SE","Traffic signal","Yes","No","No","50.97959213265757","-113.98179390910413","POINT (-113.98179390910413 50.97959213265757)","1","0640","1109001683"
"1998-07-10","  3 AVENUE","BARLOW TRAIL","SE","Traffic signal","Yes","No","No","51.047443350435564","-114.00172563657941","POINT (-114.00172563657941 51.047443350435564)","1","0272","1109001497"
"2000-10-19","BONAVENTURE DRIVE","HEARTHSTONE PLACE","SE","Traffic signal","Yes","No","No","50.954905506709","-114.06791540804915","POINT (-114.06791540804915 50.954905506709)","1","0714","1109001221"
"2019-01-25","OAKFIELD DRIVE","SOUTHLAND DRIVE","SW","Traffic signal","Yes","Yes","Yes","50.96128301624604","-114.13229558099788","POINT (-114.13229558099788 50.96128301624604)","1","0853","1110105840"
"2025-07-30","BRAESIDE DRIVE","BRANIFF ROAD","SW","Pedestrian RRFB","Yes","No","No","50.95451190736931","-114.1031017763071","POINT (-114.1031017763071 50.95451190736931)","1","B0120","1110433911"
"1995-08-22"," 54 AVENUE"," 52 STREET","SE","Traffic signal","Yes","No","No","51.003747756849734","-113.95849221597791","POINT (-113.95849221597791 51.003747756849734)","1","0626","1109001761"
"1974-01-01"," 64 AVENUE","  4 STREET","NW","Traffic signal","Yes","Yes","Yes","51.110609997207305","-114.07144730541515","POINT (-114.07144730541515 51.110609997207305)","1","0022","1109001176"
"2014-08-19"," 15 AVENUE","  5 STREET","SW","Traffic signal","Yes","Yes","Yes","51.038896562807274","-114.07435035038291","POINT (-114.07435035038291 51.038896562807274)","1","0525","1109001626"
"2016-08-10","OAKFIELD DRIVE","OAKWOOD DRIVE","SW","Pedestrian RRFB","Yes","No","No","50.96628072417292","-114.1325776516429","POINT (-114.1325776516429 50.96628072417292)","1","B2823","1110001157"
"1960-01-01","ELBOW DRIVE","SIFTON BOULEVARD","SW","Traffic signal T intersection","Yes","Yes","No","51.019171635469185","-114.07784871485502","POINT (-114.07784871485502 51.019171635469185)","1","0560","1109001071"
"2000-06-08"," 10 AVENUE","  2 STREET","SW","Traffic signal","No","Yes","No","51.04346494806752","-114.06812654675112","POINT (-114.06812654675112 51.04346494806752)","1","0394","1109001224"
"2010-04-13","  4 STREET"," 22 AVENUE","SW","Overhead Flasher","Yes","No","No","51.03336274025437","-114.07149892957047","POINT (-114.07149892957047 51.03336274025437)","1","B2689","1109001568"
"1971-01-01"," 16 AVENUE WB","DEERFOOT TRAIL NB RAMP","NE","Traffic signal","No","No","No","51.06741676905526","-114.02586310883078","POINT (-114.02586310883078 51.06741676905526)","1","0206","1109001438"
"2010-01-11"," 12 AVENUE"," 18 STREET","SW","Overhead Flasher","Yes","No","No","51.04259146232828","-114.10421850939879","POINT (-114.10421850939879 51.04259146232828)","1","B2760","1109416828"
"1956-01-01","  9 AVENUE","CENTRE STREET","S","Traffic signal T intersection","No","Yes","Yes","51.044612558056805","-114.06307459276769","POINT (-114.06307459276769 51.044612558056805)","1","0378","1109001278"
"2022-07-02","162 AVENUE","CP RAIL CROSSING","SE","1/2 signal","No","No","No","50.903167815415564","-114.07038939872164","POINT (-114.07038939872164 50.903167815415564)","1","1255","1110326180"
"1981-01-01"," 30 AVENUE","MISSION ROAD/4 STREET","SW","Traffic signal","Yes","No","No","51.02628669342145","-114.07134611103875","POINT (-114.07134611103875 51.02628669342145)","1","0531","1109001174"
"2022-11-03","HARVEST HILLS BOULEVARD","STONEY TRAIL","N","Traffic signal T intersection",,"No","No","51.17210540983351","-114.06884913510507","POINT (-114.06884913510507 51.17210540983351)","1","1271","1110403674"
"2008-02-06"," 59 AVENUE"," 11 STREET","SE","Traffic signal T intersection","Yes","No","No","50.99954412331085","-114.0371782519761","POINT (-114.0371782519761 50.99954412331085)","1","0534","1109000913"
"2017-04-12","OAKFIELD DRIVE"," 30 STREET","SW","Pedestrian RRFB","Yes","No","No","50.95403211830781","-114.12963065534026","POINT (-114.12963065534026 50.95403211830781)","1","B2862","1110038968"
"2014-05-23"," 77 AVENUE","HERITAGE DRIVE","SE","Traffic signal T intersection","Yes","No","Yes","50.9844233103621","-114.04849276577743","POINT (-114.04849276577743 50.9844233103621)","1","1102","1109712544"
"1989-09-26"," 99 AVENUE","SOUTHPORT ROAD","SW","Traffic signal","Yes","Yes","No","50.96097608674698","-114.07294076526814","POINT (-114.07294076526814 50.96097608674698)","1","0708","1109001129"
"1980-01-01"," 14 AVENUE"," 14 STREET SB RAMP","NW","Traffic signal","Yes","Yes","No","51.06440349340435","-114.09531675993304","POINT (-114.09531675993304 51.06440349340435)","1","0770","1109000924"
"1968-12-01","HOLMWOOD AVENUE","NORTHMOUNT DRIVE","NW","Overhead Flasher","Yes","No","No","51.093281292767436","-114.08017151560286","POINT (-114.08017151560286 51.093281292767436)","1","B2532","1109001054"
"2018-08-17","TUSCANY VALLEY PARK","TUSCANY WAY","NW","Fire signal","Yes","No","No","51.126861764947066","-114.24833105447541","POINT (-114.24833105447541 51.126861764947066)","1","0765","1110119671"
"1996-08-30","  4 AVENUE"," 52 STREET","NE","Traffic signal T intersection","Yes","Yes","Yes","51.05513308051851","-113.95652169253711","POINT (-113.95652169253711 51.05513308051851)","1","0172","1109001795"
"2016-02-29","NOLAN HILL BOULEVARD","SHOPPING CENTRE ENT","NW","Traffic signal","Yes","Yes","No","51.17200620871839","-114.15758947925856","POINT (-114.15758947925856 51.17200620871839)","1","0982","1109001274"
"2013-07-11","MARKET STREET/SETON CRESCENT","SETON WAY","SE","Traffic signal","Yes","Yes","Yes","50.87959906669588","-113.95670758585845","POINT (-113.95670758585845 50.87959906669588)","1","1096","1109703363"
"1969-01-01"," 12 AVENUE"," 19 STREET","NW","Overhead Flasher","Yes","No","No","51.06336975833369","-114.10629860341537","POINT (-114.10629860341537 51.06336975833369)","1","B2580","1109000823"
"2024-11-01","130 AVENUE","WOOD VALLEY GATE","SW","Pedestrian RRFB","Yes","No","No","50.93606925181645","-114.13575893895656","POINT (-114.13575893895656 50.93606925181645)","1","B0123","1110433915"
"2008-07-16"," 17 AVENUE"," 85 STREET","SW","Traffic signal","Yes","Yes","Yes","51.03795381418941","-114.21096854029349","POINT (-114.21096854029349 51.03795381418941)","1","0559","1109001606"
"2020-12-22","LAKE ASPEN ROAD","LAKE FRASER DRIVE","SE","Pedestrian RRFB","Yes","No","No","50.94636084137463","-114.06845317113083","POINT (-114.06845317113083 50.94636084137463)","1","B2759","1110340152"
"2024-10-23","RIVERCREST DRIVE/RIVERGLEN WAY","RIVERGLEN DRIVE","SE","Pedestrian RRFB","Yes","No","No","50.97625800807359","-114.01239283502352","POINT (-114.01239283502352 50.97625800807359)","1","B0091-TEMP","1110514739"
"1980-01-01"," 32 AVENUE","BARLOW TRAIL","NE","Traffic signal","Yes","No","No","51.08150666275682","-114.0017294010861","POINT (-114.0017294010861 51.08150666275682)","1","0141","1109001500"
"1956-01-01","  5 AVENUE","  9 STREET","SW","Traffic signal","Yes","Yes","No","51.04897690367857","-114.08353328417572","POINT (-114.08353328417572 51.04897690367857)","1","0303","1109001016"
"1993-07-07","MONTEREY SQUARE"," 68 STREET","NE","Traffic signal","Yes","No","No","51.070112576024464","-113.93509293114052","POINT (-113.93509293114052 51.070112576024464)","1","0164","1109001521"
"2023-11-14","34 AVENUE","71 STREET","NW","Pedestrian RRFB","Yes","No","No","51.08382937950346","-114.19064128706879","POINT (-114.19064128706879 51.08382937950346)","1","B0104","1110433842"
"2015-03-10","HIDDEN CREEK BOULEVARD","HIDDEN CREEK HT/HIDDEN CREEK WY","NW","Pedestrian RRFB","Yes","No","No","51.160117328799885","-114.10087418972893","POINT (-114.10087418972893 51.160117328799885)","1","B2789","1109783915"
"2020-05-12","BLACKFOOT TRAIL"," 15 STREET","SE","Traffic signal T intersection","Yes","Yes","Yes","51.035451934152476","-114.02445148678132","POINT (-114.02445148678132 51.035451934152476)","1","1176","1109001443"
"2021-08-06"," 4620","BOWNESS ROAD","NW","Pedestrian RRFB","Yes","No","No","51.072036820918015","-114.15972876336036","POINT (-114.15972876336036 51.072036820918015)","1","B0041","1110263614"
"2003-10-30","SUNRIDGE WAY"," 29 STREET","NE","Traffic signal","Yes","No","No","51.06918919068988","-113.99182435507325","POINT (-113.99182435507325 51.06918919068988)","1","0175","1109001652"
"2017-09-10","  610","RANCHLANDS BOULEVARD","NW","Pedestrian RRFB","Yes","No","No","51.118221662842295","-114.17874425571235","POINT (-114.17874425571235 51.118221662842295)","1","B2615","1109001595"
"2026-04-16","MAHOGANY BOULEVARD","MAHOGANY GATE","SE","Pedestrian RRFB","Yes","No","No","50.899744564951874","-113.93717754459328","POINT (-113.93717754459328 50.899744564951874)","1","B0198","1110582110"
"2012-11-21"," 17 AVENUE"," 47 STREET","SW","1/2 signal","Yes","Yes","No","51.037820015280516","-114.15579823420319","POINT (-114.15579823420319 51.037820015280516)","1","1065","1109587725"
"2025-08-22","20 AVENUE","12 STREET","NW","Pedestrian RRFB","Yes","No","No","51.070527519901155","-114.08979772313178","POINT (-114.08979772313178 51.070527519901155)","1","B0161","1110515433"
"2011-04-26","  2 AVENUE","  4 STREET","SW","Traffic signal","No","Yes","No","51.05146685429888","-114.07152741937918","POINT (-114.07152741937918 51.05146685429888)","1","0561","1109001157"
"2013-10-07","PEIGAN TRAIL"," 84 STREET","SE","Traffic signal","No","No","No","51.01589471785292","-113.91198707433654","POINT (-113.91198707433654 51.01589471785292)","1","0871","1109000794"
"1993-10-28","COUNTRY HILLS BOULEVARD"," 14 STREET","NW","Traffic signal","Yes","Yes","Yes","51.1433690489604","-114.10794464053717","POINT (-114.10794464053717 51.1433690489604)","1","0019","1109000814"
"2011-04-07","  3 AVENUE","  6 STREET","SW","Traffic signal","No","Yes","No","51.05066395252153","-114.07599032976958","POINT (-114.07599032976958 51.05066395252153)","1","0976","1109001100"
"1989-07-10"," 58 AVENUE"," 11 STREET","SE","Traffic signal T intersection","Yes","No","No","51.00175824917187","-114.0372890615277","POINT (-114.0372890615277 51.00175824917187)","1","0607","1109000912"
"2020-01-03","COUNTRY HILLS BOULEVARD"," 11 STREET","NE","Traffic signal T intersection","Yes","Yes","Yes","51.15428589881958","-114.03203510871397","POINT (-114.03203510871397 51.15428589881958)","1","1138","1109807023"
"2025-12-15","EVANSCOVE CIRCLE","EVANSTON VIEW","NW","Pedestrian RRFB",,"No","No","51.164406411090354","-114.11694810432175","POINT (-114.11694810432175 51.164406411090354)","1","B0160-TEMP","1110591889"
"2017-05-05","DALHOUSIE DRIVE","DALGETTY DRIVE","NW","Pedestrian RRFB","Yes","No","No","51.103395385931705","-114.15010455386798","POINT (-114.15010455386798 51.103395385931705)","1","B2868","1110038977"
"1969-04-01","KENSINGTON ROAD"," 22 STREET","NW","Overhead Flasher","Yes","No","No","51.052482530275064","-114.11285840716083","POINT (-114.11285840716083 51.052482530275064)","1","B2597","1109000796"
"2019-05-29","SAGE HILL PASSAGE","SAGE HILL PLAZA","NW","Traffic signal","Yes","Yes","Yes","51.16937721835827","-114.14689767987099","POINT (-114.14689767987099 51.16937721835827)","1","0990","1109796014"
"2026-04-09","1 AVENUE","7A STREET","NE","Pedestrian RRFB","Yes","No","No","51.05325847048843","-114.04440643872657","POINT (-114.04440643872657 51.05325847048843)","1","B0096","1110403687"
"2019-09-24","  212","TUSCANY WAY","NW","Pedestrian RRFB","Yes","No","No","51.1249831972535","-114.24684412892725","POINT (-114.24684412892725 51.1249831972535)","1","B0032","1109957111"
"2013-08-07","AIRPORT TRAIL","DEERFOOT TRAIL","NE","Traffic signal","No","Yes","Yes","51.14081831579769","-114.03327032279127","POINT (-114.03327032279127 51.14081831579769)","1","0907","1109001424"
"1993-03-26","RICHMOND ROAD","STEWART GREEN","SW","Traffic signal","Yes","Yes","Yes","51.017176775296484","-114.17095808303186","POINT (-114.17095808303186 51.017176775296484)","1","0627","1109000611"
"2024-12-03","SAGE VALLEY BOULEVARD","SHAGANAPPI TRAIL ","NW","Traffic signal T intersection","Yes","Yes","Yes","51.17522094062687","-114.15677506517174","POINT (-114.15677506517174 51.17522094062687)","1","1221","1110175565"
"1963-01-01","  4 AVENUE","  1 STREET","SE","Traffic signal","No","Yes","Yes","51.04926171330314","-114.06029981335283","POINT (-114.06029981335283 51.04926171330314)","1","0300","1109001329"
"1989-11-21","  2 AVENUE"," 10 STREET","NW","Traffic signal T intersection","Yes","Yes","Yes","51.054073199037354","-114.08588051382657","POINT (-114.08588051382657 51.054073199037354)","1","0242","1109000990"
"2012-08-30","TARAVISTA DRIVE","TARACOVE ROAD","NE","Overhead Flasher","Yes","No","No","51.12063878077707","-113.93640851410409","POINT (-113.93640851410409 51.12063878077707)","1","B2770","1109698773"
"2001-02-07","KENSINGTON ROAD"," 18 STREET","NW","Overhead Flasher","Yes","No","No","51.05251878884082","-114.10241647025902","POINT (-114.10241647025902 51.05251878884082)","1","B2698","1109000838"
"2007-10-19"," 2929","SUNRIDGE WAY","NE","Traffic signal","Yes","No","No","51.06921048876082","-113.9948463535843","POINT (-113.9948463535843 51.06921048876082)","1","0867","1109001661"
"1981-01-01"," 44 AVENUE/TEMPLE DRIVE"," 52 STREET","NE","Traffic signal","Yes","Yes","Yes","51.091403999355194","-113.95839803890789","POINT (-113.95839803890789 51.091403999355194)","1","0089","1109001763"
"1998-11-06","COUNTRY HILLS BOULEVARD","SHAGANAPPI TRAIL","NW","Traffic signal","Yes","No","No","51.14263466636091","-114.12367476947306","POINT (-114.12367476947306 51.14263466636091)","1","0927","1109000775"
"2017-06-27"," 48 AVENUE"," 85 STREET","NW","Traffic signal T intersection","Yes","Yes","Yes","51.09587255620259","-114.21096971365867","POINT (-114.21096971365867 51.09587255620259)","1","0014","1110004239"
"1971-01-01","SOUTHLAND DRIVE"," 14 STREET","SW","Traffic signal","Yes","Yes","Yes","50.96152096530602","-114.09520288692937","POINT (-114.09520288692937 50.96152096530602)","1","0693","1109000925"
"1975-01-01","NORTHLAND DRIVE","NORTHMOUNT DRIVE","NW","Traffic signal","Yes","Yes","Yes","51.09602816367231","-114.14130783326924","POINT (-114.14130783326924 51.09602816367231)","1","0074","1109000700"
"2001-06-19"," 2011","UNIVERSITY DRIVE","NW","Overhead Flasher","Yes","No","No","51.070646392494325","-114.12500653642608","POINT (-114.12500653642608 51.070646392494325)","1","B2707","1109000757"
"1952-01-01","  4 AVENUE","  9 STREET","SW","Traffic signal","Yes","Yes","No","51.04992870691976","-114.08348472193754","POINT (-114.08348472193754 51.04992870691976)","1","0290","1109001017"
"1998-11-25","SHAWVILLE BOULEVARD","SHAWVILLE GATE","SE","Traffic signal","Yes","Yes","No","50.89942890408335","-114.06324381539554","POINT (-114.06324381539554 50.89942890408335)","1","0757","1109001265"
"1954-01-01","  5 AVENUE"," 10 STREET","NW","Traffic signal T intersection","No","Yes","Yes","51.0571116777732","-114.08594319212725","POINT (-114.08594319212725 51.0571116777732)","1","0237","1109000986"
"2010-12-14"," 68 STREET"," 14 AVENUE","SE","Overhead Flasher","Yes","No","No","51.04049688870872","-113.93516700120655","POINT (-113.93516700120655 51.04049688870872)","1","B2757","1109601453"
"2007-08-08","BOW TRAIL","WESTWOOD DRIVE","SW","1/2 signal","Yes","Yes","Yes","51.05088842934693","-114.15949256587133","POINT (-114.15949256587133 51.05088842934693)","1","0526","1109000645"
"2007-03-26","114 AVENUE"," 52 STREET","SE","Traffic signal","Yes","No","No","50.950533037204714","-113.95815590429717","POINT (-113.95815590429717 50.950533037204714)","1","0846","1109001793"
"1978-01-01"," 40 AVENUE","CENTRE STREET","N","Traffic signal","Yes","Yes","Yes","51.0887343500784","-114.06243515228829","POINT (-114.06243515228829 51.0887343500784)","1","0083","1109001303"
"2005-05-09"," 61 AVENUE"," 84 STREET","SE","Traffic signal","No","No","No","50.99789273310188","-113.91184395177467","POINT (-113.91184395177467 50.99789273310188)","1","0828","1109001535"
"1971-01-01"," 16 AVENUE","  6 STREET","NE","Traffic signal","Yes","Yes","Yes","51.06698600242878","-114.04832390131081","POINT (-114.04832390131081 51.06698600242878)","1","0203","1109000867"
"2020-02-25","  5 STREET","ROYAL AVENUE","SW","Pedestrian RRFB","Yes","No","No","51.034819504530454","-114.07420676931471","POINT (-114.07420676931471 51.034819504530454)","1","B0013","1110203128"
"2010-07-07","114 AVENUE","DOUGLAS CENTRE/27 STREET","SE","Traffic signal","Yes","Yes","No","50.952533611727155","-113.99803886156643","POINT (-113.99803886156643 50.952533611727155)","1","1032","1109382733"
"1956-01-01","  5 AVENUE","  4 STREET","SW","Traffic signal","No","Yes","No","51.048661985488295","-114.07149003741674","POINT (-114.07149003741674 51.048661985488295)","1","0308","1109001151"
"1996-07-11"," 17 AVENUE"," 69 STREET","SW","Traffic signal","Yes","Yes","No","51.03790806504081","-114.18756906814605","POINT (-114.18756906814605 51.03790806504081)","1","0472","1109000590"
"1978-01-01","CANYON MEADOWS DRIVE","LAKE CRIMSON DR/PARKLAND BLVD","SE","Traffic signal","Yes","Yes","Yes","50.93024571267205","-114.03855135167463","POINT (-114.03855135167463 50.93024571267205)","1","0744","1109000909"
"1956-01-01","  6 AVENUE"," 11 STREET","SW","Traffic signal","No","Yes","No","51.04817057698124","-114.08850742516826","POINT (-114.08850742516826 51.04817057698124)","1","0316","1109000973"
"2004-05-20","SHAWVILLE GATE","SOMERVALE COURT","SW","Traffic signal","Yes","Yes","No","50.8980740686135","-114.0700411843696","POINT (-114.0700411843696 50.8980740686135)","1","0837","1109001186"
"2006-10-16","COUNTRY HILLS BOULEVARD","COUNTRY HILLS DRIVE","NW","Traffic signal T intersection","Yes","No","No","51.147495845671564","-114.07734188385554","POINT (-114.07734188385554 51.147495845671564)","1","0947","1109001213"
"2006-10-05","HERITAGE DRIVE"," 10 STREET","SW","Overhead Flasher","Yes","No","No","50.9795854598707","-114.08813569623229","POINT (-114.08813569623229 50.9795854598707)","1","B2737","1109000966"
"2021-11-05"," 19 AVENUE"," 36 STREET","SE","Traffic signal","Yes","Yes","Yes","51.036217256448964","-113.98161078025721","POINT (-113.98161078025721 51.036217256448964)","1","1245","1110115659"
"1975-01-01"," 58 AVENUE","BURBANK ROAD","SE","Traffic signal","Yes","No","No","51.00140701269645","-114.04523530899618","POINT (-114.04523530899618 51.00140701269645)","1","0606","1109000880"
"2016-11-16","  1 AVENUE","  6 STREET","NE","Pedestrian RRFB","Yes","No","No","51.05327397118559","-114.04839722704979","POINT (-114.04839722704979 51.05327397118559)","1","B2848","1110001188"
"2004-11-22","COUNTRY VILLAGE RD/PANAMOUNT B","HARVEST HILLS BOULEVARD","N","Traffic signal","Yes","Yes","Yes","51.16016105528144","-114.07076611923264","POINT (-114.07076611923264 51.16016105528144)","1","0942","1109001182"
"2015-11-17","10940","BONAVENTURE DRIVE","SE","Overhead Flasher","Yes","No","No","50.954184470318566","-114.06583175227932","POINT (-114.06583175227932 50.954184470318566)","1","B2811","1109937340"
"1959-01-01"," 11 AVENUE","  4 STREET","SW","Traffic signal","No","Yes","Yes","51.04262098484952","-114.07148527700427","POINT (-114.07148527700427 51.04262098484952)","1","0404","1109001169"
"1980-01-01"," 17 AVENUE","DEERFOOT TRAIL SB RAMP","SE","1/4 signal","No","No","No","51.037002901916296","-114.0067083261149","POINT (-114.0067083261149 51.037002901916296)","1","0460","1109001483"
"2007-07-03"," 50 AVENUE"," 25 STREET","SE","Traffic signal","Yes","No","No","51.008697492905334","-113.99848954510927","POINT (-113.99848954510927 51.008697492905334)","1","0887","1109001637"
"2020-05-08"," 1928"," 14 AVENUE","NW","Overhead Flasher","Yes","No","No","51.065180743514134","-114.10426345978053","POINT (-114.10426345978053 51.065180743514134)","1","B2617","1110083701"
"1968-01-01","SOUTHLAND DRIVE","ACADIA DRIVE","SE","Traffic signal","Yes","Yes","No","50.964008034630524","-114.04844476595962","POINT (-114.04844476595962 50.964008034630524)","1","0700","1109000865"
"1969-01-01","  9 AVENUE","  7 STREET","SW","Traffic signal","Yes","Yes","Yes","51.045055356648845","-114.07879729915442","POINT (-114.07879729915442 51.045055356648845)","1","0372","1109001061"
"1990-09-27","JOHN LAURIE BOULEVARD","NOSE HILL DRIVE","NW","Traffic signal","Yes","No","No","51.12771216809178","-114.19450621769306","POINT (-114.19450621769306 51.12771216809178)","1","0040","1109000575"
"2001-10-04","SHAWNEE DRIVE","SHAWNEE GATE","SW","Traffic signal","Yes","Yes","No","50.924176758259776","-114.07501334186028","POINT (-114.07501334186028 50.924176758259776)","1","0833","1109001106"
"1968-01-01","  5 AVENUE/6 AVENUE"," 19 STREET","NW","Traffic signal","Yes","Yes","No","51.05741348310981","-114.10554901951792","POINT (-114.10554901951792 51.05741348310981)","1","0235","1109000829"
"1985-01-01"," 39 AVENUE/WHITEFIELD DRIVE"," 36 STREET","NE","Traffic signal","Yes","Yes","No","51.08834505792953","-113.98172923616366","POINT (-113.98172923616366 51.08834505792953)","1","0086","1109001686"
"1981-01-01","CENTRE STREET","GLENMORE TRAIL WB RAMP","S","Traffic signal T intersection","Yes","No","No","50.994155403118185","-114.06382014593198","POINT (-114.06382014593198 50.994155403118185)","1","0635","1109001272"
"1995-05-30"," 61 AVENUE","  3 STREET","SW","Traffic signal","Yes","Yes","Yes","50.99770923251114","-114.06957848685694","POINT (-114.06957848685694 50.99770923251114)","1","0624","1109001201"
"2023-09-21","SIROCCO DRIVE","SIGNAL HILL HEIGHTS","SW","Pedestrian RRFB","Yes","No","No","51.03270154734778","-114.16723049729586","POINT (-114.16723049729586 51.03270154734778)","1","B0054","1110310148"
"1957-01-01","KENSINGTON ROAD"," 19 STREET","NW","Traffic signal","Yes","Yes","Yes","51.052501860721435","-114.10556057114572","POINT (-114.10556057114572 51.052501860721435)","1","0245","1109000830"
"2001-01-09"," 39 AVENUE","BARLOW TRAIL","NE","Traffic signal T intersection","Yes","Yes","Yes","51.08871104539233","-114.00170292570299","POINT (-114.00170292570299 51.08871104539233)","1","0786","1109001632"
"2010-03-01","ROCKY VALLEY DRIVE","TWELVE MILE COULEE ROAD ","NW","Traffic signal T intersection","Yes","No","No","51.14847928975085","-114.25732717207465","POINT (-114.25732717207465 51.14847928975085)","1","1035","1109001882"
"2021-08-13","CAYLEY ROAD","LONGVIEW COMMON","SE","Traffic signal","Yes","Yes","Yes","50.86417232118864","-114.031320922863","POINT (-114.031320922863 50.86417232118864)","1","1211","1110227920"
"1978-01-01"," 40 AVENUE"," 49 STREET","NW","Traffic signal","Yes","No","No","51.08826434780853","-114.15848749856269","POINT (-114.15848749856269 51.08826434780853)","1","0121","1109000650"
"1992-02-04","CANYON MEADOWS DRIVE","LAKE FRASER DRIVE","SE","Traffic signal","Yes","No","No","50.930418917633425","-114.066025723212","POINT (-114.066025723212 50.930418917633425)","1","0742","1109001244"
"2015-12-02","  108","QUARRY PARK ROAD","SE","Pedestrian RRFB","Yes","No","No","50.96115414664062","-114.00723175102809","POINT (-114.00723175102809 50.96115414664062)","1","B2782","1109718762"
"1959-01-01"," 20 AVENUE"," 10 STREET","NW","Traffic signal","No","No","No","51.070534082430086","-114.08488363867455","POINT (-114.08488363867455 51.070534082430086)","1","0182","1109000998"
"2015-10-08","104 AVENUE"," 36 STREET","NE","Traffic signal T intersection","Yes","No","No","51.14700015130591","-113.98164702143036","POINT (-113.98164702143036 51.14700015130591)","1","1111","1109730484"
"2017-12-15"," 44 AVENUE"," 16 STREET","SW","Pedestrian RRFB","Yes","No","No","51.01423916707007","-114.10047652086112","POINT (-114.10047652086112 51.01423916707007)","1","B2588","1110067620"
"1989-10-10"," 15 AVENUE","  1 STREET","SE","Traffic signal","Yes","Yes","Yes","51.03850060008749","-114.06107007401073","POINT (-114.06107007401073 51.03850060008749)","1","0433","1109001314"
"2011-07-25","DOUGLAS GLEN BOULEVARD"," 18 STREET","SE","Traffic signal T intersection","Yes","Yes","No","50.95717350568693","-114.0074251343112","POINT (-114.0074251343112 50.95717350568693)","1","1081","1109641387"
"2024-03-14","  9 AVENUE"," 14 STREET","SE","Overhead Flasher",,"No","No","51.03917911552286","-114.02900740468561","POINT (-114.02900740468561 51.03917911552286)","1","B0075","1110368345"
"1972-01-01","  6 AVENUE","  3 STREET","SE","Traffic signal","No","Yes","No","51.047236168201806","-114.05550764430195","POINT (-114.05550764430195 51.047236168201806)","1","0330","1109001372"
"1994-08-29","BLACKFOOT TRAIL","ALYTH ROAD","SE","Traffic signal","Yes","No","No","51.03407011695743","-114.02527240809367","POINT (-114.02527240809367 51.03407011695743)","1","0486","1109001440"
"1965-01-01"," 25 AVENUE","  4 STREET","SW","Traffic signal","Yes","Yes","Yes","51.030574708932434","-114.07150951340138","POINT (-114.07150951340138 51.030574708932434)","1","0496","1109001155"
"2024-01-08","SAGE BLUFF GATE/SAGE HILL WAY","SAGE HILL DRIVE","NW","Pedestrian RRFB","Yes","No","No","51.17889933259376","-114.14116638962355","POINT (-114.14116638962355 51.17889933259376)","1","B0105","1110433843"
"2015-06-18","  8 AVENUE"," 11 STREET","SW","Traffic signal T intersection","No","Yes","Yes","51.04625834466588","-114.08865276101295","POINT (-114.08865276101295 51.04625834466588)","1","1139","1109807552"
"1972-01-01","GLENMORE TRAIL","OGDEN ROAD/24 STREET","SE","Traffic signal","Yes","No","No","50.97954418677114","-113.99882915089947","POINT (-113.99882915089947 50.97954418677114)","1","0638","1109001636"
"2021-05-04","LEGACY VILLAGE LINK","NAPTHA PLAZA/LEGACY MAIN STREET","SE","Traffic signal","Yes","Yes","Yes","50.86180397417421","-114.02753231427181","POINT (-114.02753231427181 50.86180397417421)","1","1214","1110227921"
"1997-05-16","RICHMOND ROAD","SARCEE TRAIL","SW","Traffic signal","Yes","Yes","Yes","51.01804005815844","-114.16602432693558","POINT (-114.16602432693558 51.01804005815844)","1","0538","1109000621"
"2024-06-04","210 AVENUE","LEGACY VILLAGE LINK","SE","Pedestrian RRFB",,"No","No","50.8642599942552","-114.02610701838778","POINT (-114.02610701838778 50.8642599942552)","1","B0077","1110368347"
"1971-01-01"," 40 AVENUE","SHAGANAPPI TRAIL","NW","Traffic signal","Yes","Yes","Yes","51.08826335960703","-114.15375966421584","POINT (-114.15375966421584 51.08826335960703)","1","0122","1109000662"
"2010-01-18","  9 AVENUE","  4 STREET","SE","Traffic signal","No","Yes","No","51.04428276143604","-114.05321359477351","POINT (-114.05321359477351 51.04428276143604)","1","0386","1109550512"
"2023-04-05","EDMONTON TRAIL","MEREDITH ROAD","NE","Traffic signal",,"Yes","Yes","51.05190688742789","-114.05027924184651","POINT (-114.05027924184651 51.05190688742789)","1","1268","1110368344"
"2026-05-28"," 98 AVENUE"," 24 STREET ","SW","Traffic signal","Yes","Yes","Yes","50.965012609435064","-114.11787130975513","POINT (-114.11787130975513 50.965012609435064)","1","0629","1110373082"
"2021-11-30"," 16 AVENUE","  8 STREET","SW","Traffic signal","No","Yes","Yes","51.03814686704427","-114.08179065966574","POINT (-114.08179065966574 51.03814686704427)","1","0434","1109001108"
"1959-01-01"," 11 AVENUE"," 11 STREET","SW","Traffic signal","No","Yes","No","51.043074414809034","-114.08888740060779","POINT (-114.08888740060779 51.043074414809034)","1","0401","1109000969"
"2025-06-18","KINCORA GATE","SHAGANAPPI TRAIL","NW","Traffic signal T intersection","Yes","Yes","Yes","51.1655999975993","-114.14868937420269","POINT (-114.14868937420269 51.1655999975993)","1","1291","1110189610"
"1987-10-20","HUNTERHORN DRIVE/HUNTCHESTER RD","  4 STREET","NE","Traffic signal","Yes","Yes","Yes","51.11273066960928","-114.05664061095847","POINT (-114.05664061095847 51.11273066960928)","1","0015","1109001360"
"2018-10-31","  8 AVENUE","  3 STREET","SE","Overhead Flasher","Yes","No","No","51.04514943030434","-114.05567403768222","POINT (-114.05567403768222 51.04514943030434)","1","B2735","1110006473"
"2023-12-14","19587","SETON CRESCENT","SE","Traffic signal","Yes","Yes","Yes","50.87838370126109","-113.95989722957214","POINT (-113.95989722957214 50.87838370126109)","1","1200","1110185512"
"1966-08-01","ELBOW DRIVE"," 86 AVENUE/HARCOURT ROAD","SW","Overhead Flasher","Yes","No","No","50.976659863765654","-114.0838637975648","POINT (-114.0838637975648 50.976659863765654)","1","B2656","1109001007"
"1980-01-01","  8 AVENUE"," 44 STREET","SE","Traffic signal","Yes","No","No","51.04518309680623","-113.97002387105755","POINT (-113.97002387105755 51.04518309680623)","1","0359","1109001739"
"2004-09-22","SHAWVILLE BOULEVARD","SUPERSTORE ENTRANCE","SE","Traffic signal","Yes","No","No","50.908345680561766","-114.06831376192524","POINT (-114.06831376192524 50.908345680561766)","1","0861","1109001208"
"2003-10-21","McKENZIE TOWNE BOULEVARD","DEERFOOT TRAIL NB RAMP","SE","Traffic signal T intersection","No","No","No","50.91644981866173","-113.97328509799226","POINT (-113.97328509799226 50.91644981866173)","1","0882","1109001724"
"2023-06-09"," 90 AVENUE","BAY RIDGE DRIVE","SW","Traffic signal","Yes","Yes","Yes","50.972230014422095","-114.10910857272836","POINT (-114.10910857272836 50.972230014422095)","1","1253","1110325662"
"2016-07-04","EAST HILLS NORTH ACCESS"," 84 STREET","SE","Traffic signal T intersection","Yes","Yes","Yes","51.042572904101206","-113.91066901743753","POINT (-113.91066901743753 51.042572904101206)","1","1116","1109737891"
"1979-01-01","CHARLESWOOD DRIVE","BRENTWOOD MALL ENT","NW","Traffic signal T intersection","Yes","No","Yes","51.08456853603535","-114.12348890774692","POINT (-114.12348890774692 51.08456853603535)","1","0097","1109000763"
"2019-03-27","CRANFORD WAY","CRANSTON ROUNDABOUT","SE","Pedestrian RRFB","Yes","No","No","50.868824382181515","-113.96923357171512","POINT (-113.96923357171512 50.868824382181515)","1","B2719","1110173059"
"1977-01-01","  4 AVENUE","  7 STREET","SW","Traffic signal","No","Yes","No","51.04977229255804","-114.07852753822127","POINT (-114.07852753822127 51.04977229255804)","1","0292","1109001069"
"2018-12-04","  8A AVENUE"," 85 STREET","SW","Traffic signal","Yes","Yes","Yes","51.06154216545512","-114.21096718681656","POINT (-114.21096718681656 51.06154216545512)","1","0492","1109001289"
"2002-09-29","CROWCHILD TRAIL"," 53 STREET","NW","Traffic signal","Yes","Yes","Yes","51.105496823223845","-114.16476369916352","POINT (-114.16476369916352 51.105496823223845)","1","0102","1109000623"
"2017-09-01"," 32 STREET","SUNRIDGE SPECTRUM DRIVEWAY","NE","Pedestrian RRFB","Yes","No","No","51.0743727639471","-113.98869046710998","POINT (-113.98869046710998 51.0743727639471)","1","B2851","1110038954"
"2020-08-12"," 90 AVENUE","BARLOW SQUARE","SE","Traffic signal T intersection","Yes","Yes","Yes","50.97230106444588","-113.97869006440507","POINT (-113.97869006440507 50.97230106444588)","1","1205","1110214615"
"2001-06-21","ACADIA DRIVE"," 94 AVENUE","SE","Overhead Flasher","Yes","No","No","50.968520945856596","-114.04843522276389","POINT (-114.04843522276389 50.968520945856596)","1","B2702","1109000866"
"2023-02-22","SUN VALLEY BOULEVARD","SUN HARBOUR ROAD/SIKOME ROAD","SE","Traffic signal","Yes","Yes","Yes","50.90072610296098","-114.02432477615407","POINT (-114.02432477615407 50.90072610296098)","1","1258","1110343618"
"1995-04-05"," 11 AVENUE","  7 STREET","SW","Traffic signal","Yes","Yes","Yes","51.0428229106093","-114.07900063055017","POINT (-114.07900063055017 51.0428229106093)","1","0409","1109001060"
"2024-10-04","TUSCANY DRIVE","TUSCANY GLEN ROAD","NW","Pedestrian RRFB","Yes","No","No","51.11841186082779","-114.24887926315776","POINT (-114.24887926315776 51.11841186082779)","1","B0110","1110433898"
"2007-10-10"," 64 AVENUE"," 11 STREET","NE","Traffic signal","Yes","Yes","No","51.11051827350452","-114.03643048330338","POINT (-114.03643048330338 51.11051827350452)","1","0888","1109000920"
"2019-05-29","COPPERFIELD BV/NEW BRIGHTON WAY","McIVOR BOULEVARD","SE","Traffic signal","Yes","Yes","Yes","50.91407930095876","-113.94308006102274","POINT (-113.94308006102274 50.91407930095876)","1","0920","1110175438"
"2005-03-31"," 34 AVENUE"," 32 STREET","NE","Traffic signal","Yes","No","No","51.0836453400393","-113.9886604047066","POINT (-113.9886604047066 51.0836453400393)","1","0226","1109000725"
"2016-04-14"," 23 AVENUE"," 52 STREET","SE","Traffic signal T intersection","Yes","Yes","No","51.032155407078164","-113.95838100700736","POINT (-113.95838100700736 51.032155407078164)","1","0487","1109001616"
"2026-08-26","40 AVENUE","20 STREET","SW","Pedestrian RRFB","Yes","No","No","51.01785983635788","-114.10917391793734","POINT (-114.10917391793734 51.01785983635788)","1","B0162","1110515444"
"2022-11-06","SHAGANAPPI TRAIL","STONEY TRAIL","NW","Traffic signal T intersection",,"No","No","51.1541324454718","-114.14100261555932","POINT (-114.14100261555932 51.1541324454718)","1","1272","1110403675"
"1978-08-01"," 40 AVENUE","VARSCLIFF ROAD/52 STREET ","NW","Overhead Flasher","Yes","No","No","51.08827037560434","-114.16188160632433","POINT (-114.16188160632433 51.08827037560434)","1","B2524","1109000639"
"2022-09-12","BOWNESS ROAD"," 45 STREET","NW","Pedestrian RRFB","Yes","No","No","51.07144129164397","-114.15888069213656","POINT (-114.15888069213656 51.07144129164397)","1","B2723","1110163097"
"1983-01-01","CASTLERIDGE BV/FALCONRIDGE DR","FALCONRIDGE BOULEVARD","NE","Traffic signal","Yes","Yes","No","51.09987279795656","-113.9583522877779","POINT (-113.9583522877779 51.09987279795656)","1","0039","1109001775"
"2003-11-26","DALHOUSIE STN PARK'n'RIDE","CROWCHILD TRAIL RAMP","NW","Traffic signal","Yes","Yes","No","51.10458861708833","-114.16042501723473","POINT (-114.16042501723473 51.10458861708833)","1","0808","1109000642"
"1987-01-01"," 24 AVENUE"," 14 STREET","NW","Traffic signal T intersection","Yes","Yes","Yes","51.07426620200176","-114.0947651030027","POINT (-114.0947651030027 51.07426620200176)","1","0165","1109000940"
"2025-05-23","HOME ROAD","52 STREET","NW","Pedestrian RRFB",,"No","No","51.08001019031939","-114.16442684873722","POINT (-114.16442684873722 51.08001019031939)","1","B0136","1110483515"
"2012-11-26","RICHARDSON WAY","RICHARDSON LINK","SW","Traffic signal","Yes","Yes","Yes","51.015011967745366","-114.13419270815294","POINT (-114.13419270815294 51.015011967745366)","1","1099","1109712163"
"1970-11-13"," 23 AVENUE","SPILLER ROAD","SE","Overhead Flasher","Yes","No","No","51.03296110988982","-114.04528027733458","POINT (-114.04528027733458 51.03296110988982)","1","B2650","1109000879"
"2005-11-28","CROWCHILD TRAIL","SARCEE TRAIL","NW","Traffic signal","No","No","No","51.111439323804404","-114.17775589474236","POINT (-114.17775589474236 51.111439323804404)","1","0950","1109000604"
"2012-10-04","JOHN LAURIE BOULEVARD"," 200 CROWFOOT GATE","NW","Traffic signal T intersection","Yes","Yes","Yes","51.1298941739476","-114.19970008615793","POINT (-114.19970008615793 51.1298941739476)","1","0513","1109001607"
"2003-10-30","SUNRIDGE WAY"," 32 STREET","NE","Traffic signal","Yes","No","No","51.069045150359095","-113.98928465918777","POINT (-113.98928465918777 51.069045150359095)","1","0176","1109001663"
"2020-08-10","SCENIC COVE DRIVE","SCURFIELD DRIVE","NW","Pedestrian RRFB","Yes","No","No","51.12097146086673","-114.21092798447262","POINT (-114.21092798447262 51.12097146086673)","1","B0033","1110262493"
"2026-01-27","194 AVENUE","SILVERADO DRIVE/YORKVILLE BOULEVARD","SW","Traffic signal","Yes","Yes","Yes","50.877632803356335","-114.0778317764494","POINT (-114.0778317764494 50.877632803356335)","1","1315","1110508575"
"2023-08-09"," 6635","106 AVENUE","SE","Traffic signal","Yes","Yes","Yes","50.963080136071305","-113.9401249574022","POINT (-113.9401249574022 50.963080136071305)","1","0974","1110328963"
"2000-01-01","SIROCCO DRIVE","SIGNATURE WAY","SW","Traffic signal","Yes","Yes","Yes","51.035959543833734","-114.16802980279176","POINT (-114.16802980279176 51.035959543833734)","1","0435","1109000616"
"2010-10-25","FALCONRIDGE BOULEVARD","TARACOVE ESTATE DRIVE","NE","Traffic signal","Yes","Yes","Yes","51.118855493940224","-113.94672257682066","POINT (-113.94672257682066 51.118855493940224)","1","1067","1109526490"
"2004-07-06"," 32 AVENUE"," 33 STREET","NW","Overhead Flasher","Yes","No","No","51.08150924835683","-114.1341847165945","POINT (-114.1341847165945 51.08150924835683)","1","B2724","1109000726"
"1979-12-11","MADIGAN DRIVE","  4 AVENUE","NE","Overhead Flasher","Yes","No","No","51.05576236232253","-113.94183134658158","POINT (-113.94183134658158 51.05576236232253)","1","B2594","1109001510"
"1981-01-01","MIDLAKE BOULEVARD","MIDPARK BOULEVARD/MIDRIDGE DR","SE","Traffic signal","Yes","Yes","Yes","50.91491701253324","-114.06157657391772","POINT (-114.06157657391772 50.91491701253324)","1","0751","1109001309"
"2026-02-24","SUNCREST WAY","SUN VALLEY BOULEVARD","SE","Pedestrian RRFB","Yes","No","No","50.905784758525165","-114.03574391363411","POINT (-114.03574391363411 50.905784758525165)","1","B0175","1110515732"
"2020-10-21"," 24 AVENUE"," 23 STREET","NW","Pedestrian RRFB","Yes",,,"51.07428373646329","-114.11538847275162","POINT (-114.11538847275162 51.07428373646329)","1","B0040","1110263713"
"1997-05-16","RICHMOND ROAD","STEWART GREEN","SW","Traffic signal","Yes","Yes","Yes","51.01784408170639","-114.16801007962967","POINT (-114.16801007962967 51.01784408170639)","1","0537","1109000615"
"1974-11-01"," 26 AVENUE"," 17A STREET","SW","Overhead Flasher","Yes","No","No","51.03043351699294","-114.10334739210944","POINT (-114.10334739210944 51.03043351699294)","1","B2628","1109000834"
"1978-01-01","SOUTHLAND DRIVE"," 24 STREET","SW","Traffic signal","Yes","No","Yes","50.96130176075732","-114.11795182616382","POINT (-114.11795182616382 50.96130176075732)","1","0690","1109000774"
"2022-01-13","COPPERFIELD BOULEVARD","MCIVOR BOULEVARD","SE","Traffic signal T intersection","Yes","Yes","Yes","50.919347154268245","-113.93219017662678","POINT (-113.93219017662678 50.919347154268245)","1","1229","1110271276"
"2016-08-09","FALSHIRE CLOSE","FALSHIRE DRIVE","NE","Pedestrian RRFB","Yes","No","No","51.105326985907325","-113.94509038864608","POINT (-113.94509038864608 51.105326985907325)","1","B2824","1110001158"
"1996-11-04","CANYON MEADOWS DRIVE","MACLEOD TRAIL","SW","Traffic signal","No","No","No","50.9318598118676","-114.06961623204349","POINT (-114.06961623204349 50.9318598118676)","1","0741","1109001209"
"2020-02-06","128 AVENUE"," 60 STREET","NE","Traffic signal","Yes","Yes","Yes","51.165344952681785","-113.9467529893026","POINT (-113.9467529893026 51.165344952681785)","1","1137","1110175195"
"1968-01-01"," 16 AVENUE","HOME ROAD","NW","Traffic signal","Yes","Yes","Yes","51.072737080752866","-114.16443151290923","POINT (-114.16443151290923 51.072737080752866)","1","0190","1109000628"
"1988-12-08","LAKE FRASER GATE","MACLEOD TRAIL","S","Traffic signal T intersection","No","No","No","50.93944198443133","-114.06936828614062","POINT (-114.06936828614062 50.93944198443133)","1","0740","1109001200"
"2002-09-12","CROWCHILD TRAIL"," 53 STREET","NW","Traffic signal","Yes","Yes","No","51.104713728006956","-114.16558518125855","POINT (-114.16558518125855 51.104713728006956)","1","0806","1109000624"
"2019-11-21","  650","CROWFOOT CRESCENT","NW","Overhead Flasher","Yes","No","No","51.12821094358103","-114.20426234235491","POINT (-114.20426234235491 51.12821094358103)","1","B0021","1110203136"
"2000-06-05"," 11 AVENUE"," 10 STREET","SW","Traffic signal","Yes","Yes","Yes","51.04302812910589","-114.08637947254948","POINT (-114.08637947254948 51.04302812910589)","1","0432","1109000981"
"1974-01-01"," 40 AVENUE","NORTHMOUNT DRIVE","NW","Traffic signal","Yes","Yes","Yes","51.088845601417034","-114.08551666857097","POINT (-114.08551666857097 51.088845601417034)","1","0080","1109000992"
"1995-07-10","BERKSHIRE BOULEVARD","BERKLEY DRIVE/SANDARAC DRIVE","NW","Traffic signal","Yes","Yes","No","51.13210778262914","-114.09968988804019","POINT (-114.09968988804019 51.13210778262914)","1","0017","1109000845"
"2020-07-16","SHERVIEW DRIVE","SHERWOOD BOULEVARD","NW","Traffic signal","Yes","Yes","Yes","51.16261099783549","-114.15961936733541","POINT (-114.15961936733541 51.16261099783549)","1","1091","1109701001"
"2004-09-28","130 AVENUE","DEERFOOT TRAIL","SE","Traffic signal","Yes","No","No","50.93192977863647","-113.9734328164906","POINT (-113.9734328164906 50.93192977863647)","1","0852","1109001731"
"2023-11-06","36 AVENUE","14 STREET","SW","Pedestrian RRFB","Yes","No","No","51.02170007285437","-114.09466882848031","POINT (-114.09466882848031 51.02170007285437)","1","B0107","1110433847"
"2024-07-30"," 7171"," 80 AVENUE","NE","Traffic signal T intersection","Yes","Yes","Yes","51.12519985994635","-113.93249993812803","POINT (-113.93249993812803 51.12519985994635)","1","1203","1110245485"
"2018-06-12"," 80 AVENUE"," 36 STREET","NE","Traffic signal","Yes","Yes","No","51.12527106672787","-113.98163729259436","POINT (-113.98163729259436 51.12527106672787)","1","1036","1109000707"
"2017-11-05","SADDLEHORN DRIVE/SADDLEMONT WAY","SADDLEMONT BOULEVARD","NE","Pedestrian RRFB","Yes","No","No","51.128677285895925","-113.94122658802027","POINT (-113.94122658802027 51.128677285895925)","1","B2807","1109993205"
"2020-02-25"," 11 AVENUE","  3 STREET","SE","Traffic signal","No","Yes","Yes","51.04216388448042","-114.05588458215814","POINT (-114.05588458215814 51.04216388448042)","1","0991","1109001587"
"1956-01-01","  9 AVENUE","  1 STREET","SW","Traffic signal","No","Yes","No","51.04468310246402","-114.06557029595662","POINT (-114.06557029595662 51.04468310246402)","1","0377","1109001251"
"1979-01-01"," 12 AVENUE/MARBANK DRIVE"," 36 STREET","NE","Traffic signal","Yes","Yes","No","51.06263455656037","-113.98172509215827","POINT (-113.98172509215827 51.06263455656037)","1","0218","1109001687"
"2026-07-22","EVANSPARK MANOR","EVANSTON DRIVE","NW","Pedestrian RRFB",,"No","No","51.17391996886813","-114.11219111311812","POINT (-114.11219111311812 51.17391996886813)","1","B0135","1110482669"
"1972-01-01","  7 AVENUE","  3 STREET","SE","Traffic signal","No","Yes","Yes","51.046306434159355","-114.05557554834358","POINT (-114.05557554834358 51.046306434159355)","1","0344","1109001371"
"2015-01-26","BOW BOTTOM TRAIL","137 AVENUE","SE","Pedestrian RRFB","Yes","No","No","50.92733962688186","-114.03009524588805","POINT (-114.03009524588805 50.92733962688186)","1","B2747","1109626187"
"1954-01-01","KENSINGTON ROAD"," 14 STREET","NW","Traffic signal","No","Yes","No","51.05252778419731","-114.09469607853137","POINT (-114.09469607853137 51.05252778419731)","1","0246","1109000945"
"2025-01-17","194 AVENUE","SHERIFF KING STREET","SW","Traffic signal","Yes","Yes","Yes","50.8774685262773","-114.07092269678594","POINT (-114.07092269678594 50.8774685262773)","1","1282","1110175614"
"1995-09-25","RICHARDSON WAY","RICHARD ROAD","SW","Traffic signal","Yes","No","No","51.01231847152459","-114.12238684600565","POINT (-114.12238684600565 51.01231847152459)","1","0791","1109000764"
"2005-02-09","COUNTRY HILLS BOULEVARD","COVENTRY HILLS BOULEVARD","NE","Traffic signal T intersection","Yes","No","No","51.15421061206683","-114.05247454616007","POINT (-114.05247454616007 51.15421061206683)","1","0931","1109001399"
"1978-01-01","SACRAMENTO DR/SOUTHAMPTON DR","ELBOW DRIVE","SW","Traffic signal","Yes","Yes","Yes","50.95309179694071","-114.0844987387958","POINT (-114.0844987387958 50.95309179694071)","1","0715","1109001002"
